time_s,gpu,temperature_c,voltage_v
0.0,0,25.0,0.6
0.001,0,25.00252827654496,0.6
0.002,0,25.005055274611,0.6
0.003,0,25.007580994844606,0.6
0.004,0,25.010105437891948,0.6
0.005,0,25.01262860439886,0.6
0.006,0,25.015150495010854,0.6
0.007,0,25.017671110373115,0.6
0.008,0,25.0201904511305,0.6
0.009000000000000001,0,25.02270851792754,0.6
0.01,0,25.025225311408445,0.6
0.011,0,25.02774083221709,0.6
0.012,0,25.030255080997037,0.6
0.013000000000000001,0,25.03276805839151,0.6
0.014,0,25.035279765043416,0.6
0.015,0,25.03779020159533,0.6
0.016,0,25.040299368689514,0.6
0.017,0,25.042807266967888,0.6
0.018000000000000002,0,25.061866264548932,0.88
0.019,0,25.08821894730903,0.88
0.02,0,25.11455830425257,0.88
0.021,0,25.140884342118042,0.88
0.022,0,25.167197067640544,0.88
0.023,0,25.193496487551748,0.88
0.024,0,25.219782608579926,0.88
0.025,0,25.246055437449968,0.88
0.026000000000000002,0,25.27231498088333,0.88
0.027,0,25.298561245598094,0.88
0.028,0,25.32479423830894,0.88
0.029,0,25.351013965727148,0.88
0.03,0,25.377220434560613,0.88
0.031,0,25.403413651513816,0.88
0.032,0,25.42959362328787,0.88
0.033,0,25.455760356580505,0.88
0.034,0,25.48191385808603,0.88
0.035,0,25.508054134495417,0.88
0.036000000000000004,0,25.534181192496206,0.88
0.037,0,25.56029503877258,0.88
0.038,0,25.586395680005353,0.88
0.039,0,25.612483122871936,0.88
0.04,0,25.63855737404638,0.88
0.041,0,25.664618440199348,0.88
0.042,0,25.690666327998137,0.88
0.043000000000000003,0,25.716701044106685,0.88
0.044,0,25.742722595185548,0.88
0.045,0,25.7687309878919,0.88
0.046,0,25.79472622887957,0.88
0.047,0,25.82070832479902,0.88
0.048,0,25.846677282297343,0.88
0.049,0,25.87263310801827,0.88
0.05,0,25.898575808602175,0.88
0.051000000000000004,0,25.924505390686065,0.88
0.052000000000000005,0,25.950421860903617,0.88
0.053,0,25.97632522588512,0.88
0.054,0,25.998675838843532,0.6
0.055,0,26.000699112875107,0.6
0.056,0,26.002721363793444,0.6
0.057,0,26.004742592115903,0.6
0.058,0,26.00676279835958,0.6
0.059000000000000004,0,26.00878198304132,0.6
0.06,0,26.01080014667769,0.6
0.061,0,26.012817289785,0.6
0.062,0,26.014833412879312,0.6
0.063,0,26.01684851647642,0.6
0.064,0,26.018862601091847,0.6
0.065,0,26.02087566724087,0.6
0.066,0,26.022887715438493,0.6
0.067,0,26.02489874619947,0.6
0.068,0,26.02690876003829,0.6
0.069,0,26.02891775746918,0.6
0.07,0,26.030925739006115,0.6
0.07100000000000001,0,26.032932705162796,0.6
0.07200000000000001,0,26.034938656452677,0.6
0.073,0,26.036943593388948,0.6
0.074,0,26.038947516484537,0.6
0.075,0,26.04095042625212,0.6
0.076,0,26.0429523232041,0.6
0.077,0,26.04495320785264,0.6
0.078,0,26.046953080709628,0.6
0.079,0,26.048951942286696,0.6
0.08,0,26.050949793095224,0.6
0.081,0,26.052946633646332,0.6
0.082,0,26.05494246445087,0.6
0.083,0,26.056937286019448,0.6
0.084,0,26.058931098862406,0.6
0.085,0,26.060923903489826,0.6
0.08600000000000001,0,26.062915700411533,0.6
0.08700000000000001,0,26.0649064901371,0.6
0.088,0,26.06689627317584,0.6
0.089,0,26.068885050036798,0.6
0.09,0,26.07087282122878,0.6
0.091,0,26.072859587260314,0.6
0.092,0,26.07484534863969,0.6
0.093,0,26.07683010587493,0.6
0.094,0,26.095077094528783,0.88
0.095,0,26.120907311393843,0.88
0.096,0,26.146724466638766,0.88
0.097,0,26.172528566868465,0.88
0.098,0,26.198319618684486,0.88
0.099,0,26.22409762868505,0.88
0.1,0,26.249862603465047,0.88
0.101,0,26.275614549616016,0.88
0.10200000000000001,0,26.301353473726174,0.88
0.10300000000000001,0,26.327079382380397,0.88
0.10400000000000001,0,26.35279228216025,0.88
0.105,0,26.37849217964395,0.88
0.106,0,26.404179081406397,0.88
0.107,0,26.42985299401917,0.88
0.108,0,26.455513924050514,0.88
0.109,0,26.481161878065357,0.88
0.11,0,26.506796862625308,0.88
0.111,0,26.532418884288667,0.88
0.112,0,26.5580279496104,0.88
0.113,0,26.583624065142175,0.88
0.114,0,26.609207237432337,0.88
0.115,0,26.634777473025913,0.88
0.116,0,26.660334778464645,0.88
0.117,0,26.685879160286945,0.88
0.11800000000000001,0,26.711410625027916,0.88
0.11900000000000001,0,26.73692917921938,0.88
0.12,0,26.76243482938984,0.88
0.121,0,26.78792758206449,0.88
0.122,0,26.813407443765236,0.88
0.123,0,26.838874421010694,0.88
0.124,0,26.864328520316164,0.88
0.125,0,26.889769748193665,0.88
0.126,0,26.915198111151916,0.88
0.127,0,26.94061361569635,0.88
0.128,0,26.966016268329106,0.88
0.129,0,26.99140607554905,0.88
0.13,0,27.01678304385173,0.88
0.131,0,27.042147179729433,0.88
0.132,0,27.067498489671166,0.88
0.133,0,27.092836980162637,0.88
0.134,0,27.09973097267473,0.6
0.135,0,27.101197473839342,0.6
0.136,0,27.102663233435223,0.6
0.137,0,27.104128251837363,0.6
0.138,0,27.105592529420566,0.6
0.139,0,27.10705606655944,0.6
0.14,0,27.10851886362841,0.6
0.14100000000000001,0,27.109980921001707,0.6
0.14200000000000002,0,27.120331998386007,0.88
0.14300000000000002,0,27.14564377244593,0.88
0.14400000000000002,0,27.17094274704779,0.88
0.145,0,27.196228928663913,0.88
0.146,0,27.22150232376336,0.88
0.147,0,27.246762938811905,0.88
0.148,0,27.272010780272083,0.88
0.149,0,27.29724585460312,0.88
0.15,0,27.32246816826101,0.88
0.151,0,27.347677727698475,0.88
0.152,0,27.37287453936495,0.88
0.153,0,27.398058609706638,0.88
0.154,0,27.423229945166476,0.88
0.155,0,27.448388552184127,0.88
0.156,0,27.473534437196008,0.88
0.157,0,27.4986676066353,0.88
0.158,0,27.5237880669319,0.88
0.159,0,27.54889582451247,0.88
0.16,0,27.57160809183291,0.6
0.161,0,27.572835977901494,0.6
0.162,0,27.574063243062348,0.6
0.163,0,27.575289887629445,0.6
0.164,0,27.5765159119166,0.6
0.165,0,27.57774131623748,0.6
0.166,0,27.57896610090557,0.6
0.167,0,27.580190266234222,0.6
0.168,0,27.581413812536617,0.6
0.169,0,27.59933367314885,0.88
0.17,0,27.62440322942372,0.88
0.171,0,27.649460108723304,0.88
0.17200000000000001,0,27.674504317457995,0.88
0.17300000000000001,0,27.699535862034935,0.88
0.17400000000000002,0,27.724554748858054,0.88
0.17500000000000002,0,27.749560984328014,0.88
0.176,0,27.77455457484225,0.88
0.177,0,27.799535526794962,0.88
0.178,0,27.824503846577123,0.88
0.179,0,27.84945954057647,0.88
0.18,0,27.87440261517751,0.88
0.181,0,27.899333076761515,0.88
0.182,0,27.92425093170653,0.88
0.183,0,27.9491561863874,0.88
0.184,0,27.974048847175716,0.88
0.185,0,27.99892892043986,0.88
0.186,0,28.023796412544982,0.88
0.187,0,28.048651329853037,0.88
0.188,0,28.07349367872274,0.88
0.189,0,28.09832346550961,0.88
0.19,0,28.123140696565933,0.88
0.191,0,28.14794537824079,0.88
0.192,0,28.172737516880055,0.88
0.193,0,28.197517118826397,0.88
0.194,0,28.222284190419266,0.88
0.195,0,28.241185450797396,0.6
0.196,0,28.242074750273584,0.6
0.197,0,28.242963600055838,0.6
0.198,0,28.24385200037155,0.6
0.199,0,28.244739951448004,0.6
0.2,0,28.24562745351237,0.6
0.201,0,28.246514506791694,0.6
0.202,0,28.247401111512925,0.6
0.203,0,28.248287267902878,0.6
0.20400000000000001,0,28.249172976188262,0.6
0.20500000000000002,0,28.250058236595677,0.6
0.20600000000000002,0,28.250943049351598,0.6
0.20700000000000002,0,28.257680701879913,0.88
0.20800000000000002,0,28.28241735042711,0.88
0.209,0,28.307141490341174,0.88
0.21,0,28.331853127947376,0.88
0.211,0,28.356552269567764,0.88
0.212,0,28.38123892152123,0.88
0.213,0,28.40591309012345,0.88
0.214,0,28.430574781686893,0.88
0.215,0,28.455224002520858,0.88
0.216,0,28.479860758931444,0.88
0.217,0,28.504485057221565,0.88
0.218,0,28.529096903690935,0.88
0.219,0,28.553696304636105,0.88
0.22,0,28.578283266350425,0.88
0.221,0,28.60285779512406,0.88
0.222,0,28.62741989724401,0.88
0.223,0,28.651969578994084,0.88
0.224,0,28.67650684665491,0.88
0.225,0,28.70103170650396,0.88
0.226,0,28.72554416481551,0.88
0.227,0,28.750044227860677,0.88
0.228,0,28.774531901907395,0.88
0.229,0,28.799007193220433,0.88
0.23,0,28.823470108061407,0.88
0.231,0,28.847920652688735,0.88
0.232,0,28.87235883335771,0.88
0.233,0,28.89678465632042,0.88
0.234,0,28.90233276478793,0.6
0.23500000000000001,0,28.902887740510305,0.6
0.23600000000000002,0,28.903442435596943,0.6
0.23700000000000002,0,28.90399685018975,0.6
0.23800000000000002,0,28.904550984430557,0.6
0.23900000000000002,0,28.905104838461142,0.6
0.24,0,28.90565841242319,0.6
0.241,0,28.90621170645833,0.6
0.242,0,28.906764720708107,0.6
0.243,0,28.907317455314008,0.6
0.244,0,28.90786991041744,0.6
0.245,0,28.90842208615973,0.6
0.246,0,28.908973982682156,0.6
0.247,0,28.909525600125903,0.6
0.248,0,28.910076938632095,0.6
0.249,0,28.910627998341788,0.6
0.25,0,28.911178779395954,0.6
0.251,0,28.911729281935507,0.6
0.252,0,28.91227950610128,0.6
0.253,0,28.912829452034046,0.6
0.254,0,28.91337911987449,0.6
0.255,0,28.91392850976324,0.6
0.256,0,28.914477621840852,0.6
0.257,0,28.915026456247805,0.6
0.258,0,28.915575013124506,0.6
0.259,0,28.916123292611296,0.6
0.26,0,28.916671294848445,0.6
0.261,0,28.917219019976148,0.6
0.262,0,28.917766468134534,0.6
0.263,0,28.918313639463655,0.6
0.264,0,28.9188605341035,0.6
0.265,0,28.919407152193983,0.6
0.266,0,28.919953493874946,0.6
0.267,0,28.920499559286156,0.6
0.268,0,28.921045348567326,0.6
0.269,0,28.92159086185808,0.6
0.27,0,28.92213609929798,0.6
0.271,0,28.922681061026516,0.6
0.272,0,28.923225747183107,0.6
0.273,0,28.923770157907104,0.6
0.274,0,28.92431429333778,0.6
0.275,0,28.924858153614352,0.6
0.276,0,28.92540173887595,0.6
0.277,0,28.92594504926165,0.6
0.278,0,28.935435182587213,0.88
0.279,0,28.959829109599653,0.88
0.28,0,28.98421070128368,0.88
0.281,0,29.00857996387692,0.88
0.28200000000000003,0,29.03293690361385,0.88
0.28300000000000003,0,29.05728152672581,0.88
0.28400000000000003,0,29.081613839440955,0.88
0.28500000000000003,0,29.10593384798431,0.88
0.28600000000000003,0,29.130241558577765,0.88
0.28700000000000003,0,29.15453697744004,0.88
0.28800000000000003,0,29.178820110786724,0.88
0.289,0,29.203090964830253,0.88
0.29,0,29.227349545779944,0.88
0.291,0,29.25159585984194,0.88
0.292,0,29.275829913219283,0.88
0.293,0,29.300051712111838,0.88
0.294,0,29.32426126271637,0.88
0.295,0,29.348458571226494,0.88
0.296,0,29.37264364383269,0.88
0.297,0,29.396816486722315,0.88
0.298,0,29.420977106079604,0.88
0.299,0,29.445125508085653,0.88
0.3,0,29.46926169891843,0.88
0.301,0,29.493385684752788,0.88
0.302,0,29.517497471760457,0.88
0.303,0,29.541597066110036,0.88
0.304,0,29.565684473967025,0.88
0.305,0,29.589759701493776,0.88
0.306,0,29.613822754849558,0.88
0.307,0,29.6378736401905,0.88
0.308,0,29.66191236366963,0.88
0.309,0,29.68593893143686,0.88
0.31,0,29.709953349639008,0.88
0.311,0,29.73395562441975,0.88
0.312,0,29.757945761919686,0.88
0.313,0,29.7819237682763,0.88
0.314,0,29.80588964962398,0.88
0.315,0,29.829843412093986,0.88
0.316,0,29.853785061814506,0.88
0.317,0,29.87771460491063,0.88
0.318,0,29.90163204750433,0.88
0.319,0,29.925537395714485,0.88
0.32,0,29.949430655656904,0.88
0.321,0,29.97331183344427,0.88
0.322,0,29.997180935186208,0.88
0.323,0,30.021037966989233,0.88
0.324,0,30.044882934956767,0.88
0.325,0,30.06871584518916,0.88
0.326,0,30.09253670378368,0.88
0.327,0,30.116345516834492,0.88
0.328,0,30.1401422904327,0.88
0.329,0,30.163927030666315,0.88
0.33,0,30.18769974362028,0.88
0.331,0,30.211460435376445,0.88
0.332,0,30.2352091120136,0.88
0.333,0,30.25894577960745,0.88
0.334,0,30.282670444230646,0.88
0.335,0,30.306383111952748,0.88
0.336,0,30.33008378884025,0.88
0.337,0,30.353772480956586,0.88
0.338,0,30.37744919436213,0.88
0.339,0,30.40111393511416,0.88
0.34,0,30.424766709266933,0.88
0.341,0,30.448407522871612,0.88
0.342,0,30.472036381976324,0.88
0.343,0,30.495653292626116,0.88
0.34400000000000003,0,30.519258260862998,0.88
0.34500000000000003,0,30.5428512927259,0.88
0.34600000000000003,0,30.566432394250725,0.88
0.34700000000000003,0,30.590001571470317,0.88
0.34800000000000003,0,30.613558830414448,0.88
0.34900000000000003,0,30.63710417710987,0.88
0.35000000000000003,0,30.660637617580278,0.88
0.35100000000000003,0,30.684159157846295,0.88
0.352,0,30.70766880392555,0.88
0.353,0,30.731166561832595,0.88
0.354,0,30.754652437578933,0.88
0.355,0,30.778126437173057,0.88
0.356,0,30.801588566620396,0.88
0.357,0,30.825038831923358,0.88
0.358,0,30.848477239081305,0.88
0.359,0,30.87190379409057,0.88
0.36,0,30.895318502944463,0.88
0.361,0,30.918721371633247,0.88
0.362,0,30.94211240614416,0.88
0.363,0,30.965491612461427,0.88
0.364,0,30.988858996566222,0.88
0.365,0,31.012214564436718,0.88
0.366,0,31.035558322048047,0.88
0.367,0,31.058890275372335,0.88
0.368,0,31.08221043037868,0.88
0.369,0,31.105518793033156,0.88
0.37,0,31.128815369298827,0.88
0.371,0,31.15210016513575,0.88
0.372,0,31.175373186500963,0.88
0.373,0,31.19863443934846,0.88
0.374,0,31.22188392962928,0.88
0.375,0,31.238343451699837,0.6
0.376,0,31.237717171981462,0.6
0.377,0,31.237091208955267,0.6
0.378,0,31.236465562461113,0.6
0.379,0,31.23584023233894,0.6
0.38,0,31.235215218428767,0.6
0.381,0,31.23459052057069,0.6
0.382,0,31.2339661386049,0.6
0.383,0,31.23334207237165,0.6
0.384,0,31.253809338639478,0.88
0.385,0,31.277030928512836,0.88
0.386,0,31.300240775875977,0.88
0.387,0,31.32343888666675,0.88
0.388,0,31.346625266820013,0.88
0.389,0,31.369799922267617,0.88
0.39,0,31.392962858938432,0.88
0.391,0,31.4161140827583,0.88
0.392,0,31.4392535996501,0.88
0.393,0,31.46238141553369,0.88
0.394,0,31.485497536325937,0.88
0.395,0,31.508601967940734,0.88
0.396,0,31.531694716288968,0.88
0.397,0,31.554775787278537,0.88
0.398,0,31.577845186814358,0.88
0.399,0,31.60090292079837,0.88
0.4,0,31.623948995129503,0.88
0.401,0,31.646983415703716,0.88
0.402,0,31.670006188414,0.88
0.403,0,31.693017319150357,0.88
0.404,0,31.716016813799797,0.88
0.405,0,31.739004678246367,0.88
0.406,0,31.761980918371144,0.88
0.40700000000000003,0,31.78494554005222,0.88
0.40800000000000003,0,31.807898549164705,0.88
0.40900000000000003,0,31.830839951580764,0.88
0.41000000000000003,0,31.853769753169587,0.88
0.41100000000000003,0,31.876687959797373,0.88
0.41200000000000003,0,31.899594577327377,0.88
0.41300000000000003,0,31.92248961161988,0.88
0.41400000000000003,0,31.945373068532206,0.88
0.41500000000000004,0,31.968244953918713,0.88
0.41600000000000004,0,31.991105273630794,0.88
0.417,0,32.013954033516896,0.88
0.418,0,32.03679123942249,0.88
0.419,0,32.05961689719011,0.88
0.42,0,32.08243101265933,0.88
0.421,0,32.10523359166675,0.88
0.422,0,32.12802464004606,0.88
0.423,0,32.15080416362796,0.88
0.424,0,32.173572168240234,0.88
0.425,0,32.19632865970768,0.88
0.426,0,32.219073643852205,0.88
0.427,0,32.24180712649272,0.88
0.428,0,32.26452911344522,0.88
0.429,0,32.287239610522754,0.88
0.43,0,32.30993862353542,0.88
0.431,0,32.33262615829042,0.88
0.432,0,32.35530222059196,0.88
0.433,0,32.37796681624135,0.88
0.434,0,32.400619951036944,0.88
0.435,0,32.42326163077419,0.88
0.436,0,32.4458918612456,0.88
0.437,0,32.46851064824072,0.88
0.438,0,32.49111799754623,0.88
0.439,0,32.51371391494583,0.88
0.44,0,32.53629840622032,0.88
0.441,0,32.55887147714757,0.88
0.442,0,32.58143313350253,0.88
0.443,0,32.60398338105724,0.88
0.444,0,32.62652222558081,0.88
0.445,0,32.64904967283942,0.88
0.446,0,32.67156572859637,0.88
0.447,0,32.69407039861201,0.88
0.448,0,32.716563688643795,0.88
0.449,0,32.73904560444627,0.88
0.45,0,32.76151615177106,0.88
0.451,0,32.7839753363669,0.88
0.452,0,32.80642316397958,0.88
0.453,0,32.828859640352036,0.88
0.454,0,32.85128477122425,0.88
0.455,0,32.873698562333345,0.88
0.456,0,32.896101019413514,0.88
0.457,0,32.91849214819606,0.88
0.458,0,32.94087195440938,0.88
0.459,0,32.963240443779,0.88
0.46,0,32.98559762202751,0.88
0.461,0,33.007943494874645,0.88
0.462,0,33.03027806803723,0.88
0.463,0,33.052601347229185,0.88
0.464,0,33.074913338161565,0.88
0.465,0,33.09721404654253,0.88
0.466,0,33.11950347807736,0.88
0.467,0,33.14178163846843,0.88
0.468,0,33.16404853341524,0.88
0.46900000000000003,0,33.18630416861442,0.88
0.47000000000000003,0,33.208548549759705,0.88
0.47100000000000003,0,33.23078168254196,0.88
0.47200000000000003,0,33.253003572649156,0.88
0.47300000000000003,0,33.27521422576642,0.88
0.47400000000000003,0,33.29741364757597,0.88
0.47500000000000003,0,33.31960184375717,0.88
0.47600000000000003,0,33.34177881998651,0.88
0.47700000000000004,0,33.3639445819376,0.88
0.47800000000000004,0,33.38609913528119,0.88
0.47900000000000004,0,33.408242485685165,0.88
0.48,0,33.430374638814534,0.88
0.481,0,33.452495600331446,0.88
0.482,0,33.47460537589519,0.88
0.483,0,33.49670397116219,0.88
0.484,0,33.51879139178601,0.88
0.485,0,33.54086764341735,0.88
0.486,0,33.562932731704066,0.88
0.487,0,33.58498666229115,0.88
0.488,0,33.607029440820725,0.88
0.489,0,33.629061072932096,0.88
0.49,0,33.65108156426169,0.88
0.491,0,33.67309092044307,0.88
0.492,0,33.695089147107005,0.88
0.493,0,33.71707624988135,0.88
0.494,0,33.73905223439116,0.88
0.495,0,33.76101710625863,0.88
0.496,0,33.78297087110311,0.88
0.497,0,33.794665153082505,0.6
0.498,0,33.79274621278899,0.6
0.499,0,33.79082824285005,0.6
0.5,0,33.788911242775,0.6
0.501,0,33.78699521207342,0.6
0.502,0,33.78508015025511,0.6
0.503,0,33.783166056830154,0.6
0.504,0,33.781252931308835,0.6
0.505,0,33.78004557316793,0.88
0.506,0,33.801989715847505,0.88
0.507,0,33.82392276198626,0.88
0.508,0,33.84584471719541,0.88
0.509,0,33.86775558708333,0.88
0.51,0,33.88965537725556,0.88
0.511,0,33.91154409331479,0.88
0.512,0,33.933421740860915,0.88
0.513,0,33.95528832549095,0.88
0.514,0,33.97714385279911,0.88
0.515,0,33.998988328376775,0.88
0.516,0,34.0208217578125,0.88
0.517,0,34.022420448868544,0.6
0.518,0,34.02038633907524,0.6
0.519,0,34.018353257874516,0.6
0.52,0,34.01632120474624,0.6
0.521,0,34.014290179170544,0.6
0.522,0,34.012260180627834,0.6
0.523,0,34.01023120859875,0.6
0.524,0,34.00820326256423,0.6
0.525,0,34.006176342005446,0.6
0.526,0,34.00415044640385,0.6
0.527,0,34.002125575241145,0.6
0.528,0,34.00010172799931,0.6
0.529,0,34.018302601984026,0.88
0.53,0,34.04012626473036,0.88
0.531,0,34.06193889185923,0.88
0.532,0,34.08374048895102,0.88
0.533,0,34.10553106158333,0.88
0.534,0,34.127310615330906,0.88
0.535,0,34.149079155765705,0.88
0.536,0,34.170836688456845,0.88
0.537,0,34.19258321897063,0.88
0.538,0,34.21431875287056,0.88
0.539,0,34.236043295717316,0.88
0.54,0,34.25775685306877,0.88
0.541,0,34.279459430479974,0.88
0.542,0,34.301151033503174,0.88
0.543,0,34.32283166768783,0.88
0.544,0,34.34450133858055,0.88
0.545,0,34.366160051725196,0.88
0.546,0,34.38780781266277,0.88
0.547,0,34.40944462693152,0.88
0.548,0,34.431070500066845,0.88
0.549,0,34.45268543760139,0.88
0.55,0,34.474289445064976,0.88
0.551,0,34.49588252798464,0.88
0.552,0,34.51746469188461,0.88
0.553,0,34.53903594228635,0.88
0.554,0,34.56059628470849,0.88
0.555,0,34.582145724666894,0.88
0.556,0,34.60368426767464,0.88
0.557,0,34.62521191924201,0.88
0.558,0,34.6467286848765,0.88
0.559,0,34.668234570082824,0.88
0.56,0,34.689729580362915,0.88
0.561,0,34.71121372121592,0.88
0.562,0,34.73268699813819,0.88
0.5630000000000001,0,34.754149416623335,0.88
0.5640000000000001,0,34.775600982162146,0.88
0.5650000000000001,0,34.79704170024266,0.88
0.5660000000000001,0,34.818471576350134,0.88
0.5670000000000001,0,34.83989061596706,0.88
0.5680000000000001,0,34.86129882457313,0.88
0.5690000000000001,0,34.8826962076453,0.88
0.5700000000000001,0,34.904082770657745,0.88
0.5710000000000001,0,34.92545851908184,0.88
0.5720000000000001,0,34.94682345838625,0.88
0.5730000000000001,0,34.96530362872536,0.6
0.5740000000000001,0,34.962792729209966,0.6
0.5750000000000001,0,34.960283099386416,0.6
0.5760000000000001,0,34.95777473861266,0.6
0.577,0,34.95526764624698,0.6
0.578,0,34.952761821647975,0.6
0.579,0,34.95025726417457,0.6
0.58,0,34.94775397318601,0.6
0.581,0,34.94525194804187,0.6
0.582,0,34.94275118810205,0.6
0.583,0,34.940251692726775,0.6
0.584,0,34.93775346127659,0.6
0.585,0,34.93525649311236,0.6
0.586,0,34.93276078759528,0.6
0.587,0,34.93026634408685,0.6
0.588,0,34.927773161948934,0.6
0.589,0,34.92528124054367,0.6
0.59,0,34.93043635722674,0.88
0.591,0,34.951798779377256,0.88
0.592,0,34.9731503991468,0.88
0.593,0,34.99449122199783,0.88
0.594,0,35.015821253390065,0.88
0.595,0,35.03714049878043,0.88
0.596,0,35.0584489636231,0.88
0.597,0,35.07974665336951,0.88
0.598,0,35.101033573468314,0.88
0.599,0,35.12230972936543,0.88
0.6,0,35.14357512650402,0.88
0.601,0,35.16482977032447,0.88
0.602,0,35.18607366626445,0.88
0.603,0,35.20730681975885,0.88
0.604,0,35.228529236239844,0.88
0.605,0,35.24974092113682,0.88
0.606,0,35.270941879876446,0.88
0.607,0,35.29213211788265,0.88
0.608,0,35.3133116405766,0.88
0.609,0,35.334480453376734,0.88
0.61,0,35.35563856169874,0.88
0.611,0,35.37678597095559,0.88
0.612,0,35.39792268655748,0.88
0.613,0,35.4190487139119,0.88
0.614,0,35.440164058423605,0.88
0.615,0,35.46126872549461,0.88
0.616,0,35.4823627205242,0.88
0.617,0,35.50344604890893,0.88
0.618,0,35.524518716042614,0.88
0.619,0,35.545580727316356,0.88
0.62,0,35.56663208811853,0.88
0.621,0,35.58767280383478,0.88
0.622,0,35.608702879848025,0.88
0.623,0,35.62972232153847,0.88
0.624,0,35.650731134283596,0.88
0.625,0,35.671729323458166,0.88
0.626,0,35.69271689443421,0.88
0.627,0,35.71369385258108,0.88
0.628,0,35.73466020326536,0.88
0.629,0,35.75561595185097,0.88
0.63,0,35.77656110369909,0.88
0.631,0,35.797495664168174,0.88
0.632,0,35.81841963861402,0.88
0.633,0,35.83933303238965,0.88
0.634,0,35.86023585084545,0.88
0.635,0,35.88112809932903,0.88
0.636,0,35.90200978318536,0.88
0.637,0,35.92288090775666,0.88
0.638,0,35.94374147838247,0.88
0.639,0,35.96459150039962,0.88
0.64,0,35.985430979142265,0.88
0.641,0,36.006259919941826,0.88
0.642,0,36.02707832812705,0.88
0.643,0,36.047886209023986,0.88
0.644,0,36.068683567956,0.88
0.645,0,36.089470410243756,0.88
0.646,0,36.11024674120521,0.88
0.647,0,36.13101256615566,0.88
0.648,0,36.151767890407704,0.88
0.649,0,36.172512719271246,0.88
0.65,0,36.19324705805352,0.88
0.651,0,36.213970912059054,0.88
0.652,0,36.23468428658972,0.88
0.653,0,36.25538718694469,0.88
0.654,0,36.25542225905058,0.6
0.655,0,36.25225898253203,0.6
0.656,0,36.24909730559416,0.6
0.657,0,36.245937227428136,0.6
0.658,0,36.242778747225486,0.6
0.659,0,36.23962186417816,0.6
0.66,0,36.23646657747854,0.6
0.661,0,36.233312886319375,0.6
0.662,0,36.24127667392879,0.88
0.663,0,36.26197624069738,0.88
0.664,0,36.282665340272466,0.88
0.665,0,36.30334397794704,0.88
0.666,0,36.32401215901136,0.88
0.667,0,36.34466988875307,0.88
0.668,0,36.365317172457104,0.88
0.669,0,36.38595401540572,0.88
0.67,0,36.406580422878534,0.88
0.671,0,36.42719640015247,0.88
0.672,0,36.447801952501784,0.88
0.673,0,36.46839708519808,0.88
0.674,0,36.48898180351026,0.88
0.675,0,36.50955611270462,0.88
0.676,0,36.53012001804474,0.88
0.677,0,36.55067352479157,0.88
0.678,0,36.57121663820338,0.88
0.679,0,36.59174936353579,0.88
0.68,0,36.612271706041774,0.88
0.681,0,36.63278367097162,0.88
0.682,0,36.65328526357299,0.88
0.683,0,36.67377648909088,0.88
0.684,0,36.69425735276763,0.88
0.685,0,36.714727859842945,0.88
0.686,0,36.73518801555386,0.88
0.687,0,36.75563782513477,0.88
0.6880000000000001,0,36.77607729381742,0.88
0.6890000000000001,0,36.79650642683093,0.88
0.6900000000000001,0,36.816925229401754,0.88
0.6910000000000001,0,36.837333706753704,0.88
0.6920000000000001,0,36.85773186410796,0.88
0.6930000000000001,0,36.878119706683044,0.88
0.6940000000000001,0,36.89849723969487,0.88
0.6950000000000001,0,36.91886446835669,0.88
0.6960000000000001,0,36.939221397879116,0.88
0.6970000000000001,0,36.95956803347015,0.88
0.6980000000000001,0,36.979904380335135,0.88
0.6990000000000001,0,37.0002304436768,0.88
0.7000000000000001,0,37.02054622869524,0.88
0.7010000000000001,0,37.040851740587904,0.88
0.7020000000000001,0,37.06114698454963,0.88
0.7030000000000001,0,37.08143196577263,0.88
0.704,0,37.10170668944647,0.88
0.705,0,37.12197116075813,0.88
0.706,0,37.14222538489193,0.88
0.707,0,37.16246936702957,0.88
0.708,0,37.18270311235017,0.88
0.709,0,37.20292662603018,0.88
0.71,0,37.205518268450405,0.6
0.711,0,37.20187455488306,0.6
0.712,0,37.19823268384003,0.6
0.713,0,37.194592654389595,0.6
0.714,0,37.19095446560052,0.6
0.715,0,37.187318116542016,0.6
0.716,0,37.1836836062838,0.6
0.717,0,37.180050933896034,0.6
0.718,0,37.18449965365956,0.88
0.719,0,37.204722258878746,0.88
0.72,0,37.22493463809059,0.88
0.721,0,37.245136796466085,0.88
0.722,0,37.26532873917364,0.88
0.723,0,37.28551047137903,0.88
0.724,0,37.30568199824542,0.88
0.725,0,37.32584332493335,0.88
0.726,0,37.34599445660079,0.88
0.727,0,37.36613539840307,0.88
0.728,0,37.386266155492905,0.88
0.729,0,37.40638673302045,0.88
0.73,0,37.42649713613319,0.88
0.731,0,37.446597369976075,0.88
0.732,0,37.4666874396914,0.88
0.733,0,37.48676735041889,0.88
0.734,0,37.50683710729565,0.88
0.735,0,37.52689671545622,0.88
0.736,0,37.546946180032506,0.88
0.737,0,37.56698550615384,0.88
0.738,0,37.58701469894696,0.88
0.739,0,37.607033763536,0.88
0.74,0,37.62704270504252,0.88
0.741,0,37.64704152858547,0.88
0.742,0,37.667030239281225,0.88
0.743,0,37.68700884224357,0.88
0.744,0,37.70697734258371,0.88
0.745,0,37.72693574541026,0.88
0.746,0,37.746884055829234,0.88
0.747,0,37.766822278944105,0.88
0.748,0,37.78675041985572,0.88
0.749,0,37.80666848366238,0.88
0.75,0,37.82657647545979,0.88
0.751,0,37.84647440034109,0.88
0.752,0,37.86636226339682,0.88
0.753,0,37.886240069715,0.88
0.754,0,37.90610782438101,0.88
0.755,0,37.90704284322237,0.6
0.756,0,37.90304438824678,0.6
0.757,0,37.899047955178325,0.6
0.758,0,37.895053542994596,0.6
0.759,0,37.891061150673686,0.6
0.76,0,37.8870707771942,0.6
0.761,0,37.88308242153527,0.6
0.762,0,37.87909608267654,0.6
0.763,0,37.8844926225246,0.88
0.764,0,37.90436126082591,0.88
0.765,0,37.92421985211107,0.88
0.766,0,37.944068401460584,0.88
0.767,0,37.963906913952364,0.88
0.768,0,37.983735394661785,0.88
0.769,0,38.00355384866163,0.88
0.77,0,38.02336228102213,0.88
0.771,0,38.04316069681094,0.88
0.772,0,38.062949101093174,0.88
0.773,0,38.08272749893136,0.88
0.774,0,38.10249589538549,0.88
0.775,0,38.122254295512974,0.88
0.776,0,38.14200270436868,0.88
0.777,0,38.16174112700491,0.88
0.778,0,38.18146956847142,0.88
0.779,0,38.20118803381542,0.88
0.78,0,38.22089652808154,0.88
0.781,0,38.24059505631188,0.88
0.782,0,38.260283623546,0.88
0.783,0,38.27996223482088,0.88
0.784,0,38.29963089517098,0.88
0.785,0,38.3192896096282,0.88
0.786,0,38.33893838322191,0.88
0.787,0,38.349196358052495,0.6
0.788,0,38.34497431837843,0.6
0.789,0,38.340754413672066,0.6
0.79,0,38.336536642853794,0.6
0.791,0,38.332321004844566,0.6
0.792,0,38.328107498565885,0.6
0.793,0,38.323896122939786,0.6
0.794,0,38.319686876888866,0.6
0.795,0,38.31547975933626,0.6
0.796,0,38.31127476920564,0.6
0.797,0,38.30707190542123,0.6
0.798,0,38.30287116690779,0.6
0.799,0,38.30805341551707,0.88
0.8,0,38.327707870940706,0.88
0.801,0,38.347352387654496,0.88
0.802,0,38.366986970684174,0.88
0.803,0,38.38661162505293,0.88
0.804,0,38.40622635578139,0.88
0.805,0,38.425831167887694,0.88
0.806,0,38.44542606638739,0.88
0.807,0,38.46501105629353,0.88
0.808,0,38.48458614261659,0.88
0.809,0,38.50415133036456,0.88
0.81,0,38.523706624542854,0.88
0.811,0,38.543252030154385,0.88
0.812,0,38.56278755219952,0.88
0.8130000000000001,0,38.58231319567611,0.88
0.8140000000000001,0,38.60182896557946,0.88
0.8150000000000001,0,38.621334866902366,0.88
0.8160000000000001,0,38.6408309046351,0.88
0.8170000000000001,0,38.65744311845391,0.6
0.8180000000000001,0,38.65306520699174,0.6
0.8190000000000001,0,38.64868950931728,0.6
0.8200000000000001,0,38.64431602431106,0.6
0.8210000000000001,0,38.63994475085421,0.6
0.8220000000000001,0,38.63557568782842,0.6
0.8230000000000001,0,38.63120883411592,0.6
0.8240000000000001,0,38.62684418859953,0.6
0.8250000000000001,0,38.62248175016262,0.6
0.8260000000000001,0,38.61812151768913,0.6
0.8270000000000001,0,38.61376349006358,0.6
0.8280000000000001,0,38.60940766617104,0.6
0.8290000000000001,0,38.60505404489712,0.6
0.8300000000000001,0,38.600702625128044,0.6
0.8310000000000001,0,38.59635340575056,0.6
0.8320000000000001,0,38.59200638565199,0.6
0.833,0,38.587661563720225,0.6
0.834,0,38.5833189388437,0.6
0.835,0,38.57897850991145,0.6
0.836,0,38.57464027581303,0.6
0.837,0,38.57954051039169,0.88
0.838,0,38.59905768236464,0.88
0.839,0,38.61856498504816,0.88
0.84,0,38.638062423432885,0.88
0.841,0,38.6575500025069,0.88
0.842,0,38.67702772725579,0.88
0.843,0,38.6964956026626,0.88
0.844,0,38.71595363370789,0.88
0.845,0,38.73540182536967,0.88
0.846,0,38.75484018262343,0.88
0.847,0,38.77426871044217,0.88
0.848,0,38.79368741379635,0.88
0.849,0,38.813096297653935,0.88
0.85,0,38.832495366980375,0.88
0.851,0,38.851884626738595,0.88
0.852,0,38.871264081889024,0.88
0.853,0,38.89063373738958,0.88
0.854,0,38.90999359819566,0.88
0.855,0,38.92934366926019,0.88
0.856,0,38.94868395553356,0.88
0.857,0,38.96801446196366,0.88
0.858,0,38.98733519349589,0.88
0.859,0,39.006646155073135,0.88
0.86,0,39.02594735163579,0.88
0.861,0,39.045238788121765,0.88
0.862,0,39.064520469466444,0.88
0.863,0,39.08379240060274,0.88
0.864,0,39.10305458646105,0.88
0.865,0,39.1223070319693,0.88
0.866,0,39.1415497420529,0.88
0.867,0,39.1607827216348,0.88
0.868,0,39.18000597563543,0.88
0.869,0,39.18347721399587,0.6
0.87,0,39.178833301765444,0.6
0.871,0,39.17419173783188,0.6
0.872,0,39.16955252100773,0.6
0.873,0,39.16491565010611,0.6
0.874,0,39.16028112394076,0.6
0.875,0,39.15564894132601,0.6
0.876,0,39.15101910107679,0.6
0.877,0,39.15259142713414,0.88
0.878,0,39.171818823243896,0.88
0.879,0,39.1910364965958,0.88
0.88,0,39.210244452106366,0.88
0.881,0,39.229442694689645,0.88
0.882,0,39.24863122925719,0.88
0.883,0,39.26781006071808,0.88
0.884,0,39.28697919397889,0.88
0.885,0,39.30613863394374,0.88
0.886,0,39.325288385514256,0.88
0.887,0,39.34442845358959,0.88
0.888,0,39.363558843066414,0.88
0.889,0,39.38267955883893,0.88
0.89,0,39.40179060579886,0.88
0.891,0,39.42089198883544,0.88
0.892,0,39.43998371283546,0.88
0.893,0,39.459065782683226,0.88
0.894,0,39.45675808350908,0.6
0.895,0,39.45197598076618,0.6
0.896,0,39.44719629619923,0.6
0.897,0,39.44241902858544,0.6
0.898,0,39.43764417670262,0.6
0.899,0,39.4328717393292,0.6
0.9,0,39.42810171524424,0.6
0.901,0,39.42333410322739,0.6
0.902,0,39.43040769271915,0.88
0.903,0,39.44949460489317,0.88
0.904,0,39.468571865348125,0.88
0.905,0,39.48763947896464,0.88
0.906,0,39.50669745062084,0.88
0.907,0,39.5257457851924,0.88
0.908,0,39.544784487552526,0.88
0.909,0,39.563813562571966,0.88
0.91,0,39.582833015118986,0.88
0.911,0,39.6018428500594,0.88
0.912,0,39.62084307225657,0.88
0.913,0,39.63983368657139,0.88
0.914,0,39.658814697862304,0.88
0.915,0,39.67778611098529,0.88
0.916,0,39.69674793079386,0.88
0.917,0,39.71570016213911,0.88
0.918,0,39.73464280986964,0.88
0.919,0,39.753575878831626,0.88
0.92,0,39.772499373868776,0.88
0.921,0,39.791413299822366,0.88
0.922,0,39.81031766153121,0.88
0.923,0,39.829212463831674,0.88
0.924,0,39.8480977115577,0.88
0.925,0,39.866973409540755,0.88
0.926,0,39.88583956260988,0.88
0.927,0,39.904696175591674,0.88
0.928,0,39.9235432533103,0.88
0.929,0,39.94238080058746,0.88
0.93,0,39.96120882224244,0.88
0.931,0,39.98002732309209,0.88
0.932,0,39.998836307950796,0.88
0.933,0,40.017635781630545,0.88
0.934,0,40.03642574894087,0.88
0.935,0,40.05520621468888,0.88
0.936,0,40.07397718367925,0.88
0.937,0,40.09273866071422,0.88
0.9380000000000001,0,40.1114906505936,0.88
0.9390000000000001,0,40.1302331581148,0.88
0.9400000000000001,0,40.14896618807277,0.88
0.9410000000000001,0,40.167689745260056,0.88
0.9420000000000001,0,40.18640383446677,0.88
0.9430000000000001,0,40.2051084604806,0.88
0.9440000000000001,0,40.223803628086834,0.88
0.9450000000000001,0,40.24248934206831,0.88
0.9460000000000001,0,40.26116560720547,0.88
0.9470000000000001,0,40.27983242827633,0.88
0.9480000000000001,0,40.298489810056495,0.88
0.9490000000000001,0,40.31713775731914,0.88
0.9500000000000001,0,40.33577627483505,0.88
0.9510000000000001,0,40.35440536737257,0.88
0.9520000000000001,0,40.361186249037445,0.6
0.9530000000000001,0,40.355946802200485,0.6
0.9540000000000001,0,40.35071000480564,0.6
0.9550000000000001,0,40.34547585551316,0.6
0.9560000000000001,0,40.34024435298396,0.6
0.9570000000000001,0,40.33501549587966,0.6
0.9580000000000001,0,40.329789282862535,0.6
0.9590000000000001,0,40.32456571259554,0.6
0.96,0,40.31934478374234,0.6
0.961,0,40.3141264949672,0.6
0.962,0,40.308910844935134,0.6
0.963,0,40.3036978323118,0.6
0.964,0,40.29848745576352,0.6
0.965,0,40.293279713957325,0.6
0.966,0,40.288074605560894,0.6
0.967,0,40.28287212924258,0.6
0.968,0,40.27767228367141,0.6
0.969,0,40.27247506751709,0.6
0.97,0,40.26728047945001,0.6
0.971,0,40.26208851814121,0.6
0.972,0,40.25919471323436,0.88
0.973,0,40.277862530931316,0.88
0.974,0,40.296520908833614,0.88
0.975,0,40.315169851714685,0.88
0.976,0,40.33380936434556,0.88
0.977,0,40.35243945149485,0.88
0.978,0,40.371060117928764,0.88
0.979,0,40.389671368411086,0.88
0.98,0,40.4082732077032,0.88
0.981,0,40.426865640564095,0.88
0.982,0,40.445448671750334,0.88
0.983,0,40.464022306016076,0.88
0.984,0,40.48258654811309,0.88
0.985,0,40.50114140279072,0.88
0.986,0,40.51968687479594,0.88
0.987,0,40.5382229688733,0.88
0.988,0,40.55674968976495,0.88
0.989,0,40.57526704221065,0.88
0.99,0,40.59377503094777,0.88
0.991,0,40.59262818448677,0.6
0.992,0,40.587271703919185,0.6
0.993,0,40.58191793197441,0.6
0.994,0,40.57656686728276,0.6
0.995,0,40.571218508475255,0.6
0.996,0,40.5658728541836,0.6
0.997,0,40.56052990304021,0.6
0.998,0,40.55518965367817,0.6
0.999,0,40.54985210473126,0.6
1.0,0,40.54451725483396,0.6
1.0010000000000001,0,40.53918510262144,0.6
1.002,0,40.53385564672955,0.6
1.0030000000000001,0,40.548174362019346,0.88
1.004,0,40.566696050769075,0.88
1.0050000000000001,0,40.585208373617476,0.88
1.006,0,40.603711335300616,0.88
1.0070000000000001,0,40.62220494055218,0.88
1.008,0,40.64068919410345,0.88
1.0090000000000001,0,40.65916410068333,0.88
1.01,0,40.677629665018294,0.88
1.0110000000000001,0,40.696085891832496,0.88
1.012,0,40.71453278584763,0.88
1.0130000000000001,0,40.732970351783045,0.88
1.014,0,40.751398594355685,0.88
1.0150000000000001,0,40.76981751828012,0.88
1.016,0,40.788227128268524,0.88
1.0170000000000001,0,40.8066274290307,0.88
1.018,0,40.82501842527406,0.88
1.0190000000000001,0,40.84340012170364,0.88
1.02,0,40.8617725230221,0.88
1.0210000000000001,0,40.87535154127603,0.8
1.022,0,40.88502225453689,0.8
1.0230000000000001,0,40.89468807758783,0.8
1.024,0,40.90434901290168,0.8
1.025,0,40.91400506295004,0.8
1.026,0,40.923656230203235,0.8
1.027,0,40.935480819664384,0.88
1.028,0,40.9538066583425,0.88
1.029,0,40.9721232301552,0.88
1.03,0,40.990430539788484,0.88
1.031,0,41.008728591925966,0.88
1.032,0,41.02701739124891,0.88
1.033,0,41.04529694243622,0.88
1.034,0,41.06356725016439,0.88
1.035,0,41.0818283191076,0.88
1.036,0,41.100080153937654,0.88
1.037,0,41.118322759323966,0.88
1.038,0,41.13655613993362,0.88
1.039,0,41.15478030043132,0.88
1.04,0,41.17299524547943,0.88
1.041,0,41.191200979737935,0.88
1.042,0,41.20939750786448,0.88
1.043,0,41.227584834514346,0.88
1.044,0,41.245762964340464,0.88
1.045,0,41.263931901993416,0.88
1.046,0,41.258760134673025,0.6
1.047,0,41.253066809760156,0.6
1.048,0,41.247376363802886,0.6
1.049,0,41.24168879534539,0.6
1.05,0,41.23600410293261,0.6
1.051,0,41.230322285110205,0.6
1.052,0,41.224643340424585,0.6
1.053,0,41.21896726742287,0.6
1.054,0,41.213294064652935,0.6
1.055,0,41.207623730663386,0.6
1.056,0,41.20195626400356,0.6
1.057,0,41.19629166322353,0.6
1.058,0,41.19062992687411,0.6
1.059,0,41.184971053506814,0.6
1.06,0,41.179315041673924,0.6
1.061,0,41.17366188992844,0.6
1.062,0,41.1680115968241,0.6
1.063,0,41.162364160915374,0.6
1.064,0,41.15671958075744,0.6
1.065,0,41.15691618488898,0.88
1.066,0,41.1751300498799,0.88
1.067,0,41.19333470462737,0.88
1.068,0,41.21153015378876,0.88
1.069,0,41.22971640201907,0.88
1.07,0,41.24789345397097,0.88
1.071,0,41.26606131429474,0.88
1.072,0,41.28421998763835,0.88
1.073,0,41.302369478647385,0.88
1.074,0,41.320509791965115,0.88
1.075,0,41.33864093223241,0.88
1.076,0,41.35676290408786,0.88
1.077,0,41.37487571216765,0.88
1.078,0,41.39297936110566,0.88
1.079,0,41.4110738555334,0.88
1.08,0,41.42915920008007,0.88
1.081,0,41.447235399372495,0.88
1.082,0,41.46530245803518,0.88
1.083,0,41.48336038069028,0.88
1.084,0,41.501409171957626,0.88
1.085,0,41.5194488364547,0.88
1.086,0,41.53747937879666,0.88
1.087,0,41.555500803596324,0.88
1.088,0,41.57351311546419,0.88
1.089,0,41.591516319008385,0.88
1.09,0,41.60951041883476,0.88
1.091,0,41.627495419546804,0.88
1.092,0,41.64547132574568,0.88
1.093,0,41.66343814203024,0.88
1.094,0,41.68139587299699,0.88
1.095,0,41.69934452324012,0.88
1.096,0,41.717284097351516,0.88
1.097,0,41.72286978121546,0.6
1.098,0,41.71694176900079,0.6
1.099,0,41.71101675441654,0.6
1.1,0,41.70509473594688,0.6
1.101,0,41.699175712076766,0.6
1.102,0,41.693259681291906,0.6
1.103,0,41.68734664207879,0.6
1.104,0,41.681436592924655,0.6
1.105,0,41.67552953231752,0.6
1.106,0,41.669625458746154,0.6
1.107,0,41.663724370700095,0.6
1.108,0,41.657826266669645,0.6
1.109,0,41.664275963851125,0.88
1.11,0,41.68223327115475,0.88
1.111,0,41.700181497948996,0.88
1.112,0,41.718120648825625,0.88
1.113,0,41.73605072837407,0.88
1.114,0,41.75397174118145,0.88
1.115,0,41.77188369183257,0.88
1.116,0,41.789786584909905,0.88
1.117,0,41.80768042499361,0.88
1.118,0,41.825565216661545,0.88
1.119,0,41.843440964489226,0.88
1.12,0,41.861307673049886,0.88
1.121,0,41.87916534691442,0.88
1.122,0,41.89701399065143,0.88
1.123,0,41.91485360882719,0.88
1.124,0,41.93268420600568,0.88
1.125,0,41.95050578674856,0.88
1.1260000000000001,0,41.96831835561521,0.88
1.127,0,41.986121917162656,0.88
1.1280000000000001,0,42.003916475945665,0.88
1.129,0,42.021702036516686,0.88
1.1300000000000001,0,42.039478603425856,0.88
1.131,0,42.057246181221025,0.88
1.1320000000000001,0,42.075004774447734,0.88
1.133,0,42.09275438764922,0.88
1.1340000000000001,0,42.110495025366454,0.88
1.135,0,42.128226692138064,0.88
1.1360000000000001,0,42.14594939250043,0.88
1.137,0,42.16366313098758,0.88
1.1380000000000001,0,42.18136791213133,0.88
1.139,0,42.19906374046112,0.88
1.1400000000000001,0,42.21675062050416,0.88
1.141,0,42.23442855678533,0.88
1.1420000000000001,0,42.25209755382727,0.88
1.143,0,42.26975761615027,0.88
1.1440000000000001,0,42.287408748272405,0.88
1.145,0,42.305050954709394,0.88
1.1460000000000001,0,42.32268423997473,0.88
1.147,0,42.34030860857958,0.88
1.1480000000000001,0,42.357924065032876,0.88
1.149,0,42.37553061384123,0.88
1.1500000000000001,0,42.393128259508984,0.88
1.151,0,42.41071700653822,0.88
1.1520000000000001,0,42.42829685942872,0.88
1.153,0,42.44586782267801,0.88
1.154,0,42.463429900781335,0.88
1.155,0,42.48098309823166,0.88
1.156,0,42.49852741951968,0.88
1.157,0,42.51606286913384,0.88
1.158,0,42.533589451560275,0.88
1.159,0,42.551107171282894,0.88
1.16,0,42.568616032783304,0.88
1.161,0,42.58611604054087,0.88
1.162,0,42.589093750199076,0.6
1.163,0,42.58272771268683,0.6
1.164,0,42.57636489430217,0.6
1.165,0,42.57000529341728,0.6
1.166,0,42.56364890840516,0.6
1.167,0,42.55729573763962,0.6
1.168,0,42.550945779495315,0.6
1.169,0,42.54459903234771,0.6
1.17,0,42.54322622491001,0.88
1.171,0,42.56073907158517,0.88
1.172,0,42.578243062502274,0.88
1.173,0,42.595738202139465,0.88
1.174,0,42.61322449497256,0.88
1.175,0,42.63070194547517,0.88
1.176,0,42.648170558118586,0.88
1.177,0,42.66563033737188,0.88
1.178,0,42.68308128770185,0.88
1.179,0,42.70052341357305,0.88
1.18,0,42.71795671944774,0.88
1.181,0,42.735381209785956,0.88
1.182,0,42.75279688904546,0.88
1.183,0,42.77020376168179,0.88
1.184,0,42.78760183214819,0.88
1.185,0,42.804991104895684,0.88
1.186,0,42.82237158437302,0.88
1.187,0,42.839743275026734,0.88
1.188,0,42.857106181301056,0.88
1.189,0,42.874460307638024,0.88
1.19,0,42.8918056584774,0.88
1.191,0,42.909142238256706,0.88
1.192,0,42.92647005141123,0.88
1.193,0,42.94378910237401,0.88
1.194,0,42.96109939557582,0.88
1.195,0,42.97840093544525,0.88
1.196,0,42.99569372640859,0.88
1.197,0,43.01297777288993,0.88
1.198,0,43.03025307931111,0.88
1.199,0,43.047519650091736,0.88
1.2,0,43.06477748964917,0.88
1.201,0,43.08202660239854,0.88
1.202,0,43.099266992752774,0.88
1.203,0,43.11649866512253,0.88
1.204,0,43.133721623916244,0.88
1.205,0,43.15093587354014,0.88
1.206,0,43.16814141839819,0.88
1.207,0,43.18533826289217,0.88
1.208,0,43.20252641142159,0.88
1.209,0,43.21970586838378,0.88
1.21,0,43.23687663817379,0.88
1.211,0,43.254038725184515,0.88
1.212,0,43.27119213380657,0.88
1.213,0,43.28833686842839,0.88
1.214,0,43.305472933436164,0.88
1.215,0,43.322600333213884,0.88
1.216,0,43.3397190721433,0.88
1.217,0,43.356829154603986,0.88
1.218,0,43.37393058497325,0.88
1.219,0,43.39102336762623,0.88
1.22,0,43.40810750693583,0.88
1.221,0,43.42518300727274,0.88
1.222,0,43.442249873005466,0.88
1.223,0,43.459308108500274,0.88
1.224,0,43.47635771812123,0.88
1.225,0,43.4933987062302,0.88
1.226,0,43.51043107718686,0.88
1.227,0,43.52745483534864,0.88
1.228,0,43.5444699850708,0.88
1.229,0,43.56147653070639,0.88
1.23,0,43.57847447660625,0.88
1.231,0,43.59546382711904,0.88
1.232,0,43.61244458659119,0.88
1.233,0,43.62941675936696,0.88
1.234,0,43.643780882669006,0.8
1.235,0,43.65205167843797,0.8
1.236,0,43.66031829189623,0.8
1.237,0,43.66858072515868,0.8
1.238,0,43.676838980339085,0.8
1.239,0,43.685093059550226,0.8
1.24,0,43.69334296490376,0.8
1.241,0,43.68643015628321,0.6
1.242,0,43.679509226360885,0.6
1.243,0,43.672591796159764,0.6
1.244,0,43.66567786391013,0.6
1.245,0,43.65876742784318,0.6
1.246,0,43.65186048619097,0.6
1.247,0,43.64495703718649,0.6
1.248,0,43.63805707906359,0.6
1.249,0,43.631160610057044,0.6
1.25,0,43.62426762840249,0.6
1.2510000000000001,0,43.61737813233648,0.6
1.252,0,43.610492120096445,0.6
1.2530000000000001,0,43.6274470121083,0.88
1.254,0,43.64441159857598,0.88
1.2550000000000001,0,43.661367606525516,0.88
1.256,0,43.67831504029482,0.88
1.2570000000000001,0,43.695253904219626,0.88
1.258,0,43.71218420263346,0.88
1.2590000000000001,0,43.72910593986766,0.88
1.26,0,43.746019120251376,0.88
1.2610000000000001,0,43.76292374811157,0.88
1.262,0,43.77981982777301,0.88
1.2630000000000001,0,43.79670736355829,0.88
1.264,0,43.813586359787806,0.88
1.2650000000000001,0,43.830456820779766,0.88
1.266,0,43.847318750850214,0.88
1.2670000000000001,0,43.864172154312996,0.88
1.268,0,43.88101703547977,0.88
1.2690000000000001,0,43.89785339866004,0.88
1.27,0,43.914681248161095,0.88
1.2710000000000001,0,43.91416806936124,0.6
1.272,0,43.90713197872908,0.6
1.2730000000000001,0,43.900099446051684,0.6
1.274,0,43.89307046952989,0.6
1.2750000000000001,0,43.88604504736544,0.6
1.276,0,43.87902317776101,0.6
1.2770000000000001,0,43.872004858920164,0.6
1.278,0,43.864990089047375,0.6
1.2790000000000001,0,43.85797886634803,0.6
1.28,0,43.85097118902843,0.6
1.281,0,43.843967055295764,0.6
1.282,0,43.83696646335814,0.6
1.283,0,43.829969411424585,0.6
1.284,0,43.822975897705,0.6
1.285,0,43.81598592041023,0.6
1.286,0,43.808999477751975,0.6
1.287,0,43.80201656794289,0.6
1.288,0,43.795037189196506,0.6
1.289,0,43.788061339727264,0.6
1.29,0,43.7810890177505,0.6
1.291,0,43.797813100012725,0.88
1.292,0,43.81469153710216,0.88
1.293,0,43.831561439236786,0.88
1.294,0,43.848422810732494,0.88
1.295,0,43.86527565590299,0.88
1.296,0,43.882119979059794,0.88
1.297,0,43.89895578451226,0.88
1.298,0,43.91578307656754,0.88
1.299,0,43.932601859530635,0.88
1.3,0,43.94941213770435,0.88
1.301,0,43.96621391538931,0.88
1.302,0,43.983007196883996,0.88
1.303,0,43.99979198648468,0.88
1.304,0,44.01656828848548,0.88
1.305,0,44.033336107178336,0.88
1.306,0,44.05009544685302,0.88
1.307,0,44.066846311797136,0.88
1.308,0,44.083588706296126,0.88
1.309,0,44.08313467930425,0.6
1.31,0,44.07601314697081,0.6
1.311,0,44.06889521579762,0.6
1.312,0,44.061780883963664,0.6
1.313,0,44.05467014964886,0.6
1.314,0,44.04756301103404,0.6
1.315,0,44.04045946630097,0.6
1.316,0,44.03335951363231,0.6
1.317,0,44.026263151211666,0.6
1.318,0,44.01917037722354,0.6
1.319,0,44.01208118985336,0.6
1.32,0,44.00499558728748,0.6
1.321,0,43.99791356771317,0.6
1.322,0,43.9908351293186,0.6
1.323,0,43.98376027029287,0.6
1.324,0,43.97668898882599,0.6
1.325,0,43.9696212831089,0.6
1.326,0,43.96255715133343,0.6
1.327,0,43.95549659169235,0.6
1.328,0,43.94843960237932,0.6
1.329,0,43.941386181588925,0.6
1.33,0,43.934336327516675,0.6
1.331,0,43.92729003835897,0.6
1.332,0,43.92024731231313,0.6
1.333,0,43.930396102906386,0.88
1.334,0,43.9472074964697,0.88
1.335,0,43.964010388980235,0.88
1.336,0,43.98080478473676,0.88
1.337,0,43.99759068803582,0.88
1.338,0,44.01436810317185,0.88
1.339,0,44.03113703443704,0.88
1.34,0,44.047897486121464,0.88
1.341,0,44.06464946251301,0.88
1.342,0,44.0813929678974,0.88
1.343,0,44.09812800655818,0.88
1.344,0,44.114854582776736,0.88
1.345,0,44.13157270083229,0.88
1.346,0,44.1482823650019,0.88
1.347,0,44.16498357956045,0.88
1.348,0,44.1816763487807,0.88
1.349,0,44.19836067693319,0.88
1.35,0,44.21503656828636,0.88
1.351,0,44.23170402710644,0.88
1.352,0,44.24836305765754,0.88
1.353,0,44.2650136642016,0.88
1.354,0,44.281655850998405,0.88
1.355,0,44.29828962230558,0.88
1.356,0,44.31491498237862,0.88
1.357,0,44.33153193547082,0.88
1.358,0,44.34814048583339,0.88
1.359,0,44.35839621530843,0.6
1.36,0,44.35113549089473,0.6
1.361,0,44.34387843802682,0.6
1.362,0,44.33662505484811,0.6
1.363,0,44.32937533950294,0.6
1.364,0,44.32212929013659,0.6
1.365,0,44.31488690489527,0.6
1.366,0,44.30764818192613,0.6
1.367,0,44.30041311937728,0.6
1.368,0,44.31383907476762,0.88
1.369,0,44.330456571916294,0.88
1.37,0,44.34706566606022,0.88
1.371,0,44.36366636144854,0.88
1.372,0,44.38025866232829,0.88
1.373,0,44.39684257294433,0.88
1.374,0,44.41341809753938,0.88
1.375,0,44.42998524035403,0.88
1.3760000000000001,0,44.44654400562669,0.88
1.377,0,44.46309439759367,0.88
1.3780000000000001,0,44.479636420489115,0.88
1.379,0,44.49617007854502,0.88
1.3800000000000001,0,44.51269537599126,0.88
1.381,0,44.52921231705555,0.88
1.3820000000000001,0,44.5457209059635,0.88
1.383,0,44.56222114693854,0.88
1.3840000000000001,0,44.578713044202004,0.88
1.385,0,44.595196601973065,0.88
1.3860000000000001,0,44.61167182446878,0.88
1.387,0,44.62813871590405,0.88
1.3880000000000001,0,44.64459728049167,0.88
1.389,0,44.6610475224423,0.88
1.3900000000000001,0,44.67748944596446,0.88
1.391,0,44.69392305526454,0.88
1.3920000000000001,0,44.710348354546824,0.88
1.393,0,44.726765348013444,0.88
1.3940000000000001,0,44.74317403986443,0.88
1.395,0,44.75957443429766,0.88
1.3960000000000001,0,44.77596653550893,0.88
1.397,0,44.79235034769187,0.88
1.3980000000000001,0,44.80872587503803,0.88
1.399,0,44.82178533532518,0.6
1.4000000000000001,0,44.81429028795984,0.6
1.401,0,44.806799030630884,0.6
1.4020000000000001,0,44.79931156142178,0.6
1.403,0,44.791827878416996,0.6
1.4040000000000001,0,44.78434797970194,0.6
1.405,0,44.77687186336302,0.6
1.4060000000000001,0,44.76939952748758,0.6
1.407,0,44.761930970163945,0.6
1.408,0,44.77208783427449,0.88
1.409,0,44.78847360780845,0.88
1.41,0,44.80485109551382,0.88
1.411,0,44.82122030158051,0.88
1.412,0,44.83758123019632,0.88
1.413,0,44.853933885546915,0.88
1.414,0,44.87027827181587,0.88
1.415,0,44.88661439318461,0.88
1.416,0,44.90294225383248,0.88
1.417,0,44.91926185793669,0.88
1.418,0,44.935573209672334,0.88
1.419,0,44.95187631321243,0.88
1.42,0,44.968171172727835,0.88
1.421,0,44.98445779238734,0.88
1.422,0,45.00073617635759,0.88
1.423,0,45.01700632880317,0.88
1.424,0,45.03326825388651,0.88
1.425,0,45.04952195576797,0.88
1.426,0,45.054651554570846,0.6
1.427,0,45.0470387532543,0.6
1.428,0,45.03942980151901,0.6
1.429,0,45.03182469741837,0.6
1.43,0,45.02422343900672,0.6
1.431,0,45.016626024339416,0.6
1.432,0,45.00903245147278,0.6
1.433,0,45.001442718464105,0.6
1.434,0,44.99542930144511,0.88
1.435,0,45.01170213742929,0.88
1.436,0,45.02796674469425,0.88
1.437,0,45.04422312740102,0.88
1.438,0,45.060471289708524,0.88
1.439,0,45.07671123577361,0.88
1.44,0,45.09294296975098,0.88
1.441,0,45.10916649579327,0.88
1.442,0,45.12538181805099,0.88
1.443,0,45.141588940672584,0.88
1.444,0,45.157787867804366,0.88
1.445,0,45.17397860359057,0.88
1.446,0,45.19016115217334,0.88
1.447,0,45.20633551769269,0.88
1.448,0,45.2225017042866,0.88
1.449,0,45.238659716090915,0.88
1.45,0,45.25480955723938,0.88
1.451,0,45.270951231863684,0.88
1.452,0,45.287084744093406,0.88
1.453,0,45.30321009805604,0.88
1.454,0,45.319327297877,0.88
1.455,0,45.335436347679604,0.88
1.456,0,45.351537251585086,0.88
1.457,0,45.367630013712606,0.88
1.458,0,45.38371463817923,0.88
1.459,0,45.39979112909994,0.88
1.46,0,45.41585949058765,0.88
1.461,0,45.431919726753186,0.88
1.462,0,45.4479718417053,0.88
1.463,0,45.464015839550655,0.88
1.464,0,45.48005172439386,0.88
1.465,0,45.49607950033743,0.88
1.466,0,45.51209917148179,0.88
1.467,0,45.52811074192533,0.88
1.468,0,45.544114215764345,0.88
1.469,0,45.56010959709306,0.88
1.47,0,45.57609689000363,0.88
1.471,0,45.592076098586155,0.88
1.472,0,45.60804722692863,0.88
1.473,0,45.62401027911703,0.88
1.474,0,45.639965259235225,0.88
1.475,0,45.655912171365046,0.88
1.476,0,45.671851019586256,0.88
1.477,0,45.68778180797653,0.88
1.478,0,45.703704540611504,0.88
1.479,0,45.71153966635454,0.6
1.48,0,45.703594695043925,0.6
1.481,0,45.69565374128368,0.6
1.482,0,45.68771680304223,0.6
1.483,0,45.679783878289044,0.6
1.484,0,45.671854964994616,0.6
1.485,0,45.663930061130465,0.6
1.486,0,45.65600916466913,0.6
1.487,0,45.648092273584176,0.6
1.488,0,45.64017938585021,0.6
1.489,0,45.632270499442825,0.6
1.49,0,45.624365612338686,0.6
1.491,0,45.616464722515445,0.6
1.492,0,45.60856782795179,0.6
1.493,0,45.60067492662743,0.6
1.494,0,45.59278601652309,0.6
1.495,0,45.58490109562054,0.6
1.496,0,45.577020161902524,0.6
1.497,0,45.56914321335286,0.6
1.498,0,45.56127024795634,0.6
1.499,0,45.56784242646801,0.88
1.5,0,45.58382580910248,0.88
1.5010000000000001,0,45.599801109386206,0.88
1.502,0,45.615768331406215,0.88
1.5030000000000001,0,45.631727479247466,0.88
1.504,0,45.64767855699283,0.88
1.5050000000000001,0,45.663621568723144,0.88
1.506,0,45.67955651851715,0.88
1.5070000000000001,0,45.695483410451565,0.88
1.508,0,45.711402248601004,0.88
1.5090000000000001,0,45.727313037038066,0.88
1.51,0,45.743215779833236,0.88
1.5110000000000001,0,45.75911048105499,0.88
1.512,0,45.77499714476973,0.88
1.5130000000000001,0,45.79087577504178,0.88
1.514,0,45.80674637593344,0.88
1.5150000000000001,0,45.82260895150496,0.88
1.516,0,45.83846350581449,0.88
1.5170000000000001,0,45.85431004291817,0.88
1.518,0,45.870148566870085,0.88
1.5190000000000001,0,45.885979081722255,0.88
1.52,0,45.901801591524666,0.88
1.5210000000000001,0,45.91761610032524,0.88
1.522,0,45.93342261216986,0.88
1.5230000000000001,0,45.94922113110238,0.88
1.524,0,45.96501166116457,0.88
1.5250000000000001,0,45.98079420639618,0.88
1.526,0,45.996568770834934,0.88
1.5270000000000001,0,46.01233535851649,0.88
1.528,0,46.028093973474455,0.88
1.5290000000000001,0,46.04384461974044,0.88
1.53,0,46.059587301343974,0.88
1.5310000000000001,0,46.07532202231256,0.88
1.532,0,46.09104878667169,0.88
1.5330000000000001,0,46.106767598444776,0.88
1.534,0,46.12247846165323,0.88
1.5350000000000001,0,46.13675351415261,0.6
1.536,0,46.12859352406061,0.6
1.537,0,46.12043766024798,0.6
1.538,0,46.11228592062817,0.6
1.539,0,46.10413830311568,0.6
1.54,0,46.09599480562609,0.6
1.541,0,46.08785542607603,0.6
1.542,0,46.07972016238315,0.6
1.543,0,46.07158901246618,0.6
1.544,0,46.0634619742449,0.6
1.545,0,46.05533904564015,0.6
1.546,0,46.047220224573806,0.6
1.547,0,46.03910550896879,0.6
1.548,0,46.0309948967491,0.6
1.549,0,46.022888385839764,0.6
1.55,0,46.014785974166855,0.6
1.551,0,46.006687659657516,0.6
1.552,0,45.99859344023991,0.6
1.553,0,45.99050331384328,0.6
1.554,0,45.98241727839789,0.6
1.555,0,45.98212570267718,0.88
1.556,0,45.99789959381542,0.88
1.557,0,46.0136655085369,0.88
1.558,0,46.02942345087512,0.88
1.559,0,46.04517342486147,0.88
1.56,0,46.06091543452532,0.88
1.561,0,46.076649483894,0.88
1.562,0,46.092375576992836,0.88
1.563,0,46.108093717845065,0.88
1.564,0,46.123803910471935,0.88
1.565,0,46.13950615889263,0.88
1.566,0,46.15520046712432,0.88
1.567,0,46.17088683918213,0.88
1.568,0,46.18656527907916,0.88
1.569,0,46.20223579082649,0.88
1.57,0,46.217898378433176,0.88
1.571,0,46.233553045906206,0.88
1.572,0,46.2491997972506,0.88
1.573,0,46.26483863646929,0.88
1.574,0,46.280469567563244,0.88
1.575,0,46.29609259453138,0.88
1.576,0,46.31170772137058,0.88
1.577,0,46.32731495207573,0.88
1.578,0,46.34291429063968,0.88
1.579,0,46.358505741053264,0.88
1.58,0,46.3740893073053,0.88
1.581,0,46.38966499338259,0.88
1.582,0,46.40523280326992,0.88
1.583,0,46.42079274095005,0.88
1.584,0,46.43634481040375,0.88
1.585,0,46.451889015609765,0.88
1.586,0,46.46742536054481,0.88
1.587,0,46.4829538491836,0.88
1.588,0,46.498474485498875,0.88
1.589,0,46.51398727346131,0.88
1.59,0,46.5294922170396,0.88
1.591,0,46.54498932020044,0.88
1.592,0,46.560478586908516,0.88
1.593,0,46.575960021126484,0.88
1.594,0,46.59143362681503,0.88
1.595,0,46.606899407932815,0.88
1.596,0,46.622357368436525,0.88
1.597,0,46.6378075122808,0.88
1.598,0,46.65324984341832,0.88
1.599,0,46.66868436579975,0.88
1.6,0,46.66981449306573,0.6
1.601,0,46.661384948906566,0.6
1.602,0,46.65295966733274,0.6
1.603,0,46.644538646188785,0.6
1.604,0,46.636121883320314,0.6
1.605,0,46.62770937657403,0.6
1.606,0,46.619301123797754,0.6
1.607,0,46.61089712284034,0.6
1.608,0,46.60725119948389,0.88
1.609,0,46.62270898209641,0.88
1.61,0,46.63815894813948,0.88
1.611,0,46.653601101565684,0.88
1.612,0,46.66903544632567,0.88
1.613,0,46.684461986368056,0.88
1.614,0,46.699880725639474,0.88
1.615,0,46.71529166808455,0.88
1.616,0,46.73069481764592,0.88
1.617,0,46.746090178264225,0.88
1.618,0,46.76147775387814,0.88
1.619,0,46.776857548424296,0.88
1.62,0,46.792229565837374,0.88
1.621,0,46.80759381005005,0.88
1.622,0,46.82295028499303,0.88
1.623,0,46.83829899459499,0.88
1.624,0,46.85363994278267,0.88
1.625,0,46.868973133480786,0.88
1.6260000000000001,0,46.88429857061209,0.88
1.627,0,46.89961625809734,0.88
1.6280000000000001,0,46.91492619985533,0.88
1.629,0,46.93022839980284,0.88
1.6300000000000001,0,46.9455228618547,0.88
1.631,0,46.96080958992374,0.88
1.6320000000000001,0,46.97608858792082,0.88
1.633,0,46.99135985975482,0.88
1.6340000000000001,0,47.00662340933266,0.88
1.635,0,47.02187924055926,0.88
1.6360000000000001,0,47.03712735733757,0.88
1.637,0,47.052367763568576,0.88
1.6380000000000001,0,47.06760046315128,0.88
1.639,0,47.082825459982736,0.88
1.6400000000000001,0,47.098042757958,0.88
1.641,0,47.11325236097015,0.88
1.6420000000000001,0,47.12845427291035,0.88
1.643,0,47.14364849766774,0.88
1.6440000000000001,0,47.158835039129514,0.88
1.645,0,47.15841617467662,0.6
1.6460000000000001,0,47.149739558276735,0.6
1.647,0,47.14106732939973,0.6
1.6480000000000001,0,47.13239948582695,0.6
1.649,0,47.123736025340875,0.6
1.6500000000000001,0,47.1150769457251,0.6
1.651,0,47.10642224476434,0.6
1.6520000000000001,0,47.097771920244426,0.6
1.653,0,47.08912596995232,0.6
1.6540000000000001,0,47.08048439167611,0.6
1.655,0,47.07184718320496,0.6
1.6560000000000001,0,47.063214342329196,0.6
1.657,0,47.07018359334454,0.88
1.6580000000000001,0,47.08540728395911,0.88
1.659,0,47.100623276378,0.88
1.6600000000000001,0,47.11583157449398,0.88
1.661,0,47.13103218219784,0.88
1.6620000000000001,0,47.14622510337842,0.88
1.663,0,47.16141034192256,0.88
1.6640000000000001,0,47.176587901715166,0.88
1.665,0,47.19175778663917,0.88
1.666,0,47.20692000057553,0.88
1.667,0,47.22207454740326,0.88
1.668,0,47.2372214309994,0.88
1.669,0,47.25236065523903,0.88
1.67,0,47.267492223995276,0.88
1.671,0,47.2826161411393,0.88
1.672,0,47.297732410540306,0.88
1.673,0,47.31284103606555,0.88
1.674,0,47.32794202158033,0.88
1.675,0,47.34303537094797,0.88
1.676,0,47.358121088029876,0.88
1.677,0,47.373199176685475,0.88
1.678,0,47.38826964077224,0.88
1.679,0,47.40333248414572,0.88
1.68,0,47.41838771065949,0.88
1.681,0,47.433435324165174,0.88
1.682,0,47.448475328512465,0.88
1.683,0,47.46177692370417,0.8
1.684,0,47.46811706537916,0.8
1.685,0,47.47445400102137,0.8
1.686,0,47.48078773225199,0.8
1.687,0,47.48711826069142,0.8
1.688,0,47.493445587959194,0.8
1.689,0,47.49976971567408,0.8
1.69,0,47.51390116964451,0.88
1.691,0,47.528900484658365,0.88
1.692,0,47.54389221493702,0.88
1.693,0,47.558876364315864,0.88
1.694,0,47.57385293662836,0.88
1.695,0,47.58882193570602,0.88
1.696,0,47.603783365378405,0.88
1.697,0,47.61873722947316,0.88
1.698,0,47.63368353181598,0.88
1.699,0,47.64862227623064,0.88
1.7,0,47.66355346653897,0.88
1.701,0,47.67847710656087,0.88
1.702,0,47.69339320011431,0.88
1.703,0,47.70830175101533,0.88
1.704,0,47.72320276307803,0.88
1.705,0,47.7380962401146,0.88
1.706,0,47.752982185935295,0.88
1.707,0,47.76786060434843,0.88
1.708,0,47.78273149916041,0.88
1.709,0,47.797594874175715,0.88
1.71,0,47.81245073319689,0.88
1.711,0,47.827299080024574,0.88
1.712,0,47.842139918457455,0.88
1.713,0,47.856973252292335,0.88
1.714,0,47.87179908532407,0.88
1.715,0,47.88661742134562,0.88
1.716,0,47.901428264147995,0.88
1.717,0,47.916231617520324,0.88
1.718,0,47.931027485249786,0.88
1.719,0,47.94581587112168,0.88
1.72,0,47.96059677891937,0.88
1.721,0,47.975370212424295,0.88
1.722,0,47.99013617541601,0.88
1.723,0,48.00489467167213,0.88
1.724,0,48.0196457049684,0.88
1.725,0,48.03438927907861,0.88
1.726,0,48.04912539777466,0.88
1.727,0,48.06385406482656,0.88
1.728,0,48.0785752840024,0.88
1.729,0,48.09328905906834,0.88
1.73,0,48.107995393788684,0.88
1.731,0,48.1226942919258,0.88
1.732,0,48.137385757240146,0.88
1.733,0,48.15206979349031,0.88
1.734,0,48.166746404432956,0.88
1.735,0,48.18141559382286,0.88
1.736,0,48.19607736541288,0.88
1.737,0,48.210731722954016,0.88
1.738,0,48.225378670195326,0.88
1.739,0,48.24001821088399,0.88
1.74,0,48.25465034876531,0.88
1.741,0,48.26927508758266,0.88
1.742,0,48.28389243107756,0.88
1.743,0,48.29850238298961,0.88
1.744,0,48.31117094114853,0.6
1.745,0,48.301911408819635,0.6
1.746,0,48.292656558777935,0.6
1.747,0,48.283406388655735,0.6
1.748,0,48.274160896086535,0.6
1.749,0,48.26492007870502,0.6
1.75,0,48.25568393414708,0.6
1.7510000000000001,0,48.246452460049795,0.6
1.752,0,48.23722565405145,0.6
1.7530000000000001,0,48.22800351379151,0.6
1.754,0,48.21878603691066,0.6
1.7550000000000001,0,48.20957322105073,0.6
1.756,0,48.20036506385479,0.6
1.7570000000000001,0,48.19116156296708,0.6
1.758,0,48.181962716033034,0.6
1.7590000000000001,0,48.17276852069928,0.6
1.76,0,48.16357897461363,0.6
1.7610000000000001,0,48.161099989096286,0.88
1.762,0,48.17577203372092,0.88
1.7630000000000001,0,48.19043665910186,0.88
1.764,0,48.20509386899082,0.88
1.7650000000000001,0,48.21974366713761,0.88
1.766,0,48.23438605729013,0.88
1.7670000000000001,0,48.24902104319442,0.88
1.768,0,48.26364862859456,0.88
1.7690000000000001,0,48.27826881723282,0.88
1.77,0,48.29288161284951,0.88
1.7710000000000001,0,48.30748701918309,0.88
1.772,0,48.32208503997011,0.88
1.7730000000000001,0,48.336675678945234,0.88
1.774,0,48.35125893984123,0.88
1.7750000000000001,0,48.365834826389005,0.88
1.776,0,48.38040334231755,0.88
1.7770000000000001,0,48.394964491353974,0.88
1.778,0,48.40951827722352,0.88
1.7790000000000001,0,48.424064703649535,0.88
1.78,0,48.43860377435348,0.88
1.7810000000000001,0,48.453135493054944,0.88
1.782,0,48.467659863471624,0.88
1.7830000000000001,0,48.482176889319355,0.88
1.784,0,48.496686574312065,0.88
1.7850000000000001,0,48.51118892216182,0.88
1.786,0,48.525683936578815,0.88
1.7870000000000001,0,48.54017162127137,0.88
1.788,0,48.55465197994591,0.88
1.7890000000000001,0,48.569125016307,0.88
1.79,0,48.583590734057324,0.88
1.7910000000000001,0,48.59804913689772,0.88
1.792,0,48.61250022852711,0.88
1.793,0,48.62694401264259,0.88
1.794,0,48.64138049293935,0.88
1.795,0,48.655809673110724,0.88
1.796,0,48.67023155684821,0.88
1.797,0,48.68464614784138,0.88
1.798,0,48.69905344977799,0.88
1.799,0,48.7134534663439,0.88
1.8,0,48.72784620122313,0.88
1.801,0,48.742231658097815,0.88
1.802,0,48.756609840648245,0.88
1.803,0,48.770980752552845,0.88
1.804,0,48.785344397488174,0.88
1.805,0,48.79970077912894,0.88
1.806,0,48.81404990114798,0.88
1.807,0,48.82839176721629,0.88
1.808,0,48.842726381003,0.88
1.809,0,48.85705374617538,0.88
1.81,0,48.87137386639886,0.88
1.811,0,48.88568674533701,0.88
1.812,0,48.89999238665155,0.88
1.813,0,48.91429079400232,0.88
1.814,0,48.928581971047365,0.88
1.815,0,48.942865921442824,0.88
1.816,0,48.957142648843025,0.88
1.817,0,48.971412156900435,0.88
1.818,0,48.98567444926567,0.88
1.819,0,48.999929529587504,0.88
1.82,0,49.014177401512875,0.88
1.821,0,49.02841806868686,0.88
1.822,0,49.0426515347527,0.88
1.823,0,49.056877803351796,0.88
1.824,0,49.07109687812371,0.88
1.825,0,49.08530876270615,0.88
1.826,0,49.099513460735004,0.88
1.827,0,49.11371097584431,0.88
1.828,0,49.127901311666264,0.88
1.829,0,49.14208447183124,0.88
1.83,0,49.15626045996777,0.88
1.831,0,49.17042927970253,0.88
1.832,0,49.184590934660406,0.88
1.833,0,49.198745428464406,0.88
1.834,0,49.21289276473573,0.88
1.835,0,49.22703294709375,0.88
1.836,0,49.241165979155994,0.88
1.837,0,49.255291864538165,0.88
1.838,0,49.269410606854144,0.88
1.839,0,49.28352220971598,0.88
1.84,0,49.2976266767339,0.88
1.841,0,49.31172401151629,0.88
1.842,0,49.32581421766973,0.88
1.843,0,49.339897298798974,0.88
1.844,0,49.35397325850694,0.88
1.845,0,49.36804210039473,0.88
1.846,0,49.38210382806164,0.88
1.847,0,49.396158445105115,0.88
1.848,0,49.410205955120816,0.88
1.849,0,49.42424636170256,0.88
1.85,0,49.43827966844235,0.88
1.851,0,49.45230587893039,0.88
1.852,0,49.46632499675505,0.88
1.853,0,49.480337025502884,0.88
1.854,0,49.49434196875866,0.88
1.855,0,49.5083398301053,0.88
1.856,0,49.522330613123934,0.88
1.857,0,49.53631432139387,0.88
1.858,0,49.55029095849261,0.88
1.859,0,49.564260527995856,0.88
1.86,0,49.578223033477485,0.88
1.861,0,49.59217847850958,0.88
1.862,0,49.60612686666242,0.88
1.863,0,49.62006820150445,0.88
1.864,0,49.63400248660236,0.88
1.865,0,49.647929725520996,0.88
1.866,0,49.66184992182341,0.88
1.867,0,49.67576307907086,0.88
1.868,0,49.689669200822806,0.88
1.869,0,49.703568290636895,0.88
1.87,0,49.71746035206898,0.88
1.871,0,49.73134538867313,0.88
1.872,0,49.74522340400159,0.88
1.873,0,49.75909440160483,0.88
1.874,0,49.772958385031515,0.88
1.875,0,49.78681535782852,0.88
1.8760000000000001,0,49.800665323540926,0.88
1.877,0,49.81450828571202,0.88
1.8780000000000001,0,49.82834424788331,0.88
1.879,0,49.83112962083145,0.6
1.8800000000000001,0,49.821101487797876,0.6
1.881,0,49.81107842571143,0.6
1.8820000000000001,0,49.801060432007894,0.6
1.883,0,49.79104750412432,0.6
1.8840000000000001,0,49.781039639499056,0.6
1.885,0,49.77103683557176,0.6
1.8860000000000001,0,49.76103908978339,0.6
1.887,0,49.75104639957617,0.6
1.8880000000000001,0,49.741058762393635,0.6
1.889,0,49.73107617568063,0.6
1.8900000000000001,0,49.72109863688324,0.6
1.891,0,49.71112614344891,0.6
1.8920000000000001,0,49.70115869282631,0.6
1.893,0,49.691196282465455,0.6
1.8940000000000001,0,49.68123890981761,0.6
1.895,0,49.67128657233535,0.6
1.8960000000000001,0,49.661339267472535,0.6
1.897,0,49.651396992684305,0.6
1.8980000000000001,0,49.6414597454271,0.6
1.899,0,49.64893232371821,0.88
1.9000000000000001,0,49.66285201303469,0.88
1.901,0,49.67676466355257,0.88
1.9020000000000001,0,49.69067027883118,0.88
1.903,0,49.70456886242804,0.88
1.9040000000000001,0,49.71846041789889,0.88
1.905,0,49.73234494879764,0.88
1.9060000000000001,0,49.74622245867643,0.88
1.907,0,49.76009295108558,0.88
1.9080000000000001,0,49.77395642957366,0.88
1.909,0,49.78781289768738,0.88
1.9100000000000001,0,49.80166235897171,0.88
1.911,0,49.8155048169698,0.88
1.9120000000000001,0,49.82934027522302,0.88
1.913,0,49.84316873727094,0.88
1.9140000000000001,0,49.85699020665136,0.88
1.915,0,49.87080468690026,0.88
1.9160000000000001,0,49.88461218155186,0.88
1.917,0,49.88751368425185,0.6
1.9180000000000001,0,49.87745703937025,0.6
1.919,0,49.86740547985343,0.6
1.92,0,49.85735900312987,0.6
1.921,0,49.847317606629346,0.6
1.922,0,49.837281287782915,0.6
1.923,0,49.82725004402296,0.6
1.924,0,49.81722387278315,0.6
1.925,0,49.80720277149845,0.6
1.926,0,49.797186737605145,0.6
1.927,0,49.78717576854076,0.6
1.928,0,49.777169861744184,0.6
1.929,0,49.767169014655565,0.6
1.93,0,49.757173224716325,0.6
1.931,0,49.74718248936924,0.6
1.932,0,49.73719680605831,0.6
1.933,0,49.72721617222888,0.6
1.934,0,49.71724058532757,0.6
1.935,0,49.70727004280228,0.6
1.936,0,49.697304542102216,0.6
1.937,0,49.7046043178612,0.88
1.938,0,49.71849585540321,0.88
1.939,0,49.73238036838221,0.88
1.94,0,49.7462578603503,0.88
1.941,0,49.760128334857825,0.88
1.942,0,49.773991795453306,0.88
1.943,0,49.78784824568349,0.88
1.944,0,49.801697689093324,0.88
1.945,0,49.81554012922595,0.88
1.946,0,49.829375569622755,0.88
1.947,0,49.84320401382328,0.88
1.948,0,49.85702546536533,0.88
1.949,0,49.870839927784886,0.88
1.95,0,49.88464740461615,0.88
1.951,0,49.898447899391556,0.88
1.952,0,49.91224141564171,0.88
1.953,0,49.92602795689547,0.88
1.954,0,49.9398075266799,0.88
1.955,0,49.95358012852029,0.88
1.956,0,49.967345765940095,0.88
1.957,0,49.98110444246106,0.88
1.958,0,49.99485616160312,0.88
1.959,0,50.00860092688441,0.88
1.96,0,50.02233874182131,0.88
1.961,0,50.03606960992842,0.88
1.962,0,50.049793534718546,0.88
1.963,0,50.063510519702746,0.88
1.964,0,50.077220568390274,0.88
1.965,0,50.09092368428863,0.88
1.966,0,50.10461987090353,0.88
1.967,0,50.11830913173891,0.88
1.968,0,50.13199147029695,0.88
1.969,0,50.12190173966374,0.6
1.97,0,50.11172657128083,0.6
1.971,0,50.10155654819674,0.6
1.972,0,50.09139166780962,0.6
1.973,0,50.08123192751896,0.6
1.974,0,50.07107732472556,0.6
1.975,0,50.060927856831526,0.6
1.976,0,50.050783521240284,0.6
1.977,0,50.04064431535657,0.6
1.978,0,50.03051023658644,0.6
1.979,0,50.02038128233724,0.6
1.98,0,50.01025745001766,0.6
1.981,0,50.02390388745201,0.88
1.982,0,50.03763396410863,0.88
1.983,0,50.051357097848495,0.88
1.984,0,50.06507329218243,0.88
1.985,0,50.078782550619515,0.88
1.986,0,50.09248487666703,0.88
1.987,0,50.10618027383049,0.88
1.988,0,50.11986874561364,0.88
1.989,0,50.13355029551845,0.88
1.99,0,50.14722492704513,0.88
1.991,0,50.1608926436921,0.88
1.992,0,50.17455344895603,0.88
1.993,0,50.18820734633181,0.88
1.994,0,50.20185433931256,0.88
1.995,0,50.21549443138965,0.88
1.996,0,50.22912762605267,0.88
1.997,0,50.24275392678945,0.88
1.998,0,50.25637333708606,0.88
1.999,0,50.2699858604268,0.88
2.0,0,50.28359150029421,0.88
2.001,0,50.29719026016906,0.88
2.0020000000000002,0,50.3107821435304,0.88
2.003,0,50.32436715385546,0.88
2.004,0,50.33794529461977,0.88
2.005,0,50.35151656929705,0.88
2.0060000000000002,0,50.365080981359306,0.88
2.007,0,50.37863853427676,0.88
2.008,0,50.39218923151789,0.88
2.009,0,50.40573307654943,0.88
2.0100000000000002,0,50.419270072836355,0.88
2.011,0,50.432800223841866,0.88
2.012,0,50.44632353302744,0.88
2.013,0,50.4598400038528,0.88
2.0140000000000002,0,50.47334963977591,0.88
2.015,0,50.48685244425299,0.88
2.016,0,50.500348420738504,0.88
2.017,0,50.513837572685176,0.88
2.0180000000000002,0,50.52656310774138,0.8
2.019,0,50.5313534725361,0.8
2.02,0,50.53614141497697,0.8
2.021,0,50.540926936288905,0.8
2.0220000000000002,0,50.54571003769622,0.8
2.023,0,50.550490720422566,0.8
2.024,0,50.555268985691015,0.8
2.025,0,50.56688169566847,0.88
2.0260000000000002,0,50.58033720359399,0.88
2.027,0,50.593785907444484,0.88
2.028,0,50.6072278106606,0.88
2.029,0,50.620662916681226,0.88
2.0300000000000002,0,50.63409122894352,0.88
2.031,0,50.64751275088288,0.88
2.032,0,50.660927485932994,0.88
2.033,0,50.6743354375258,0.88
2.0340000000000003,0,50.68773660909151,0.88
2.035,0,50.70113100405858,0.88
2.036,0,50.714518625853756,0.88
2.037,0,50.72789947790204,0.88
2.0380000000000003,0,50.74127356362672,0.88
2.039,0,50.75464088644931,0.88
2.04,0,50.76800144978964,0.88
2.041,0,50.78135525706577,0.88
2.0420000000000003,0,50.79470231169408,0.88
2.043,0,50.808042617089185,0.88
2.044,0,50.821376176663975,0.88
2.045,0,50.83470299382964,0.88
2.0460000000000003,0,50.84802307199562,0.88
2.047,0,50.861336414569635,0.88
2.048,0,50.874643024957685,0.88
2.049,0,50.88794290656406,0.88
2.05,0,50.9012360627913,0.88
2.051,0,50.91452249704027,0.88
2.052,0,50.92780221271005,0.88
2.053,0,50.94107521319806,0.88
2.054,0,50.95434150189998,0.88
2.055,0,50.96760108220978,0.88
2.056,0,50.980853957519685,0.88
2.057,0,50.994100131220236,0.88
2.058,0,51.007339606700256,0.88
2.059,0,51.02057238734685,0.88
2.06,0,51.0337984765454,0.88
2.061,0,51.04125184705782,0.6
2.062,0,51.030611788971115,0.6
2.063,0,51.019977111264964,0.6
2.064,0,51.00934781121869,0.6
2.065,0,50.99872388611293,0.6
2.066,0,50.98810533322974,0.6
2.067,0,50.97749214985253,0.6
2.068,0,50.96688433326611,0.6
2.069,0,50.95628188075662,0.6
2.07,0,50.96576393270006,0.88
2.071,0,50.97901773700522,0.88
2.072,0,50.99226483923127,0.88
2.073,0,51.005505242767256,0.88
2.074,0,51.018738951000515,0.88
2.075,0,51.03196596731668,0.88
2.076,0,51.04518629509967,0.88
2.077,0,51.05839993773167,0.88
2.078,0,51.0716068985932,0.88
2.079,0,51.084807181063034,0.88
2.08,0,51.09800078851825,0.88
2.081,0,51.11118772433421,0.88
2.082,0,51.12436799188458,0.88
2.083,0,51.13754159454132,0.88
2.084,0,51.150708535674674,0.88
2.085,0,51.16386881865319,0.88
2.086,0,51.17702244684372,0.88
2.087,0,51.1901694236114,0.88
2.088,0,51.19836774569977,0.8
2.089,0,51.20281839762923,0.8
2.09,0,51.20726679898817,0.8
2.091,0,51.21171295091463,0.8
2.092,0,51.216156854546085,0.8
2.093,0,51.22059851101944,0.8
2.094,0,51.220957441053514,0.6
2.095,0,51.21022651086085,0.6
2.096,0,51.19950100700025,0.6
2.097,0,51.18878092672776,0.6
2.098,0,51.17806626730082,0.6
2.099,0,51.16735702597826,0.6
2.1,0,51.15665320002031,0.6
2.101,0,51.145954786688556,0.6
2.102,0,51.13526178324599,0.6
2.103,0,51.12457418695698,0.6
2.104,0,51.11389199508727,0.6
2.105,0,51.10321520490402,0.6
2.106,0,51.09896053455713,0.88
2.107,0,51.1121469850563,0.88
2.108,0,51.125326767535284,0.88
2.109,0,51.13849988536592,0.88
2.11,0,51.15166634191833,0.88
2.111,0,51.16482614056096,0.88
2.112,0,51.177979284660495,0.88
2.113,0,51.19112577758198,0.88
2.114,0,51.204265622688716,0.88
2.115,0,51.21739882334232,0.88
2.116,0,51.23052538290271,0.88
2.117,0,51.243645304728105,0.88
2.118,0,51.256758592175004,0.88
2.119,0,51.26986524859825,0.88
2.12,0,51.282965277350954,0.88
2.121,0,51.296058681784544,0.88
2.122,0,51.30914546524875,0.88
2.123,0,51.32222563109163,0.88
2.124,0,51.33529918265951,0.88
2.125,0,51.348366123297055,0.88
2.126,0,51.36142645634722,0.88
2.1270000000000002,0,51.37448018515129,0.88
2.128,0,51.387527313048835,0.88
2.129,0,51.40056784337776,0.88
2.13,0,51.41360177947426,0.88
2.1310000000000002,0,51.42662912467287,0.88
2.132,0,51.43964988230641,0.88
2.133,0,51.45266405570602,0.88
2.134,0,51.465671648201194,0.88
2.1350000000000002,0,51.47867266311969,0.88
2.136,0,51.48459340075523,0.8
2.137,0,51.48889931635527,0.8
2.138,0,51.49320305457391,0.8
2.1390000000000002,0,51.49750461651219,0.8
2.14,0,51.50180400327058,0.8
2.141,0,51.50610121594903,0.8
2.142,0,51.51486451601142,0.88
2.1430000000000002,0,51.527840655468914,0.88
2.144,0,51.540810233254646,0.88
2.145,0,51.55377325268669,0.88
2.146,0,51.56672971708141,0.88
2.1470000000000002,0,51.579679629753514,0.88
2.148,0,51.59262299401601,0.88
2.149,0,51.605559813180264,0.88
2.15,0,51.618490090555945,0.88
2.1510000000000002,0,51.63141382945105,0.88
2.152,0,51.64433103317191,0.88
2.153,0,51.65724170502317,0.88
2.154,0,51.67014584830782,0.88
2.1550000000000002,0,51.68304346632718,0.88
2.156,0,51.695934562380884,0.88
2.157,0,51.708819139766916,0.88
2.158,0,51.72169720178159,0.88
2.1590000000000003,0,51.734568751719536,0.88
2.16,0,51.747433792873736,0.88
2.161,0,51.760292328535485,0.88
2.162,0,51.773144361994454,0.88
2.1630000000000003,0,51.78598989653862,0.88
2.164,0,51.79882893545428,0.88
2.165,0,51.81166148202612,0.88
2.166,0,51.82448753953712,0.88
2.1670000000000003,0,51.83730711126863,0.88
2.168,0,51.85012020050031,0.88
2.169,0,51.86292681051019,0.88
2.17,0,51.87572694457464,0.88
2.1710000000000003,0,51.88852060596835,0.88
2.172,0,51.901307797964385,0.88
2.173,0,51.914088523834124,0.88
2.174,0,51.92686278684731,0.88
2.1750000000000003,0,51.93963059027203,0.88
2.176,0,51.95239193737473,0.88
2.177,0,51.96514683142017,0.88
2.178,0,51.9778952756715,0.88
2.179,0,51.990637273390185,0.88
2.18,0,52.003372827836074,0.88
2.181,0,52.01610194226733,0.88
2.182,0,52.02882461994051,0.88
2.183,0,52.04154086411049,0.88
2.184,0,52.05425067803051,0.88
2.185,0,52.066954064952185,0.88
2.186,0,52.079651028125454,0.88
2.187,0,52.073563440266526,0.6
2.188,0,52.06240137100373,0.6
2.189,0,52.051244946087984,0.6
2.19,0,52.04009416266511,0.6
2.191,0,52.028949017882354,0.6
2.192,0,52.01780950888842,0.6
2.193,0,52.00667563283345,0.6
2.194,0,51.99554738686902,0.6
2.195,0,51.984424768148145,0.6
2.196,0,51.97330777382528,0.6
2.197,0,51.962196401056346,0.6
2.198,0,51.951090646998665,0.6
2.199,0,51.93999050881101,0.6
2.2,0,51.92889598365359,0.6
2.201,0,51.91780706868806,0.6
2.202,0,51.90672376107751,0.6
2.203,0,51.89564605798644,0.6
2.204,0,51.8845739565808,0.6
2.205,0,51.87350745402799,0.6
2.206,0,51.86372980130771,0.88
2.207,0,51.876529529322106,0.88
2.208,0,51.889322784871105,0.88
2.209,0,51.90210957122764,0.88
2.21,0,51.91488989166301,0.88
2.211,0,51.927663749446836,0.88
2.212,0,51.94043114784712,0.88
2.213,0,51.95319209013017,0.88
2.214,0,51.96594657956069,0.88
2.215,0,51.97869461940169,0.88
2.216,0,51.99143621291456,0.88
2.217,0,52.004171363359006,0.88
2.218,0,52.01690007399313,0.88
2.219,0,52.02962234807336,0.88
2.22,0,52.04233818885448,0.88
2.221,0,52.05504759958962,0.88
2.222,0,52.06775058353029,0.88
2.223,0,52.08044714392633,0.88
2.224,0,52.09313728402596,0.88
2.225,0,52.09903677815006,0.8
2.226,0,52.10303198687421,0.8
2.227,0,52.10702517533275,0.8
2.228,0,52.11101634454728,0.8
2.229,0,52.11500549553888,0.8
2.23,0,52.1189926293281,0.8
2.231,0,52.12715648926468,0.88
2.232,0,52.13982300975134,0.88
2.233,0,52.152483125131916,0.88
2.234,0,52.16513683864531,0.88
2.235,0,52.17778415352875,0.88
2.236,0,52.19042507301786,0.88
2.237,0,52.203059600346606,0.88
2.238,0,52.21568773874732,0.88
2.239,0,52.22116979191925,0.6
2.24,0,52.20993308224193,0.6
2.241,0,52.19870205465526,0.6
2.242,0,52.187476706285935,0.6
2.243,0,52.17625703426215,0.6
2.244,0,52.16504303571352,0.6
2.245,0,52.15383470777115,0.6
2.246,0,52.14263204756756,0.6
2.247,0,52.13143505223674,0.6
2.248,0,52.14169611409447,0.88
2.249,0,52.15435528229844,0.88
2.25,0,52.16700804911417,0.88
2.251,0,52.17965441777868,0.88
2.2520000000000002,0,52.19229439152733,0.88
2.253,0,52.20492797359385,0.88
2.254,0,52.217555167210335,0.88
2.255,0,52.23017597560724,0.88
2.2560000000000002,0,52.24279040201341,0.88
2.257,0,52.25539844965603,0.88
2.258,0,52.26800012176065,0.88
2.259,0,52.280595421551226,0.88
2.2600000000000002,0,52.29318435225005,0.88
2.261,0,52.305766917077776,0.88
2.262,0,52.31834311925347,0.88
2.263,0,52.33091296199454,0.88
2.2640000000000002,0,52.34347644851678,0.88
2.265,0,52.35603358203434,0.88
2.266,0,52.36858436575976,0.88
2.267,0,52.381128802903966,0.88
2.2680000000000002,0,52.39366689667624,0.88
2.269,0,52.40619865028424,0.88
2.27,0,52.41872406693402,0.88
2.271,0,52.431243149829996,0.88
2.2720000000000002,0,52.443755902174985,0.88
2.273,0,52.45626232717015,0.88
2.274,0,52.4581525852106,0.6
2.275,0,52.44679603994541,0.6
2.2760000000000002,0,52.43544523736837,0.6
2.277,0,52.42410017457556,0.6
2.278,0,52.41276084866453,0.6
2.279,0,52.4014272567343,0.6
2.2800000000000002,0,52.39009939588536,0.6
2.281,0,52.378777263219646,0.6
2.282,0,52.368527190290926,0.88
2.283,0,52.38107165634717,0.88
2.2840000000000003,0,52.39360977901686,0.88
2.285,0,52.406141561507674,0.88
2.286,0,52.418667007025654,0.88
2.287,0,52.43118611877524,0.88
2.2880000000000003,0,52.44369889995924,0.88
2.289,0,52.456205353778834,0.88
2.29,0,52.4687054834336,0.88
2.291,0,52.4811992921215,0.88
2.2920000000000003,0,52.49368678303887,0.88
2.293,0,52.50616795938042,0.88
2.294,0,52.51864282433926,0.88
2.295,0,52.53111138110688,0.88
2.2960000000000003,0,52.54357363287316,0.88
2.297,0,52.556029582826355,0.88
2.298,0,52.568479234153116,0.88
2.299,0,52.5809225900385,0.88
2.3000000000000003,0,52.593359653665914,0.88
2.301,0,52.60579042821719,0.88
2.302,0,52.61821491687253,0.88
2.303,0,52.63063312281054,0.88
2.3040000000000003,0,52.643045049208226,0.88
2.305,0,52.65545069924096,0.88
2.306,0,52.66785007608253,0.88
2.307,0,52.680243182905116,0.88
2.308,0,52.6926300228793,0.88
2.309,0,52.70501059917403,0.88
2.31,0,52.717384914956696,0.88
2.311,0,52.72975297339305,0.88
2.312,0,52.74211477764726,0.88
2.313,0,52.7544703308819,0.88
2.314,0,52.766819636257935,0.88
2.315,0,52.77916269693472,0.88
2.316,0,52.79149951607003,0.88
2.317,0,52.803830096820064,0.88
2.318,0,52.816154442339354,0.88
2.319,0,52.816561475067594,0.6
2.32,0,52.80502369242472,0.6
2.321,0,52.793491744116665,0.6
2.322,0,52.781965627193195,0.6
2.323,0,52.77044533870553,0.6
2.324,0,52.75893087570638,0.6
2.325,0,52.74742223524998,0.6
2.326,0,52.735919414392015,0.6
2.327,0,52.72679024584194,0.88
2.328,0,52.73915354826484,0.88
2.329,0,52.75151059891057,0.88
2.33,0,52.7638614009405,0.88
2.331,0,52.776205957514364,0.88
2.332,0,52.78854427179032,0.88
2.333,0,52.80087634692494,0.88
2.334,0,52.81320218607316,0.88
2.335,0,52.82552179238836,0.88
2.336,0,52.8378351690223,0.88
2.337,0,52.85014231912517,0.88
2.338,0,52.86244324584554,0.88
2.339,0,52.8747379523304,0.88
2.34,0,52.887026441725155,0.88
2.341,0,52.899308717173625,0.88
2.342,0,52.91158478181801,0.88
2.343,0,52.92385463879894,0.88
2.344,0,52.93611829125548,0.88
2.345,0,52.94837574232507,0.88
2.346,0,52.96062699514357,0.88
2.347,0,52.972872052845275,0.88
2.348,0,52.98511091856288,0.88
2.349,0,52.99734359542751,0.88
2.35,0,53.00957008656866,0.88
2.351,0,53.02179039511431,0.88
2.352,0,53.03400452419082,0.88
2.353,0,53.046212476922975,0.88
2.354,0,53.05841425643398,0.88
2.355,0,53.07060986584544,0.88
2.356,0,53.08279930827743,0.88
2.357,0,53.09498258684842,0.88
2.358,0,53.10715970467528,0.88
2.359,0,53.119330664873345,0.88
2.36,0,53.131495470556345,0.88
2.361,0,53.14365412483646,0.88
2.362,0,53.15580663082427,0.88
2.363,0,53.167952991628795,0.88
2.364,0,53.180093210357484,0.88
2.365,0,53.192227290116236,0.88
2.366,0,53.20435523400931,0.88
2.367,0,53.216477045139484,0.88
2.368,0,53.228592726607914,0.88
2.369,0,53.240702281514196,0.88
2.37,0,53.25280571295636,0.88
2.371,0,53.26490302403086,0.88
2.372,0,53.27699421783261,0.88
2.373,0,53.289079297454954,0.88
2.374,0,53.30115826598964,0.88
2.375,0,53.31323112652689,0.88
2.376,0,53.32529788215533,0.88
2.3770000000000002,0,53.33735853596207,0.88
2.378,0,53.3494130910326,0.88
2.379,0,53.3614615504509,0.88
2.38,0,53.373503917299374,0.88
2.3810000000000002,0,53.38554019465885,0.88
2.382,0,53.397570385608624,0.88
2.383,0,53.40959449322642,0.88
2.384,0,53.421612520588404,0.88
2.3850000000000002,0,53.4336244707692,0.88
2.386,0,53.44563034684187,0.88
2.387,0,53.45763015187791,0.88
2.388,0,53.46962388894728,0.88
2.3890000000000002,0,53.4816115611184,0.88
2.39,0,53.49359317145809,0.88
2.391,0,53.50556872303166,0.88
2.392,0,53.51753821890286,0.88
2.3930000000000002,0,53.529501662133896,0.88
2.394,0,53.53901752417518,0.8
2.395,0,53.5422845748047,0.8
2.396,0,53.54554997337784,0.8
2.3970000000000002,0,53.548813720730024,0.8
2.398,0,53.552075817696206,0.8
2.399,0,53.55533626511095,0.8
2.4,0,53.55859506380839,0.8
2.4010000000000002,0,53.570373214982325,0.88
2.402,0,53.582309941029685,0.88
2.403,0,53.59424063100766,0.88
2.404,0,53.60616528796852,0.88
2.4050000000000002,0,53.61808391496301,0.88
2.406,0,53.62999651504028,0.88
2.407,0,53.64190309124801,0.88
2.408,0,53.653803646632284,0.88
2.4090000000000003,0,53.66569818423768,0.88
2.41,0,53.677586707107196,0.88
2.411,0,53.68946921828234,0.88
2.412,0,53.70134572080304,0.88
2.4130000000000003,0,53.713216217707725,0.88
2.414,0,53.72508071203325,0.88
2.415,0,53.73693920681495,0.88
2.416,0,53.74879170508664,0.88
2.4170000000000003,0,53.76063820988058,0.88
2.418,0,53.77247872422751,0.88
2.419,0,53.78431325115663,0.88
2.42,0,53.79614179369561,0.88
2.4210000000000003,0,53.80796435487059,0.88
2.422,0,53.81978093770617,0.88
2.423,0,53.83159154522544,0.88
2.424,0,53.84339618044995,0.88
2.4250000000000003,0,53.855194846399726,0.88
2.426,0,53.86698754609324,0.88
2.427,0,53.8787742825475,0.88
2.428,0,53.89055505877791,0.88
2.4290000000000003,0,53.90232987779842,0.88
2.43,0,53.91409874262141,0.88
2.431,0,53.92586165625775,0.88
2.432,0,53.9376186217168,0.88
2.433,0,53.949369642006374,0.88
2.434,0,53.9611147201328,0.88
2.435,0,53.96462971237149,0.6
2.436,0,53.952511383646666,0.6
2.437,0,53.94039918282263,0.6
2.438,0,53.92829310680068,0.6
2.439,0,53.91619315248367,0.6
2.44,0,53.904099316776026,0.6
2.441,0,53.89201159658374,0.6
2.442,0,53.87992998881437,0.6
2.443,0,53.86785449037703,0.6
2.444,0,53.87832161150254,0.88
2.445,0,53.89010261663608,0.88
2.446,0,53.90187766444396,0.88
2.447,0,53.91364675793862,0.88
2.448,0,53.925409900131015,0.88
2.449,0,53.93716709403053,0.88
2.45,0,53.94891834264507,0.88
2.451,0,53.96066364898098,0.88
2.452,0,53.97240301604312,0.88
2.453,0,53.98413644683481,0.88
2.454,0,53.99586394435785,0.88
2.455,0,54.00758551161254,0.88
2.456,0,54.019301151597645,0.88
2.457,0,54.031010867310414,0.88
2.458,0,54.0427146617466,0.88
2.459,0,54.05441253790042,0.88
2.46,0,54.066104498764574,0.88
2.461,0,54.077790547330274,0.88
2.462,0,54.089470686587205,0.88
2.463,0,54.10114491952353,0.88
2.464,0,54.112813249125914,0.88
2.465,0,54.12447567837951,0.88
2.466,0,54.13613221026796,0.88
2.467,0,54.1477828477734,0.88
2.468,0,54.159427593876444,0.88
2.469,0,54.171066451556214,0.88
2.47,0,54.18269942379034,0.88
2.471,0,54.1943265135549,0.88
2.472,0,54.20594772382451,0.88
2.473,0,54.21756305757226,0.88
2.474,0,54.22917251776975,0.88
2.475,0,54.235588475642714,0.6
2.476,0,54.22333313062977,0.6
2.477,0,54.211083982802926,0.6
2.478,0,54.19884102902844,0.6
2.479,0,54.18660426617417,0.6
2.48,0,54.17437369110952,0.6
2.481,0,54.16214930070551,0.6
2.482,0,54.149931091834716,0.6
2.483,0,54.13771906137133,0.6
2.484,0,54.12551320619109,0.6
2.485,0,54.11331352317132,0.6
2.486,0,54.10112000919094,0.6
2.487,0,54.09412029287479,0.88
2.488,0,54.10579217463493,0.88
2.489,0,54.11745815425003,0.88
2.49,0,54.129118234704684,0.88
2.491,0,54.1407724189819,0.88
2.492,0,54.15242071006323,0.88
2.493,0,54.164063110928694,0.88
2.494,0,54.175699624556806,0.88
2.495,0,54.18733025392458,0.88
2.496,0,54.19895500200752,0.88
2.497,0,54.21057387177963,0.88
2.498,0,54.22218686621341,0.88
2.499,0,54.23379398827985,0.88
2.5,0,54.24539524094845,0.88
2.501,0,54.256990627187186,0.88
2.5020000000000002,0,54.26858014996256,0.88
2.503,0,54.280163812239564,0.88
2.504,0,54.29174161698168,0.88
2.505,0,54.30331356715091,0.88
2.5060000000000002,0,54.29234315238759,0.6
2.507,0,54.2800591081178,0.6
2.508,0,54.267781275546525,0.6
2.509,0,54.25550965153269,0.6
2.5100000000000002,0,54.2432442329368,0.6
2.511,0,54.23098501662095,0.6
2.512,0,54.21873199944881,0.6
2.513,0,54.20648517828566,0.6
2.5140000000000002,0,54.19424454999834,0.6
2.515,0,54.18201011145529,0.6
2.516,0,54.16978185952653,0.6
2.517,0,54.157559791083656,0.6
2.5180000000000002,0,54.16788041632,0.88
2.519,0,54.17951499964327,0.88
2.52,0,54.191143699682286,0.88
2.521,0,54.20276651941208,0.88
2.5220000000000002,0,54.21438346180617,0.88
2.523,0,54.22599452983654,0.88
2.524,0,54.237599726473704,0.88
2.525,0,54.249199054686656,0.88
2.5260000000000002,0,54.2607925174429,0.88
2.527,0,54.27238011770843,0.88
2.528,0,54.28396185844774,0.88
2.529,0,54.295537742623836,0.88
2.5300000000000002,0,54.307107773198226,0.88
2.531,0,54.31867195313089,0.88
2.532,0,54.33023028538035,0.88
2.533,0,54.34178277290361,0.88
2.5340000000000003,0,54.35332941865621,0.88
2.535,0,54.36487022559213,0.88
2.536,0,54.376405196663924,0.88
2.537,0,54.38793433482262,0.88
2.5380000000000003,0,54.399457643017755,0.88
2.539,0,54.41097512419738,0.88
2.54,0,54.42248678130805,0.88
2.541,0,54.43399261729485,0.88
2.5420000000000003,0,54.445492635101346,0.88
2.543,0,54.45698683766963,0.88
2.544,0,54.46421752566249,0.8
2.545,0,54.467016728459946,0.8
2.5460000000000003,0,54.46981451577863,0.8
2.547,0,54.472610888334316,0.8
2.548,0,54.4754058468424,0.8
2.549,0,54.478199392017935,0.8
2.5500000000000003,0,54.48264335685321,0.88
2.551,0,54.49411877333783,0.88
2.552,0,54.50558838702445,0.88
2.553,0,54.517052200847374,0.88
2.5540000000000003,0,54.52851021773944,0.88
2.555,0,54.53996244063198,0.88
2.556,0,54.55140887245487,0.88
2.557,0,54.56284951613648,0.88
2.5580000000000003,0,54.574284374603735,0.88
2.559,0,54.58571345078203,0.88
2.56,0,54.59713674759532,0.88
2.561,0,54.60855426796607,0.88
2.562,0,54.61996601481526,0.88
2.563,0,54.63137199106241,0.88
2.564,0,54.64277219962554,0.88
2.565,0,54.654166643421206,0.88
2.566,0,54.665555325364494,0.88
2.567,0,54.67693824836903,0.88
2.568,0,54.68831541534691,0.88
2.569,0,54.691718418884165,0.8
2.57,0,54.694402580826115,0.8
2.571,0,54.697085385462245,0.8
2.572,0,54.69976683347891,0.8
2.573,0,54.70244692556211,0.8
2.574,0,54.705125662397506,0.8
2.575,0,54.71316614810042,0.88
2.576,0,54.72452499564,0.88
2.577,0,54.73587809932724,0.88
2.578,0,54.747225462066645,0.88
2.579,0,54.758567086761246,0.88
2.58,0,54.76990297631262,0.88
2.581,0,54.78123313362087,0.88
2.582,0,54.792557561584616,0.88
2.583,0,54.80387626310105,0.88
2.584,0,54.81518924106586,0.88
2.585,0,54.82649649837329,0.88
2.586,0,54.837798037916116,0.88
2.587,0,54.84909386258566,0.88
2.588,0,54.86038397527177,0.88
2.589,0,54.87166837886283,0.88
2.59,0,54.88294707624577,0.88
2.591,0,54.894220070306076,0.88
2.592,0,54.90548736392775,0.88
2.593,0,54.90852481326401,0.6
2.594,0,54.895929183116856,0.6
2.595,0,54.88333992222851,0.6
2.596,0,54.87075702737822,0.6
2.597,0,54.85818049534684,0.6
2.598,0,54.8456103229169,0.6
2.599,0,54.83304650687249,0.6
2.6,0,54.820489043999395,0.6
2.601,0,54.80793793108498,0.6
2.602,0,54.81792967823838,0.88
2.603,0,54.82923554978318,0.88
2.604,0,54.84053570426412,0.88
2.605,0,54.851830144572155,0.88
2.606,0,54.86311887359679,0.88
2.607,0,54.87440189422606,0.88
2.608,0,54.88567920934654,0.88
2.609,0,54.89695082184335,0.88
2.61,0,54.90821673460014,0.88
2.611,0,54.91947695049912,0.88
2.612,0,54.930731472421016,0.88
2.613,0,54.94198030324513,0.88
2.614,0,54.95322344584929,0.88
2.615,0,54.96446090310987,0.88
2.616,0,54.97569267790177,0.88
2.617,0,54.98691877309847,0.88
2.618,0,54.998139191571994,0.88
2.619,0,55.009353936192895,0.88
2.62,0,55.02056300983027,0.88
2.621,0,55.03176641535179,0.88
2.622,0,55.04296415562366,0.88
2.623,0,55.05415623351064,0.88
2.624,0,55.06534265187604,0.88
2.625,0,55.07652341358171,0.88
2.626,0,55.087698521488086,0.88
2.6270000000000002,0,55.09886797845412,0.88
2.628,0,55.11003178733735,0.88
2.629,0,55.12118995099384,0.88
2.63,0,55.132342472278225,0.88
2.6310000000000002,0,55.13923165176589,0.8
2.632,0,55.141689518749466,0.8
2.633,0,55.144146142858276,0.8
2.634,0,55.14660152472079,0.8
2.6350000000000002,0,55.1490556649652,0.8
2.636,0,55.15150856421935,0.8
2.637,0,55.15561205538836,0.88
2.638,0,55.16674717037478,0.88
2.6390000000000002,0,55.17787665464415,0.88
2.64,0,55.1890005110438,0.88
2.641,0,55.20011874241956,0.88
2.642,0,55.211231351615865,0.88
2.6430000000000002,0,55.22233834147569,0.88
2.644,0,55.23343971484057,0.88
2.645,0,55.24453547455062,0.88
2.646,0,55.255625623444494,0.88
2.6470000000000002,0,55.266710164359445,0.88
2.648,0,55.27778910013126,0.88
2.649,0,55.2888624335943,0.88
2.65,0,55.29993016758151,0.88
2.6510000000000002,0,55.31099230492437,0.88
2.652,0,55.322048848452965,0.88
2.653,0,55.33309980099591,0.88
2.654,0,55.34414516538043,0.88
2.6550000000000002,0,55.3551849444323,0.88
2.656,0,55.36621914097586,0.88
2.657,0,55.37724775783403,0.88
2.658,0,55.38827079782829,0.88
2.6590000000000003,0,55.39928826377873,0.88
2.66,0,55.410300158503965,0.88
2.661,0,55.421306484821216,0.88
2.662,0,55.432307245546276,0.88
2.6630000000000003,0,55.44330244349351,0.88
2.664,0,55.447586167804744,0.6
2.665,0,55.43471794936785,0.6
2.666,0,55.42185623803007,0.6
2.6670000000000003,0,55.40900103050092,0.6
2.668,0,55.39615232349162,0.6
2.669,0,55.38331011371504,0.6
2.67,0,55.370474397885715,0.6
2.6710000000000003,0,55.35764517271981,0.6
2.672,0,55.34482243493521,0.6
2.673,0,55.332006181251415,0.6
2.674,0,55.319196408389594,0.6
2.6750000000000003,0,55.30639311307257,0.6
2.676,0,55.293596292024844,0.6
2.677,0,55.28080594197255,0.6
2.678,0,55.268022059643485,0.6
2.6790000000000003,0,55.255244641767106,0.6
2.68,0,55.242473685074515,0.6
2.681,0,55.22970918629848,0.6
2.682,0,55.216951142173414,0.6
2.6830000000000003,0,55.20419954943536,0.6
2.684,0,55.19145440482204,0.6
2.685,0,55.17871570507283,0.6
2.686,0,55.165983446928735,0.6
2.6870000000000003,0,55.15325762713241,0.6
2.688,0,55.14053824242817,0.6
2.689,0,55.12782528956197,0.6
2.69,0,55.115118765281395,0.6
2.691,0,55.102418666335694,0.6
2.692,0,55.08972498947576,0.6
2.693,0,55.077037731454126,0.6
2.694,0,55.06435688902496,0.6
2.695,0,55.05168245894407,0.6
2.696,0,55.0520821444633,0.88
2.697,0,55.063269611637665,0.88
2.698,0,55.074451421621966,0.88
2.699,0,55.085627577276874,0.88
2.7,0,55.096798081461635,0.88
2.701,0,55.10796293703403,0.88
2.702,0,55.1191221468504,0.88
2.703,0,55.13027571376567,0.88
2.704,0,55.14142364063327,0.88
2.705,0,55.15256593030523,0.88
2.706,0,55.16370258563212,0.88
2.707,0,55.17483360946308,0.88
2.708,0,55.18595900464578,0.88
2.709,0,55.19707877402649,0.88
2.71,0,55.20819292045,0.88
2.711,0,55.21930144675971,0.88
2.712,0,55.23040435579754,0.88
2.713,0,55.24150165040398,0.88
2.714,0,55.252593333418105,0.88
2.715,0,55.26367940767753,0.88
2.716,0,55.27475987601846,0.88
2.717,0,55.285834741275636,0.88
2.718,0,55.29690400628238,0.88
2.719,0,55.3079676738706,0.88
2.72,0,55.31902574687075,0.88
2.721,0,55.33007822811184,0.88
2.722,0,55.34112512042148,0.88
2.723,0,55.352166426625836,0.88
2.724,0,55.36320214954965,0.88
2.725,0,55.37423229201622,0.88
2.726,0,55.385256856847434,0.88
2.727,0,55.396275846863745,0.88
2.728,0,55.407289264884184,0.88
2.729,0,55.418297113726354,0.88
2.73,0,55.429299396206424,0.88
2.731,0,55.44029611513916,0.88
2.732,0,55.4512872733379,0.88
2.733,0,55.46227287361452,0.88
2.734,0,55.47325291877954,0.88
2.735,0,55.484227411641996,0.88
2.736,0,55.49519635500957,0.88
2.737,0,55.50615975168844,0.88
2.738,0,55.51711760448346,0.88
2.739,0,55.52806991619798,0.88
2.74,0,55.53901668963398,0.88
2.741,0,55.549957927592025,0.88
2.742,0,55.56089363287124,0.88
2.743,0,55.57182380826934,0.88
2.744,0,55.582748456582664,0.88
2.745,0,55.593667580606066,0.88
2.746,0,55.60458118313304,0.88
2.747,0,55.61548926695566,0.88
2.748,0,55.62639183486458,0.88
2.749,0,55.63728888964903,0.88
2.75,0,55.648180434096844,0.88
2.751,0,55.65906647099446,0.88
2.7520000000000002,0,55.66994700312689,0.88
2.753,0,55.680822033277735,0.88
2.754,0,55.69169156422919,0.88
2.755,0,55.70255559876205,0.88
2.7560000000000002,0,55.71341413965571,0.88
2.757,0,55.72426718968814,0.88
2.758,0,55.73511475163592,0.88
2.759,0,55.732889121779834,0.6
2.7600000000000002,0,55.71987663359772,0.6
2.761,0,55.706870725467894,0.6
2.762,0,55.693871394063,0.6
2.763,0,55.680878636057386,0.6
2.7640000000000002,0,55.66789244812705,0.6
2.765,0,55.6549128269497,0.6
2.766,0,55.64193976920471,0.6
2.767,0,55.628973271573145,0.6
2.7680000000000002,0,55.616013330737715,0.6
2.769,0,55.603059943382846,0.6
2.77,0,55.59011310619463,0.6
2.771,0,55.57717281586082,0.6
2.7720000000000002,0,55.564239069070865,0.6
2.773,0,55.55131186251586,0.6
2.774,0,55.53839119288861,0.6
2.775,0,55.525477056883574,0.6
2.7760000000000002,0,55.51256945119686,0.6
2.777,0,55.49966837252629,0.6
2.778,0,55.48677381757132,0.6
2.779,0,55.4774104784986,0.88
2.7800000000000002,0,55.488382868999096,0.88
2.781,0,55.49934971106779,0.88
2.782,0,55.51031100751037,0.88
2.783,0,55.52126676113111,0.88
2.7840000000000003,0,55.53221697473286,0.88
2.785,0,55.543161651117046,0.88
2.786,0,55.55410079308369,0.88
2.787,0,55.56503440343139,0.88
2.7880000000000003,0,55.575962484957344,0.88
2.789,0,55.586885040457304,0.88
2.79,0,55.59780207272563,0.88
2.791,0,55.608713584555275,0.88
2.7920000000000003,0,55.61961957873777,0.88
2.793,0,55.630520058063226,0.88
2.794,0,55.64141502532036,0.88
2.795,0,55.652304483296476,0.88
2.7960000000000003,0,55.66318843477746,0.88
2.797,0,55.674066882547784,0.88
2.798,0,55.68493982939052,0.88
2.799,0,55.69580727808736,0.88
2.8000000000000003,0,55.70666923141853,0.88
2.801,0,55.7175256921629,0.88
2.802,0,55.72837666309792,0.88
2.803,0,55.73922214699962,0.88
2.8040000000000003,0,55.75006214664266,0.88
2.805,0,55.76089666480026,0.88
2.806,0,55.77172570424426,0.88
2.807,0,55.78254926774509,0.88
2.8080000000000003,0,55.79336735807179,0.88
2.809,0,55.80417997799198,0.88
2.81,0,55.81498713027189,0.88
2.811,0,55.82578881767637,0.88
2.8120000000000003,0,55.83658504296885,0.88
2.813,0,55.84737580891135,0.88
2.814,0,55.85816111826453,0.88
2.815,0,55.86894097378763,0.88
2.816,0,55.8797153782385,0.88
2.817,0,55.890484334373596,0.88
2.818,0,55.901247844947974,0.88
2.819,0,55.9120059127153,0.88
2.82,0,55.92275854042786,0.88
2.821,0,55.93350573083653,0.88
2.822,0,55.94424748669081,0.88
2.823,0,55.954983810738796,0.88
2.824,0,55.96571470572721,0.88
2.825,0,55.97644017440136,0.88
2.826,0,55.9871602195052,0.88
2.827,0,55.99787484378126,0.88
2.828,0,56.008584049970715,0.88
2.829,0,56.01928784081334,0.88
2.83,0,56.029986219047515,0.88
2.831,0,56.040679187410255,0.88
2.832,0,56.05136674863718,0.88
2.833,0,56.06204890546252,0.88
2.834,0,56.06486299351887,0.6
2.835,0,56.051682635410316,0.6
2.836,0,56.03850894224119,0.6
2.837,0,56.0253419106412,0.6
2.838,0,56.01218153724181,0.6
2.839,0,55.999027818676126,0.6
2.84,0,55.985880751578996,0.6
2.841,0,55.97274033258695,0.6
2.842,0,55.95960655833825,0.6
2.843,0,55.9464794254728,0.6
2.844,0,55.93335893063227,0.6
2.845,0,55.92024507045997,0.6
2.846,0,55.91500050870121,0.88
2.847,0,55.925751622130115,0.88
2.848,0,55.93649729902086,0.88
2.849,0,55.947237542122565,0.88
2.85,0,55.95797235418293,0.88
2.851,0,55.96870173794828,0.88
2.852,0,55.97942569616356,0.88
2.853,0,55.99014423157233,0.88
2.854,0,56.00085734691673,0.88
2.855,0,56.01156504493754,0.88
2.856,0,56.02226732837417,0.88
2.857,0,56.0329641999646,0.88
2.858,0,56.04365566244546,0.88
2.859,0,56.05434171855198,0.88
2.86,0,56.065022371018024,0.88
2.861,0,56.07569762257606,0.88
2.862,0,56.08636747595716,0.88
2.863,0,56.097031933891046,0.88
2.864,0,56.10769099910605,0.88
2.865,0,56.11834467432911,0.88
2.866,0,56.12899296228579,0.88
2.867,0,56.13963586570029,0.88
2.868,0,56.15027338729543,0.88
2.869,0,56.16090552979262,0.88
2.87,0,56.171532295911945,0.88
2.871,0,56.18215368837208,0.88
2.872,0,56.19276970989033,0.88
2.873,0,56.20338036318264,0.88
2.874,0,56.213985650963565,0.88
2.875,0,56.22458557594629,0.88
2.876,0,56.235180140842644,0.88
2.8770000000000002,0,56.24576934836307,0.88
2.878,0,56.25635320121664,0.88
2.879,0,56.26693170211106,0.88
2.88,0,56.27750485375266,0.88
2.8810000000000002,0,56.28807265884643,0.88
2.882,0,56.29863512009595,0.88
2.883,0,56.30919224020346,0.88
2.884,0,56.31974402186982,0.88
2.8850000000000002,0,56.33029046779454,0.88
2.886,0,56.340831580675754,0.88
2.887,0,56.35136736321022,0.88
2.888,0,56.36189781809337,0.88
2.8890000000000002,0,56.37242294801923,0.88
2.89,0,56.38294275568049,0.88
2.891,0,56.39345724376846,0.88
2.892,0,56.40396641497311,0.88
2.8930000000000002,0,56.41447027198305,0.88
2.894,0,56.42496881748549,0.88
2.895,0,56.43546205416635,0.88
2.896,0,56.44594998471011,0.88
2.8970000000000002,0,56.456432611799976,0.88
2.898,0,56.46690993811773,0.88
2.899,0,56.47738196634383,0.88
2.9,0,56.48784869915738,0.88
2.9010000000000002,0,56.498310139236125,0.88
2.902,0,56.50876628925644,0.88
2.903,0,56.51921715189336,0.88
2.904,0,56.529662729820586,0.88
2.9050000000000002,0,56.54010302571043,0.88
2.906,0,56.550538042233875,0.88
2.907,0,56.56096778206055,0.88
2.908,0,56.57139224785874,0.88
2.9090000000000003,0,56.58181144229537,0.88
2.91,0,56.59222536803602,0.88
2.911,0,56.60263402774491,0.88
2.912,0,56.61303742408495,0.88
2.9130000000000003,0,56.62343555971767,0.88
2.914,0,56.63382843730325,0.88
2.915,0,56.64421605950055,0.88
2.916,0,56.65459842896706,0.88
2.9170000000000003,0,56.66497554835897,0.88
2.918,0,56.675347420331065,0.88
2.919,0,56.685714047536834,0.88
2.92,0,56.69607543262839,0.88
2.9210000000000003,0,56.706431578256556,0.88
2.922,0,56.71678248707076,0.88
2.923,0,56.727128161719115,0.88
2.924,0,56.737468604848395,0.88
2.9250000000000003,0,56.74780381910404,0.88
2.926,0,56.73725961848268,0.6
2.927,0,56.72373924815756,0.6
2.928,0,56.71022571470655,0.6
2.9290000000000003,0,56.696719014672446,0.6
2.93,0,56.683219144599775,0.6
2.931,0,56.669726101034826,0.6
2.932,0,56.656239880525604,0.6
2.9330000000000003,0,56.6427604796219,0.6
2.934,0,56.62928789487522,0.6
2.935,0,56.61582212283882,0.6
2.936,0,56.60236316006771,0.6
2.9370000000000003,0,56.58891100311863,0.6
2.938,0,56.57546564855007,0.6
2.939,0,56.56202709292226,0.6
2.94,0,56.548595332797156,0.6
2.9410000000000003,0,56.535170364738455,0.6
2.942,0,56.52175218531162,0.6
2.943,0,56.50834079108381,0.6
2.944,0,56.49493617862395,0.6
2.945,0,56.484918434042996,0.88
2.946,0,56.49538135587507,0.88
2.947,0,56.50583898689943,0.88
2.948,0,56.5162913297915,0.88
2.949,0,56.526738387225336,0.88
2.95,0,56.537180161873664,0.88
2.951,0,56.54761665640782,0.88
2.952,0,56.55804787349781,0.88
2.953,0,56.56847381581231,0.88
2.954,0,56.57889448601862,0.88
2.955,0,56.58930988678269,0.88
2.956,0,56.59972002076913,0.88
2.957,0,56.6101248906412,0.88
2.958,0,56.620524499060835,0.88
2.959,0,56.63091884868859,0.88
2.96,0,56.64130794218369,0.88
2.961,0,56.65169178220401,0.88
2.962,0,56.662070371406095,0.88
2.963,0,56.67244371244514,0.88
2.964,0,56.68281180797497,0.88
2.965,0,56.693174660648125,0.88
2.966,0,56.70353227311577,0.88
2.967,0,56.7138846480277,0.88
2.968,0,56.72423178803243,0.88
2.969,0,56.73457369577709,0.88
2.97,0,56.74491037390749,0.88
2.971,0,56.75524182506811,0.88
2.972,0,56.76556805190207,0.88
2.973,0,56.775889057051174,0.88
2.974,0,56.78620484315589,0.88
2.975,0,56.79651541285533,0.88
2.976,0,56.80682076878729,0.88
2.977,0,56.81712091358822,0.88
2.978,0,56.82741584989326,0.88
2.979,0,56.83770558033618,0.88
2.98,0,56.84799010754945,0.88
2.981,0,56.8582694341642,0.88
2.982,0,56.86854356281023,0.88
2.983,0,56.878812496116,0.88
2.984,0,56.88907623670865,0.88
2.985,0,56.89933478721399,0.88
2.986,0,56.90958815025651,0.88
2.987,0,56.919836328459354,0.88
2.988,0,56.930079324444364,0.88
2.989,0,56.94031714083203,0.88
2.99,0,56.95054978024154,0.88
2.991,0,56.960777245290735,0.88
2.992,0,56.97099953859615,0.88
2.993,0,56.98121666277301,0.88
2.994,0,56.99142862043517,0.88
2.995,0,56.99825532465489,0.6
2.996,0,56.9846029760817,0.6
2.997,0,56.97095753112035,0.6
2.998,0,56.95731898627986,0.6
2.999,0,56.94368733807105,0.6
3.0,0,56.93006258300648,0.6
3.001,0,56.916444717600484,0.6
3.0020000000000002,0,56.90283373836915,0.6
3.003,0,56.889229641830326,0.6
3.004,0,56.875632424503635,0.6
3.005,0,56.862042082910456,0.6
3.0060000000000002,0,56.848458613573904,0.6
3.007,0,56.8382621025592,0.88
3.008,0,56.84854634835471,0.88
3.009,0,56.858825393694,0.88
3.0100000000000002,0,56.869099241206804,0.88
3.011,0,56.879367893521504,0.88
3.012,0,56.88963135326519,0.88
3.013,0,56.89988962306357,0.88
3.0140000000000002,0,56.91014270554108,0.88
3.015,0,56.92039060332078,0.88
3.016,0,56.93063331902445,0.88
3.017,0,56.94087085527251,0.88
3.0180000000000002,0,56.951103214684075,0.88
3.019,0,56.961330399876914,0.88
3.02,0,56.97155241346749,0.88
3.021,0,56.98176925807094,0.88
3.0220000000000002,0,56.991980936301076,0.88
3.023,0,57.00218745077039,0.88
3.024,0,57.01238880409005,0.88
3.025,0,57.0225849988699,0.88
3.0260000000000002,0,57.01204640181204,0.6
3.027,0,56.99838707947583,0.6
3.028,0,56.984734664277894,0.6
3.029,0,56.9710891527255,0.6
3.0300000000000002,0,56.95745054132763,0.6
3.031,0,56.943818826595106,0.6
3.032,0,56.93019400504046,0.6
3.033,0,56.91657607317801,0.6
3.0340000000000003,0,56.90296502752382,0.6
3.035,0,56.88936086459574,0.6
3.036,0,56.87576358091336,0.6
3.037,0,56.862173172998034,0.6
3.0380000000000003,0,56.869319273279324,0.88
3.039,0,56.879587814329945,0.88
3.04,0,56.8898511628658,0.88
3.041,0,56.9001093215126,0.88
3.0420000000000003,0,56.91036229289473,0.88
3.043,0,56.92061007963524,0.88
3.044,0,56.93085268435586,0.88
3.045,0,56.94109010967699,0.88
3.0460000000000003,0,56.95132235821772,0.88
3.047,0,56.96154943259579,0.88
3.048,0,56.97177133542763,0.88
3.049,0,56.98198806932835,0.88
3.0500000000000003,0,56.992199636911735,0.88
3.051,0,57.00240604079025,0.88
3.052,0,57.012607283575036,0.88
3.053,0,57.02280336787591,0.88
3.0540000000000003,0,57.03299429630137,0.88
3.055,0,57.04318007145861,0.88
3.056,0,57.05336069595348,0.88
3.057,0,57.06353617239054,0.88
3.0580000000000003,0,57.07370650337302,0.88
3.059,0,57.083871691502814,0.88
3.06,0,57.09403173938054,0.88
3.061,0,57.10418664960547,0.88
3.0620000000000003,0,57.11433642477557,0.88
3.063,0,57.124481067487494,0.88
3.064,0,57.13462058033659,0.88
3.065,0,57.14475496591688,0.88
3.0660000000000003,0,57.15488422682109,0.88
3.067,0,57.16500836564062,0.88
3.068,0,57.17512738496555,0.88
3.069,0,57.18524128738469,0.88
3.0700000000000003,0,57.19535007548551,0.88
3.071,0,57.205453751854165,0.88
3.072,0,57.215552319075535,0.88
3.073,0,57.225645779733156,0.88
3.074,0,57.23573413640929,0.88
3.075,0,57.24581739168487,0.88
3.076,0,57.25589554813952,0.88
3.077,0,57.26596860835159,0.88
3.078,0,57.2760365748981,0.88
3.079,0,57.28609945035478,0.88
3.08,0,57.29615723729605,0.88
3.081,0,57.30620993829503,0.88
3.082,0,57.31625755592353,0.88
3.083,0,57.32630009275208,0.88
3.084,0,57.336337551349885,0.88
3.085,0,57.34636993428489,0.88
3.086,0,57.356397244123684,0.88
3.087,0,57.36641948343163,0.88
3.088,0,57.37643665477271,0.88
3.089,0,57.38644876070968,0.88
3.09,0,57.396455803803974,0.88
3.091,0,57.40645778661572,0.88
3.092,0,57.416454711703764,0.88
3.093,0,57.426446581625655,0.88
3.094,0,57.43643339893766,0.88
3.095,0,57.44641516619473,0.88
3.096,0,57.456391885950545,0.88
3.097,0,57.466363560757486,0.88
3.098,0,57.47633019316663,0.88
3.099,0,57.48629178572779,0.88
3.1,0,57.49624834098948,0.88
3.101,0,57.50619986149891,0.88
3.102,0,57.516146349802014,0.88
3.103,0,57.52608780844345,0.88
3.104,0,57.536024239966565,0.88
3.105,0,57.54595564691344,0.88
3.106,0,57.555882031824865,0.88
3.107,0,57.56580339724034,0.88
3.108,0,57.57571974569808,0.88
3.109,0,57.58563107973502,0.88
3.11,0,57.595537401886816,0.88
3.111,0,57.60543871468785,0.88
3.112,0,57.61533502067119,0.88
3.113,0,57.62522632236866,0.88
3.114,0,57.63511262231078,0.88
3.115,0,57.6449939230268,0.88
3.116,0,57.65487022704468,0.88
3.117,0,57.66474153689113,0.88
3.118,0,57.67460785509155,0.88
3.119,0,57.68446918417009,0.88
3.12,0,57.69432552664959,0.88
3.121,0,57.704176885051645,0.88
3.122,0,57.71402326189656,0.88
3.123,0,57.72386465970338,0.88
3.124,0,57.733701080989846,0.88
3.125,0,57.72280289236605,0.6
3.126,0,57.7087841602993,0.6
3.1270000000000002,0,57.6947725171143,0.6
3.128,0,57.6807679592264,0.6
3.129,0,57.66677048305277,0.6
3.13,0,57.65278008501238,0.6
3.1310000000000002,0,57.638796761526,0.6
3.132,0,57.624820509016246,0.6
3.133,0,57.62203949910345,0.88
3.134,0,57.6319274105332,0.88
3.1350000000000002,0,57.641810321921966,0.88
3.136,0,57.651688235798126,0.88
3.137,0,57.66156115468878,0.88
3.138,0,57.67142908111977,0.88
3.1390000000000002,0,57.68129201761563,0.88
3.14,0,57.691149966699626,0.88
3.141,0,57.701002930893765,0.88
3.142,0,57.71085091271877,0.88
3.1430000000000002,0,57.72069391469407,0.88
3.144,0,57.73053193933784,0.88
3.145,0,57.740364989166984,0.88
3.146,0,57.75019306669712,0.88
3.1470000000000002,0,57.76001617444262,0.88
3.148,0,57.76983431491654,0.88
3.149,0,57.77964749063071,0.88
3.15,0,57.78945570409566,0.88
3.1510000000000002,0,57.79925895782066,0.88
3.152,0,57.809057254313714,0.88
3.153,0,57.81885059608156,0.88
3.154,0,57.82863898562967,0.88
3.1550000000000002,0,57.83842242546223,0.88
3.156,0,57.84820091808217,0.88
3.157,0,57.85797446599117,0.88
3.158,0,57.86774307168963,0.88
3.1590000000000003,0,57.87750673767668,0.88
3.16,0,57.88726546645021,0.88
3.161,0,57.89701926050681,0.88
3.162,0,57.90676812234185,0.88
3.1630000000000003,0,57.916512054449406,0.88
3.164,0,57.926251059322304,0.88
3.165,0,57.918291213469594,0.6
3.166,0,57.90417362841207,0.6
3.1670000000000003,0,57.89006318222347,0.6
3.168,0,57.875959871293915,0.6
3.169,0,57.86186369201528,0.6
3.17,0,57.847774640781296,0.6
3.1710000000000003,0,57.83369271398749,0.6
3.172,0,57.81961790803125,0.6
3.173,0,57.805550219311755,0.6
3.174,0,57.79148964423003,0.6
3.1750000000000003,0,57.777436179188896,0.6
3.176,0,57.76338982059302,0.6
3.177,0,57.76704449083136,0.88
3.178,0,57.77685907728174,0.88
3.1790000000000003,0,57.78666870076954,0.88
3.18,0,57.79647336380438,0.88
3.181,0,57.806273068894626,0.88
3.182,0,57.81606781854737,0.88
3.1830000000000003,0,57.82585761526845,0.88
3.184,0,57.83564246156241,0.88
3.185,0,57.84542235993255,0.88
3.186,0,57.8551973128809,0.88
3.1870000000000003,0,57.864967322908214,0.88
3.188,0,57.874732392514,0.88
3.189,0,57.88449252419648,0.88
3.19,0,57.89424772045263,0.88
3.1910000000000003,0,57.90399798377817,0.88
3.192,0,57.91374331666752,0.88
3.193,0,57.92348372161388,0.88
3.194,0,57.93321920110916,0.88
3.1950000000000003,0,57.931761582448104,0.6
3.196,0,57.91763718580074,0.6
3.197,0,57.90351993146676,0.6
3.198,0,57.88940981583448,0.6
3.1990000000000003,0,57.87530683529408,0.6
3.2,0,57.86121098623753,0.6
3.201,0,57.847122265058644,0.6
3.202,0,57.833040668153046,0.6
3.203,0,57.81896619191819,0.6
3.204,0,57.80489883275336,0.6
3.205,0,57.79083858705965,0.6
3.206,0,57.776785451239974,0.6
3.207,0,57.77392759689499,0.88
3.208,0,57.783738702750654,0.88
3.209,0,57.79354484740375,0.88
3.21,0,57.80334603336305,0.88
3.211,0,57.813142263136015,0.88
3.212,0,57.822933539228856,0.88
3.213,0,57.8327198641465,0.88
3.214,0,57.84250124039262,0.88
3.215,0,57.85227767046964,0.88
3.216,0,57.86204915687868,0.88
3.217,0,57.87181570211962,0.88
3.218,0,57.88157730869108,0.88
3.219,0,57.89133397909039,0.88
3.22,0,57.90108571581365,0.88
3.221,0,57.91083252135567,0.88
3.222,0,57.92057439821002,0.88
3.223,0,57.930311348869,0.88
3.224,0,57.94004337582364,0.88
3.225,0,57.94977048156373,0.88
3.226,0,57.95949266857778,0.88
3.227,0,57.96920993935307,0.88
3.228,0,57.9789222963756,0.88
3.229,0,57.9886297421301,0.88
3.23,0,57.998332279100076,0.88
3.231,0,58.008029909767764,0.88
3.232,0,58.01772263661414,0.88
3.233,0,58.02741046211894,0.88
3.234,0,58.03709338876061,0.88
3.235,0,58.04677141901639,0.88
3.236,0,58.05644455536225,0.88
3.237,0,58.06611280027288,0.88
3.238,0,58.075776156221764,0.88
3.239,0,58.08543462568111,0.88
3.24,0,58.095088211121876,0.88
3.241,0,58.104736915013774,0.88
3.242,0,58.11438073982526,0.88
3.243,0,58.12401968802356,0.88
3.244,0,58.13365376207464,0.88
3.245,0,58.14328296444321,0.88
3.246,0,58.152907297592755,0.88
3.247,0,58.1625267639855,0.88
3.248,0,58.17214136608243,0.88
3.249,0,58.18175110634328,0.88
3.25,0,58.191355987226544,0.88
3.251,0,58.200956011189476,0.88
3.2520000000000002,0,58.210551180688086,0.88
3.253,0,58.22014149817714,0.88
3.254,0,58.229726966110164,0.88
3.255,0,58.23930758693945,0.88
3.2560000000000002,0,58.24888336311603,0.88
3.257,0,58.25845429708971,0.88
3.258,0,58.26802039130907,0.88
3.259,0,58.27758164822143,0.88
3.2600000000000002,0,58.28713807027289,0.88
3.261,0,58.296689659908296,0.88
3.262,0,58.30623641957126,0.88
3.263,0,58.315778351704175,0.88
3.2640000000000002,0,58.325315458748186,0.88
3.265,0,58.3348477431432,0.88
3.266,0,58.34437520732791,0.88
3.267,0,58.353897853739745,0.88
3.2680000000000002,0,58.36341568481494,0.88
3.269,0,58.372928702988446,0.88
3.27,0,58.38243691069404,0.88
3.271,0,58.39194031036422,0.88
3.2720000000000002,0,58.40143890443029,0.88
3.273,0,58.410932695322316,0.88
3.274,0,58.42042168546911,0.88
3.275,0,58.42990587729829,0.88
3.2760000000000002,0,58.439385273236226,0.88
3.277,0,58.44885987570807,0.88
3.278,0,58.45832968713773,0.88
3.279,0,58.46779470994791,0.88
3.2800000000000002,0,58.477254946560095,0.88
3.281,0,58.486710399394525,0.88
3.282,0,58.49616107087021,0.88
3.283,0,58.50560696340496,0.88
3.2840000000000003,0,58.51504807941535,0.88
3.285,0,58.524484421316735,0.88
3.286,0,58.53391599152325,0.88
3.287,0,58.54334279244781,0.88
3.2880000000000003,0,58.552764826502106,0.88
3.289,0,58.562182096096606,0.88
3.29,0,58.57159460364058,0.88
3.291,0,58.58100235154204,0.88
3.2920000000000003,0,58.59040534220783,0.88
3.293,0,58.599803578043534,0.88
3.294,0,58.609197061453536,0.88
3.295,0,58.61858579484101,0.88
3.2960000000000003,0,58.62796978060793,0.88
3.297,0,58.6348365764747,0.6
3.298,0,58.6203566544153,0.6
3.299,0,58.60588405444859,0.6
3.3000000000000003,0,58.59141877287195,0.6
3.301,0,58.57696080598468,0.6
3.302,0,58.56251015008798,0.6
3.303,0,58.54806680148485,0.6
3.3040000000000003,0,58.53363075648021,0.6
3.305,0,58.51920201138083,0.6
3.306,0,58.504780562495355,0.6
3.307,0,58.49036640613429,0.6
3.3080000000000003,0,58.47595953861001,0.6
3.309,0,58.46407240091706,0.88
3.31,0,58.473534519797084,0.88
3.311,0,58.48299185394754,0.88
3.3120000000000003,0,58.492444405787936,0.88
3.313,0,58.501892177736536,0.88
3.314,0,58.51133517221041,0.88
3.315,0,58.5207733916254,0.88
3.3160000000000003,0,58.53020683839611,0.88
3.317,0,58.53963551493594,0.88
3.318,0,58.549059423657056,0.88
3.319,0,58.558478566970415,0.88
3.3200000000000003,0,58.567892947285756,0.88
3.321,0,58.57730256701158,0.88
3.322,0,58.586707428555194,0.88
3.323,0,58.59610753432267,0.88
3.3240000000000003,0,58.605502886718895,0.88
3.325,0,58.61489348814749,0.88
3.326,0,58.62427934101089,0.88
3.327,0,58.63366044771032,0.88
3.3280000000000003,0,58.64303681064578,0.88
3.329,0,58.65240843221606,0.88
3.33,0,58.66177531481874,0.88
3.331,0,58.671137460850176,0.88
3.332,0,58.68049487270552,0.88
3.333,0,58.68984755277873,0.88
3.334,0,58.69919550346252,0.88
3.335,0,58.708538727148394,0.88
3.336,0,58.7178772262267,0.88
3.337,0,58.727211003086516,0.88
3.338,0,58.73654006011574,0.88
3.339,0,58.74586439970106,0.88
3.34,0,58.75518402422796,0.88
3.341,0,58.75547954391878,0.6
3.342,0,58.74093861607613,0.6
3.343,0,58.726405041175056,0.6
3.344,0,58.7118788154974,0.6
3.345,0,58.697359935326844,0.6
3.346,0,58.682848396949,0.6
3.347,0,58.6683441966513,0.6
3.348,0,58.653847330723096,0.6
3.349,0,58.63935779545558,0.6
3.35,0,58.64820710459014,0.88
3.351,0,58.657576111687,0.88
3.352,0,58.66694038113832,0.88
3.353,0,58.676299915339804,0.88
3.354,0,58.685654716685924,0.88
3.355,0,58.69500478756996,0.88
3.356,0,58.70435013038397,0.88
3.357,0,58.71369074751881,0.88
3.358,0,58.72302664136413,0.88
3.359,0,58.73235781430835,0.88
3.36,0,58.74168426873871,0.88
3.361,0,58.75100600704124,0.88
3.362,0,58.760323031600734,0.88
3.363,0,58.7696353448008,0.88
3.364,0,58.77894294902386,0.88
3.365,0,58.7882458466511,0.88
3.366,0,58.79754404006252,0.88
3.367,0,58.8068375316369,0.88
3.368,0,58.81612632375184,0.88
3.369,0,58.82244244112466,0.8
3.37,0,58.82303781115616,0.8
3.371,0,58.82363288012565,0.8
3.372,0,58.824227648185364,0.8
3.373,0,58.82482211548746,0.8
3.374,0,58.825416282184015,0.8
3.375,0,58.82637206036824,0.88
3.376,0,58.83565097441692,0.88
3.3770000000000002,0,58.84492519637761,0.88
3.378,0,58.85419472862296,0.88
3.379,0,58.863459573524416,0.88
3.38,0,58.87271973345226,0.88
3.3810000000000002,0,58.88197521077555,0.88
3.382,0,58.89122600786213,0.88
3.383,0,58.900472127078686,0.88
3.384,0,58.90224513820537,0.8
3.3850000000000002,0,58.90280015423908,0.8
3.386,0,58.903354889616665,0.8
3.387,0,58.90390934448004,0.8
3.388,0,58.904463518971056,0.8
3.3890000000000002,0,58.90501741323149,0.8
3.39,0,58.897077218713676,0.6
3.391,0,58.88246468887678,0.6
3.392,0,58.867859548188605,0.6
3.3930000000000002,0,58.85326179291265,0.6
3.394,0,58.83867141931434,0.6
3.395,0,58.82408842366095,0.6
3.396,0,58.809512802221676,0.6
3.3970000000000002,0,58.79494455126756,0.6
3.398,0,58.780383667071575,0.6
3.399,0,58.765830145908545,0.6
3.4,0,58.75128398405519,0.6
3.4010000000000002,0,58.73674517779012,0.6
3.402,0,58.735570581901456,0.88
3.403,0,58.74489541172487,0.88
3.404,0,58.75421552624195,0.88
3.4050000000000002,0,58.763530927837124,0.88
3.406,0,58.77284161889355,0.88
3.407,0,58.78214760179324,0.88
3.408,0,58.79144887891697,0.88
3.4090000000000003,0,58.80074545264432,0.88
3.41,0,58.81003732535367,0.88
3.411,0,58.81932449942218,0.88
3.412,0,58.828606977225846,0.88
3.4130000000000003,0,58.837884761139414,0.88
3.414,0,58.847157853536466,0.88
3.415,0,58.85642625678936,0.88
3.416,0,58.86568997326928,0.88
3.4170000000000003,0,58.874949005346195,0.88
3.418,0,58.88420335538887,0.88
3.419,0,58.89345302576488,0.88
3.42,0,58.89584750943955,0.6
3.4210000000000003,0,58.88123560143232,0.6
3.422,0,58.86663108225939,0.6
3.423,0,58.852033948184385,0.6
3.424,0,58.837444195472905,0.6
3.4250000000000003,0,58.822861820392376,0.6
3.426,0,58.80828681921216,0.6
3.427,0,58.793719188203454,0.6
3.428,0,58.779158923639386,0.6
3.4290000000000003,0,58.76460602179494,0.6
3.43,0,58.750060478947006,0.6
3.431,0,58.73552229137434,0.6
3.432,0,58.72784196475863,0.88
3.4330000000000003,0,58.73717070272815,0.88
3.434,0,58.74649472341508,0.88
3.435,0,58.75581402920487,0.88
3.436,0,58.76512862248167,0.88
3.4370000000000003,0,58.774438505628495,0.88
3.438,0,58.783743681027104,0.88
3.439,0,58.79304415105809,0.88
3.44,0,58.80233991810081,0.88
3.4410000000000003,0,58.811630984533465,0.88
3.442,0,58.82091735273299,0.88
3.443,0,58.83019902507516,0.88
3.444,0,58.83947600393454,0.88
3.4450000000000003,0,58.8487482916845,0.88
3.446,0,58.858015890697196,0.88
3.447,0,58.867278803343595,0.88
3.448,0,58.87653703199345,0.88
3.4490000000000003,0,58.88579057901535,0.88
3.45,0,58.89469618406538,0.6
3.451,0,58.88008485825129,0.6
3.452,0,58.86548092097707,0.6
3.4530000000000003,0,58.85088436850654,0.6
3.454,0,58.836295197105436,0.6
3.455,0,58.821713403041336,0.6
3.456,0,58.80713898258374,0.6
3.457,0,58.792571932003995,0.6
3.458,0,58.77801224757538,0.6
3.459,0,58.763459925573045,0.6
3.46,0,58.748914962274,0.6
3.461,0,58.73437735395716,0.6
3.462,0,58.71984709690331,0.6
3.463,0,58.705324187395135,0.6
3.464,0,58.690808621717174,0.6
3.465,0,58.67630039615587,0.6
3.466,0,58.6617995069995,0.6
3.467,0,58.64730595053828,0.6
3.468,0,58.63281972306427,0.6
3.469,0,58.618340820871396,0.6
3.47,0,58.610575153926476,0.88
3.471,0,58.61996319045104,0.88
3.472,0,58.62934647970741,0.88
3.473,0,58.638725024096146,0.88
3.474,0,58.648098826016614,0.88
3.475,0,58.65746788786693,0.88
3.476,0,58.666832212044014,0.88
3.477,0,58.67619180094359,0.88
3.478,0,58.685546656960156,0.88
3.479,0,58.69489678248697,0.88
3.48,0,58.70424217991614,0.88
3.481,0,58.71358285163852,0.88
3.482,0,58.72291880004378,0.88
3.483,0,58.73225002752035,0.88
3.484,0,58.74157653645548,0.88
3.485,0,58.75089832923521,0.88
3.486,0,58.76021540824437,0.88
3.487,0,58.76952777586658,0.88
3.488,0,58.77883543448424,0.88
3.489,0,58.788138386478586,0.88
3.49,0,58.79743663422962,0.88
3.491,0,58.80673018011613,0.88
3.492,0,58.81601902651575,0.88
3.493,0,58.82530317580485,0.88
3.494,0,58.83458263035864,0.88
3.495,0,58.8438573925511,0.88
3.496,0,58.853127464755055,0.88
3.497,0,58.862392849342086,0.88
3.498,0,58.871653548682595,0.88
3.499,0,58.88090956514577,0.88
3.5,0,58.89016090109963,0.88
3.501,0,58.89940755891095,0.88
3.5020000000000002,0,58.90864954094537,0.88
3.503,0,58.917886849567275,0.88
3.504,0,58.92711948713988,0.88
3.505,0,58.93634745602522,0.88
3.5060000000000002,0,58.94557075858411,0.88
3.507,0,58.954789397176185,0.88
3.508,0,58.96400337415987,0.88
3.509,0,58.966033726758646,0.8
3.5100000000000002,0,58.96655648668252,0.8
3.511,0,58.967078982261285,0.8
3.512,0,58.96760121362861,0.8
3.513,0,58.968123180918106,0.8
3.5140000000000002,0,58.9686448842633,0.8
3.515,0,58.973739862237295,0.88
3.516,0,58.98294425649944,0.88
3.517,0,58.99214399635616,0.88
3.5180000000000002,0,59.00133908416106,0.88
3.519,0,59.01052952226656,0.88
3.52,0,59.01971531302388,0.88
3.521,0,59.02889645878305,0.88
3.5220000000000002,0,59.03807296189292,0.88
3.523,0,59.04724482470115,0.88
3.524,0,59.05641204955421,0.88
3.525,0,59.065574638797386,0.88
3.5260000000000002,0,59.07473259477478,0.88
3.527,0,59.083885919829285,0.88
3.528,0,59.09303461630266,0.88
3.529,0,59.102178686535424,0.88
3.5300000000000002,0,59.11131813286695,0.88
3.531,0,59.12045295763541,0.88
3.532,0,59.1295831631778,0.88
3.533,0,59.13870875182994,0.88
3.5340000000000003,0,59.14782972592647,0.88
3.535,0,59.15694608780082,0.88
3.536,0,59.166057839785275,0.88
3.537,0,59.17516498421092,0.88
3.5380000000000003,0,59.18426752340769,0.88
3.539,0,59.193365459704296,0.88
3.54,0,59.202458795428306,0.88
3.541,0,59.209830443366556,0.6
3.5420000000000003,0,59.195059762948276,0.6
3.543,0,59.18029655165106,0.6
3.544,0,59.16554080569797,0.6
3.545,0,59.150792521314,0.6
3.5460000000000003,0,59.13605169472602,0.6
3.547,0,59.121318322162864,0.6
3.548,0,59.10659239985522,0.6
3.549,0,59.091873924035696,0.6
3.5500000000000003,0,59.09319432153126,0.88
3.551,0,59.10233831100554,0.88
3.552,0,59.11147767661942,0.88
3.553,0,59.120612420711055,0.88
3.5540000000000003,0,59.12974254561743,0.88
3.555,0,59.138868053674315,0.88
3.556,0,59.147988947216334,0.88
3.557,0,59.157105228576924,0.88
3.5580000000000003,0,59.16621690008833,0.88
3.559,0,59.17532396408163,0.88
3.56,0,59.1844264228867,0.88
3.561,0,59.19352427883227,0.88
3.5620000000000003,0,59.20261753424588,0.88
3.563,0,59.21170619145389,0.88
3.564,0,59.22079025278147,0.88
3.565,0,59.22986972055264,0.88
3.5660000000000003,0,59.23894459709025,0.88
3.567,0,59.24801488471593,0.88
3.568,0,59.25708058575017,0.88
3.569,0,59.266141702512286,0.88
3.5700000000000003,0,59.275198237320424,0.88
3.571,0,59.28425019249154,0.88
3.572,0,59.29329757034144,0.88
3.573,0,59.30234037318473,0.88
3.5740000000000003,0,59.31137860333488,0.88
3.575,0,59.32041226310416,0.88
3.576,0,59.32944135480369,0.88
3.577,0,59.33846588074343,0.88
3.5780000000000003,0,59.347485843232135,0.88
3.579,0,59.35650124457743,0.88
3.58,0,59.36551208708574,0.88
3.581,0,59.37451837306236,0.88
3.5820000000000003,0,59.38352010481139,0.88
3.583,0,59.39251728463579,0.88
3.584,0,59.40150991483732,0.88
3.585,0,59.41049799771661,0.88
3.586,0,59.41948153557311,0.88
3.587,0,59.42846053070513,0.88
3.588,0,59.43743498540977,0.88
3.589,0,59.446404901983016,0.88
3.59,0,59.45537028271967,0.88
3.591,0,59.464331129913376,0.88
3.592,0,59.47328744585661,0.88
3.593,0,59.482239232840726,0.88
3.594,0,59.491186493155865,0.88
3.595,0,59.50012922909106,0.88
3.596,0,59.509067442934146,0.88
3.597,0,59.518001136971826,0.88
3.598,0,59.52693031348964,0.88
3.599,0,59.53585497477197,0.88
3.6,0,59.54477512310205,0.88
3.601,0,59.553690760761945,0.88
3.602,0,59.562601890032575,0.88
3.603,0,59.57150851319372,0.88
3.604,0,59.58041063252398,0.88
3.605,0,59.58930825030082,0.88
3.606,0,59.598201368800545,0.88
3.607,0,59.607089990298334,0.88
3.608,0,59.61597411706818,0.88
3.609,0,59.624853751382936,0.88
3.61,0,59.633728895514324,0.88
3.611,0,59.6425995517329,0.88
3.612,0,59.65146572230807,0.88
3.613,0,59.65513977776388,0.6
3.614,0,59.64014391683722,0.6
3.615,0,59.625155638899116,0.6
3.616,0,59.610174940115066,0.6
3.617,0,59.5952018166525,0.6
3.618,0,59.58023626468079,0.6
3.619,0,59.56527828037123,0.6
3.62,0,59.550327859897095,0.6
3.621,0,59.535384999433546,0.6
3.622,0,59.53995061487447,0.88
3.623,0,59.5488686921536,0.88
3.624,0,59.55778225980981,0.88
3.625,0,59.56669132012351,0.88
3.626,0,59.57559587537393,0.88
3.6270000000000002,0,59.58449592783916,0.88
3.628,0,59.59339147979611,0.88
3.629,0,59.602282533520594,0.88
3.63,0,59.61116909128722,0.88
3.6310000000000002,0,59.62005115536948,0.88
3.632,0,59.628928728039696,0.88
3.633,0,59.63780181156906,0.88
3.634,0,59.64667040822761,0.88
3.6350000000000002,0,59.655534520284206,0.88
3.636,0,59.66439415000661,0.88
3.637,0,59.67324929966139,0.88
3.638,0,59.68209997151402,0.88
3.6390000000000002,0,59.69094616782879,0.88
3.64,0,59.69978789086885,0.88
3.641,0,59.7086251428962,0.88
3.642,0,59.71745792617172,0.88
3.6430000000000002,0,59.72628624295514,0.88
3.644,0,59.73511009550502,0.88
3.645,0,59.74392948607881,0.88
3.646,0,59.75274441693281,0.88
3.6470000000000002,0,59.761554890322174,0.88
3.648,0,59.761702989873555,0.6
3.649,0,59.746653242903136,0.6
3.65,0,59.73161110616995,0.6
3.6510000000000002,0,59.7165765758257,0.6
3.652,0,59.70154964802405,0.6
3.653,0,59.68653031892062,0.6
3.654,0,59.67151858467294,0.6
3.6550000000000002,0,59.65651444144051,0.6
3.656,0,59.64151788538477,0.6
3.657,0,59.62652891266911,0.6
3.658,0,59.611547519458824,0.6
3.6590000000000003,0,59.59657370192116,0.6
3.66,0,59.59026537485269,0.88
3.661,0,59.59915800936124,0.88
3.662,0,59.608046147112574,0.88
3.6630000000000003,0,59.616929790380595,0.88
3.664,0,59.62580894143802,0.88
3.665,0,59.634683602556436,0.88
3.666,0,59.643553776006286,0.88
3.6670000000000003,0,59.65241946405687,0.88
3.668,0,59.6612806689763,0.88
3.669,0,59.6701373930316,0.88
3.67,0,59.6789896384886,0.88
3.6710000000000003,0,59.68783740761202,0.88
3.672,0,59.6966807026654,0.88
3.673,0,59.70551952591114,0.88
3.674,0,59.71435387961054,0.88
3.6750000000000003,0,59.72318376602372,0.88
3.676,0,59.732009187409645,0.88
3.677,0,59.740830146026155,0.88
3.678,0,59.74964664412997,0.88
3.6790000000000003,0,59.75845868397662,0.88
3.68,0,59.76726626782054,0.88
3.681,0,59.776069397914995,0.88
3.682,0,59.784868076512126,0.88
3.6830000000000003,0,59.79366230586294,0.88
3.684,0,59.80245208821728,0.88
3.685,0,59.811237425823876,0.88
3.686,0,59.82001832093032,0.88
3.6870000000000003,0,59.82879477578305,0.88
3.688,0,59.837566792627385,0.88
3.689,0,59.846334373707506,0.88
3.69,0,59.85509752126644,0.88
3.6910000000000003,0,59.8638562375461,0.88
3.692,0,59.87261052478728,0.88
3.693,0,59.881360385229584,0.88
3.694,0,59.890105821111554,0.88
3.6950000000000003,0,59.89884683467056,0.88
3.696,0,59.90758342814283,0.88
3.697,0,59.91631560376349,0.88
3.698,0,59.925043363766534,0.88
3.6990000000000003,0,59.93376671038481,0.88
3.7,0,59.942485645850034,0.88
3.701,0,59.95120017239281,0.88
3.702,0,59.95991029224261,0.88
3.7030000000000003,0,59.96861600762777,0.88
3.704,0,59.97731732077551,0.88
3.705,0,59.98049322184051,0.8
3.706,0,59.98050299789633,0.8
3.7070000000000003,0,59.98051276900867,0.8
3.708,0,59.98052253518003,0.8
3.709,0,59.98053229641292,0.8
3.71,0,59.980542052709815,0.8
3.7110000000000003,0,59.98055180407322,0.8
3.712,0,59.98056155050564,0.8
3.713,0,59.980571292009564,0.8
3.714,0,59.98058102858748,0.8
3.715,0,59.980590760241874,0.8
3.716,0,59.98060048697525,0.8
3.717,0,59.98061020879008,0.8
3.718,0,59.98061992568886,0.8
3.719,0,59.980629637674085,0.8
3.72,0,59.98063934474822,0.8
3.721,0,59.98064904691376,0.8
3.722,0,59.98065874417319,0.8
3.723,0,59.98066843652899,0.8
3.724,0,59.98067812398362,0.8
3.725,0,59.980687806539585,0.8
3.726,0,59.980697484199354,0.8
3.727,0,59.980707156965394,0.8
3.728,0,59.980716824840194,0.8
3.729,0,59.98072648782621,0.8
3.73,0,59.98073614592593,0.8
3.731,0,59.980745799141815,0.8
3.732,0,59.98075544747634,0.8
3.733,0,59.980765090931975,0.8
3.734,0,59.980774729511175,0.8
3.735,0,59.98078436321642,0.8
3.736,0,59.98079399205017,0.8
3.737,0,59.98080361601488,0.8
3.738,0,59.980813235113025,0.8
3.739,0,59.980822849347064,0.8
3.74,0,59.98083245871945,0.8
3.741,0,59.98084206323264,0.8
3.742,0,59.9808516628891,0.8
3.743,0,59.98086125769128,0.8
3.744,0,59.98087084764164,0.8
3.745,0,59.98088043274262,0.8
3.746,0,59.980890012996696,0.8
3.747,0,59.980899588406295,0.8
3.748,0,59.98090915897388,0.8
3.749,0,59.980918724701894,0.8
3.75,0,59.98092828559279,0.8
3.751,0,59.980937841649,0.8
3.7520000000000002,0,59.98094739287299,0.8
3.753,0,59.98095693926719,0.8
3.754,0,59.98096648083404,0.8
3.755,0,59.98097601757599,0.8
3.7560000000000002,0,59.98098554949547,0.8
3.757,0,59.98099507659493,0.8
3.758,0,59.9810045988768,0.8
3.759,0,59.98101411634352,0.8
3.7600000000000002,0,59.98102362899752,0.8
3.761,0,59.98103313684123,0.8
3.762,0,59.9810426398771,0.8
3.763,0,59.98105213810754,0.8
3.7640000000000002,0,59.981061631535,0.8
3.765,0,59.98107112016189,0.8
3.766,0,59.981080603990655,0.8
3.767,0,59.98109008302371,0.8
3.7680000000000002,0,59.98109955726348,0.8
3.769,0,59.98110902671239,0.8
3.77,0,59.98111849137286,0.8
3.771,0,59.981127951247316,0.8
3.7720000000000002,0,59.981137406338185,0.8
3.773,0,59.981146856647875,0.8
3.774,0,59.9811563021788,0.8
3.775,0,59.98116574293339,0.8
3.7760000000000002,0,59.98117517891406,0.8
3.777,0,59.98118461012321,0.8
3.778,0,59.98119403656326,0.8
3.779,0,59.98120345823663,0.8
3.7800000000000002,0,59.981212875145715,0.8
3.781,0,59.98122228729294,0.8
3.782,0,59.981231694680694,0.8
3.783,0,59.9812410973114,0.8
3.7840000000000003,0,59.98125049518745,0.8
3.785,0,59.981259888311264,0.8
3.786,0,59.98126927668524,0.8
3.787,0,59.98127866031177,0.8
3.7880000000000003,0,59.98128803919327,0.8
3.789,0,59.98129741333212,0.8
3.79,0,59.98130678273074,0.8
3.791,0,59.98131614739151,0.8
3.7920000000000003,0,59.98132550731684,0.8
3.793,0,59.98133486250911,0.8
3.794,0,59.98134421297072,0.8
3.795,0,59.981353558704065,0.8
3.7960000000000003,0,59.981362899711534,0.8
3.797,0,59.981372235995515,0.8
3.798,0,59.981381567558394,0.8
3.799,0,59.981390894402566,0.8
3.8000000000000003,0,59.974791187344024,0.6
3.801,0,59.95963368761629,0.6
3.802,0,59.94448385261336,0.6
3.803,0,59.92934167845937,0.6
3.8040000000000003,0,59.91420716128046,0.6
3.805,0,59.899080297204705,0.6
3.806,0,59.88396108236215,0.6
3.807,0,59.86884951288478,0.6
3.8080000000000003,0,59.853745584906555,0.6
3.809,0,59.83864929456338,0.6
3.81,0,59.823560637993126,0.6
3.811,0,59.808479611335585,0.6
3.8120000000000003,0,59.79340621073254,0.6
3.813,0,59.77834043232771,0.6
3.814,0,59.76328227226675,0.6
3.815,0,59.748231726697284,0.6
3.8160000000000003,0,59.73318879176886,0.6
3.817,0,59.718153463633016,0.6
3.818,0,59.7031257384432,0.6
3.819,0,59.6881056123548,0.6
3.8200000000000003,0,59.68984734340154,0.88
3.821,0,59.69868962208646,0.88
3.822,0,59.70752742947769,0.88
3.823,0,59.71636076783628,0.88
3.8240000000000003,0,59.725189639422055,0.88
3.825,0,59.734014046493755,0.88
3.826,0,59.742833991308956,0.88
3.827,0,59.7516494761241,0.88
3.8280000000000003,0,59.76046050319449,0.88
3.829,0,59.76926707477426,0.88
3.83,0,59.77806919311646,0.88
3.831,0,59.78686686047294,0.88
3.8320000000000003,0,59.79566007909446,0.88
3.833,0,59.80444885123061,0.88
3.834,0,59.81323317912985,0.88
3.835,0,59.82201306503952,0.88
3.8360000000000003,0,59.8307885112058,0.88
3.837,0,59.839559519873745,0.88
3.838,0,59.84459479752185,0.8
3.839,0,59.84467329361993,0.8
3.84,0,59.84475175002471,0.8
3.841,0,59.84483016675629,0.8
3.842,0,59.84490854383471,0.8
3.843,0,59.84498688128003,0.8
3.844,0,59.84574332032867,0.85
3.845,0,59.85105519680794,0.85
3.846,0,59.85636438721945,0.85
3.847,0,59.861670892921474,0.85
3.848,0,59.86697471527158,0.85
3.849,0,59.87227585562669,0.85
3.85,0,59.87757431534299,0.85
3.851,0,59.88287009577601,0.85
3.852,0,59.8881631982806,0.85
3.853,0,59.893453624210906,0.85
3.854,0,59.89874137492039,0.85
3.855,0,59.90402645176185,0.85
3.856,0,59.90930885608738,0.85
3.857,0,59.91458858924839,0.85
3.858,0,59.919865652595625,0.85
3.859,0,59.925140047479125,0.85
3.86,0,59.93041177524827,0.85
3.861,0,59.93568083725174,0.85
3.862,0,59.94094723483752,0.85
3.863,0,59.945101724250144,0.8
3.864,0,59.94512939679904,0.8
3.865,0,59.9451570553547,0.8
3.866,0,59.9451846999242,0.8
3.867,0,59.945212330514615,0.8
3.868,0,59.945239947133004,0.8
3.869,0,59.94526754978645,0.8
3.87,0,59.95321556395864,0.88
3.871,0,59.96192466468115,0.88
3.872,0,59.97062936145436,0.88
3.873,0,59.97932965650523,0.88
3.874,0,59.9880255520596,0.88
3.875,0,59.995113220567255,0.8
3.876,0,59.99511560369754,0.8
3.8770000000000002,0,59.995117985622755,0.8
3.878,0,59.99512036634349,0.8
3.879,0,59.995122745860364,0.8
3.88,0,59.99512512417398,0.8
3.8810000000000002,0,59.995127501284955,0.8
3.882,0,59.99512987719388,0.8
3.883,0,59.99513225190139,0.8
3.884,0,59.99513462540806,0.8
3.8850000000000002,0,59.995136997714525,0.8
3.886,0,59.99513936882138,0.8
3.887,0,59.99514173872923,0.8
3.888,0,59.99514410743868,0.8
3.8890000000000002,0,59.995146474950346,0.8
3.89,0,59.99514884126482,0.8
3.891,0,59.981731029949955,0.6
3.892,0,59.96657002093741,0.6
3.8930000000000002,0,59.951416678424195,0.6
3.894,0,59.936270998533594,0.6
3.895,0,59.92113297739081,0.6
3.896,0,59.90600261112306,0.6
3.8970000000000002,0,59.89087989585944,0.6
3.898,0,59.875764827731096,0.6
3.899,0,59.87221978936509,0.88
3.9,0,59.88096984739141,0.88
3.9010000000000002,0,59.889715480757474,0.88
3.902,0,59.898456691700694,0.88
3.903,0,59.90719348245739,0.88
3.904,0,59.91592585526271,0.88
3.9050000000000002,0,59.9246538123507,0.88
3.906,0,59.93337735595425,0.88
3.907,0,59.93946605360924,0.8
3.908,0,59.93949657595957,0.8
3.9090000000000003,0,59.9395270828756,0.8
3.91,0,59.93955757436513,0.8
3.911,0,59.93958805043597,0.8
3.912,0,59.939618511095915,0.8
3.9130000000000003,0,59.93964895635275,0.8
3.914,0,59.93967938621426,0.8
3.915,0,59.93970980068824,0.8
3.916,0,59.93974019978248,0.8
3.9170000000000003,0,59.93977058350474,0.8
3.918,0,59.93980095186279,0.8
3.919,0,59.93983130486442,0.8
3.92,0,59.93986164251738,0.8
3.9210000000000003,0,59.939891964829435,0.8
3.922,0,59.93992227180834,0.8
3.923,0,59.93995256346186,0.8
3.924,0,59.93998283979773,0.8
3.9250000000000003,0,59.9400131008237,0.8
3.926,0,59.94004334654752,0.8
3.927,0,59.94183534996475,0.88
3.928,0,59.95055020534401,0.88
3.9290000000000003,0,59.95926065386402,0.88
3.93,0,59.967966697753184,0.88
3.931,0,59.97666833923881,0.88
3.932,0,59.985365580547075,0.88
3.9330000000000003,0,59.982712909504116,0.6
3.934,0,59.96755140398247,0.6
3.935,0,59.952397565211236,0.6
3.936,0,59.937251389313545,0.6
3.9370000000000003,0,59.922112872414495,0.6
3.938,0,59.90698201064116,0.6
3.939,0,59.891858800122534,0.6
3.94,0,59.876743236989604,0.6
3.9410000000000003,0,59.8631767267832,0.85
3.942,0,59.868479787675135,0.85
3.943,0,59.873780166957104,0.85
3.944,0,59.87907786598513,0.85
3.9450000000000003,0,59.88437288611454,0.85
3.946,0,59.889665228699975,0.85
3.947,0,59.894954895095395,0.85
3.948,0,59.90024188665407,0.85
3.9490000000000003,0,59.9055262047286,0.85
3.95,0,59.91080785067089,0.85
3.951,0,59.91608682583216,0.85
3.952,0,59.92136313156294,0.85
3.9530000000000003,0,59.926636769213104,0.85
3.954,0,59.93190774013182,0.85
3.955,0,59.93717604566757,0.85
3.956,0,59.94244168716818,0.85
3.9570000000000003,0,59.947704665980766,0.85
3.958,0,59.95296498345178,0.85
3.959,0,59.95822264092698,0.85
3.96,0,59.96347763975146,0.85
3.9610000000000003,0,59.968729981269625,0.85
3.962,0,59.9739796668252,0.85
3.963,0,59.979226697761234,0.85
3.964,0,59.98447107542009,0.85
3.9650000000000003,0,59.989712801143455,0.85
3.966,0,59.99375585268824,0.8
3.967,0,59.9937589222016,0.8
3.968,0,59.9937619901628,0.8
3.969,0,59.99376505657261,0.8
3.97,0,59.993768121431835,0.8
3.971,0,59.993771184741234,0.8
3.972,0,59.99377424650161,0.8
3.973,0,59.99377730671374,0.8
3.974,0,59.9937803653784,0.8
3.975,0,59.993783422496385,0.8
3.976,0,59.993786478068465,0.8
3.977,0,59.99378953209543,0.8
3.978,0,59.99379258457806,0.8
3.979,0,59.99379563551713,0.8
3.98,0,59.99379868491343,0.8
3.981,0,59.993801732767736,0.8
3.982,0,59.99380477908082,0.8
3.983,0,59.99380782385347,0.8
3.984,0,59.993810867086474,0.8
3.985,0,59.99381390878059,0.8
3.986,0,59.993816948936605,0.8
3.987,0,59.993819987555305,0.8
3.988,0,59.99382302463746,0.8
3.989,0,59.99382606018384,0.8
3.99,0,59.993829094195235,0.8
3.991,0,59.99383212667241,0.8
3.992,0,59.99383515761615,0.8
3.993,0,59.99383818702722,0.8
3.994,0,59.99384121490641,0.8
3.995,0,59.993844241254486,0.8
3.996,0,59.993847266072216,0.8
3.997,0,59.99385028936038,0.8
3.998,0,59.99385331111976,0.8
3.999,0,59.99385633135111,0.8
4.0,0,59.99385935005522,0.8
4.001,0,59.99386236723285,0.8
4.002,0,59.993865382884785,0.8
4.003,0,59.99386839701178,0.8
4.0040000000000004,0,59.99387140961462,0.8
4.005,0,59.99387442069408,0.8
4.006,0,59.993877430250905,0.8
4.007,0,59.99388043828589,0.8
4.008,0,59.99388344479979,0.8
4.009,0,59.993886449793386,0.8
4.01,0,59.993889453267435,0.8
4.011,0,59.99389245522271,0.8
4.0120000000000005,0,59.99389545565999,0.8
4.013,0,59.99389845458003,0.8
4.014,0,59.99390145198359,0.8
4.015,0,59.99390444787146,0.8
4.016,0,59.99390744224438,0.8
4.017,0,59.99391043510314,0.8
4.018,0,59.993913426448486,0.8
4.019,0,59.98741555593978,0.6
4.0200000000000005,0,59.97225167242101,0.6
4.021,0,59.95709545685514,0.6
4.022,0,59.941946905364695,0.6
4.023,0,59.926806014074174,0.6
4.024,0,59.911672779110006,0.6
4.025,0,59.89654719660061,0.6
4.026,0,59.88142926267638,0.6
4.027,0,59.86699825324973,0.88
4.0280000000000005,0,59.87575095166121,0.88
4.029,0,59.88449922407725,0.88
4.03,0,59.89324307273597,0.88
4.031,0,59.901982499874336,0.88
4.032,0,59.910717507728194,0.88
4.033,0,59.91944809853224,0.88
4.034,0,59.92817427452005,0.88
4.035,0,59.93689603792409,0.88
4.0360000000000005,0,59.93825950642404,0.8
4.037,0,59.93829063889162,0.8
4.038,0,59.938321755616386,0.8
4.039,0,59.93835285660629,0.8
4.04,0,59.9383839418693,0.8
4.041,0,59.93841501141335,0.8
4.042,0,59.938446065246396,0.8
4.043,0,59.93847710337639,0.8
4.0440000000000005,0,59.93850812581127,0.8
4.045,0,59.938539132558965,0.8
4.046,0,59.938570123627414,0.8
4.047,0,59.938601099024545,0.8
4.048,0,59.93863205875829,0.8
4.049,0,59.93866300283655,0.8
4.05,0,59.93869393126725,0.8
4.051,0,59.938724844058314,0.8
4.0520000000000005,0,59.93875574121764,0.8
4.053,0,59.938786622753135,0.8
4.054,0,59.9388174886727,0.8
4.055,0,59.93884833898422,0.8
4.056,0,59.92755165834522,0.6
4.057,0,59.91241804632955,0.6
4.058,0,59.897292086959325,0.6
4.059,0,59.882173776364795,0.6
4.0600000000000005,0,59.86706311067821,0.6
4.061,0,59.851960086033756,0.6
4.062,0,59.83686469856755,0.6
4.063,0,59.821776944417714,0.6
4.064,0,59.80669681972425,0.6
4.065,0,59.7916243206292,0.6
4.066,0,59.77655944327648,0.6
4.067,0,59.761502183812,0.6
4.0680000000000005,0,59.74645253838361,0.6
4.069,0,59.7314105031411,0.6
4.07,0,59.7163760742362,0.6
4.071,0,59.70134924782263,0.6
4.072,0,59.686330020055976,0.6
4.073,0,59.67131838709385,0.6
4.074,0,59.65631434509576,0.6
4.075,0,59.64163563255293,0.88
4.0760000000000005,0,59.65050229055515,0.88
4.077,0,59.65936446493575,0.88
4.078,0,59.66822215796198,0.88
4.079,0,59.67707537189992,0.88
4.08,0,59.68592410901455,0.88
4.081,0,59.69476837156966,0.88
4.082,0,59.7036081618279,0.88
4.083,0,59.7124434820508,0.88
4.0840000000000005,0,59.72127433449873,0.88
4.085,0,59.7301007214309,0.88
4.086,0,59.73892264510543,0.88
4.087,0,59.74774010777924,0.88
4.088,0,59.75655311170814,0.88
4.089,0,59.765361659146805,0.88
4.09,0,59.774165752348736,0.88
4.091,0,59.78296539356633,0.88
4.0920000000000005,0,59.79176058505084,0.88
4.093,0,59.80055132905234,0.88
4.094,0,59.80933762781983,0.88
4.095,0,59.81811948360112,0.88
4.096,0,59.82689689864293,0.88
4.097,0,59.83566987519079,0.88
4.098,0,59.84443841548914,0.88
4.099,0,59.853202521781256,0.88
4.1,0,59.86196219630929,0.88
4.101,0,59.870717441314284,0.88
4.102,0,59.8794682590361,0.88
4.103,0,59.888214651713504,0.88
4.104,0,59.89695662158411,0.88
4.105,0,59.90569417088442,0.88
4.106,0,59.91442730184978,0.88
4.107,0,59.92315601671442,0.88
4.108,0,59.931880317711446,0.88
4.109,0,59.940600207072826,0.88
4.11,0,59.9493156870294,0.88
4.111,0,59.95802675981088,0.88
4.112,0,59.95557076696471,0.6
4.113,0,59.940422986467404,0.6
4.114,0,59.92528286578016,0.6
4.115,0,59.9101504010296,0.6
4.116,0,59.89502558834434,0.6
4.117,0,59.87990842385494,0.6
4.118,0,59.864798903693924,0.6
4.119,0,59.84969702399579,0.6
4.12,0,59.83460278089692,0.6
4.121,0,59.819516170535735,0.6
4.122,0,59.804437189052585,0.6
4.123,0,59.78936583258972,0.6
4.124,0,59.77430209729141,0.6
4.125,0,59.75924597930383,0.6
4.126,0,59.744197474775106,0.6
4.127,0,59.72915657985537,0.6
4.128,0,59.7141232906966,0.6
4.1290000000000004,0,59.6990976034528,0.6
4.13,0,59.684079514279915,0.6
4.131,0,59.66906901933578,0.6
4.132,0,59.65406611478022,0.6
4.133,0,59.63907079677497,0.6
4.134,0,59.624083061483745,0.6
4.135,0,59.60910290507218,0.6
4.136,0,59.59413032370783,0.6
4.1370000000000005,0,59.579165313560196,0.6
4.138,0,59.56420787080077,0.6
4.139,0,59.549257991602886,0.6
4.14,0,59.534315672141894,0.6
4.141,0,59.519380908595025,0.6
4.142,0,59.50445369714147,0.6
4.143,0,59.48953403396236,0.6
4.144,0,59.47462191524072,0.6
4.1450000000000005,0,59.459717337161536,0.6
4.146,0,59.44482029591174,0.6
4.147,0,59.429930787680135,0.6
4.148,0,59.4150488086575,0.6
4.149,0,59.40017435503651,0.6
4.15,0,59.385307423011795,0.6
4.151,0,59.3704480087799,0.6
4.152,0,59.35559610853926,0.6
4.1530000000000005,0,59.34075171849027,0.6
4.154,0,59.32591483483526,0.6
4.155,0,59.31108545377842,0.6
4.156,0,59.29626357152593,0.6
4.157,0,59.281449184285805,0.6
4.158,0,59.266642288268066,0.6
4.159,0,59.25184287968462,0.6
4.16,0,59.237050954749236,0.6
4.1610000000000005,0,59.22226650967768,0.6
4.162,0,59.20748954068758,0.6
4.163,0,59.19272004399849,0.6
4.164,0,59.17795801583189,0.6
4.165,0,59.1862447913481,0.88
4.166,0,59.19534172779548,0.88
4.167,0,59.204434064175835,0.88
4.168,0,59.213521802815336,0.88
4.1690000000000005,0,59.2226049460389,0.88
4.17,0,59.23168349617031,0.88
4.171,0,59.240757455532176,0.88
4.172,0,59.24982682644591,0.88
4.173,0,59.25889161123176,0.88
4.174,0,59.26795181220882,0.88
4.175,0,59.27700743169497,0.88
4.176,0,59.286058472006964,0.88
4.1770000000000005,0,59.29510493546036,0.88
4.178,0,59.304146824369525,0.88
4.179,0,59.3131841410477,0.88
4.18,0,59.322216887806924,0.88
4.181,0,59.33124506695809,0.88
4.182,0,59.3402686808109,0.88
4.183,0,59.3492877316739,0.88
4.184,0,59.35830222185447,0.88
4.1850000000000005,0,59.367312153658816,0.88
4.186,0,59.37631752939198,0.88
4.187,0,59.38531835135785,0.88
4.188,0,59.394314621859124,0.88
4.189,0,59.403306343197364,0.88
4.19,0,59.41229351767295,0.88
4.191,0,59.4212761475851,0.88
4.192,0,59.43025423523188,0.88
4.1930000000000005,0,59.43922778291018,0.88
4.194,0,59.44819679291574,0.88
4.195,0,59.45716126754313,0.88
4.196,0,59.46612120908576,0.88
4.197,0,59.47507661983591,0.88
4.198,0,59.48402750208465,0.88
4.199,0,59.492973858121914,0.88
4.2,0,59.5019156902365,0.88
4.2010000000000005,0,59.50082258534668,0.6
4.202,0,59.48590475831952,0.6
4.203,0,59.47099447482133,0.6
4.204,0,59.456091731037596,0.6
4.205,0,59.44119652315567,0.6
4.206,0,59.42630884736485,0.6
4.207,0,59.4114286998564,0.6
4.208,0,59.39655607682345,0.6
4.2090000000000005,0,59.381690974461094,0.6
4.21,0,59.36683338896635,0.6
4.211,0,59.35198331653812,0.6
4.212,0,59.33714075337728,0.6
4.213,0,59.32230569568658,0.6
4.214,0,59.307478139670735,0.6
4.215,0,59.29265808153635,0.6
4.216,0,59.27784551749195,0.6
4.2170000000000005,0,59.26304044374798,0.6
4.218,0,59.248242856516825,0.6
4.219,0,59.233452752012745,0.6
4.22,0,59.21867012645195,0.6
4.221,0,59.20389497605252,0.6
4.222,0,59.18912729703449,0.6
4.223,0,59.17436708561981,0.6
4.224,0,59.15961433803227,0.6
4.225,0,59.14486905049769,0.6
4.226,0,59.130131219243665,0.6
4.227,0,59.115400840499795,0.6
4.228,0,59.100677910497566,0.6
4.229,0,59.08596242547032,0.6
4.23,0,59.08623095812423,0.88
4.231,0,59.09537846877714,0.88
4.232,0,59.104521353789096,0.88
4.233,0,59.11365961549914,0.88
4.234,0,59.122793256245146,0.88
4.235,0,59.131922278363824,0.88
4.236,0,59.14104668419066,0.88
4.237,0,59.15016647606001,0.88
4.238,0,59.159281656305005,0.88
4.239,0,59.16839222725761,0.88
4.24,0,59.177498191248645,0.88
4.241,0,59.18659955060768,0.88
4.242,0,59.1956963076632,0.88
4.243,0,59.20478846474242,0.88
4.244,0,59.21387602417143,0.88
4.245,0,59.22295898827514,0.88
4.246,0,59.23203735937727,0.88
4.247,0,59.24111113980038,0.88
4.248,0,59.24170988105341,0.6
4.249,0,59.226923080092796,0.6
4.25,0,59.21214375640493,0.6
4.251,0,59.19737190620877,0.6
4.252,0,59.18260752572522,0.6
4.253,0,59.167850611177,0.6
4.2540000000000004,0,59.153101158788814,0.6
4.255,0,59.13835916478729,0.6
4.256,0,59.12362462540088,0.6
4.257,0,59.10889753686002,0.6
4.258,0,59.09417789539701,0.6
4.259,0,59.07946569724609,0.6
4.26,0,59.064760938643374,0.6
4.261,0,59.050063615826886,0.6
4.2620000000000005,0,59.04855678760942,0.88
4.263,0,59.057723349039435,0.88
4.264,0,59.066885275195034,0.88
4.265,0,59.07604256842015,0.88
4.266,0,59.08519523105754,0.88
4.267,0,59.09434326544874,0.88
4.268,0,59.103486673934135,0.88
4.269,0,59.11262545885292,0.88
4.2700000000000005,0,59.1217596225431,0.88
4.271,0,59.1308891673415,0.88
4.272,0,59.14001409558377,0.88
4.273,0,59.149134409604365,0.88
4.274,0,59.15825011173658,0.88
4.275,0,59.167361204312506,0.88
4.276,0,59.17646768966307,0.88
4.277,0,59.185569570118034,0.88
4.2780000000000005,0,59.19466684800594,0.88
4.279,0,59.203759525654185,0.88
4.28,0,59.212847605388994,0.88
4.281,0,59.22193108953539,0.88
4.282,0,59.23100998041724,0.88
4.283,0,59.24008428035724,0.88
4.284,0,59.24915399167688,0.88
4.285,0,59.25821911669651,0.88
4.2860000000000005,0,59.26727965773529,0.88
4.287,0,59.2763356171112,0.88
4.288,0,59.285386997141096,0.88
4.289,0,59.29443380014058,0.88
4.29,0,59.303476028424164,0.88
4.291,0,59.312513684305145,0.88
4.292,0,59.32154677009564,0.88
4.293,0,59.33057528810664,0.88
4.2940000000000005,0,59.339599240647935,0.88
4.295,0,59.34861863002815,0.88
4.296,0,59.35763345855476,0.88
4.297,0,59.366643728534044,0.88
4.298,0,59.375480023449995,0.6
4.299,0,59.360625578659906,0.6
4.3,0,59.34577864534819,0.6
4.301,0,59.330939219716484,0.6
4.3020000000000005,0,59.31610729796836,0.6
4.303,0,59.301282876309344,0.6
4.304,0,59.28646595094682,0.6
4.305,0,59.27165651809013,0.6
4.306,0,59.25685457395052,0.6
4.307,0,59.24206011474116,0.6
4.308,0,59.22727313667713,0.6
4.309,0,59.21249363597541,0.6
4.3100000000000005,0,59.19772160885492,0.6
4.311,0,59.18295705153649,0.6
4.312,0,59.168199960242816,0.6
4.313,0,59.15345033119857,0.6
4.314,0,59.13870816063029,0.6
4.315,0,59.123973444766406,0.6
4.316,0,59.10924617983733,0.6
4.317,0,59.0945263620753,0.6
4.3180000000000005,0,59.086346080941915,0.88
4.319,0,59.09549353338043,0.88
4.32,0,59.10463636020742,0.88
4.321,0,59.11377456376192,0.88
4.322,0,59.12290814638181,0.88
4.323,0,59.13203711040374,0.88
4.324,0,59.141161458163225,0.88
4.325,0,59.15028119199458,0.88
4.3260000000000005,0,59.159396314230925,0.88
4.327,0,59.16850682720422,0.88
4.328,0,59.177612733245255,0.88
4.329,0,59.186714034683604,0.88
4.33,0,59.19581073384771,0.88
4.331,0,59.2049028330648,0.88
4.332,0,59.213990334660934,0.88
4.333,0,59.22307324096102,0.88
4.3340000000000005,0,59.23215155428876,0.88
4.335,0,59.24122527696669,0.88
4.336,0,59.250294411316176,0.88
4.337,0,59.259358959657405,0.88
4.338,0,59.268418924309394,0.88
4.339,0,59.27747430759,0.88
4.34,0,59.28652511181586,0.88
4.341,0,59.29557133930252,0.88
4.3420000000000005,0,59.304612992364284,0.88
4.343,0,59.31365007331429,0.88
4.344,0,59.32268258446458,0.88
4.345,0,59.331710528125924,0.88
4.346,0,59.34073390660801,0.88
4.347,0,59.34975272221931,0.88
4.348,0,59.35876697726712,0.88
4.349,0,59.36777667405762,0.88
4.3500000000000005,0,59.37458781567315,0.6
4.351,0,59.35973382204766,0.6
4.352,0,59.34488733967237,0.6
4.353,0,59.33004836474909,0.6
4.354,0,59.31521689348148,0.6
4.355,0,59.30039292207516,0.6
4.356,0,59.28557644673767,0.6
4.357,0,59.27076746367844,0.6
4.358,0,59.25596596910886,0.6
4.359,0,59.257680154807105,0.88
4.36,0,59.26674096838387,0.88
4.361,0,59.27579720015997,0.88
4.362,0,59.28484885245229,0.88
4.363,0,59.29389592757655,0.88
4.364,0,59.30293842784727,0.88
4.365,0,59.31197635557787,0.88
4.366,0,59.321009713080514,0.88
4.367,0,59.31786748362529,0.6
4.368,0,59.30304217188947,0.6
4.369,0,59.28822435690026,0.6
4.37,0,59.273414034866725,0.6
4.371,0,59.258611201999905,0.6
4.372,0,59.24381585451275,0.6
4.373,0,59.22902798862009,0.6
4.374,0,59.214247600538705,0.6
4.375,0,59.20210251306321,0.88
4.376,0,59.21119143070307,0.88
4.377,0,59.22027575233079,0.88
4.378,0,59.2293554802705,0.88
4.3790000000000004,0,59.238430616845065,0.88
4.38,0,59.2475011643762,0.88
4.381,0,59.2565671251845,0.88
4.382,0,59.265628501589305,0.88
4.383,0,59.27468529590883,0.88
4.384,0,59.283737510460114,0.88
4.385,0,59.292785147559,0.88
4.386,0,59.30182820952021,0.88
4.3870000000000005,0,59.310866698657236,0.88
4.388,0,59.319900617282435,0.88
4.389,0,59.328929967707,0.88
4.39,0,59.337954752240904,0.88
4.391,0,59.34697497319304,0.88
4.392,0,59.35599063287106,0.88
4.393,0,59.365001733581465,0.88
4.394,0,59.37400827762963,0.88
4.3950000000000005,0,59.38301026731969,0.88
4.396,0,59.39200770495468,0.88
4.397,0,59.401000592836446,0.88
4.398,0,59.409988933265666,0.88
4.399,0,59.41897272854186,0.88
4.4,0,59.4279519809634,0.88
4.401,0,59.436926692827456,0.88
4.402,0,59.43025607426122,0.6
4.4030000000000005,0,59.41537393075023,0.6
4.404,0,59.40049931272408,0.6
4.405,0,59.385632216377324,0.6
4.406,0,59.370772637906484,0.6
4.407,0,59.35592057350995,0.6
4.408,0,59.34107601938808,0.6
4.409,0,59.32623897174315,0.6
4.41,0,59.317507728558674,0.88
4.4110000000000005,0,59.32653828900031,0.88
4.412,0,59.33556428293943,0.88
4.413,0,59.34458571268521,0.88
4.414,0,59.35360258054561,0.88
4.415,0,59.36261488882747,0.88
4.416,0,59.37162263983643,0.88
4.417,0,59.38062583587698,0.88
4.418,0,59.38962447925244,0.88
4.4190000000000005,0,59.398618572264965,0.88
4.42,0,59.40760811721553,0.88
4.421,0,59.416593116404,0.88
4.422,0,59.42557357212901,0.88
4.423,0,59.43454948668807,0.88
4.424,0,59.44352086237753,0.88
4.425,0,59.45248770149256,0.88
4.426,0,59.46145000632718,0.88
4.4270000000000005,0,59.47040777917425,0.88
4.428,0,59.47936102232548,0.88
4.429,0,59.488309738071386,0.88
4.43,0,59.49725392870137,0.88
4.431,0,59.50619359650366,0.88
4.432,0,59.51512874376532,0.88
4.433,0,59.52405937277224,0.88
4.434,0,59.532985485809206,0.88
4.4350000000000005,0,59.54190708515981,0.88
4.436,0,59.550824173106484,0.88
4.437,0,59.54062644189874,0.6
4.438,0,59.525688487171664,0.6
4.439,0,59.51075808615157,0.6
4.44,0,59.49583523501879,0.6
4.441,0,59.48091992995556,0.6
4.442,0,59.46601216714602,0.6
4.4430000000000005,0,59.45111194277628,0.6
4.444,0,59.43621925303437,0.6
4.445,0,59.430902615776375,0.88
4.446,0,59.43987583558672,0.88
4.447,0,59.44884451789012,0.88
4.448,0,59.45780866498106,0.88
4.449,0,59.46676827915287,0.88
4.45,0,59.475723362697735,0.88
4.4510000000000005,0,59.48467391790665,0.88
4.452,0,59.49361994706947,0.88
4.453,0,59.5025614524749,0.88
4.454,0,59.51149843641046,0.88
4.455,0,59.520430901162555,0.88
4.456,0,59.529358849016404,0.88
4.457,0,59.538282282256056,0.88
4.458,0,59.54720120316445,0.88
4.4590000000000005,0,59.556115614023334,0.88
4.46,0,59.56502551711331,0.88
4.461,0,59.57393091471384,0.88
4.462,0,59.582831809103226,0.88
4.463,0,59.59172820255861,0.88
4.464,0,59.600620097356,0.88
4.465,0,59.60950749577022,0.88
4.466,0,59.618390400074986,0.88
4.4670000000000005,0,59.62726881254283,0.88
4.468,0,59.63614273544515,0.88
4.469,0,59.64501217105221,0.88
4.47,0,59.65387712163309,0.88
4.471,0,59.66273758945576,0.88
4.472,0,59.67159357678701,0.88
4.473,0,59.6804450858925,0.88
4.474,0,59.689292119036764,0.88
4.4750000000000005,0,59.69813467848316,0.88
4.476,0,59.7069727664939,0.88
4.477,0,59.71580638533007,0.88
4.478,0,59.724635537251615,0.88
4.479,0,59.73346022451733,0.88
4.48,0,59.742280449384864,0.88
4.481,0,59.75109621411071,0.88
4.482,0,59.739496207526535,0.6
4.483,0,59.724457689906494,0.6
4.484,0,59.7094267768453,0.6
4.485,0,59.69440346449754,0.6
4.486,0,59.67938774901978,0.6
4.487,0,59.66437962657046,0.6
4.488,0,59.649379093309996,0.6
4.489,0,59.634386145400775,0.6
4.49,0,59.619400779007066,0.6
4.491,0,59.60442299029514,0.6
4.492,0,59.589452775433145,0.6
4.493,0,59.5744901305912,0.6
4.494,0,59.55953505194138,0.6
4.495,0,59.54458753565764,0.6
4.496,0,59.529647577915924,0.6
4.497,0,59.51471517489409,0.6
4.498,0,59.49979032277193,0.6
4.499,0,59.48487301773115,0.6
4.5,0,59.46996325595539,0.6
4.501,0,59.457978076225345,0.88
4.502,0,59.46693760473062,0.88
4.503,0,59.47589260265225,0.88
4.5040000000000004,0,59.48484307228125,0.88
4.505,0,59.493789015907424,0.88
4.506,0,59.50273043581946,0.88
4.507,0,59.51166733430486,0.88
4.508,0,59.52059971365,0.88
4.509,0,59.52952757614007,0.88
4.51,0,59.53845092405913,0.88
4.511,0,59.54736975969007,0.88
4.5120000000000005,0,59.556284085314616,0.88
4.513,0,59.56519390321336,0.88
4.514,0,59.57409921566574,0.88
4.515,0,59.583000024950024,0.88
4.516,0,59.59189633334336,0.88
4.517,0,59.60078814312169,0.88
4.518,0,59.609675456559856,0.88
4.519,0,59.618558275931534,0.88
4.5200000000000005,0,59.62743660350924,0.88
4.521,0,59.636310441564355,0.88
4.522,0,59.6451797923671,0.88
4.523,0,59.654044658186564,0.88
4.524,0,59.66290504129067,0.88
4.525,0,59.6717609439462,0.88
4.526,0,59.68061236841879,0.88
4.527,0,59.68945931697294,0.88
4.5280000000000005,0,59.698301791872005,0.88
4.529,0,59.70713979537817,0.88
4.53,0,59.715973329752494,0.88
4.531,0,59.7248023972549,0.88
4.532,0,59.73362700014417,0.88
4.533,0,59.74244714067791,0.88
4.534,0,59.751262821112626,0.88
4.535,0,59.76007404370367,0.88
4.5360000000000005,0,59.768880810705234,0.88
4.537,0,59.777683124370384,0.88
4.538,0,59.78648098695108,0.88
4.539,0,59.79527440069806,0.88
4.54,0,59.80406336786102,0.88
4.541,0,59.81284789068845,0.88
4.542,0,59.82162797142773,0.88
4.543,0,59.830403612325114,0.88
4.5440000000000005,0,59.83917481562569,0.88
4.545,0,59.84794158357342,0.88
4.546,0,59.85670391841117,0.88
4.547,0,59.85729353603958,0.8
4.548,0,59.85736561073982,0.8
4.549,0,59.8574376489939,0.8
4.55,0,59.85750965082024,0.8
4.551,0,59.85758161623727,0.8
4.5520000000000005,0,59.85765354526339,0.8
4.553,0,59.86107774610694,0.85
4.554,0,59.86638186839485,0.85
4.555,0,59.87168330853608,0.85
4.556,0,59.87698206788692,0.85
4.557,0,59.882278147802964,0.85
4.558,0,59.88757154963913,0.85
4.559,0,59.892862274749646,0.85
4.5600000000000005,0,59.89815032448806,0.85
4.561,0,59.903435700207226,0.85
4.562,0,59.90871840325934,0.85
4.563,0,59.913998434995875,0.85
4.564,0,59.91927579676765,0.85
4.565,0,59.9245504899248,0.85
4.566,0,59.929822515816745,0.85
4.567,0,59.93509187579227,0.85
4.5680000000000005,0,59.94035857119944,0.85
4.569,0,59.94562260338566,0.85
4.57,0,59.95088397369765,0.85
4.571,0,59.95614268348143,0.85
4.572,0,59.96139873408238,0.85
4.573,0,59.966652126845155,0.85
4.574,0,59.97190286311375,0.85
4.575,0,59.97715094423148,0.85
4.5760000000000005,0,59.982396371541,0.85
4.577,0,59.98763914638424,0.85
4.578,0,59.98872656156068,0.8
4.579,0,59.98873217424627,0.8
4.58,0,59.98873778409369,0.8
4.581,0,59.988743391104364,0.8
4.582,0,59.98874899527973,0.8
4.583,0,59.98875459662122,0.8
4.5840000000000005,0,59.98876019513027,0.8
4.585,0,59.9887657908083,0.8
4.586,0,59.98877138365676,0.8
4.587,0,59.98877697367707,0.8
4.588,0,59.98878256087067,0.8
4.589,0,59.98878814523897,0.8
4.59,0,59.98879372678342,0.8
4.591,0,59.98879930550543,0.8
4.5920000000000005,0,59.988804881406445,0.8
4.593,0,59.973740779273726,0.6
4.594,0,59.958583810708056,0.6
4.595,0,59.94343450659859,0.6
4.596,0,59.928292863069615,0.6
4.597,0,59.91315887624738,0.6
4.598,0,59.89803254226014,0.6
4.599,0,59.88291385723802,0.6
4.6000000000000005,0,59.867802817313176,0.6
4.601,0,59.852699418619714,0.6
4.602,0,59.83760365729364,0.6
4.603,0,59.822515529472994,0.6
4.604,0,59.80743503129767,0.6
4.605,0,59.79236215890961,0.6
4.606,0,59.77729690845267,0.6
4.607,0,59.76223927607262,0.6
4.6080000000000005,0,59.74718925791723,0.6
4.609,0,59.7321468501362,0.6
4.61,0,59.71711204888117,0.6
4.611,0,59.702084850305745,0.6
4.612,0,59.693269874147234,0.88
4.613,0,59.70211042215384,0.88
4.614,0,59.710946499741894,0.88
4.615,0,59.719778109172026,0.88
4.616,0,59.72860525270361,0.88
4.617,0,59.737427932594954,0.88
4.618,0,59.74624615110319,0.88
4.619,0,59.755059910484306,0.88
4.62,0,59.76386921299317,0.88
4.621,0,59.772674060883496,0.88
4.622,0,59.78147445640785,0.88
4.623,0,59.79027040181768,0.88
4.624,0,59.79906189936328,0.88
4.625,0,59.80784895129381,0.88
4.626,0,59.816631559857306,0.88
4.627,0,59.82540972730064,0.88
4.628,0,59.834183455869564,0.88
4.6290000000000004,0,59.842952747808695,0.88
4.63,0,59.851717605361515,0.88
4.631,0,59.860478030770366,0.88
4.632,0,59.86923402627646,0.88
4.633,0,59.87798559411989,0.88
4.634,0,59.886732736539585,0.88
4.635,0,59.89547545577335,0.88
4.636,0,59.90421375405789,0.88
4.6370000000000005,0,59.91294763362875,0.88
4.638,0,59.92167709672033,0.88
4.639,0,59.93040214556595,0.88
4.64,0,59.939122782397746,0.88
4.641,0,59.94783900944676,0.88
4.642,0,59.95655082894291,0.88
4.643,0,59.96525824311494,0.88
4.644,0,59.96125019241127,0.6
4.6450000000000005,0,59.946099539986946,0.6
4.646,0,59.93095654882494,0.6
4.647,0,59.915821215051125,0.6
4.648,0,59.90069353479341,0.6
4.649,0,59.8855735041816,0.6
4.65,0,59.870461119347496,0.6
4.651,0,59.85535637642485,0.6
4.652,0,59.845265833189664,0.85
4.6530000000000005,0,59.85057795112086,0.85
4.654,0,59.8558873828622,0.85
4.655,0,59.861194129772024,0.85
4.656,0,59.86649819320796,0.85
4.657,0,59.871799574526975,0.85
4.658,0,59.877098275085345,0.85
4.659,0,59.882394296238644,0.85
4.66,0,59.88768763934179,0.85
4.6610000000000005,0,59.89297830574898,0.85
4.662,0,59.89826629681375,0.85
4.663,0,59.90355161388896,0.85
4.664,0,59.90883425832675,0.85
4.665,0,59.914114231478614,0.85
4.666,0,59.91939153469534,0.85
4.667,0,59.92466616932704,0.85
4.668,0,59.929938136723145,0.85
4.6690000000000005,0,59.935207438232396,0.85
4.67,0,59.94047407520287,0.85
4.671,0,59.94686923878152,0.88
4.672,0,59.955581548663616,0.88
4.673,0,59.96428945297366,0.88
4.674,0,59.9729929539394,0.88
4.675,0,59.981692053787484,0.88
4.676,0,59.99038675474344,0.88
4.6770000000000005,0,59.9847525712064,0.6
4.678,0,59.969590034284735,0.6
4.679,0,59.954435164635015,0.6
4.68,0,59.93928795838015,0.6
4.681,0,59.92414841164493,0.6
4.682,0,59.90901652055617,0.6
4.683,0,59.89389228124264,0.6
4.684,0,59.87877568983503,0.6
4.6850000000000005,0,59.86366674246601,0.6
4.686,0,59.848565435270224,0.6
4.687,0,59.833471764384214,0.6
4.688,0,59.81838572594655,0.6
4.689,0,59.80330731609767,0.6
4.69,0,59.810014846718445,0.88
4.691,0,59.81879636004902,0.88
4.692,0,59.827573432813296,0.88
4.6930000000000005,0,59.8363460672567,0.88
4.694,0,59.84511426562358,0.88
4.695,0,59.853878030157134,0.88
4.696,0,59.86263736309943,0.88
4.697,0,59.871392266691416,0.88
4.698,0,59.88014274317287,0.88
4.699,0,59.888888794782446,0.88
4.7,0,59.89763042375772,0.88
4.7010000000000005,0,59.90636763233506,0.88
4.702,0,59.915100422749745,0.88
4.703,0,59.92382879723593,0.88
4.704,0,59.93255275802661,0.88
4.705,0,59.941272307353685,0.88
4.706,0,59.949987447447896,0.88
4.707,0,59.95869818053886,0.88
4.708,0,59.952131380441415,0.6
4.7090000000000005,0,59.936985339145934,0.6
4.71,0,59.921846956781046,0.6
4.711,0,59.906716229473815,0.6
4.712,0,59.89159315335332,0.6
4.713,0,59.87647772455055,0.6
4.714,0,59.86136993919847,0.6
4.715,0,59.84626979343203,0.6
4.716,0,59.83117728338806,0.6
4.7170000000000005,0,59.8160924052054,0.6
4.718,0,59.80101515502487,0.6
4.719,0,59.78594552898916,0.6
4.72,0,59.77088352324297,0.6
4.721,0,59.75582913393291,0.6
4.722,0,59.74078235720759,0.6
4.723,0,59.72574318921754,0.6
4.724,0,59.7107116261152,0.6
4.7250000000000005,0,59.69568766405501,0.6
4.726,0,59.68067129919336,0.6
4.727,0,59.66566252768851,0.6
4.728,0,59.67229511146972,0.88
4.729,0,59.68114626582871,0.88
4.73,0,59.68999294440583,0.88
4.731,0,59.69883514946438,0.88
4.732,0,59.70767288326649,0.88
4.7330000000000005,0,59.71650614807315,0.88
4.734,0,59.72533494614419,0.88
4.735,0,59.734159279738336,0.88
4.736,0,59.74297915111313,0.88
4.737,0,59.75179456252502,0.88
4.738,0,59.76060551622926,0.88
4.739,0,59.76941201447998,0.88
4.74,0,59.778214059530214,0.88
4.741,0,59.787011653631794,0.88
4.742,0,59.79580479903545,0.88
4.743,0,59.804593497990766,0.88
4.744,0,59.81337775274618,0.88
4.745,0,59.822157565549,0.88
4.746,0,59.83093293864541,0.88
4.747,0,59.839703874280424,0.88
4.748,0,59.84847037469797,0.88
4.749,0,59.85723244214078,0.88
4.75,0,59.865990078850515,0.88
4.751,0,59.87474328706766,0.88
4.752,0,59.88349206903158,0.88
4.753,0,59.89223642698052,0.88
4.7540000000000004,0,59.900976363151564,0.88
4.755,0,59.90971187978069,0.88
4.756,0,59.918442979102736,0.88
4.757,0,59.92716966335141,0.88
4.758,0,59.93589193475929,0.88
4.759,0,59.94460979555784,0.88
4.76,0,59.95332324797735,0.88
4.761,0,59.96203229424706,0.88
4.7620000000000005,0,59.970736936595,0.88
4.763,0,59.97943717724812,0.88
4.764,0,59.98499370072403,0.8
4.765,0,59.98500120101322,0.8
4.766,0,59.98500869750973,0.8
4.767,0,59.98501619021546,0.8
4.768,0,59.98502367913234,0.8
4.769,0,59.98503116426229,0.8
4.7700000000000005,0,59.98503864560721,0.8
4.771,0,59.98504612316903,0.8
4.772,0,59.985053596949655,0.8
4.773,0,59.98506106695099,0.8
4.774,0,59.98506853317496,0.8
4.775,0,59.98507599562347,0.8
4.776,0,59.985083454298426,0.8
4.777,0,59.98509090920174,0.8
4.7780000000000005,0,59.985098360335314,0.8
4.779,0,59.98510580770106,0.8
4.78,0,59.98511325130088,0.8
4.781,0,59.98512069113668,0.8
4.782,0,59.98512812721036,0.8
4.783,0,59.985135559523826,0.8
4.784,0,59.98514298807898,0.8
4.785,0,59.985150412877715,0.8
4.7860000000000005,0,59.985157833921946,0.8
4.787,0,59.98516525121356,0.8
4.788,0,59.98517266475445,0.8
4.789,0,59.98518007454652,0.8
4.79,0,59.98518748059167,0.8
4.791,0,59.98519488289179,0.8
4.792,0,59.985202281448764,0.8
4.793,0,59.9852096762645,0.8
4.7940000000000005,0,59.98521706734089,0.8
4.795,0,59.98522445467981,0.8
4.796,0,59.98523183828316,0.8
4.797,0,59.985239218152834,0.8
4.798,0,59.98524659429071,0.8
4.799,0,59.98525396669868,0.8
4.8,0,59.985261335378624,0.8
4.801,0,59.98526870033244,0.8
4.8020000000000005,0,59.985276061562,0.8
4.803,0,59.98528341906919,0.8
4.804,0,59.9828420347562,0.6
4.805,0,59.96768046393953,0.6
4.806,0,59.95252655990627,0.6
4.807,0,59.93738031877956,0.6
4.808,0,59.922241736684484,0.6
4.809,0,59.90711080974807,0.6
4.8100000000000005,0,59.89198753409933,0.6
4.811,0,59.87687190586922,0.6
4.812,0,59.861763921190644,0.6
4.813,0,59.864828009764324,0.88
4.814,0,59.87358180560739,0.88
4.815,0,59.88233117490009,0.88
4.816,0,59.89107611988079,0.88
4.817,0,59.899816642786774,0.88
4.8180000000000005,0,59.908552745854145,0.88
4.819,0,59.91728443131788,0.88
4.82,0,59.92601170141185,0.88
4.821,0,59.93473455836879,0.88
4.822,0,59.943453004420284,0.88
4.823,0,59.95216704179682,0.88
4.824,0,59.94704926336519,0.6
4.825,0,59.93190579195455,0.6
4.8260000000000005,0,59.91676997817497,0.6
4.827,0,59.901641818154204,0.6
4.828,0,59.886521308021955,0.6
4.829,0,59.8714084439099,0.6
4.83,0,59.856303221951634,0.6
4.831,0,59.841205638282744,0.6
4.832,0,59.83040024109309,0.88
4.833,0,59.8391714460984,0.88
4.8340000000000005,0,59.84793821575002,0.88
4.835,0,59.85670055229077,0.88
4.836,0,59.86545845796236,0.88
4.837,0,59.874211935005356,0.88
4.838,0,59.882960985659196,0.88
4.839,0,59.891705612162184,0.88
4.84,0,59.90044581675147,0.88
4.841,0,59.90918160166311,0.88
4.8420000000000005,0,59.91791296913201,0.88
4.843,0,59.92663992139194,0.88
4.844,0,59.935362460675556,0.88
4.845,0,59.944080589214366,0.88
4.846,0,59.95279430923878,0.88
4.847,0,59.96150362297804,0.88
4.848,0,59.970208532660294,0.88
4.849,0,59.978909040512555,0.88
4.8500000000000005,0,59.98760514876069,0.88
4.851,0,59.97466309386048,0.6
4.852,0,59.959505658906046,0.6
4.853,0,59.94435588864367,0.6
4.854,0,59.92921377919748,0.6
4.855,0,59.91407932669365,0.6
4.856,0,59.89895252726029,0.6
4.857,0,59.88383337702743,0.6
4.8580000000000005,0,59.86872187212708,0.6
4.859,0,59.85361800869324,0.6
4.86,0,59.83852178286179,0.6
4.861,0,59.82343319077065,0.6
4.862,0,59.80835222855961,0.6
4.863,0,59.80703609939395,0.8
4.864,0,59.807133587877956,0.8
4.865,0,59.80723102706476,0.8
4.866,0,59.80732841697928,0.8
4.867,0,59.80742575764645,0.8
4.868,0,59.807523049091145,0.8
4.869,0,59.81289152925055,0.88
4.87,0,59.821671587923035,0.88
4.871,0,59.83044720676477,0.88
4.872,0,59.83921838802084,0.88
4.873,0,59.84798513393524,0.88
4.874,0,59.856747446750774,0.88
4.875,0,59.86550532870915,0.88
4.876,0,59.874258782050916,0.88
4.877,0,59.88300780901551,0.88
4.878,0,59.891752411841225,0.88
4.8790000000000004,0,59.90049259276523,0.88
4.88,0,59.90922835402354,0.88
4.881,0,59.917959697851074,0.88
4.882,0,59.9266866264816,0.88
4.883,0,59.93540914214775,0.88
4.884,0,59.944127247081056,0.88
4.885,0,59.95284094351187,0.88
4.886,0,59.96155023366949,0.88
4.8870000000000005,0,59.96228332580324,0.6
4.888,0,59.9471321509522,0.6
4.889,0,59.93198863762761,0.6
4.89,0,59.9168527819553,0.6
4.891,0,59.90172458006296,0.6
4.892,0,59.88660402808032,0.6
4.893,0,59.871491122139034,0.6
4.894,0,59.8563858583727,0.6
4.8950000000000005,0,59.84128823291688,0.6
4.896,0,59.82619824190911,0.6
4.897,0,59.811115881488846,0.6
4.898,0,59.79604114779754,0.6
4.899,0,59.78097403697852,0.6
4.9,0,59.765914545177154,0.6
4.901,0,59.75086266854071,0.6
4.902,0,59.73581840321839,0.6
4.9030000000000005,0,59.720781745361386,0.6
4.904,0,59.72368915972298,0.88
4.905,0,59.73251432554541,0.88
4.906,0,59.74133502872766,0.88
4.907,0,59.75015127152637,0.88
4.908,0,59.75896305619703,0.88
4.909,0,59.76777038499398,0.88
4.91,0,59.77657326017045,0.88
4.9110000000000005,0,59.7853716839785,0.88
4.912,0,59.79416565866905,0.88
4.913,0,59.80295518649193,0.88
4.914,0,59.81174026969576,0.88
4.915,0,59.82052091052809,0.88
4.916,0,59.82929711123528,0.88
4.917,0,59.838068874062586,0.88
4.918,0,59.84683620125412,0.88
4.9190000000000005,0,59.85559909505287,0.88
4.92,0,59.86435755770066,0.88
4.921,0,59.87311159143821,0.88
4.922,0,59.87043044723155,0.6
4.923,0,59.85532571981892,0.6
4.924,0,59.840228630445594,0.6
4.925,0,59.82513917524924,0.6
4.926,0,59.81005735036945,0.6
4.9270000000000005,0,59.794983151947775,0.6
4.928,0,59.77991657612777,0.6
4.929,0,59.76485761905485,0.6
4.93,0,59.74980627687647,0.6
4.931,0,59.734762545741944,0.6
4.932,0,59.71972642180261,0.6
4.933,0,59.70469790121173,0.6
4.934,0,59.689676980124474,0.6
4.9350000000000005,0,59.674663654697994,0.6
4.936,0,59.659657921091394,0.6
4.937,0,59.64465977546568,0.6
4.938,0,59.62966921398386,0.6
4.939,0,59.61468623281078,0.6
4.94,0,59.599710828113345,0.6
4.941,0,59.58474299606032,0.6
4.942,0,59.58757463967615,0.88
4.9430000000000005,0,59.596468634814414,0.88
4.944,0,59.60535813250743,0.88
4.945,0,59.614243135029454,0.88
4.946,0,59.623123644653546,0.88
4.947,0,59.63199966365164,0.88
4.948,0,59.64087119429453,0.88
4.949,0,59.649738238851846,0.88
4.95,0,59.65860079959208,0.88
4.9510000000000005,0,59.667458878782575,0.88
4.952,0,59.67631247868951,0.88
4.953,0,59.68516160157796,0.88
4.954,0,59.6940062497118,0.88
4.955,0,59.70284642535381,0.88
4.956,0,59.711682130765595,0.88
4.957,0,59.72051336820762,0.88
4.958,0,59.72934013993923,0.88
4.9590000000000005,0,59.7381624482186,0.88
4.96,0,59.74698029530278,0.88
4.961,0,59.75579368344765,0.88
4.962,0,59.76460261490799,0.88
4.963,0,59.77340709193743,0.88
4.964,0,59.782207116788435,0.88
4.965,0,59.791002691712336,0.88
4.966,0,59.79979381895937,0.88
4.9670000000000005,0,59.80858050077859,0.88
4.968,0,59.8173627394179,0.88
4.969,0,59.82614053712413,0.88
4.97,0,59.83491389614291,0.88
4.971,0,59.843682818718776,0.88
4.972,0,59.852447307095105,0.88
4.973,0,59.86120736351414,0.88
4.974,0,59.86996299021702,0.88
4.9750000000000005,0,59.87871418944372,0.88
4.976,0,59.88746096343307,0.88
4.977,0,59.89620331442282,0.88
4.978,0,59.90494124464955,0.88
4.979,0,59.9136747563487,0.88
4.98,0,59.922403851754616,0.88
4.981,0,59.93112853310048,0.88
4.982,0,59.93984880261836,0.88
4.9830000000000005,0,59.94856466253921,0.88
4.984,0,59.95727611509282,0.88
4.985,0,59.96598316250788,0.88
4.986,0,59.9745251431229,0.8
4.987,0,59.97453793706964,0.8
4.988,0,59.97455072454685,0.8
4.989,0,59.97456350555778,0.8
4.99,0,59.974576280105715,0.8
4.9910000000000005,0,59.97458904819392,0.8
4.992,0,59.97460180982565,0.8
4.993,0,59.97461456500419,0.8
4.994,0,59.97462731373278,0.8
4.995,0,59.9746400560147,0.8
4.996,0,59.9746527918532,0.8
4.997,0,59.974665521251545,0.8
4.998,0,59.97467824421299,0.8
4.999,0,59.97469096074079,0.8
5.0,0,59.97470367083819,0.8
5.001,0,59.974716374508446,0.8
5.002,0,59.974729071754815,0.8
5.003,0,59.97474176258054,0.8
5.0040000000000004,0,59.974754446988875,0.8
5.005,0,59.97476712498305,0.8
5.006,0,59.974779796566324,0.8
5.007,0,59.97479246174193,0.8
5.008,0,59.9748051205131,0.8
5.009,0,59.97481777288309,0.8
5.01,0,59.974830418855134,0.8
5.011,0,59.974843058432455,0.8
5.0120000000000005,0,59.974855691618295,0.8
5.013,0,59.97486831841589,0.8
5.014,0,59.97488093882846,0.8
5.015,0,59.97489355285925,0.8
5.016,0,59.974906160511466,0.8
5.017,0,59.97491876178835,0.8
5.018,0,59.97493135669312,0.8
5.019,0,59.97494394522899,0.8
5.0200000000000005,0,59.9749565273992,0.8
5.021,0,59.97496910320695,0.8
5.022,0,59.97498167265547,0.8
5.023,0,59.974994235747964,0.8
5.024,0,59.975006792487655,0.8
5.025,0,59.97501934287775,0.8
5.026,0,59.97503188692147,0.8
5.027,0,59.97504442462201,0.8
5.0280000000000005,0,59.975056955982595,0.8
5.029,0,59.97506948100641,0.8
5.03,0,59.97508199969667,0.8
5.031,0,59.975094512056586,0.8
5.032,0,59.975107018089346,0.8
5.033,0,59.97511951779815,0.8
5.034,0,59.975132011186204,0.8
5.035,0,59.975144498256704,0.8
5.0360000000000005,0,59.97515697901283,0.8
5.037,0,59.975169453457795,0.8
5.038,0,59.97518192159478,0.8
5.039,0,59.975194383426974,0.8
5.04,0,59.97520683895757,0.8
5.041,0,59.97521928818975,0.8
5.042,0,59.9752317311267,0.8
5.043,0,59.9752441677716,0.8
5.0440000000000005,0,59.975256598127636,0.8
5.045,0,59.97526902219799,0.8
5.046,0,59.97528143998584,0.8
5.047,0,59.975293851494364,0.8
5.048,0,59.975306256726725,0.8
5.049,0,59.97531865568611,0.8
5.05,0,59.97533104837569,0.8
5.051,0,59.97534343479863,0.8
5.0520000000000005,0,59.97535581495811,0.8
5.053,0,59.975368188857274,0.8
5.054,0,59.97538055649931,0.8
5.055,0,59.975392917887376,0.8
5.056,0,59.975405273024634,0.8
5.057,0,59.967551038425235,0.6
5.058,0,59.952397199838856,0.6
5.059,0,59.93725102412592,0.6
5.0600000000000005,0,59.92211250741153,0.6
5.061,0,59.90698164582277,0.6
5.062,0,59.89185843548862,0.6
5.063,0,59.876742872540085,0.6
5.064,0,59.86163495311007,0.6
5.065,0,59.8489529636371,0.85
5.066,0,59.85426321708928,0.85
5.067,0,59.85957078529443,0.85
5.0680000000000005,0,59.86487566961039,0.85
5.069,0,59.870177871394326,0.85
5.07,0,59.875477392002736,0.85
5.071,0,59.880774232791396,0.85
5.072,0,59.88606839511543,0.85
5.073,0,59.89135988032926,0.85
5.074,0,59.896648689786616,0.85
5.075,0,59.90193482484057,0.85
5.0760000000000005,0,59.90721828684349,0.85
5.077,0,59.91249907714705,0.85
5.078,0,59.91777719710227,0.85
5.079,0,59.92305264805945,0.85
5.08,0,59.92832543136826,0.85
5.081,0,59.933595548377625,0.85
5.082,0,59.93886300043582,0.85
5.083,0,59.94412778889046,0.85
5.0840000000000005,0,59.95008329000818,0.88
5.085,0,59.95879397463423,0.88
5.086,0,59.96750025451007,0.88
5.087,0,59.97620213186303,0.88
5.088,0,59.98489960891937,0.88
5.089,0,59.993592687904176,0.88
5.09,0,59.99816758605691,0.8
5.091,0,59.998168424679776,0.8
5.0920000000000005,0,59.99816926287857,0.8
5.093,0,59.99817010065352,0.8
5.094,0,59.99817093800482,0.8
5.095,0,59.9981717749327,0.8
5.096,0,59.99817261143737,0.8
5.097,0,59.998173447519044,0.8
5.098,0,59.99817428317793,0.8
5.099,0,59.99817511841425,0.8
5.1000000000000005,0,59.99817595322821,0.8
5.101,0,59.99817678762004,0.8
5.102,0,59.99817762158993,0.8
5.103,0,59.99817845513811,0.8
5.104,0,59.99817928826479,0.8
5.105,0,59.99818012097017,0.8
5.106,0,59.99818095325448,0.8
5.107,0,59.99818178511793,0.8
5.1080000000000005,0,59.998182616560726,0.8
5.109,0,59.99818344758309,0.8
5.11,0,59.99251621090195,0.6
5.111,0,59.977349748124254,0.6
5.112,0,59.96219095460371,0.6
5.113,0,59.94703982646219,0.6
5.114,0,59.93189635982354,0.6
5.115,0,59.91676055081352,0.6
5.1160000000000005,0,59.9016323955599,0.6
5.117,0,59.8865118901924,0.6
5.118,0,59.87139903084267,0.6
5.119,0,59.85629381364434,0.6
5.12,0,59.84119623473297,0.6
5.121,0,59.8261062902461,0.6
5.122,0,59.81102397632325,0.6
5.123,0,59.7959492891058,0.6
5.124,0,59.78088222473718,0.6
5.125,0,59.76582277936269,0.6
5.126,0,59.75077094912965,0.6
5.127,0,59.735726730187295,0.6
5.128,0,59.72069011868678,0.6
5.1290000000000004,0,59.70566111078126,0.6
5.13,0,59.705914463331,0.88
5.131,0,59.71474861732156,0.88
5.132,0,59.72357830412688,0.88
5.133,0,59.732403526005896,0.88
5.134,0,59.74122428521639,0.88
5.135,0,59.750040584015,0.88
5.136,0,59.758852424657235,0.88
5.1370000000000005,0,59.767659809397486,0.88
5.138,0,59.77646274048894,0.88
5.139,0,59.78526122018371,0.88
5.14,0,59.794055250732725,0.88
5.141,0,59.80284483438581,0.88
5.142,0,59.81162997339163,0.88
5.143,0,59.82041066999771,0.88
5.144,0,59.829186926450475,0.88
5.1450000000000005,0,59.837958744995156,0.88
5.146,0,59.845771235828316,0.85
5.147,0,59.851083098191495,0.85
5.148,0,59.856392274494056,0.85
5.149,0,59.86169876609426,0.85
5.15,0,59.86700257434969,0.85
5.151,0,59.87230370061723,0.85
5.152,0,59.877602146253096,0.85
5.1530000000000005,0,59.882897912612805,0.85
5.154,0,59.8881910010512,0.85
5.155,0,59.89348141292241,0.85
5.156,0,59.89876914957992,0.85
5.157,0,59.90405421237651,0.85
5.158,0,59.90933660266427,0.85
5.159,0,59.91461632179461,0.85
5.16,0,59.91989337111827,0.85
5.1610000000000005,0,59.92516775198529,0.85
5.162,0,59.93043946574504,0.85
5.163,0,59.93570851374619,0.85
5.164,0,59.94097489733675,0.85
5.165,0,59.9474777830457,0.88
5.166,0,59.95618978520396,0.88
5.167,0,59.96489738194574,0.88
5.168,0,59.97360057549876,0.88
5.1690000000000005,0,59.98229936808957,0.88
5.17,0,59.99099376194363,0.88
5.171,0,59.984613097399404,0.6
5.172,0,59.96945063100575,0.6
5.173,0,59.954295831848384,0.6
5.174,0,59.9391486960502,0.6
5.175,0,59.92400921973607,0.6
5.176,0,59.90887739903278,0.6
5.1770000000000005,0,59.893753230069116,0.6
5.178,0,59.87863670897582,0.6
5.179,0,59.86825605903799,0.85
5.18,0,59.87355655145329,0.85
5.181,0,59.87885436355744,0.85
5.182,0,59.884149496705795,0.85
5.183,0,59.889441952253016,0.85
5.184,0,59.89473173155311,0.85
5.1850000000000005,0,59.90001883595937,0.85
5.186,0,59.90530326682441,0.85
5.187,0,59.91058502550018,0.85
5.188,0,59.91586411333792,0.85
5.189,0,59.9211405316882,0.85
5.19,0,59.92641428190091,0.85
5.191,0,59.93168536532525,0.85
5.192,0,59.93695378330974,0.85
5.1930000000000005,0,59.94221953720222,0.85
5.194,0,59.947482628349846,0.85
5.195,0,59.952743058099095,0.85
5.196,0,59.95800082779576,0.85
5.197,0,59.963255938784954,0.85
5.198,0,59.96850839241112,0.85
5.199,0,59.973758190017996,0.85
5.2,0,59.979005332948674,0.85
5.2010000000000005,0,59.98424982254554,0.85
5.202,0,59.98949166015031,0.85
5.203,0,59.99473084710403,0.85
5.204,0,59.99795395811919,0.8
5.205,0,59.99795490476775,0.8
5.206,0,59.997955850937615,0.8
5.207,0,59.99795679662902,0.8
5.208,0,59.99795774184222,0.8
5.2090000000000005,0,59.997958686577455,0.8
5.21,0,59.997959630834956,0.8
5.211,0,59.99796057461498,0.8
5.212,0,59.99796151791776,0.8
5.213,0,59.99796246074354,0.8
5.214,0,59.99796340309255,0.8
5.215,0,59.99796434496505,0.8
5.216,0,59.997965286361264,0.8
5.2170000000000005,0,59.997966227281445,0.8
5.218,0,59.997967167725825,0.8
5.219,0,59.99796810769465,0.8
5.22,0,59.997969047188164,0.8
5.221,0,59.9979699862066,0.8
5.222,0,59.9979709247502,0.8
5.223,0,59.986068325462554,0.6
5.224,0,59.97090512320065,0.6
5.2250000000000005,0,59.955749588547164,0.6
5.226,0,59.94060171762478,0.6
5.227,0,59.925461506558165,0.6
5.228,0,59.91032895147396,0.6
5.229,0,59.8952040485007,0.6
5.23,0,59.88008679376898,0.6
5.231,0,59.86497718341129,0.6
5.232,0,59.84987521356206,0.6
5.2330000000000005,0,59.834780880357705,0.6
5.234,0,59.819694179936604,0.6
5.235,0,59.82333390350823,0.88
5.236,0,59.83210868176333,0.88
5.237,0,59.84087902285786,0.88
5.238,0,59.84964492903554,0.88
5.239,0,59.85840640253899,0.88
5.24,0,59.867163445609705,0.88
5.2410000000000005,0,59.87591606048801,0.88
5.242,0,59.88466424941313,0.88
5.243,0,59.89340801462315,0.88
5.244,0,59.902147358354995,0.88
5.245,0,59.91088228284451,0.88
5.246,0,59.91961279032638,0.88
5.247,0,59.928338883034144,0.88
5.248,0,59.93706056320026,0.88
5.249,0,59.94577783305599,0.88
5.25,0,59.954490694831534,0.88
5.251,0,59.963199150755926,0.88
5.252,0,59.97190320305708,0.88
5.253,0,59.9683896682934,0.6
5.2540000000000004,0,59.95323540563528,0.6
5.255,0,59.93808880606507,0.6
5.256,0,59.92294986570772,0.6
5.257,0,59.90781858069023,0.6
5.258,0,59.892694947141464,0.6
5.259,0,59.877578961192306,0.6
5.26,0,59.86247061897559,0.6
5.261,0,59.84736991662607,0.6
5.2620000000000005,0,59.83227685028049,0.6
5.263,0,59.81719141607755,0.6
5.264,0,59.80211361015786,0.6
5.265,0,59.78704342866404,0.6
5.266,0,59.7719808677406,0.6
5.267,0,59.75692592353405,0.6
5.268,0,59.74187859219283,0.6
5.269,0,59.72683886986731,0.6
5.2700000000000005,0,59.71180675270983,0.6
5.271,0,59.69678223687468,0.6
5.272,0,59.681765318518075,0.6
5.273,0,59.68533022951911,0.88
5.274,0,59.69417479238251,0.88
5.275,0,59.70301488279719,0.88
5.276,0,59.71185050302474,0.88
5.277,0,59.72068165532562,0.88
5.2780000000000005,0,59.72950834195913,0.88
5.279,0,59.738330565183425,0.88
5.28,0,59.747148327255545,0.88
5.281,0,59.755961630431344,0.88
5.282,0,59.76477047696558,0.88
5.283,0,59.773574869111854,0.88
5.284,0,59.782374809122615,0.88
5.285,0,59.7911702992492,0.88
5.2860000000000005,0,59.79996134174178,0.88
5.287,0,59.80874793884938,0.88
5.288,0,59.81753009281995,0.88
5.289,0,59.826307805900214,0.88
5.29,0,59.835081080335854,0.88
5.291,0,59.84384991837133,0.88
5.292,0,59.85261432225002,0.88
5.293,0,59.861374294214166,0.88
5.2940000000000005,0,59.870129836504844,0.88
5.295,0,59.87888095136202,0.88
5.296,0,59.88762764102454,0.88
5.297,0,59.89636990773006,0.88
5.298,0,59.9051077537152,0.88
5.299,0,59.90611015966141,0.6
5.3,0,59.89098739001351,0.6
5.301,0,59.875872267528365,0.6
5.3020000000000005,0,59.86076478833901,0.6
5.303,0,59.84566494858047,0.6
5.304,0,59.83057274438967,0.6
5.305,0,59.81548817190554,0.6
5.306,0,59.800411227268924,0.6
5.307,0,59.78534190662262,0.6
5.308,0,59.7923237438871,0.88
5.309,0,59.801114203114906,0.88
5.3100000000000005,0,59.80990021725268,0.88
5.311,0,59.81868178854819,0.88
5.312,0,59.82745891924807,0.88
5.313,0,59.83623161159778,0.88
5.314,0,59.8449998678417,0.88
5.315,0,59.85376369022303,0.88
5.316,0,59.86252308098384,0.88
5.317,0,59.8712780423651,0.88
5.3180000000000005,0,59.880028576606605,0.88
5.319,0,59.88877468594704,0.88
5.32,0,59.89751637262396,0.88
5.321,0,59.90625363887378,0.88
5.322,0,59.91498648693178,0.88
5.323,0,59.92371491903213,0.88
5.324,0,59.93243893740784,0.88
5.325,0,59.94115854429083,0.88
5.3260000000000005,0,59.944216427339995,0.8
5.327,0,59.944244547558846,0.8
5.328,0,59.94427265355808,0.8
5.329,0,59.9443007453449,0.8
5.33,0,59.94432882292649,0.8
5.331,0,59.94435688631002,0.8
5.332,0,59.94438493550269,0.8
5.333,0,59.94441297051166,0.8
5.3340000000000005,0,59.94444099134411,0.8
5.335,0,59.9444689980072,0.8
5.336,0,59.944496990508114,0.8
5.337,0,59.94452496885399,0.8
5.338,0,59.944552933052,0.8
5.339,0,59.9445808831093,0.8
5.34,0,59.944608819033036,0.8
5.341,0,59.94463674083035,0.8
5.3420000000000005,0,59.94466464850839,0.8
5.343,0,59.9446925420743,0.8
5.344,0,59.94472042153521,0.8
5.345,0,59.944748286898246,0.8
5.346,0,59.94956494413778,0.88
5.347,0,59.95827589087689,0.88
5.348,0,59.96698243273322,0.88
5.349,0,59.975684571934224,0.88
5.3500000000000005,0,59.98438231070617,0.88
5.351,0,59.993075651274246,0.88
5.352,0,59.98210617583101,0.6
5.353,0,59.96694497711766,0.6
5.354,0,59.95179144499957,0.6
5.355,0,59.93664557559996,0.6
5.356,0,59.92150736504402,0.6
5.357,0,59.906376809458855,0.6
5.3580000000000005,0,59.89125390497358,0.6
5.359,0,59.876138647719266,0.6
5.36,0,59.86103103382888,0.6
5.361,0,59.84593105943743,0.6
5.362,0,59.83083872068179,0.6
5.363,0,59.81575401370086,0.6
5.364,0,59.80067693463547,0.6
5.365,0,59.78560747962837,0.6
5.3660000000000005,0,59.7705456448243,0.6
5.367,0,59.75549142636995,0.6
5.368,0,59.74044482041392,0.6
5.369,0,59.72540582310681,0.6
5.37,0,59.7103744306011,0.6
5.371,0,59.69751450893912,0.88
5.372,0,59.7063529105523,0.88
5.373,0,59.71518684283234,0.88
5.3740000000000006,0,59.72401630803924,0.88
5.375,0,59.73284130843189,0.88
5.376,0,59.741661846268016,0.88
5.377,0,59.750477923804205,0.88
5.378,0,59.75928954329592,0.88
5.3790000000000004,0,59.76809670699746,0.88
5.38,0,59.776899417161985,0.88
5.381,0,59.78569767604154,0.88
5.382,0,59.79449148588701,0.88
5.383,0,59.80328084894815,0.88
5.384,0,59.81206576747357,0.88
5.385,0,59.82084624371073,0.88
5.386,0,59.82962227990602,0.88
5.3870000000000005,0,59.8383938783046,0.88
5.388,0,59.84716104115056,0.88
5.389,0,59.85592377068683,0.88
5.39,0,59.86468206915521,0.88
5.391,0,59.873435938796376,0.88
5.392,0,59.88218538184985,0.88
5.393,0,59.89093040055404,0.88
5.394,0,59.89967099714622,0.88
5.3950000000000005,0,59.90840717386252,0.88
5.396,0,59.917138932937945,0.88
5.397,0,59.9258662766064,0.88
5.398,0,59.93458920710059,0.88
5.399,0,59.94330772665218,0.88
5.4,0,59.95202183749163,0.88
5.401,0,59.960731541848304,0.88
5.402,0,59.96943684195045,0.88
5.4030000000000005,0,59.96946687457471,0.6
5.404,0,59.95431206720343,0.6
5.405,0,59.93916492319549,0.6
5.406,0,59.92402543867574,0.6
5.407,0,59.908893609770985,0.6
5.408,0,59.89376943261001,0.6
5.409,0,59.878652903323534,0.6
5.41,0,59.86354401804423,0.6
5.4110000000000005,0,59.84844277290674,0.6
5.412,0,59.83334916404768,0.6
5.413,0,59.81826318760557,0.6
5.414,0,59.80318483972093,0.6
5.415,0,59.79678498198665,0.88
5.416,0,59.80557318529078,0.88
5.417,0,59.81435694464565,0.88
5.418,0,59.82313626229845,0.88
5.4190000000000005,0,59.83191114049521,0.88
5.42,0,59.84068158148084,0.88
5.421,0,59.849447587499114,0.88
5.422,0,59.858209160792676,0.88
5.423,0,59.866966303603036,0.88
5.424,0,59.87571901817056,0.88
5.425,0,59.88446730673448,0.88
5.426,0,59.89321117153291,0.88
5.4270000000000005,0,59.90195061480283,0.88
5.428,0,59.910685638780066,0.88
5.429,0,59.91941624569935,0.88
5.43,0,59.92814243779426,0.88
5.431,0,59.93686421729724,0.88
5.432,0,59.94558158643963,0.88
5.433,0,59.953506711969275,0.8
5.434,0,59.953530134350345,0.8
5.4350000000000005,0,59.95355354488736,0.8
5.436,0,59.953576943586334,0.8
5.437,0,59.95360033045323,0.8
5.438,0,59.95362370549404,0.8
5.439,0,59.953647068714744,0.8
5.44,0,59.95367042012132,0.8
5.441,0,59.95369375971974,0.8
5.442,0,59.953717087515976,0.8
5.4430000000000005,0,59.953740403516,0.8
5.444,0,59.95376370772577,0.8
5.445,0,59.95378700015125,0.8
5.446,0,59.9538102807984,0.8
5.447,0,59.95383354967318,0.8
5.448,0,59.95385680678154,0.8
5.449,0,59.95388005212942,0.8
5.45,0,59.95390328572278,0.8
5.4510000000000005,0,59.953926507567566,0.8
5.452,0,59.95394971766971,0.8
5.453,0,59.95397291603515,0.8
5.454,0,59.93896720602644,0.6
5.455,0,59.92382782148674,0.6
5.456,0,59.90869609251149,0.6
5.457,0,59.89357201522948,0.6
5.458,0,59.87845558577146,0.6
5.4590000000000005,0,59.863346800270136,0.6
5.46,0,59.84824565486019,0.6
5.461,0,59.83315214567821,0.6
5.462,0,59.81806626886281,0.6
5.463,0,59.80298802055447,0.6
5.464,0,59.78791739689569,0.6
5.465,0,59.772854394030915,0.6
5.466,0,59.757799008106474,0.6
5.4670000000000005,0,59.74275123527073,0.6
5.468,0,59.727711071673966,0.6
5.469,0,59.71267851346836,0.6
5.47,0,59.69765355680812,0.6
5.471,0,59.68263619784932,0.6
5.472,0,59.66762643275004,0.6
5.473,0,59.65876473150635,0.88
5.474,0,59.667622727801046,0.88
5.4750000000000005,0,59.676476244854115,0.88
5.476,0,59.68532528493057,0.88
5.477,0,59.694169850294315,0.88
5.478,0,59.70300994320806,0.88
5.479,0,59.71184556593343,0.88
5.48,0,59.720676720730864,0.88
5.481,0,59.72950340985965,0.88
5.482,0,59.73832563557798,0.88
5.4830000000000005,0,59.74714340014286,0.88
5.484,0,59.75595670581016,0.88
5.485,0,59.76476555483465,0.88
5.486,0,59.7735699494699,0.88
5.487,0,59.78236989196839,0.88
5.488,0,59.79116538458144,0.88
5.489,0,59.79995642955922,0.88
5.49,0,59.80874302915079,0.88
5.4910000000000005,0,59.81752518560405,0.88
5.492,0,59.82630290116576,0.88
5.493,0,59.83507617808158,0.88
5.494,0,59.84384501859599,0.88
5.495,0,59.85260942495237,0.88
5.496,0,59.86136939939294,0.88
5.497,0,59.87012494415879,0.88
5.498,0,59.87887606148989,0.88
5.4990000000000006,0,59.887622753625074,0.88
5.5,0,59.89636502280203,0.88
5.501,0,59.90510287125734,0.88
5.502,0,59.913836301226425,0.88
5.503,0,59.9225653149436,0.88
5.5040000000000004,0,59.931289914642036,0.88
5.505,0,59.94001010255377,0.88
5.506,0,59.94872588090974,0.88
5.507,0,59.957437251939716,0.88
5.508,0,59.966144217872376,0.88
5.509,0,59.974846780935245,0.88
5.51,0,59.96656088971232,0.6
5.511,0,59.951407551816516,0.6
5.5120000000000005,0,59.93626187654097,0.6
5.513,0,59.921123860010944,0.6
5.514,0,59.90599349835358,0.6
5.515,0,59.89087078769805,0.6
5.516,0,59.875755724175434,0.6
5.517,0,59.86064830391881,0.6
5.518,0,59.845548523063194,0.6
5.519,0,59.830456377745534,0.6
5.5200000000000005,0,59.815371864104755,0.6
5.521,0,59.800294978281755,0.6
5.522,0,59.78522571641933,0.6
5.523,0,59.77016407466228,0.6
5.524,0,59.7551100491573,0.6
5.525,0,59.740063636053094,0.6
5.526,0,59.72502483150028,0.6
5.527,0,59.7099936316514,0.6
5.5280000000000005,0,59.69497003266098,0.6
5.529,0,59.67995403068551,0.6
5.53,0,59.68829008212701,0.88
5.531,0,59.69713314827551,0.88
5.532,0,59.70597174273214,0.88
5.533,0,59.71480586775811,0.88
5.534,0,59.723635525613474,0.88
5.535,0,59.73246071855718,0.88
5.5360000000000005,0,59.74128144884699,0.88
5.537,0,59.75009771873955,0.88
5.538,0,59.75890953049036,0.88
5.539,0,59.76771688635377,0.88
5.54,0,59.776519788583,0.88
5.541,0,59.78531823943015,0.88
5.542,0,59.794112241146124,0.88
5.543,0,59.802901795980745,0.88
5.5440000000000005,0,59.81168690618267,0.88
5.545,0,59.82046757399944,0.88
5.546,0,59.82924380167742,0.88
5.547,0,59.83801559146188,0.88
5.548,0,59.84678294559695,0.88
5.549,0,59.8555458663256,0.88
5.55,0,59.864304355889665,0.88
5.551,0,59.873058416529894,0.88
5.5520000000000005,0,59.881808050485844,0.88
5.553,0,59.89055325999598,0.88
5.554,0,59.899294047297616,0.88
5.555,0,59.908030414626936,0.88
5.556,0,59.91676236421901,0.88
5.557,0,59.92548989830776,0.88
5.558,0,59.93421301912596,0.88
5.559,0,59.94293172890531,0.88
5.5600000000000005,0,59.95164602987633,0.88
5.561,0,59.960355924268434,0.88
5.562,0,59.96906141430991,0.88
5.563,0,59.97776250222792,0.88
5.564,0,59.9834864987773,0.8
5.565,0,59.98349476121648,0.8
5.566,0,59.98350301947756,0.8
5.567,0,59.98351127356268,0.8
5.5680000000000005,0,59.98351952347393,0.8
5.569,0,59.98352776921343,0.8
5.57,0,59.98289566055014,0.6
5.571,0,59.9677340626164,0.6
5.572,0,59.952580131479785,0.6
5.573,0,59.93743386326342,0.6
5.574,0,59.92229525409239,0.6
5.575,0,59.90716430009372,0.6
5.5760000000000005,0,59.89204099739639,0.6
5.577,0,59.8769253421314,0.6
5.578,0,59.8618173304316,0.6
5.579,0,59.86203849165889,0.88
5.58,0,59.870793698083446,0.88
5.581,0,59.87954447724435,0.88
5.582,0,59.88829083138033,0.88
5.583,0,59.897032762729005,0.88
5.5840000000000005,0,59.90577027352686,0.88
5.585,0,59.91450336600923,0.88
5.586,0,59.923232042410355,0.88
5.587,0,59.92795709039425,0.8
5.588,0,59.927993432506234,0.8
5.589,0,59.928029756241024,0.8
5.59,0,59.92806606160792,0.8
5.591,0,59.9281023486162,0.8
5.5920000000000005,0,59.92813861727515,0.8
5.593,0,59.92817486759405,0.8
5.594,0,59.928211099582185,0.8
5.595,0,59.928247313248804,0.8
5.596,0,59.92828350860319,0.8
5.597,0,59.928319685654586,0.8
5.598,0,59.928355844412266,0.8
5.599,0,59.928391984885465,0.8
5.6000000000000005,0,59.928428107083434,0.8
5.601,0,59.92846421101542,0.8
5.602,0,59.92850029669065,0.8
5.603,0,59.928536364118365,0.8
5.604,0,59.92857241330778,0.8
5.605,0,59.928608444268136,0.8
5.606,0,59.92864445700863,0.8
5.607,0,59.92868045153849,0.8
5.6080000000000005,0,59.928716427866924,0.8
5.609,0,59.92875238600313,0.8
5.61,0,59.92878832595631,0.8
5.611,0,59.928824247735655,0.8
5.612,0,59.928860151350364,0.8
5.613,0,59.929420617868885,0.88
5.614,0,59.93814175103185,0.88
5.615,0,59.94685847416106,0.88
5.6160000000000005,0,59.95557078948655,0.88
5.617,0,59.9642786992372,0.88
5.618,0,59.972982205640804,0.88
5.619,0,59.978787585309696,0.8
5.62,0,59.978798223858334,0.8
5.621,0,59.97880885702735,0.8
5.622,0,59.978819484819475,0.8
5.623,0,59.978830107237414,0.8
5.6240000000000006,0,59.9788407242839,0.8
5.625,0,59.978851335961636,0.8
5.626,0,59.97886194227334,0.8
5.627,0,59.97887254322173,0.8
5.628,0,59.97888313880952,0.8
5.6290000000000004,0,59.97889372903942,0.8
5.63,0,59.97890431391413,0.8
5.631,0,59.97891489343637,0.8
5.632,0,59.97892546760883,0.8
5.633,0,59.978936036434234,0.8
5.634,0,59.978946599915275,0.8
5.635,0,59.97895715805466,0.8
5.636,0,59.97896771085509,0.8
5.6370000000000005,0,59.97897825831926,0.8
5.638,0,59.97898880044987,0.8
5.639,0,59.97546233492329,0.6
5.64,0,59.96030449581497,0.6
5.641,0,59.945154321603034,0.6
5.642,0,59.93001180841158,0.6
5.643,0,59.914876952366654,0.6
5.644,0,59.899749749596225,0.6
5.6450000000000005,0,59.88463019623026,0.6
5.646,0,59.869518288400684,0.6
5.647,0,59.85441402224133,0.6
5.648,0,59.85919264779054,0.88
5.649,0,59.86794929327896,0.88
5.65,0,59.87670151077603,0.88
5.651,0,59.88544930252084,0.88
5.652,0,59.894192670751394,0.88
5.6530000000000005,0,59.90293161770454,0.88
5.654,0,59.91166614561598,0.88
5.655,0,59.92039625672031,0.88
5.656,0,59.92912195325098,0.88
5.657,0,59.93784323744032,0.88
5.658,0,59.94656011151953,0.88
5.659,0,59.955272577718674,0.88
5.66,0,59.963980638266705,0.88
5.6610000000000005,0,59.96939574412377,0.8
5.662,0,59.96941113186451,0.8
5.663,0,59.96942651182409,0.8
5.664,0,59.96944188400646,0.8
5.665,0,59.969457248415544,0.8
5.666,0,59.96947260505527,0.8
5.667,0,59.96948795392958,0.8
5.668,0,59.96950329504239,0.8
5.6690000000000005,0,59.96951862839762,0.8
5.67,0,59.9695339539992,0.8
5.671,0,59.96954927185106,0.8
5.672,0,59.96956458195711,0.8
5.673,0,59.969579884321256,0.8
5.674,0,59.96959517894743,0.8
5.675,0,59.96961046583954,0.8
5.676,0,59.969625745001494,0.8
5.6770000000000005,0,59.9696410164372,0.8
5.678,0,59.969656280150566,0.8
5.679,0,59.9696715361455,0.8
5.68,0,59.9696867844259,0.8
5.681,0,59.96970202499568,0.8
5.682,0,59.96971725785872,0.8
5.683,0,59.96973248301892,0.8
5.684,0,59.96974770048019,0.8
5.6850000000000005,0,59.969762910246416,0.8
5.686,0,59.969778112321485,0.8
5.687,0,59.96979330670929,0.8
5.688,0,59.969808493413716,0.8
5.689,0,59.96982367243865,0.8
5.69,0,59.96983884378797,0.8
5.691,0,59.969854007465564,0.8
5.692,0,59.96986916347531,0.8
5.6930000000000005,0,59.96988431182108,0.8
5.694,0,59.969899452506766,0.8
5.695,0,59.96991458553622,0.8
5.696,0,59.96992971091333,0.8
5.697,0,59.96994482864195,0.8
5.698,0,59.969959938725964,0.8
5.699,0,59.96997504116922,0.8
5.7,0,59.9699901359756,0.8
5.7010000000000005,0,59.97000522314896,0.8
5.702,0,59.97002030269315,0.8
5.703,0,59.97003537461204,0.8
5.704,0,59.97005043890948,0.8
5.705,0,59.970065495589324,0.8
5.706,0,59.970080544655424,0.8
5.707,0,59.97009558611163,0.8
5.708,0,59.970110619961794,0.8
5.7090000000000005,0,59.97012564620976,0.8
5.71,0,59.97014066485937,0.8
5.711,0,59.97015567591447,0.8
5.712,0,59.970170679378896,0.8
5.713,0,59.97018567525649,0.8
5.714,0,59.97020066355108,0.8
5.715,0,59.97021564426652,0.8
5.716,0,59.97023061740662,0.8
5.7170000000000005,0,59.970245582975224,0.8
5.718,0,59.970260540976156,0.8
5.719,0,59.97027549141325,0.8
5.72,0,59.97029043429032,0.8
5.721,0,59.9703053696112,0.8
5.722,0,59.97032029737969,0.8
5.723,0,59.97033521759964,0.8
5.724,0,59.970350130274845,0.8
5.7250000000000005,0,59.970365035409124,0.8
5.726,0,59.97037993300629,0.8
5.727,0,59.970394823070166,0.8
5.728,0,59.970409705604546,0.8
5.729,0,59.97042458061324,0.8
5.73,0,59.970439448100066,0.8
5.731,0,59.97045430806881,0.8
5.732,0,59.97046916052329,0.8
5.7330000000000005,0,59.97048400546729,0.8
5.734,0,59.970498842904625,0.8
5.735,0,59.970513672839076,0.8
5.736,0,59.97052849527444,0.8
5.737,0,59.970543310214524,0.8
5.738,0,59.970558117663096,0.8
5.739,0,59.970572917623954,0.8
5.74,0,59.97058771010089,0.8
5.7410000000000005,0,59.97060249509768,0.8
5.742,0,59.97061727261811,0.8
5.743,0,59.97063204266596,0.8
5.744,0,59.97064680524501,0.8
5.745,0,59.970661560359034,0.8
5.746,0,59.970676308011804,0.8
5.747,0,59.97069104820711,0.8
5.748,0,59.9707057809487,0.8
5.7490000000000006,0,59.970720506240355,0.8
5.75,0,59.97073522408584,0.8
5.751,0,59.97074993448892,0.8
5.752,0,59.970764637453364,0.8
5.753,0,59.97077933298293,0.8
5.7540000000000004,0,59.970794021081375,0.8
5.755,0,59.97080870175245,0.8
5.756,0,59.97082337499993,0.8
5.757000000000001,0,59.97083804082756,0.8
5.758,0,59.97085269923908,0.8
5.759,0,59.97086735023826,0.8
5.76,0,59.97088199382883,0.8
5.761,0,59.97089663001455,0.8
5.7620000000000005,0,59.970911258799156,0.8
5.763,0,59.97092588018639,0.8
5.764,0,59.970940494180006,0.8
5.765,0,59.970955100783726,0.8
5.766,0,59.9709697000013,0.8
5.767,0,59.96068952227239,0.6
5.768,0,59.94553915336333,0.6
5.769,0,59.930396445573194,0.6
5.7700000000000005,0,59.91526139502797,0.6
5.771,0,59.90013399785562,0.6
5.772,0,59.88501425018603,0.6
5.773,0,59.869902148151084,0.6
5.774,0,59.85479768788457,0.6
5.775,0,59.83970086552226,0.6
5.776,0,59.82461167720191,0.6
5.777,0,59.809530119063155,0.6
5.7780000000000005,0,59.794456187247654,0.6
5.779,0,59.77938987789899,0.6
5.78,0,59.76433118716268,0.6
5.781,0,59.749280111186216,0.6
5.782,0,59.734236646119,0.6
5.783,0,59.719200788112445,0.6
5.784,0,59.70417253331985,0.6
5.785,0,59.689151877896485,0.6
5.7860000000000005,0,59.67413881799956,0.6
5.787,0,59.681682806121856,0.88
5.788,0,59.69052921338552,0.88
5.789,0,59.6993711472678,0.88
5.79,0,59.70820861003077,0.88
5.791,0,59.71704160393535,0.88
5.792,0,59.725870131241294,0.88
5.793,0,59.73469419420727,0.88
5.7940000000000005,0,59.74351379509075,0.88
5.795,0,59.75232893614808,0.88
5.796,0,59.76113961963449,0.88
5.797,0,59.769945847804024,0.88
5.798,0,59.778747622909634,0.88
5.799,0,59.7875449472031,0.88
5.8,0,59.79633782293507,0.88
5.801,0,59.805126252355066,0.88
5.8020000000000005,0,59.81391023771146,0.88
5.803,0,59.82268978125148,0.88
5.804,0,59.83146488522126,0.88
5.805,0,59.84023555186573,0.88
5.806,0,59.84900178342875,0.88
5.807,0,59.857763582153,0.88
5.808,0,59.866520950280034,0.88
5.809,0,59.87527389005031,0.88
5.8100000000000005,0,59.88402240370311,0.88
5.811,0,59.892766493476586,0.88
5.812,0,59.9015061616078,0.88
5.813,0,59.91024141033262,0.88
5.814,0,59.91897224188584,0.88
5.815,0,59.927698658501086,0.88
5.816,0,59.936420662410875,0.88
5.817,0,59.9451382558466,0.88
5.8180000000000005,0,59.953851441038495,0.88
5.819,0,59.96256022021569,0.88
5.82,0,59.9712645956062,0.88
5.821,0,59.97996456943688,0.88
5.822,0,59.98866014393349,0.88
5.823,0,59.993878521187895,0.8
5.824,0,59.993881528671224,0.8
5.825,0,59.99388453463375,0.8
5.8260000000000005,0,59.99388753907624,0.8
5.827,0,59.99389054199948,0.8
5.828,0,59.99389354340421,0.8
5.829,0,59.99389654329122,0.8
5.83,0,59.99389954166127,0.8
5.831,0,59.99390253851514,0.8
5.832,0,59.99390553385357,0.8
5.833,0,59.99390852767734,0.8
5.8340000000000005,0,59.99391151998722,0.8
5.835,0,59.99391451078398,0.8
5.836,0,59.99391750006837,0.8
5.837,0,59.993920487841166,0.8
5.838,0,59.99392347410313,0.8
5.839,0,59.993926458855015,0.8
5.84,0,59.9939294420976,0.8
5.841,0,59.993932423831644,0.8
5.8420000000000005,0,59.99393540405791,0.8
5.843,0,59.99393838277715,0.8
5.844,0,59.993941359990146,0.8
5.845,0,59.99394433569764,0.8
5.846,0,59.993947309900406,0.8
5.847,0,59.9939502825992,0.8
5.848,0,59.99395325379478,0.8
5.849,0,59.99395622348791,0.8
5.8500000000000005,0,59.99395919167935,0.8
5.851,0,59.99396215836986,0.8
5.852,0,59.9939651235602,0.8
5.853,0,59.993968087251126,0.8
5.854,0,59.99397104944339,0.8
5.855,0,59.993974010137755,0.8
5.856,0,59.99397696933499,0.8
5.857,0,59.99397992703583,0.8
5.8580000000000005,0,59.99398288324105,0.8
5.859,0,59.9939858379514,0.8
5.86,0,59.99398879116763,0.8
5.861,0,59.9939917428905,0.8
5.862,0,59.993994693120776,0.8
5.863,0,59.993997641859195,0.8
5.864,0,59.99400058910652,0.8
5.865,0,59.99400353486351,0.8
5.8660000000000005,0,59.9940064791309,0.8
5.867,0,59.99400942190947,0.8
5.868,0,59.99401236319995,0.8
5.869,0,59.9940153030031,0.8
5.87,0,59.99401824131969,0.8
5.871,0,59.99402117815044,0.8
5.872,0,59.99402411349612,0.8
5.873,0,59.99402704735748,0.8
5.8740000000000006,0,59.99402997973526,0.8
5.875,0,59.994032910630224,0.8
5.876,0,59.99403584004312,0.8
5.877,0,59.994038767974686,0.8
5.878,0,59.99404169442568,0.8
5.8790000000000004,0,59.99404461939685,0.8
5.88,0,59.99404754288895,0.8
5.881,0,59.99405046490272,0.8
5.882000000000001,0,59.9940533854389,0.8
5.883,0,59.99405630449826,0.8
5.884,0,59.994059222081525,0.8
5.885,0,59.99406213818945,0.8
5.886,0,59.99406505282278,0.8
5.8870000000000005,0,59.99406796598226,0.8
5.888,0,59.99407087766864,0.8
5.889,0,59.99407378788266,0.8
5.89,0,59.994076696625065,0.8
5.891,0,59.9940796038966,0.8
5.892,0,59.99408250969801,0.8
5.893,0,59.99408541403004,0.8
5.894,0,59.994088316893425,0.8
5.8950000000000005,0,59.994091218288915,0.8
5.896,0,59.994094118217255,0.8
5.897,0,59.99409701667918,0.8
5.898,0,59.99409991367543,0.8
5.899,0,59.99410280920675,0.8
5.9,0,59.99410570327388,0.8
5.901,0,59.99410859587756,0.8
5.902,0,59.994111487018536,0.8
5.9030000000000005,0,59.994114376697546,0.8
5.904,0,59.99411726491532,0.8
5.905,0,59.994120151672604,0.8
5.906,0,59.99412303697013,0.8
5.907,0,59.99412592080865,0.8
5.908,0,59.994128803188886,0.8
5.909,0,59.994131684111586,0.8
5.91,0,59.99413456357748,0.8
5.9110000000000005,0,59.99413744158732,0.8
5.912,0,59.994140318141824,0.8
5.913,0,59.99414319324173,0.8
5.914,0,59.99414606688779,0.8
5.915,0,59.99414893908071,0.8
5.916,0,59.994151809821254,0.8
5.917,0,59.99415467911014,0.8
5.918,0,59.99415754694811,0.8
5.9190000000000005,0,59.99416041333589,0.8
5.92,0,59.99416327827422,0.8
5.921,0,59.994166141763834,0.8
5.922,0,59.99416900380546,0.8
5.923,0,59.99417186439983,0.8
5.924,0,59.99417472354768,0.8
5.925,0,59.99417758124973,0.8
5.926,0,59.99418043750673,0.8
5.9270000000000005,0,59.99418329231939,0.8
5.928,0,59.99418614568846,0.8
5.929,0,59.99418899761466,0.8
5.93,0,59.994191848098716,0.8
5.931,0,59.99419469714137,0.8
5.932,0,59.99419754474333,0.8
5.933,0,59.99420039090535,0.8
5.934,0,59.994203235628135,0.8
5.9350000000000005,0,59.99420607891243,0.8
5.936,0,59.99420892075895,0.8
5.937,0,59.99421176116843,0.8
5.938,0,59.994214600141596,0.8
5.939,0,59.99421743767917,0.8
5.94,0,59.99422027378188,0.8
5.941,0,59.994223108450456,0.8
5.942,0,59.99422594168561,0.8
5.9430000000000005,0,59.99422877348808,0.8
5.944,0,59.98209824957664,0.6
5.945,0,59.966937054871366,0.6
5.946,0,59.95178352675935,0.6
5.947,0,59.936637661363775,0.6
5.948,0,59.92149945480982,0.6
5.949,0,59.90636890322466,0.6
5.95,0,59.89124600273735,0.6
5.9510000000000005,0,59.87613074947896,0.6
5.952,0,59.86102313958251,0.6
5.953,0,59.84592316918294,0.6
5.954,0,59.8308308344172,0.6
5.955,0,59.815746131424135,0.6
5.956,0,59.800669056344574,0.6
5.957,0,59.78559960532132,0.6
5.958,0,59.77053777449907,0.6
5.9590000000000005,0,59.755483560024516,0.6
5.96,0,59.74043695804629,0.6
5.961,0,59.72539796471493,0.6
5.962,0,59.71036657618301,0.6
5.963,0,59.69534278860495,0.6
5.964,0,59.68032659813717,0.6
5.965,0,59.66531800093805,0.6
5.966,0,59.65031699316785,0.6
5.9670000000000005,0,59.63532357098882,0.6
5.968,0,59.620337730565154,0.6
5.969,0,59.60535946806295,0.6
5.97,0,59.59038877965028,0.6
5.971,0,59.57542566149711,0.6
5.972,0,59.57636991762038,0.88
5.973,0,59.58526957867403,0.88
5.974,0,59.594164739417344,0.88
5.9750000000000005,0,59.603055402126,0.88
5.976,0,59.61194156907454,0.88
5.977,0,59.62082324253633,0.88
5.978,0,59.62970042478361,0.88
5.979,0,59.63857311808745,0.88
5.98,0,59.6474413247178,0.88
5.981,0,59.65630504694344,0.88
5.982,0,59.665164287032006,0.88
5.9830000000000005,0,59.674019047249985,0.88
5.984,0,59.682869329862726,0.88
5.985,0,59.69171513713444,0.88
5.986,0,59.70055647132816,0.88
5.987,0,59.70939333470582,0.88
5.988,0,59.71822572952818,0.88
5.989,0,59.72705365805484,0.88
5.99,0,59.73587712254432,0.88
5.9910000000000005,0,59.744696125253945,0.88
5.992,0,59.753510668439894,0.88
5.993,0,59.76232075435725,0.88
5.994,0,59.771126385259905,0.88
5.995,0,59.77992756340065,0.88
5.996,0,59.78872429103113,0.88
5.997,0,59.79751657040182,0.88
5.998,0,59.8063044037621,0.88
5.9990000000000006,0,59.81508779336019,0.88
6.0,0,59.823866741443176,0.88
6.001,0,59.83264125025701,0.88
6.002,0,59.8414113220465,0.88
6.003,0,59.85017695905533,0.88
6.0040000000000004,0,59.85893816352605,0.88
6.005,0,59.86769493770005,0.88
6.006,0,59.87644728381764,0.88
6.007000000000001,0,59.88519520411794,0.88
6.008,0,59.893938700838966,0.88
6.009,0,59.90267777621761,0.88
6.01,0,59.911412432489605,0.88
6.011,0,59.920142671889586,0.88
6.0120000000000005,0,59.928868496651035,0.88
6.013,0,59.937589909006306,0.88
6.014,0,59.94630691118664,0.88
6.015000000000001,0,59.95501950542213,0.88
6.016,0,59.96372769394175,0.88
6.017,0,59.97243147897336,0.88
6.018,0,59.981130862743676,0.88
6.019,0,59.989825847478286,0.88
6.0200000000000005,0,59.998516435401676,0.88
6.021,0,60.00720262873716,0.88
6.022,0,60.010828450974955,0.6
6.023,0,59.995652728208285,0.6
6.024,0,59.98048467938128,0.6
6.025,0,59.96532430061344,0.6
6.026,0,59.950171588026265,0.6
6.027,0,59.93502653774313,0.6
6.0280000000000005,0,59.91988914588946,0.6
6.029,0,59.9047594085926,0.6
6.03,0,59.88963732198182,0.6
6.031,0,59.893892188840994,0.88
6.032,0,59.90263128773946,0.88
6.033,0,59.91136596751939,0.88
6.034,0,59.9200962304154,0.88
6.035,0,59.928822078661014,0.88
6.0360000000000005,0,59.93754351448857,0.88
6.037,0,59.94626054012931,0.88
6.038,0,59.954973157813356,0.88
6.039,0,59.963681369769674,0.88
6.04,0,59.97238517822612,0.88
6.041,0,59.981084585409434,0.88
6.042,0,59.986675293119504,0.8
6.043,0,59.98668194307433,0.8
6.0440000000000005,0,59.98668858966646,0.8
6.045,0,59.98669523289759,0.8
6.046,0,59.98670187276942,0.8
6.047,0,59.986708509283666,0.8
6.048,0,59.986715142442,0.8
6.049,0,59.986721772246135,0.8
6.05,0,59.986728398697764,0.8
6.051,0,59.98673502179858,0.8
6.0520000000000005,0,59.986741641550275,0.8
6.053,0,59.98674825795455,0.8
6.054,0,59.98675487101309,0.8
6.055,0,59.986761480727594,0.8
6.056,0,59.986768087099755,0.8
6.057,0,59.98677469013125,0.8
6.058,0,59.986781289823774,0.8
6.059,0,59.98678788617902,0.8
6.0600000000000005,0,59.98679447919868,0.8
6.061,0,59.98680106888443,0.8
6.062,0,59.98290284408828,0.6
6.063,0,59.967741242522024,0.6
6.064,0,59.952587307754726,0.6
6.065,0,59.937441035909515,0.6
6.066,0,59.92230242311149,0.6
6.067,0,59.907171465487636,0.6
6.0680000000000005,0,59.892048159166976,0.6
6.069,0,59.876932500280475,0.6
6.07,0,59.86182448496099,0.6
6.071,0,59.846724109343434,0.6
6.072,0,59.83163136956458,0.6
6.073,0,59.81654626176322,0.6
6.074,0,59.801468782080086,0.6
6.075,0,59.786398926657824,0.6
6.0760000000000005,0,59.77133669164107,0.6
6.077,0,59.75628207317641,0.6
6.078,0,59.74123506741235,0.6
6.079,0,59.726195670499365,0.6
6.08,0,59.71116387858987,0.6
6.081,0,59.69613968783822,0.6
6.082,0,59.681123094400746,0.6
6.083,0,59.66611409443567,0.6
6.0840000000000005,0,59.6511126841032,0.6
6.085,0,59.636118859565464,0.6
6.086,0,59.62727309082259,0.88
6.087,0,59.636147011561505,0.88
6.088,0,59.64501644500625,0.88
6.089,0,59.65388139342592,0.88
6.09,0,59.662741859088456,0.88
6.091,0,59.671597844260674,0.88
6.0920000000000005,0,59.68044935120823,0.88
6.093,0,59.689296382195636,0.88
6.094,0,59.69813893948627,0.88
6.095,0,59.70697702534233,0.88
6.096,0,59.715810642024934,0.88
6.097,0,59.72463979179399,0.88
6.098,0,59.733464476908296,0.88
6.099,0,59.7422846996255,0.88
6.1000000000000005,0,59.75110046220213,0.88
6.101,0,59.75991176689354,0.88
6.102,0,59.76871861595396,0.88
6.103,0,59.77752101163648,0.88
6.104,0,59.78631895619305,0.88
6.105,0,59.771623446905465,0.6
6.106,0,59.75656868343667,0.6
6.107,0,59.741521532741785,0.6
6.1080000000000005,0,59.726481990971266,0.6
6.109,0,59.711450054277506,0.6
6.11,0,59.6964257188148,0.6
6.111,0,59.68140898073944,0.6
6.112,0,59.666399836209614,0.6
6.113,0,59.6513982813855,0.6
6.114,0,59.63640431242919,0.6
6.115,0,59.621417925504716,0.6
6.1160000000000005,0,59.60643911677806,0.6
6.117,0,59.59146788241715,0.6
6.118,0,59.576504218591815,0.6
6.119,0,59.56154812147388,0.6
6.12,0,59.54659958723703,0.6
6.121,0,59.53165861205696,0.6
6.122,0,59.51672519211127,0.6
6.123,0,59.50179932357946,0.6
6.1240000000000006,0,59.486881002643,0.6
6.125,0,59.47197022548531,0.6
6.126,0,59.457066988291665,0.6
6.127,0,59.44217128724935,0.6
6.128,0,59.427283118547535,0.6
6.1290000000000004,0,59.41240247837732,0.6
6.13,0,59.39752936293174,0.6
6.131,0,59.38266376840575,0.6
6.132000000000001,0,59.36780569099623,0.6
6.133,0,59.352955126901996,0.6
6.134,0,59.33811207232375,0.6
6.135,0,59.32327652346417,0.6
6.136,0,59.30844847652779,0.6
6.1370000000000005,0,59.29362792772112,0.6
6.138,0,59.27881487325257,0.6
6.139,0,59.26400930933244,0.6
6.140000000000001,0,59.24921123217297,0.6
6.141,0,59.23442063798834,0.6
6.142,0,59.21963752299459,0.6
6.143,0,59.204861883409734,0.6
6.144,0,59.19009371545362,0.6
6.1450000000000005,0,59.17756227769574,0.88
6.146,0,59.18666360464806,0.88
6.147,0,59.19576032931323,0.88
6.148,0,59.20485245401848,0.88
6.149,0,59.2139399810899,0.88
6.15,0,59.223022912852386,0.88
6.151,0,59.232101251629636,0.88
6.152,0,59.24117499974422,0.88
6.1530000000000005,0,59.25024415951749,0.88
6.154,0,59.25930873326965,0.88
6.155,0,59.268368723319725,0.88
6.156,0,59.277424131985555,0.88
6.157,0,59.28647496158384,0.88
6.158,0,59.29552121443007,0.88
6.159,0,59.304562892838575,0.88
6.16,0,59.31359999912253,0.88
6.1610000000000005,0,59.32263253559394,0.88
6.162,0,59.3316605045636,0.88
6.163,0,59.340683908341205,0.88
6.164,0,59.330123517262294,0.6
6.165,0,59.31529200799214,0.6
6.166,0,59.300467998602514,0.6
6.167,0,59.28565148530092,0.6
6.168,0,59.270842464296784,0.6
6.1690000000000005,0,59.256040931801465,0.6
6.17,0,59.24124688402826,0.6
6.171,0,59.226460317192306,0.6
6.172,0,59.21168122751074,0.6
6.173,0,59.19690961120254,0.6
6.174,0,59.182145464488656,0.6
6.175,0,59.16738878359193,0.6
6.176,0,59.152639564737086,0.6
6.1770000000000005,0,59.13789780415077,0.6
6.178,0,59.12316349806157,0.6
6.179,0,59.10843664269994,0.6
6.18,0,59.09371723429827,0.6
6.181,0,59.07900526909081,0.6
6.182,0,59.06430074331376,0.6
6.183,0,59.05168830565662,0.88
6.184,0,59.060853283565315,0.88
6.1850000000000005,0,59.07001362700034,0.88
6.186,0,59.07916933830522,0.88
6.187,0,59.088320419822296,0.88
6.188,0,59.097466873892714,0.88
6.189,0,59.10660870285645,0.88
6.19,0,59.11574590905231,0.88
6.191,0,59.124878494817864,0.88
6.192,0,59.13400646248955,0.88
6.1930000000000005,0,59.14312981440263,0.88
6.194,0,59.15224855289112,0.88
6.195,0,59.16136268028795,0.88
6.196,0,59.170472198924784,0.88
6.197,0,59.17957711113216,0.88
6.198,0,59.18867741923942,0.88
6.199,0,59.19777312557471,0.88
6.2,0,59.20686423246505,0.88
6.2010000000000005,0,59.21595074223623,0.88
6.202,0,59.22503265721289,0.88
6.203,0,59.23410997971848,0.88
6.204,0,59.243182712075296,0.88
6.205,0,59.252250856604455,0.88
6.206,0,59.26131441562588,0.88
6.207,0,59.270373391458335,0.88
6.208,0,59.27942778641942,0.88
6.2090000000000005,0,59.28847760282554,0.88
6.21,0,59.29752284299195,0.88
6.211,0,59.30656350923273,0.88
6.212,0,59.31559960386078,0.88
6.213,0,59.32463112918785,0.88
6.214,0,59.3336580875245,0.88
6.215,0,59.34268048118011,0.88
6.216,0,59.35169831246294,0.88
6.2170000000000005,0,59.36071158368006,0.88
6.218,0,59.369720297137334,0.88
6.219,0,59.37872445513952,0.88
6.22,0,59.374794895369405,0.6
6.221,0,59.35994079702948,0.6
6.222,0,59.34509420999272,0.6
6.223,0,59.330255130460884,0.6
6.224,0,59.315423554637626,0.6
6.2250000000000005,0,59.30059947872852,0.6
6.226,0,59.2857828989411,0.6
6.227,0,59.27097381148475,0.6
6.228,0,59.25617221257083,0.6
6.229,0,59.24137809841258,0.6
6.23,0,59.226591465225184,0.6
6.231,0,59.211812309225714,0.6
6.232,0,59.197040626633154,0.6
6.2330000000000005,0,59.18227641366842,0.6
6.234,0,59.16751966655435,0.6
6.235,0,59.15277038151563,0.6
6.236,0,59.13802855477894,0.6
6.237,0,59.12329418257279,0.6
6.238,0,59.10856726112765,0.6
6.239,0,59.09384778667587,0.6
6.24,0,59.098425873560295,0.88
6.2410000000000005,0,59.10756721758466,0.88
6.242,0,59.11670393908634,0.88
6.243,0,59.125836040402845,0.88
6.244,0,59.13496352387044,0.88
6.245,0,59.14408639182427,0.88
6.246,0,59.153204646598255,0.88
6.247,0,59.16231829052515,0.88
6.248,0,59.171427325936556,0.88
6.2490000000000006,0,59.180531755162846,0.88
6.25,0,59.189631580533245,0.88
6.251,0,59.198726804375795,0.88
6.252,0,59.207817429017354,0.88
6.253,0,59.216903456783626,0.88
6.2540000000000004,0,59.225984889999125,0.88
6.255,0,59.235061730987155,0.88
6.256,0,59.24413398206991,0.88
6.257000000000001,0,59.25320164556837,0.88
6.258,0,59.26226472380232,0.88
6.259,0,59.27132321909045,0.88
6.26,0,59.28037713375018,0.88
6.261,0,59.289426470097844,0.88
6.2620000000000005,0,59.298471230448556,0.88
6.263,0,59.307511417116245,0.88
6.264,0,59.31654703241372,0.88
6.265000000000001,0,59.325578078652605,0.88
6.266,0,59.33460455814331,0.88
6.267,0,59.34362647319515,0.88
6.268,0,59.35264382611621,0.88
6.269,0,59.361656619213434,0.88
6.2700000000000005,0,59.37066485479261,0.88
6.271,0,59.37966853515833,0.88
6.272,0,59.38866766261406,0.88
6.273,0,59.397662239462065,0.88
6.274,0,59.40665226800347,0.88
6.275,0,59.41563775053821,0.88
6.276,0,59.418340529894664,0.6
6.277,0,59.40346441174207,0.6
6.2780000000000005,0,59.388595816027454,0.6
6.279,0,59.373734738946936,0.6
6.28,0,59.35888117669854,0.6
6.281,0,59.344035125482236,0.6
6.282,0,59.329196581499886,0.6
6.283,0,59.31436554095529,0.6
6.284,0,59.29954200005422,0.6
6.285,0,59.28472595500425,0.6
6.2860000000000005,0,59.26991740201497,0.6
6.287,0,59.25511633729785,0.6
6.288,0,59.24032275706627,0.6
6.289,0,59.22553665753556,0.6
6.29,0,59.210758034922904,0.6
6.291,0,59.195986885447454,0.6
6.292,0,59.181223205330255,0.6
6.293,0,59.16646699079425,0.6
6.2940000000000005,0,59.1517182380643,0.6
6.295,0,59.136976943367195,0.6
6.296,0,59.130281057858326,0.8
6.297,0,59.130720762488586,0.8
6.298,0,59.13116024477248,0.8
6.299,0,59.13159950482244,0.8
6.3,0,59.13203854275085,0.8
6.301,0,59.13247735867002,0.8
6.3020000000000005,0,59.13291595269223,0.8
6.303,0,59.13335432492968,0.8
6.304,0,59.1337924754945,0.8
6.305,0,59.134230404498815,0.8
6.306,0,59.13466811205465,0.8
6.307,0,59.13510559827398,0.8
6.308,0,59.13554286326873,0.8
6.309,0,59.13597990715078,0.8
6.3100000000000005,0,59.136416730031925,0.8
6.311,0,59.13685333202392,0.8
6.312,0,59.13728971323847,0.8
6.313,0,59.13772587378721,0.8
6.314,0,59.138161813781736,0.8
6.315,0,59.13859753333356,0.8
6.316,0,59.14276652563174,0.88
6.317,0,59.15188544782525,0.88
6.3180000000000005,0,59.16099975883418,0.88
6.319,0,59.17010946099026,0.88
6.32,0,59.179214556624096,0.88
6.321,0,59.18831504806505,0.88
6.322,0,59.197410937641344,0.88
6.323,0,59.20650222768002,0.88
6.324,0,59.21558892050691,0.88
6.325,0,59.22467101844673,0.88
6.3260000000000005,0,59.23374852382297,0.88
6.327,0,59.24282143895794,0.88
6.328,0,59.25188976617284,0.88
6.329,0,59.26095350778761,0.88
6.33,0,59.2700126661211,0.88
6.331,0,59.27906724349092,0.88
6.332,0,59.28811724221354,0.88
6.333,0,59.297162664604265,0.88
6.3340000000000005,0,59.30620351297721,0.88
6.335,0,59.315239789645325,0.88
6.336,0,59.3242714969204,0.88
6.337,0,59.333298637113046,0.88
6.338,0,59.342321212532724,0.88
6.339,0,59.35133922548769,0.88
6.34,0,59.360352678285054,0.88
6.341,0,59.36936157323079,0.88
6.3420000000000005,0,59.37836591262965,0.88
6.343,0,59.387365698785246,0.88
6.344,0,59.39636093400004,0.88
6.345,0,59.40535162057531,0.88
6.346,0,59.41433776081118,0.88
6.347,0,59.423319357006605,0.88
6.348,0,59.43229641145936,0.88
6.349,0,59.44126892646612,0.88
6.3500000000000005,0,59.450236904322324,0.88
6.351,0,59.45920034732228,0.88
6.352,0,59.468159257759154,0.88
6.353,0,59.47711363792493,0.88
6.354,0,59.46713476682498,0.6
6.355,0,59.452233974787895,0.6
6.356,0,59.4373407176657,0.6
6.357,0,59.422454991648166,0.6
6.3580000000000005,0,59.40757679292703,0.6
6.359,0,59.39270611769598,0.6
6.36,0,59.37784296215056,0.6
6.361,0,59.362987322488294,0.6
6.362,0,59.357526093086086,0.88
6.363,0,59.3665364173571,0.88
6.364,0,59.375542185358476,0.88
6.365,0,59.38454339939419,0.88
6.3660000000000005,0,59.39354006176706,0.88
6.367,0,59.40253217477873,0.88
6.368,0,59.41151974072969,0.88
6.369,0,59.42050276191925,0.88
6.37,0,59.429481240645586,0.88
6.371,0,59.43845517920569,0.88
6.372,0,59.44742457989538,0.88
6.373,0,59.456389445009364,0.88
6.3740000000000006,0,59.46534977684114,0.88
6.375,0,59.47430557768304,0.88
6.376,0,59.48325684982629,0.88
6.377,0,59.4922035955609,0.88
6.378,0,59.50114581717578,0.88
6.3790000000000004,0,59.51008351695864,0.88
6.38,0,59.51901669719602,0.88
6.381,0,59.52794536017336,0.88
6.382000000000001,0,59.5368695081749,0.88
6.383,0,59.54578914348373,0.88
6.384,0,59.554704268381805,0.88
6.385,0,59.5636148851499,0.88
6.386,0,59.572520996067674,0.88
6.3870000000000005,0,59.581422603413586,0.88
6.388,0,59.59031970946498,0.88
6.389,0,59.599212316498026,0.88
6.390000000000001,0,59.60810042678776,0.88
6.391,0,59.61698404260805,0.88
6.392,0,59.625863166231646,0.88
6.393,0,59.63473779993009,0.88
6.394,0,59.643607945973855,0.88
6.3950000000000005,0,59.652473606632185,0.88
6.396,0,59.661334784173235,0.88
6.397,0,59.67019148086399,0.88
6.398000000000001,0,59.67904369897029,0.88
6.399,0,59.687891440756815,0.88
6.4,0,59.69673470848714,0.88
6.401,0,59.70557350442365,0.88
6.402,0,59.714407830827625,0.88
6.4030000000000005,0,59.72323768995918,0.88
6.404,0,59.73206308407726,0.88
6.405,0,59.74088401543973,0.88
6.406,0,59.74970048630328,0.88
6.407,0,59.75851249892345,0.88
6.408,0,59.76732005555465,0.88
6.409,0,59.77612315845015,0.88
6.41,0,59.784921809862084,0.88
6.4110000000000005,0,59.79371601204144,0.88
6.412,0,59.80250576723807,0.88
6.413,0,59.81129107770069,0.88
6.414,0,59.820071945676865,0.88
6.415,0,59.82884837341307,0.88
6.416,0,59.83762036315457,0.88
6.417,0,59.84638791714556,0.88
6.418,0,59.85515103762907,0.88
6.4190000000000005,0,59.86390972684701,0.88
6.42,0,59.86761492031711,0.6
6.421,0,59.852511616637905,0.6
6.422,0,59.83741595027807,0.6
6.423,0,59.8223279173756,0.6
6.424,0,59.8072475140705,0.6
6.425,0,59.79217473650468,0.6
6.426,0,59.777109580822,0.6
6.4270000000000005,0,59.76205204316831,0.6
6.428,0,59.74700211969139,0.6
6.429,0,59.75132220328183,0.88
6.43,0,59.76013339584496,0.88
6.431,0,59.768940132833805,0.88
6.432,0,59.77774241650142,0.88
6.433,0,59.786540249099716,0.88
6.434,0,59.7953336328795,0.88
6.4350000000000005,0,59.80412257009039,0.88
6.436,0,59.812907062980905,0.88
6.437,0,59.82168711379841,0.88
6.438,0,59.830462724789136,0.88
6.439,0,59.83923389819819,0.88
6.44,0,59.848000636269525,0.88
6.441,0,59.85676294124596,0.88
6.442,0,59.8655208153692,0.88
6.4430000000000005,0,59.8742742608798,0.88
6.444,0,59.88302328001718,0.88
6.445,0,59.89176787501964,0.88
6.446,0,59.90050804812434,0.88
6.447,0,59.909243801567314,0.88
6.448,0,59.917975137583454,0.88
6.449,0,59.92670205840653,0.88
6.45,0,59.93542456626919,0.88
6.4510000000000005,0,59.94414266340295,0.88
6.452,0,59.95285635203817,0.88
6.453,0,59.942203237663215,0.6
6.454,0,59.9270622167526,0.6
6.455,0,59.911928852233885,0.6
6.456,0,59.896803140235455,0.6
6.457,0,59.88168507688766,0.6
6.458,0,59.86657465832277,0.6
6.4590000000000005,0,59.851471880675035,0.6
6.46,0,59.836376740080674,0.6
6.461,0,59.831109892060425,0.88
6.462,0,59.83988073821504,0.88
6.463,0,59.84864714919742,0.88
6.464,0,59.85740912725031,0.88
6.465,0,59.8661666746153,0.88
6.466,0,59.8749197935329,0.88
6.4670000000000005,0,59.88366848624243,0.88
6.468,0,59.8924127549821,0.88
6.469,0,59.901152601989,0.88
6.47,0,59.909888029499044,0.88
6.471,0,59.9186190397471,0.88
6.472,0,59.92734563496682,0.88
6.473,0,59.936067817390764,0.88
6.474,0,59.944785589250365,0.88
6.4750000000000005,0,59.95349895277593,0.88
6.476,0,59.96220791019661,0.88
6.477,0,59.97091246374046,0.88
6.478,0,59.9796126156344,0.88
6.479,0,59.987101850598314,0.8
6.48,0,59.98710828485492,0.8
6.481,0,59.9871147158579,0.8
6.482,0,59.9871211436089,0.8
6.4830000000000005,0,59.98712756810958,0.8
6.484,0,59.98713398936155,0.8
6.485,0,59.98714040736648,0.8
6.486,0,59.98714682212601,0.8
6.487,0,59.98715323364177,0.8
6.488,0,59.987159641915405,0.8
6.489,0,59.98716604694855,0.8
6.49,0,59.987172448742854,0.8
6.4910000000000005,0,59.98717884729995,0.8
6.492,0,59.98718524262147,0.8
6.493,0,59.98719163470906,0.8
6.494,0,59.987198023564346,0.8
6.495,0,59.98720440918897,0.8
6.496,0,59.98721079158456,0.8
6.497,0,59.98721717075274,0.8
6.498,0,59.98722354669517,0.8
6.4990000000000006,0,59.98722991941345,0.8
6.5,0,59.98723628890923,0.8
6.501,0,59.98724265518414,0.8
6.502,0,59.987249018239794,0.8
6.503,0,59.987255378077826,0.8
6.5040000000000004,0,59.98726173469987,0.8
6.505,0,59.98726808810755,0.8
6.506,0,59.987274438302485,0.8
6.507000000000001,0,59.9872807852863,0.8
6.508,0,59.987287129060626,0.8
6.509,0,59.98729346962708,0.8
6.51,0,59.987299806987295,0.8
6.511,0,59.987306141142874,0.8
6.5120000000000005,0,59.987312472095454,0.8
6.513,0,59.98731879984665,0.8
6.514,0,59.98732512439807,0.8
6.515000000000001,0,59.987331445751344,0.8
6.516,0,59.98733776390809,0.8
6.517,0,59.98734407886991,0.8
6.518,0,59.98735039063844,0.8
6.519,0,59.98735669921528,0.8
6.5200000000000005,0,59.98736300460205,0.8
6.521,0,59.98736930680036,0.8
6.522,0,59.98737560581183,0.8
6.523000000000001,0,59.98738190163806,0.8
6.524,0,59.98738819428067,0.8
6.525,0,59.98739448374126,0.8
6.526,0,59.98740077002145,0.8
6.527,0,59.987407053122844,0.8
6.5280000000000005,0,59.987413333047044,0.8
6.529,0,59.987419609795666,0.8
6.53,0,59.987425883370314,0.8
6.531,0,59.98743215377259,0.8
6.532,0,59.98743842100409,0.8
6.533,0,59.987444685066436,0.8
6.534,0,59.987450945961214,0.8
6.535,0,59.987457203690035,0.8
6.5360000000000005,0,59.987463458254496,0.8
6.537,0,59.987469709656196,0.8
6.538,0,59.987475957896734,0.8
6.539,0,59.987482202977716,0.8
6.54,0,59.987488444900734,0.8
6.541,0,59.987494683667386,0.8
6.542,0,59.98750091927927,0.8
6.543,0,59.98750715173798,0.8
6.5440000000000005,0,59.987513381045105,0.8
6.545,0,59.987519607202245,0.8
6.546,0,59.987525830210984,0.8
6.547,0,59.98753205007293,0.8
6.548,0,59.98753826678966,0.8
6.549,0,59.98754448036278,0.8
6.55,0,59.98755069079386,0.8
6.551,0,59.9875568980845,0.8
6.5520000000000005,0,59.98756310223629,0.8
6.553,0,59.98756930325081,0.8
6.554,0,59.98757550112965,0.8
6.555,0,59.98758169587439,0.8
6.556,0,59.987587887486626,0.8
6.557,0,59.98759407596794,0.8
6.558,0,59.987600261319905,0.8
6.559,0,59.98760644354412,0.8
6.5600000000000005,0,59.98761262264214,0.8
6.561,0,59.98761879861557,0.8
6.562,0,59.98762497146599,0.8
6.563,0,59.98763114119497,0.8
6.564,0,59.98763730780408,0.8
6.565,0,59.987643471294916,0.8
6.566,0,59.98764963166904,0.8
6.567,0,59.987655788928045,0.8
6.5680000000000005,0,59.98766194307349,0.8
6.569,0,59.98766809410696,0.8
6.57,0,59.98767424203002,0.8
6.571,0,59.98768038684425,0.8
6.572,0,59.98768652855121,0.8
6.573,0,59.98769266715249,0.8
6.574,0,59.98769880264964,0.8
6.575,0,59.98770493504425,0.8
6.5760000000000005,0,59.98771106433787,0.8
6.577,0,59.98771719053209,0.8
6.578,0,59.98772331362845,0.8
6.579,0,59.987729433628544,0.8
6.58,0,59.97804273976513,0.6
6.581,0,59.96288359581804,0.6
6.582,0,59.94773211742719,0.6
6.583,0,59.93258830071629,0.6
6.5840000000000005,0,59.91745214181107,0.6
6.585,0,59.902323636839185,0.6
6.586,0,59.88720278193024,0.6
6.587,0,59.872089573215845,0.6
6.588,0,59.85698400682949,0.6
6.589,0,59.84188607890668,0.6
6.59,0,59.82679578558488,0.6
6.591,0,59.81171312300344,0.6
6.5920000000000005,0,59.79663808730374,0.6
6.593,0,59.78157067462909,0.6
6.594,0,59.7665108811247,0.6
6.595,0,59.7514587029378,0.6
6.596,0,59.73641413621752,0.6
6.597,0,59.721377177114945,0.6
6.598,0,59.706347821783154,0.6
6.599,0,59.69132606637709,0.6
6.6000000000000005,0,59.69791488644745,0.88
6.601,0,59.70675308560088,0.88
6.602,0,59.715586815523565,0.88
6.603,0,59.72441607847543,0.88
6.604,0,59.73324087671533,0.88
6.605,0,59.742061212500914,0.88
6.606,0,59.75087708808874,0.88
6.607,0,59.75968850573422,0.88
6.6080000000000005,0,59.76849546769158,0.88
6.609,0,59.777297976213944,0.88
6.61,0,59.78609603355331,0.88
6.611,0,59.794889641960495,0.88
6.612,0,59.80367880368521,0.88
6.613,0,59.812463520976024,0.88
6.614,0,59.82124379608034,0.88
6.615,0,59.830019631244475,0.88
6.6160000000000005,0,59.83879102871357,0.88
6.617,0,59.847557990731644,0.88
6.618,0,59.85632051954158,0.88
6.619,0,59.86507861738514,0.88
6.62,0,59.87383228650292,0.88
6.621,0,59.88258152913442,0.88
6.622,0,59.891326347517975,0.88
6.623,0,59.90006674389082,0.88
6.6240000000000006,0,59.908802720489035,0.88
6.625,0,59.91753427954757,0.88
6.626,0,59.92626142330026,0.88
6.627,0,59.9349841539798,0.88
6.628,0,59.943702473817766,0.88
6.6290000000000004,0,59.952416385044586,0.88
6.63,0,59.961125889889566,0.88
6.631,0,59.96557723623083,0.6
6.632000000000001,0,59.95042439574115,0.6
6.633,0,59.93527921762022,0.6
6.634,0,59.92014169799339,0.6
6.635,0,59.90501183298797,0.6
6.636,0,59.88988961873322,0.6
6.6370000000000005,0,59.87477505136039,0.6
6.638,0,59.85966812700266,0.6
6.639,0,59.84456884179515,0.6
6.640000000000001,0,59.82947719187498,0.6
6.641,0,59.81439317338119,0.6
6.642,0,59.79931678245478,0.6
6.643,0,59.78424801523871,0.6
6.644,0,59.76918686787786,0.6
6.6450000000000005,0,59.7541333365191,0.6
6.646,0,59.73908741731123,0.6
6.647,0,59.72404910640499,0.6
6.648000000000001,0,59.709018399953074,0.6
6.649,0,59.69399529411014,0.6
6.65,0,59.67897978503274,0.6
6.651,0,59.67458774677773,0.88
6.652,0,59.683437741815,0.88
6.6530000000000005,0,59.69228326165664,0.88
6.654,0,59.70112430856564,0.88
6.655,0,59.70996088480385,0.88
6.656000000000001,0,59.718792992631954,0.88
6.657,0,59.72762063430949,0.88
6.658,0,59.73644381209489,0.88
6.659,0,59.745262528245405,0.88
6.66,0,59.754076785017176,0.88
6.6610000000000005,0,59.76288658466516,0.88
6.662,0,59.77169192944321,0.88
6.663,0,59.78049282160404,0.88
6.664,0,59.78928926339921,0.88
6.665,0,59.79808125707915,0.88
6.666,0,59.80686880489313,0.88
6.667,0,59.815651909089304,0.88
6.668,0,59.824430571914704,0.88
6.6690000000000005,0,59.8332047956152,0.88
6.67,0,59.84197458243551,0.88
6.671,0,59.850739934619284,0.88
6.672,0,59.85950085440895,0.88
6.673,0,59.86825734404589,0.88
6.674,0,59.877009405770266,0.88
6.675,0,59.88575704182118,0.88
6.676,0,59.89450025443655,0.88
6.6770000000000005,0,59.903239045853205,0.88
6.678,0,59.9119734183068,0.88
6.679,0,59.9207033740319,0.88
6.68,0,59.929428915261916,0.88
6.681,0,59.93815004422913,0.88
6.682,0,59.94686676316471,0.88
6.683,0,59.95557907429867,0.88
6.684,0,59.96428697985992,0.88
6.6850000000000005,0,59.972990482076256,0.88
6.686,0,59.98168958317429,0.88
6.687,0,59.99038428537956,0.88
6.688,0,59.99126186993581,0.8
6.689,0,59.99126620058668,0.8
6.69,0,59.99127052904767,0.8
6.691,0,59.991274855319865,0.8
6.692,0,59.991279179404394,0.8
6.6930000000000005,0,59.99128350130235,0.8
6.694,0,59.99128782101484,0.8
6.695,0,59.99129213854298,0.8
6.696,0,59.99129645388786,0.8
6.697,0,59.991300767050596,0.8
6.698,0,59.99130507803228,0.8
6.699,0,59.991309386834025,0.8
6.7,0,59.991313693456924,0.8
6.7010000000000005,0,59.99131799790209,0.8
6.702,0,59.991322300170616,0.8
6.703,0,59.9913266002636,0.8
6.704,0,59.99133089818215,0.8
6.705,0,59.99133519392737,0.8
6.706,0,59.99133948750034,0.8
6.707,0,59.99134377890218,0.8
6.708,0,59.991348068133966,0.8
6.7090000000000005,0,59.99135235519682,0.8
6.71,0,59.991356640091816,0.8
6.711,0,59.991360922820064,0.8
6.712,0,59.99136520338266,0.8
6.713,0,59.99136948178069,0.8
6.714,0,59.99137375801526,0.8
6.715,0,59.99137803208745,0.8
6.716,0,59.99138230399836,0.8
6.7170000000000005,0,59.99138657374908,0.8
6.718,0,59.99139084134072,0.8
6.719,0,59.99139510677435,0.8
6.72,0,59.99139937005107,0.8
6.721,0,59.99140363117197,0.8
6.722,0,59.99140789013814,0.8
6.723,0,59.97624976800134,0.6
6.724,0,59.96109153071006,0.6
6.7250000000000005,0,59.94594095851653,0.6
6.726,0,59.93079804754474,0.6
6.727,0,59.9156627939206,0.6
6.728,0,59.90053519377204,0.6
6.729,0,59.88541524322886,0.6
6.73,0,59.87030293842291,0.6
6.731,0,59.855198275487936,0.6
6.732,0,59.840101250559655,0.6
6.7330000000000005,0,59.82501185977575,0.6
6.734,0,59.809930099275846,0.6
6.735,0,59.794855965201506,0.6
6.736,0,59.77978945369629,0.6
6.737,0,59.76473056090563,0.6
6.738,0,59.749679282977,0.6
6.739,0,59.73463561605976,0.6
6.74,0,59.719599556305226,0.6
6.7410000000000005,0,59.70457109986668,0.6
6.742,0,59.695900700945856,0.88
6.743,0,59.704739918616724,0.88
6.744,0,59.71357466654178,0.88
6.745,0,59.72240494698127,0.88
6.746,0,59.73123076219426,0.88
6.747,0,59.74005211443868,0.88
6.748,0,59.74886900597137,0.88
6.7490000000000006,0,59.75768143904794,0.88
6.75,0,59.76648941592294,0.88
6.751,0,59.77529293884973,0.88
6.752,0,59.784092010080556,0.88
6.753,0,59.79288663186651,0.88
6.7540000000000004,0,59.80167680645756,0.88
6.755,0,59.81046253610251,0.88
6.756,0,59.81924382304908,0.88
6.757000000000001,0,59.82802066954378,0.88
6.758,0,59.83679307783204,0.88
6.759,0,59.84556105015815,0.88
6.76,0,59.85432458876522,0.88
6.761,0,59.859654809467976,0.85
6.7620000000000005,0,59.86495965129525,0.85
6.763,0,59.87026181061199,0.85
6.764,0,59.875561288774676,0.85
6.765000000000001,0,59.88085808713909,0.85
6.766,0,59.88615220706031,0.85
6.767,0,59.89144364989278,0.85
6.768,0,59.89673241699021,0.85
6.769,0,59.902018509705655,0.85
6.7700000000000005,0,59.907301929391465,0.85
6.771,0,59.91258267739933,0.85
6.772,0,59.91786075508023,0.85
6.773000000000001,0,59.92313616378448,0.85
6.774,0,59.928408904861705,0.85
6.775,0,59.933678979660854,0.85
6.776,0,59.93894638953019,0.85
6.777,0,59.944211135817284,0.85
6.7780000000000005,0,59.94947321986905,0.85
6.779,0,59.95473264303169,0.85
6.78,0,59.959989406650756,0.85
6.781000000000001,0,59.9652435120711,0.85
6.782,0,59.97049496063689,0.85
6.783,0,59.97574375369164,0.85
6.784,0,59.980989892578144,0.85
6.785,0,59.98623337863857,0.85
6.7860000000000005,0,59.99147421321436,0.85
6.787,0,59.99671239764629,0.85
6.788,0,59.99878007025531,0.8
6.789,0,59.998780599162004,0.8
6.79,0,59.998781127801244,0.8
6.791,0,59.998781656173165,0.8
6.792,0,59.9987821842779,0.8
6.793,0,59.99878271211559,0.8
6.7940000000000005,0,59.998783239686375,0.8
6.795,0,59.99878376699037,0.8
6.796,0,59.99878429402773,0.8
6.797,0,59.99878482079858,0.8
6.798,0,59.998785347303055,0.8
6.799,0,59.998785873541294,0.8
6.8,0,59.99878639951343,0.8
6.801,0,59.99878692521959,0.8
6.8020000000000005,0,59.99878745065992,0.8
6.803,0,59.998787975834546,0.8
6.804,0,59.99878850074361,0.8
6.805,0,59.99878902538724,0.8
6.806,0,59.998789549765576,0.8
6.807,0,59.998790073878745,0.8
6.808,0,59.99879059772688,0.8
6.809,0,59.99879112131013,0.8
6.8100000000000005,0,59.99879164462861,0.8
6.811,0,59.99879216768247,0.8
6.812,0,59.998792690471824,0.8
6.813,0,59.99879321299683,0.8
6.814,0,59.99568032776526,0.6
6.815,0,59.983613908190456,0.8
6.816,0,59.98362210620224,0.8
6.817,0,59.98363030006852,0.8
6.8180000000000005,0,59.98363848979139,0.8
6.819,0,59.983646675372945,0.8
6.82,0,59.98365485681528,0.8
6.821,0,59.98366303412049,0.8
6.822,0,59.98367120729066,0.8
6.823,0,59.983679376327885,0.8
6.824,0,59.98368754123426,0.8
6.825,0,59.98369570201187,0.8
6.8260000000000005,0,59.9837038586628,0.8
6.827,0,59.98371201118914,0.8
6.828,0,59.98372015959298,0.8
6.829,0,59.9837283038764,0.8
6.83,0,59.98373644404147,0.8
6.831,0,59.983744580090296,0.8
6.832,0,59.983752712024945,0.8
6.833,0,59.983760839847506,0.8
6.8340000000000005,0,59.98376896356005,0.8
6.835,0,59.982192721046744,0.6
6.836,0,59.96703147856988,0.6
6.837,0,59.95187790271043,0.6
6.838,0,59.936731989591564,0.6
6.839,0,59.92159373533846,0.6
6.84,0,59.906463136078266,0.6
6.841,0,59.89134018794003,0.6
6.8420000000000005,0,59.87622488705481,0.6
6.843,0,59.86111722955562,0.6
6.844,0,59.846017211577376,0.6
6.845,0,59.830924829257015,0.6
6.846,0,59.81584007873337,0.6
6.847,0,59.80076295614729,0.6
6.848,0,59.78569345764153,0.6
6.849,0,59.77063157936077,0.6
6.8500000000000005,0,59.75557731745171,0.6
6.851,0,59.74053066806297,0.6
6.852,0,59.72549162734508,0.6
6.853,0,59.71046019145058,0.6
6.854,0,59.69543635653389,0.6
6.855,0,59.68042011875142,0.6
6.856,0,59.66541147426153,0.6
6.857,0,59.65041041922448,0.6
6.8580000000000005,0,59.6354169498025,0.6
6.859,0,59.62043106215977,0.6
6.86,0,59.60545275246238,0.6
6.861,0,59.59048201687839,0.6
6.862,0,59.575518851577755,0.6
6.863,0,59.56056325273242,0.6
6.864,0,59.54561521651624,0.6
6.865,0,59.53067473910498,0.6
6.8660000000000005,0,59.51574181667638,0.6
6.867,0,59.50081644541011,0.6
6.868,0,59.48589862148772,0.6
6.869,0,59.47098834109278,0.6
6.87,0,59.45608560041068,0.6
6.871,0,59.44119039562884,0.6
6.872,0,59.426302722936555,0.6
6.873,0,59.41142257852505,0.6
6.8740000000000006,0,59.396549958587485,0.6
6.875,0,59.396900197340116,0.88
6.876,0,59.40589061122496,0.88
6.877,0,59.41487647890828,0.88
6.878,0,59.423857802689,0.88
6.8790000000000004,0,59.43283458486481,0.88
6.88,0,59.44180682773228,0.88
6.881,0,59.45077453358681,0.88
6.882000000000001,0,59.459737704722656,0.88
6.883,0,59.46869634343288,0.88
6.884,0,59.47765045200942,0.88
6.885,0,59.48660003274302,0.88
6.886,0,59.495545087923304,0.88
6.8870000000000005,0,59.504485619838704,0.88
6.888,0,59.513421630776506,0.88
6.889,0,59.52235312302286,0.88
6.890000000000001,0,59.53128009886273,0.88
6.891,0,59.54020256057993,0.88
6.892,0,59.54912051045714,0.88
6.893,0,59.558033950775865,0.88
6.894,0,59.566942883816466,0.88
6.8950000000000005,0,59.57584731185814,0.88
6.896,0,59.584747237178945,0.88
6.897,0,59.593642662055785,0.88
6.898000000000001,0,59.6025335887644,0.88
6.899,0,59.6114200195794,0.88
6.9,0,59.62030195677422,0.88
6.901,0,59.62917940262116,0.88
6.902,0,59.63805235939138,0.88
6.9030000000000005,0,59.64692082935488,0.88
6.904,0,59.6557848147805,0.88
6.905,0,59.66464431793596,0.88
6.906000000000001,0,59.67349934108781,0.88
6.907,0,59.68234988650146,0.88
6.908,0,59.69119595644119,0.88
6.909,0,59.700037553170105,0.88
6.91,0,59.7088746789502,0.88
6.9110000000000005,0,59.7177073360423,0.88
6.912,0,59.7265355267061,0.88
6.913,0,59.735359253200144,0.88
6.914,0,59.74417851778183,0.88
6.915,0,59.752993322707454,0.88
6.916,0,59.76180367023211,0.88
6.917,0,59.77060956260978,0.88
6.918,0,59.779411002093326,0.88
6.9190000000000005,0,59.78820799093445,0.88
6.92,0,59.797000531383695,0.88
6.921,0,59.80578862569052,0.88
6.922,0,59.814572276103185,0.88
6.923,0,59.823351484868866,0.88
6.924,0,59.832126254233586,0.88
6.925,0,59.84089658644219,0.88
6.926,0,59.84966248373846,0.88
6.9270000000000005,0,59.858423948364994,0.88
6.928,0,59.86718098256326,0.88
6.929,0,59.87593358857362,0.88
6.93,0,59.884681768635275,0.88
6.931,0,59.893425524986306,0.88
6.932,0,59.90216485986366,0.88
6.933,0,59.910899775503154,0.88
6.934,0,59.919630274139465,0.88
6.9350000000000005,0,59.92835635800617,0.88
6.936,0,59.937078029335666,0.88
6.937,0,59.94579529035927,0.88
6.938,0,59.95450814330714,0.88
6.939,0,59.96321659040832,0.88
6.94,0,59.97192063389073,0.88
6.941,0,59.98062027598115,0.88
6.942,0,59.989315518905244,0.88
6.9430000000000005,0,59.99483544758284,0.8
6.944,0,59.99483797117518,0.8
6.945,0,59.99484049349141,0.8
6.946,0,59.99484301453218,0.8
6.947,0,59.99484553429812,0.8
6.948,0,59.9948480527899,0.8
6.949,0,59.99485057000813,0.8
6.95,0,59.99485308595349,0.8
6.9510000000000005,0,59.9948556006266,0.8
6.952,0,59.99485811402811,0.8
6.953,0,59.99486062615866,0.8
6.954,0,59.9948631370189,0.8
6.955,0,59.99486564660947,0.8
6.956,0,59.994868154931005,0.8
6.957,0,59.99487066198415,0.8
6.958,0,59.994873167769555,0.8
6.9590000000000005,0,59.994875672287854,0.8
6.96,0,59.99487817553968,0.8
6.961,0,59.99488067752569,0.8
6.962,0,59.99488317824651,0.8
6.963,0,59.99488567770279,0.8
6.964,0,59.99488817589516,0.8
6.965,0,59.99489067282427,0.8
6.966,0,59.99489316849075,0.8
6.9670000000000005,0,59.99489566289524,0.8
6.968,0,59.994898156038374,0.8
6.969,0,59.9949006479208,0.8
6.97,0,59.99490313854315,0.8
6.971,0,59.994905627906064,0.8
6.972,0,59.99490811601017,0.8
6.973,0,59.994910602856116,0.8
6.974,0,59.994913088444534,0.8
6.9750000000000005,0,59.99491557277606,0.8
6.976,0,59.99491805585133,0.8
6.977,0,59.99492053767097,0.8
6.978,0,59.99492301823563,0.8
6.979,0,59.994925497545935,0.8
6.98,0,59.99492797560252,0.8
6.981,0,59.994930452406024,0.8
6.982,0,59.99493292795708,0.8
6.9830000000000005,0,59.99493540225632,0.8
6.984,0,59.994937875304366,0.8
6.985,0,59.99494034710187,0.8
6.986,0,59.99494281764945,0.8
6.987,0,59.99494528694775,0.8
6.988,0,59.99494775499738,0.8
6.989,0,59.994950221799,0.8
6.99,0,59.994952687353226,0.8
6.9910000000000005,0,59.99495515166068,0.8
6.992,0,59.99495761472201,0.8
6.993,0,59.99496007653784,0.8
6.994,0,59.9949625371088,0.8
6.995,0,59.99496499643551,0.8
6.996,0,59.994967454518616,0.8
6.997,0,59.99496991135873,0.8
6.998,0,59.994972366956496,0.8
6.9990000000000006,0,59.99497482131253,0.8
7.0,0,59.99497727442746,0.8
7.001,0,59.99497972630193,0.8
7.002,0,59.994982176936546,0.8
7.003,0,59.99498462633195,0.8
7.0040000000000004,0,59.99498707448876,0.8
7.005,0,59.994989521407604,0.8
7.006,0,59.99499196708911,0.8
7.007000000000001,0,59.99499441153391,0.8
7.008,0,59.99499685474261,0.8
7.009,0,59.994999296715854,0.8
7.01,0,59.99500173745426,0.8
7.011,0,59.98491483584212,0.6
7.0120000000000005,0,59.96975221686773,0.6
7.013,0,59.95459726520683,0.6
7.014,0,59.9394499769822,0.6
7.015000000000001,0,59.9243103483187,0.6
7.016,0,59.909178375343096,0.6
7.017,0,59.89405405418411,0.6
7.018,0,59.878937380972445,0.6
7.019,0,59.8692368936262,0.85
7.0200000000000005,0,59.87453689006082,0.85
7.021,0,59.87983420643508,0.85
7.022,0,59.885128844104216,0.85
7.023000000000001,0,59.89042080442279,0.85
7.024,0,59.895710088744636,0.85
7.025,0,59.90099669842296,0.85
7.026,0,59.90628063481023,0.85
7.027,0,59.91156189925827,0.85
7.0280000000000005,0,59.9168404931182,0.85
7.029,0,59.92211641774046,0.85
7.03,0,59.92738967447482,0.85
7.031000000000001,0,59.932660264670346,0.85
7.032,0,59.93792818967543,0.85
7.033,0,59.943193450837796,0.85
7.034,0,59.94845604950446,0.85
7.035,0,59.95371598702178,0.85
7.0360000000000005,0,59.958973264735434,0.85
7.037,0,59.96422788399039,0.85
7.038,0,59.96766140015717,0.8
7.039000000000001,0,59.96767766490727,0.8
7.04,0,59.96769392143274,0.8
7.041,0,59.967710169737735,0.8
7.042,0,59.96772640982642,0.8
7.043,0,59.96774264170294,0.8
7.0440000000000005,0,59.96775886537146,0.8
7.045,0,59.96777508083611,0.8
7.046,0,59.96779128810106,0.8
7.047,0,59.967807487170454,0.8
7.048,0,59.967823678048426,0.8
7.049,0,59.96783986073912,0.8
7.05,0,59.967856035246676,0.8
7.051,0,59.96787220157524,0.8
7.0520000000000005,0,59.967888359728946,0.8
7.053,0,59.967904509711914,0.8
7.054,0,59.967920651528296,0.8
7.055,0,59.96793678518221,0.8
7.056,0,59.96795291067778,0.8
7.057,0,59.96796902801914,0.8
7.058,0,59.96423170875647,0.6
7.059,0,59.94907954866251,0.6
7.0600000000000005,0,59.93393505059322,0.6
7.061,0,59.91879821067417,0.6
7.062,0,59.9036690250328,0.6
7.063,0,59.88854748979858,0.6
7.064,0,59.87343360110292,0.6
7.065,0,59.858327355079155,0.6
7.066,0,59.84322874786262,0.6
7.067,0,59.82813777559056,0.6
7.0680000000000005,0,59.81305443440222,0.6
7.069,0,59.79797872043878,0.6
7.07,0,59.78291062984333,0.6
7.071,0,59.76785015876098,0.6
7.072,0,59.752797303338724,0.6
7.073,0,59.737752059725565,0.6
7.074,0,59.72271442407241,0.6
7.075,0,59.718358317280845,0.88
7.0760000000000005,0,59.7271861787616,0.88
7.077,0,59.73600957623904,0.88
7.078,0,59.744828511970525,0.88
7.079,0,59.753642988212206,0.88
7.08,0,59.762453007219136,0.88
7.081,0,59.77125857124521,0.88
7.082,0,59.7800596825432,0.88
7.083,0,59.7888563433647,0.88
7.0840000000000005,0,59.79764855596022,0.88
7.085,0,59.80643632257908,0.88
7.086,0,59.81521964546951,0.88
7.087,0,59.823998526878555,0.88
7.088,0,59.83277296905217,0.88
7.089,0,59.841542974235146,0.88
7.09,0,59.85030854467114,0.88
7.091,0,59.85906968260268,0.88
7.0920000000000005,0,59.86782639027116,0.88
7.093,0,59.87241146439874,0.6
7.094,0,59.85730573524099,0.6
7.095,0,59.84220764462911,0.6
7.096,0,59.827117188700484,0.6
7.097,0,59.812034363594464,0.6
7.098,0,59.796959165452364,0.6
7.099,0,59.78189159041744,0.6
7.1000000000000005,0,59.76683163463488,0.6
7.101,0,59.75177929425189,0.6
7.102,0,59.73673456541752,0.6
7.103,0,59.72169744428285,0.6
7.104,0,59.70666792700087,0.6
7.105,0,59.691646009726526,0.6
7.106,0,59.67663168861672,0.6
7.107,0,59.66162495983026,0.6
7.1080000000000005,0,59.64662581952793,0.6
7.109,0,59.631634263872456,0.6
7.11,0,59.61665028902848,0.6
7.111,0,59.601673891162605,0.6
7.112,0,59.58670506644334,0.6
7.113,0,59.582273151780456,0.88
7.114,0,59.59116982773325,0.88
7.115,0,59.60006200488522,0.88
7.1160000000000005,0,59.608949685511234,0.88
7.117,0,59.617832871885085,0.88
7.118,0,59.62671156627938,0.88
7.119,0,59.63558577096559,0.88
7.12,0,59.64445548821405,0.88
7.121,0,59.65332072029392,0.88
7.122,0,59.66218146947322,0.88
7.123,0,59.67103773801884,0.88
7.1240000000000006,0,59.6798895281965,0.88
7.125,0,59.688736842270785,0.88
7.126,0,59.69757968250514,0.88
7.127,0,59.70641805116186,0.88
7.128,0,59.715251950502115,0.88
7.1290000000000004,0,59.72408138278589,0.88
7.13,0,59.732906350272046,0.88
7.131,0,59.737704253655785,0.6
7.132000000000001,0,59.72266664217682,0.6
7.133,0,59.70763663479851,0.6
7.134,0,59.692614227675655,0.6
7.135,0,59.67759941696504,0.6
7.136,0,59.66259219882535,0.6
7.1370000000000005,0,59.64759256941724,0.6
7.138,0,59.63260052490332,0.6
7.139,0,59.61761606144809,0.6
7.140000000000001,0,59.60263917521803,0.6
7.141,0,59.58766986238156,0.6
7.142,0,59.572708119109016,0.6
7.143,0,59.56177654313524,0.88
7.144,0,59.57068358365128,0.88
7.1450000000000005,0,59.5795861201254,0.88
7.146,0,59.58848415483516,0.88
7.147,0,59.59737769005699,0.88
7.148000000000001,0,59.60626672806613,0.88
7.149,0,59.61515127113671,0.88
7.15,0,59.62403132154171,0.88
7.151,0,59.63290688155292,0.88
7.152,0,59.64177795344103,0.88
7.1530000000000005,0,59.65064453947554,0.88
7.154,0,59.65950664192482,0.88
7.155,0,59.66836426305612,0.88
7.156000000000001,0,59.677217405135494,0.88
7.157,0,59.68606607042787,0.88
7.158,0,59.69491026119705,0.88
7.159,0,59.70374997970566,0.88
7.16,0,59.71258522821522,0.88
7.1610000000000005,0,59.72141600898607,0.88
7.162,0,59.708870412656225,0.6
7.163,0,59.69384738164632,0.6
7.164000000000001,0,59.67883194736413,0.6
7.165,0,59.66382410596822,0.6
7.166,0,59.64882385361902,0.6
7.167,0,59.63383118647903,0.6
7.168,0,59.61884610071257,0.6
7.1690000000000005,0,59.603868592485966,0.6
7.17,0,59.588898657967476,0.6
7.171,0,59.573936293327286,0.6
7.172,0,59.55898149473752,0.6
7.173,0,59.54403425837222,0.6
7.174,0,59.550466492028605,0.88
7.175,0,59.55937925172199,0.88
7.176,0,59.56828750448143,0.88
7.1770000000000005,0,59.57719125258595,0.88
7.178,0,59.58609049831341,0.88
7.179,0,59.59498524394057,0.88
7.18,0,59.60387549174297,0.88
7.181,0,59.61276124399507,0.88
7.182,0,59.6046073205673,0.6
7.183,0,59.58963701249463,0.6
7.184,0,59.57467427448914,0.6
7.1850000000000005,0,59.55971910272288,0.6
7.186,0,59.54477149336981,0.6
7.187,0,59.52983144260581,0.6
7.188,0,59.51489894660874,0.6
7.189,0,59.49997400155833,0.6
7.19,0,59.48505660363631,0.6
7.191,0,59.4701467490263,0.6
7.192,0,59.45524443391383,0.6
7.1930000000000005,0,59.440349654486425,0.6
7.194,0,59.44249758933632,0.88
7.195,0,59.451464945891985,0.88
7.196,0,59.46042776790558,0.88
7.197,0,59.46938605767011,0.88
7.198,0,59.47833981747739,0.88
7.199,0,59.48728904961811,0.88
7.2,0,59.49623375638178,0.88
7.2010000000000005,0,59.50517394005675,0.88
7.202,0,59.501411548585494,0.6
7.203,0,59.486493423736036,0.6
7.204,0,59.471582842566185,0.6
7.205,0,59.45667980126128,0.6
7.206,0,59.44178429600864,0.6
7.207,0,59.42689632299751,0.6
7.208,0,59.412015878419005,0.6
7.2090000000000005,0,59.39714295846623,0.6
7.21,0,59.38543252785448,0.88
7.211,0,59.3944287406199,0.88
7.212,0,59.403420404251456,0.88
7.213,0,59.412407521049545,0.88
7.214,0,59.42139009331338,0.88
7.215,0,59.43036812334097,0.88
7.216,0,59.439341613429235,0.88
7.2170000000000005,0,59.44831056587388,0.88
7.218,0,59.45727498296946,0.88
7.219,0,59.466234867009376,0.88
7.22,0,59.475190220285874,0.88
7.221,0,59.48414104509004,0.88
7.222,0,59.49308734371178,0.88
7.223,0,59.502029118439864,0.88
7.224,0,59.510966371561906,0.88
7.2250000000000005,0,59.51989910536436,0.88
7.226,0,59.52882732213249,0.88
7.227,0,59.53775102415047,0.88
7.228,0,59.54667021370126,0.88
7.229,0,59.55558489306671,0.88
7.23,0,59.56449506452748,0.88
7.231,0,59.573400730363076,0.88
7.232,0,59.5823018928519,0.88
7.2330000000000005,0,59.59119855427115,0.88
7.234,0,59.600090716896894,0.88
7.235,0,59.60897838300406,0.88
7.236,0,59.61786155486637,0.88
7.237,0,59.6267402347565,0.88
7.238,0,59.635614424945864,0.88
7.239,0,59.6444841277048,0.88
7.24,0,59.65334934530247,0.88
7.2410000000000005,0,59.662210080006915,0.88
7.242,0,59.671066334084976,0.88
7.243,0,59.6799181098024,0.88
7.244,0,59.688765409423766,0.88
7.245,0,59.69760823521252,0.88
7.246,0,59.70644658943094,0.88
7.247,0,59.715280474340176,0.88
7.248,0,59.72410989220024,0.88
7.2490000000000006,0,59.732934845269995,0.88
7.25,0,59.74175533580714,0.88
7.251,0,59.750571366068286,0.88
7.252,0,59.759382938308846,0.88
7.253,0,59.76819005478313,0.88
7.2540000000000004,0,59.7769927177443,0.88
7.255,0,59.785790929444346,0.88
7.256,0,59.79458469213418,0.88
7.257000000000001,0,59.803374008063514,0.88
7.258,0,59.811173063384615,0.6
7.259,0,59.796098300778,0.6
7.26,0,59.78103116105834,0.6
7.261,0,59.76597164037091,0.6
7.2620000000000005,0,59.750919734863004,0.6
7.263,0,59.735875440683856,0.6
7.264,0,59.720838753984594,0.6
7.265000000000001,0,59.70580967091834,0.6
7.266,0,59.690788187640166,0.6
7.267,0,59.69107467934949,0.88
7.268,0,59.69991633740485,0.88
7.269,0,59.70875352448037,0.88
7.2700000000000005,0,59.717586242836916,0.88
7.271,0,59.726414494734165,0.88
7.272,0,59.73523828243071,0.88
7.273000000000001,0,59.74405760818395,0.88
7.274,0,59.75287247425017,0.88
7.275,0,59.75071979144634,0.6
7.276,0,59.73567559837301,0.6
7.277,0,59.72063901272843,0.6
7.2780000000000005,0,59.70561003066575,0.6
7.279,0,59.69058864834008,0.6
7.28,0,59.67557486190843,0.6
7.281000000000001,0,59.66056866752975,0.6
7.282,0,59.64557006136498,0.6
7.283,0,59.63057903957695,0.6
7.284,0,59.61559559833047,0.6
7.285,0,59.60061973379225,0.6
7.2860000000000005,0,59.58565144213097,0.6
7.287,0,59.581653810955416,0.88
7.288,0,59.590550800091606,0.88
7.289000000000001,0,59.59944329026858,0.88
7.29,0,59.608331283761316,0.88
7.291,0,59.61721478284368,0.88
7.292,0,59.626093789788364,0.88
7.293,0,59.634968306866924,0.88
7.2940000000000005,0,59.64383833634975,0.88
7.295,0,59.652703880506095,0.88
7.296,0,59.66156494160407,0.88
7.297,0,59.670421521910626,0.88
7.298,0,59.679273623691586,0.88
7.299,0,59.688121249211605,0.88
7.3,0,59.696964400734196,0.88
7.301,0,59.705803080521754,0.88
7.3020000000000005,0,59.7146372908355,0.88
7.303,0,59.72346703393552,0.88
7.304,0,59.73229231208076,0.88
7.305,0,59.74111312752902,0.88
7.306,0,59.74992948253698,0.88
7.307,0,59.758741379360146,0.88
7.308,0,59.767548820252884,0.88
7.309,0,59.77635180746846,0.88
7.3100000000000005,0,59.78515034325896,0.88
7.311,0,59.79394442987535,0.88
7.312,0,59.80273406956745,0.88
7.313,0,59.81151926458395,0.88
7.314,0,59.82030001717239,0.88
7.315,0,59.829076329579195,0.88
7.316,0,59.83784820404962,0.88
7.317,0,59.846615642827835,0.88
7.3180000000000005,0,59.85537864815683,0.88
7.319,0,59.86413722227846,0.88
7.32,0,59.872891367433496,0.88
7.321,0,59.8816410858615,0.88
7.322,0,59.890386379801,0.88
7.323,0,59.8991272514893,0.88
7.324,0,59.90786370316261,0.88
7.325,0,59.91659573705602,0.88
7.3260000000000005,0,59.92532335540347,0.88
7.327,0,59.93404656043778,0.88
7.328,0,59.942765354390644,0.88
7.329,0,59.951479739492605,0.88
7.33,0,59.96018971797312,0.88
7.331,0,59.968895292060495,0.88
7.332,0,59.977596463981875,0.88
7.333,0,59.98629323596336,0.88
7.3340000000000005,0,59.99498561022983,0.88
7.335,0,59.9973134107535,0.8
7.336,0,59.99731468130899,0.8
7.337,0,59.997315951222,0.8
7.338,0,59.997317220492846,0.8
7.339,0,59.99731848912185,0.8
7.34,0,59.99731975710936,0.8
7.341,0,59.99732102445567,0.8
7.3420000000000005,0,59.997322291161126,0.8
7.343,0,59.99732355722604,0.8
7.344,0,59.99732482265074,0.8
7.345,0,59.99732608743555,0.8
7.346,0,59.9973273515808,0.8
7.347,0,59.9973286150868,0.8
7.348,0,59.99732987795389,0.8
7.349,0,59.997331140182375,0.8
7.3500000000000005,0,59.99733240177259,0.8
7.351,0,59.99733366272485,0.8
7.352,0,59.99733492303948,0.8
7.353,0,59.99733618271681,0.8
7.354,0,59.99733744175715,0.8
7.355,0,59.98774688122422,0.6
7.356,0,59.9725828301635,0.6
7.357,0,59.95742644714039,0.6
7.3580000000000005,0,59.94227772827739,0.6
7.359,0,59.92713666969895,0.6
7.36,0,59.91200326753146,0.6
7.361,0,59.896877517903306,0.6
7.362,0,59.88175941694478,0.6
7.363,0,59.87138819143652,0.85
7.364,0,59.87668710001984,0.85
7.365,0,59.88198332909291,0.85
7.3660000000000005,0,59.887276880010674,0.85
7.367,0,59.8925677541274,0.85
7.368,0,59.897855952796675,0.85
7.369,0,59.903141477371406,0.85
7.37,0,59.9084243292038,0.85
7.371,0,59.91370450964538,0.85
7.372,0,59.918982020047004,0.85
7.373,0,59.92425686175884,0.85
7.3740000000000006,0,59.92952903613036,0.85
7.375,0,59.93479854451037,0.85
7.376,0,59.94006538824699,0.85
7.377,0,59.945329568687654,0.85
7.378,0,59.95059108717911,0.85
7.3790000000000004,0,59.95584994506744,0.85
7.38,0,59.96110614369803,0.85
7.381,0,59.96635968441561,0.85
7.382000000000001,0,59.96996380372756,0.8
7.383,0,59.9699789042164,0.8
7.384,0,59.96999399706934,0.8
7.385,0,59.97000908229025,0.8
7.386,0,59.97002415988298,0.8
7.3870000000000005,0,59.970039229851395,0.8
7.388,0,59.97005429219935,0.8
7.389,0,59.97006934693069,0.8
7.390000000000001,0,59.97008439404928,0.8
7.391,0,59.965326435844005,0.6
7.392,0,59.950173722177084,0.6
7.393,0,59.935028670814795,0.6
7.394,0,59.919891277882485,0.6
7.3950000000000005,0,59.90476153950752,0.6
7.396,0,59.889639451819214,0.6
7.397,0,59.87452501094881,0.6
7.398000000000001,0,59.85941821302953,0.6
7.399,0,59.84431905419656,0.6
7.4,0,59.84788905577252,0.85
7.401,0,59.85319984721323,0.85
7.402,0,59.85850795313486,0.85
7.4030000000000005,0,59.86381337489539,0.85
7.404,0,59.86911611385213,0.85
7.405,0,59.87441617136171,0.85
7.406000000000001,0,59.879713548780046,0.85
7.407,0,59.885008247462395,0.85
7.408,0,59.890300268763326,0.85
7.409,0,59.895589614036695,0.85
7.41,0,59.900876284635714,0.85
7.4110000000000005,0,59.90616028191288,0.85
7.412,0,59.91144160722002,0.85
7.413,0,59.91672026190828,0.85
7.414000000000001,0,59.92199624732812,0.85
7.415,0,59.927269564829295,0.85
7.416,0,59.932540215760916,0.85
7.417,0,59.937808201471384,0.85
7.418,0,59.94307352330844,0.85
7.4190000000000005,0,59.92799470543916,0.6
7.42,0,59.91286086938695,0.6
7.421,0,59.89773468609344,0.6
7.422000000000001,0,59.88261615168888,0.6
7.423,0,59.86750526230544,0.6
7.424,0,59.85240201407724,0.6
7.425,0,59.83730640314036,0.6
7.426,0,59.822218425632826,0.6
7.4270000000000005,0,59.82137968509309,0.88
7.428,0,59.830155451541934,0.88
7.429,0,59.838926780330496,0.88
7.43,0,59.847693673702764,0.88
7.431,0,59.85645613390161,0.88
7.432,0,59.865214163168766,0.88
7.433,0,59.87396776374482,0.88
7.434,0,59.88271693786926,0.88
7.4350000000000005,0,59.89146168778041,0.88
7.436,0,59.90020201571544,0.88
7.437,0,59.90893792391047,0.88
7.438,0,59.91766941460041,0.88
7.439,0,59.92639649001907,0.88
7.44,0,59.935119152399146,0.88
7.441,0,59.94383740397217,0.88
7.442,0,59.95255124696857,0.88
7.4430000000000005,0,59.96126068361765,0.88
7.444,0,59.969965716147556,0.88
7.445,0,59.975850000413864,0.8
7.446,0,59.97586212441723,0.8
7.447,0,59.975874242289834,0.8
7.448,0,59.97588635403476,0.8
7.449,0,59.97589845965513,0.8
7.45,0,59.97591055915401,0.8
7.4510000000000005,0,59.975922652534514,0.8
7.452,0,59.97593473979974,0.8
7.453,0,59.975946820952764,0.8
7.454,0,59.97595889599669,0.8
7.455,0,59.975970964934604,0.8
7.456,0,59.975983027769594,0.8
7.457,0,59.975995084504746,0.8
7.458,0,59.976007135143135,0.8
7.4590000000000005,0,59.97601917968786,0.8
7.46,0,59.97603121814199,0.8
7.461,0,59.97604325050861,0.8
7.462,0,59.9760552767908,0.8
7.463,0,59.97606729699164,0.8
7.464,0,59.97607931111419,0.8
7.465,0,59.97609131916153,0.8
7.466,0,59.97610332113675,0.8
7.4670000000000005,0,59.9761153170429,0.8
7.468,0,59.97612730688305,0.8
7.469,0,59.97613929066028,0.8
7.47,0,59.97615126837764,0.8
7.471,0,59.976163240038204,0.8
7.472,0,59.97617520564504,0.8
7.473,0,59.976187165201196,0.8
7.474,0,59.976199118709744,0.8
7.4750000000000005,0,59.97621106617373,0.8
7.476,0,59.97622300759622,0.8
7.477,0,59.97623494298026,0.8
7.478,0,59.976246872328915,0.8
7.479,0,59.97625879564523,0.8
7.48,0,59.97627071293226,0.8
7.481,0,59.97628262419305,0.8
7.482,0,59.97629452943064,0.8
7.4830000000000005,0,59.97630642864809,0.8
7.484,0,59.97631832184843,0.8
7.485,0,59.97633020903472,0.8
7.486,0,59.97634209020999,0.8
7.487,0,59.97635396537728,0.8
7.488,0,59.97636583453962,0.8
7.489,0,59.976377697700066,0.8
7.49,0,59.97638955486164,0.8
7.4910000000000005,0,59.97640140602738,0.8
7.492,0,59.97641325120031,0.8
7.493,0,59.97642509038348,0.8
7.494,0,59.97643692357989,0.8
7.495,0,59.97644875079259,0.8
7.496,0,59.9764605720246,0.8
7.497,0,59.97647238727894,0.8
7.498,0,59.97648419655864,0.8
7.4990000000000006,0,59.97649599986671,0.8
7.5,0,59.976507797206175,0.8
7.501,0,59.97651958858006,0.8
7.502,0,59.97653137399137,0.8
7.503,0,59.97654315344313,0.8
7.5040000000000004,0,59.976554926938356,0.8
7.505,0,59.97656669448005,0.8
7.506,0,59.97657845607122,0.8
7.507000000000001,0,59.976590211714885,0.8
7.508,0,59.976601961414055,0.8
7.509,0,59.97661370517172,0.8
7.51,0,59.9766254429909,0.8
7.511,0,59.9766371748746,0.8
7.5120000000000005,0,59.9766489008258,0.8
7.513,0,59.97666062084752,0.8
7.514,0,59.97667233494275,0.8
7.515000000000001,0,59.97668404311449,0.8
7.516,0,59.97669574536573,0.8
7.517,0,59.976707441699475,0.8
7.518,0,59.97671913211871,0.8
7.519,0,59.97673081662642,0.8
7.5200000000000005,0,59.9767424952256,0.8
7.521,0,59.976754167919246,0.8
7.522,0,59.976765834710335,0.8
7.523000000000001,0,59.976777495601844,0.8
7.524,0,59.97678915059677,0.8
7.525,0,59.9768007996981,0.8
7.526,0,59.976812442908795,0.8
7.527,0,59.97682408023184,0.8
7.5280000000000005,0,59.976835711670226,0.8
7.529,0,59.97684733722691,0.8
7.53,0,59.97685895690487,0.8
7.531000000000001,0,59.97687057070709,0.8
7.532,0,59.97688217863654,0.8
7.533,0,59.97689378069617,0.8
7.534,0,59.97690537688897,0.8
7.535,0,59.9769169672179,0.8
7.5360000000000005,0,59.97692855168592,0.8
7.537,0,59.976940130296,0.8
7.538,0,59.9769517030511,0.8
7.539000000000001,0,59.97696326995418,0.8
7.54,0,59.9769748310082,0.8
7.541,0,59.97698638621612,0.8
7.542,0,59.97699793558089,0.8
7.543,0,59.97700947910547,0.8
7.5440000000000005,0,59.97702101679281,0.8
7.545,0,59.977032548645866,0.8
7.546,0,59.97704407466758,0.8
7.547000000000001,0,59.977055594860914,0.8
7.548,0,59.977067109228805,0.8
7.549,0,59.977078617774204,0.8
7.55,0,59.97709012050005,0.8
7.551,0,59.97710161740929,0.8
7.5520000000000005,0,59.97711310850486,0.8
7.553,0,59.9771245937897,0.8
7.554,0,59.977136073266756,0.8
7.555,0,59.977147546938966,0.8
7.556,0,59.97715901480925,0.8
7.557,0,59.977170476880566,0.8
7.558,0,59.97718193315582,0.8
7.559,0,59.97719338363796,0.8
7.5600000000000005,0,59.97720482832991,0.8
7.561,0,59.977216267234596,0.8
7.562,0,59.97722770035495,0.8
7.563,0,59.97723912769389,0.8
7.564,0,59.97725054925435,0.8
7.565,0,59.97726196503924,0.8
7.566,0,59.97727337505149,0.8
7.567,0,59.97728477929401,0.8
7.5680000000000005,0,59.97729617776972,0.8
7.569,0,59.97730757048155,0.8
7.57,0,59.977318957432395,0.8
7.571,0,59.97733033862518,0.8
7.572,0,59.97734171406281,0.8
7.573,0,59.977353083748206,0.8
7.574,0,59.977364447684266,0.8
7.575,0,59.9773758058739,0.8
7.5760000000000005,0,59.977387158320006,0.8
7.577,0,59.977398505025505,0.8
7.578,0,59.97740984599329,0.8
7.579,0,59.97742118122626,0.8
7.58,0,59.977432510727326,0.8
7.581,0,59.977443834499375,0.8
7.582,0,59.97745515254531,0.8
7.583,0,59.97746646486803,0.8
7.5840000000000005,0,59.97747777147042,0.8
7.585,0,59.977489072355375,0.8
7.586,0,59.977500367525785,0.8
7.587,0,59.97751165698455,0.8
7.588,0,59.977522940734545,0.8
7.589,0,59.977534218778665,0.8
7.59,0,59.97754549111979,0.8
7.591,0,59.97755675776081,0.8
7.5920000000000005,0,59.977568018704595,0.8
7.593,0,59.97757927395404,0.8
7.594,0,59.97759052351203,0.8
7.595,0,59.97760176738142,0.8
7.596,0,59.977613005565104,0.8
7.597,0,59.97762423806595,0.8
7.598,0,59.97763546488683,0.8
7.599,0,59.977646686030624,0.8
7.6000000000000005,0,59.9776579015002,0.8
7.601,0,59.977669111298425,0.8
7.602,0,59.97768031542817,0.8
7.603,0,59.977691513892296,0.8
7.604,0,59.97770270669367,0.8
7.605,0,59.97771389383516,0.8
7.606,0,59.97772507531962,0.8
7.607,0,59.97773625114991,0.8
7.6080000000000005,0,59.97774742132891,0.8
7.609,0,59.977758585859455,0.8
7.61,0,59.97776974474441,0.8
7.611,0,59.97778089798662,0.8
7.612,0,59.97779204558895,0.8
7.613,0,59.97780318755425,0.8
7.614,0,59.97781432388537,0.8
7.615,0,59.97782545458516,0.8
7.6160000000000005,0,59.97783657965646,0.8
7.617,0,59.97784769910213,0.8
7.618,0,59.977858812925,0.8
7.619,0,59.97786992112792,0.8
7.62,0,59.977881023713735,0.8
7.621,0,59.977892120685276,0.8
7.622,0,59.9779032120454,0.8
7.623,0,59.97791429779692,0.8
7.6240000000000006,0,59.97792537794269,0.8
7.625,0,59.97793645248554,0.8
7.626,0,59.9779475214283,0.8
7.627,0,59.9779585847738,0.8
7.628,0,59.97796964252488,0.8
7.6290000000000004,0,59.97798069468437,0.8
7.63,0,59.97799174125508,0.8
7.631,0,59.978002782239855,0.8
7.632000000000001,0,59.97801381764151,0.8
7.633,0,59.97802484746287,0.8
7.634,0,59.97803587170676,0.8
7.635,0,59.97804689037599,0.8
7.636,0,59.97805790347339,0.8
7.6370000000000005,0,59.97806891100178,0.8
7.638,0,59.97807991296396,0.8
7.639,0,59.978090909362756,0.8
7.640000000000001,0,59.97810190020098,0.8
7.641,0,59.97811288548145,0.8
7.642,0,59.97812386520697,0.8
7.643,0,59.978134839380346,0.8
7.644,0,59.978145808004385,0.8
7.6450000000000005,0,59.978156771081906,0.8
7.646,0,59.978167728615695,0.8
7.647,0,59.97817868060857,0.8
7.648000000000001,0,59.97818962706333,0.8
7.649,0,59.97820056798277,0.8
7.65,0,59.978211503369685,0.8
7.651,0,59.96875229216651,0.6
7.652,0,59.953597846139616,0.6
7.6530000000000005,0,59.93845106329334,0.6
7.654,0,59.92331193975264,0.6
7.655,0,59.908180471644386,0.6
7.656000000000001,0,59.89305665509745,0.6
7.657,0,59.87794048624269,0.6
7.658,0,59.86283196121283,0.6
7.659,0,59.84773107614264,0.6
7.66,0,59.83263782716876,0.6
7.6610000000000005,0,59.81755221042986,0.6
7.662,0,59.80247422206655,0.6
7.663,0,59.80229603896342,0.88
7.664000000000001,0,59.81108145547978,0.88
7.665,0,59.819862429456066,0.88
7.666,0,59.82863896313877,0.88
7.667,0,59.83741105877321,0.88
7.668,0,59.846178718603596,0.88
7.6690000000000005,0,59.85494194487298,0.88
7.67,0,59.86370073982328,0.88
7.671,0,59.87245510569531,0.88
7.672000000000001,0,59.88120504472873,0.88
7.673,0,59.889950559162045,0.88
7.674,0,59.89869165123269,0.88
7.675,0,59.907428323176894,0.88
7.676,0,59.91616057722982,0.88
7.6770000000000005,0,59.92488841562545,0.88
7.678,0,59.93361184059667,0.88
7.679,0,59.94233085437523,0.88
7.68,0,59.95104545919173,0.88
7.681,0,59.95854231927123,0.85
7.682,0,59.96379715644329,0.85
7.683,0,59.96904933639078,0.85
7.684,0,59.97429886045738,0.85
7.6850000000000005,0,59.9795457299861,0.85
7.686,0,59.98478994631925,0.85
7.687,0,59.98141843204137,0.6
7.688,0,59.96625758110088,0.6
7.689,0,59.95110439657978,0.6
7.69,0,59.93595887460138,0.6
7.691,0,59.92082101129098,0.6
7.692,0,59.905690802775766,0.6
7.6930000000000005,0,59.89056824518494,0.6
7.694,0,59.87545333464965,0.6
7.695,0,59.86087252067678,0.88
7.696,0,59.86962831670033,0.88
7.697,0,59.87837968516209,0.88
7.698,0,59.88712662830093,0.88
7.699,0,59.895869148354635,0.88
7.7,0,59.90460724755982,0.88
7.7010000000000005,0,59.91334092815198,0.88
7.702,0,59.922070192365496,0.88
7.703,0,59.93079504243361,0.88
7.704,0,59.93951548058841,0.88
7.705,0,59.94823150906092,0.88
7.706,0,59.95694313008095,0.88
7.707,0,59.96565034587724,0.88
7.708,0,59.9743531586774,0.88
7.7090000000000005,0,59.97812184206917,0.8
7.71,0,59.978132817265596,0.8
7.711,0,59.97814378691216,0.8
7.712,0,59.97815475101169,0.8
7.713,0,59.97816570956697,0.8
7.714,0,59.97817666258082,0.8
7.715,0,59.97818761005604,0.8
7.716,0,59.978198551995426,0.8
7.7170000000000005,0,59.978209488401774,0.8
7.718,0,59.97822041927789,0.8
7.719,0,59.978231344626565,0.8
7.72,0,59.9782422644506,0.8
7.721,0,59.97825317875278,0.8
7.722,0,59.9782640875359,0.8
7.723,0,59.97827499080276,0.8
7.724,0,59.97828588855614,0.8
7.7250000000000005,0,59.97829678079882,0.8
7.726,0,59.978307667533606,0.8
7.727,0,59.978318548763276,0.8
7.728,0,59.9783294244906,0.8
7.729,0,59.971247027177824,0.6
7.73,0,59.95609131963303,0.6
7.731,0,59.940943275906776,0.6
7.732,0,59.925802892123656,0.6
7.7330000000000005,0,59.91067016441028,0.6
7.734,0,59.89554508889518,0.6
7.735,0,59.88042766170884,0.6
7.736,0,59.865317878983745,0.6
7.737,0,59.85021573685427,0.6
7.738,0,59.83512123145678,0.6
7.739,0,59.820034358929625,0.6
7.74,0,59.80495511541304,0.6
7.7410000000000005,0,59.78988349704926,0.6
7.742,0,59.77481949998248,0.6
7.743,0,59.759763120358784,0.6
7.744,0,59.74471435432628,0.6
7.745,0,59.729673198034945,0.6
7.746,0,59.71463964763677,0.6
7.747,0,59.69961369928569,0.6
7.748,0,59.684595349137524,0.6
7.7490000000000006,0,59.687100236967595,0.88
7.75,0,59.6959439047876,0.88
7.751,0,59.70478310061149,0.88
7.752,0,59.71361782670061,0.88
7.753,0,59.722448085315214,0.88
7.7540000000000004,0,59.73127387871435,0.88
7.755,0,59.74009520915595,0.88
7.756,0,59.748912078896836,0.88
7.757000000000001,0,59.75772449019264,0.88
7.758,0,59.76653244529788,0.88
7.759,0,59.775335946465916,0.88
7.76,0,59.78413499594898,0.88
7.761,0,59.79292959599819,0.88
7.7620000000000005,0,59.80171974886347,0.88
7.763,0,59.81050545679365,0.88
7.764,0,59.81928672203641,0.88
7.765000000000001,0,59.8280635468383,0.88
7.766,0,59.83683593344471,0.88
7.767,0,59.834594015863935,0.6
7.768,0,59.819507409935,0.6
7.769,0,59.80442843288182,0.6
7.7700000000000005,0,59.789357080846706,0.6
7.771,0,59.77429334997391,0.6
7.772,0,59.7592372364096,0.6
7.773000000000001,0,59.74418873630192,0.6
7.774,0,59.72914784580098,0.6
7.775,0,59.71411456105878,0.6
7.776,0,59.69908887822933,0.6
7.777,0,59.68407079346853,0.6
7.7780000000000005,0,59.66906030293426,0.6
7.779,0,59.65405740278635,0.6
7.78,0,59.63906208918651,0.6
7.781000000000001,0,59.62407435829847,0.6
7.782,0,59.609094206287864,0.6
7.783,0,59.594121629322245,0.6
7.784,0,59.57915662357114,0.6
7.785,0,59.56419918520598,0.6
7.7860000000000005,0,59.54924931040016,0.6
7.787,0,59.55167807591003,0.88
7.788,0,59.560590222939254,0.88
7.789000000000001,0,59.56949786334434,0.88
7.79,0,59.578400999404124,0.88
7.791,0,59.587299633396384,0.88
7.792,0,59.59619376759765,0.88
7.793,0,59.60508340428336,0.88
7.7940000000000005,0,59.61396854572778,0.88
7.795,0,59.622849194204015,0.88
7.796,0,59.63172535198405,0.88
7.797000000000001,0,59.640597021338706,0.88
7.798,0,59.64946420453763,0.88
7.799,0,59.65832690384937,0.88
7.8,0,59.667185121541294,0.88
7.801,0,59.67603885987964,0.88
7.8020000000000005,0,59.68488812112948,0.88
7.803,0,59.69373290755476,0.88
7.804,0,59.70257322141828,0.88
7.805000000000001,0,59.711409064981666,0.88
7.806,0,59.72024044050545,0.88
7.807,0,59.72906735024898,0.88
7.808,0,59.73788979647048,0.88
7.809,0,59.74670778142704,0.88
7.8100000000000005,0,59.755521307374586,0.88
7.811,0,59.76433037656791,0.88
7.812,0,59.773134991260676,0.88
7.813,0,59.78193515370539,0.88
7.814,0,59.79073086615345,0.88
7.815,0,59.799522130855095,0.88
7.816,0,59.80830895005939,0.88
7.817,0,59.817091326014335,0.88
7.8180000000000005,0,59.825848962438954,0.6
7.819,0,59.81076677863959,0.6
7.82,0,59.79569222147984,0.6
7.821,0,59.78062528710315,0.6
7.822,0,59.76556597165485,0.6
7.823,0,59.750514271282306,0.6
7.824,0,59.735470182134776,0.6
7.825,0,59.72043370036346,0.6
7.8260000000000005,0,59.70540482212152,0.6
7.827,0,59.70471869800878,0.88
7.828,0,59.71355345666451,0.88
7.829,0,59.72238374782924,0.88
7.83,0,59.73120957376205,0.88
7.831,0,59.740030936720885,0.88
7.832,0,59.74884783896254,0.88
7.833,0,59.757660282742684,0.88
7.8340000000000005,0,59.76646827031584,0.88
7.835,0,59.77527180393537,0.88
7.836,0,59.78407088585354,0.88
7.837,0,59.79286551832141,0.88
7.838,0,59.80165570358899,0.88
7.839,0,59.81044144390509,0.88
7.84,0,59.81922274151738,0.88
7.841,0,59.827999598672434,0.88
7.8420000000000005,0,59.836772017615644,0.88
7.843,0,59.84554000059131,0.88
7.844,0,59.85430354984257,0.88
7.845,0,59.85523372731255,0.6
7.846,0,59.84013668445727,0.6
7.847,0,59.82504727575542,0.6
7.848,0,59.80996549734665,0.6
7.849,0,59.79489134537249,0.6
7.8500000000000005,0,59.7798248159765,0.6
7.851,0,59.76476590530414,0.6
7.852,0,59.749714609502824,0.6
7.853,0,59.734670924721954,0.6
7.854,0,59.74177627392155,0.88
7.855,0,59.75059229359488,0.88
7.856,0,59.75940385525297,0.88
7.857,0,59.768210961150146,0.88
7.8580000000000005,0,59.77701361353954,0.88
7.859,0,59.78581181467317,0.88
7.86,0,59.79460556680192,0.88
7.861,0,59.80339487217551,0.88
7.862,0,59.81217973304257,0.88
7.863,0,59.82096015165054,0.88
7.864,0,59.82973613024574,0.88
7.865,0,59.83850767107339,0.88
7.8660000000000005,0,59.84727477637752,0.88
7.867,0,59.856037448401054,0.88
7.868,0,59.86479568938579,0.88
7.869,0,59.87354950157236,0.88
7.87,0,59.88229888720031,0.88
7.871,0,59.89104384850802,0.88
7.872,0,59.884148098155705,0.6
7.873,0,59.86903643410966,0.6
7.8740000000000006,0,59.853932411610586,0.6
7.875,0,59.83883602679437,0.6
7.876,0,59.82374727579882,0.6
7.877,0,59.80866615476376,0.6
7.878,0,59.79359265983091,0.6
7.8790000000000004,0,59.77852678714396,0.6
7.88,0,59.76346853284858,0.6
7.881,0,59.74841789309232,0.6
7.882000000000001,0,59.73337486402475,0.6
7.883,0,59.71833944179737,0.6
7.884,0,59.70331162256357,0.6
7.885,0,59.68829140247877,0.6
7.886,0,59.673278777700254,0.6
7.8870000000000005,0,59.658273744387316,0.6
7.888,0,59.64327629870116,0.6
7.889,0,59.62828643680493,0.6
7.890000000000001,0,59.6133041548637,0.6
7.891,0,59.598329449044535,0.6
7.892,0,59.605359193468786,0.88
7.893,0,59.614244195454305,0.88
7.894,0,59.62312470454217,0.88
7.8950000000000005,0,59.63200072300431,0.88
7.896,0,59.64087225311151,0.88
7.897,0,59.64973929713342,0.88
7.898000000000001,0,59.65860185733851,0.88
7.899,0,59.667459935994124,0.88
7.9,0,59.67631353536646,0.88
7.901,0,59.68516265772057,0.88
7.902,0,59.694007305320355,0.88
7.9030000000000005,0,59.702847480428574,0.88
7.904,0,59.71168318530684,0.88
7.905,0,59.720514422215615,0.88
7.906000000000001,0,59.72934119341424,0.88
7.907,0,59.7381635011609,0.88
7.908,0,59.74698134771263,0.88
7.909,0,59.755794735325324,0.88
7.91,0,59.76460366625376,0.88
7.9110000000000005,0,59.77340814275156,0.88
7.912,0,59.78220816707119,0.88
7.913,0,59.79100374146401,0.88
7.914000000000001,0,59.79979486818021,0.88
7.915,0,59.808581549468855,0.88
7.916,0,59.81736378757788,0.88
7.917,0,59.82614158475408,0.88
7.918,0,59.834914943243106,0.88
7.9190000000000005,0,59.843683865289485,0.88
7.92,0,59.85244835313658,0.88
7.921,0,59.86120840902667,0.88
7.922000000000001,0,59.869964035200866,0.88
7.923,0,59.87871523389914,0.88
7.924,0,59.88746200736035,0.88
7.925,0,59.896204357822214,0.88
7.926,0,59.904942287521315,0.88
7.9270000000000005,0,59.91367579869312,0.88
7.928,0,59.91913333519643,0.8
7.929,0,59.919174139235274,0.8
7.930000000000001,0,59.919214922640656,0.8
7.931,0,59.919255685423,0.8
7.932,0,59.919296427592755,0.8
7.933,0,59.91933714916033,0.8
7.934,0,59.91937785013614,0.8
7.9350000000000005,0,59.9194185305306,0.8
7.936,0,59.91945919035412,0.8
7.937,0,59.9194998296171,0.8
7.938,0,59.91954044832995,0.8
7.939,0,59.91958104650303,0.8
7.94,0,59.919621624146764,0.8
7.941,0,59.919662181271505,0.8
7.942,0,59.919702717887645,0.8
7.9430000000000005,0,59.91974323400555,0.8
7.944,0,59.91978372963558,0.8
7.945,0,59.9198242047881,0.8
7.946,0,59.91986465947347,0.8
7.947,0,59.91990509370203,0.8
7.948,0,59.92234843658042,0.88
7.949,0,59.93107314594819,0.88
7.95,0,59.93979344347382,0.88
7.9510000000000005,0,59.94850933138824,0.88
7.952,0,59.95722081192126,0.88
7.953,0,59.9659278873016,0.88
7.954,0,59.974630559756804,0.88
7.955,0,59.98332883151331,0.88
7.956,0,59.98976090460657,0.6
7.957,0,59.974595835110414,0.6
7.958,0,59.959438434166856,0.6
7.9590000000000005,0,59.94428869789814,0.6
7.96,0,59.929146622428455,0.6
7.961,0,59.914012203883935,0.6
7.962,0,59.8988854383927,0.6
7.963,0,59.88376632208481,0.6
7.964,0,59.86865485109227,0.6
7.965,0,59.86772869588545,0.85
7.966,0,59.87302945497359,0.85
7.9670000000000005,0,59.878327533615725,0.85
7.968,0,59.883622933167274,0.85
7.969,0,59.888915654982995,0.85
7.97,0,59.89420570041693,0.85
7.971,0,59.899493070822466,0.85
7.972,0,59.904777767552275,0.85
7.973,0,59.91005979195836,0.85
7.974,0,59.91533914539205,0.85
7.9750000000000005,0,59.92061582920398,0.85
7.976,0,59.9258898447441,0.85
7.977,0,59.93116119336168,0.85
7.978,0,59.93642987640531,0.85
7.979,0,59.9416958952229,0.85
7.98,0,59.946959251161665,0.85
7.981,0,59.95221994556816,0.85
7.982,0,59.95747797978824,0.85
7.9830000000000005,0,59.96273335516709,0.85
7.984,0,59.96391830749163,0.8
7.985,0,59.96393646501928,0.8
7.986,0,59.96395461336517,0.8
7.987,0,59.96397275253395,0.8
7.988,0,59.96399088253025,0.8
7.989,0,59.964009003358726,0.8
7.99,0,59.964027115023995,0.8
7.9910000000000005,0,59.96404521753071,0.8
7.992,0,59.96406331088349,0.8
7.993,0,59.964081395086964,0.8
7.994,0,59.96409947014576,0.8
7.995,0,59.96411753606451,0.8
7.996,0,59.96413559284782,0.8
7.997,0,59.96415364050032,0.8
7.998,0,59.96417167902663,0.8
7.9990000000000006,0,59.964189708431356,0.8
8.0,0,59.96420772871911,0.8
8.001,0,59.964225739894516,0.8
8.002,0,59.96424374196217,0.8
8.003,0,59.96426173492668,0.8
8.004,0,59.96427971879265,0.8
8.005,0,59.96429769356469,0.8
8.006,0,59.964315659247376,0.8
8.007,0,59.96433361584533,0.8
8.008000000000001,0,59.96435156336312,0.8
8.009,0,59.96436950180536,0.8
8.01,0,59.964387431176625,0.8
8.011000000000001,0,59.96440535148151,0.8
8.012,0,59.964423262724594,0.8
8.013,0,59.96444116491046,0.8
8.014,0,59.964459058043694,0.8
8.015,0,59.96447694212887,0.8
8.016,0,59.96449481717056,0.8
8.017,0,59.964512683173346,0.8
8.018,0,59.96453054014179,0.8
8.019,0,59.96454838808046,0.8
8.02,0,59.964566226993924,0.8
8.021,0,59.96458405688675,0.8
8.022,0,59.9646018777635,0.8
8.023,0,59.96461968962873,0.8
8.024000000000001,0,59.96765855961112,0.85
8.025,0,59.97290878695473,0.85
8.026,0,59.97815635940484,0.85
8.027000000000001,0,59.98340127830395,0.85
8.028,0,59.98864354499388,0.85
8.029,0,59.99388316081577,0.85
8.03,0,59.999120127110096,0.85
8.031,0,60.00435444521667,0.85
8.032,0,60.00958611647458,0.85
8.033,0,60.014815142222275,0.85
8.034,0,60.00989646803755,0.6
8.035,0,59.99472121654866,0.6
8.036,0,59.979553638761125,0.6
8.037,0,59.96439373079454,0.6
8.038,0,59.94924148877057,0.6
8.039,0,59.9340969088127,0.6
8.040000000000001,0,59.918959987046435,0.6
8.041,0,59.90383071959927,0.6
8.042,0,59.89069167284407,0.85
8.043000000000001,0,59.89598082019533,0.85
8.044,0,59.9012672929723,0.85
8.045,0,59.90655109252746,0.85
8.046,0,59.911832220212574,0.85
8.047,0,59.917110677378744,0.85
8.048,0,59.92238646537636,0.85
8.049,0,59.927659585555155,0.85
8.05,0,59.93293003926418,0.85
8.051,0,59.93819782785178,0.85
8.052,0,59.943462952665634,0.85
8.053,0,59.94872541505275,0.85
8.054,0,59.95398521635943,0.85
8.055,0,59.95924235793131,0.85
8.056000000000001,0,59.96449684111335,0.85
8.057,0,59.96974866724982,0.85
8.058,0,59.974997837684306,0.85
8.059000000000001,0,59.980244353759744,0.85
8.06,0,59.98548821681835,0.85
8.061,0,59.98978975841677,0.8
8.062,0,59.989794833473375,0.8
8.063,0,59.989799905963665,0.8
8.064,0,59.98980497588894,0.8
8.065,0,59.989810043250486,0.8
8.066,0,59.98981510804961,0.8
8.067,0,59.989820170287615,0.8
8.068,0,59.98982522996578,0.8
8.069,0,59.98983028708541,0.8
8.07,0,59.9898353416478,0.8
8.071,0,59.989840393654234,0.8
8.072000000000001,0,59.989845443106006,0.8
8.073,0,59.989850490004414,0.8
8.074,0,59.98985553435075,0.8
8.075,0,59.9898605761463,0.8
8.076,0,59.989865615392354,0.8
8.077,0,59.9898706520902,0.8
8.078,0,59.98987568624113,0.8
8.079,0,59.989880717846425,0.8
8.08,0,59.98988574690738,0.8
8.081,0,59.98989077342529,0.8
8.082,0,59.98989579740142,0.8
8.083,0,59.989900818837064,0.8
8.084,0,59.98990583773351,0.8
8.085,0,59.98991085409204,0.8
8.086,0,59.989915867913936,0.8
8.087,0,59.98992087920048,0.8
8.088000000000001,0,59.989925887952964,0.8
8.089,0,59.98993089417266,0.8
8.09,0,59.989935897860846,0.8
8.091,0,59.989940899018805,0.8
8.092,0,59.98994589764782,0.8
8.093,0,59.989950893749175,0.8
8.094,0,59.989955887324136,0.8
8.095,0,59.989960878373985,0.8
8.096,0,59.9899658669,0.8
8.097,0,59.989970852903454,0.8
8.098,0,59.989975836385625,0.8
8.099,0,59.98998081734779,0.8
8.1,0,59.98998579579122,0.8
8.101,0,59.989990771717196,0.8
8.102,0,59.989995745126976,0.8
8.103,0,59.99000071602185,0.8
8.104000000000001,0,59.99000568440307,0.8
8.105,0,59.99001065027193,0.8
8.106,0,59.99001561362968,0.8
8.107,0,59.990020574477604,0.8
8.108,0,59.99002553281696,0.8
8.109,0,59.990030488649026,0.8
8.11,0,59.99003544197507,0.8
8.111,0,59.990040392796345,0.8
8.112,0,59.99004534111413,0.8
8.113,0,59.990050286929694,0.8
8.114,0,59.990055230244295,0.8
8.115,0,59.9900601710592,0.8
8.116,0,59.99006510937568,0.8
8.117,0,59.990070045194976,0.8
8.118,0,59.99007497851838,0.8
8.119,0,59.99007990934713,0.8
8.120000000000001,0,59.9900848376825,0.8
8.121,0,59.99008976352575,0.8
8.122,0,59.99009468687814,0.8
8.123,0,59.99009960774092,0.8
8.124,0,59.99010452611537,0.8
8.125,0,59.990109442002726,0.8
8.126,0,59.99011435540426,0.8
8.127,0,59.990119266321216,0.8
8.128,0,59.99012417475487,0.8
8.129,0,59.99012908070646,0.8
8.13,0,59.99013398417724,0.8
8.131,0,59.990138885168484,0.8
8.132,0,59.990143783681425,0.8
8.133000000000001,0,59.99014867971733,0.8
8.134,0,59.99015357327744,0.8
8.135,0,59.99015846436302,0.8
8.136000000000001,0,59.99016335297531,0.8
8.137,0,59.99016823911556,0.8
8.138,0,59.99017312278504,0.8
8.139,0,59.99017800398497,0.8
8.14,0,59.99018288271662,0.8
8.141,0,59.99018775898123,0.8
8.142,0,59.99019263278005,0.8
8.143,0,59.99019750411433,0.8
8.144,0,59.9902023729853,0.8
8.145,0,59.99020723939423,0.8
8.146,0,59.990212103342344,0.8
8.147,0,59.9902169648309,0.8
8.148,0,59.99022182386114,0.8
8.149000000000001,0,59.9902266804343,0.8
8.15,0,59.990231534551626,0.8
8.151,0,59.99023638621436,0.8
8.152000000000001,0,59.990241235423746,0.8
8.153,0,59.99024608218102,0.8
8.154,0,59.99025092648742,0.8
8.155,0,59.9902557683442,0.8
8.156,0,59.99026060775258,0.8
8.157,0,59.990265444713806,0.8
8.158,0,59.990270279229115,0.8
8.159,0,59.99027511129975,0.8
8.16,0,59.99027994092694,0.8
8.161,0,59.99028476811192,0.8
8.162,0,59.99028959285593,0.8
8.163,0,59.9902944151602,0.8
8.164,0,59.990299235025965,0.8
8.165000000000001,0,59.990304052454455,0.8
8.166,0,59.99030886744691,0.8
8.167,0,59.99031368000456,0.8
8.168000000000001,0,59.99031849012863,0.8
8.169,0,59.99032329782036,0.8
8.17,0,59.99032810308097,0.8
8.171,0,59.99033290591169,0.8
8.172,0,59.99033770631375,0.8
8.173,0,59.99034250428839,0.8
8.174,0,59.99034729983683,0.8
8.175,0,59.990352092960286,0.8
8.176,0,59.99035688366,0.8
8.177,0,59.99036167193719,0.8
8.178,0,59.99036645779307,0.8
8.179,0,59.990371241228885,0.8
8.18,0,59.990376022245854,0.8
8.181000000000001,0,59.99038080084519,0.8
8.182,0,59.99038557702812,0.8
8.183,0,59.99039035079588,0.8
8.184000000000001,0,59.99039512214967,0.8
8.185,0,59.99039989109072,0.8
8.186,0,59.990404657620246,0.8
8.187,0,59.99040942173948,0.8
8.188,0,59.99041418344962,0.8
8.189,0,59.9904189427519,0.8
8.19,0,59.99042369964754,0.8
8.191,0,59.99042845413775,0.8
8.192,0,59.99043320622374,0.8
8.193,0,59.990437955906735,0.8
8.194,0,59.99044270318795,0.8
8.195,0,59.99044744806859,0.8
8.196,0,59.99045219054989,0.8
8.197000000000001,0,59.99045693063304,0.8
8.198,0,59.99046166831926,0.8
8.199,0,59.99046640360977,0.8
8.2,0,59.990471136505775,0.8
8.201,0,59.990475867008485,0.8
8.202,0,59.99048059511912,0.8
8.203,0,59.990485320838864,0.8
8.204,0,59.99049004416896,0.8
8.205,0,59.99049476511059,0.8
8.206,0,59.990499483664976,0.8
8.207,0,59.99050419983332,0.8
8.208,0,59.99050891361682,0.8
8.209,0,59.9905136250167,0.8
8.21,0,59.99051833403416,0.8
8.211,0,59.990523040670396,0.8
8.212,0,59.99052774492662,0.8
8.213000000000001,0,59.99053244680403,0.8
8.214,0,59.99053714630383,0.8
8.215,0,59.99054184342723,0.8
8.216,0,59.99054653817542,0.8
8.217,0,59.99055123054961,0.8
8.218,0,59.990555920550996,0.8
8.219,0,59.99056060818078,0.8
8.22,0,59.99056529344016,0.8
8.221,0,59.990569976330335,0.8
8.222,0,59.9905746568525,0.8
8.223,0,59.990579335007865,0.8
8.224,0,59.99058401079761,0.8
8.225,0,59.990588684222935,0.8
8.226,0,59.99059335528505,0.8
8.227,0,59.99059802398513,0.8
8.228,0,59.99060269032438,0.8
8.229000000000001,0,59.990607354304,0.8
8.23,0,59.990612015925166,0.8
8.231,0,59.99061667518908,0.8
8.232,0,59.99062133209694,0.8
8.233,0,59.99062598664993,0.8
8.234,0,59.99063063884925,0.8
8.235,0,59.99063528869607,0.8
8.236,0,59.99063993619159,0.8
8.237,0,59.990644581337015,0.8
8.238,0,59.99064922413351,0.8
8.239,0,59.99065386458228,0.8
8.24,0,59.9906585026845,0.8
8.241,0,59.990663138441356,0.8
8.242,0,59.99066777185404,0.8
8.243,0,59.99067240292374,0.8
8.244,0,59.99067703165164,0.8
8.245000000000001,0,59.978855921031425,0.6
8.246,0,59.96369636588126,0.6
8.247,0,59.94854447649526,0.6
8.248,0,59.93340024899706,0.6
8.249,0,59.91826367951222,0.6
8.25,0,59.90313476416837,0.6
8.251,0,59.888013499094974,0.6
8.252,0,59.87289988042349,0.6
8.253,0,59.8577939042874,0.6
8.254,0,59.842695566822044,0.6
8.255,0,59.827604864164755,0.6
8.256,0,59.81252179245487,0.6
8.257,0,59.7974463478336,0.6
8.258000000000001,0,59.78237852644412,0.6
8.259,0,59.76731832443161,0.6
8.26,0,59.75226573794316,0.6
8.261000000000001,0,59.73722076312777,0.6
8.262,0,59.722183396136494,0.6
8.263,0,59.70715363312223,0.6
8.264,0,59.693232976983566,0.88
8.265,0,59.70207354364803,0.88
8.266,0,59.710909639884534,0.88
8.267,0,59.71974126795365,0.88
8.268,0,59.72856843011483,0.88
8.269,0,59.73739112862632,0.88
8.27,0,59.74620936574529,0.88
8.271,0,59.75502314372775,0.88
8.272,0,59.76383246482853,0.88
8.273,0,59.77263733130137,0.88
8.274000000000001,0,59.78143774539886,0.88
8.275,0,59.790233709372416,0.88
8.276,0,59.79902522547236,0.88
8.277000000000001,0,59.80781229594787,0.88
8.278,0,59.81659492304694,0.88
8.279,0,59.82537310901648,0.88
8.28,0,59.83414685610225,0.88
8.281,0,59.842916166548875,0.88
8.282,0,59.85168104259981,0.88
8.283,0,59.84198959535469,0.6
8.284,0,59.826899249687486,0.6
8.285,0,59.811816534787155,0.6
8.286,0,59.79674144679501,0.6
8.287,0,59.78167398185432,0.6
8.288,0,59.76661413611036,0.6
8.289,0,59.7515619057103,0.6
8.290000000000001,0,59.736517286803235,0.6
8.291,0,59.73039024509265,0.88
8.292,0,59.73921202236313,0.88
8.293000000000001,0,59.74802933870694,0.88
8.294,0,59.75684219637983,0.88
8.295,0,59.76565059763642,0.88
8.296,0,59.77445454473022,0.88
8.297,0,59.78325403991357,0.88
8.298,0,59.79204908543766,0.88
8.299,0,59.80083968355257,0.88
8.3,0,59.80962583650724,0.88
8.301,0,59.81840754654944,0.88
8.302,0,59.82718481592583,0.88
8.303,0,59.83595764688197,0.88
8.304,0,59.8447260416622,0.88
8.305,0,59.85349000250977,0.88
8.306000000000001,0,59.86224953166685,0.88
8.307,0,59.871004631374355,0.88
8.308,0,59.879755303872166,0.88
8.309000000000001,0,59.88850155139902,0.88
8.31,0,59.89724337619245,0.88
8.311,0,59.905980780488946,0.88
8.312,0,59.91471376652382,0.88
8.313,0,59.92344233653127,0.88
8.314,0,59.93216649274435,0.88
8.315,0,59.94088623739499,0.88
8.316,0,59.949601572714016,0.88
8.317,0,59.95831250093107,0.88
8.318,0,59.967019024274734,0.88
8.319,0,59.97572114497241,0.88
8.32,0,59.98441886525039,0.88
8.321,0,59.97986474137336,0.6
8.322000000000001,0,59.96470467609087,0.6
8.323,0,59.949552276830524,0.6
8.324,0,59.93440753971581,0.6
8.325,0,59.919270460872184,0.6
8.326,0,59.90414103642704,0.6
8.327,0,59.88901926250984,0.6
8.328,0,59.873905135251874,0.6
8.329,0,59.86196713919476,0.85
8.33,0,59.86727081174139,0.85
8.331,0,59.87257180236877,0.85
8.332,0,59.877870112433065,0.85
8.333,0,59.883165743289744,0.85
8.334,0,59.88845869629363,0.85
8.335,0,59.89374897279884,0.85
8.336,0,59.89903657415878,0.85
8.337,0,59.904321501726216,0.85
8.338000000000001,0,59.90960375685321,0.85
8.339,0,59.91488334089113,0.85
8.34,0,59.92016025519068,0.85
8.341,0,59.92543450110186,0.85
8.342,0,59.93070607997403,0.85
8.343,0,59.9359749931558,0.85
8.344,0,59.94124124199516,0.85
8.345,0,59.946504827839384,0.85
8.346,0,59.95176575203507,0.85
8.347,0,59.95702401592815,0.85
8.348,0,59.961035758054436,0.8
8.349,0,59.961055373206925,0.8
8.35,0,59.96107497844057,0.8
8.351,0,59.961094573760406,0.8
8.352,0,59.96111415917143,0.8
8.353,0,59.961133734678654,0.8
8.354000000000001,0,59.961153300287094,0.8
8.355,0,59.96117285600175,0.8
8.356,0,59.96119240182763,0.8
8.357,0,59.96121193776973,0.8
8.358,0,59.96123146383305,0.8
8.359,0,59.961250980022584,0.8
8.36,0,59.961270486343324,0.8
8.361,0,59.96128998280026,0.8
8.362,0,59.96130946939839,0.8
8.363,0,59.96132894614268,0.8
8.364,0,59.96134841303813,0.8
8.365,0,59.96136787008971,0.8
8.366,0,59.9613873173024,0.8
8.367,0,59.961406754681185,0.8
8.368,0,59.95933821492126,0.6
8.369,0,59.94418852933063,0.6
8.370000000000001,0,59.92904650451338,0.6
8.371,0,59.913912136595705,0.6
8.372,0,59.89878542170571,0.6
8.373,0,59.883666355973475,0.6
8.374,0,59.86855493553101,0.6
8.375,0,59.853451156512335,0.6
8.376,0,59.838355015053395,0.6
8.377,0,59.82326650729206,0.6
8.378,0,59.808185629368225,0.6
8.379,0,59.79311237742367,0.6
8.38,0,59.78133016084405,0.88
8.381,0,59.79012617922012,0.88
8.382,0,59.79891774969506,0.88
8.383000000000001,0,59.807704874518066,0.88
8.384,0,59.81648755593716,0.88
8.385,0,59.82526579619925,0.88
8.386000000000001,0,59.83403959755013,0.88
8.387,0,59.8428089622344,0.88
8.388,0,59.851573892495566,0.88
8.389,0,59.86033439057601,0.88
8.39,0,59.869090458716954,0.88
8.391,0,59.877842099158485,0.88
8.392,0,59.86378806994357,0.6
8.393,0,59.84868670139582,0.6
8.394,0,59.833592969188935,0.6
8.395,0,59.81850686946137,0.6
8.396,0,59.80342839835359,0.6
8.397,0,59.78835755200805,0.6
8.398,0,59.773294326569115,0.6
8.399000000000001,0,59.75823871818305,0.6
8.4,0,59.7431907229982,0.6
8.401,0,59.72815033716475,0.6
8.402000000000001,0,59.71311755683483,0.6
8.403,0,59.6980923781626,0.6
8.404,0,59.6830747973041,0.6
8.405,0,59.66806481041732,0.6
8.406,0,59.653062413662184,0.6
8.407,0,59.638067603200604,0.6
8.408,0,59.623080375196395,0.6
8.409,0,59.60810072581529,0.6
8.41,0,59.593128651225044,0.6
8.411,0,59.57816414759526,0.6
8.412,0,59.563207211097506,0.6
8.413,0,59.54825783790534,0.6
8.414,0,59.533316024194164,0.6
8.415000000000001,0,59.51838176614136,0.6
8.416,0,59.50345505992629,0.6
8.417,0,59.48853590173016,0.6
8.418000000000001,0,59.473624287736136,0.6
8.419,0,59.45872021412937,0.6
8.42,0,59.44382367709687,0.6
8.421,0,59.42893467282761,0.6
8.422,0,59.41405319751245,0.6
8.423,0,59.40073709313153,0.88
8.424,0,59.4097255668052,0.88
8.425,0,59.41870949525848,0.88
8.426,0,59.42768888078974,0.88
8.427,0,59.436663725696214,0.88
8.428,0,59.445634032273986,0.88
8.429,0,59.454599802817945,0.88
8.43,0,59.46356103962184,0.88
8.431000000000001,0,59.472517744978276,0.88
8.432,0,59.48146992117864,0.88
8.433,0,59.49041757051323,0.88
8.434000000000001,0,59.49936069527116,0.88
8.435,0,59.50829929774036,0.88
8.436,0,59.51723338020763,0.88
8.437,0,59.526162944958614,0.88
8.438,0,59.535087994277816,0.88
8.439,0,59.54400853044852,0.88
8.44,0,59.55292455575294,0.88
8.441,0,59.561836072472076,0.88
8.442,0,59.55183502053501,0.6
8.443,0,59.53689139794237,0.6
8.444,0,59.5219553319228,0.6
8.445,0,59.50702681865519,0.6
8.446,0,59.492105854320315,0.6
8.447000000000001,0,59.47719243510085,0.6
8.448,0,59.46228655718149,0.6
8.449,0,59.4473882167488,0.6
8.45,0,59.43249740999127,0.6
8.451,0,59.417614133099306,0.6
8.452,0,59.40273838226532,0.6
8.453,0,59.387870153683565,0.6
8.454,0,59.37300944355023,0.6
8.455,0,59.358156248063494,0.6
8.456,0,59.34331056342338,0.6
8.457,0,59.32847238583184,0.6
8.458,0,59.313641711492814,0.6
8.459,0,59.298818536612096,0.6
8.46,0,59.2840028573974,0.6
8.461,0,59.27060790389125,0.88
8.462,0,59.27966218026593,0.88
8.463000000000001,0,59.288711878145634,0.88
8.464,0,59.29775699984555,0.88
8.465,0,59.306797547679736,0.88
8.466,0,59.315833523961075,0.88
8.467,0,59.32486493100127,0.88
8.468,0,59.333891771110856,0.88
8.469,0,59.342914046599205,0.88
8.47,0,59.35193175977453,0.88
8.471,0,59.36094491294384,0.88
8.472,0,59.36995350841302,0.88
8.473,0,59.37895754848678,0.88
8.474,0,59.38795703546863,0.88
8.475,0,59.396951971660954,0.88
8.476,0,59.40594235936497,0.88
8.477,0,59.41492820088071,0.88
8.478,0,59.42390949850705,0.88
8.479000000000001,0,59.43288625454174,0.88
8.48,0,59.44185847128129,0.88
8.481,0,59.45082615102112,0.88
8.482,0,59.45978929605546,0.88
8.483,0,59.4687479086774,0.88
8.484,0,59.477701991178826,0.88
8.485,0,59.486651545850506,0.88
8.486,0,59.49559657498205,0.88
8.487,0,59.50453708086188,0.88
8.488,0,59.513473065777276,0.88
8.489,0,59.52240453201439,0.88
8.49,0,59.53133148185816,0.88
8.491,0,59.540253917592416,0.88
8.492,0,59.54917184149983,0.88
8.493,0,59.55808525586187,0.88
8.494,0,59.56699416295891,0.88
8.495000000000001,0,59.57589856507017,0.88
8.496,0,59.58479846447365,0.88
8.497,0,59.59369386344627,0.88
8.498,0,59.590326863914086,0.6
8.499,0,59.57536377706997,0.6
8.5,0,59.560408256641495,0.6
8.501,0,59.54546029880251,0.6
8.502,0,59.53051989972881,0.6
8.503,0,59.515587055598175,0.6
8.504,0,59.50066176259026,0.6
8.505,0,59.485744016886656,0.6
8.506,0,59.47083381467094,0.6
8.507,0,59.45593115212856,0.6
8.508000000000001,0,59.44103602544689,0.6
8.509,0,59.4261484308153,0.6
8.51,0,59.41126836442503,0.6
8.511000000000001,0,59.39639582246922,0.6
8.512,0,59.38153080114303,0.6
8.513,0,59.36667329664347,0.6
8.514,0,59.35182330516947,0.6
8.515,0,59.33698082292189,0.6
8.516,0,59.32214584610358,0.6
8.517,0,59.30731837091921,0.6
8.518,0,59.311117337946946,0.88
8.519,0,59.32015112983085,0.88
8.52,0,59.32918035357819,0.88
8.521,0,59.33820501149897,0.88
8.522,0,59.34722510590197,0.88
8.523,0,59.35624063909485,0.88
8.524000000000001,0,59.3652516133841,0.88
8.525,0,59.374258031075,0.88
8.526,0,59.383259894471706,0.88
8.527000000000001,0,59.39225720587722,0.88
8.528,0,59.40124996759333,0.88
8.529,0,59.41023818192068,0.88
8.53,0,59.41922185115879,0.88
8.531,0,59.42820097760597,0.88
8.532,0,59.43717556355938,0.88
8.533,0,59.446145611315,0.88
8.534,0,59.455111123167725,0.88
8.535,0,59.46407210141118,0.88
8.536,0,59.47302854833791,0.88
8.537,0,59.48198046623928,0.88
8.538,0,59.490927857405474,0.88
8.539,0,59.49987072412554,0.88
8.540000000000001,0,59.50880906868739,0.88
8.541,0,59.517742893377715,0.88
8.542,0,59.5266722004821,0.88
8.543000000000001,0,59.535596992284994,0.88
8.544,0,59.53674153058494,0.6
8.545,0,59.521805540349135,0.6
8.546,0,59.50687710282695,0.6
8.547,0,59.49195621419916,0.6
8.548,0,59.47704287064856,0.6
8.549,0,59.46213706835978,0.6
8.55,0,59.44723880351938,0.6
8.551,0,59.43234807231595,0.6
8.552,0,59.41746487093991,0.6
8.553,0,59.42467743872078,0.88
8.554,0,59.4336538064295,0.88
8.555,0,59.44262563503947,0.88
8.556000000000001,0,59.451592926846004,0.88
8.557,0,59.4605556841432,0.88
8.558,0,59.46951390922405,0.88
8.559000000000001,0,59.47846760438038,0.88
8.56,0,59.487416771902815,0.88
8.561,0,59.49636141408088,0.88
8.562,0,59.50530153320291,0.88
8.563,0,59.5142371315561,0.88
8.564,0,59.52316821142645,0.88
8.565,0,59.53209477509884,0.88
8.566,0,59.54101682485701,0.88
8.567,0,59.549934362983485,0.88
8.568,0,59.558847391759684,0.88
8.569,0,59.56775591346588,0.88
8.57,0,59.57665993038114,0.88
8.571,0,59.58555944478342,0.88
8.572000000000001,0,59.59445445894954,0.88
8.573,0,59.60334497515511,0.88
8.574,0,59.612230995674636,0.88
8.575000000000001,0,59.62111252278148,0.88
8.576,0,59.6299895587478,0.88
8.577,0,59.638862105844666,0.88
8.578,0,59.64773016634196,0.88
8.579,0,59.656593742508456,0.88
8.58,0,59.66545283661172,0.88
8.581,0,59.67430745091822,0.88
8.582,0,59.68315758769329,0.88
8.583,0,59.69200324920105,0.88
8.584,0,59.70084443770453,0.88
8.585,0,59.709681155465645,0.88
8.586,0,59.71851340474506,0.88
8.587,0,59.727341187802395,0.88
8.588000000000001,0,59.73616450689611,0.88
8.589,0,59.741678531912896,0.8
8.59,0,59.741809069895616,0.8
8.591,0,59.74193954186892,0.8
8.592,0,59.742069947866185,0.8
8.593,0,59.742200287920774,0.8
8.594,0,59.74233056206604,0.8
8.595,0,59.74315958810621,0.88
8.596,0,59.751974908276125,0.88
8.597,0,59.76078577078455,0.88
8.598,0,59.76959217788559,0.88
8.599,0,59.7783941318322,0.88
8.6,0,59.787191634876244,0.88
8.601,0,59.795984689268415,0.88
8.602,0,59.80477329725825,0.88
8.603,0,59.81355746109418,0.88
8.604000000000001,0,59.82233718302352,0.88
8.605,0,59.831112465292364,0.88
8.606,0,59.839883310145765,0.88
8.607,0,59.848649719827584,0.88
8.608,0,59.857411696580584,0.88
8.609,0,59.86616924264634,0.88
8.61,0,59.87492236026535,0.88
8.611,0,59.88367105167697,0.88
8.612,0,59.892415319119365,0.88
8.613,0,59.90115516482964,0.88
8.614,0,59.90989059104375,0.88
8.615,0,59.9186215999965,0.88
8.616,0,59.92734819392156,0.88
8.617,0,59.93607037505153,0.88
8.618,0,59.944788145617785,0.88
8.619,0,59.95350150785065,0.88
8.620000000000001,0,59.96221046397932,0.88
8.621,0,59.97091501623179,0.88
8.622,0,59.9741784348079,0.8
8.623,0,59.97419140407537,0.8
8.624,0,59.97420436678464,0.8
8.625,0,59.97421732293903,0.8
8.626,0,59.97423027254186,0.8
8.627,0,59.97424321559643,0.8
8.628,0,59.974256152106065,0.8
8.629,0,59.974269082074066,0.8
8.63,0,59.974282005503746,0.8
8.631,0,59.9742949223984,0.8
8.632,0,59.97430783276135,0.8
8.633000000000001,0,59.97432073659588,0.8
8.634,0,59.9743336339053,0.8
8.635,0,59.97434652469292,0.8
8.636000000000001,0,59.97435940896202,0.8
8.637,0,59.97437228671591,0.8
8.638,0,59.97438515795788,0.8
8.639,0,59.97439802269122,0.8
8.64,0,59.97441088091922,0.8
8.641,0,59.97442373264518,0.8
8.642,0,59.974436577872375,0.8
8.643,0,59.9744494166041,0.8
8.644,0,59.974462248843636,0.8
8.645,0,59.97447507459427,0.8
8.646,0,59.97448789385927,0.8
8.647,0,59.974500706641926,0.8
8.648,0,59.97451351294552,0.8
8.649000000000001,0,59.97452631277332,0.8
8.65,0,59.97453910612861,0.8
8.651,0,59.974551893014656,0.8
8.652000000000001,0,59.97456467343473,0.8
8.653,0,59.9745774473921,0.8
8.654,0,59.974590214890036,0.8
8.655,0,59.9746029759318,0.8
8.656,0,59.97461573052067,0.8
8.657,0,59.974628478659895,0.8
8.658,0,59.974641220352744,0.8
8.659,0,59.97465395560247,0.8
8.66,0,59.97466668441234,0.8
8.661,0,59.974679406785604,0.8
8.662,0,59.97469212272552,0.8
8.663,0,59.97470483223534,0.8
8.664,0,59.97471753531832,0.8
8.665000000000001,0,59.974730231977695,0.8
8.666,0,59.974742922216734,0.8
8.667,0,59.97475560603866,0.8
8.668000000000001,0,59.97476828344674,0.8
8.669,0,59.97478095444421,0.8
8.67,0,59.97479361903431,0.8
8.671,0,59.974806277220274,0.8
8.672,0,59.97481892900535,0.8
8.673,0,59.97483157439277,0.8
8.674,0,59.97484421338577,0.8
8.675,0,59.97485684598759,0.8
8.676,0,59.97486947220145,0.8
8.677,0,59.97297184496653,0.6
8.678,0,59.95781526522947,0.6
8.679,0,59.94266634975202,0.6
8.68,0,59.927525094658534,0.6
8.681000000000001,0,59.912391496075365,0.6
8.682,0,59.89726555013087,0.6
8.683,0,59.882147252955285,0.6
8.684000000000001,0,59.867036600680834,0.6
8.685,0,59.85193358944175,0.6
8.686,0,59.836838215374144,0.6
8.687,0,59.82175047461612,0.6
8.688,0,59.80667036330769,0.6
8.689,0,59.794601818541594,0.88
8.69,0,59.80339112581058,0.88
8.691,0,59.81217598857207,0.88
8.692,0,59.82095640907351,0.88
8.693,0,59.82973238956123,0.88
8.694,0,59.838503932280446,0.88
8.695,0,59.847271039475174,0.88
8.696,0,59.85603371338835,0.88
8.697000000000001,0,59.86479195626178,0.88
8.698,0,59.851023882799424,0.6
8.699,0,59.835928968745094,0.6
8.700000000000001,0,59.8208416877677,0.6
8.701,0,59.80576203600745,0.6
8.702,0,59.79069000960645,0.6
8.703,0,59.775625604708765,0.6
8.704,0,59.76056881746038,0.6
8.705,0,59.74551964400933,0.6
8.706,0,59.74345886997669,0.88
8.707,0,59.75227403880813,0.88
8.708,0,59.76108475005458,0.88
8.709,0,59.76989100597014,0.88
8.71,0,59.77869280880774,0.88
8.711,0,59.78749016081916,0.88
8.712,0,59.79628306425508,0.88
8.713000000000001,0,59.80507152136502,0.88
8.714,0,59.81385553439734,0.88
8.715,0,59.8226351055993,0.88
8.716,0,59.831410237217014,0.88
8.717,0,59.84018093149548,0.88
8.718,0,59.84894719067848,0.88
8.719,0,59.85770901700876,0.88
8.72,0,59.86646641272788,0.88
8.721,0,59.875219380076274,0.88
8.722,0,59.883967921293234,0.88
8.723,0,59.89271203861696,0.88
8.724,0,59.899094497833794,0.8
8.725,0,59.89914543495371,0.8
8.726,0,59.89919634631614,0.8
8.727,0,59.89924723193411,0.8
8.728,0,59.899298091820654,0.8
8.729000000000001,0,59.89934892598876,0.8
8.73,0,59.89939973445146,0.8
8.731,0,59.90453455214219,0.85
8.732,0,59.909816699535526,0.85
8.733,0,59.91509617589428,0.85
8.734,0,59.920372982569106,0.85
8.735,0,59.925647120909986,0.85
8.736,0,59.930918592266245,0.85
8.737,0,59.93618739798648,0.85
8.738,0,59.94145353941864,0.85
8.739,0,59.94671701790998,0.85
8.74,0,59.95197783480707,0.85
8.741,0,59.9572359914558,0.85
8.742,0,59.962491489201405,0.85
8.743,0,59.967744329388395,0.85
8.744,0,59.97299451336063,0.85
8.745000000000001,0,59.97824204246129,0.85
8.746,0,59.98348691803287,0.85
8.747,0,59.98872914141717,0.85
8.748,0,59.99396871395533,0.85
8.749,0,59.99892450069509,0.8
8.75,0,59.998924956567336,0.8
8.751,0,59.99892541220906,0.8
8.752,0,59.998925867620386,0.8
8.753,0,59.99892632280142,0.8
8.754,0,59.99892677775228,0.8
8.755,0,59.99892723247308,0.8
8.756,0,59.998927686963945,0.8
8.757,0,59.99892814122499,0.8
8.758000000000001,0,59.998928595256324,0.8
8.759,0,59.99892904905806,0.8
8.76,0,59.99892950263033,0.8
8.761000000000001,0,59.998929955973246,0.8
8.762,0,59.99893040908691,0.8
8.763,0,59.99893086197145,0.8
8.764,0,59.99893131462698,0.8
8.765,0,59.99893176705361,0.8
8.766,0,59.998932219251465,0.8
8.767,0,59.99893267122066,0.8
8.768,0,59.9989331229613,0.8
8.769,0,59.998933574473504,0.8
8.77,0,59.9989340257574,0.8
8.771,0,59.99893447681309,0.8
8.772,0,59.9989349276407,0.8
8.773,0,59.998935378240326,0.8
8.774000000000001,0,59.998935828612105,0.8
8.775,0,59.99893627875614,0.8
8.776,0,59.998936728672554,0.8
8.777000000000001,0,59.99893717836146,0.8
8.778,0,59.99893762782296,0.8
8.779,0,59.99893807705719,0.8
8.78,0,59.99893852606425,0.8
8.781,0,59.99893897484426,0.8
8.782,0,59.99893942339733,0.8
8.783,0,59.998939871723586,0.8
8.784,0,59.998940319823134,0.8
8.785,0,59.99894076769609,0.8
8.786,0,59.998941215342576,0.8
8.787,0,59.99894166276269,0.8
8.788,0,59.99894210995656,0.8
8.789,0,59.9989425569243,0.8
8.790000000000001,0,59.998943003666014,0.8
8.791,0,59.99894345018183,0.8
8.792,0,59.99894389647185,0.8
8.793000000000001,0,59.99894434253619,0.8
8.794,0,59.99894478837498,0.8
8.795,0,59.99894523398831,0.8
8.796,0,59.99894567937631,0.8
8.797,0,59.998946124539096,0.8
8.798,0,59.998946569476765,0.8
8.799,0,59.98599575480539,0.6
8.8,0,59.97083258924043,0.6
8.801,0,59.95567709126534,0.6
8.802,0,59.94052925700282,0.6
8.803,0,59.925389082577496,0.6
8.804,0,59.91025656411608,0.6
8.805,0,59.89513169774712,0.6
8.806000000000001,0,59.88001447960114,0.6
8.807,0,59.864904905810704,0.6
8.808,0,59.84980297251025,0.6
8.809000000000001,0,59.83470867583617,0.6
8.81,0,59.83320373355967,0.88
8.811,0,59.841973520917044,0.88
8.812,0,59.85073887363758,0.88
8.813,0,59.85949979396378,0.88
8.814,0,59.86825628413694,0.88
8.815,0,59.87700834639728,0.88
8.816,0,59.885755982983895,0.88
8.817,0,59.89449919613469,0.88
8.818,0,59.90323798808649,0.88
8.819,0,59.91197236107499,0.88
8.82,0,59.920702317334694,0.88
8.821,0,59.92942785909905,0.88
8.822000000000001,0,59.93814898860035,0.88
8.823,0,59.946865708069716,0.88
8.824,0,59.9555780197372,0.88
8.825000000000001,0,59.96428592583173,0.88
8.826,0,59.972989428581045,0.88
8.827,0,59.9816885302118,0.88
8.828,0,59.98780717512017,0.8
8.829,0,59.987813252713835,0.8
8.83,0,59.987819327234234,0.8
8.831,0,59.98782539868292,0.8
8.832,0,59.98783146706145,0.8
8.833,0,59.98783753237136,0.8
8.834,0,59.98784359461422,0.8
8.835,0,59.987849653791564,0.8
8.836,0,59.987855709904956,0.8
8.837,0,59.987861762955944,0.8
8.838000000000001,0,59.98786781294607,0.8
8.839,0,59.987873859876885,0.8
8.84,0,59.987879903749935,0.8
8.841,0,59.98788594456676,0.8
8.842,0,59.987891982328925,0.8
8.843,0,59.987898017037956,0.8
8.844,0,59.987904048695405,0.8
8.845,0,59.98791007730281,0.8
8.846,0,59.98791610286172,0.8
8.847,0,59.98792212537367,0.8
8.848,0,59.987928144840204,0.8
8.849,0,59.987934161262864,0.8
8.85,0,59.987940174643185,0.8
8.851,0,59.987946184982704,0.8
8.852,0,59.98795219228297,0.8
8.853,0,59.987958196545506,0.8
8.854000000000001,0,59.98796419777185,0.8
8.855,0,59.98797019596355,0.8
8.856,0,59.98797619112213,0.8
8.857,0,59.98798218324912,0.8
8.858,0,59.987988172346064,0.8
8.859,0,59.98799415841449,0.8
8.86,0,59.98800014145592,0.8
8.861,0,59.9880061214719,0.8
8.862,0,59.98801209846395,0.8
8.863,0,59.988018072433604,0.8
8.864,0,59.98802404338239,0.8
8.865,0,59.98803001131183,0.8
8.866,0,59.98803597622345,0.8
8.867,0,59.98804193811879,0.8
8.868,0,59.988047896999355,0.8
8.869,0,59.98805385286669,0.8
8.870000000000001,0,59.98805980572231,0.8
8.871,0,59.98806575556773,0.8
8.872,0,59.98807170240448,0.8
8.873,0,59.98807764623408,0.8
8.874,0,59.98808358705806,0.8
8.875,0,59.98808952487792,0.8
8.876,0,59.988095459695195,0.8
8.877,0,59.9881013915114,0.8
8.878,0,59.98810732032805,0.8
8.879,0,59.98811324614666,0.8
8.88,0,59.98811916896875,0.8
8.881,0,59.98812508879584,0.8
8.882,0,59.988131005629434,0.8
8.883000000000001,0,59.988136919471046,0.8
8.884,0,59.9881428303222,0.8
8.885,0,59.9881487381844,0.8
8.886000000000001,0,59.988154643059154,0.8
8.887,0,59.98816054494798,0.8
8.888,0,59.988166443852386,0.8
8.889,0,59.97305466976725,0.6
8.89,0,59.95789804814801,0.6
8.891,0,59.94274909080954,0.6
8.892,0,59.92760779387622,0.6
8.893,0,59.912474153474356,0.6
8.894,0,59.89734816573231,0.6
8.895,0,59.88222982678033,0.6
8.896,0,59.8671191327506,0.6
8.897,0,59.85201607977735,0.6
8.898,0,59.83692066399668,0.6
8.899000000000001,0,59.82183288154666,0.6
8.9,0,59.806752728567375,0.6
8.901,0,59.791680201200776,0.6
8.902000000000001,0,59.7766152955908,0.6
8.903,0,59.76155800788337,0.6
8.904,0,59.74650833422631,0.6
8.905,0,59.7314662707694,0.6
8.906,0,59.71643181366436,0.6
8.907,0,59.70140495906491,0.6
8.908,0,59.69266582846528,0.88
8.909,0,59.70150668192093,0.88
8.91,0,59.710343064803595,0.88
8.911,0,59.719174979373925,0.88
8.912,0,59.72800242789144,0.88
8.913,0,59.73682541261447,0.88
8.914,0,59.745643935800246,0.88
8.915000000000001,0,59.754457999704854,0.88
8.916,0,59.763267606583206,0.88
8.917,0,59.772072758689106,0.88
8.918000000000001,0,59.78087345827522,0.88
8.919,0,59.789669707593035,0.88
8.92,0,59.79846150889294,0.88
8.921,0,59.80724886442418,0.88
8.922,0,59.81603177643487,0.88
8.923,0,59.824810247171946,0.88
8.924,0,59.83358427888125,0.88
8.925,0,59.84235387380748,0.88
8.926,0,59.85111903419417,0.88
8.927,0,59.85646104822939,0.85
8.928,0,59.86176750505264,0.85
8.929,0,59.86707127854869,0.85
8.93,0,59.87237237007444,0.85
8.931000000000001,0,59.87767078098608,0.85
8.932,0,59.882966512639115,0.85
8.933,0,59.888259566388385,0.85
8.934000000000001,0,59.89354994358803,0.85
8.935,0,59.89883764559149,0.85
8.936,0,59.90412267375155,0.85
8.937,0,59.9094050294203,0.85
8.938,0,59.91468471394915,0.85
8.939,0,59.9199617286888,0.85
8.94,0,59.9252360749893,0.85
8.941,0,59.930507754200015,0.85
8.942,0,59.935776767669594,0.85
8.943,0,59.94104311674605,0.85
8.944,0,59.94630680277669,0.85
8.945,0,59.95008141721739,0.6
8.946,0,59.934936412531144,0.6
8.947000000000001,0,59.91979906625126,0.6
8.948,0,59.90466937450516,0.6
8.949,0,59.88954733342213,0.6
8.950000000000001,0,59.87443293913341,0.6
8.951,0,59.85932618777229,0.6
8.952,0,59.844227075473924,0.6
8.953,0,59.82913559837546,0.6
8.954,0,59.83010393901015,0.88
8.955,0,59.83887529384715,0.88
8.956,0,59.8476422132547,0.88
8.957,0,59.85640469947567,0.88
8.958,0,59.86516275475177,0.88
8.959,0,59.87391638132363,0.88
8.96,0,59.88266558143073,0.88
8.961,0,59.891410357311386,0.88
8.962,0,59.90015071120281,0.88
8.963000000000001,0,59.90888664534111,0.88
8.964,0,59.91761816196119,0.88
8.965,0,59.926345263296874,0.88
8.966,0,59.93506795158086,0.88
8.967,0,59.94378622904473,0.88
8.968,0,59.95250009791886,0.88
8.969,0,59.96120956043258,0.88
8.97,0,59.969914618814066,0.88
8.971,0,59.97861527529035,0.88
8.972,0,59.9838358876829,0.8
8.973,0,59.98384397344585,0.8
8.974,0,59.98385205512005,0.8
8.975,0,59.983860132707576,0.8
8.976,0,59.983868206210495,0.8
8.977,0,59.98387627563086,0.8
8.978,0,59.983884340970754,0.8
8.979000000000001,0,59.98389240223223,0.8
8.98,0,59.98390045941734,0.8
8.981,0,59.98390851252817,0.8
8.982,0,59.98391656156676,0.8
8.983,0,59.983924606535176,0.8
8.984,0,59.98393264743547,0.8
8.985,0,59.98394068426971,0.8
8.986,0,59.98394871703995,0.8
8.987,0,59.983956745748245,0.8
8.988,0,59.98396477039664,0.8
8.989,0,59.983972790987195,0.8
8.99,0,59.98398080752196,0.8
8.991,0,59.983988820002985,0.8
8.992,0,59.983996828432325,0.8
8.993,0,59.984004832812026,0.8
8.994,0,59.984012833144135,0.8
8.995000000000001,0,59.9840208294307,0.8
8.996,0,59.98402882167377,0.8
8.997,0,59.98403680987538,0.8
8.998,0,59.98404479403758,0.8
8.999,0,59.98405277416241,0.8
9.0,0,59.98406075025191,0.8
9.001,0,59.98406872230814,0.8
9.002,0,59.984076690333104,0.8
9.003,0,59.984084654328875,0.8
9.004,0,59.98409261429747,0.8
9.005,0,59.984100570240926,0.8
9.006,0,59.98410852216129,0.8
9.007,0,59.984116470060584,0.8
9.008000000000001,0,59.984124413940854,0.8
9.009,0,59.98413235380412,0.8
9.01,0,59.98414028965242,0.8
9.011000000000001,0,59.984148221487786,0.8
9.012,0,59.98415614931224,0.8
9.013,0,59.984164073127815,0.8
9.014,0,59.98417199293654,0.8
9.015,0,59.98417990874044,0.8
9.016,0,59.984187820541536,0.8
9.017,0,59.98419572834185,0.8
9.018,0,59.98420363214342,0.8
9.019,0,59.98421153194825,0.8
9.02,0,59.98421942775837,0.8
9.021,0,59.9842273195758,0.8
9.022,0,59.98423520740256,0.8
9.023,0,59.984243091240664,0.8
9.024000000000001,0,59.98425097109214,0.8
9.025,0,59.98425884695898,0.8
9.026,0,59.98426671884322,0.8
9.027000000000001,0,59.97898523201681,0.8
9.028,0,59.97899577062102,0.8
9.029,0,59.97900630389615,0.8
9.03,0,59.979016831844895,0.8
9.031,0,59.979027354469956,0.8
9.032,0,59.97903787177401,0.8
9.033,0,59.97904838375976,0.8
9.034,0,59.9790588904299,0.8
9.035,0,59.9790693917871,0.8
9.036,0,59.97907988783406,0.8
9.037,0,59.97909037857346,0.8
9.038,0,59.97910086400799,0.8
9.039,0,59.97911134414033,0.8
9.040000000000001,0,59.97912181897315,0.8
9.041,0,59.97913228850915,0.8
9.042,0,59.97914275275099,0.8
9.043000000000001,0,59.97915321170135,0.8
9.044,0,59.979163665362925,0.8
9.045,0,59.97917411373837,0.8
9.046,0,59.979184556830354,0.8
9.047,0,59.97919499464157,0.8
9.048,0,59.97920542717467,0.8
9.049,0,59.979215854432326,0.8
9.05,0,59.979226276417215,0.8
9.051,0,59.979236693131995,0.8
9.052,0,59.97924710457933,0.8
9.053,0,59.97925751076189,0.8
9.054,0,59.97926791168233,0.8
9.055,0,59.979278307343314,0.8
9.056000000000001,0,59.979288697747506,0.8
9.057,0,59.97929908289756,0.8
9.058,0,59.97930946279613,0.8
9.059000000000001,0,59.97931983744588,0.8
9.06,0,59.97933020684946,0.8
9.061,0,59.979340571009516,0.8
9.062,0,59.97935092992871,0.8
9.063,0,59.979361283609684,0.8
9.064,0,59.97937163205509,0.8
9.065,0,59.97938197526758,0.8
9.066,0,59.9793923132498,0.8
9.067,0,59.979402646004374,0.8
9.068,0,59.979412973533975,0.8
9.069,0,59.97942329584124,0.8
9.07,0,59.97943361292879,0.8
9.071,0,59.97944392479928,0.8
9.072000000000001,0,59.979454231455335,0.8
9.073,0,59.97946453289961,0.8
9.074,0,59.97947482913474,0.8
9.075000000000001,0,59.97948512016334,0.8
9.076,0,59.979495405988054,0.8
9.077,0,59.97950568661152,0.8
9.078,0,59.97951596203635,0.8
9.079,0,59.979526232265194,0.8
9.08,0,59.97953649730067,0.8
9.081,0,59.9795467571454,0.8
9.082,0,59.979557011802015,0.8
9.083,0,59.97956726127314,0.8
9.084,0,59.97957750556139,0.8
9.085,0,59.97958774466939,0.8
9.086,0,59.979597978599756,0.8
9.087,0,59.979608207355106,0.8
9.088000000000001,0,59.97961843093807,0.8
9.089,0,59.97962864935124,0.8
9.09,0,59.979638862597255,0.8
9.091,0,59.97964907067871,0.8
9.092,0,59.97965927359822,0.8
9.093,0,59.979669471358406,0.8
9.094,0,59.97967966396187,0.8
9.095,0,59.979689851411216,0.8
9.096,0,59.97970003370905,0.8
9.097,0,59.97971021085798,0.8
9.098,0,59.97972038286061,0.8
9.099,0,59.97973054971955,0.8
9.1,0,59.97974071143739,0.8
9.101,0,59.97975086801672,0.8
9.102,0,59.97976101946016,0.8
9.103,0,59.9797711657703,0.8
9.104000000000001,0,59.97978130694974,0.8
9.105,0,59.979791443001055,0.8
9.106,0,59.97980157392686,0.8
9.107,0,59.97981169972974,0.8
9.108,0,59.969937831232436,0.6
9.109,0,59.954782785711515,0.6
9.11,0,59.93963540367436,0.6
9.111,0,59.92449568124574,0.6
9.112,0,59.90936361455245,0.6
9.113,0,59.89423919972317,0.6
9.114,0,59.87912243288855,0.6
9.115,0,59.86401331018125,0.6
9.116,0,59.84891182773583,0.6
9.117,0,59.8338179816888,0.6
9.118,0,59.8187317681787,0.6
9.119,0,59.803653183345936,0.6
9.120000000000001,0,59.788582223332874,0.6
9.121,0,59.77351888428391,0.6
9.122,0,59.75846316234531,0.6
9.123,0,59.7434150536653,0.6
9.124,0,59.728374554394065,0.6
9.125,0,59.71334166068377,0.6
9.126,0,59.69831636868848,0.6
9.127,0,59.68329867456419,0.6
9.128,0,59.69019214911749,0.88
9.129,0,59.69903425344377,0.88
9.13,0,59.70787188656456,0.88
9.131,0,59.71670505074079,0.88
9.132,0,59.72553374823231,0.88
9.133000000000001,0,59.73435798129779,0.88
9.134,0,59.743177752194754,0.88
9.135,0,59.7519930631796,0.88
9.136000000000001,0,59.760803916507605,0.88
9.137,0,59.769610314432846,0.88
9.138,0,59.77841225920832,0.88
9.139,0,59.78720975308585,0.88
9.14,0,59.79600279831614,0.88
9.141,0,59.80479139714873,0.88
9.142,0,59.81357555183206,0.88
9.143,0,59.822355264613414,0.88
9.144,0,59.83113053773891,0.88
9.145,0,59.83990137345357,0.88
9.146,0,59.8486677740013,0.88
9.147,0,59.85742974162479,0.88
9.148,0,59.866187278565675,0.88
9.149000000000001,0,59.87494038706444,0.88
9.15,0,59.883689069360386,0.88
9.151,0,59.89243332769175,0.88
9.152000000000001,0,59.9011731642956,0.88
9.153,0,59.909908581407876,0.88
9.154,0,59.91863958126339,0.88
9.155,0,59.92736616609583,0.88
9.156,0,59.936088338137765,0.88
9.157,0,59.94480609962059,0.88
9.158,0,59.95351945277463,0.88
9.159,0,59.962228399829044,0.88
9.16,0,59.97093294301186,0.88
9.161,0,59.97963308455,0.88
9.162,0,59.988328826669274,0.88
9.163,0,59.97945327726819,0.6
9.164,0,59.964293420051646,0.6
9.165000000000001,0,59.949141228751984,0.6
9.166,0,59.93399669949281,0.6
9.167,0,59.91885982839963,0.6
9.168000000000001,0,59.90373061159988,0.6
9.169,0,59.88860904522306,0.6
9.17,0,59.87349512540054,0.6
9.171,0,59.86525257149259,0.85
9.172,0,59.870554582687774,0.85
9.173,0,59.875853912803784,0.85
9.174,0,59.88115056319638,0.85
9.175,0,59.886444535220626,0.85
9.176,0,59.89173583023089,0.85
9.177,0,59.897024449580876,0.85
9.178,0,59.90231039462359,0.85
9.179,0,59.907593666711335,0.85
9.18,0,59.912874267195775,0.85
9.181000000000001,0,59.91815219742785,0.85
9.182,0,59.923427458757835,0.85
9.183,0,59.92870005253532,0.85
9.184000000000001,0,59.93396998010921,0.85
9.185,0,59.93923724282774,0.85
9.186,0,59.944501842038434,0.85
9.187,0,59.949763779088165,0.85
9.188,0,59.955023055323124,0.85
9.189,0,59.96027967208879,0.85
9.19,0,59.963341924562535,0.8
9.191,0,59.96336037355095,0.8
9.192,0,59.96337881321022,0.8
9.193,0,59.963397243545074,0.8
9.194,0,59.96341566456022,0.8
9.195,0,59.96343407626038,0.8
9.196,0,59.96345247865025,0.8
9.197000000000001,0,59.96347087173454,0.8
9.198,0,59.96348925551797,0.8
9.199,0,59.96350763000523,0.8
9.200000000000001,0,59.963525995201024,0.8
9.201,0,59.96354435111005,0.8
9.202,0,59.963562697737004,0.8
9.203,0,59.963581035086584,0.8
9.204,0,59.963599363163475,0.8
9.205,0,59.96361768197237,0.8
9.206,0,59.963635991517954,0.8
9.207,0,59.963654291804914,0.8
9.208,0,59.96367258283792,0.8
9.209,0,59.963690864621675,0.8
9.21,0,59.96537741245359,0.85
9.211,0,59.9706287933097,0.85
9.212,0,59.97587751868899,0.85
9.213000000000001,0,59.981123589934285,0.85
9.214,0,59.986367008387674,0.85
9.215,0,59.99160777539063,0.85
9.216000000000001,0,59.98890187597148,0.6
9.217,0,59.973737240862135,0.6
9.218,0,59.958580274085755,0.6
9.219,0,59.94343097176466,0.6
9.22,0,59.928289330023134,0.6
9.221,0,59.91315534498748,0.6
9.222,0,59.8980290127859,0.6
9.223,0,59.88291032954852,0.6
9.224,0,59.86779929140755,0.6
9.225,0,59.85269589449704,0.6
9.226,0,59.83760013495301,0.6
9.227,0,59.8225120089135,0.6
9.228,0,59.80743151251845,0.6
9.229000000000001,0,59.792358641909715,0.6
9.23,0,59.77729339323122,0.6
9.231,0,59.762235762628734,0.6
9.232,0,59.74718574625001,0.6
9.233,0,59.73214334024471,0.6
9.234,0,59.71710854076454,0.6
9.235,0,59.70208134396307,0.6
9.236,0,59.70271102019747,0.88
9.237,0,59.711546794079865,0.88
9.238,0,59.72037809995788,0.88
9.239,0,59.72920494009088,0.88
9.24,0,59.73802731673703,0.88
9.241,0,59.74684523215342,0.88
9.242,0,59.75565868859597,0.88
9.243,0,59.76446768831944,0.88
9.244,0,59.77327223357749,0.88
9.245000000000001,0,59.78207232662261,0.88
9.246,0,59.79086796970614,0.88
9.247,0,59.799659165078324,0.88
9.248,0,59.80844591498824,0.88
9.249,0,59.817228221683855,0.88
9.25,0,59.82600608741194,0.88
9.251,0,59.83477951441819,0.88
9.252,0,59.84100923413572,0.8
9.253,0,59.84108954335318,0.8
9.254,0,59.84116981196051,0.8
9.255,0,59.84125003997824,0.8
9.256,0,59.84133022742691,0.8
9.257,0,59.84141037432701,0.8
9.258000000000001,0,59.84149048069907,0.8
9.259,0,59.826517106061814,0.6
9.26,0,59.81143458440086,0.6
9.261000000000001,0,59.79635968955034,0.6
9.262,0,59.78129241765366,0.6
9.263,0,59.766232764856085,0.6
9.264,0,59.75118072730482,0.6
9.265,0,59.736136301149045,0.6
9.266,0,59.72109948253994,0.6
9.267,0,59.70607026763054,0.6
9.268,0,59.69104865257586,0.6
9.269,0,59.67603463353289,0.6
9.27,0,59.661028206660546,0.6
9.271,0,59.64602936811964,0.6
9.272,0,59.63103811407301,0.6
9.273,0,59.61605444068536,0.6
9.274000000000001,0,59.601078344123344,0.6
9.275,0,59.58610982055563,0.6
9.276,0,59.571148866152726,0.6
9.277000000000001,0,59.5561954770871,0.6
9.278,0,59.54742873390038,0.88
9.279,0,59.556343029703314,0.88
9.28,0,59.565252817795525,0.88
9.281,0,59.57415810045646,0.88
9.282,0,59.58305887996434,0.88
9.283,0,59.59195515859632,0.88
9.284,0,59.60084693862837,0.88
9.285,0,59.60973422233529,0.88
9.286,0,59.61861701199075,0.88
9.287,0,59.62749530986728,0.88
9.288,0,59.63636911823622,0.88
9.289,0,59.64523843936781,0.88
9.290000000000001,0,59.65410327553113,0.88
9.291,0,59.66296362899407,0.88
9.292,0,59.671819502023425,0.88
9.293000000000001,0,59.68067089688485,0.88
9.294,0,59.689517815842784,0.88
9.295,0,59.69836026116059,0.88
9.296,0,59.707198235100456,0.88
9.297,0,59.716031739923466,0.88
9.298,0,59.724860777889475,0.88
9.299,0,59.73368535125728,0.88
9.3,0,59.7425054622845,0.88
9.301,0,59.751321113227604,0.88
9.302,0,59.76013230634194,0.88
9.303,0,59.76893904388172,0.88
9.304,0,59.777741328099985,0.88
9.305,0,59.786539161248655,0.88
9.306000000000001,0,59.79533254557854,0.88
9.307,0,59.804121483339244,0.88
9.308,0,59.8129059767793,0.88
9.309000000000001,0,59.821686028146075,0.88
9.31,0,59.83046163968579,0.88
9.311,0,59.839232813643534,0.88
9.312,0,59.84799955226329,0.88
9.313,0,59.856761857787895,0.88
9.314,0,59.865519732459006,0.88
9.315,0,59.87181024891815,0.85
9.316,0,59.877108944078785,0.85
9.317,0,59.88240495983707,0.85
9.318,0,59.88769829754792,0.85
9.319,0,59.89298895856557,0.85
9.32,0,59.898276944243506,0.85
9.321,0,59.903562255934595,0.85
9.322000000000001,0,59.908844894991006,0.85
9.323,0,59.914124862764204,0.85
9.324,0,59.91940216060498,0.85
9.325000000000001,0,59.92467678986346,0.85
9.326,0,59.92994875188906,0.85
9.327,0,59.935218048030514,0.85
9.328,0,59.9404846796359,0.85
9.329,0,59.945748648052614,0.85
9.33,0,59.951009954627324,0.85
9.331,0,59.95626860070607,0.85
9.332,0,59.96152458763419,0.85
9.333,0,59.96677791675633,0.85
9.334,0,59.95578874087023,0.6
9.335,0,59.94064085014959,0.6
9.336,0,59.92550061929475,0.6
9.337,0,59.91036804443233,0.6
9.338000000000001,0,59.895243121690854,0.6
9.339,0,59.880125847200915,0.6
9.34,0,59.865016217095004,0.6
9.341000000000001,0,59.849914227507504,0.6
9.342,0,59.834819874574904,0.6
9.343,0,59.81973315443551,0.6
9.344,0,59.80465406322965,0.6
9.345,0,59.78958259709955,0.6
9.346,0,59.77451875218948,0.6
9.347,0,59.75946252464557,0.6
9.348,0,59.744413910615904,0.6
9.349,0,59.72937290625059,0.6
9.35,0,59.71433950770162,0.6
9.351,0,59.6993137111229,0.6
9.352,0,59.68429551267039,0.6
9.353,0,59.6692849085019,0.6
9.354000000000001,0,59.654281894777185,0.6
9.355,0,59.63928646765803,0.6
9.356,0,59.624298623308064,0.6
9.357,0,59.6093183578929,0.6
9.358,0,59.59434566758006,0.6
9.359,0,59.57938054853905,0.6
9.36,0,59.564422996941296,0.6
9.361,0,59.549473008960106,0.6
9.362,0,59.53453058077084,0.6
9.363,0,59.51959570855068,0.6
9.364,0,59.50466838847877,0.6
9.365,0,59.4912408059637,0.88
9.366,0,59.50018351443441,0.88
9.367,0,59.509121700826924,0.88
9.368,0,59.518055367427905,0.88
9.369,0,59.52698451652288,0.88
9.370000000000001,0,59.53590915039626,0.88
9.371,0,59.544829271331224,0.88
9.372,0,59.553744881609866,0.88
9.373,0,59.562655983513096,0.88
9.374,0,59.57156257932068,0.88
9.375,0,59.580464671311205,0.88
9.376,0,59.58936226176213,0.88
9.377,0,59.598255352949785,0.88
9.378,0,59.60714394714928,0.88
9.379,0,59.616028046634646,0.88
9.38,0,59.62490765367874,0.88
9.381,0,59.63378277055324,0.88
9.382,0,59.6426533995287,0.88
9.383000000000001,0,59.65151954287455,0.88
9.384,0,59.653520931378566,0.8
9.385,0,59.6536960482007,0.8
9.386000000000001,0,59.653871076471134,0.8
9.387,0,59.65404601623466,0.8
9.388,0,59.654220867536026,0.8
9.389,0,59.65439563041997,0.8
9.39,0,59.65882510135526,0.88
9.391,0,59.6676830671226,0.88
9.392,0,59.67653655366375,0.88
9.393,0,59.68538556324374,0.88
9.394,0,59.69423009812641,0.88
9.395,0,59.70307016057452,0.88
9.396,0,59.71190575284965,0.88
9.397,0,59.72073687721223,0.88
9.398,0,59.72221492691142,0.6
9.399000000000001,0,59.7071851479529,0.6
9.4,0,59.69216296913436,0.6
9.401,0,59.6771483866126,0.6
9.402000000000001,0,59.66214139654636,0.6
9.403,0,59.647141995096405,0.6
9.404,0,59.63215017842534,0.6
9.405,0,59.617165942697774,0.6
9.406,0,59.6021892840802,0.6
9.407,0,59.60888144000997,0.88
9.408,0,59.617764660893656,0.88
9.409,0,59.626643389780355,0.88
9.41,0,59.63551762894153,0.88
9.411,0,59.6443873806475,0.88
9.412,0,59.65325264716747,0.88
9.413,0,59.66211343076945,0.88
9.414,0,59.670969733720334,0.88
9.415000000000001,0,59.67982155828588,0.88
9.416,0,59.688668906730655,0.88
9.417,0,59.69751178131811,0.88
9.418000000000001,0,59.70635018431059,0.88
9.419,0,59.7151841179692,0.88
9.42,0,59.72401358455399,0.88
9.421,0,59.73283858632382,0.88
9.422,0,59.74165912553646,0.88
9.423,0,59.75047520444844,0.88
9.424,0,59.75928682531526,0.88
9.425,0,59.76809399039121,0.88
9.426,0,59.776896701929445,0.88
9.427,0,59.78569496218201,0.88
9.428,0,59.79448877339982,0.88
9.429,0,59.80327813783258,0.88
9.43,0,59.81206305772892,0.88
9.431000000000001,0,59.82084353533635,0.88
9.432,0,59.82961957290117,0.88
9.433,0,59.82757243575452,0.6
9.434000000000001,0,59.812489380442756,0.6
9.435,0,59.79741395221133,0.6
9.436,0,59.782346147203434,0.6
9.437,0,59.76728596156421,0.6
9.438,0,59.75223339144073,0.6
9.439,0,59.737188432982094,0.6
9.44,0,59.722151082339266,0.6
9.441,0,59.70839660649285,0.88
9.442,0,59.71722950533285,0.88
9.443,0,59.7260579376223,0.88
9.444,0,59.73488190561984,0.88
9.445,0,59.74370141158288,0.88
9.446,0,59.75251645776778,0.88
9.447000000000001,0,59.76132704642975,0.88
9.448,0,59.77013317982278,0.88
9.449,0,59.77893486019981,0.88
9.450000000000001,0,59.78773208981261,0.88
9.451,0,59.79652487091178,0.88
9.452,0,59.80531320574683,0.88
9.453,0,59.8140970965661,0.88
9.454,0,59.82287654561683,0.88
9.455,0,59.83165155514506,0.88
9.456,0,59.840422127395755,0.88
9.457,0,59.84918826461274,0.88
9.458,0,59.85794996903865,0.88
9.459,0,59.86670724291504,0.88
9.46,0,59.875460088482335,0.88
9.461,0,59.88420850797978,0.88
9.462,0,59.89295250364552,0.88
9.463000000000001,0,59.901692077716575,0.88
9.464,0,59.9104272324288,0.88
9.465,0,59.91915797001697,0.88
9.466000000000001,0,59.927884292714694,0.88
9.467,0,59.93660620275443,0.88
9.468,0,59.945323702367574,0.88
9.469,0,59.95403679378434,0.88
9.47,0,59.96274547923383,0.88
9.471,0,59.97144976094402,0.88
9.472,0,59.98014964114175,0.88
9.473,0,59.988845122052766,0.88
9.474,0,59.98996541892747,0.8
9.475,0,59.98997040515746,0.8
9.476,0,59.98997538886604,0.8
9.477,0,59.989980370054504,0.8
9.478,0,59.98998534872412,0.8
9.479000000000001,0,59.98999032487616,0.8
9.48,0,59.98999529851189,0.8
9.481,0,59.99000026963261,0.8
9.482,0,59.99000523823956,0.8
9.483,0,59.99001020433403,0.8
9.484,0,59.99001516791728,0.8
9.485,0,59.99002012899059,0.8
9.486,0,59.99002508755522,0.8
9.487,0,59.990030043612435,0.8
9.488,0,59.99003499716352,0.8
9.489,0,59.99003994820973,0.8
9.49,0,59.99004489675233,0.8
9.491,0,59.990049842792594,0.8
9.492,0,59.99005478633178,0.8
9.493,0,59.99005972737116,0.8
9.494,0,59.990064665912,0.8
9.495000000000001,0,59.990069601955554,0.8
9.496,0,59.99007453550308,0.8
9.497,0,59.990079466555855,0.8
9.498,0,59.99008439511513,0.8
9.499,0,59.990089321182175,0.8
9.5,0,59.99009424475825,0.8
9.501,0,59.9900991658446,0.8
9.502,0,59.9901040844425,0.8
9.503,0,59.9901090005532,0.8
9.504,0,59.99011391417796,0.8
9.505,0,59.990118825318035,0.8
9.506,0,59.98296812516111,0.6
9.507,0,59.967806490584024,0.6
9.508000000000001,0,59.95265252282259,0.6
9.509,0,59.93750621799996,0.6
9.51,0,59.922367572241164,0.6
9.511000000000001,0,59.9072365816732,0.6
9.512,0,59.892113242425125,0.6
9.513,0,59.87699755062783,0.6
9.514,0,59.861889502414215,0.6
9.515,0,59.846789093919114,0.6
9.516,0,59.831696321279395,0.6
9.517,0,59.81661118063377,0.6
9.518,0,59.81278615307455,0.88
9.519,0,59.821566265032814,0.88
9.52,0,59.83034193713339,0.88
9.521,0,59.8391131716214,0.88
9.522,0,59.84787997074079,0.88
9.523,0,59.85664233673441,0.88
9.524000000000001,0,59.865400271843995,0.88
9.525,0,59.87415377831009,0.88
9.526,0,59.88290285837215,0.88
9.527000000000001,0,59.891647514268485,0.88
9.528,0,59.900387748236255,0.88
9.529,0,59.90912356251152,0.88
9.53,0,59.91785495932919,0.88
9.531,0,59.92658194092307,0.88
9.532,0,59.93530450952579,0.88
9.533,0,59.944022667368884,0.88
9.534,0,59.95273641668276,0.88
9.535,0,59.96144575969667,0.88
9.536,0,59.9684228010752,0.8
9.537,0,59.968438680806095,0.8
9.538,0,59.96845455250705,0.8
9.539,0,59.96847041618213,0.8
9.540000000000001,0,59.96848627183539,0.8
9.541,0,59.96850211947089,0.8
9.542,0,59.96851795909269,0.8
9.543000000000001,0,59.968533790704825,0.8
9.544,0,59.96854961431136,0.8
9.545,0,59.96856542991634,0.8
9.546,0,59.9685812375238,0.8
9.547,0,59.968597037137805,0.8
9.548,0,59.96861282876238,0.8
9.549,0,59.968628612401574,0.8
9.55,0,59.968644388059424,0.8
9.551,0,59.96866015573996,0.8
9.552,0,59.96867591544722,0.8
9.553,0,59.96869166718523,0.8
9.554,0,59.96870741095804,0.8
9.555,0,59.968723146769655,0.8
9.556000000000001,0,59.969256628586926,0.85
9.557,0,59.97450604783164,0.85
9.558,0,59.97975281259148,0.85
9.559000000000001,0,59.984996924208744,0.85
9.56,0,59.99023838402505,0.85
9.561,0,59.995477193381326,0.85
9.562,0,59.9998260752124,0.8
9.563,0,59.99982607518356,0.8
9.564,0,59.99982607515474,0.8
9.565,0,59.99982607512594,0.8
9.566,0,59.99982607509715,0.8
9.567,0,59.99982607506837,0.8
9.568,0,59.99982607503961,0.8
9.569,0,59.99982607501086,0.8
9.57,0,59.999826074982124,0.8
9.571,0,59.999826074953404,0.8
9.572000000000001,0,59.9998260749247,0.8
9.573,0,59.99982607489601,0.8
9.574,0,59.999826074867336,0.8
9.575000000000001,0,59.99982607483867,0.8
9.576,0,59.99982607481003,0.8
9.577,0,59.999826074781396,0.8
9.578,0,59.99982607475278,0.8
9.579,0,59.999826074724176,0.8
9.58,0,59.99982607469559,0.8
9.581,0,59.99982607466701,0.8
9.582,0,59.999826074638456,0.8
9.583,0,59.99982607460991,0.8
9.584,0,59.99982607458138,0.8
9.585,0,59.999826074552864,0.8
9.586,0,59.999826074524364,0.8
9.587,0,59.99982607449588,0.8
9.588000000000001,0,59.99982607446741,0.8
9.589,0,59.99982607443895,0.8
9.59,0,59.9998260744105,0.8
9.591000000000001,0,59.99982607438207,0.8
9.592,0,59.99877168669993,0.6
9.593,0,59.98360206070264,0.6
9.594,0,59.96844010556204,0.6
9.595,0,59.95328581739918,0.6
9.596,0,59.93813919233715,0.6
9.597,0,59.92300022650088,0.6
9.598,0,59.907868916017314,0.6
9.599,0,59.89274525701539,0.6
9.6,0,59.87762924562595,0.6
9.601,0,59.87849330427494,0.88
9.602,0,59.88724018995977,0.88
9.603,0,59.8959826525885,0.88
9.604000000000001,0,59.90472069439777,0.88
9.605,0,59.91345431762302,0.88
9.606,0,59.92218352449865,0.88
9.607,0,59.93090831725785,0.88
9.608,0,59.93962869813275,0.88
9.609,0,59.94834466935429,0.88
9.61,0,59.957056233152315,0.88
9.611,0,59.96576339175556,0.88
9.612,0,59.97446614739157,0.88
9.613,0,59.98316450228681,0.88
9.614,0,59.98999120037593,0.8
9.615,0,59.989996173568954,0.8
9.616,0,59.990001144247174,0.8
9.617,0,59.990006112411855,0.8
9.618,0,59.99001107806428,0.8
9.619,0,59.99001604120571,0.8
9.620000000000001,0,59.99002100183742,0.8
9.621,0,59.990025959960676,0.8
9.622,0,59.990030915576746,0.8
9.623,0,59.9900358686869,0.8
9.624,0,59.9900408192924,0.8
9.625,0,59.99004576739453,0.8
9.626,0,59.99005071299453,0.8
9.627,0,59.99005565609368,0.8
9.628,0,59.99006059669325,0.8
9.629,0,59.98376986340443,0.6
9.63,0,59.968607823410665,0.6
9.631,0,59.95345345043761,0.6
9.632,0,59.93830674060821,0.6
9.633000000000001,0,59.923167690047435,0.6
9.634,0,59.90803629488225,0.6
9.635,0,59.89291255124151,0.6
9.636000000000001,0,59.87779645525601,0.6
9.637,0,59.86299296252767,0.85
9.638,0,59.868296116344055,0.85
9.639,0,59.873596588503496,0.85
9.64,0,59.87889438036203,0.85
9.641,0,59.884189493274995,0.85
9.642,0,59.88948192859707,0.85
9.643,0,59.894771687682244,0.85
9.644,0,59.9000587718838,0.85
9.645,0,59.90534318255436,0.85
9.646,0,59.91062492104586,0.85
9.647,0,59.91590398870953,0.85
9.648,0,59.92118038689595,0.85
9.649000000000001,0,59.926454116955,0.85
9.65,0,59.93172518023586,0.85
9.651,0,59.936993578087055,0.85
9.652000000000001,0,59.94225931185643,0.85
9.653,0,59.94752238289112,0.85
9.654,0,59.952782792537604,0.85
9.655,0,59.958040542141674,0.85
9.656,0,59.96278627752174,0.8
9.657,0,59.96280500748536,0.8
9.658,0,59.962823727977764,0.8
9.659,0,59.96284243900373,0.8
9.66,0,59.96286114056806,0.8
9.661,0,59.962879832675526,0.8
9.662,0,59.96289851533092,0.8
9.663,0,59.96291718853901,0.8
9.664,0,59.96293585230458,0.8
9.665000000000001,0,59.962954506632414,0.8
9.666,0,59.962973151527265,0.8
9.667,0,59.96299178699392,0.8
9.668000000000001,0,59.96301041303713,0.8
9.669,0,59.963029029661676,0.8
9.67,0,59.96304763687231,0.8
9.671,0,59.9630662346738,0.8
9.672,0,59.9630848230709,0.8
9.673,0,59.96310340206837,0.8
9.674,0,59.96312197167095,0.8
9.675,0,59.96314053188341,0.8
9.676,0,59.96315908271048,0.8
9.677,0,59.94804848701352,0.6
9.678,0,59.93290451032334,0.6
9.679,0,59.91776819151974,0.6
9.68,0,59.90263952673034,0.6
9.681000000000001,0,59.88751851208468,0.6
9.682,0,59.872405143714346,0.6
9.683,0,59.857299417752806,0.6
9.684000000000001,0,59.842201330335484,0.6
9.685,0,59.84136121786533,0.88
9.686,0,59.85012688021044,0.88
9.687,0,59.85888811000463,0.88
9.688,0,59.867644909489314,0.88
9.689,0,59.87639728090476,0.88
9.69,0,59.88514522649014,0.88
9.691,0,59.89388874848347,0.88
9.692,0,59.902627849121615,0.88
9.693,0,59.911362530640346,0.88
9.694,0,59.920092795274314,0.88
9.695,0,59.92881864525697,0.88
9.696,0,59.937540082820696,0.88
9.697000000000001,0,59.946257110196754,0.88
9.698,0,59.95496972961521,0.88
9.699,0,59.96367794330507,0.88
9.700000000000001,0,59.9723817534942,0.88
9.701,0,59.981081162409296,0.88
9.702,0,59.989776172275974,0.88
9.703,0,59.99564725899094,0.8
9.704,0,59.9956493720729,0.8
9.705,0,59.99565148408633,0.8
9.706,0,59.995653595031776,0.8
9.707,0,59.99565570490978,0.8
9.708,0,59.99565781372087,0.8
9.709,0,59.995659921465595,0.8
9.71,0,59.995662028144494,0.8
9.711,0,59.995664133758105,0.8
9.712,0,59.99566623830697,0.8
9.713000000000001,0,59.995668341791614,0.8
9.714,0,59.99567044421259,0.8
9.715,0,59.99567254557043,0.8
9.716000000000001,0,59.99567464586567,0.8
9.717,0,59.99567674509885,0.8
9.718,0,59.995678843270504,0.8
9.719,0,59.99568094038118,0.8
9.72,0,59.995683036431394,0.8
9.721,0,59.9956851314217,0.8
9.722,0,59.995687225352626,0.8
9.723,0,59.99568931822471,0.8
9.724,0,59.99569141003849,0.8
9.725,0,59.995693500794495,0.8
9.726,0,59.99569559049326,0.8
9.727,0,59.99569767913533,0.8
9.728,0,59.99569976672123,0.8
9.729000000000001,0,59.9957018532515,0.8
9.73,0,59.995703938726656,0.8
9.731,0,59.99570602314726,0.8
9.732,0,59.995708106513824,0.8
9.733,0,59.995710188826884,0.8
9.734,0,59.99571227008698,0.8
9.735,0,59.99571435029464,0.8
9.736,0,59.995716429450404,0.8
9.737,0,59.99571850755479,0.8
9.738,0,59.995720584608335,0.8
9.739,0,59.99572266061158,0.8
9.74,0,59.99572473556504,0.8
9.741,0,59.995726809469254,0.8
9.742,0,59.995728882324755,0.8
9.743,0,59.99573095413207,0.8
9.744,0,59.995733024891734,0.8
9.745000000000001,0,59.99573509460427,0.8
9.746,0,59.99573716327021,0.8
9.747,0,59.99573923089009,0.8
9.748,0,59.99574129746442,0.8
9.749,0,59.99574336299375,0.8
9.75,0,59.99574542747859,0.8
9.751,0,59.995747490919484,0.8
9.752,0,59.995749553316955,0.8
9.753,0,59.995751614671526,0.8
9.754,0,59.99575367498373,0.8
9.755,0,59.99575573425409,0.8
9.756,0,59.99575779248313,0.8
9.757,0,59.99575984967139,0.8
9.758000000000001,0,59.995761905819386,0.8
9.759,0,59.99576396092764,0.8
9.76,0,59.99576601499668,0.8
9.761000000000001,0,59.99576806802704,0.8
9.762,0,59.995770120019245,0.8
9.763,0,59.99577217097381,0.8
9.764,0,59.995774220891256,0.8
9.765,0,59.99577626977213,0.8
9.766,0,59.99577831761693,0.8
9.767,0,59.9957803644262,0.8
9.768,0,59.995782410200455,0.8
9.769,0,59.995784454940214,0.8
9.77,0,59.99578649864601,0.8
9.771,0,59.992381142110645,0.6
9.772,0,59.97721474763348,0.6
9.773,0,59.962056022378924,0.6
9.774000000000001,0,59.94690496246885,0.6
9.775,0,59.931761564027155,0.6
9.776,0,59.91662582317963,0.6
9.777000000000001,0,59.901497736054004,0.6
9.778,0,59.88637729878006,0.6
9.779,0,59.871264507489464,0.6
9.78,0,59.85615935831584,0.6
9.781,0,59.84106184739477,0.6
9.782,0,59.82597197086385,0.6
9.783,0,59.81088972486255,0.6
9.784,0,59.79581510553231,0.6
9.785,0,59.78074810901658,0.6
9.786,0,59.76568873146069,0.6
9.787,0,59.75063696901192,0.6
9.788,0,59.735592817819565,0.6
9.789,0,59.72055627403482,0.6
9.790000000000001,0,59.705527333810785,0.6
9.791,0,59.702226241275284,0.88
9.792,0,59.711062260296856,0.88
9.793000000000001,0,59.719893811190104,0.88
9.794,0,59.728720896214405,0.88
9.795,0,59.73754351762805,0.88
9.796,0,59.74636167768814,0.88
9.797,0,59.755175378650705,0.88
9.798,0,59.763984622770536,0.88
9.799,0,59.77278941230135,0.88
9.8,0,59.78158974949572,0.88
9.801,0,59.790385636605045,0.88
9.802,0,59.799177075879626,0.88
9.803,0,59.80796406956861,0.88
9.804,0,59.816746619919996,0.88
9.805,0,59.825524729180664,0.88
9.806000000000001,0,59.834298399596356,0.88
9.807,0,59.84306763341165,0.88
9.808,0,59.851832432870026,0.88
9.809000000000001,0,59.86059280021382,0.88
9.81,0,59.869348737684206,0.88
9.811,0,59.87810024752126,0.88
9.812,0,59.88684733196393,0.88
9.813,0,59.89558999325,0.88
9.814,0,59.90432823361613,0.88
9.815,0,59.90134180732518,0.6
9.816,0,59.88622144890003,0.6
9.817,0,59.871108736418364,0.6
9.818,0,59.85600366601383,0.6
9.819,0,59.84090623382201,0.6
9.82,0,59.82581643598053,0.6
9.821,0,59.81073426862889,0.6
9.822000000000001,0,59.79565972790853,0.6
9.823,0,59.780592809962926,0.6
9.824,0,59.76553351093744,0.6
9.825000000000001,0,59.75048182697935,0.6
9.826,0,59.735437754238006,0.6
9.827,0,59.732121536837255,0.88
9.828,0,59.74094243864179,0.88
9.829,0,59.749758879962364,0.88
9.83,0,59.75857086305449,0.88
9.831,0,59.76737839017257,0.88
9.832,0,59.776181463569884,0.88
9.833,0,59.78498008549854,0.88
9.834,0,59.793774258209524,0.88
9.835,0,59.8025639839527,0.88
9.836,0,59.81134926497674,0.88
9.837,0,59.82013010352924,0.88
9.838000000000001,0,59.828906501856636,0.88
9.839,0,59.83767846220421,0.88
9.84,0,59.846445986816136,0.88
9.841000000000001,0,59.85520907793544,0.88
9.842,0,59.863967737804,0.88
9.843,0,59.8727219686626,0.88
9.844,0,59.88147177275085,0.88
9.845,0,59.889462809959234,0.85
9.846,0,59.89475257871216,0.85
9.847,0,59.90003967257658,0.85
9.848,0,59.90532409290514,0.85
9.849,0,59.91060584104974,0.85
9.85,0,59.915884918361634,0.85
9.851,0,59.9211613261914,0.85
9.852,0,59.92643506588891,0.85
9.853,0,59.931706138803364,0.85
9.854000000000001,0,59.93697454628329,0.85
9.855,0,59.94224028967651,0.85
9.856,0,59.94750337033018,0.85
9.857,0,59.95276378959079,0.85
9.858,0,59.958021548804126,0.85
9.859,0,59.963276649315276,0.85
9.86,0,59.9685290924687,0.85
9.861,0,59.97377887960815,0.85
9.862,0,59.97902601207667,0.85
9.863,0,59.98427049121668,0.85
9.864,0,59.98793734904357,0.8
9.865,0,59.98794336081192,0.8
9.866,0,59.98794936954029,0.8
9.867,0,59.98795537523021,0.8
9.868,0,59.98796137788322,0.8
9.869,0,59.98796737750085,0.8
9.870000000000001,0,59.987973374084646,0.8
9.871,0,59.987979367636136,0.8
9.872,0,59.987985358156855,0.8
9.873,0,59.98799134564834,0.8
9.874,0,59.98799733011211,0.8
9.875,0,59.988003311549704,0.8
9.876,0,59.988009289962655,0.8
9.877,0,59.988015265352495,0.8
9.878,0,59.98802123772074,0.8
9.879,0,59.988027207068924,0.8
9.88,0,59.98803317339858,0.8
9.881,0,59.98803913671122,0.8
9.882,0,59.98804509700839,0.8
9.883000000000001,0,59.988051054291596,0.8
9.884,0,59.98805700856237,0.8
9.885,0,59.98806295982224,0.8
9.886000000000001,0,59.98806890807272,0.8
9.887,0,59.98807485331534,0.8
9.888,0,59.98808079555162,0.8
9.889,0,59.98808673478307,0.8
9.89,0,59.988092671011216,0.8
9.891,0,59.98809860423758,0.8
9.892,0,59.98810453446367,0.8
9.893,0,59.98811046169102,0.8
9.894,0,59.98811638592113,0.8
9.895,0,59.98812230715553,0.8
9.896,0,59.98812822539572,0.8
9.897,0,59.98813414064322,0.8
9.898,0,59.988140052899546,0.8
9.899000000000001,0,59.988145962166215,0.8
9.9,0,59.988151868444724,0.8
9.901,0,59.988157771736596,0.8
9.902000000000001,0,59.98816367204334,0.8
9.903,0,59.98816956936646,0.8
9.904,0,59.98817546370747,0.8
9.905,0,59.98818135506787,0.8
9.906,0,59.98818724344918,0.8
9.907,0,59.988193128852906,0.8
9.908,0,59.988199011280535,0.8
9.909,0,59.98820489073359,0.8
9.91,0,59.98821076721357,0.8
9.911,0,59.98821664072198,0.8
9.912,0,59.98822251126032,0.8
9.913,0,59.988228378830094,0.8
9.914,0,59.98823424343279,0.8
9.915000000000001,0,59.988240105069934,0.8
9.916,0,59.988245963743005,0.8
9.917,0,59.98825181945351,0.8
9.918000000000001,0,59.98825767220295,0.8
9.919,0,59.988263521992806,0.8
9.92,0,59.9882693688246,0.8
9.921,0,59.988275212699804,0.8
9.922,0,59.98828105361993,0.8
9.923,0,59.98828689158646,0.8
9.924,0,59.988292726600896,0.8
9.925,0,59.98829855866473,0.8
9.926,0,59.98830438777945,0.8
9.927,0,59.98831021394655,0.8
9.928,0,59.988316037167515,0.8
9.929,0,59.98832185744384,0.8
9.93,0,59.988327674777025,0.8
9.931000000000001,0,59.98833348916854,0.8
9.932,0,59.98833930061988,0.8
9.933,0,59.988345109132524,0.8
9.934000000000001,0,59.98075182579016,0.6
9.935,0,59.96559131193385,0.6
9.936,0,59.950438464326496,0.6
9.937,0,59.93529327909148,0.6
9.938,0,59.920155752354134,0.6
9.939,0,59.905025880241816,0.6
9.94,0,59.889903658883775,0.6
9.941,0,59.87478908441121,0.6
9.942,0,59.85968215295736,0.6
9.943,0,59.84458286065734,0.6
9.944,0,59.8294912036482,0.6
9.945,0,59.81440717806906,0.6
9.946,0,59.81128065545528,0.88
9.947000000000001,0,59.82006152870171,0.88
9.948,0,59.828837961705474,0.88
9.949,0,59.83760995671188,0.88
9.950000000000001,0,59.84637751596513,0.88
9.951,0,59.855140641708225,0.88
9.952,0,59.86389933618308,0.88
9.953,0,59.87265360163047,0.88
9.954,0,59.881403440290036,0.88
9.955,0,59.89014885440025,0.88
9.956,0,59.898889846198514,0.88
9.957,0,59.90762641792107,0.88
9.958,0,59.916358571803,0.88
9.959,0,59.9250863100783,0.88
9.96,0,59.93380963497982,0.88
9.961,0,59.942528548739276,0.88
9.962,0,59.951243053587255,0.88
9.963000000000001,0,59.95995315175324,0.88
9.964,0,59.96667700253518,0.8
9.965,0,59.966693765067696,0.8
9.966000000000001,0,59.966710519123865,0.8
9.967,0,59.96672726470798,0.8
9.968,0,59.96674400182431,0.8
9.969,0,59.966760730477155,0.8
9.97,0,59.96677745067079,0.8
9.971,0,59.966794162409485,0.8
9.972,0,59.96681086569752,0.8
9.973,0,59.966827560539166,0.8
9.974,0,59.9668442469387,0.8
9.975,0,59.96686092490039,0.8
9.976,0,59.966877594428496,0.8
9.977,0,59.966894255527286,0.8
9.978,0,59.96691090820102,0.8
9.979000000000001,0,59.96692755245397,0.8
9.98,0,59.96694418829038,0.8
9.981,0,59.966960815714515,0.8
9.982000000000001,0,59.96697743473062,0.8
9.983,0,59.96699404534296,0.8
9.984,0,59.96701064755577,0.8
9.985,0,59.9670272413733,0.8
9.986,0,59.96704382679981,0.8
9.987,0,59.967060403839525,0.8
9.988,0,59.9670769724967,0.8
9.989,0,59.96709353277556,0.8
9.99,0,59.96711008468035,0.8
9.991,0,59.96712662821531,0.8
9.992,0,59.96714316338466,0.8
9.993,0,59.96715969019264,0.8
9.994,0,59.96717620864347,0.8
9.995000000000001,0,59.96719271874138,0.8
9.996,0,59.9672092204906,0.8
9.997,0,59.96722571389534,0.8
9.998,0,59.96724219895983,0.8
9.999,0,59.96725867568828,0.8
10.0,0,58.92985950364205,0.6
0.0,1,25.0,0.6
0.001,1,25.00252827654496,0.6
0.002,1,25.005055274611,0.6
0.003,1,25.007580994844606,0.6
0.004,1,25.010105437891948,0.6
0.005,1,25.01262860439886,0.6
0.006,1,25.015150495010854,0.6
0.007,1,25.017671110373115,0.6
0.008,1,25.0201904511305,0.6
0.009000000000000001,1,25.02270851792754,0.6
0.01,1,25.025225311408445,0.6
0.011,1,25.02774083221709,0.6
0.012,1,25.030255080997037,0.6
0.013000000000000001,1,25.03276805839151,0.6
0.014,1,25.035279765043416,0.6
0.015,1,25.03779020159533,0.6
0.016,1,25.040299368689514,0.6
0.017,1,25.042807266967888,0.6
0.018000000000000002,1,25.061866264548932,0.88
0.019,1,25.08821894730903,0.88
0.02,1,25.11455830425257,0.88
0.021,1,25.140884342118042,0.88
0.022,1,25.167197067640544,0.88
0.023,1,25.193496487551748,0.88
0.024,1,25.219782608579926,0.88
0.025,1,25.246055437449968,0.88
0.026000000000000002,1,25.27231498088333,0.88
0.027,1,25.298561245598094,0.88
0.028,1,25.32479423830894,0.88
0.029,1,25.351013965727148,0.88
0.03,1,25.377220434560613,0.88
0.031,1,25.403413651513816,0.88
0.032,1,25.42959362328787,0.88
0.033,1,25.455760356580505,0.88
0.034,1,25.48191385808603,0.88
0.035,1,25.508054134495417,0.88
0.036000000000000004,1,25.5341811924962,0.88
0.037,1,25.56029503877258,0.88
0.038,1,25.586395680005353,0.88
0.039,1,25.612483122871936,0.88
0.04,1,25.63855737404637,0.88
0.041,1,25.66461844019934,0.88
0.042,1,25.690666327998137,0.88
0.043000000000000003,1,25.716701044106692,0.88
0.044,1,25.74272259518554,0.88
0.045,1,25.7687309878919,0.88
0.046,1,25.79472622887957,0.88
0.047,1,25.82070832479902,0.88
0.048,1,25.846677282297343,0.88
0.049,1,25.87263310801827,0.88
0.05,1,25.898575808602168,0.88
0.051000000000000004,1,25.924505390686065,0.88
0.052000000000000005,1,25.95042186090361,0.88
0.053,1,25.97632522588512,0.88
0.054,1,25.994337868584296,0.6
0.055,1,25.99636333620642,0.6
0.056,1,25.998387779606073,0.6
0.057,1,26.00041119930117,0.6
0.058,1,26.00243359580937,0.6
0.059000000000000004,1,26.004454969648073,0.6
0.06,1,26.00647532133441,0.6
0.061,1,26.008494651385256,0.6
0.062,1,26.01051296031723,0.6
0.063,1,26.012530248646673,0.6
0.064,1,26.014546516889684,0.6
0.065,1,26.016561765562088,0.6
0.066,1,26.018575995179454,0.6
0.067,1,26.02058920625709,0.6
0.068,1,26.02260139931004,0.6
0.069,1,26.0246125748531,0.6
0.07,1,26.026622733400785,0.6
0.07100000000000001,1,26.02863187546737,0.6
0.07200000000000001,1,26.030640001566855,0.6
0.073,1,26.03264711221299,0.6
0.074,1,26.03465320791926,0.6
0.075,1,26.03665828919889,0.6
0.076,1,26.038662356564853,0.6
0.077,1,26.04066541052985,0.6
0.078,1,26.042667451606334,0.6
0.079,1,26.04466848030649,0.6
0.08,1,26.046668497142257,0.6
0.081,1,26.048667502625296,0.6
0.082,1,26.050665497267026,0.6
0.083,1,26.052662481578604,0.6
0.084,1,26.054658456070918,0.6
0.085,1,26.056653421254612,0.6
0.08600000000000001,1,26.05864737764006,0.6
0.08700000000000001,1,26.06064032573739,0.6
0.088,1,26.062632266056458,0.6
0.089,1,26.06462319910687,0.6
0.09,1,26.06661312539798,0.6
0.091,1,26.068602045438872,0.6
0.092,1,26.07058995973838,0.6
0.093,1,26.072576868805083,0.6
0.094,1,26.098342875091973,0.88
0.095,1,26.124171440542902,0.88
0.096,1,26.149986945208774,0.88
0.097,1,26.17578939569406,0.88
0.098,1,26.20157879859991,0.88
0.099,1,26.227355160524112,0.88
0.1,1,26.25311848806112,0.88
0.101,1,26.278868787802075,0.88
0.10200000000000001,1,26.304606066334756,0.88
0.10300000000000001,1,26.330330330243633,0.88
0.10400000000000001,1,26.356041586109832,0.88
0.105,1,26.381739840511166,0.88
0.106,1,26.407425100022117,0.88
0.107,1,26.43309737121382,0.88
0.108,1,26.458756660654117,0.88
0.109,1,26.484402974907518,0.88
0.11,1,26.51003632053522,0.88
0.111,1,26.535656704095075,0.88
0.112,1,26.561264132141652,0.88
0.113,1,26.586858611226198,0.88
0.114,1,26.612440147896628,0.88
0.115,1,26.638008748697573,0.88
0.116,1,26.66356442017033,0.88
0.117,1,26.689107168852914,0.88
0.11800000000000001,1,26.714637001279996,0.88
0.11900000000000001,1,26.740153923982994,0.88
0.12,1,26.765657943489977,0.88
0.121,1,26.791149066325737,0.88
0.122,1,26.816627299011756,0.88
0.123,1,26.84209264806624,0.88
0.124,1,26.86754512000406,0.88
0.125,1,26.892984721336823,0.88
0.126,1,26.91841145857284,0.88
0.127,1,26.943825338217124,0.88
0.128,1,26.9692263667714,0.88
0.129,1,26.9946145507341,0.88
0.13,1,27.01998989660038,0.88
0.131,1,27.045352410862108,0.88
0.132,1,27.070702100007864,0.88
0.133,1,27.09603897052296,0.88
0.134,1,27.121363028889412,0.88
0.135,1,27.146674281585973,0.88
0.136,1,27.171972735088104,0.88
0.137,1,27.197258395868012,0.88
0.138,1,27.222531270394605,0.88
0.139,1,27.24779136513355,0.88
0.14,1,27.273038686547224,0.88
0.14100000000000001,1,27.298273241094734,0.88
0.14200000000000002,1,27.323495035231936,0.88
0.14300000000000002,1,27.348704075411405,0.88
0.14400000000000002,1,27.37390036808248,0.88
0.145,1,27.3990839196912,0.88
0.146,1,27.424254736680375,0.88
0.147,1,27.449412825489546,0.88
0.148,1,27.474558192554994,0.88
0.149,1,27.49969084430976,0.88
0.15,1,27.52481078718361,0.88
0.151,1,27.549918027603077,0.88
0.152,1,27.575012571991437,0.88
0.153,1,27.599332184814358,0.8
0.154,1,27.61571621072583,0.8
0.155,1,27.63209195169243,0.8
0.156,1,27.64845941190363,0.8
0.157,1,27.664818595546777,0.8
0.158,1,27.6811695068071,0.8
0.159,1,27.697512149867713,0.8
0.16,1,27.713846528909606,0.8
0.161,1,27.730172648111676,0.8
0.162,1,27.746490511650684,0.8
0.163,1,27.76280012370129,0.8
0.164,1,27.77910148843604,0.8
0.165,1,27.795394610025383,0.8
0.166,1,27.812441734592,0.88
0.167,1,27.837403528064897,0.88
0.168,1,27.86235269905515,0.88
0.169,1,27.88728925394561,0.88
0.17,1,27.91221319911586,0.88
0.171,1,27.937124540942307,0.88
0.17200000000000001,1,27.962023285798097,0.88
0.17300000000000001,1,27.986909440053168,0.88
0.17400000000000002,1,28.01178301007424,0.88
0.17500000000000002,1,28.036644002224804,0.88
0.176,1,28.061492422865143,0.88
0.177,1,28.08632827835232,0.88
0.178,1,28.111151575040175,0.88
0.179,1,28.13596231927935,0.88
0.18,1,28.160760517417266,0.88
0.181,1,28.185546175798137,0.88
0.182,1,28.21031930076296,0.88
0.183,1,28.235079898649545,0.88
0.184,1,28.259827975792483,0.88
0.185,1,28.284563538523166,0.88
0.186,1,28.30928659316978,0.88
0.187,1,28.333997146057314,0.88
0.188,1,28.35869520350756,0.88
0.189,1,28.383380771839107,0.88
0.19,1,28.408053857367364,0.88
0.191,1,28.432714466404533,0.88
0.192,1,28.457362605259625,0.88
0.193,1,28.479656594123654,0.8
0.194,1,28.495595464538212,0.8
0.195,1,28.511526275110615,0.8
0.196,1,28.52744902991651,0.8
0.197,1,28.54336373302947,0.8
0.198,1,28.559270388521007,0.8
0.199,1,28.575169000460583,0.8
0.2,1,28.5910595729156,0.8
0.201,1,28.606942109951394,0.8
0.202,1,28.62281661563126,0.8
0.203,1,28.63868309401642,0.8
0.20400000000000001,1,28.65454154916607,0.8
0.20500000000000002,1,28.67039198513732,0.8
0.20600000000000002,1,28.682144414187295,0.6
0.20700000000000002,1,28.68281073301636,0.6
0.20800000000000002,1,28.683476714906583,0.6
0.209,1,28.684142360028343,0.6
0.21,1,28.68480766855193,0.6
0.211,1,28.685472640647557,0.6
0.212,1,28.686137276485344,0.6
0.213,1,28.68680157623533,0.6
0.214,1,28.68746554006746,0.6
0.215,1,28.6881291681516,0.6
0.216,1,28.688792460657535,0.6
0.217,1,28.68945541775495,0.6
0.218,1,28.690118039613456,0.6
0.219,1,28.69078032640257,0.6
0.22,1,28.69144227829173,0.6
0.221,1,28.692103895450288,0.6
0.222,1,28.6927651780475,0.6
0.223,1,28.693426126252554,0.6
0.224,1,28.71642138390947,0.88
0.225,1,28.74092606009045,0.88
0.226,1,28.765418344940258,0.88
0.227,1,28.78989824472483,0.88
0.228,1,28.81436576570696,0.88
0.229,1,28.838820914146254,0.88
0.23,1,28.863263696299164,0.88
0.231,1,28.887694118418985,0.88
0.232,1,28.91211218675582,0.88
0.233,1,28.936517907556656,0.88
0.234,1,28.96091128706528,0.88
0.23500000000000001,1,28.98247571193774,0.6
0.23600000000000002,1,28.982990161607354,0.6
0.23700000000000002,1,28.98350435113412,0.6
0.23800000000000002,1,28.984018280649586,0.6
0.23900000000000002,1,28.98453195028523,0.6
0.24,1,28.98504536017247,0.6
0.241,1,28.98555851044265,0.6
0.242,1,28.986071401227054,0.6
0.243,1,28.986584032656896,0.6
0.244,1,28.987096404863323,0.6
0.245,1,28.98760851797742,0.6
0.246,1,28.9881203721302,0.6
0.247,1,28.988631967452612,0.6
0.248,1,28.98914330407554,0.6
0.249,1,28.989654382129803,0.6
0.25,1,28.99016520174615,0.6
0.251,1,28.99067576305527,0.6
0.252,1,28.991186066187772,0.6
0.253,1,28.99169611127422,0.6
0.254,1,28.992205898445093,0.6
0.255,1,28.992715427830813,0.6
0.256,1,28.99322469956174,0.6
0.257,1,28.993733713768158,0.6
0.258,1,28.99424247058029,0.6
0.259,1,28.99475097012829,0.6
0.26,1,28.99525921254226,0.6
0.261,1,28.995767197952215,0.6
0.262,1,28.99627492648812,0.6
0.263,1,28.996782398279866,0.6
0.264,1,28.997289613457284,0.6
0.265,1,28.997796572150136,0.6
0.266,1,28.99830327448812,0.6
0.267,1,28.998809720600864,0.6
0.268,1,28.999315910617938,0.6
0.269,1,28.999821844668837,0.6
0.27,1,29.000327522883005,0.6
0.271,1,29.000832945389803,0.6
0.272,1,29.00133811231854,0.6
0.273,1,29.00184302379845,0.6
0.274,1,29.00234767995871,0.6
0.275,1,29.002852080928427,0.6
0.276,1,29.003356226836647,0.6
0.277,1,29.00386011781234,0.6
0.278,1,29.013310851661195,0.88
0.279,1,29.037665399120144,0.88
0.28,1,29.062007631163823,0.88
0.281,1,29.086337554019785,0.88
0.28200000000000003,1,29.110655173912455,0.88
0.28300000000000003,1,29.13496049706309,0.88
0.28400000000000003,1,29.159253529689813,0.88
0.28500000000000003,1,29.183534278007592,0.88
0.28600000000000003,1,29.207802748228268,0.88
0.28700000000000003,1,29.23205894656052,0.88
0.28800000000000003,1,29.25630287920992,0.88
0.289,1,29.28053455237886,0.88
0.29,1,29.30475397226663,0.88
0.291,1,29.32896114506938,0.88
0.292,1,29.3531560769801,0.88
0.293,1,29.377338774188672,0.88
0.294,1,29.401509242881858,0.88
0.295,1,29.42566748924326,0.88
0.296,1,29.44981351945338,0.88
0.297,1,29.47394733968958,0.88
0.298,1,29.49806895612611,0.88
0.299,1,29.522178374934086,0.88
0.3,1,29.546275602281504,0.88
0.301,1,29.570360644333263,0.88
0.302,1,29.594433507251104,0.88
0.303,1,29.618494197193684,0.88
0.304,1,29.64254272031655,0.88
0.305,1,29.666579082772103,0.88
0.306,1,29.690603290709667,0.88
0.307,1,29.714615350275437,0.88
0.308,1,29.738615267612502,0.88
0.309,1,29.762603048860868,0.88
0.31,1,29.786578700157392,0.88
0.311,1,29.810542227635864,0.88
0.312,1,29.83449363742696,0.88
0.313,1,29.85843293565825,0.88
0.314,1,29.882360128454224,0.88
0.315,1,29.906275221936248,0.88
0.316,1,29.930178222222622,0.88
0.317,1,29.954069135428533,0.88
0.318,1,29.977947967666076,0.88
0.319,1,30.001814725044262,0.88
0.32,1,30.025669413669007,0.88
0.321,1,30.049512039643155,0.88
0.322,1,30.073342609066444,0.88
0.323,1,30.09716112803553,0.88
0.324,1,30.120967602644,0.88
0.325,1,30.14476203898235,0.88
0.326,1,30.168544443137996,0.88
0.327,1,30.192314821195268,0.88
0.328,1,30.21607317923545,0.88
0.329,1,30.239819523336706,0.88
0.33,1,30.263553859574166,0.88
0.331,1,30.28727619401986,0.88
0.332,1,30.310986532742774,0.88
0.333,1,30.334684881808798,0.88
0.334,1,30.358371247280772,0.88
0.335,1,30.38204563521846,0.88
0.336,1,30.405708051678573,0.88
0.337,1,30.42935850271475,0.88
0.338,1,30.45299699437758,0.88
0.339,1,30.476623532714576,0.88
0.34,1,30.500238123770195,0.88
0.341,1,30.52384077358586,0.88
0.342,1,30.547431488199912,0.88
0.343,1,30.57101027364765,0.88
0.34400000000000003,1,30.59457713596133,0.88
0.34500000000000003,1,30.61813208117014,0.88
0.34600000000000003,1,30.641675115300224,0.88
0.34700000000000003,1,30.665206244374694,0.88
0.34800000000000003,1,30.688725474413594,0.88
0.34900000000000003,1,30.712232811433942,0.88
0.35000000000000003,1,30.7357282614497,0.88
0.35100000000000003,1,30.743758672883313,0.6
0.352,1,30.743382490891015,0.6
0.353,1,30.743006499123457,0.6
0.354,1,30.742630697484444,0.6
0.355,1,30.74225508587784,0.6
0.356,1,30.74187966420755,0.6
0.357,1,30.74150443237752,0.6
0.358,1,30.741129390291764,0.6
0.359,1,30.74075453785433,0.6
0.36,1,30.74037987496931,0.6
0.361,1,30.740005401540866,0.6
0.362,1,30.739631117473188,0.6
0.363,1,30.739257022670518,0.6
0.364,1,30.738883117037158,0.6
0.365,1,30.738509400477447,0.6
0.366,1,30.738135872895775,0.6
0.367,1,30.73776253419658,0.6
0.368,1,30.737389384284352,0.6
0.369,1,30.737016423063626,0.6
0.37,1,30.73664365043898,0.6
0.371,1,30.73627106631506,0.6
0.372,1,30.735898670596534,0.6
0.373,1,30.735526463188137,0.6
0.374,1,30.735154443994638,0.6
0.375,1,30.743874299457424,0.88
0.376,1,30.767353749255328,0.88
0.377,1,30.790821326150443,0.88
0.378,1,30.814277036146564,0.88
0.379,1,30.83772088524443,0.88
0.38,1,30.861152879441782,0.88
0.381,1,30.884573024733307,0.88
0.382,1,30.907981327110676,0.88
0.383,1,30.931377792562515,0.88
0.384,1,30.95476242707442,0.88
0.385,1,30.978135236628965,0.88
0.386,1,31.00149622720572,0.88
0.387,1,31.024845404781203,0.88
0.388,1,31.04818277532891,0.88
0.389,1,31.071508344819335,0.88
0.39,1,31.09482211921995,0.88
0.391,1,31.11812410449518,0.88
0.392,1,31.141414306606478,0.88
0.393,1,31.164692731512254,0.88
0.394,1,31.18795938516792,0.88
0.395,1,31.211214273525854,0.88
0.396,1,31.23445740253544,0.88
0.397,1,31.25768877814307,0.88
0.398,1,31.2809084062921,0.88
0.399,1,31.304116292922885,0.88
0.4,1,31.3273124439728,0.88
0.401,1,31.35049686537618,0.88
0.402,1,31.373669563064396,0.88
0.403,1,31.3968305429658,0.88
0.404,1,31.419979811005753,0.88
0.405,1,31.44311737310661,0.88
0.406,1,31.466243235187747,0.88
0.40700000000000003,1,31.48935740316552,0.88
0.40800000000000003,1,31.51245988295333,0.88
0.40900000000000003,1,31.53555068046156,0.88
0.41000000000000003,1,31.55862980159761,0.88
0.41100000000000003,1,31.581697252265904,0.88
0.41200000000000003,1,31.60475303836786,0.88
0.41300000000000003,1,31.627797165801937,0.88
0.41400000000000003,1,31.6508296404636,0.88
0.41500000000000004,1,31.673850468245313,0.88
0.41600000000000004,1,31.69685965503659,0.88
0.417,1,31.719857206723958,0.88
0.418,1,31.74284312919096,0.88
0.419,1,31.765817428318158,0.88
0.42,1,31.788780109983172,0.88
0.421,1,31.81173118006062,0.88
0.422,1,31.834670644422147,0.88
0.423,1,31.857598508936455,0.88
0.424,1,31.88051477946925,0.88
0.425,1,31.903419461883303,0.88
0.426,1,31.926312562038376,0.88
0.427,1,31.94919408579132,0.88
0.428,1,31.96080357274959,0.6
0.429,1,31.95981196510121,0.6
0.43,1,31.958820858881154,0.6
0.431,1,31.957830253835866,0.6
0.432,1,31.95684014971192,0.6
0.433,1,31.955850546256006,0.6
0.434,1,31.954861443214956,0.6
0.435,1,31.953872840335723,0.6
0.436,1,31.952884737365387,0.6
0.437,1,31.951897134051162,0.6
0.438,1,31.95091003014038,0.6
0.439,1,31.949923425380515,0.6
0.44,1,31.948937319519153,0.6
0.441,1,31.947951712304018,0.6
0.442,1,31.946966603482956,0.6
0.443,1,31.945981992803947,0.6
0.444,1,31.94499788001509,0.6
0.445,1,31.944014264864624,0.6
0.446,1,31.943031147100896,0.6
0.447,1,31.942048526472398,0.6
0.448,1,31.941066402727742,0.6
0.449,1,31.940084775615667,0.6
0.45,1,31.939103644885037,0.6
0.451,1,31.938123010284855,0.6
0.452,1,31.93714287156423,0.6
0.453,1,31.936163228472417,0.6
0.454,1,31.935184080758788,0.6
0.455,1,31.93420542817284,0.6
0.456,1,31.93322727046421,0.6
0.457,1,31.932249607382644,0.6
0.458,1,31.93127243867803,0.6
0.459,1,31.930295764100368,0.6
0.46,1,31.9293195833998,0.6
0.461,1,31.928343896326577,0.6
0.462,1,31.927368702631092,0.6
0.463,1,31.926394002063855,0.6
0.464,1,31.925419794375504,0.6
0.465,1,31.924446079316805,0.6
0.466,1,31.92347285663865,0.6
0.467,1,31.925807912503657,0.88
0.468,1,31.94868969144379,0.88
0.46900000000000003,1,31.971559899706612,0.88
0.47000000000000003,1,31.994418543143077,0.88
0.47100000000000003,1,32.01726562760121,0.88
0.47200000000000003,1,32.040101158926056,0.88
0.47300000000000003,1,32.06292514295971,0.88
0.47400000000000003,1,32.08573758554133,0.88
0.47500000000000003,1,32.10853849250709,0.88
0.47600000000000003,1,32.131327869690224,0.88
0.47700000000000004,1,32.154105722921045,0.88
0.47800000000000004,1,32.17687205802687,0.88
0.47900000000000004,1,32.19962688083212,0.88
0.48,1,32.22237019715822,0.88
0.481,1,32.245102012823686,0.88
0.482,1,32.26782233364408,0.88
0.483,1,32.29053116543202,0.88
0.484,1,32.313228513997196,0.88
0.485,1,32.33591438514635,0.88
0.486,1,32.3585887846833,0.88
0.487,1,32.381251718408905,0.88
0.488,1,32.40390319212111,0.88
0.489,1,32.426543211614934,0.88
0.49,1,32.44917178268245,0.88
0.491,1,32.4717889111128,0.88
0.492,1,32.49439460269222,0.88
0.493,1,32.516988863204,0.88
0.494,1,32.5395716984285,0.88
0.495,1,32.5621431141432,0.88
0.496,1,32.5847031161226,0.88
0.497,1,32.607251710138314,0.88
0.498,1,32.62978890195903,0.88
0.499,1,32.652314697350526,0.88
0.5,1,32.674829102075655,0.88
0.501,1,32.697332121894355,0.88
0.502,1,32.71982376256367,0.88
0.503,1,32.742304029837705,0.88
0.504,1,32.76477292946767,0.88
0.505,1,32.78723046720187,0.88
0.506,1,32.8096766487857,0.88
0.507,1,32.81362246820545,0.6
0.508,1,32.81219961383124,0.6
0.509,1,32.81077747895479,0.6
0.51,1,32.80935606321228,0.6
0.511,1,32.80793536624006,0.6
0.512,1,32.80651538767467,0.6
0.513,1,32.80509612715283,0.6
0.514,1,32.80367758431144,0.6
0.515,1,32.8022597587876,0.6
0.516,1,32.80084265021857,0.6
0.517,1,32.79942625824182,0.6
0.518,1,32.79801058249498,0.6
0.519,1,32.796595622615875,0.6
0.52,1,32.7951813782425,0.6
0.521,1,32.793767849013065,0.6
0.522,1,32.79235503456593,0.6
0.523,1,32.79094293453965,0.6
0.524,1,32.800069099329875,0.88
0.525,1,32.82250878877557,0.88
0.526,1,32.84493713109627,0.88
0.527,1,32.86735413202991,0.88
0.528,1,32.889759797311505,0.88
0.529,1,32.91215413267317,0.88
0.53,1,32.934537143844146,0.88
0.531,1,32.95690883655075,0.88
0.532,1,32.97926921651642,0.88
0.533,1,33.00161828946169,0.88
0.534,1,33.0239560611042,0.88
0.535,1,33.04628253715872,0.88
0.536,1,33.068597723337085,0.88
0.537,1,33.090901625348295,0.88
0.538,1,33.11319424889843,0.88
0.539,1,33.1354755996907,0.88
0.54,1,33.15774568342541,0.88
0.541,1,33.180004505800014,0.88
0.542,1,33.20225207250905,0.88
0.543,1,33.22448838924421,0.88
0.544,1,33.24671346169428,0.88
0.545,1,33.26892729554518,0.88
0.546,1,33.29112989647997,0.88
0.547,1,33.31332127017882,0.88
0.548,1,33.33550142231901,0.88
0.549,1,33.35767035857499,0.88
0.55,1,33.379828084618325,0.88
0.551,1,33.401974606117676,0.88
0.552,1,33.4241099287389,0.88
0.553,1,33.446234058144945,0.88
0.554,1,33.46834699999591,0.88
0.555,1,33.49044875994902,0.88
0.556,1,33.51253934365865,0.88
0.557,1,33.53461875677633,0.88
0.558,1,33.55668700495071,0.88
0.559,1,33.57874409382758,0.88
0.56,1,33.6007900290499,0.88
0.561,1,33.622824816257754,0.88
0.562,1,33.64484846108838,0.88
0.5630000000000001,1,33.66686096917617,0.88
0.5640000000000001,1,33.68886234615267,0.88
0.5650000000000001,1,33.71085259764656,0.88
0.5660000000000001,1,33.732831729283696,0.88
0.5670000000000001,1,33.75479974668708,0.88
0.5680000000000001,1,33.77675665547686,0.88
0.5690000000000001,1,33.79870246127036,0.88
0.5700000000000001,1,33.82063716968206,0.88
0.5710000000000001,1,33.84256078632358,0.88
0.5720000000000001,1,33.86447331680374,0.88
0.5730000000000001,1,33.88637476672849,0.88
0.5740000000000001,1,33.90826514170095,0.88
0.5750000000000001,1,33.93014444732143,0.88
0.5760000000000001,1,33.95201268918739,0.88
0.577,1,33.97386987289345,0.88
0.578,1,33.99571600403143,0.88
0.579,1,34.0175510881903,0.88
0.58,1,34.0393751309562,0.88
0.581,1,34.06118813791246,0.88
0.582,1,34.082990114639585,0.88
0.583,1,34.10478106671525,0.88
0.584,1,34.12656099971431,0.88
0.585,1,34.14832991920881,0.88
0.586,1,34.170087830767976,0.88
0.587,1,34.19183473995821,0.88
0.588,1,34.213570652343094,0.88
0.589,1,34.23529557348342,0.88
0.59,1,34.257009508937145,0.88
0.591,1,34.27871246425943,0.88
0.592,1,34.30040444500262,0.88
0.593,1,34.322085456716245,0.88
0.594,1,34.34375550494705,0.88
0.595,1,34.365414595238946,0.88
0.596,1,34.38706273313308,0.88
0.597,1,34.40869992416775,0.88
0.598,1,34.4303261738785,0.88
0.599,1,34.45194148779803,0.88
0.6,1,34.47354587145628,0.88
0.601,1,34.495139330380375,0.88
0.602,1,34.51672187009464,0.88
0.603,1,34.53829349612064,0.88
0.604,1,34.55985421397709,0.88
0.605,1,34.581404029179964,0.88
0.606,1,34.60294294724243,0.88
0.607,1,34.62447097367486,0.88
0.608,1,34.64598811398486,0.88
0.609,1,34.66749437367723,0.88
0.61,1,34.688989758253996,0.88
0.611,1,34.710474273214395,0.88
0.612,1,34.7319479240549,0.88
0.613,1,34.75341071626919,0.88
0.614,1,34.77486265534816,0.88
0.615,1,34.79630374677995,0.88
0.616,1,34.81773399604991,0.88
0.617,1,34.839153408640605,0.88
0.618,1,34.86056199003187,0.88
0.619,1,34.881959745700705,0.88
0.62,1,34.90334668112141,0.88
0.621,1,34.924722801765455,0.88
0.622,1,34.94608811310159,0.88
0.623,1,34.96744262059577,0.88
0.624,1,34.9887863297112,0.88
0.625,1,35.01011924590833,0.88
0.626,1,35.03144137464481,0.88
0.627,1,35.052752721375576,0.88
0.628,1,35.074053291552794,0.88
0.629,1,35.09534309062585,0.88
0.63,1,35.116622124041406,0.88
0.631,1,35.13789039724334,0.88
0.632,1,35.159147915672804,0.88
0.633,1,35.18039468476819,0.88
0.634,1,35.201630709965116,0.88
0.635,1,35.222855996696495,0.88
0.636,1,35.24407055039245,0.88
0.637,1,35.26527437648039,0.88
0.638,1,35.286467480384964,0.88
0.639,1,35.30764986752808,0.88
0.64,1,35.32882154332891,0.88
0.641,1,35.34998251320387,0.88
0.642,1,35.371132782566654,0.88
0.643,1,35.392272356828215,0.88
0.644,1,35.41340124139677,0.88
0.645,1,35.43451944167779,0.88
0.646,1,35.455626963074025,0.88
0.647,1,35.47672381098549,0.88
0.648,1,35.49780999080947,0.88
0.649,1,35.51888550794052,0.88
0.65,1,35.539950367770466,0.88
0.651,1,35.5610045756884,0.88
0.652,1,35.582048137080704,0.88
0.653,1,35.603081057331025,0.88
0.654,1,35.624103341820295,0.88
0.655,1,35.64511499592672,0.88
0.656,1,35.666116025025794,0.88
0.657,1,35.687106434490275,0.88
0.658,1,35.708086229690224,0.88
0.659,1,35.72905541599298,0.88
0.66,1,35.750013998763166,0.88
0.661,1,35.77096198336268,0.88
0.662,1,35.79189937515074,0.88
0.663,1,35.81282617948383,0.88
0.664,1,35.83374240171572,0.88
0.665,1,35.85464804719749,0.88
0.666,1,35.875543121277516,0.88
0.667,1,35.89642762930144,0.88
0.668,1,35.917301576612246,0.88
0.669,1,35.93816496855018,0.88
0.67,1,35.9590178104528,0.88
0.671,1,35.97986010765496,0.88
0.672,1,36.00069186548883,0.88
0.673,1,36.02151308928387,0.88
0.674,1,36.04232378436685,0.88
0.675,1,36.06312395606185,0.88
0.676,1,36.08391360969025,0.88
0.677,1,36.104692750570734,0.88
0.678,1,36.125461384019324,0.88
0.679,1,36.14621951534932,0.88
0.68,1,36.166967149871354,0.88
0.681,1,36.18770429289338,0.88
0.682,1,36.208430949720636,0.88
0.683,1,36.229147125655714,0.88
0.684,1,36.24985282599851,0.88
0.685,1,36.27054805604623,0.88
0.686,1,36.29123282109341,0.88
0.687,1,36.31190712643192,0.88
0.6880000000000001,1,36.33257097735093,0.88
0.6890000000000001,1,36.353224379136954,0.88
0.6900000000000001,1,36.373867337073825,0.88
0.6910000000000001,1,36.394499856442714,0.88
0.6920000000000001,1,36.415121942522106,0.88
0.6930000000000001,1,36.435733600587824,0.88
0.6940000000000001,1,36.456334835913026,0.88
0.6950000000000001,1,36.4769256537682,0.88
0.6960000000000001,1,36.49750605942117,0.88
0.6970000000000001,1,36.5180760581371,0.88
0.6980000000000001,1,36.53863565517848,0.88
0.6990000000000001,1,36.5514006461115,0.8
0.7000000000000001,1,36.56325786072234,0.8
0.7010000000000001,1,36.5751090794705,0.8
0.7020000000000001,1,36.586954305387934,0.8
0.7030000000000001,1,36.59879354150505,0.8
0.704,1,36.610626790850716,0.8
0.705,1,36.622454056452284,0.8
0.706,1,36.63427534133557,0.8
0.707,1,36.64609064852483,0.8
0.708,1,36.657899981042846,0.8
0.709,1,36.66970334191083,0.8
0.71,1,36.68150073414848,0.8
0.711,1,36.693292160773964,0.8
0.712,1,36.71286183449758,0.88
0.713,1,36.733322933805454,0.88
0.714,1,36.75377368650618,0.88
0.715,1,36.774214097831745,0.88
0.716,1,36.794644173011484,0.88
0.717,1,36.81506391727212,0.88
0.718,1,36.83547333583768,0.88
0.719,1,36.85587243392962,0.88
0.72,1,36.87626121676668,0.88
0.721,1,36.896639689565006,0.88
0.722,1,36.91700785753811,0.88
0.723,1,36.93736572589683,0.88
0.724,1,36.95771329984942,0.88
0.725,1,36.97805058460147,0.88
0.726,1,36.998377585355925,0.88
0.727,1,37.018694307313126,0.88
0.728,1,37.03900075567078,0.88
0.729,1,37.05929693562394,0.88
0.73,1,37.07958285236507,0.88
0.731,1,37.099858511083994,0.88
0.732,1,37.12012391696789,0.88
0.733,1,37.140379075201345,0.88
0.734,1,37.1606239909663,0.88
0.735,1,37.18085866944209,0.88
0.736,1,37.201083115805424,0.88
0.737,1,37.221297335230396,0.88
0.738,1,37.24150133288849,0.88
0.739,1,37.26169511394857,0.88
0.74,1,37.28187868357687,0.88
0.741,1,37.302052046937035,0.88
0.742,1,37.3222152091901,0.88
0.743,1,37.342368175494464,0.88
0.744,1,37.36251095100593,0.88
0.745,1,37.38264354087772,0.88
0.746,1,37.40276595026042,0.88
0.747,1,37.422878184302,0.88
0.748,1,37.44298024814787,0.88
0.749,1,37.4630721469408,0.88
0.75,1,37.48315388582098,0.88
0.751,1,37.503225469926,0.88
0.752,1,37.51708163832036,0.8
0.753,1,37.52845053499135,0.8
0.754,1,37.539813682728436,0.8
0.755,1,37.55117108443868,0.8
0.756,1,37.5625227430277,0.8
0.757,1,37.573868661399636,0.8
0.758,1,37.58520884245715,0.8
0.759,1,37.59654328910143,0.8
0.76,1,37.60787200423222,0.8
0.761,1,37.619194990747786,0.8
0.762,1,37.63051225154494,0.8
0.763,1,37.641823789518995,0.8
0.764,1,37.65312960756384,0.8
0.765,1,37.670634974642354,0.88
0.766,1,37.69061175479058,0.88
0.767,1,37.710578433238354,0.88
0.768,1,37.73053501509381,0.88
0.769,1,37.7504815054625,0.88
0.77,1,37.770417909447445,0.88
0.771,1,37.79034423214902,0.88
0.772,1,37.81026047866504,0.88
0.773,1,37.83016665409078,0.88
0.774,1,37.85006276351889,0.88
0.775,1,37.86994881203948,0.88
0.776,1,37.889824804740044,0.88
0.777,1,37.90969074670556,0.88
0.778,1,37.92954664301838,0.88
0.779,1,37.94939249875832,0.88
0.78,1,37.96922831900262,0.88
0.781,1,37.98905410882595,0.88
0.782,1,38.008869873300405,0.88
0.783,1,38.02867561749554,0.88
0.784,1,38.04847134647831,0.88
0.785,1,38.06825706531315,0.88
0.786,1,38.0880327790619,0.88
0.787,1,38.10779849278385,0.88
0.788,1,38.10617409178426,0.6
0.789,1,38.102074941691086,0.6
0.79,1,38.09797786442377,0.6
0.791,1,38.09388285893414,0.6
0.792,1,38.089789924174546,0.6
0.793,1,38.08569905909789,0.6
0.794,1,38.08161026265759,0.6
0.795,1,38.07752353380759,0.6
0.796,1,38.073438871502375,0.6
0.797,1,38.069356274696936,0.6
0.798,1,38.06527574234682,0.6
0.799,1,38.06119727340809,0.6
0.8,1,38.05712086683733,0.6
0.801,1,38.053046521591654,0.6
0.802,1,38.04897423662872,0.6
0.803,1,38.04490401090669,0.6
0.804,1,38.04083584338428,0.6
0.805,1,38.03676973302069,0.6
0.806,1,38.03270567877569,0.6
0.807,1,38.02864367960956,0.6
0.808,1,38.02458373448309,0.6
0.809,1,38.020525842357614,0.6
0.81,1,38.01647000219499,0.6
0.811,1,38.01241621295761,0.6
0.812,1,38.00836447360836,0.6
0.8130000000000001,1,38.00431478311067,0.6
0.8140000000000001,1,38.000267140428505,0.6
0.8150000000000001,1,37.99622154452633,0.6
0.8160000000000001,1,37.99217799436914,0.6
0.8170000000000001,1,37.988136488922486,0.6
0.8180000000000001,1,37.98409702715239,0.6
0.8190000000000001,1,37.98005960802543,0.6
0.8200000000000001,1,37.97602423050869,0.6
0.8210000000000001,1,37.9719908935698,0.6
0.8220000000000001,1,37.96795959617689,0.6
0.8230000000000001,1,37.96393033729862,0.6
0.8240000000000001,1,37.95990311590416,0.6
0.8250000000000001,1,37.955877930963226,0.6
0.8260000000000001,1,37.95185478144602,0.6
0.8270000000000001,1,37.96126281255742,0.88
0.8280000000000001,1,37.98109263031515,0.88
0.8290000000000001,1,38.00091242068721,0.88
0.8300000000000001,1,38.02072218874415,0.88
0.8310000000000001,1,38.04052193955398,0.88
0.8320000000000001,1,38.06031167818215,0.88
0.833,1,38.08009140969153,0.88
0.834,1,38.099861139142455,0.88
0.835,1,38.119620871592666,0.88
0.836,1,38.13937061209739,0.88
0.837,1,38.15911036570926,0.88
0.838,1,38.178840137478375,0.88
0.839,1,38.19855993245228,0.88
0.84,1,38.21826975567595,0.88
0.841,1,38.23796961219182,0.88
0.842,1,38.25765950703979,0.88
0.843,1,38.277339445257184,0.88
0.844,1,38.297009431878806,0.88
0.845,1,38.31666947193689,0.88
0.846,1,38.33631957046114,0.88
0.847,1,38.35595973247871,0.88
0.848,1,38.375589963014214,0.88
0.849,1,38.39521026708972,0.88
0.85,1,38.41482064972478,0.88
0.851,1,38.43442111593637,0.88
0.852,1,38.454011670738964,0.88
0.853,1,38.473592319144466,0.88
0.854,1,38.49316306616228,0.88
0.855,1,38.51272391679927,0.88
0.856,1,38.53227487605974,0.88
0.857,1,38.55181594894549,0.88
0.858,1,38.571347140455785,0.88
0.859,1,38.59086845558736,0.88
0.86,1,38.610379899334426,0.88
0.861,1,38.62988147668867,0.88
0.862,1,38.64937319263924,0.88
0.863,1,38.66885505217278,0.88
0.864,1,38.688327060273416,0.88
0.865,1,38.707789221922724,0.88
0.866,1,38.72724154209979,0.88
0.867,1,38.74668402578117,0.88
0.868,1,38.76611667794091,0.88
0.869,1,38.78553950355052,0.88
0.87,1,38.80495250757903,0.88
0.871,1,38.82435569499293,0.88
0.872,1,38.84374907075622,0.88
0.873,1,38.86313263983037,0.88
0.874,1,38.88250640717434,0.88
0.875,1,38.9018703777446,0.88
0.876,1,38.92122455649511,0.88
0.877,1,38.94056894837732,0.88
0.878,1,38.959903558340166,0.88
0.879,1,38.979228391330096,0.88
0.88,1,38.99854345229106,0.88
0.881,1,39.017848746164496,0.88
0.882,1,39.03714427788934,0.88
0.883,1,39.05643005240204,0.88
0.884,1,39.075706074636564,0.88
0.885,1,39.09497234952435,0.88
0.886,1,39.11422888199436,0.88
0.887,1,39.13347567697306,0.88
0.888,1,39.15271273938444,0.88
0.889,1,39.17194007414999,0.88
0.89,1,39.19115768618869,0.88
0.891,1,39.210365580417054,0.88
0.892,1,39.22956376174913,0.88
0.893,1,39.24875223509644,0.88
0.894,1,39.26793100536805,0.88
0.895,1,39.28710007747053,0.88
0.896,1,39.30625945630796,0.88
0.897,1,39.32540914678198,0.88
0.898,1,39.34454915379171,0.88
0.899,1,39.363679482233806,0.88
0.9,1,39.38280013700246,0.88
0.901,1,39.401911122989375,0.88
0.902,1,39.42101244508378,0.88
0.903,1,39.440104108172434,0.88
0.904,1,39.45666561759327,0.8
0.905,1,39.46705372075114,0.8
0.906,1,39.47743657093501,0.8
0.907,1,39.48781417080119,0.8
0.908,1,39.49818652300459,0.8
0.909,1,39.508553630198826,0.8
0.91,1,39.51891549503614,0.8
0.911,1,39.52927212016746,0.8
0.912,1,39.53962350824235,0.8
0.913,1,39.549969661909046,0.8
0.914,1,39.56031058381444,0.8
0.915,1,39.57064627660409,0.8
0.916,1,39.5809767429222,0.8
0.917,1,39.593822484958054,0.88
0.918,1,39.612826762830124,0.88
0.919,1,39.631821430769,0.88
0.92,1,39.65080649363417,0.88
0.921,1,39.66978195628264,0.88
0.922,1,39.688747823568974,0.88
0.923,1,39.707704100345275,0.88
0.924,1,39.72665079146121,0.88
0.925,1,39.74558790176396,0.88
0.926,1,39.76451543609829,0.88
0.927,1,39.783433399306496,0.88
0.928,1,39.80234179622843,0.88
0.929,1,39.82124063170149,0.88
0.93,1,39.84012991056065,0.88
0.931,1,39.8590096376384,0.88
0.932,1,39.87787981776483,0.88
0.933,1,39.89674045576755,0.88
0.934,1,39.91559155647176,0.88
0.935,1,39.9344331247002,0.88
0.936,1,39.95326516527317,0.88
0.937,1,39.97208768300856,0.88
0.9380000000000001,1,39.99090068272178,0.88
0.9390000000000001,1,40.00970416922584,0.88
0.9400000000000001,1,40.02849814733131,0.88
0.9410000000000001,1,40.04728262184631,0.88
0.9420000000000001,1,40.066057597576545,0.88
0.9430000000000001,1,40.08482307932529,0.88
0.9440000000000001,1,40.10357907189337,0.88
0.9450000000000001,1,40.12232558007923,0.88
0.9460000000000001,1,40.14106260867883,0.88
0.9470000000000001,1,40.159790162485734,0.88
0.9480000000000001,1,40.1785082462911,0.88
0.9490000000000001,1,40.19721686488362,0.88
0.9500000000000001,1,40.21591602304961,0.88
0.9510000000000001,1,40.234605725572926,0.88
0.9520000000000001,1,40.25328597723503,0.88
0.9530000000000001,1,40.27195678281497,0.88
0.9540000000000001,1,40.29061814708934,0.88
0.9550000000000001,1,40.30927007483237,0.88
0.9560000000000001,1,40.32791257081584,0.88
0.9570000000000001,1,40.34654563980913,0.88
0.9580000000000001,1,40.3651692865792,0.88
0.9590000000000001,1,40.383783515890606,0.88
0.96,1,40.4023883325055,0.88
0.961,1,40.42098374118362,0.88
0.962,1,40.439569746682295,0.88
0.963,1,40.458146353756455,0.88
0.964,1,40.47671356715861,0.88
0.965,1,40.49527139163889,0.88
0.966,1,40.513819831945,0.88
0.967,1,40.53235889282226,0.88
0.968,1,40.550888579013595,0.88
0.969,1,40.56940889525951,0.88
0.97,1,40.58791984629812,0.88
0.971,1,40.60642143686517,0.88
0.972,1,40.62232892266569,0.6
0.973,1,40.616957423263315,0.6
0.974,1,40.61158864007836,0.6
0.975,1,40.60622257173729,0.6
0.976,1,40.6008592168673,0.6
0.977,1,40.595498574096254,0.6
0.978,1,40.59014064205272,0.6
0.979,1,40.58478541936595,0.6
0.98,1,40.57943290466592,0.6
0.981,1,40.57408309658326,0.6
0.982,1,40.56873599374931,0.6
0.983,1,40.56339159479611,0.6
0.984,1,40.55804989835637,0.6
0.985,1,40.55271090306351,0.6
0.986,1,40.547374607551646,0.6
0.987,1,40.54204101045556,0.6
0.988,1,40.53671011041075,0.6
0.989,1,40.531381906053376,0.6
0.99,1,40.52605639602032,0.6
0.991,1,40.520733578949134,0.6
0.992,1,40.515413453478054,0.6
0.993,1,40.51009601824602,0.6
0.994,1,40.504781271892654,0.6
0.995,1,40.499469213058255,0.6
0.996,1,40.49415984038383,0.6
0.997,1,40.50893229559948,0.88
0.998,1,40.527473827967526,0.88
0.999,1,40.54600598439988,0.88
1.0,1,40.5645287696377,0.88
1.0010000000000001,1,40.583042188419704,0.88
1.002,1,40.601546245482275,0.88
1.0030000000000001,1,40.62004094555937,0.88
1.004,1,40.63852629338254,0.88
1.0050000000000001,1,40.657002293680975,0.88
1.006,1,40.67546895118144,0.88
1.0070000000000001,1,40.69392627060836,0.88
1.008,1,40.7123742566837,0.88
1.0090000000000001,1,40.7308129141271,0.88
1.01,1,40.74924224765578,0.88
1.0110000000000001,1,40.76766226198459,0.88
1.012,1,40.78607296182598,0.88
1.0130000000000001,1,40.804474351890036,0.88
1.014,1,40.822866436884446,0.88
1.0150000000000001,1,40.84124922151452,0.88
1.016,1,40.85962271048321,0.88
1.0170000000000001,1,40.87798690849105,0.88
1.018,1,40.896341820236245,0.88
1.0190000000000001,1,40.914687450414576,0.88
1.02,1,40.933023803719486,0.88
1.0210000000000001,1,40.95135088484203,0.88
1.022,1,40.969668698470876,0.88
1.0230000000000001,1,40.9874170638956,0.6
1.024,1,40.98186094960444,0.6
1.025,1,40.97630764488529,0.6
1.026,1,40.97075714831742,0.6
1.027,1,40.965209458480835,0.6
1.028,1,40.959664573956246,0.6
1.029,1,40.95412249332509,0.6
1.03,1,40.9485832151695,0.6
1.031,1,40.94304673807236,0.6
1.032,1,40.93751306061725,0.6
1.033,1,40.93198218138846,0.6
1.034,1,40.92645409897101,0.6
1.035,1,40.92092881195063,0.6
1.036,1,40.915406318913774,0.6
1.037,1,40.909886618447594,0.6
1.038,1,40.904369709139964,0.6
1.039,1,40.898855589579476,0.6
1.04,1,40.893344258355434,0.6
1.041,1,40.88783571405785,0.6
1.042,1,40.882329955277456,0.6
1.043,1,40.87682698060569,0.6
1.044,1,40.87132678863471,0.6
1.045,1,40.86582937795738,0.6
1.046,1,40.86033474716728,0.6
1.047,1,40.85484289485869,0.6
1.048,1,40.84935381962663,0.6
1.049,1,40.84386752006678,0.6
1.05,1,40.83838399477558,0.6
1.051,1,40.83290324235016,0.6
1.052,1,40.827425261388356,0.6
1.053,1,40.82195005048871,0.6
1.054,1,40.81647760825048,0.6
1.055,1,40.81100793327364,0.6
1.056,1,40.805541024158856,0.6
1.057,1,40.800076879507515,0.6
1.058,1,40.7946154979217,0.6
1.059,1,40.7891568780042,0.6
1.06,1,40.78370101835853,0.6
1.061,1,40.778247917588885,0.6
1.062,1,40.772797574300185,0.6
1.063,1,40.78381511779047,0.88
1.064,1,40.80221764958327,0.88
1.065,1,40.82061087572908,0.88
1.066,1,40.83899480093352,0.88
1.067,1,40.857369429899805,0.88
1.068,1,40.87573476732879,0.88
1.069,1,40.894090817918936,0.88
1.07,1,40.91243758636635,0.88
1.071,1,40.93077507736474,0.88
1.072,1,40.949103295605475,0.88
1.073,1,40.967422245777506,0.88
1.074,1,40.985731932567454,0.88
1.075,1,41.00403236065954,0.88
1.076,1,41.022323534735634,0.88
1.077,1,41.04060545947524,0.88
1.078,1,41.05887813955548,0.88
1.079,1,41.077141579651126,0.88
1.08,1,41.09539578443458,0.88
1.081,1,41.113640758575876,0.88
1.082,1,41.1318765067427,0.88
1.083,1,41.15010303360037,0.88
1.084,1,41.16832034381184,0.88
1.085,1,41.18652844203771,0.88
1.086,1,41.20472733293623,0.88
1.087,1,41.22291702116328,0.88
1.088,1,41.24109751137241,0.88
1.089,1,41.25926880821478,0.88
1.09,1,41.277430916339235,0.88
1.091,1,41.29558384039225,0.88
1.092,1,41.31372758501794,0.88
1.093,1,41.33186215485811,0.88
1.094,1,41.34998755455218,0.88
1.095,1,41.36810378873723,0.88
1.096,1,41.38621086204801,0.88
1.097,1,41.404308779116924,0.88
1.098,1,41.42239754457402,0.88
1.099,1,41.440477163047014,0.88
1.1,1,41.45854763916129,0.88
1.101,1,41.47660897753986,0.88
1.102,1,41.49466118280345,0.88
1.103,1,41.512704259570405,0.88
1.104,1,41.530738212456754,0.88
1.105,1,41.54876304607619,0.88
1.106,1,41.56677876504008,0.88
1.107,1,41.58478537395742,0.88
1.108,1,41.602782877434954,0.88
1.109,1,41.620771280077015,0.88
1.11,1,41.638750586485656,0.88
1.111,1,41.656720801260576,0.88
1.112,1,41.67468192899917,0.88
1.113,1,41.6926339742965,0.88
1.114,1,41.7105769417453,0.88
1.115,1,41.72851083593598,0.88
1.116,1,41.72780209009094,0.6
1.117,1,41.72187158374526,0.6
1.118,1,41.71594407629121,0.6
1.119,1,41.71001956621233,0.6
1.12,1,41.70409805199293,0.6
1.121,1,41.69817953211809,0.6
1.122,1,41.692264005073646,0.6
1.123,1,41.68635146934622,0.6
1.124,1,41.680441923423174,0.6
1.125,1,41.67453536579266,0.6
1.1260000000000001,1,41.668631794943565,0.6
1.127,1,41.662731209365575,0.6
1.1280000000000001,1,41.65683360754911,0.6
1.129,1,41.65093898798537,0.6
1.1300000000000001,1,41.64504734916631,0.6
1.131,1,41.639158689584654,0.6
1.1320000000000001,1,41.633273007733884,0.6
1.133,1,41.63807243684946,0.88
1.1340000000000001,1,41.65604299454574,0.88
1.135,1,41.67400446503228,0.88
1.1360000000000001,1,41.69195685290425,0.88
1.137,1,41.709900162754444,0.88
1.1380000000000001,1,41.72783439917338,0.88
1.139,1,41.74575956674924,0.88
1.1400000000000001,1,41.7636756700679,0.88
1.141,1,41.781582713712865,0.88
1.1420000000000001,1,41.79948070226539,0.88
1.143,1,41.81736964030437,0.88
1.1440000000000001,1,41.8352495324064,0.88
1.145,1,41.85312038314576,0.88
1.1460000000000001,1,41.87098219709441,0.88
1.147,1,41.88883497882201,0.88
1.1480000000000001,1,41.906678732895905,0.88
1.149,1,41.924513463881105,0.88
1.1500000000000001,1,41.94233917634036,0.88
1.151,1,41.96015587483408,0.88
1.1520000000000001,1,41.97796356392037,0.88
1.153,1,41.99576224815503,0.88
1.154,1,42.01355193209158,0.88
1.155,1,42.03133262028121,0.88
1.156,1,42.04910431727282,0.88
1.157,1,42.06686702761301,0.88
1.158,1,42.08462075584607,0.88
1.159,1,42.10236550651401,0.88
1.16,1,42.12010128415653,0.88
1.161,1,42.13782809331104,0.88
1.162,1,42.15554593851266,0.88
1.163,1,42.173254824294204,0.88
1.164,1,42.1909547551862,0.88
1.165,1,42.20864573571689,0.88
1.166,1,42.22632777041222,0.88
1.167,1,42.24400086379585,0.88
1.168,1,42.261665020389145,0.88
1.169,1,42.2793202447112,0.88
1.17,1,42.29696654127881,0.88
1.171,1,42.3146039146065,0.88
1.172,1,42.332232369206494,0.88
1.173,1,42.34985190958874,0.88
1.174,1,42.36746254026093,0.88
1.175,1,42.38506426572844,0.88
1.176,1,42.40265709049438,0.88
1.177,1,42.42024101905959,0.88
1.178,1,42.43781605592264,0.88
1.179,1,42.4553822055798,0.88
1.18,1,42.4729394725251,0.88
1.181,1,42.490487861250266,0.88
1.182,1,42.50802737624477,0.88
1.183,1,42.525558021995806,0.88
1.184,1,42.543079802988316,0.88
1.185,1,42.56059272370495,0.88
1.186,1,42.5780967886261,0.88
1.187,1,42.59559200222991,0.88
1.188,1,42.60673394658534,0.6
1.189,1,42.60035898891786,0.6
1.19,1,42.593987254888646,0.6
1.191,1,42.58761874286758,0.6
1.192,1,42.5812534512254,0.6
1.193,1,42.574891378333646,0.6
1.194,1,42.568532522564674,0.6
1.195,1,42.56217688229168,0.6
1.196,1,42.55582445588869,0.6
1.197,1,42.54947524173052,0.6
1.198,1,42.54312923819285,0.6
1.199,1,42.53678644365213,0.6
1.2,1,42.53044685648568,0.6
1.201,1,42.524110475071616,0.6
1.202,1,42.51777729778888,0.6
1.203,1,42.51144732301723,0.6
1.204,1,42.505120549137246,0.6
1.205,1,42.49879697453033,0.6
1.206,1,42.49247659757869,0.6
1.207,1,42.486159416665366,0.6
1.208,1,42.47984543017421,0.6
1.209,1,42.473534636489894,0.6
1.21,1,42.4672270339979,0.6
1.211,1,42.460922621084535,0.6
1.212,1,42.45462139613692,0.6
1.213,1,42.47216077973055,0.88
1.214,1,42.48970956221894,0.88
1.215,1,42.50724947077755,0.88
1.216,1,42.52478050989369,0.88
1.217,1,42.54230268405238,0.88
1.218,1,42.55981599773637,0.88
1.219,1,42.57732045542619,0.88
1.22,1,42.594816061600035,0.88
1.221,1,42.61230282073388,0.88
1.222,1,42.62978073730143,0.88
1.223,1,42.64724981577413,0.88
1.224,1,42.66471006062115,0.88
1.225,1,42.6821614763094,0.88
1.226,1,42.699604067303554,0.88
1.227,1,42.71703783806601,0.88
1.228,1,42.734462793056906,0.88
1.229,1,42.751878936734144,0.88
1.23,1,42.76928627355334,0.88
1.231,1,42.7866848079679,0.88
1.232,1,42.804074544428936,0.88
1.233,1,42.821455487385336,0.88
1.234,1,42.838827641283736,0.88
1.235,1,42.85619101056851,0.88
1.236,1,42.873545599681776,0.88
1.237,1,42.89089141306346,0.88
1.238,1,42.90822845515117,0.88
1.239,1,42.925556730380315,0.88
1.24,1,42.94287624318406,0.88
1.241,1,42.945022979565906,0.6
1.242,1,42.93847695857111,0.6
1.243,1,42.931934247716526,0.6
1.244,1,42.92539484532831,0.6
1.245,1,42.91885874973347,0.6
1.246,1,42.91232595925984,0.6
1.247,1,42.90579647223612,0.6
1.248,1,42.89927028699184,0.6
1.249,1,42.8927474018574,0.6
1.25,1,42.886227815164006,0.6
1.2510000000000001,1,42.87971152524374,0.6
1.252,1,42.87319853042952,0.6
1.2530000000000001,1,42.866688829055086,0.6
1.254,1,42.86018241945505,0.6
1.2550000000000001,1,42.85367929996485,0.6
1.256,1,42.84717946892077,0.6
1.2570000000000001,1,42.84068292465994,0.6
1.258,1,42.83418966552031,0.6
1.2590000000000001,1,42.827699689840706,0.6
1.26,1,42.821212995960764,0.6
1.2610000000000001,1,42.81472958222096,0.6
1.262,1,42.808249446962634,0.6
1.2630000000000001,1,42.80177258852794,0.6
1.264,1,42.795299005259885,0.6
1.2650000000000001,1,42.7888286955023,0.6
1.266,1,42.78236165759988,0.6
1.2670000000000001,1,42.775897889898125,0.6
1.268,1,42.769437390743384,0.6
1.2690000000000001,1,42.76298015848285,0.6
1.27,1,42.756526191464545,0.6
1.2710000000000001,1,42.750075488037325,0.6
1.272,1,42.74362804655088,0.6
1.2730000000000001,1,42.737183865355746,0.6
1.274,1,42.73074294280328,0.6
1.2750000000000001,1,42.724305277245676,0.6
1.276,1,42.71787086703597,0.6
1.2770000000000001,1,42.71143971052801,0.6
1.278,1,42.7050118060765,0.6
1.2790000000000001,1,42.698587152036964,0.6
1.28,1,42.69937774355275,0.88
1.281,1,42.71681162876081,0.88
1.282,1,42.73423669813945,0.88
1.283,1,42.751652956146565,0.88
1.284,1,42.76906040723785,0.88
1.285,1,42.7864590558667,0.88
1.286,1,42.80384890648428,0.88
1.287,1,42.821229963539494,0.88
1.288,1,42.83860223147901,0.88
1.289,1,42.85596571474723,0.88
1.29,1,42.87332041778632,0.88
1.291,1,42.89066634503619,0.88
1.292,1,42.90800350093453,0.88
1.293,1,42.92533188991675,0.88
1.294,1,42.94265151641604,0.88
1.295,1,42.95996238486335,0.88
1.296,1,42.97726449968738,0.88
1.297,1,42.99455786531458,0.88
1.298,1,43.01184248616919,0.88
1.299,1,43.029118366673195,0.88
1.3,1,43.04638551124635,0.88
1.301,1,43.06364392430615,0.88
1.302,1,43.08089361026791,0.88
1.303,1,43.09813457354465,0.88
1.304,1,43.11536681854721,0.88
1.305,1,43.132590349684165,0.88
1.306,1,43.14980517136188,0.88
1.307,1,43.15546165864478,0.6
1.308,1,43.148809224680214,0.6
1.309,1,43.14216015466593,0.6
1.31,1,43.13551444690088,0.6
1.311,1,43.128872099684855,0.6
1.312,1,43.122233111318536,0.6
1.313,1,43.11559748010343,0.6
1.314,1,43.108965204341935,0.6
1.315,1,43.102336282337276,0.6
1.316,1,43.09571071239356,0.6
1.317,1,43.08908849281575,0.6
1.318,1,43.082469621909645,0.6
1.319,1,43.075854097981924,0.6
1.32,1,43.069241919340115,0.6
1.321,1,43.06263308429259,0.6
1.322,1,43.0560275911486,0.6
1.323,1,43.04942543821822,0.6
1.324,1,43.04282662381242,0.6
1.325,1,43.03623114624298,0.6
1.326,1,43.029639003822574,0.6
1.327,1,43.023050194864695,0.6
1.328,1,43.01646471768371,0.6
1.329,1,43.00988257059483,0.6
1.33,1,43.00330375191413,0.6
1.331,1,43.001915891702886,0.88
1.332,1,43.01919679180881,0.88
1.333,1,43.0364689534456,0.88
1.334,1,43.05373238103206,0.88
1.335,1,43.07098707898476,0.88
1.336,1,43.088233051718035,0.88
1.337,1,43.10547030364397,0.88
1.338,1,43.12269883917245,0.88
1.339,1,43.1399186627111,0.88
1.34,1,43.15712977866535,0.88
1.341,1,43.17433219143837,0.88
1.342,1,43.19152590543111,0.88
1.343,1,43.208710925042304,0.88
1.344,1,43.225887254668464,0.88
1.345,1,43.24305489870387,0.88
1.346,1,43.260213861540585,0.88
1.347,1,43.27736414756845,0.88
1.348,1,43.294505761175074,0.88
1.349,1,43.31163870674587,0.88
1.35,1,43.328762988664025,0.88
1.351,1,43.34587861131049,0.88
1.352,1,43.36298557906404,0.88
1.353,1,43.38008389630119,0.88
1.354,1,43.39717356739628,0.88
1.355,1,43.41425459672141,0.88
1.356,1,43.431326988646504,0.88
1.357,1,43.44839074753923,0.88
1.358,1,43.465445877765085,0.88
1.359,1,43.482492383687344,0.88
1.36,1,43.49953026966707,0.88
1.361,1,43.516559540063135,0.88
1.362,1,43.5335801992322,0.88
1.363,1,43.550592251528705,0.88
1.364,1,43.56759570130494,0.88
1.365,1,43.584590552910925,0.88
1.366,1,43.60157681069453,0.88
1.367,1,43.61855447900141,0.88
1.368,1,43.635523562175024,0.88
1.369,1,43.65248406455663,0.88
1.37,1,43.669435990485304,0.88
1.371,1,43.68637934429792,0.88
1.372,1,43.70331413032915,0.88
1.373,1,43.720240352911475,0.88
1.374,1,43.737158016375204,0.88
1.375,1,43.754067125048444,0.88
1.3760000000000001,1,43.77096768325711,0.88
1.377,1,43.78785969532494,0.88
1.3780000000000001,1,43.80474316557348,0.88
1.379,1,43.82161809832207,0.88
1.3800000000000001,1,43.83848449788791,0.88
1.381,1,43.85534236858597,0.88
1.3820000000000001,1,43.872191714729084,0.88
1.383,1,43.889032540627866,0.88
1.3840000000000001,1,43.905864850590774,0.88
1.385,1,43.92268864892407,0.88
1.3860000000000001,1,43.93950393993186,0.88
1.387,1,43.95631072791605,0.88
1.3880000000000001,1,43.973109017176384,0.88
1.389,1,43.98989881201043,0.88
1.3900000000000001,1,44.00668011671359,0.88
1.391,1,44.02345293557907,0.88
1.3920000000000001,1,44.04021727289795,0.88
1.393,1,44.05697313295908,0.88
1.3940000000000001,1,44.073720520049186,0.88
1.395,1,44.09045943845282,0.88
1.3960000000000001,1,44.10718989245235,0.88
1.397,1,44.12391188632799,0.88
1.3980000000000001,1,44.14062542435779,0.88
1.399,1,44.157330510817644,0.88
1.4000000000000001,1,44.174027149981264,0.88
1.401,1,44.190715346120214,0.88
1.4020000000000001,1,44.2073951035039,0.88
1.403,1,44.22406642639956,0.88
1.4040000000000001,1,44.24072931907229,0.88
1.405,1,44.25738378578501,0.88
1.4060000000000001,1,44.27402983079849,0.88
1.407,1,44.29066745837135,0.88
1.408,1,44.30729667276006,0.88
1.409,1,44.32391747821893,0.88
1.41,1,44.34052987900012,0.88
1.411,1,44.35713387935365,0.88
1.412,1,44.37372948352736,0.88
1.413,1,44.39031669576699,0.88
1.414,1,44.40689552031609,0.88
1.415,1,44.42346596141609,0.88
1.416,1,44.440028023306255,0.88
1.417,1,44.45658171022373,0.88
1.418,1,44.4731270264035,0.88
1.419,1,44.48966397607842,0.88
1.42,1,44.50619256347918,0.88
1.421,1,44.52271279283437,0.88
1.422,1,44.5392246683704,0.88
1.423,1,44.555728194311584,0.88
1.424,1,44.57222337488007,0.88
1.425,1,44.58871021429588,0.88
1.426,1,44.605188716776894,0.88
1.427,1,44.62165888653888,0.88
1.428,1,44.63812072779545,0.88
1.429,1,44.654574244758116,0.88
1.43,1,44.654988011043656,0.6
1.431,1,44.647577308432346,0.6
1.432,1,44.640170353206635,0.6
1.433,1,44.632767143471554,0.6
1.434,1,44.62536767733313,0.6
1.435,1,44.617971952898316,0.6
1.436,1,44.61057996827505,0.6
1.437,1,44.603191721572195,0.6
1.438,1,44.59580721089961,0.6
1.439,1,44.588426434368074,0.6
1.44,1,44.58104939008934,0.6
1.441,1,44.57367607617611,0.6
1.442,1,44.56630649074206,0.6
1.443,1,44.55894063190178,0.6
1.444,1,44.55157849777084,0.6
1.445,1,44.544220086465764,0.6
1.446,1,44.53686539610402,0.6
1.447,1,44.537593980014215,0.88
1.448,1,44.55409833054901,0.88
1.449,1,44.57059433529413,0.88
1.45,1,44.58708199846981,0.88
1.451,1,44.603561324294155,0.88
1.452,1,44.62003231698312,0.88
1.453,1,44.636494980750555,0.88
1.454,1,44.652949319808144,0.88
1.455,1,44.66939533836547,0.88
1.456,1,44.68583304062998,0.88
1.457,1,44.70226243080699,0.88
1.458,1,44.718683513099684,0.88
1.459,1,44.735096291709134,0.88
1.46,1,44.751500770834284,0.88
1.461,1,44.76789695467195,0.88
1.462,1,44.784284847416814,0.88
1.463,1,44.80066445326147,0.88
1.464,1,44.81703577639636,0.88
1.465,1,44.83339882100982,0.88
1.466,1,44.84975359128808,0.88
1.467,1,44.86610009141523,0.88
1.468,1,44.88243832557325,0.88
1.469,1,44.89876829794201,0.88
1.47,1,44.91509001269928,0.88
1.471,1,44.9314034740207,0.88
1.472,1,44.947708686079785,0.88
1.473,1,44.964005653047984,0.88
1.474,1,44.98029437909459,0.88
1.475,1,44.9965748683868,0.88
1.476,1,45.012847125089735,0.88
1.477,1,45.02911115336638,0.88
1.478,1,45.0453669573776,0.88
1.479,1,45.061614541282204,0.88
1.48,1,45.07785390923685,0.88
1.481,1,45.09408506539613,0.88
1.482,1,45.11030801391251,0.88
1.483,1,45.12652275893637,0.88
1.484,1,45.142729304615976,0.88
1.485,1,45.15892765509753,0.88
1.486,1,45.175117814525095,0.88
1.487,1,45.19129978704066,0.88
1.488,1,45.20747357678414,0.88
1.489,1,45.22363918789331,0.88
1.49,1,45.23979662450388,0.88
1.491,1,45.25594589074949,0.88
1.492,1,45.27208699076162,0.88
1.493,1,45.28821992866976,0.88
1.494,1,45.30434470860122,0.88
1.495,1,45.32046133468128,0.88
1.496,1,45.3365698110331,0.88
1.497,1,45.352670141777786,0.88
1.498,1,45.36876233103433,0.88
1.499,1,45.384846382919676,0.88
1.5,1,45.40092230154864,0.88
1.5010000000000001,1,45.416990091033995,0.88
1.502,1,45.43304975548643,0.88
1.5030000000000001,1,45.449101299014536,0.88
1.504,1,45.46514472572484,0.88
1.5050000000000001,1,45.48118003972179,0.88
1.506,1,45.497207245107774,0.88
1.5070000000000001,1,45.513226345983064,0.88
1.508,1,45.5292373464459,0.88
1.5090000000000001,1,45.54524025059244,0.88
1.51,1,45.56123506251676,0.88
1.5110000000000001,1,45.57722178631086,0.88
1.512,1,45.59320042606469,0.88
1.5130000000000001,1,45.60917098586613,0.88
1.514,1,45.62513346980098,0.88
1.5150000000000001,1,45.641087881952984,0.88
1.516,1,45.65703422640381,0.88
1.5170000000000001,1,45.672972507233084,0.88
1.518,1,45.68890272851833,0.88
1.5190000000000001,1,45.70482489433506,0.88
1.52,1,45.72073900875669,0.88
1.5210000000000001,1,45.73664507585458,0.88
1.522,1,45.752543099698045,0.88
1.5230000000000001,1,45.768433084354335,0.88
1.524,1,45.78431503388863,0.88
1.5250000000000001,1,45.80018895236409,0.88
1.526,1,45.816054843841776,0.88
1.5270000000000001,1,45.83191271238073,0.88
1.528,1,45.847762562037914,0.88
1.5290000000000001,1,45.86360439686827,0.88
1.53,1,45.879438220924655,0.88
1.5310000000000001,1,45.89526403825792,0.88
1.532,1,45.91108185291681,0.88
1.5330000000000001,1,45.92689166894807,0.88
1.534,1,45.94269349039639,0.88
1.5350000000000001,1,45.95848732130439,0.88
1.536,1,45.9727006876393,0.6
1.537,1,45.96462365448538,0.6
1.538,1,45.956550705661805,0.6
1.539,1,45.94848183910326,0.6
1.54,1,45.940417052745445,0.6
1.541,1,45.932356344525125,0.6
1.542,1,45.9242997123801,0.6
1.543,1,45.916247154249206,0.6
1.544,1,45.90819866807233,0.6
1.545,1,45.9001542517904,0.6
1.546,1,45.89211390334538,0.6
1.547,1,45.88407762068029,0.6
1.548,1,45.876045401739155,0.6
1.549,1,45.86801724446708,0.6
1.55,1,45.8599931468102,0.6
1.551,1,45.85197310671567,0.6
1.552,1,45.84395712213169,0.6
1.553,1,45.83594519100751,0.6
1.554,1,45.845414393374895,0.88
1.555,1,45.861257415608634,0.88
1.556,1,45.87709242646798,0.88
1.557,1,45.892919430004056,0.88
1.558,1,45.90873843026594,0.88
1.559,1,45.92454943130066,0.88
1.56,1,45.94035243715322,0.88
1.561,1,45.95614745186655,0.88
1.562,1,45.97193447948155,0.88
1.563,1,45.98771352403705,0.88
1.564,1,46.003484589569894,0.88
1.565,1,46.01924768011482,0.88
1.566,1,46.035002799704586,0.88
1.567,1,46.05074995236986,0.88
1.568,1,46.06648914213932,0.88
1.569,1,46.08222037303955,0.88
1.57,1,46.09631814075398,0.8
1.571,1,46.10334875684569,0.8
1.572,1,46.110375817750956,0.8
1.573,1,46.11739932526755,0.8
1.574,1,46.12441928119232,0.8
1.575,1,46.13143568732119,0.8
1.576,1,46.138448545449215,0.8
1.577,1,46.1454578573705,0.8
1.578,1,46.15246362487829,0.8
1.579,1,46.159465849764864,0.8
1.58,1,46.166464533821646,0.8
1.581,1,46.17345967883914,0.8
1.582,1,46.18045128660692,0.8
1.583,1,46.18743935891368,0.8
1.584,1,46.19442389754722,0.8
1.585,1,46.2014049042944,0.8
1.586,1,46.20838238094121,0.8
1.587,1,46.215356329272716,0.8
1.588,1,46.22232675107309,0.8
1.589,1,46.2292936481256,0.8
1.59,1,46.23625702221261,0.8
1.591,1,46.2432168751156,0.8
1.592,1,46.250173208615124,0.8
1.593,1,46.25712602449084,0.8
1.594,1,46.26407532452152,0.8
1.595,1,46.27102111048502,0.8
1.596,1,46.279588892499476,0.88
1.597,1,46.29521236480042,0.88
1.598,1,46.310827936747245,0.88
1.599,1,46.32643561233493,0.88
1.6,1,46.342035395556465,0.88
1.601,1,46.35762729040277,0.88
1.602,1,46.37321130086279,0.88
1.603,1,46.38878743092345,0.88
1.604,1,46.40435568456964,0.88
1.605,1,46.419916065784236,0.88
1.606,1,46.43546857854811,0.88
1.607,1,46.45101322684012,0.88
1.608,1,46.46655001463712,0.88
1.609,1,46.482078945913926,0.88
1.61,1,46.497600024643376,0.88
1.611,1,46.51311325479627,0.88
1.612,1,46.52861864034142,0.88
1.613,1,46.54411618524563,0.88
1.614,1,46.55960589347369,0.88
1.615,1,46.57508776898838,0.88
1.616,1,46.590561815750505,0.88
1.617,1,46.60602803771883,0.88
1.618,1,46.62148643885014,0.88
1.619,1,46.63693702309922,0.88
1.62,1,46.652379794418835,0.88
1.621,1,46.66781475675978,0.88
1.622,1,46.68324191407083,0.88
1.623,1,46.698661270298764,0.88
1.624,1,46.71407282938839,0.88
1.625,1,46.72947659528249,0.88
1.6260000000000001,1,46.744872571921874,0.88
1.627,1,46.76026076324534,0.88
1.6280000000000001,1,46.77564117318971,0.88
1.629,1,46.791013805689815,0.88
1.6300000000000001,1,46.80637866467849,0.88
1.631,1,46.821735754086575,0.88
1.6320000000000001,1,46.83708507784294,0.88
1.633,1,46.852426639874466,0.88
1.6340000000000001,1,46.86776044410601,0.88
1.635,1,46.88308649446051,0.88
1.6360000000000001,1,46.89840479485886,0.88
1.637,1,46.91371534922001,0.88
1.6380000000000001,1,46.92901816146091,0.88
1.639,1,46.94431323549654,0.88
1.6400000000000001,1,46.95960057523989,0.88
1.641,1,46.974880184601965,0.88
1.6420000000000001,1,46.99015206749182,0.88
1.643,1,47.00541622781651,0.88
1.6440000000000001,1,47.020626671165765,0.8
1.645,1,47.027189890217464,0.8
1.6460000000000001,1,47.033749790432374,0.8
1.647,1,47.04030637348873,0.8
1.6480000000000001,1,47.046859641063946,0.8
1.649,1,47.05340959483454,0.8
1.6500000000000001,1,47.05995623647623,0.8
1.651,1,47.06649956766387,0.8
1.6520000000000001,1,47.073039590071446,0.8
1.653,1,47.07957630537213,0.8
1.6540000000000001,1,47.08610971523823,0.8
1.655,1,47.09263982134121,0.8
1.6560000000000001,1,47.09916662535169,0.8
1.657,1,47.10573612725482,0.88
1.6580000000000001,1,47.120941839944734,0.88
1.659,1,47.13613986352992,0.88
1.6600000000000001,1,47.15133020189852,0.88
1.661,1,47.16651285893675,0.88
1.6620000000000001,1,47.18168783852884,0.88
1.663,1,47.196855144557055,0.88
1.6640000000000001,1,47.21201478090171,0.88
1.665,1,47.227166751441146,0.88
1.666,1,47.24231106005175,0.88
1.667,1,47.25744771060795,0.88
1.668,1,47.27257670698219,0.88
1.669,1,47.287698053045006,0.88
1.67,1,47.30281175266492,0.88
1.671,1,47.31791780970855,0.88
1.672,1,47.33301622804051,0.88
1.673,1,47.3481070115235,0.88
1.674,1,47.35221886263801,0.6
1.675,1,47.34344424562501,0.6
1.676,1,47.33467406569105,0.6
1.677,1,47.32590832059243,0.6
1.678,1,47.31714700808661,0.6
1.679,1,47.3083901259321,0.6
1.68,1,47.29963767188863,0.6
1.681,1,47.290889643717016,0.6
1.682,1,47.282146039179224,0.6
1.683,1,47.273406856038335,0.6
1.684,1,47.26467209205858,0.6
1.685,1,47.255941745005316,0.6
1.686,1,47.24721581264502,0.6
1.687,1,47.2384942927453,0.6
1.688,1,47.229777183074916,0.6
1.689,1,47.221064481403715,0.6
1.69,1,47.21235618550271,0.6
1.691,1,47.206670865932146,0.88
1.692,1,47.22182553874032,0.88
1.693,1,47.23697254825319,0.88
1.694,1,47.25211189834588,0.88
1.695,1,47.267243592891546,0.88
1.696,1,47.28236763576139,0.88
1.697,1,47.297484030824634,0.88
1.698,1,47.31259278194857,0.88
1.699,1,47.327693892998525,0.88
1.7,1,47.34278736783787,0.88
1.701,1,47.35787321032804,0.88
1.702,1,47.37295142432847,0.88
1.703,1,47.3880220136967,0.88
1.704,1,47.40308498228828,0.88
1.705,1,47.41814033395683,0.88
1.706,1,47.43318807255402,0.88
1.707,1,47.44822820192955,0.88
1.708,1,47.46326072593121,0.88
1.709,1,47.478285648404814,0.88
1.71,1,47.49330297319425,0.88
1.711,1,47.50831270414145,0.88
1.712,1,47.52331484508642,0.88
1.713,1,47.53830939986719,0.88
1.714,1,47.55329637231989,0.88
1.715,1,47.56827576627869,0.88
1.716,1,47.583247585575805,0.88
1.717,1,47.598211834041564,0.88
1.718,1,47.61316851550429,0.88
1.719,1,47.628117633790424,0.88
1.72,1,47.64305919272445,0.88
1.721,1,47.65799319612893,0.88
1.722,1,47.67291964782447,0.88
1.723,1,47.68783855162977,0.88
1.724,1,47.70274991136157,0.88
1.725,1,47.71765373083472,0.88
1.726,1,47.7325500138621,0.88
1.727,1,47.747438764254696,0.88
1.728,1,47.76231998582154,0.88
1.729,1,47.777193682369756,0.88
1.73,1,47.79205985770453,0.88
1.731,1,47.80691851562914,0.88
1.732,1,47.82176965994492,0.88
1.733,1,47.8366132944513,0.88
1.734,1,47.85144942294576,0.88
1.735,1,47.866278049223915,0.88
1.736,1,47.881099177079406,0.88
1.737,1,47.895912810303976,0.88
1.738,1,47.91071895268746,0.88
1.739,1,47.925517608017756,0.88
1.74,1,47.94030878008087,0.88
1.741,1,47.955092472660866,0.88
1.742,1,47.96986868953992,0.88
1.743,1,47.984637434498296,0.88
1.744,1,47.99421107956995,0.6
1.745,1,47.985111825001376,0.6
1.746,1,47.97601717167201,0.6
1.747,1,47.96692711725514,0.6
1.748,1,47.95784165942521,0.6
1.749,1,47.94876079585787,0.6
1.75,1,47.93968452422992,0.6
1.7510000000000001,1,47.93061284221935,0.6
1.752,1,47.92154574750532,0.6
1.7530000000000001,1,47.91248323776814,0.6
1.754,1,47.90342531068936,0.6
1.7550000000000001,1,47.894371963951606,0.6
1.756,1,47.88532319523877,0.6
1.7570000000000001,1,47.87627900223584,0.6
1.758,1,47.86723938262903,0.6
1.7590000000000001,1,47.85820433410569,0.6
1.76,1,47.84917385435435,0.6
1.7610000000000001,1,47.840147941064714,0.6
1.762,1,47.83112659192766,0.6
1.7630000000000001,1,47.8221098046352,0.6
1.764,1,47.81309757688055,0.6
1.7650000000000001,1,47.80408990635807,0.6
1.766,1,47.795086790763314,0.6
1.7670000000000001,1,47.786088227792966,0.6
1.768,1,47.7770942151449,0.6
1.7690000000000001,1,47.790785811040394,0.88
1.77,1,47.80564511321486,0.88
1.7710000000000001,1,47.82049690145472,0.88
1.772,1,47.83534117955956,0.88
1.7730000000000001,1,47.85017795132705,0.88
1.774,1,47.865007220552926,0.88
1.7750000000000001,1,47.87982899103102,0.88
1.776,1,47.894643266553246,0.88
1.7770000000000001,1,47.909450050909584,0.88
1.778,1,47.92424934788812,0.88
1.7790000000000001,1,47.939041161275,0.88
1.78,1,47.95382549485447,0.88
1.7810000000000001,1,47.968602352408865,0.88
1.782,1,47.98337173771859,0.88
1.7830000000000001,1,47.99813365456217,0.88
1.784,1,48.01288810671618,0.88
1.7850000000000001,1,48.027635097955326,0.88
1.786,1,48.04237463205237,0.88
1.7870000000000001,1,48.05710671277818,0.88
1.788,1,48.07183134390172,0.88
1.7890000000000001,1,48.086548529190054,0.88
1.79,1,48.10125827240833,0.88
1.7910000000000001,1,48.11596057731978,0.88
1.792,1,48.13065544768577,0.88
1.793,1,48.145342887265734,0.88
1.794,1,48.160022899817214,0.88
1.795,1,48.174695489095846,0.88
1.796,1,48.18936065885538,0.88
1.797,1,48.204018412847645,0.88
1.798,1,48.2186687548226,0.88
1.799,1,48.2333116885283,0.88
1.8,1,48.24794721771089,0.88
1.801,1,48.26257534611464,0.88
1.802,1,48.277196077481904,0.88
1.803,1,48.29180941555316,0.88
1.804,1,48.30641536406701,0.88
1.805,1,48.307006482704026,0.6
1.806,1,48.297749056225584,0.6
1.807,1,48.288496310969485,0.6
1.808,1,48.27924824456855,0.6
1.809,1,48.270004854656825,0.6
1.81,1,48.26076613886953,0.6
1.811,1,48.251532094843085,0.6
1.812,1,48.24230272021512,0.6
1.813,1,48.23307801262445,0.6
1.814,1,48.223857969711084,0.6
1.815,1,48.214642589116224,0.6
1.816,1,48.205431868482265,0.6
1.817,1,48.1962258054528,0.6
1.818,1,48.187024397672594,0.6
1.819,1,48.17782764278763,0.6
1.82,1,48.16863553844507,0.6
1.821,1,48.15944808229325,0.6
1.822,1,48.15026527198174,0.6
1.823,1,48.141087105161226,0.6
1.824,1,48.13191357948365,0.6
1.825,1,48.122744692602126,0.6
1.826,1,48.113580442170914,0.6
1.827,1,48.10442082584551,0.6
1.828,1,48.09526584128257,0.6
1.829,1,48.086115486139946,0.6
1.83,1,48.07696975807667,0.6
1.831,1,48.067828654752944,0.6
1.832,1,48.05869217383018,0.6
1.833,1,48.049560312970954,0.6
1.834,1,48.04043306983903,0.6
1.835,1,48.031310442099354,0.6
1.836,1,48.02219242741804,0.6
1.837,1,48.01307902346241,0.6
1.838,1,48.003970227900936,0.6
1.839,1,47.99486603840328,0.6
1.84,1,47.98576645264029,0.6
1.841,1,47.976671468283996,0.6
1.842,1,47.96758108300757,0.6
1.843,1,47.95849529448541,0.6
1.844,1,47.94941410039305,0.6
1.845,1,47.946090679145186,0.88
1.846,1,47.960871447980125,0.88
1.847,1,47.975644742592564,0.88
1.848,1,47.99041056676204,0.88
1.849,1,48.005168924266115,0.88
1.85,1,48.019919818880496,0.88
1.851,1,48.03466325437894,0.88
1.852,1,48.04939923453333,0.88
1.853,1,48.06412776311362,0.88
1.854,1,48.07884884388787,0.88
1.855,1,48.09356248062221,0.88
1.856,1,48.1082686770809,0.88
1.857,1,48.12296743702627,0.88
1.858,1,48.13765876421876,0.88
1.859,1,48.15234266241691,0.88
1.86,1,48.16701913537736,0.88
1.861,1,48.18168818685483,0.88
1.862,1,48.196349820602165,0.88
1.863,1,48.211004040370305,0.88
1.864,1,48.22565084990829,0.88
1.865,1,48.24029025296327,0.88
1.866,1,48.2549222532805,0.88
1.867,1,48.26954685460332,0.88
1.868,1,48.28416406067322,0.88
1.869,1,48.298773875229756,0.88
1.87,1,48.31337630201062,0.88
1.871,1,48.32797134475159,0.88
1.872,1,48.34255900718658,0.88
1.873,1,48.35713929304761,0.88
1.874,1,48.3717122060648,0.88
1.875,1,48.38627774996638,0.88
1.8760000000000001,1,48.40083592847874,0.88
1.877,1,48.415386745326316,0.88
1.8780000000000001,1,48.42993020423172,0.88
1.879,1,48.444466308915636,0.88
1.8800000000000001,1,48.45899506309691,0.88
1.881,1,48.47351647049248,0.88
1.8820000000000001,1,48.467096915713924,0.6
1.883,1,48.457758535969276,0.6
1.8840000000000001,1,48.44842487838278,0.6
1.885,1,48.43909594056656,0.6
1.8860000000000001,1,48.42977172013395,0.6
1.887,1,48.42045221469952,0.6
1.8880000000000001,1,48.41113742187902,0.6
1.889,1,48.4018273392894,0.6
1.8900000000000001,1,48.39252196454885,0.6
1.891,1,48.383221295276726,0.6
1.8920000000000001,1,48.3739253290936,0.6
1.893,1,48.36463406362127,0.6
1.8940000000000001,1,48.35534749648271,0.6
1.895,1,48.34606562530209,0.6
1.8960000000000001,1,48.336788447704805,0.6
1.897,1,48.32751596131745,0.6
1.8980000000000001,1,48.318248163767805,0.6
1.899,1,48.30898505268485,0.6
1.9000000000000001,1,48.29972662569877,0.6
1.901,1,48.29047288044095,0.6
1.9020000000000001,1,48.28122381454398,0.6
1.903,1,48.27197942564162,0.6
1.9040000000000001,1,48.26273971136885,0.6
1.905,1,48.25350466936185,0.6
1.9060000000000001,1,48.24427429725798,0.6
1.907,1,48.235048592695804,0.6
1.9080000000000001,1,48.22582755331506,0.6
1.909,1,48.216611176756714,0.6
1.9100000000000001,1,48.2073994606629,0.6
1.911,1,48.19819240267695,0.6
1.9120000000000001,1,48.18899000044339,0.6
1.913,1,48.179792251607935,0.6
1.9140000000000001,1,48.1705991538175,0.6
1.915,1,48.16141070472017,0.6
1.9160000000000001,1,48.15222690196523,0.6
1.917,1,48.14304774320316,0.6
1.9180000000000001,1,48.133873226085626,0.6
1.919,1,48.12470334826547,0.6
1.92,1,48.11553810739673,0.6
1.921,1,48.10637750113463,0.6
1.922,1,48.09722152713559,0.6
1.923,1,48.088070183057184,0.6
1.924,1,48.078923466558194,0.6
1.925,1,48.0697813752986,0.6
1.926,1,48.060643906939525,0.6
1.927,1,48.05151105914331,0.6
1.928,1,48.04238282957346,0.6
1.929,1,48.033259215894674,0.6
1.93,1,48.02414021577282,0.6
1.931,1,48.01502582687495,0.6
1.932,1,48.00591604686929,0.6
1.933,1,47.99681087342526,0.6
1.934,1,47.987710304213465,0.6
1.935,1,47.978614336905636,0.6
1.936,1,47.96952296917476,0.6
1.937,1,47.96043619869492,0.6
1.938,1,47.95135402314145,0.6
1.939,1,47.9422764401908,0.6
1.94,1,47.93320344752063,0.6
1.941,1,47.924135042809766,0.6
1.942,1,47.91507122373819,0.6
1.943,1,47.906011987987085,0.6
1.944,1,47.89695733323879,0.6
1.945,1,47.887907257176806,0.6
1.946,1,47.87886175748585,0.6
1.947,1,47.869820831851754,0.6
1.948,1,47.86078447796155,0.6
1.949,1,47.85175269350344,0.6
1.95,1,47.84272547616679,0.6
1.951,1,47.83370282364212,0.6
1.952,1,47.824684733621154,0.6
1.953,1,47.81567120379674,0.6
1.954,1,47.80666223186293,0.6
1.955,1,47.79765781551492,0.6
1.956,1,47.78865795244907,0.6
1.957,1,47.77966264036293,0.6
1.958,1,47.77067187695518,0.6
1.959,1,47.761685659925675,0.6
1.96,1,47.757734167811634,0.88
1.961,1,47.772610183280094,0.88
1.962,1,47.7874786763625,0.88
1.963,1,47.80233965086272,0.88
1.964,1,47.81719311058268,0.88
1.965,1,47.8320390593224,0.88
1.966,1,47.84687750087998,0.88
1.967,1,47.86170843905158,0.88
1.968,1,47.876531877631464,0.88
1.969,1,47.891347820411966,0.88
1.97,1,47.90615627118349,0.88
1.971,1,47.92095723373455,0.88
1.972,1,47.93575071185172,0.88
1.973,1,47.95053670931968,0.88
1.974,1,47.965315229921174,0.88
1.975,1,47.98008627743705,0.88
1.976,1,47.99484985564624,0.88
1.977,1,48.009605968325765,0.88
1.978,1,48.02435461925073,0.88
1.979,1,48.03909581219435,0.88
1.98,1,48.0538295509279,0.88
1.981,1,48.06855583922078,0.88
1.982,1,48.08327468084045,0.88
1.983,1,48.09798607955251,0.88
1.984,1,48.112690039120615,0.88
1.985,1,48.127386563306544,0.88
1.986,1,48.142075655870144,0.88
1.987,1,48.1567573205694,0.88
1.988,1,48.17143156116036,0.88
1.989,1,48.1860983813972,0.88
1.99,1,48.20075778503218,0.88
1.991,1,48.21540977581567,0.88
1.992,1,48.23005435749614,0.88
1.993,1,48.24469153382017,0.88
1.994,1,48.259321308532435,0.88
1.995,1,48.27394368537574,0.88
1.996,1,48.288558668090964,0.88
1.997,1,48.303166260417115,0.88
1.998,1,48.317766466091314,0.88
1.999,1,48.33235928884878,0.88
2.0,1,48.34694473242284,0.88
2.001,1,48.36152280054496,0.88
2.0020000000000002,1,48.37609349694469,0.88
2.003,1,48.390656825349694,0.88
2.004,1,48.40521278948577,0.88
2.005,1,48.419761393076826,0.88
2.0060000000000002,1,48.4343026398449,0.88
2.007,1,48.448836533510104,0.88
2.008,1,48.4633630777907,0.88
2.009,1,48.477882276403086,0.88
2.0100000000000002,1,48.49239413306175,0.88
2.011,1,48.50689865147931,0.88
2.012,1,48.52139583536651,0.88
2.013,1,48.53588568843223,0.88
2.0140000000000002,1,48.550368214383454,0.88
2.015,1,48.564843416925285,0.88
2.016,1,48.57931129976099,0.88
2.017,1,48.59377186659192,0.88
2.0180000000000002,1,48.6082251211176,0.88
2.019,1,48.62267106703564,0.88
2.02,1,48.63448859680257,0.8
2.021,1,48.64023573089757,0.8
2.0220000000000002,1,48.645979958827176,0.8
2.023,1,48.651721282060954,0.8
2.024,1,48.657459702067726,0.8
2.025,1,48.66319522031558,0.8
2.0260000000000002,1,48.66892783827185,0.8
2.027,1,48.67465755740312,0.8
2.028,1,48.68038437917527,0.8
2.029,1,48.686108305053395,0.8
2.0300000000000002,1,48.69182933650188,0.8
2.031,1,48.69754747498435,0.8
2.032,1,48.703262721963696,0.8
2.033,1,48.71159619014129,0.88
2.0340000000000003,1,48.72598986419329,0.88
2.035,1,48.740376259765824,0.88
2.036,1,48.754755380539436,0.88
2.037,1,48.76912723019278,0.88
2.0380000000000003,1,48.783491812402666,0.88
2.039,1,48.79784913084403,0.88
2.04,1,48.812199189189954,0.88
2.041,1,48.82654199111167,0.88
2.0420000000000003,1,48.84087754027856,0.88
2.043,1,48.855205840358124,0.88
2.044,1,48.86952689501603,0.88
2.045,1,48.87964032345693,0.8
2.0460000000000003,1,48.885263491162334,0.8
2.047,1,48.89088381538868,0.8
2.048,1,48.896501297573856,0.8
2.049,1,48.90211593915498,0.8
2.05,1,48.907727741568486,0.8
2.051,1,48.91333670625006,0.8
2.052,1,48.91894283463465,0.8
2.053,1,48.92454612815649,0.8
2.054,1,48.930146588249116,0.8
2.055,1,48.9357442163453,0.8
2.056,1,48.9413390138771,0.8
2.057,1,48.94693098227585,0.8
2.058,1,48.95672050743133,0.88
2.059,1,48.97099022895388,0.88
2.06,1,48.98525273467631,0.88
2.061,1,48.99950802824745,0.88
2.062,1,49.01375611331428,0.88
2.063,1,49.02799699352195,0.88
2.064,1,49.04223067251376,0.88
2.065,1,49.05645715393115,0.88
2.066,1,49.07067644141374,0.88
2.067,1,49.0848885385993,0.88
2.068,1,49.09909344912377,0.88
2.069,1,49.113291176621225,0.88
2.07,1,49.127481724723935,0.88
2.071,1,49.14166509706233,0.88
2.072,1,49.15584129726497,0.88
2.073,1,49.170010328958625,0.88
2.074,1,49.18417219576819,0.88
2.075,1,49.198326901316776,0.88
2.076,1,49.2124744492256,0.88
2.077,1,49.2266148431141,0.88
2.078,1,49.240748086599865,0.88
2.079,1,49.254874183298654,0.88
2.08,1,49.26899313682438,0.88
2.081,1,49.283104950789166,0.88
2.082,1,49.29720962880328,0.88
2.083,1,49.31130717447518,0.88
2.084,1,49.32539759141149,0.88
2.085,1,49.33948088321701,0.88
2.086,1,49.35355705349471,0.88
2.087,1,49.36762610584577,0.88
2.088,1,49.38168804386952,0.88
2.089,1,49.39574287116346,0.88
2.09,1,49.40979059132331,0.88
2.091,1,49.42383120794294,0.88
2.092,1,49.43786472461441,0.88
2.093,1,49.451891144927956,0.88
2.094,1,49.46591047247203,0.88
2.095,1,49.47992271083325,0.88
2.096,1,49.4939278635964,0.88
2.097,1,49.50792593434446,0.88
2.098,1,49.52191692665863,0.88
2.099,1,49.535900844118274,0.88
2.1,1,49.549877690300946,0.88
2.101,1,49.563847468782384,0.88
2.102,1,49.577810183136535,0.88
2.103,1,49.59176583693554,0.88
2.104,1,49.6057144337497,0.88
2.105,1,49.61965597714756,0.88
2.106,1,49.63359047069582,0.88
2.107,1,49.647517917959405,0.88
2.108,1,49.66143832250142,0.88
2.109,1,49.675351687883165,0.88
2.11,1,49.68925801766416,0.88
2.111,1,49.7031573154021,0.88
2.112,1,49.7170495846529,0.88
2.113,1,49.73093482897067,0.88
2.114,1,49.74481305190771,0.88
2.115,1,49.758684257014565,0.88
2.116,1,49.77254844783993,0.88
2.117,1,49.78640562793074,0.88
2.118,1,49.800255800832126,0.88
2.119,1,49.814098970087436,0.88
2.12,1,49.82793513923821,0.88
2.121,1,49.84176431182419,0.88
2.122,1,49.855586491383384,0.88
2.123,1,49.86940168145195,0.88
2.124,1,49.88320988556427,0.88
2.125,1,49.88547432622144,0.6
2.126,1,49.8754187125863,0.6
2.1270000000000002,1,49.86536818379447,0.6
2.128,1,49.855322737274705,0.6
2.129,1,49.845282370457014,0.6
2.13,1,49.835247080772746,0.6
2.1310000000000002,1,49.82521686565453,0.6
2.132,1,49.81519172253631,0.6
2.133,1,49.80517164885331,0.6
2.134,1,49.79515664204206,0.6
2.1350000000000002,1,49.78514669954038,0.6
2.136,1,49.77514181878739,0.6
2.137,1,49.76514199722351,0.6
2.138,1,49.755147232290454,0.6
2.1390000000000002,1,49.74515752143121,0.6
2.14,1,49.73517286209008,0.6
2.141,1,49.72519325171267,0.6
2.142,1,49.71880283553315,0.88
2.1430000000000002,1,49.73268719328086,0.88
2.144,1,49.74656453009616,0.88
2.145,1,49.76043484952934,0.88
2.146,1,49.7742981551289,0.88
2.1470000000000002,1,49.78815445044155,0.88
2.148,1,49.80200373901218,0.88
2.149,1,49.8158460243839,0.88
2.15,1,49.82968131009805,0.88
2.1510000000000002,1,49.84350959969416,0.88
2.152,1,49.85733089670995,0.88
2.153,1,49.8711452046814,0.88
2.154,1,49.884952527142644,0.88
2.1550000000000002,1,49.8987528676261,0.88
2.156,1,49.912546229662325,0.88
2.157,1,49.926332616780144,0.88
2.158,1,49.94011203250656,0.88
2.1590000000000003,1,49.953884480366845,0.88
2.16,1,49.96764996388442,0.88
2.161,1,49.981408486580975,0.88
2.162,1,49.99516005197639,0.88
2.1630000000000003,1,50.0089046635888,0.88
2.164,1,50.02264232493452,0.88
2.165,1,50.036373039528115,0.88
2.166,1,50.03783712967672,0.6
2.1670000000000003,1,50.02770447042207,0.6
2.168,1,50.01757693497056,0.6
2.169,1,50.00745452073122,0.6
2.17,1,49.99733722511439,0.6
2.1710000000000003,1,49.98722504553173,0.6
2.172,1,49.977117979396205,0.6
2.173,1,49.96701602412209,0.6
2.174,1,49.95691917712495,0.6
2.1750000000000003,1,49.94682743582168,0.6
2.176,1,49.93674079763049,0.6
2.177,1,49.926659259970855,0.6
2.178,1,49.916582820263585,0.6
2.179,1,49.9065114759308,0.6
2.18,1,49.89644522439589,0.6
2.181,1,49.88638406308358,0.6
2.182,1,49.8763279894199,0.6
2.183,1,49.86627700083214,0.6
2.184,1,49.85623109474894,0.6
2.185,1,49.84619026860022,0.6
2.186,1,49.836154519817185,0.6
2.187,1,49.82612384583236,0.6
2.188,1,49.81609824407956,0.6
2.189,1,49.80607771199391,0.6
2.19,1,49.7960622470118,0.6
2.191,1,49.78605184657094,0.6
2.192,1,49.776046508110355,0.6
2.193,1,49.76604622907033,0.6
2.194,1,49.75605100689244,0.6
2.195,1,49.74606083901959,0.6
2.196,1,49.73607572289596,0.6
2.197,1,49.726095655967015,0.6
2.198,1,49.71612063567952,0.6
2.199,1,49.70615065948154,0.6
2.2,1,49.696185724822385,0.6
2.201,1,49.68622582915273,0.6
2.202,1,49.676270969924474,0.6
2.203,1,49.66632114459084,0.6
2.204,1,49.65637635060632,0.6
2.205,1,49.6507437552794,0.88
2.206,1,49.66466252860546,0.88
2.207,1,49.67857426359612,0.88
2.208,1,49.69247896381047,0.88
2.209,1,49.7063766328058,0.88
2.21,1,49.72026727413758,0.88
2.211,1,49.73415089135954,0.88
2.212,1,49.74802748802355,0.88
2.213,1,49.761897067679726,0.88
2.214,1,49.77575963387636,0.88
2.215,1,49.789615190159964,0.88
2.216,1,49.80346374007527,0.88
2.217,1,49.81730528716519,0.88
2.218,1,49.831139834970855,0.88
2.219,1,49.844967387031616,0.88
2.22,1,49.85878794688502,0.88
2.221,1,49.87260151806684,0.88
2.222,1,49.88640810411104,0.88
2.223,1,49.900207708549814,0.88
2.224,1,49.914000334913574,0.88
2.225,1,49.927785986730925,0.88
2.226,1,49.94156466752871,0.88
2.227,1,49.95533638083197,0.88
2.228,1,49.96910113016399,0.88
2.229,1,49.96987634874646,0.6
2.23,1,49.95977805536295,0.6
2.231,1,49.94968486840472,0.6
2.232,1,49.93959678528957,0.6
2.233,1,49.92951380343664,0.6
2.234,1,49.91943592026637,0.6
2.235,1,49.9093631332005,0.6
2.236,1,49.899295439662055,0.6
2.237,1,49.8892328370754,0.6
2.238,1,49.879175322866175,0.6
2.239,1,49.86912289446133,0.6
2.24,1,49.8590755492891,0.6
2.241,1,49.84903328477906,0.6
2.242,1,49.83899609836205,0.6
2.243,1,49.82896398747023,0.6
2.244,1,49.818936949537026,0.6
2.245,1,49.808914981997205,0.6
2.246,1,49.798898082286804,0.6
2.247,1,49.788886247843166,0.6
2.248,1,49.77887947610491,0.6
2.249,1,49.768877764512,0.6
2.25,1,49.75888111050563,0.6
2.251,1,49.74888951152833,0.6
2.2520000000000002,1,49.73890296502391,0.6
2.253,1,49.72892146843749,0.6
2.254,1,49.718945019215454,0.6
2.255,1,49.7089736148055,0.6
2.2560000000000002,1,49.6990072526566,0.6
2.257,1,49.689045930219024,0.6
2.258,1,49.67908964494433,0.6
2.259,1,49.669138394285355,0.6
2.2600000000000002,1,49.659192175696255,0.6
2.261,1,49.649250986632445,0.6
2.262,1,49.639314824550624,0.6
2.263,1,49.62938368690881,0.6
2.2640000000000002,1,49.61945757116626,0.6
2.265,1,49.60953647478355,0.6
2.266,1,49.59962039522253,0.6
2.267,1,49.58970932994634,0.6
2.2680000000000002,1,49.579803276419376,0.6
2.269,1,49.56990223210735,0.6
2.27,1,49.56000619447725,0.6
2.271,1,49.57263882900229,0.88
2.2720000000000002,1,49.586597097810824,0.88
2.273,1,49.600548308312185,0.88
2.274,1,49.61449246407555,0.88
2.275,1,49.628429568668345,0.88
2.2760000000000002,1,49.64235962565613,0.88
2.277,1,49.65628263860266,0.88
2.278,1,49.670198611069935,0.88
2.279,1,49.68410754661812,0.88
2.2800000000000002,1,49.69800944880561,0.88
2.281,1,49.71190432118894,0.88
2.282,1,49.72579216732291,0.88
2.283,1,49.739672990760496,0.88
2.2840000000000003,1,49.75354679505289,0.88
2.285,1,49.76741358374946,0.88
2.286,1,49.7812733603978,0.88
2.287,1,49.795126128543714,0.88
2.2880000000000003,1,49.808971891731204,0.88
2.289,1,49.82281065350247,0.88
2.29,1,49.836642417397954,0.88
2.291,1,49.85046718695628,0.88
2.2920000000000003,1,49.86428496571428,0.88
2.293,1,49.87809575720702,0.88
2.294,1,49.891899564967744,0.88
2.295,1,49.90569639252796,0.88
2.2960000000000003,1,49.91948624341734,0.88
2.297,1,49.93326912116379,0.88
2.298,1,49.94704502929344,0.88
2.299,1,49.96081397133064,0.88
2.3000000000000003,1,49.974575950797934,0.88
2.301,1,49.98833097121611,0.88
2.302,1,50.00207903610415,0.88
2.303,1,50.01582014897929,0.88
2.3040000000000003,1,50.02955431335697,0.88
2.305,1,50.043281532750825,0.88
2.306,1,50.05700181067276,0.88
2.307,1,50.07071515063288,0.88
2.308,1,50.08442155613953,0.88
2.309,1,50.09812103069926,0.88
2.31,1,50.11181357781685,0.88
2.311,1,50.12549920099531,0.88
2.312,1,50.1391779037359,0.88
2.313,1,50.15284968953809,0.88
2.314,1,50.16651456189957,0.88
2.315,1,50.18017252431628,0.88
2.316,1,50.1938235802824,0.88
2.317,1,50.207467733290315,0.88
2.318,1,50.22110498683065,0.88
2.319,1,50.23473534439229,0.88
2.32,1,50.24835880946234,0.88
2.321,1,50.26197538552613,0.88
2.322,1,50.275585076067244,0.88
2.323,1,50.2891878845675,0.88
2.324,1,50.30278381450694,0.88
2.325,1,50.316372869363875,0.88
2.326,1,50.32995505261484,0.88
2.327,1,50.343530367734616,0.88
2.328,1,50.35709881819622,0.88
2.329,1,50.37066040747093,0.88
2.33,1,50.384215139028235,0.88
2.331,1,50.397763016335915,0.88
2.332,1,50.41130404285995,0.88
2.333,1,50.424838222064615,0.88
2.334,1,50.43836555741239,0.88
2.335,1,50.44671127066093,0.6
2.336,1,50.43637185515884,0.6
2.337,1,50.42603766801074,0.6
2.338,1,50.41570870657282,0.6
2.339,1,50.40538496820257,0.6
2.34,1,50.395066450258824,0.6
2.341,1,50.384753150101766,0.6
2.342,1,50.37444506509291,0.6
2.343,1,50.36414219259509,0.6
2.344,1,50.35384452997249,0.6
2.345,1,50.343552074590626,0.6
2.346,1,50.333264823816336,0.6
2.347,1,50.322982775017806,0.6
2.348,1,50.31270592556453,0.6
2.349,1,50.302434272827334,0.6
2.35,1,50.292167814178406,0.6
2.351,1,50.28190654699124,0.6
2.352,1,50.27165046864063,0.6
2.353,1,50.282477747721984,0.88
2.354,1,50.296077070790446,0.88
2.355,1,50.30966951706059,0.88
2.356,1,50.32325509000982,0.88
2.357,1,50.3368337931138,0.88
2.358,1,50.350405629846385,0.88
2.359,1,50.36397060367973,0.88
2.36,1,50.3775287180842,0.88
2.361,1,50.39107997652843,0.88
2.362,1,50.40462438247928,0.88
2.363,1,50.418161939401855,0.88
2.364,1,50.431692650759544,0.88
2.365,1,50.445216520013936,0.88
2.366,1,50.4587335506249,0.88
2.367,1,50.47224374605054,0.88
2.368,1,50.485747109747216,0.88
2.369,1,50.499243645169564,0.88
2.37,1,50.51273335577043,0.88
2.371,1,50.526216245000946,0.88
2.372,1,50.539692316310486,0.88
2.373,1,50.553161573146696,0.88
2.374,1,50.56662401895544,0.88
2.375,1,50.580079657180875,0.88
2.376,1,50.5935284912654,0.88
2.3770000000000002,1,50.60697052464971,0.88
2.378,1,50.62040576077269,0.88
2.379,1,50.633834203071544,0.88
2.38,1,50.64725585498172,0.88
2.3810000000000002,1,50.66067071993693,0.88
2.382,1,50.674078801369134,0.88
2.383,1,50.68748010270859,0.88
2.384,1,50.70087462738378,0.88
2.3850000000000002,1,50.7142623788215,0.88
2.386,1,50.72764336044676,0.88
2.387,1,50.741017575682875,0.88
2.388,1,50.74414949515547,0.6
2.3890000000000002,1,50.73365967344037,0.6
2.39,1,50.7231751561355,0.6
2.391,1,50.71269594055855,0.6
2.392,1,50.70222202402861,0.6
2.3930000000000002,1,50.69175340386607,0.6
2.394,1,50.68129007739274,0.6
2.395,1,50.67083204193172,0.6
2.396,1,50.660379294807505,0.6
2.3970000000000002,1,50.64993183334593,0.6
2.398,1,50.63948965487418,0.6
2.399,1,50.629052756720796,0.6
2.4,1,50.61862113621567,0.6
2.4010000000000002,1,50.608194790690035,0.6
2.402,1,50.5977737174765,0.6
2.403,1,50.587357913908974,0.6
2.404,1,50.576947377322774,0.6
2.4050000000000002,1,50.56654210505451,0.6
2.406,1,50.55614209444218,0.6
2.407,1,50.54574734282511,0.6
2.408,1,50.53535784754396,0.6
2.4090000000000003,1,50.524973605940765,0.6
2.41,1,50.514594615358874,0.6
2.411,1,50.504220873143,0.6
2.412,1,50.493852376639175,0.6
2.4130000000000003,1,50.4834891231948,0.6
2.414,1,50.47313111015862,0.6
2.415,1,50.46277833488068,0.6
2.416,1,50.45243079471241,0.6
2.4170000000000003,1,50.44208848700656,0.6
2.418,1,50.43175140911721,0.6
2.419,1,50.42141955839979,0.6
2.42,1,50.411092932211076,0.6
2.4210000000000003,1,50.40077152790916,0.6
2.422,1,50.39045534285348,0.6
2.423,1,50.38014437440481,0.6
2.424,1,50.36983861992526,0.6
2.4250000000000003,1,50.359538076778264,0.6
2.426,1,50.3492427423286,0.6
2.427,1,50.33895261394238,0.6
2.428,1,50.32866768898704,0.6
2.4290000000000003,1,50.318387964831345,0.6
2.43,1,50.3081134388454,0.6
2.431,1,50.29784410840064,0.6
2.432,1,50.28757997086982,0.6
2.433,1,50.277321023627024,0.6
2.434,1,50.267067264047675,0.6
2.435,1,50.25681868950852,0.6
2.436,1,50.24657529738762,0.6
2.437,1,50.25770435918564,0.88
2.438,1,50.27131620946563,0.88
2.439,1,50.28492117661264,0.88
2.44,1,50.29851926410728,0.88
2.441,1,50.31211047542838,0.88
2.442,1,50.32569481405307,0.88
2.443,1,50.339272283456644,0.88
2.444,1,50.352842887112686,0.88
2.445,1,50.36640662849302,0.88
2.446,1,50.3799635110677,0.88
2.447,1,50.39351353830504,0.88
2.448,1,50.40705671367158,0.88
2.449,1,50.42059304063213,0.88
2.45,1,50.43412252264973,0.88
2.451,1,50.44764516318569,0.88
2.452,1,50.46116096569955,0.88
2.453,1,50.474669933649096,0.88
2.454,1,50.48817207049039,0.88
2.455,1,50.50166737967773,0.88
2.456,1,50.51515586466367,0.88
2.457,1,50.52863752889901,0.88
2.458,1,50.54211237583283,0.88
2.459,1,50.555580408912434,0.88
2.46,1,50.56904163158341,0.88
2.461,1,50.58249604728958,0.88
2.462,1,50.59594365947305,0.88
2.463,1,50.60938447157415,0.88
2.464,1,50.622818487031516,0.88
2.465,1,50.63624570928201,0.88
2.466,1,50.64966614176076,0.88
2.467,1,50.66307978790118,0.88
2.468,1,50.67648665113492,0.88
2.469,1,50.68988673489191,0.88
2.47,1,50.70328004260034,0.88
2.471,1,50.71666657768668,0.88
2.472,1,50.730046343575644,0.88
2.473,1,50.74341934369022,0.88
2.474,1,50.756785581451695,0.88
2.475,1,50.77014506027959,0.88
2.476,1,50.7834977835917,0.88
2.477,1,50.7968437548041,0.88
2.478,1,50.810182977331166,0.88
2.479,1,50.82351545458549,0.88
2.48,1,50.83684118997799,0.88
2.481,1,50.85016018691781,0.88
2.482,1,50.86347244881243,0.88
2.483,1,50.876777979067555,0.88
2.484,1,50.89007678108718,0.88
2.485,1,50.90336885827361,0.88
2.486,1,50.91665421402739,0.88
2.487,1,50.92993285174736,0.88
2.488,1,50.94320477483065,0.88
2.489,1,50.95646998667265,0.88
2.49,1,50.96972849066708,0.88
2.491,1,50.982980290205866,0.88
2.492,1,50.9962253886793,0.88
2.493,1,51.0094637894759,0.88
2.494,1,51.022695495982525,0.88
2.495,1,51.03592051158426,0.88
2.496,1,51.04913883966452,0.88
2.497,1,51.062350483605,0.88
2.498,1,51.075555446785685,0.88
2.499,1,51.08875373258484,0.88
2.5,1,51.10194534437903,0.88
2.501,1,51.11513028554313,0.88
2.5020000000000002,1,51.12830855945028,0.88
2.503,1,51.14148016947192,0.88
2.504,1,51.154645118977804,0.88
2.505,1,51.16780341133595,0.88
2.5060000000000002,1,51.180955049912725,0.88
2.507,1,51.19410003807273,0.88
2.508,1,51.207238379178904,0.88
2.509,1,51.220370076592474,0.88
2.5100000000000002,1,51.23349513367299,0.88
2.511,1,51.246613553778246,0.88
2.512,1,51.25972534026441,0.88
2.513,1,51.272830496485895,0.88
2.5140000000000002,1,51.28592902579546,0.88
2.515,1,51.299020931544135,0.88
2.516,1,51.31210621708128,0.88
2.517,1,51.32518488575454,0.88
2.5180000000000002,1,51.338256940909886,0.88
2.519,1,51.35132238589159,0.88
2.52,1,51.36438122404223,0.88
2.521,1,51.3774334587027,0.88
2.5220000000000002,1,51.39047909321219,0.88
2.523,1,51.403518130908225,0.88
2.524,1,51.41655057512662,0.88
2.525,1,51.429576429201525,0.88
2.5260000000000002,1,51.44259569646538,0.88
2.527,1,51.45560838024896,0.88
2.528,1,51.46861448388134,0.88
2.529,1,51.48161401068991,0.88
2.5300000000000002,1,51.49460696400041,0.88
2.531,1,51.50759334713686,0.88
2.532,1,51.520573163421616,0.88
2.533,1,51.533546416175355,0.88
2.5340000000000003,1,51.54651310871707,0.88
2.535,1,51.55947324436407,0.88
2.536,1,51.57242682643201,0.88
2.537,1,51.585373858234824,0.88
2.5380000000000003,1,51.59831434308484,0.88
2.539,1,51.61124828429262,0.88
2.54,1,51.624175685167145,0.88
2.541,1,51.637096549015645,0.88
2.5420000000000003,1,51.65001087914374,0.88
2.543,1,51.662918678855334,0.88
2.544,1,51.67581995145268,0.88
2.545,1,51.68871470023636,0.88
2.5460000000000003,1,51.70160292850528,0.88
2.547,1,51.71448463955669,0.88
2.548,1,51.727359836686155,0.88
2.549,1,51.74022852318758,0.88
2.5500000000000003,1,51.753090702353234,0.88
2.551,1,51.76594637747367,0.88
2.552,1,51.77879555183781,0.88
2.553,1,51.7916382287329,0.88
2.5540000000000003,1,51.804474411444545,0.88
2.555,1,51.81730410325665,0.88
2.556,1,51.8301273074515,0.88
2.557,1,51.84294402730969,0.88
2.5580000000000003,1,51.85575426611018,0.88
2.559,1,51.86855802713025,0.88
2.56,1,51.881355313645535,0.88
2.561,1,51.89414612893002,0.88
2.562,1,51.90693047625601,0.88
2.563,1,51.919708358894184,0.88
2.564,1,51.932479780113546,0.88
2.565,1,51.94524474318146,0.88
2.566,1,51.958003251363635,0.88
2.567,1,51.97075530792413,0.88
2.568,1,51.98350091612534,0.88
2.569,1,51.996240079228016,0.88
2.57,1,52.00897280049128,0.88
2.571,1,52.021699083172585,0.88
2.572,1,52.03441893052774,0.88
2.573,1,52.04713234581091,0.88
2.574,1,52.05983933227462,0.88
2.575,1,52.07253989316973,0.88
2.576,1,52.08523403174549,0.88
2.577,1,52.09792175124947,0.88
2.578,1,52.11032479981015,0.8
2.579,1,52.11431430049663,0.8
2.58,1,52.1183017838039,0.8
2.581,1,52.122287250752095,0.8
2.582,1,52.12627070236083,0.8
2.583,1,52.1302521396492,0.8
2.584,1,52.1342315636358,0.8
2.585,1,52.1382089753387,0.8
2.586,1,52.14218437577544,0.8
2.587,1,52.14615776596309,0.8
2.588,1,52.150129146918154,0.8
2.589,1,52.15409851965666,0.8
2.59,1,52.158065885194084,0.8
2.591,1,52.16230949966291,0.88
2.592,1,52.174958244252814,0.88
2.593,1,52.18760059272541,0.88
2.594,1,52.20023654831505,0.88
2.595,1,52.21286611425444,0.88
2.596,1,52.22548929377462,0.88
2.597,1,52.23810609010505,0.88
2.598,1,52.25071650647354,0.88
2.599,1,52.26332054610623,0.88
2.6,1,52.275918212227666,0.88
2.601,1,52.28850950806076,0.88
2.602,1,52.3010944368268,0.88
2.603,1,52.31367300174542,0.88
2.604,1,52.32624520603464,0.88
2.605,1,52.338811052910856,0.88
2.606,1,52.35137054558883,0.88
2.607,1,52.36392368728171,0.88
2.608,1,52.37647048120101,0.88
2.609,1,52.38901093055662,0.88
2.61,1,52.40154503855681,0.88
2.611,1,52.414072808408235,0.88
2.612,1,52.426594243315904,0.88
2.613,1,52.43910934648322,0.88
2.614,1,52.451618121111984,0.88
2.615,1,52.45468026253475,0.6
2.616,1,52.44332547312628,0.6
2.617,1,52.43197642551807,0.6
2.618,1,52.42925118029805,0.88
2.619,1,52.441764939926465,0.88
2.62,1,52.45427237169571,0.88
2.621,1,52.46677347880559,0.88
2.622,1,52.47926826445434,0.88
2.623,1,52.491756731838535,0.88
2.624,1,52.50423888415314,0.88
2.625,1,52.51671472459151,0.88
2.626,1,52.52918425634538,0.88
2.6270000000000002,1,52.5416474826049,0.88
2.628,1,52.55410440655855,0.88
2.629,1,52.56655503139325,0.88
2.63,1,52.57899936029428,0.88
2.6310000000000002,1,52.591437396445336,0.88
2.632,1,52.60386914302846,0.88
2.633,1,52.616294603224134,0.88
2.634,1,52.628713780211186,0.88
2.6350000000000002,1,52.64112667716688,0.88
2.636,1,52.65353329726685,0.88
2.637,1,52.66593364368511,0.88
2.638,1,52.6783277195941,0.88
2.6390000000000002,1,52.690715528164645,0.88
2.64,1,52.70309707256595,0.88
2.641,1,52.71547235596564,0.88
2.642,1,52.72784138152973,0.88
2.6430000000000002,1,52.74020415242262,0.88
2.644,1,52.75256067180714,0.88
2.645,1,52.764910942844494,0.88
2.646,1,52.777254968694294,0.88
2.6470000000000002,1,52.789592752514565,0.88
2.648,1,52.801924297461724,0.88
2.649,1,52.814249606690595,0.88
2.65,1,52.82656868335441,0.88
2.6510000000000002,1,52.838881530604795,0.88
2.652,1,52.8511881515918,0.88
2.653,1,52.86348854946387,0.88
2.654,1,52.87578272736785,0.88
2.6550000000000002,1,52.88807068844902,0.88
2.656,1,52.90035243585103,0.88
2.657,1,52.91262797271601,0.88
2.658,1,52.924897302184405,0.88
2.6590000000000003,1,52.937160427395156,0.88
2.66,1,52.949417351485565,0.88
2.661,1,52.96166807759137,0.88
2.662,1,52.97391260884672,0.88
2.6630000000000003,1,52.986150948384186,0.88
2.664,1,52.99838309933473,0.88
2.665,1,53.01060906482776,0.88
2.666,1,53.02282884799109,0.88
2.6670000000000003,1,53.03504245195096,0.88
2.668,1,53.04724987983199,0.88
2.669,1,53.05945113475727,0.88
2.67,1,53.071646219848304,0.88
2.6710000000000003,1,53.083835138224984,0.88
2.672,1,53.09601789300565,0.88
2.673,1,53.108194487307074,0.88
2.674,1,53.12036492424443,0.88
2.6750000000000003,1,53.132529206931316,0.88
2.676,1,53.14468733847978,0.88
2.677,1,53.156839322000266,0.88
2.678,1,53.16898516060167,0.88
2.6790000000000003,1,53.18112485739131,0.88
2.68,1,53.19325841547492,0.88
2.681,1,53.20538583795668,0.88
2.682,1,53.217507127939186,0.88
2.6830000000000003,1,53.22962228852347,0.88
2.684,1,53.24173132280902,0.88
2.685,1,53.25383423389369,0.88
2.686,1,53.26593102487385,0.88
2.6870000000000003,1,53.278021698844256,0.88
2.688,1,53.290106258898106,0.88
2.689,1,53.302184708127044,0.88
2.69,1,53.31425704962113,0.88
2.691,1,53.32632328646888,0.88
2.692,1,53.33838342175726,0.88
2.693,1,53.35043745857163,0.88
2.694,1,53.36248539999585,0.88
2.695,1,53.37452724911216,0.88
2.696,1,53.38656300900129,0.88
2.697,1,53.39859268274239,0.88
2.698,1,53.41061627341304,0.88
2.699,1,53.422633784089285,0.88
2.7,1,53.43464521784562,0.88
2.701,1,53.446650577754966,0.88
2.702,1,53.45864986688869,0.88
2.703,1,53.470643088316635,0.88
2.704,1,53.48263024510705,0.88
2.705,1,53.494611340326664,0.88
2.706,1,53.50658637704064,0.88
2.707,1,53.5185553583126,0.88
2.708,1,53.5305182872046,0.88
2.709,1,53.54247516677718,0.88
2.71,1,53.554426000089286,0.88
2.711,1,53.56637079019836,0.88
2.712,1,53.57830954016029,0.88
2.713,1,53.5902422530294,0.88
2.714,1,53.60216893185847,0.88
2.715,1,53.61408957969875,0.88
2.716,1,53.62600419959996,0.88
2.717,1,53.63791279461023,0.88
2.718,1,53.64981536777621,0.88
2.719,1,53.661711922142956,0.88
2.72,1,53.673602460754026,0.88
2.721,1,53.68548698665141,0.88
2.722,1,53.697365502875556,0.88
2.723,1,53.70923801246541,0.88
2.724,1,53.72110451845836,0.88
2.725,1,53.73296502389024,0.88
2.726,1,53.74481953179537,0.88
2.727,1,53.75666804520654,0.88
2.728,1,53.768510567155005,0.88
2.729,1,53.78034710067046,0.88
2.73,1,53.792177648781106,0.88
2.731,1,53.80400221451358,0.88
2.732,1,53.81582080089302,0.88
2.733,1,53.82763341094301,0.88
2.734,1,53.83944004768561,0.88
2.735,1,53.851240714141355,0.88
2.736,1,53.86303541332927,0.88
2.737,1,53.87482414826681,0.88
2.738,1,53.88660692196994,0.88
2.739,1,53.8983837374531,0.88
2.74,1,53.91015459772919,0.88
2.741,1,53.92191950580958,0.88
2.742,1,53.933678464704144,0.88
2.743,1,53.94543147742121,0.88
2.744,1,53.957178546967604,0.88
2.745,1,53.96891967634861,0.88
2.746,1,53.98065486856801,0.88
2.747,1,53.99238412662807,0.88
2.748,1,54.004107453529514,0.88
2.749,1,54.015824852271564,0.88
2.75,1,54.02753632585193,0.88
2.751,1,54.039241877266804,0.88
2.7520000000000002,1,54.050941509510864,0.88
2.753,1,54.06263522557725,0.88
2.754,1,54.074323028457634,0.88
2.755,1,54.08600492114213,0.88
2.7560000000000002,1,54.09768090661936,0.88
2.757,1,54.10935098787644,0.88
2.758,1,54.121015167898975,0.88
2.759,1,54.13267344967104,0.88
2.7600000000000002,1,54.14432583617523,0.88
2.761,1,54.15597233039261,0.88
2.762,1,54.16761293530274,0.88
2.763,1,54.179247653883685,0.88
2.7640000000000002,1,54.19087648911201,0.88
2.765,1,54.202499443962736,0.88
2.766,1,54.21411652140942,0.88
2.767,1,54.225727724424104,0.88
2.7680000000000002,1,54.237333055977324,0.88
2.769,1,54.24893251903811,0.88
2.77,1,54.260526116573985,0.88
2.771,1,54.272113851551005,0.88
2.7720000000000002,1,54.283695726933686,0.88
2.773,1,54.29527174568507,0.88
2.774,1,54.30684191076668,0.88
2.775,1,54.31840622513856,0.88
2.7760000000000002,1,54.329964691759265,0.88
2.777,1,54.34151731358582,0.88
2.778,1,54.35306409357378,0.88
2.779,1,54.3646050346772,0.88
2.7800000000000002,1,54.37614013984864,0.88
2.781,1,54.387669412039166,0.88
2.782,1,54.39919285419836,0.88
2.783,1,54.4107104692743,0.88
2.7840000000000003,1,54.42222226021359,0.88
2.785,1,54.433728229961325,0.88
2.786,1,54.44522838146112,0.88
2.787,1,54.4567227176551,0.88
2.7880000000000003,1,54.4682112414839,0.88
2.789,1,54.47969395588668,0.88
2.79,1,54.4911708638011,0.88
2.791,1,54.50264196816333,0.88
2.7920000000000003,1,54.51410727190809,0.88
2.793,1,54.525566777968564,0.88
2.794,1,54.53702048927649,0.88
2.795,1,54.54846840876211,0.88
2.7960000000000003,1,54.5599105393542,0.88
2.797,1,54.57134688398002,0.88
2.798,1,54.582777445565384,0.88
2.799,1,54.594202227034614,0.88
2.8000000000000003,1,54.60562123131055,0.88
2.801,1,54.61703446131456,0.88
2.802,1,54.628441919966534,0.88
2.803,1,54.63984361018488,0.88
2.8040000000000003,1,54.65123953488654,0.88
2.805,1,54.66262969698697,0.88
2.806,1,54.67401409940015,0.88
2.807,1,54.6853927450386,0.88
2.8080000000000003,1,54.69676563681337,0.88
2.809,1,54.684335197756305,0.6
2.81,1,54.67185293404389,0.6
2.811,1,54.659376982264035,0.6
2.8120000000000003,1,54.646907339224974,0.6
2.813,1,54.63444400173656,0.6
2.814,1,54.621986966610244,0.6
2.815,1,54.6095362306591,0.6
2.816,1,54.59709179069781,0.6
2.817,1,54.58465364354266,0.6
2.818,1,54.57222178601157,0.6
2.819,1,54.559796214924035,0.6
2.82,1,54.5473769271012,0.6
2.821,1,54.53496391936576,0.6
2.822,1,54.52255718854207,0.6
2.823,1,54.51015673145608,0.6
2.824,1,54.49776254493531,0.6
2.825,1,54.48537462580894,0.6
2.826,1,54.4729929709077,0.6
2.827,1,54.46061757706396,0.6
2.828,1,54.44824844111166,0.6
2.829,1,54.43588555988637,0.6
2.83,1,54.42352893022527,0.6
2.831,1,54.41117854896709,0.6
2.832,1,54.39883441295218,0.6
2.833,1,54.38649651902252,0.6
2.834,1,54.37416486402166,0.6
2.835,1,54.361839444794725,0.6
2.836,1,54.349520258188484,0.6
2.837,1,54.33720730105125,0.6
2.838,1,54.324900570232984,0.6
2.839,1,54.312600062585176,0.6
2.84,1,54.300305774960975,0.6
2.841,1,54.288017704215065,0.6
2.842,1,54.27573584720375,0.6
2.843,1,54.26346020078493,0.6
2.844,1,54.251190761818066,0.6
2.845,1,54.23892752716422,0.6
2.846,1,54.226670493686065,0.6
2.847,1,54.21441965824782,0.6
2.848,1,54.21802203169378,0.88
2.849,1,54.22963125980086,0.88
2.85,1,54.24123461744513,0.88
2.851,1,54.25283210759511,0.88
2.852,1,54.26442373321784,0.88
2.853,1,54.27600949727885,0.88
2.854,1,54.28758940274216,0.88
2.855,1,54.2991634525703,0.88
2.856,1,54.310731649724296,0.88
2.857,1,54.3222939971637,0.88
2.858,1,54.33385049784653,0.88
2.859,1,54.34540115472934,0.88
2.86,1,54.35694597076717,0.88
2.861,1,54.368484948913576,0.88
2.862,1,54.38001809212062,0.88
2.863,1,54.39154540333886,0.88
2.864,1,54.403066885517376,0.88
2.865,1,54.41458254160375,0.88
2.866,1,54.426092374544076,0.88
2.867,1,54.43759638728295,0.88
2.868,1,54.44909458276349,0.88
2.869,1,54.46058696392732,0.88
2.87,1,54.47207353371458,0.88
2.871,1,54.48355429506391,0.88
2.872,1,54.495029250912495,0.88
2.873,1,54.50649840419601,0.88
2.874,1,54.51796175784864,0.88
2.875,1,54.52941931480309,0.88
2.876,1,54.533698937561454,0.6
2.8770000000000002,1,54.52129284640377,0.6
2.878,1,54.508893028660324,0.6
2.879,1,54.496499481158814,0.6
2.88,1,54.48411220072856,0.6
2.8810000000000002,1,54.471731184200465,0.6
2.882,1,54.45935642840706,0.6
2.883,1,54.44698793018246,0.6
2.884,1,54.434625686362395,0.6
2.8850000000000002,1,54.42226969378417,0.6
2.886,1,54.40991994928673,0.6
2.887,1,54.397576449710584,0.6
2.888,1,54.38523919189785,0.6
2.8890000000000002,1,54.372908172692235,0.6
2.89,1,54.360583388939055,0.6
2.891,1,54.34826483748522,0.6
2.892,1,54.33595251517922,0.6
2.8930000000000002,1,54.32364641887116,0.6
2.894,1,54.31134654541272,0.6
2.895,1,54.29905289165718,0.6
2.896,1,54.286765454459406,0.6
2.8970000000000002,1,54.27448423067587,0.6
2.898,1,54.2622092171646,0.6
2.899,1,54.24994041078526,0.6
2.9,1,54.237677808399056,0.6
2.9010000000000002,1,54.22542140686882,0.6
2.902,1,54.213171203058934,0.6
2.903,1,54.2009271938354,0.6
2.904,1,54.188689376065774,0.6
2.9050000000000002,1,54.176457746619214,0.6
2.906,1,54.16423230236647,0.6
2.907,1,54.15201304017985,0.6
2.908,1,54.13979995693326,0.6
2.9090000000000003,1,54.12759304950217,0.6
2.91,1,54.11539231476366,0.6
2.911,1,54.10319774959636,0.6
2.912,1,54.091009350880505,0.6
2.9130000000000003,1,54.07882711549787,0.6
2.914,1,54.06665104033185,0.6
2.915,1,54.05448112226739,0.6
2.916,1,54.065392214740456,0.88
2.9170000000000003,1,54.077078623488326,0.88
2.918,1,54.08875912274527,0.88
2.919,1,54.10043371549959,0.88
2.92,1,54.11210240473801,0.88
2.9210000000000003,1,54.12376519344579,0.88
2.922,1,54.135422084606645,0.88
2.923,1,54.14707308120282,0.88
2.924,1,54.158718186215026,0.88
2.9250000000000003,1,54.17035740262247,0.88
2.926,1,54.18199073340285,0.88
2.927,1,54.19361818153237,0.88
2.928,1,54.20523974998572,0.88
2.9290000000000003,1,54.2168554417361,0.88
2.93,1,54.228465259755176,0.88
2.931,1,54.240069207013136,0.88
2.932,1,54.251667286478664,0.88
2.9330000000000003,1,54.26325950111895,0.88
2.934,1,54.27484585389965,0.88
2.935,1,54.28642634778495,0.88
2.936,1,54.29800098573754,0.88
2.9370000000000003,1,54.309569770718596,0.88
2.938,1,54.32113270568779,0.88
2.939,1,54.33268979360333,0.88
2.94,1,54.344241037421895,0.88
2.9410000000000003,1,54.3557864400987,0.88
2.942,1,54.36732600458741,0.88
2.943,1,54.37885973384027,0.88
2.944,1,54.39038763080798,0.88
2.945,1,54.401909698439766,0.88
2.946,1,54.41342593968337,0.88
2.947,1,54.424936357485024,0.88
2.948,1,54.436440954789475,0.88
2.949,1,54.447939734539986,0.88
2.95,1,54.45943269967836,0.88
2.951,1,54.47091985314485,0.88
2.952,1,54.46799988535848,0.6
2.953,1,54.45562701637881,0.6
2.954,1,54.44326040401384,0.6
2.955,1,54.430900045099776,0.6
2.956,1,54.41854593647442,0.6
2.957,1,54.40619807497718,0.6
2.958,1,54.39385645744904,0.6
2.959,1,54.381521080732625,0.6
2.96,1,54.369191941672106,0.6
2.961,1,54.356869037113285,0.6
2.962,1,54.34455236390355,0.6
2.963,1,54.33224191889189,0.6
2.964,1,54.31993769892887,0.6
2.965,1,54.307639700866645,0.6
2.966,1,54.295347921558985,0.6
2.967,1,54.28306235786124,0.6
2.968,1,54.27078300663035,0.6
2.969,1,54.25850986472484,0.6
2.97,1,54.24624292900483,0.6
2.971,1,54.23398219633202,0.6
2.972,1,54.221727663569716,0.6
2.973,1,54.209479327582784,0.6
2.974,1,54.19723718523768,0.6
2.975,1,54.185001233402474,0.6
2.976,1,54.17277146894678,0.6
2.977,1,54.160547888741824,0.6
2.978,1,54.148330489660395,0.6
2.979,1,54.13611926857688,0.6
2.98,1,54.12391422236722,0.6
2.981,1,54.11171534790897,0.6
2.982,1,54.09952264208124,0.6
2.983,1,54.087336101764734,0.6
2.984,1,54.07515572384172,0.6
2.985,1,54.06298150519604,0.6
2.986,1,54.050813442713135,0.6
2.987,1,54.03865153327999,0.6
2.988,1,54.026495773785186,0.6
2.989,1,54.01434616111888,0.6
2.99,1,54.002202692172766,0.6
2.991,1,53.99651452611647,0.88
2.992,1,54.00823576439011,0.88
2.993,1,54.01995107556052,0.88
2.994,1,54.03166046262488,0.88
2.995,1,54.04336392857883,0.88
2.996,1,54.05506147641652,0.88
2.997,1,54.06675310913057,0.88
2.998,1,54.07843882971211,0.88
2.999,1,54.090118641150724,0.88
3.0,1,54.101792546434496,0.88
3.001,1,54.11346054855002,0.88
3.0020000000000002,1,54.12512265048236,0.88
3.003,1,54.13677885521506,0.88
3.004,1,54.148429165730185,0.88
3.005,1,54.16007358500827,0.88
3.0060000000000002,1,54.17171211602835,0.88
3.007,1,54.183344761767955,0.88
3.008,1,54.1949715252031,0.88
3.009,1,54.20659240930831,0.88
3.0100000000000002,1,54.2182074170566,0.88
3.011,1,54.22981655141947,0.88
3.012,1,54.24141981536693,0.88
3.013,1,54.25301721186749,0.88
3.0140000000000002,1,54.26460874388816,0.88
3.015,1,54.276194414394425,0.88
3.016,1,54.28777422635031,0.88
3.017,1,54.299348182718305,0.88
3.0180000000000002,1,54.310916286459424,0.88
3.019,1,54.322478540533176,0.88
3.02,1,54.33403494789758,0.88
3.021,1,54.345585511509135,0.88
3.0220000000000002,1,54.357130234322895,0.88
3.023,1,54.36866911929236,0.88
3.024,1,54.38020216936958,0.88
3.025,1,54.391729387505094,0.88
3.0260000000000002,1,54.40325077664795,0.88
3.027,1,54.41476633974571,0.88
3.028,1,54.42627607974443,0.88
3.029,1,54.43777999958871,0.88
3.0300000000000002,1,54.44927810222163,0.88
3.031,1,54.46077039058479,0.88
3.032,1,54.472256867618306,0.88
3.033,1,54.483737536260804,0.88
3.0340000000000003,1,54.49521239944943,0.88
3.035,1,54.50668146011983,0.88
3.036,1,54.50952665771474,0.6
3.037,1,54.497132789804695,0.6
3.0380000000000003,1,54.48474518912791,0.6
3.039,1,54.472363852515244,0.6
3.04,1,54.45998877679912,0.6
3.041,1,54.44761995881359,0.6
3.0420000000000003,1,54.43525739539426,0.6
3.043,1,54.42290108337841,0.6
3.044,1,54.41055101960487,0.6
3.045,1,54.398207200914065,0.6
3.0460000000000003,1,54.38586962414803,0.6
3.047,1,54.37353828615042,0.6
3.048,1,54.36121318376644,0.6
3.049,1,54.348894313842926,0.6
3.0500000000000003,1,54.336581673228295,0.6
3.051,1,54.32427525877256,0.6
3.052,1,54.311975067327324,0.6
3.053,1,54.29968109574578,0.6
3.0540000000000003,1,54.28739334088272,0.6
3.055,1,54.27511179959454,0.6
3.056,1,54.26283646873918,0.6
3.057,1,54.250567345176215,0.6
3.0580000000000003,1,54.23830442576677,0.6
3.059,1,54.22604770737361,0.6
3.06,1,54.213797186861036,0.6
3.061,1,54.20155286109495,0.6
3.0620000000000003,1,54.18931472694284,0.6
3.063,1,54.177082781273796,0.6
3.064,1,54.164857020958465,0.6
3.065,1,54.15263744286908,0.6
3.0660000000000003,1,54.14042404387945,0.6
3.067,1,54.12821682086501,0.6
3.068,1,54.11601577070273,0.6
3.069,1,54.10382089027115,0.6
3.0700000000000003,1,54.09163217645043,0.6
3.071,1,54.07944962612229,0.6
3.072,1,54.06727323617001,0.6
3.073,1,54.05510300347847,0.6
3.074,1,54.042938924934106,0.6
3.075,1,54.031445935534926,0.88
3.076,1,54.04314950996924,0.88
3.077,1,54.05484716623244,0.88
3.078,1,54.06653890731718,0.88
3.079,1,54.078224736214594,0.88
3.08,1,54.08990465591432,0.88
3.081,1,54.10157866940446,0.88
3.082,1,54.11324677967163,0.88
3.083,1,54.12490898970093,0.88
3.084,1,54.13656530247593,0.88
3.085,1,54.14821572097871,0.88
3.086,1,54.15986024818986,0.88
3.087,1,54.17149888708842,0.88
3.088,1,54.18313164065194,0.88
3.089,1,54.19475851185649,0.88
3.09,1,54.206379503676615,0.88
3.091,1,54.217994619085346,0.88
3.092,1,54.22541330852273,0.8
3.093,1,54.22833326795129,0.8
3.094,1,54.23125175083782,0.8
3.095,1,54.23416875792896,0.8
3.096,1,54.237084289970994,0.8
3.097,1,54.23999834770979,0.8
3.098,1,54.24291093189089,0.8
3.099,1,54.24582204325941,0.8
3.1,1,54.24873168256012,0.8
3.101,1,54.2516398505374,0.8
3.102,1,54.254546547935256,0.8
3.103,1,54.25745177549732,0.8
3.104,1,54.26035553396685,0.8
3.105,1,54.2674483766182,0.88
3.106,1,54.27903261120141,0.88
3.107,1,54.290610987960335,0.88
3.108,1,54.302183509857116,0.88
3.109,1,54.31375017985239,0.88
3.11,1,54.32531100090531,0.88
3.111,1,54.33686597597352,0.88
3.112,1,54.34841510801315,0.88
3.113,1,54.35995839997888,0.88
3.114,1,54.37149585482387,0.88
3.115,1,54.38302747549979,0.88
3.116,1,54.3945532649568,0.88
3.117,1,54.406073226143604,0.88
3.118,1,54.41758736200738,0.88
3.119,1,54.42909567549385,0.88
3.12,1,54.44059816954721,0.88
3.121,1,54.45209484711019,0.88
3.122,1,54.46358571112403,0.88
3.123,1,54.47507076452849,0.88
3.124,1,54.48655001026181,0.88
3.125,1,54.498023451260785,0.88
3.126,1,54.5094910904607,0.88
3.1270000000000002,1,54.52095293079537,0.88
3.128,1,54.5324089751971,0.88
3.129,1,54.54385922659675,0.88
3.13,1,54.55530368792368,0.88
3.1310000000000002,1,54.566742362105764,0.88
3.132,1,54.56232823809092,0.6
3.133,1,54.549907669894594,0.6
3.134,1,54.53749338243313,0.6
3.1350000000000002,1,54.52508537253052,0.6
3.136,1,54.51268363701241,0.6
3.137,1,54.50028817270599,0.6
3.138,1,54.48789897644011,0.6
3.1390000000000002,1,54.47551604504517,0.6
3.14,1,54.463139375353215,0.6
3.141,1,54.45076896419788,0.6
3.142,1,54.438404808414376,0.6
3.1430000000000002,1,54.42604690483955,0.6
3.144,1,54.413695250311854,0.6
3.145,1,54.40134984167129,0.6
3.146,1,54.38901067575949,0.6
3.1470000000000002,1,54.3766777494197,0.6
3.148,1,54.36435105949672,0.6
3.149,1,54.35203060283698,0.6
3.15,1,54.33971637628849,0.6
3.1510000000000002,1,54.32740837670086,0.6
3.152,1,54.31510660092529,0.6
3.153,1,54.302811045814565,0.6
3.154,1,54.29052170822307,0.6
3.1550000000000002,1,54.278238585006775,0.6
3.156,1,54.265961673023256,0.6
3.157,1,54.25369096913167,0.6
3.158,1,54.241426470192735,0.6
3.1590000000000003,1,54.22916817306879,0.6
3.16,1,54.21691607462376,0.6
3.161,1,54.20467017172314,0.6
3.162,1,54.19243046123401,0.6
3.1630000000000003,1,54.180196940025034,0.6
3.164,1,54.16796960496649,0.6
3.165,1,54.1557484529302,0.6
3.166,1,54.14353348078958,0.6
3.1670000000000003,1,54.13132468541963,0.6
3.168,1,54.11912206369693,0.6
3.169,1,54.10692561249964,0.6
3.17,1,54.0947353287075,0.6
3.1710000000000003,1,54.09044631670264,0.88
3.172,1,54.10212005629003,0.88
3.173,1,54.113787892792956,0.88
3.174,1,54.12544982919644,0.88
3.1750000000000003,1,54.137105868484,0.88
3.176,1,54.14875601363764,0.88
3.177,1,54.160400267637854,0.88
3.178,1,54.17203863346363,0.88
3.1790000000000003,1,54.18367111409248,0.88
3.18,1,54.19529771250036,0.88
3.181,1,54.20691843166176,0.88
3.182,1,54.21853327454963,0.88
3.1830000000000003,1,54.230142244135465,0.88
3.184,1,54.241745343389205,0.88
3.185,1,54.25334257527932,0.88
3.186,1,54.264933942772785,0.88
3.1870000000000003,1,54.27651944883506,0.88
3.188,1,54.28809909643009,0.88
3.189,1,54.29967288852034,0.88
3.19,1,54.31124082806679,0.88
3.1910000000000003,1,54.32280291802891,0.88
3.192,1,54.33435916136466,0.88
3.193,1,54.34590956103052,0.88
3.194,1,54.35745411998147,0.88
3.1950000000000003,1,54.36899284117099,0.88
3.196,1,54.38052572755109,0.88
3.197,1,54.392052782072255,0.88
3.198,1,54.403574007683495,0.88
3.1990000000000003,1,54.415089407332346,0.88
3.2,1,54.4265989839648,0.88
3.201,1,54.43810274052542,0.88
3.202,1,54.44960067995726,0.88
3.203,1,54.461092805201844,0.88
3.204,1,54.47257911919929,0.88
3.205,1,54.48405962488815,0.88
3.206,1,54.49553432520553,0.88
3.207,1,54.50700322308706,0.88
3.208,1,54.51846632146686,0.88
3.209,1,54.52992362327757,0.88
3.21,1,54.54137513145035,0.88
3.211,1,54.552820848914905,0.88
3.212,1,54.56426077859942,0.88
3.213,1,54.5756949234306,0.88
3.214,1,54.58712328633371,0.88
3.215,1,54.57547101368303,0.6
3.216,1,54.56304379955169,0.6
3.217,1,54.550622869515905,0.6
3.218,1,54.538208220397934,0.6
3.219,1,54.52579984902172,0.6
3.22,1,54.51339775221277,0.6
3.221,1,54.501001926798224,0.6
3.222,1,54.4886123696068,0.6
3.223,1,54.476229077468844,0.6
3.224,1,54.46385204721628,0.6
3.225,1,54.45148127568265,0.6
3.226,1,54.43911675970311,0.6
3.227,1,54.42675849611439,0.6
3.228,1,54.414406481754824,0.6
3.229,1,54.40206071346435,0.6
3.23,1,54.38972118808453,0.6
3.231,1,54.377387902458466,0.6
3.232,1,54.365060853430904,0.6
3.233,1,54.35274003784818,0.6
3.234,1,54.34042545255819,0.6
3.235,1,54.32811709441047,0.6
3.236,1,54.31581496025612,0.6
3.237,1,54.30351904694784,0.6
3.238,1,54.29122935133993,0.6
3.239,1,54.295660283869864,0.88
3.24,1,54.30723025247856,0.88
3.241,1,54.31879437047688,0.88
3.242,1,54.3303526408233,0.88
3.243,1,54.34190506647484,0.88
3.244,1,54.35345165038697,0.88
3.245,1,54.364992395513724,0.88
3.246,1,54.376527304807595,0.88
3.247,1,54.3880563812196,0.88
3.248,1,54.39957962769928,0.88
3.249,1,54.41109704719465,0.88
3.25,1,54.422608642652264,0.88
3.251,1,54.434114417017184,0.88
3.2520000000000002,1,54.44561437323296,0.88
3.253,1,54.45710851424166,0.88
3.254,1,54.4685968429839,0.88
3.255,1,54.476377618166794,0.6
3.2560000000000002,1,54.464000512801334,0.6
3.257,1,54.451629666192815,0.6
3.258,1,54.43926507517632,0.6
3.259,1,54.426906736588606,0.6
3.2600000000000002,1,54.41455464726796,0.6
3.261,1,54.40220880405433,0.6
3.262,1,54.389869203789225,0.6
3.263,1,54.377535843315755,0.6
3.2640000000000002,1,54.36520871947863,0.6
3.265,1,54.35288782912416,0.6
3.266,1,54.34057316910025,0.6
3.267,1,54.3282647362564,0.6
3.2680000000000002,1,54.31596252744368,0.6
3.269,1,54.30366653951479,0.6
3.27,1,54.291376769324,0.6
3.271,1,54.279093213727165,0.6
3.2720000000000002,1,54.26681586958174,0.6
3.273,1,54.27415036411936,0.88
3.274,1,54.28573120969445,0.88
3.275,1,54.29730619915897,0.88
3.2760000000000002,1,54.30887533547422,0.88
3.277,1,54.32043862159995,0.88
3.278,1,54.33199606049445,0.88
3.279,1,54.34354765511449,0.88
3.2800000000000002,1,54.355093408415385,0.88
3.281,1,54.3666333233509,0.88
3.282,1,54.37816740287333,0.88
3.283,1,54.3896956499335,0.88
3.2840000000000003,1,54.40121806748071,0.88
3.285,1,54.412734658462796,0.88
3.286,1,54.42424542582607,0.88
3.287,1,54.43575037251539,0.88
3.2880000000000003,1,54.447249501474104,0.88
3.289,1,54.45874281564407,0.88
3.29,1,54.47023031796568,0.88
3.291,1,54.4817120113778,0.88
3.2920000000000003,1,54.49318789881786,0.88
3.293,1,54.50465798322175,0.88
3.294,1,54.516122267523926,0.88
3.295,1,54.52758075465732,0.88
3.2960000000000003,1,54.53903344755342,0.88
3.297,1,54.5504803491422,0.88
3.298,1,54.56192146235215,0.88
3.299,1,54.57335679011031,0.88
3.3000000000000003,1,54.584786335342216,0.88
3.301,1,54.596210100971916,0.88
3.302,1,54.60762808992202,0.88
3.303,1,54.61904030511361,0.88
3.3040000000000003,1,54.63044674946633,0.88
3.305,1,54.64184742589832,0.88
3.306,1,54.65324233732626,0.88
3.307,1,54.664631486665364,0.88
3.3080000000000003,1,54.676014876829356,0.88
3.309,1,54.687392510730476,0.88
3.31,1,54.69876439127951,0.88
3.311,1,54.71013052138578,0.88
3.3120000000000003,1,54.72149090395712,0.88
3.313,1,54.732845541899884,0.88
3.314,1,54.74419443811898,0.88
3.315,1,54.75553759551784,0.88
3.3160000000000003,1,54.76687501699843,0.88
3.317,1,54.77820670546124,0.88
3.318,1,54.78953266380529,0.88
3.319,1,54.80085289492814,0.88
3.3200000000000003,1,54.8121674017259,0.88
3.321,1,54.82347618709319,0.88
3.322,1,54.83477925392318,0.88
3.323,1,54.84607660510758,0.88
3.3240000000000003,1,54.85736824353663,0.88
3.325,1,54.8686541720991,0.88
3.326,1,54.87993439368232,0.88
3.327,1,54.89120891117216,0.88
3.3280000000000003,1,54.902477727453004,0.88
3.329,1,54.91374084540781,0.88
3.33,1,54.92499826791804,0.88
3.331,1,54.93624999786375,0.88
3.332,1,54.94749603812348,0.88
3.333,1,54.95873639157438,0.88
3.334,1,54.96997106109208,0.88
3.335,1,54.9812000495508,0.88
3.336,1,54.99242335982329,0.88
3.337,1,55.003640994780866,0.88
3.338,1,55.01485295729335,0.88
3.339,1,55.02605925022915,0.88
3.34,1,55.037259876455224,0.88
3.341,1,55.04845483883706,0.88
3.342,1,55.0596441402387,0.88
3.343,1,55.07082778352275,0.88
3.344,1,55.082005771550364,0.88
3.345,1,55.093178107181245,0.88
3.346,1,55.104344793273654,0.88
3.347,1,55.115505832684406,0.88
3.348,1,55.12666122826886,0.88
3.349,1,55.13781098288096,0.88
3.35,1,55.14895509937317,0.88
3.351,1,55.16009358059654,0.88
3.352,1,55.17122642940066,0.88
3.353,1,55.1823536486337,0.88
3.354,1,55.193475241142366,0.88
3.355,1,55.20459120977195,0.88
3.356,1,55.215701557366266,0.88
3.357,1,55.22680628676774,0.88
3.358,1,55.237905400817326,0.88
3.359,1,55.24899890235454,0.88
3.36,1,55.260086794217486,0.88
3.361,1,55.271169079242824,0.88
3.362,1,55.282245760265766,0.88
3.363,1,55.2933168401201,0.88
3.364,1,55.30438232163817,0.88
3.365,1,55.31544220765093,0.88
3.366,1,55.326496500987844,0.88
3.367,1,55.33754520447698,0.88
3.368,1,55.34858832094496,0.88
3.369,1,55.35962585321701,0.88
3.37,1,55.370657804116874,0.88
3.371,1,55.381684176466905,0.88
3.372,1,55.39270497308802,0.88
3.373,1,55.403720196799725,0.88
3.374,1,55.41472985042006,0.88
3.375,1,55.42573393676568,0.88
3.376,1,55.4367324586518,0.88
3.3770000000000002,1,55.447725418892205,0.88
3.378,1,55.45871282029927,0.88
3.379,1,55.46969466568393,0.88
3.38,1,55.48067095785573,0.88
3.3810000000000002,1,55.49164169962276,0.88
3.382,1,55.50260689379172,0.88
3.383,1,55.513566543167855,0.88
3.384,1,55.524520650555026,0.88
3.3850000000000002,1,55.535469218755665,0.88
3.386,1,55.54641225057077,0.88
3.387,1,55.55734974879995,0.88
3.388,1,55.56828171624137,0.88
3.3890000000000002,1,55.579208155691816,0.88
3.39,1,55.59012906994663,0.88
3.391,1,55.60104446179974,0.88
3.392,1,55.61195433404367,0.88
3.3930000000000002,1,55.62285868946955,0.88
3.394,1,55.63375753086707,0.88
3.395,1,55.64465086102452,0.88
3.396,1,55.65553868272879,0.88
3.3970000000000002,1,55.66642099876533,0.88
3.398,1,55.67729781191822,0.88
3.399,1,55.68816912497011,0.88
3.4,1,55.69903494070225,0.88
3.4010000000000002,1,55.70989526189448,0.88
3.402,1,55.72075009132523,0.88
3.403,1,55.731599431771535,0.88
3.404,1,55.74244328600902,0.88
3.4050000000000002,1,55.75328165681192,0.88
3.406,1,55.76411454695303,0.88
3.407,1,55.77494195920379,0.88
3.408,1,55.7857638963342,0.88
3.4090000000000003,1,55.7965803611129,0.88
3.41,1,55.80739135630708,0.88
3.411,1,55.818196884682564,0.88
3.412,1,55.826741278543906,0.6
3.4130000000000003,1,55.81368133194414,0.6
3.414,1,55.80062798939507,0.6
3.415,1,55.78758124755719,0.6
3.416,1,55.77454110309272,0.6
3.4170000000000003,1,55.76150755266555,0.6
3.418,1,55.74848059294125,0.6
3.419,1,55.7354602205871,0.6
3.42,1,55.72244643227204,0.6
3.4210000000000003,1,55.7094392246667,0.6
3.422,1,55.696438594443414,0.6
3.423,1,55.68344453827618,0.6
3.424,1,55.670457052840675,0.6
3.4250000000000003,1,55.65747613481426,0.6
3.426,1,55.644501780875984,0.6
3.427,1,55.631533987706575,0.6
3.428,1,55.61857275198844,0.6
3.4290000000000003,1,55.60561807040564,0.6
3.43,1,55.6108299837783,0.88
3.431,1,55.621734907756746,0.88
3.432,1,55.63263431741933,0.88
3.4330000000000003,1,55.64352821555449,0.88
3.434,1,55.65441660494925,0.88
3.435,1,55.66529948838922,0.88
3.436,1,55.67617686865863,0.88
3.4370000000000003,1,55.68704874854026,0.88
3.438,1,55.6979151308155,0.88
3.439,1,55.70877601826435,0.88
3.44,1,55.71963141366538,0.88
3.4410000000000003,1,55.73048131979578,0.88
3.442,1,55.7413257394313,0.88
3.443,1,55.75216467534632,0.88
3.444,1,55.762998130313804,0.88
3.4450000000000003,1,55.77382610710532,0.88
3.446,1,55.78464860849101,0.88
3.447,1,55.79546563723966,0.88
3.448,1,55.8062771961186,0.88
3.4490000000000003,1,55.81708328789382,0.88
3.45,1,55.827883915329856,0.88
3.451,1,55.83867908118989,0.88
3.452,1,55.84946878823568,0.88
3.4530000000000003,1,55.8602530392276,0.88
3.454,1,55.87103183692463,0.88
3.455,1,55.88180518408433,0.88
3.456,1,55.8925730834629,0.88
3.457,1,55.903335537815124,0.88
3.458,1,55.91409254989442,0.88
3.459,1,55.92484412245276,0.88
3.46,1,55.93559025824078,0.88
3.461,1,55.9463309600077,0.88
3.462,1,55.957066230501354,0.88
3.463,1,55.967796072468175,0.88
3.464,1,55.978520488653224,0.88
3.465,1,55.98923948180017,0.88
3.466,1,55.9999530546513,0.88
3.467,1,56.01066120994749,0.88
3.468,1,56.02136395042825,0.88
3.469,1,56.03206127883171,0.88
3.47,1,56.042753197894605,0.88
3.471,1,56.05343971035228,0.88
3.472,1,56.064120818938704,0.88
3.473,1,56.074796526386464,0.88
3.474,1,56.085466835426786,0.88
3.475,1,56.09613174878946,0.88
3.476,1,56.10679126920296,0.88
3.477,1,56.11744539939433,0.88
3.478,1,56.114271122561874,0.6
3.479,1,56.101065780140715,0.6
3.48,1,56.08786711529285,0.6
3.481,1,56.07467512464162,0.6
3.482,1,56.06148980481206,0.6
3.483,1,56.04831115243094,0.6
3.484,1,56.035139164126704,0.6
3.485,1,56.02197383652951,0.6
3.486,1,56.00881516627123,0.6
3.487,1,55.995663149985454,0.6
3.488,1,55.982517784307426,0.6
3.489,1,55.96937906587412,0.6
3.49,1,55.95624699132422,0.6
3.491,1,55.943121557298106,0.6
3.492,1,55.93000276043784,0.6
3.493,1,55.916890597387194,0.6
3.494,1,55.90378506479162,0.6
3.495,1,55.89655693107382,0.88
3.496,1,55.90731737090543,0.88
3.497,1,55.9180723694828,0.88
3.498,1,55.9288219295574,0.88
3.499,1,55.93956605387933,0.88
3.5,1,55.9503047451973,0.88
3.501,1,55.961038006258626,0.88
3.5020000000000002,1,55.97176583980925,0.88
3.503,1,55.9824882485937,0.88
3.504,1,55.99320523535512,0.88
3.505,1,56.00391680283529,0.88
3.5060000000000002,1,56.014622953774605,0.88
3.507,1,56.02532369091203,0.88
3.508,1,56.03601901698518,0.88
3.509,1,56.04670893473029,0.88
3.5100000000000002,1,56.05739344688219,0.88
3.511,1,56.06807255617434,0.88
3.512,1,56.07874626533882,0.88
3.513,1,56.089414577106325,0.88
3.5140000000000002,1,56.10007749420617,0.88
3.515,1,56.110735019366274,0.88
3.516,1,56.1213871553132,0.88
3.517,1,56.132033904772115,0.88
3.5180000000000002,1,56.14267527046683,0.88
3.519,1,56.15331125511976,0.88
3.52,1,56.16394186145194,0.88
3.521,1,56.17456709218304,0.88
3.5220000000000002,1,56.18518695003135,0.88
3.523,1,56.1958014377138,0.88
3.524,1,56.206410557945915,0.88
3.525,1,56.21701431344187,0.88
3.5260000000000002,1,56.22761270691447,0.88
3.527,1,56.23820574107514,0.88
3.528,1,56.24879341863392,0.88
3.529,1,56.25937574229951,0.88
3.5300000000000002,1,56.26995271477922,0.88
3.531,1,56.280524338779,0.88
3.532,1,56.29109061700341,0.88
3.533,1,56.301651552155676,0.88
3.5340000000000003,1,56.31220714693764,0.88
3.535,1,56.32275740404977,0.88
3.536,1,56.33330232619117,0.88
3.537,1,56.34384191605962,0.88
3.5380000000000003,1,56.354376176351465,0.88
3.539,1,56.343853937463976,0.6
3.54,1,56.33053250141759,0.6
3.541,1,56.317217801649804,0.6
3.5420000000000003,1,56.30390983475428,0.6
3.543,1,56.29060859732638,0.6
3.544,1,56.27731408596321,0.6
3.545,1,56.264026297263584,0.6
3.5460000000000003,1,56.25074522782803,0.6
3.547,1,56.23747087425882,0.6
3.548,1,56.22420323315991,0.6
3.549,1,56.210942301137,0.6
3.5500000000000003,1,56.1976880747975,0.6
3.551,1,56.18444055075052,0.6
3.552,1,56.171199725606925,0.6
3.553,1,56.15796559597924,0.6
3.5540000000000003,1,56.144738158481736,0.6
3.555,1,56.13151740973039,0.6
3.556,1,56.13140348965807,0.88
3.557,1,56.142045174136115,0.88
3.5580000000000003,1,56.152681477411186,0.88
3.559,1,56.16331240220438,0.88
3.56,1,56.173937951235466,0.88
3.561,1,56.18455812722281,0.88
3.5620000000000003,1,56.19517293288341,0.88
3.563,1,56.20578237093288,0.88
3.564,1,56.21638644408549,0.88
3.565,1,56.22698515505411,0.88
3.5660000000000003,1,56.23757850655025,0.88
3.567,1,56.24816650128403,0.88
3.568,1,56.258749141964245,0.88
3.569,1,56.26932643129825,0.88
3.5700000000000003,1,56.27989837199212,0.88
3.571,1,56.29046496675048,0.88
3.572,1,56.301026218276625,0.88
3.573,1,56.31158212927248,0.88
3.5740000000000003,1,56.322132702438616,0.88
3.575,1,56.3326779404742,0.88
3.576,1,56.343217846077074,0.88
3.577,1,56.353752421943696,0.88
3.5780000000000003,1,56.36428167076918,0.88
3.579,1,56.37480559524724,0.88
3.58,1,56.38532419807026,0.88
3.581,1,56.39583748192925,0.88
3.5820000000000003,1,56.406345449513864,0.88
3.583,1,56.41684810351239,0.88
3.584,1,56.42734544661176,0.88
3.585,1,56.43783748149755,0.88
3.586,1,56.44832421085399,0.88
3.587,1,56.458805637363916,0.88
3.588,1,56.469281763708835,0.88
3.589,1,56.4797525925689,0.88
3.59,1,56.4902181266229,0.88
3.591,1,56.500678368548265,0.88
3.592,1,56.51113332102108,0.88
3.593,1,56.52158298671607,0.88
3.594,1,56.532027368306615,0.88
3.595,1,56.542466468464745,0.88
3.596,1,56.552900289861114,0.88
3.597,1,56.563328835165066,0.88
3.598,1,56.57375210704456,0.88
3.599,1,56.584170108166234,0.88
3.6,1,56.59458284119535,0.88
3.601,1,56.60499030879583,0.88
3.602,1,56.61539251363027,0.88
3.603,1,56.6257894583599,0.88
3.604,1,56.6361811456446,0.88
3.605,1,56.64656757814292,0.88
3.606,1,56.65694875851206,0.88
3.607,1,56.66732468940787,0.88
3.608,1,56.677695373484866,0.88
3.609,1,56.68806081339622,0.88
3.61,1,56.698421011793755,0.88
3.611,1,56.70877597132796,0.88
3.612,1,56.719125694647985,0.88
3.613,1,56.729470184401634,0.88
3.614,1,56.73980944323537,0.88
3.615,1,56.75014347379434,0.88
3.616,1,56.760472278722325,0.88
3.617,1,56.77079586066178,0.88
3.618,1,56.781114222253834,0.88
3.619,1,56.79142736613826,0.88
3.62,1,56.8017352949535,0.88
3.621,1,56.79243238096407,0.6
3.622,1,56.77888411131202,0.6
3.623,1,56.76534269264199,0.6
3.624,1,56.751808121489645,0.6
3.625,1,56.73828039439239,0.6
3.626,1,56.72475950788936,0.6
3.6270000000000002,1,56.71124545852146,0.6
3.628,1,56.697738242831356,0.6
3.629,1,56.68423785736344,0.6
3.63,1,56.670744298663855,0.6
3.6310000000000002,1,56.657257563280496,0.6
3.632,1,56.64377764776301,0.6
3.633,1,56.63030454866278,0.6
3.634,1,56.61683826253292,0.6
3.6350000000000002,1,56.60337878592831,0.6
3.636,1,56.58992611540557,0.6
3.637,1,56.576480247523044,0.6
3.638,1,56.563041178840834,0.6
3.6390000000000002,1,56.54960890592076,0.6
3.64,1,56.53618342532641,0.6
3.641,1,56.52276473362309,0.6
3.642,1,56.50935282737785,0.6
3.6430000000000002,1,56.495947703159466,0.6
3.644,1,56.48254935753846,0.6
3.645,1,56.469157787087084,0.6
3.646,1,56.45577298837933,0.6
3.6470000000000002,1,56.4423949579909,0.6
3.648,1,56.429023692499264,0.6
3.649,1,56.41565918848359,0.6
3.65,1,56.40230144252479,0.6
3.6510000000000002,1,56.388950451205496,0.6
3.652,1,56.37560621111009,0.6
3.653,1,56.36226871882466,0.6
3.654,1,56.34893797093702,0.6
3.6550000000000002,1,56.335613964036725,0.6
3.656,1,56.32229669471505,0.6
3.657,1,56.308986159564974,0.6
3.658,1,56.29568235518123,0.6
3.6590000000000003,1,56.282385278160234,0.6
3.66,1,56.2807492827513,0.88
3.661,1,56.29131544722782,0.88
3.662,1,56.30187626868971,0.88
3.6630000000000003,1,56.312431749838794,0.88
3.664,1,56.3229818933755,0.88
3.665,1,56.33352670199892,0.88
3.666,1,56.34406617840676,0.88
3.6670000000000003,1,56.3546003252954,0.88
3.668,1,56.3651291453598,0.88
3.669,1,56.3756526412936,0.88
3.67,1,56.38617081578906,0.88
3.6710000000000003,1,56.39668367153709,0.88
3.672,1,56.40719121122722,0.88
3.673,1,56.41769343754764,0.88
3.674,1,56.42819035318518,0.88
3.6750000000000003,1,56.43868196082529,0.88
3.676,1,56.44916826315209,0.88
3.677,1,56.459649262848316,0.88
3.678,1,56.470124962595364,0.88
3.6790000000000003,1,56.48059536507327,0.88
3.68,1,56.49106047296072,0.88
3.681,1,56.50152028893504,0.88
3.682,1,56.5119748156722,0.88
3.6830000000000003,1,56.52242405584682,0.88
3.684,1,56.53286801213217,0.88
3.685,1,56.54330668720016,0.88
3.686,1,56.55374008372136,0.88
3.6870000000000003,1,56.56416820436498,0.88
3.688,1,56.57459105179889,0.88
3.689,1,56.58500862868959,0.88
3.69,1,56.59542093770227,0.88
3.6910000000000003,1,56.60582798150073,0.88
3.692,1,56.61622976274745,0.88
3.693,1,56.62662628410355,0.88
3.694,1,56.63701754822882,0.88
3.6950000000000003,1,56.647403557781686,0.88
3.696,1,56.656699806726145,0.8
3.697,1,56.65839033239392,0.8
3.698,1,56.66008000321002,0.8
3.6990000000000003,1,56.66176881960673,0.8
3.7,1,56.66345678201609,0.8
3.701,1,56.66514389086995,0.8
3.702,1,56.66683014659992,0.8
3.7030000000000003,1,56.66851554963741,0.8
3.704,1,56.6702001004136,0.8
3.705,1,56.67188379935945,0.8
3.706,1,56.67356664690571,0.8
3.7070000000000003,1,56.67524864348292,0.8
3.708,1,56.67692978952137,0.8
3.709,1,56.679694594144266,0.88
3.71,1,56.69005902310549,0.88
3.7110000000000003,1,56.70041821106412,0.88
3.712,1,56.71077216067037,0.88
3.713,1,56.72112087457313,0.88
3.714,1,56.731464355419945,0.88
3.715,1,56.74180260585703,0.88
3.716,1,56.75213562852926,0.88
3.717,1,56.76246342608017,0.88
3.718,1,56.77278600115194,0.88
3.719,1,56.78310335638547,0.88
3.72,1,56.793415494420245,0.88
3.721,1,56.803722417894484,0.88
3.722,1,56.81402412944503,0.88
3.723,1,56.82432063170742,0.88
3.724,1,56.83461192731585,0.88
3.725,1,56.84489801890315,0.88
3.726,1,56.85517890910087,0.88
3.727,1,56.86545460053921,0.88
3.728,1,56.87572509584703,0.88
3.729,1,56.885990397651874,0.88
3.73,1,56.896250508579946,0.88
3.731,1,56.906505431256136,0.88
3.732,1,56.916755168303986,0.88
3.733,1,56.926999722345734,0.88
3.734,1,56.93723909600227,0.88
3.735,1,56.94747329189319,0.88
3.736,1,56.95770231263673,0.88
3.737,1,56.967926160849814,0.88
3.738,1,56.97814483914806,0.88
3.739,1,56.98835835014574,0.88
3.74,1,56.99856669645582,0.88
3.741,1,57.008769880689925,0.88
3.742,1,57.018967905458396,0.88
3.743,1,57.02916077337021,0.88
3.744,1,57.03934848703307,0.88
3.745,1,57.0495310490533,0.88
3.746,1,57.059708462035964,0.88
3.747,1,57.06988072858479,0.88
3.748,1,57.08004785130218,0.88
3.749,1,57.09020983278923,0.88
3.75,1,57.1003666756457,0.88
3.751,1,57.110518382470076,0.88
3.7520000000000002,1,57.120664955859496,0.88
3.753,1,57.13080639840979,0.88
3.754,1,57.140942712715486,0.88
3.755,1,57.151073901369784,0.88
3.7560000000000002,1,57.16119996696461,0.88
3.757,1,57.17132091209052,0.88
3.758,1,57.18143673933681,0.88
3.759,1,57.19154745129144,0.88
3.7600000000000002,1,57.20165305054109,0.88
3.761,1,57.211753539671086,0.88
3.762,1,57.2167011475894,0.6
3.763,1,57.20293833705715,0.6
3.7640000000000002,1,57.18918248599426,0.6
3.765,1,57.17543359088154,0.6
3.766,1,57.16169164820155,0.6
3.767,1,57.14795665443863,0.6
3.7680000000000002,1,57.13422860607892,0.6
3.769,1,57.12050749961032,0.6
3.77,1,57.10679333152251,0.6
3.771,1,57.093086098306934,0.6
3.7720000000000002,1,57.079385796456826,0.6
3.773,1,57.065692422467194,0.6
3.774,1,57.05200597283482,0.6
3.775,1,57.03832644405823,0.6
3.7760000000000002,1,57.02465383263774,0.6
3.777,1,57.01098813507545,0.6
3.778,1,56.99732934787521,0.6
3.779,1,56.98367746754265,0.6
3.7800000000000002,1,56.970032490585126,0.6
3.781,1,56.956394413511845,0.6
3.782,1,56.9427632328337,0.6
3.783,1,56.92913894506337,0.6
3.7840000000000003,1,56.91552154671531,0.6
3.785,1,56.90191103430574,0.6
3.786,1,56.88830740435263,0.6
3.787,1,56.8747106533757,0.6
3.7880000000000003,1,56.86112077789646,0.6
3.789,1,56.84753777443816,0.6
3.79,1,56.8339616395258,0.6
3.791,1,56.82039236968616,0.6
3.7920000000000003,1,56.80682996144776,0.6
3.793,1,56.79327441134088,0.6
3.794,1,56.779725715897555,0.6
3.795,1,56.76618387165157,0.6
3.7960000000000003,1,56.75264887513846,0.6
3.797,1,56.739120722895535,0.6
3.798,1,56.72559941146182,0.6
3.799,1,56.71208493737812,0.6
3.8000000000000003,1,56.69857729718697,0.6
3.801,1,56.685076487432674,0.6
3.802,1,56.69263367695903,0.88
3.803,1,56.70299156298702,0.88
3.8040000000000003,1,56.71334421132099,0.88
3.805,1,56.72369162460948,0.88
3.806,1,56.73403380549971,0.88
3.807,1,56.744370756637565,0.88
3.8080000000000003,1,56.75470248066759,0.88
3.809,1,56.76502898023297,0.88
3.81,1,56.77535025797559,0.88
3.811,1,56.78566631653595,0.88
3.8120000000000003,1,56.795977158553285,0.88
3.813,1,56.806282786665435,0.88
3.814,1,56.81658320350891,0.88
3.815,1,56.82687841171894,0.88
3.8160000000000003,1,56.83716841392935,0.88
3.817,1,56.84745321277269,0.88
3.818,1,56.85773281088015,0.88
3.819,1,56.8680072108816,0.88
3.8200000000000003,1,56.87827641540559,0.88
3.821,1,56.8885404270793,0.88
3.822,1,56.89879924852862,0.88
3.823,1,56.90905288237811,0.88
3.8240000000000003,1,56.919301331251,0.88
3.825,1,56.929544597769166,0.88
3.826,1,56.939782684553194,0.88
3.827,1,56.950015594222336,0.88
3.8280000000000003,1,56.95968532448804,0.8
3.829,1,56.961222638831345,0.8
3.83,1,56.96275917579767,0.8
3.831,1,56.96429493578011,0.8
3.8320000000000003,1,56.96582991917157,0.8
3.833,1,56.96736412636474,0.8
3.834,1,56.968897557752136,0.8
3.835,1,56.970430213726054,0.8
3.8360000000000003,1,56.9719620946786,0.8
3.837,1,56.97349320100168,0.8
3.838,1,56.975023533087004,0.8
3.839,1,56.97655309132608,0.8
3.84,1,56.978081876110224,0.8
3.841,1,56.97960988783055,0.8
3.842,1,56.98113712687797,0.8
3.843,1,56.9826635936432,0.8
3.844,1,56.98418928851678,0.8
3.845,1,56.98571421188902,0.8
3.846,1,56.987238364150045,0.8
3.847,1,56.988761745689786,0.8
3.848,1,56.99028435689798,0.8
3.849,1,56.99180619816416,0.8
3.85,1,56.99332726987767,0.8
3.851,1,56.99484757242763,0.8
3.852,1,56.99636710620301,0.8
3.853,1,56.99788587159255,0.8
3.854,1,56.99996187389125,0.88
3.855,1,57.01016435262305,0.88
3.856,1,57.02036167224596,0.88
3.857,1,57.0305538353688,0.88
3.858,1,57.04074084459906,0.88
3.859,1,57.050922702542906,0.88
3.86,1,57.06109941180522,0.88
3.861,1,57.07127097498956,0.88
3.862,1,57.08143739469811,0.88
3.863,1,57.091598673531834,0.88
3.864,1,57.101754814090285,0.88
3.865,1,57.11190581897177,0.88
3.866,1,57.12205169077325,0.88
3.867,1,57.132192432090385,0.88
3.868,1,57.142328045517516,0.88
3.869,1,57.15245853364767,0.88
3.87,1,57.16258389907256,0.88
3.871,1,57.172704144382614,0.88
3.872,1,57.18281927216692,0.88
3.873,1,57.19292928501327,0.88
3.874,1,57.203034185508145,0.88
3.875,1,57.21313397623672,0.88
3.876,1,57.22322865978285,0.88
3.8770000000000002,1,57.23331823872911,0.88
3.878,1,57.24340271565676,0.88
3.879,1,57.25348209314572,0.88
3.88,1,57.26355637377466,0.88
3.8810000000000002,1,57.273625560120905,0.88
3.882,1,57.28368965476051,0.88
3.883,1,57.29374866026818,0.88
3.884,1,57.30380257921736,0.88
3.8850000000000002,1,57.313851414180206,0.88
3.886,1,57.32389516772751,0.88
3.887,1,57.33393384242882,0.88
3.888,1,57.34396744085237,0.88
3.8890000000000002,1,57.35399596556508,0.88
3.89,1,57.364019419132596,0.88
3.891,1,57.374037804119254,0.88
3.892,1,57.38405112308808,0.88
3.8930000000000002,1,57.394059378600836,0.88
3.894,1,57.404062573217956,0.88
3.895,1,57.4140607094986,0.88
3.896,1,57.42405379000063,0.88
3.8970000000000002,1,57.434041817280615,0.88
3.898,1,57.44402479389382,0.88
3.899,1,57.45030097816219,0.6
3.9,1,57.436420042711944,0.6
3.9010000000000002,1,57.42254612646354,0.6
3.902,1,57.40867922586757,0.6
3.903,1,57.39481933737642,0.6
3.904,1,57.380966457444245,0.6
3.9050000000000002,1,57.367120582527015,0.6
3.906,1,57.35328170908251,0.6
3.907,1,57.33944983357026,0.6
3.908,1,57.32562495245161,0.6
3.9090000000000003,1,57.3118070621897,0.6
3.91,1,57.297996159249436,0.6
3.911,1,57.28419224009754,0.6
3.912,1,57.270395301202484,0.6
3.9130000000000003,1,57.256605339034564,0.6
3.914,1,57.242822350065836,0.6
3.915,1,57.229046330770146,0.6
3.916,1,57.21527727762314,0.6
3.9170000000000003,1,57.2015151871022,0.6
3.918,1,57.18776005568655,0.6
3.919,1,57.17401187985716,0.6
3.92,1,57.16027065609678,0.6
3.9210000000000003,1,57.14653638088993,0.6
3.922,1,57.13280905072293,0.6
3.923,1,57.11908866208388,0.6
3.924,1,57.10537521146262,0.6
3.9250000000000003,1,57.0916686953508,0.6
3.926,1,57.07796911024184,0.6
3.927,1,57.06427645263091,0.6
3.928,1,57.05059071901497,0.6
3.9290000000000003,1,57.03691190589275,0.6
3.93,1,57.02324000976476,0.6
3.931,1,57.009575027133266,0.6
3.932,1,56.99591695450229,0.6
3.9330000000000003,1,56.982265788377646,0.6
3.934,1,56.96862152526691,0.6
3.935,1,56.954984161679434,0.6
3.936,1,56.94135369412629,0.6
3.9370000000000003,1,56.92773011912037,0.6
3.938,1,56.9141134331763,0.6
3.939,1,56.92010926318311,0.88
3.94,1,56.93035212115264,0.88
3.9410000000000003,1,56.94058979959462,0.88
3.942,1,56.95082230112819,0.88
3.943,1,56.96104962837118,0.88
3.944,1,56.97127178394007,0.88
3.9450000000000003,1,56.981488770450056,0.88
3.946,1,56.99170059051495,0.88
3.947,1,57.00190724674731,0.88
3.948,1,57.012108741758325,0.88
3.9490000000000003,1,57.022305078157885,0.88
3.95,1,57.03249625855456,0.88
3.951,1,57.04268228555559,0.88
3.952,1,57.052863161766915,0.88
3.9530000000000003,1,57.063038889793134,0.88
3.954,1,57.07320947223755,0.88
3.955,1,57.08337491170212,0.88
3.956,1,57.093535210787536,0.88
3.9570000000000003,1,57.103690372093126,0.88
3.958,1,57.11384039821692,0.88
3.959,1,57.123985291755645,0.88
3.96,1,57.13412505530469,0.88
3.9610000000000003,1,57.144259691458174,0.88
3.962,1,57.15438920280886,0.88
3.963,1,57.16451359194822,0.88
3.964,1,57.17463286146641,0.88
3.9650000000000003,1,57.18474701395229,0.88
3.966,1,57.19485605199339,0.88
3.967,1,57.20495997817595,0.88
3.968,1,57.215058795084886,0.88
3.969,1,57.225152505303825,0.88
3.97,1,57.23524111141508,0.88
3.971,1,57.24532461599964,0.88
3.972,1,57.255403021637214,0.88
3.973,1,57.265476330906196,0.88
3.974,1,57.275544546383685,0.88
3.975,1,57.28560767064546,0.88
3.976,1,57.29566570626601,0.88
3.977,1,57.30571865581851,0.88
3.978,1,57.315766521874856,0.88
3.979,1,57.32580930700563,0.88
3.98,1,57.335847013780096,0.88
3.981,1,57.345879644766256,0.88
3.982,1,57.3559072025308,0.88
3.983,1,57.365929689639096,0.88
3.984,1,57.37594710865524,0.88
3.985,1,57.385959462142026,0.88
3.986,1,57.395966752660954,0.88
3.987,1,57.40596898277222,0.88
3.988,1,57.41596615503474,0.88
3.989,1,57.42595827200611,0.88
3.99,1,57.43594533624267,0.88
3.991,1,57.44592735029943,0.88
3.992,1,57.45590431673013,0.88
3.993,1,57.46587623808722,0.88
3.994,1,57.47584311692185,0.88
3.995,1,57.485804955783884,0.88
3.996,1,57.49576175722189,0.88
3.997,1,57.50571352378316,0.88
3.998,1,57.51566025801368,0.88
3.999,1,57.525601962458175,0.88
4.0,1,57.535538639660054,0.88
4.001,1,57.54547029216146,0.88
4.002,1,57.555396922503235,0.88
4.003,1,57.56531853322496,0.88
4.0040000000000004,1,57.57523512686491,0.88
4.005,1,57.58514670596007,0.88
4.006,1,57.59505327304618,0.88
4.007,1,57.60495483065766,0.88
4.008,1,57.614851381327654,0.88
4.009,1,57.62474292758806,0.88
4.01,1,57.634629471969426,0.88
4.011,1,57.64451101700109,0.88
4.0120000000000005,1,57.654387565211096,0.88
4.013,1,57.66425911912617,0.88
4.014,1,57.6741256812718,0.88
4.015,1,57.68398725417218,0.88
4.016,1,57.69384384035024,0.88
4.017,1,57.70369544232762,0.88
4.018,1,57.71354206262469,0.88
4.019,1,57.723383703760554,0.88
4.0200000000000005,1,57.72845078493133,0.8
4.021,1,57.7295993560262,0.8
4.022,1,57.7307473463207,0.8
4.023,1,57.73189475610853,0.8
4.024,1,57.733041585683246,0.8
4.025,1,57.73418783533823,0.8
4.026,1,57.73533350536674,0.8
4.027,1,57.73647859606188,0.8
4.0280000000000005,1,57.737623107716594,0.8
4.029,1,57.738767040623685,0.8
4.03,1,57.739910395075825,0.8
4.031,1,57.74105317136551,0.8
4.032,1,57.7421953697851,0.8
4.033,1,57.748106573948505,0.88
4.034,1,57.75793073677518,0.88
4.035,1,57.76774993179676,0.88
4.0360000000000005,1,57.77756416152532,0.88
4.037,1,57.78737342847168,0.88
4.038,1,57.79717773514538,0.88
4.039,1,57.80697708405468,0.88
4.04,1,57.81677147770661,0.88
4.041,1,57.82656091860687,0.88
4.042,1,57.83634540925995,0.88
4.043,1,57.846124952169056,0.88
4.0440000000000005,1,57.85589954983611,0.88
4.045,1,57.86566920476179,0.88
4.046,1,57.8754339194455,0.88
4.047,1,57.88519369638537,0.88
4.048,1,57.89494853807831,0.88
4.049,1,57.904698447019925,0.88
4.05,1,57.91444342570455,0.88
4.051,1,57.9241834766253,0.88
4.0520000000000005,1,57.933918602274005,0.88
4.053,1,57.94364880514122,0.88
4.054,1,57.953374087716284,0.88
4.055,1,57.963094452487226,0.88
4.056,1,57.97280990194086,0.88
4.057,1,57.98252043856273,0.88
4.058,1,57.9922260648371,0.88
4.059,1,58.00192678324701,0.88
4.0600000000000005,1,58.01162259627422,0.88
4.061,1,58.02131350639924,0.88
4.062,1,58.03099951610136,0.88
4.063,1,58.04068062785855,0.88
4.064,1,58.050356844147586,0.88
4.065,1,58.060028167443974,0.88
4.066,1,58.069694600221936,0.88
4.067,1,58.07935614495451,0.88
4.0680000000000005,1,58.089012804113416,0.88
4.069,1,58.09866458016916,0.88
4.07,1,58.10831147559099,0.88
4.071,1,58.1179534928469,0.88
4.072,1,58.12759063440366,0.88
4.073,1,58.137222902726776,0.88
4.074,1,58.14685030028048,0.88
4.075,1,58.1564728295278,0.88
4.0760000000000005,1,58.166090492930515,0.88
4.077,1,58.17570329294912,0.88
4.078,1,58.18531123204292,0.88
4.079,1,58.19491431266992,0.88
4.08,1,58.204512537286945,0.88
4.081,1,58.21410590834952,0.88
4.082,1,58.223694428311944,0.88
4.083,1,58.23327809962731,0.88
4.0840000000000005,1,58.24285692474744,0.88
4.085,1,58.252430906122896,0.88
4.086,1,58.24673130748987,0.6
4.087,1,58.23244763943872,0.6
4.088,1,58.21817119424004,0.6
4.089,1,58.20390196824145,0.6
4.09,1,58.18963995779243,0.6
4.091,1,58.17538515924423,0.6
4.0920000000000005,1,58.16113756895001,0.6
4.093,1,58.146897183264784,0.6
4.094,1,58.13266399854535,0.6
4.095,1,58.11843801115039,0.6
4.096,1,58.104219217440416,0.6
4.097,1,58.09000761377778,0.6
4.098,1,58.07580319652669,0.6
4.099,1,58.06160596205316,0.6
4.1,1,58.04741590672508,0.6
4.101,1,58.03323302691213,0.6
4.102,1,58.01905731898586,0.6
4.103,1,58.00488877931967,0.6
4.104,1,57.99072740428875,0.6
4.105,1,57.976573190270145,0.6
4.106,1,57.96242613364274,0.6
4.107,1,57.948286230787225,0.6
4.108,1,57.93415347808616,0.6
4.109,1,57.92002787192389,0.6
4.11,1,57.90590940868662,0.6
4.111,1,57.89179808476238,0.6
4.112,1,57.877693896541,0.6
4.113,1,57.863596840414154,0.6
4.114,1,57.84950691277537,0.6
4.115,1,57.83542411001994,0.6
4.116,1,57.82134842854503,0.6
4.117,1,57.80727986474959,0.6
4.118,1,57.7932184150344,0.6
4.119,1,57.779164075802115,0.6
4.12,1,57.76511684345711,0.6
4.121,1,57.75107671440565,0.6
4.122,1,57.73704368505581,0.6
4.123,1,57.723017751817444,0.6
4.124,1,57.70899891110227,0.6
4.125,1,57.702303894053856,0.88
4.126,1,57.71215121801808,0.88
4.127,1,57.72199356246526,0.88
4.128,1,57.73183092991341,0.88
4.1290000000000004,1,57.74166332287926,0.88
4.13,1,57.75149074387826,0.88
4.131,1,57.761313195424606,0.88
4.132,1,57.77113068003119,0.88
4.133,1,57.78094320020968,0.88
4.134,1,57.79075075847044,0.88
4.135,1,57.80055335732257,0.88
4.136,1,57.81035099927391,0.88
4.1370000000000005,1,57.82014368683102,0.88
4.138,1,57.82993142249919,0.88
4.139,1,57.83971420878248,0.88
4.14,1,57.849492048183635,0.88
4.141,1,57.85926494320416,0.88
4.142,1,57.85087285220986,0.6
4.143,1,57.83678935873698,0.6
4.144,1,57.82271298689386,0.6
4.1450000000000005,1,57.80864373307932,0.6
4.146,1,57.79458159369399,0.6
4.147,1,57.780526565140256,0.6
4.148,1,57.76647864382241,0.6
4.149,1,57.7524378261465,0.6
4.15,1,57.738404108520406,0.6
4.151,1,57.724377487353856,0.6
4.152,1,57.71035795905834,0.6
4.1530000000000005,1,57.69634552004722,0.6
4.154,1,57.682340166735614,0.6
4.155,1,57.6683418955405,0.6
4.156,1,57.65435070288065,0.6
4.157,1,57.640366585176636,0.6
4.158,1,57.626389538850844,0.6
4.159,1,57.6124195603275,0.6
4.16,1,57.59845664603259,0.6
4.1610000000000005,1,57.58450079239394,0.6
4.162,1,57.570551995841186,0.6
4.163,1,57.556610252805726,0.6
4.164,1,57.54267555972083,0.6
4.165,1,57.52874791302149,0.6
4.166,1,57.51482730914458,0.6
4.167,1,57.500913744528745,0.6
4.168,1,57.4870072156144,0.6
4.1690000000000005,1,57.473107718843806,0.6
4.17,1,57.459215250661,0.6
4.171,1,57.44532980751181,0.6
4.172,1,57.4314513858439,0.6
4.173,1,57.41757998210667,0.6
4.174,1,57.40371559275137,0.6
4.175,1,57.389858214231026,0.6
4.176,1,57.37600784300043,0.6
4.1770000000000005,1,57.36216447551621,0.6
4.178,1,57.348328108236764,0.6
4.179,1,57.33449873762228,0.6
4.18,1,57.32067636013475,0.6
4.181,1,57.30686097223793,0.6
4.182,1,57.29305257039738,0.6
4.183,1,57.27925115108046,0.6
4.184,1,57.26545671075628,0.6
4.1850000000000005,1,57.25166924589578,0.6
4.186,1,57.23788875297167,0.6
4.187,1,57.22411522845841,0.6
4.188,1,57.21034866883228,0.6
4.189,1,57.196589070571335,0.6
4.19,1,57.1828364301554,0.6
4.191,1,57.1690907440661,0.6
4.192,1,57.15535200878679,0.6
4.1930000000000005,1,57.14162022080268,0.6
4.194,1,57.12789537660071,0.6
4.195,1,57.11417747266958,0.6
4.196,1,57.100466505499824,0.6
4.197,1,57.08676247158368,0.6
4.198,1,57.07306536741521,0.6
4.199,1,57.05937518949024,0.6
4.2,1,57.04569193430635,0.6
4.2010000000000005,1,57.032015598362904,0.6
4.202,1,57.01834617816105,0.6
4.203,1,57.004683670203676,0.6
4.204,1,57.00611871652022,0.88
4.205,1,57.01631808190846,0.88
4.206,1,57.02651228976213,0.88
4.207,1,57.036701342689256,0.88
4.208,1,57.04688524329654,0.88
4.2090000000000005,1,57.057063994189384,0.88
4.21,1,57.067237597971825,0.88
4.211,1,57.07740605724664,0.88
4.212,1,57.08756937461524,0.88
4.213,1,57.09772755267776,0.88
4.214,1,57.107880594033006,0.88
4.215,1,57.118028501278445,0.88
4.216,1,57.12817127701028,0.88
4.2170000000000005,1,57.13830892382337,0.88
4.218,1,57.14844144431124,0.88
4.219,1,57.158568841066156,0.88
4.22,1,57.16869111667904,0.88
4.221,1,57.17880827373951,0.88
4.222,1,57.18892031483588,0.88
4.223,1,57.19902724255514,0.88
4.224,1,57.20912905948299,0.88
4.225,1,57.219225768203806,0.88
4.226,1,57.22931737130068,0.88
4.227,1,57.23940387135538,0.88
4.228,1,57.249485270948355,0.88
4.229,1,57.25956157265879,0.88
4.23,1,57.26963277906453,0.88
4.231,1,57.27969889274212,0.88
4.232,1,57.28975991626683,0.88
4.233,1,57.29981585221259,0.88
4.234,1,57.30986670315205,0.88
4.235,1,57.31991247165658,0.88
4.236,1,57.3299531602962,0.88
4.237,1,57.33998877163965,0.88
4.238,1,57.35001930825441,0.88
4.239,1,57.36004477270659,0.88
4.24,1,57.37006516756107,0.88
4.241,1,57.38008049538139,0.88
4.242,1,57.39009075872981,0.88
4.243,1,57.400095960167306,0.88
4.244,1,57.41009610225351,0.88
4.245,1,57.42009118754683,0.88
4.246,1,57.43008121860434,0.88
4.247,1,57.44006619798181,0.88
4.248,1,57.45004612823374,0.88
4.249,1,57.460021011913334,0.88
4.25,1,57.46999085157251,0.88
4.251,1,57.479955649761884,0.88
4.252,1,57.48991540903077,0.88
4.253,1,57.49987013192724,0.88
4.2540000000000004,1,57.50981982099802,0.88
4.255,1,57.51976447878859,0.88
4.256,1,57.52970410784312,0.88
4.257,1,57.53963871070451,0.88
4.258,1,57.54956828991436,0.88
4.259,1,57.559492848012994,0.88
4.26,1,57.569412387539444,0.88
4.261,1,57.57932691103146,0.88
4.2620000000000005,1,57.58923642102552,0.88
4.263,1,57.5991409200568,0.88
4.264,1,57.60904041065921,0.88
4.265,1,57.61893489536537,0.88
4.266,1,57.628824376706625,0.88
4.267,1,57.63870885721304,0.88
4.268,1,57.64858833941338,0.88
4.269,1,57.65846282583517,0.88
4.2700000000000005,1,57.668332319004634,0.88
4.271,1,57.678196821446704,0.88
4.272,1,57.68805633568507,0.88
4.273,1,57.697910864242104,0.88
4.274,1,57.70776040963896,0.88
4.275,1,57.71760497439546,0.88
4.276,1,57.72744456103017,0.88
4.277,1,57.73727917206041,0.88
4.2780000000000005,1,57.74710881000219,0.88
4.279,1,57.75693347737025,0.88
4.28,1,57.766753176678094,0.88
4.281,1,57.776567910437905,0.88
4.282,1,57.78637768116066,0.88
4.283,1,57.79618249135599,0.88
4.284,1,57.80598234353232,0.88
4.285,1,57.81577724019677,0.88
4.2860000000000005,1,57.82556718385522,0.88
4.287,1,57.83535217701224,0.88
4.288,1,57.84513222217119,0.88
4.289,1,57.854907321834105,0.88
4.29,1,57.864677478501804,0.88
4.291,1,57.87444269467382,0.88
4.292,1,57.88420297284841,0.88
4.293,1,57.89395831552261,0.88
4.2940000000000005,1,57.903708725192146,0.88
4.295,1,57.91345420435149,0.88
4.296,1,57.92319475549388,0.88
4.297,1,57.93293038111128,0.88
4.298,1,57.942661083694375,0.88
4.299,1,57.95238686573262,0.88
4.3,1,57.96210772971418,0.88
4.301,1,57.971823678126,0.88
4.3020000000000005,1,57.98153471345374,0.88
4.303,1,57.991240838181795,0.88
4.304,1,58.00094205479334,0.88
4.305,1,58.010638365770255,0.88
4.306,1,58.020329773593204,0.88
4.307,1,58.03001628074155,0.88
4.308,1,58.039697889693436,0.88
4.309,1,58.04937460292575,0.88
4.3100000000000005,1,58.05904642291412,0.88
4.311,1,58.06871335213292,0.88
4.312,1,58.07837539305527,0.88
4.313,1,58.075110506215466,0.6
4.314,1,58.0609136220161,0.6
4.315,1,58.04672391678505,0.6
4.316,1,58.03254138689212,0.6
4.317,1,58.018366028708925,0.6
4.3180000000000005,1,58.00419783860893,0.6
4.319,1,57.99003681296746,0.6
4.32,1,57.97588294816162,0.6
4.321,1,57.961736240570396,0.6
4.322,1,57.94759668657456,0.6
4.323,1,57.93346428255676,0.6
4.324,1,57.91933902490146,0.6
4.325,1,57.90522090999491,0.6
4.3260000000000005,1,57.89110993422524,0.6
4.327,1,57.8770060939824,0.6
4.328,1,57.86290938565813,0.6
4.329,1,57.84881980564604,0.6
4.33,1,57.83473735034151,0.6
4.331,1,57.8206620161418,0.6
4.332,1,57.80659379944598,0.6
4.333,1,57.79253269665488,0.6
4.3340000000000005,1,57.778478704171235,0.6
4.335,1,57.76443181839956,0.6
4.336,1,57.75039203574616,0.6
4.337,1,57.73635935261922,0.6
4.338,1,57.72233376542867,0.6
4.339,1,57.708315270586326,0.6
4.34,1,57.694303864505784,0.6
4.341,1,57.68029954360244,0.6
4.3420000000000005,1,57.66630230429351,0.6
4.343,1,57.65231214299807,0.6
4.344,1,57.63832905613691,0.6
4.345,1,57.62435304013273,0.6
4.346,1,57.61038409140997,0.6
4.347,1,57.59642220639491,0.6
4.348,1,57.58246738151565,0.6
4.349,1,57.56851961320204,0.6
4.3500000000000005,1,57.55457889788579,0.6
4.351,1,57.5406452320004,0.6
4.352,1,57.53168825424924,0.88
4.353,1,57.541621853783134,0.88
4.354,1,57.55155043017285,0.88
4.355,1,57.56147398595846,0.88
4.356,1,57.5713925236787,0.88
4.357,1,57.581306045871116,0.88
4.358,1,57.591214555071886,0.88
4.359,1,57.601118053815966,0.88
4.36,1,57.61101654463699,0.88
4.361,1,57.62091003006732,0.88
4.362,1,57.63079851263805,0.88
4.363,1,57.640681994878996,0.88
4.364,1,57.650560479318656,0.88
4.365,1,57.66043396848431,0.88
4.366,1,57.670302464901916,0.88
4.367,1,57.68016597109617,0.88
4.368,1,57.690024489590485,0.88
4.369,1,57.699878022907,0.88
4.37,1,57.70972657356659,0.88
4.371,1,57.719570144088834,0.88
4.372,1,57.729408736992056,0.88
4.373,1,57.7392423547933,0.88
4.374,1,57.74907100000832,0.88
4.375,1,57.74958719412526,0.6
4.376,1,57.73555491798426,0.6
4.377,1,57.72152973757389,0.6
4.378,1,57.707511649306,0.6
4.3790000000000004,1,57.69350064959431,0.6
4.38,1,57.679496734854354,0.6
4.381,1,57.665499901503416,0.6
4.382,1,57.65151014596067,0.6
4.383,1,57.63752746464705,0.6
4.384,1,57.62355185398532,0.6
4.385,1,57.609583310400055,0.6
4.386,1,57.59562183031761,0.6
4.3870000000000005,1,57.58166741016619,0.6
4.388,1,57.56772004637579,0.6
4.389,1,57.55377973537818,0.6
4.39,1,57.539846473606985,0.6
4.391,1,57.52592025749759,0.6
4.392,1,57.51335555537772,0.88
4.393,1,57.52329842524604,0.88
4.394,1,57.53323626728243,0.88
4.3950000000000005,1,57.54316908402932,0.88
4.396,1,57.55309687802786,0.88
4.397,1,57.56301965181792,0.88
4.398,1,57.572937407938056,0.88
4.399,1,57.5828501489256,0.88
4.4,1,57.59275787731653,0.88
4.401,1,57.602660595645595,0.88
4.402,1,57.612558306446246,0.88
4.4030000000000005,1,57.62245101225065,0.88
4.404,1,57.63233871558967,0.88
4.405,1,57.642221418992946,0.88
4.406,1,57.65209912498877,0.88
4.407,1,57.661971836104236,0.88
4.408,1,57.67183955486509,0.88
4.409,1,57.681702283795815,0.88
4.41,1,57.691560025419655,0.88
4.4110000000000005,1,57.701412782258544,0.88
4.412,1,57.711260556833125,0.88
4.413,1,57.72110335166283,0.88
4.414,1,57.73094116926575,0.88
4.415,1,57.74077401215874,0.88
4.416,1,57.75060188285737,0.88
4.417,1,57.76042478387592,0.88
4.418,1,57.770242717727456,0.88
4.4190000000000005,1,57.78005568692372,0.88
4.42,1,57.78986369397518,0.88
4.421,1,57.799666741391086,0.88
4.422,1,57.809464831679364,0.88
4.423,1,57.8192579673467,0.88
4.424,1,57.82904615089852,0.88
4.425,1,57.83882938483896,0.88
4.426,1,57.848607671670905,0.88
4.4270000000000005,1,57.858381013895965,0.88
4.428,1,57.86814941401448,0.88
4.429,1,57.87791287452556,0.88
4.43,1,57.88767139792701,0.88
4.431,1,57.89742498671539,0.88
4.432,1,57.89063731753339,0.6
4.433,1,57.876533716279624,0.6
4.434,1,57.862437246823575,0.6
4.4350000000000005,1,57.84834790555891,0.6
4.436,1,57.83426568888112,0.6
4.437,1,57.82019059318745,0.6
4.438,1,57.806122614877054,0.6
4.439,1,57.792061750350854,0.6
4.44,1,57.77800799601162,0.6
4.441,1,57.76396134826392,0.6
4.442,1,57.74992180351415,0.6
4.4430000000000005,1,57.73588935817052,0.6
4.444,1,57.721864008643074,0.6
4.445,1,57.707845751343626,0.6
4.446,1,57.69383458268587,0.6
4.447,1,57.67983049908524,0.6
4.448,1,57.66583349695905,0.6
4.449,1,57.66042810832912,0.88
4.45,1,57.67029660771004,0.88
4.4510000000000005,1,57.68016011686612,0.88
4.452,1,57.69001863832075,0.88
4.453,1,57.699872174596095,0.88
4.454,1,57.709720728213,0.88
4.455,1,57.71956430169108,0.88
4.456,1,57.729402897548646,0.88
4.457,1,57.73923651830272,0.88
4.458,1,57.74906516646911,0.88
4.4590000000000005,1,57.75888884456228,0.88
4.46,1,57.768707555095475,0.88
4.461,1,57.77852130058065,0.88
4.462,1,57.78833008352849,0.88
4.463,1,57.79813390644841,0.88
4.464,1,57.80793277184857,0.88
4.465,1,57.81772668223583,0.88
4.466,1,57.82751564011581,0.88
4.4670000000000005,1,57.837299647992864,0.88
4.468,1,57.84707870837005,0.88
4.469,1,57.85685282374921,0.88
4.47,1,57.866621996630855,0.88
4.471,1,57.876386229514296,0.88
4.472,1,57.88614552489754,0.88
4.473,1,57.895899885277345,0.88
4.474,1,57.90564931314921,0.88
4.4750000000000005,1,57.91539381100737,0.88
4.476,1,57.92513338134478,0.88
4.477,1,57.93486802665316,0.88
4.478,1,57.944597749422954,0.88
4.479,1,57.95432255214337,0.88
4.48,1,57.96404243730231,0.88
4.481,1,57.973757407386465,0.88
4.482,1,57.98346746488126,0.88
4.483,1,57.99317261227083,0.88
4.484,1,58.00287285203811,0.88
4.485,1,58.01256818666472,0.88
4.486,1,58.02225861863107,0.88
4.487,1,58.03194415041629,0.88
4.488,1,58.04162478449827,0.88
4.489,1,58.05130052335362,0.88
4.49,1,58.060971369457754,0.88
4.491,1,58.07063732528478,0.88
4.492,1,58.08029839330758,0.88
4.493,1,58.08995457599778,0.88
4.494,1,58.099605875825745,0.88
4.495,1,58.10925229526063,0.88
4.496,1,58.11889383677028,0.88
4.497,1,58.12853050282135,0.88
4.498,1,58.13816229587922,0.88
4.499,1,58.14778921840801,0.88
4.5,1,58.15741127287063,0.88
4.501,1,58.16702846172872,0.88
4.502,1,58.176640787442665,0.88
4.503,1,58.18624825247164,0.88
4.5040000000000004,1,58.19585085927357,0.88
4.505,1,58.20544861030508,0.88
4.506,1,58.21504150802165,0.88
4.507,1,58.224629554877424,0.88
4.508,1,58.23421275332538,0.88
4.509,1,58.243791105817195,0.88
4.51,1,58.253364614803345,0.88
4.511,1,58.26293328273306,0.88
4.5120000000000005,1,58.272497112054324,0.88
4.513,1,58.28205610521388,0.88
4.514,1,58.29161026465725,0.88
4.515,1,58.301159592828704,0.88
4.516,1,58.31070409217129,0.88
4.517,1,58.3202437651268,0.88
4.518,1,58.329778614135805,0.88
4.519,1,58.33930864163764,0.88
4.5200000000000005,1,58.34883385007042,0.88
4.521,1,58.358354241871,0.88
4.522,1,58.36786981947502,0.88
4.523,1,58.37738058531687,0.88
4.524,1,58.38688654182976,0.88
4.525,1,58.39638769144561,0.88
4.526,1,58.405884036595126,0.88
4.527,1,58.41537557970781,0.88
4.5280000000000005,1,58.42486232321191,0.88
4.529,1,58.43434426953445,0.88
4.53,1,58.44382142110125,0.88
4.531,1,58.45329378033685,0.88
4.532,1,58.46276134966463,0.88
4.533,1,58.47222413150671,0.88
4.534,1,58.481682128283964,0.88
4.535,1,58.49113534241609,0.88
4.5360000000000005,1,58.50058377632152,0.88
4.537,1,58.510027432417495,0.88
4.538,1,58.51946631312002,0.88
4.539,1,58.52890042084386,0.88
4.54,1,58.538329758002604,0.88
4.541,1,58.54775432700859,0.88
4.542,1,58.55717413027291,0.88
4.543,1,58.566589170205496,0.88
4.5440000000000005,1,58.575999449215026,0.88
4.545,1,58.585404969708954,0.88
4.546,1,58.59480573409355,0.88
4.547,1,58.60420174477382,0.88
4.548,1,58.6135930041536,0.88
4.549,1,58.62297951463549,0.88
4.55,1,58.63236127862085,0.88
4.551,1,58.641738298509885,0.88
4.5520000000000005,1,58.651110576701534,0.88
4.553,1,58.660478115593534,0.88
4.554,1,58.66984091758244,0.88
4.555,1,58.666276943125936,0.6
4.556,1,58.65178112255017,0.6
4.557,1,58.6372926321065,0.6
4.558,1,58.6228114680883,0.6
4.559,1,58.60833762679077,0.6
4.5600000000000005,1,58.593871104511045,0.6
4.561,1,58.5794118975481,0.6
4.562,1,58.564960002202746,0.6
4.563,1,58.55051541477775,0.6
4.564,1,58.53607813157767,0.6
4.565,1,58.521648148908966,0.6
4.566,1,58.50722546307999,0.6
4.567,1,58.49281007040089,0.6
4.5680000000000005,1,58.47840196718376,0.6
4.569,1,58.464001149742515,0.6
4.57,1,58.44960761439292,0.6
4.571,1,58.43522135745266,0.6
4.572,1,58.4258120175093,0.88
4.573,1,58.43529348359793,0.88
4.574,1,58.44477015517364,0.88
4.575,1,58.45424203466091,0.88
4.5760000000000005,1,58.46370912448293,0.88
4.577,1,58.47317142706171,0.88
4.578,1,58.48262894481803,0.88
4.579,1,58.49208168017144,0.88
4.58,1,58.50152963554027,0.88
4.581,1,58.51097281334163,0.88
4.582,1,58.52041121599139,0.88
4.583,1,58.529844845904215,0.88
4.5840000000000005,1,58.53927370549355,0.88
4.585,1,58.548697797171606,0.88
4.586,1,58.55811712334939,0.88
4.587,1,58.56753168643668,0.88
4.588,1,58.57694148884204,0.88
4.589,1,58.58634653297282,0.88
4.59,1,58.595746821235124,0.88
4.591,1,58.605142356033895,0.88
4.5920000000000005,1,58.614533139772796,0.88
4.593,1,58.623919174854315,0.88
4.594,1,58.63330046367973,0.88
4.595,1,58.64267700864907,0.88
4.596,1,58.65204881216119,0.88
4.597,1,58.6614158766137,0.88
4.598,1,58.67077820440301,0.88
4.599,1,58.68013579792432,0.88
4.6000000000000005,1,58.68948865957162,0.88
4.601,1,58.69883679173769,0.88
4.602,1,58.70818019681409,0.88
4.603,1,58.717518877191175,0.88
4.604,1,58.7268528352581,0.88
4.605,1,58.73618207340281,0.88
4.606,1,58.74550659401202,0.88
4.607,1,58.754826399471284,0.88
4.6080000000000005,1,58.764141492164896,0.88
4.609,1,58.753301541683285,0.6
4.61,1,58.738761715195594,0.6
4.611,1,58.72422924109258,0.6
4.612,1,58.70970411565632,0.6
4.613,1,58.69518633517082,0.6
4.614,1,58.68067589592194,0.6
4.615,1,58.666172794197394,0.6
4.616,1,58.65167702628685,0.6
4.617,1,58.63718858848175,0.6
4.618,1,58.622707477075494,0.6
4.619,1,58.60823368836334,0.6
4.62,1,58.59376721864237,0.6
4.621,1,58.57930806421159,0.6
4.622,1,58.56485622137188,0.6
4.623,1,58.550411686425946,0.6
4.624,1,58.535974455678414,0.6
4.625,1,58.521544525435715,0.6
4.626,1,58.507121892006225,0.6
4.627,1,58.49270655170015,0.6
4.628,1,58.47829850082953,0.6
4.6290000000000004,1,58.46389773570832,0.6
4.63,1,58.44950425265233,0.6
4.631,1,58.43511804797921,0.6
4.632,1,58.42073911800849,0.6
4.633,1,58.40636745906154,0.6
4.634,1,58.392003067461616,0.6
4.635,1,58.37764593953384,0.6
4.636,1,58.363296071605156,0.6
4.6370000000000005,1,58.34895346000438,0.6
4.638,1,58.33461810106222,0.6
4.639,1,58.32028999111117,0.6
4.64,1,58.30596912648565,0.6
4.641,1,58.29165550352187,0.6
4.642,1,58.27734911855795,0.6
4.643,1,58.26304996793384,0.6
4.644,1,58.2487580479913,0.6
4.6450000000000005,1,58.234473355074,0.6
4.646,1,58.220195885527446,0.6
4.647,1,58.20592563569896,0.6
4.648,1,58.20386175385349,0.88
4.649,1,58.213455453999096,0.88
4.65,1,58.22304430287815,0.88
4.651,1,58.23262830294381,0.88
4.652,1,58.24220745664799,0.88
4.6530000000000005,1,58.251781766441354,0.88
4.654,1,58.26135123477333,0.88
4.655,1,58.27091586409212,0.88
4.656,1,58.28047565684466,0.88
4.657,1,58.29003061547668,0.88
4.658,1,58.29958074243267,0.88
4.659,1,58.309126040155846,0.88
4.66,1,58.31866651108824,0.88
4.6610000000000005,1,58.32820215767062,0.88
4.662,1,58.337732982342516,0.88
4.663,1,58.34725898754224,0.88
4.664,1,58.35678017570686,0.88
4.665,1,58.366296549272235,0.88
4.666,1,58.375808110672956,0.88
4.667,1,58.3853148623424,0.88
4.668,1,58.394816806712726,0.88
4.6690000000000005,1,58.404313946214835,0.88
4.67,1,58.41380628327842,0.88
4.671,1,58.42329382033195,0.88
4.672,1,58.43277655980264,0.88
4.673,1,58.44225450411651,0.88
4.674,1,58.451727655698335,0.88
4.675,1,58.461196016971655,0.88
4.676,1,58.47065959035881,0.88
4.6770000000000005,1,58.480118378280885,0.88
4.678,1,58.48957238315776,0.88
4.679,1,58.499021607408096,0.88
4.68,1,58.508466053449304,0.88
4.681,1,58.51790572369762,0.88
4.682,1,58.52734062056801,0.88
4.683,1,58.53677074647423,0.88
4.684,1,58.54619610382885,0.88
4.6850000000000005,1,58.55561669504318,0.88
4.686,1,58.56503252252731,0.88
4.687,1,58.574443588690144,0.88
4.688,1,58.58384989593934,0.88
4.689,1,58.59325144668136,0.88
4.69,1,58.602648243321426,0.88
4.691,1,58.61204028826355,0.88
4.692,1,58.621427583910545,0.88
4.6930000000000005,1,58.630810132663996,0.88
4.694,1,58.640187936924264,0.88
4.695,1,58.649560999090525,0.88
4.696,1,58.65892932156069,0.88
4.697,1,58.66829290673154,0.88
4.698,1,58.67765175699856,0.88
4.699,1,58.68700587475605,0.88
4.7,1,58.69635526239715,0.88
4.7010000000000005,1,58.70569992231371,0.88
4.702,1,58.715039856896425,0.88
4.703,1,58.72437506853476,0.88
4.704,1,58.73370555961698,0.88
4.705,1,58.74303133253014,0.88
4.706,1,58.752352389660075,0.88
4.707,1,58.76166873339143,0.88
4.708,1,58.77098036610765,0.88
4.7090000000000005,1,58.78028729019096,0.88
4.71,1,58.789589508022374,0.88
4.711,1,58.79888702198171,0.88
4.712,1,58.8081798344476,0.88
4.713,1,58.817467947797454,0.88
4.714,1,58.826751364407485,0.88
4.715,1,58.83603008665269,0.88
4.716,1,58.845304116906895,0.88
4.7170000000000005,1,58.854573457542706,0.88
4.718,1,58.86383811093151,0.88
4.719,1,58.87309807944355,0.88
4.72,1,58.88235336544782,0.88
4.721,1,58.891603971312136,0.88
4.722,1,58.90084989940312,0.88
4.723,1,58.910091152086174,0.88
4.724,1,58.919327731725545,0.88
4.7250000000000005,1,58.92855964068424,0.88
4.726,1,58.9377868813241,0.88
4.727,1,58.94700945600577,0.88
4.728,1,58.95622736708869,0.88
4.729,1,58.96544061693111,0.88
4.73,1,58.974649207890096,0.88
4.731,1,58.98385314232149,0.88
4.732,1,58.993052422580014,0.88
4.7330000000000005,1,59.00224705101912,0.88
4.734,1,59.0114370299911,0.88
4.735,1,59.02062236184708,0.88
4.736,1,59.02980304893696,0.88
4.737,1,59.038979093609484,0.88
4.738,1,59.04815049821219,0.88
4.739,1,59.05731726509141,0.88
4.74,1,59.06647939659234,0.88
4.741,1,59.07563689505895,0.88
4.742,1,59.084789762834035,0.88
4.743,1,59.09393800225921,0.88
4.744,1,59.08004027673787,0.6
4.745,1,59.065335227586324,0.6
4.746,1,59.05063761436793,0.6
4.747,1,59.03594743332257,0.6
4.748,1,59.02126468069196,0.6
4.749,1,59.006589352719786,0.6
4.75,1,58.991921445651585,0.6
4.751,1,58.97726095573482,0.6
4.752,1,58.962607879218865,0.6
4.753,1,58.947962212354945,0.6
4.7540000000000004,1,58.933323951396204,0.6
4.755,1,58.91869309259771,0.6
4.756,1,58.90406963221636,0.6
4.757,1,58.88945356651102,0.6
4.758,1,58.87484489174237,0.6
4.759,1,58.860243604173036,0.6
4.76,1,58.84564970006754,0.6
4.761,1,58.831063175692236,0.6
4.7620000000000005,1,58.81648402731541,0.6
4.763,1,58.80191225120724,0.6
4.764,1,58.78734784363975,0.6
4.765,1,58.77279080088691,0.6
4.766,1,58.7582411192245,0.6
4.767,1,58.74369879493024,0.6
4.768,1,58.72916382428373,0.6
4.769,1,58.7146362035664,0.6
4.7700000000000005,1,58.70011592906162,0.6
4.771,1,58.685602997054616,0.6
4.772,1,58.67109740383248,0.6
4.773,1,58.65659914568421,0.6
4.774,1,58.642108218900646,0.6
4.775,1,58.62762461977452,0.6
4.776,1,58.61314834460046,0.6
4.777,1,58.59867938967493,0.6
4.7780000000000005,1,58.58421775129629,0.6
4.779,1,58.569763425764776,0.6
4.78,1,58.55531640938247,0.6
4.781,1,58.540876698453346,0.6
4.782,1,58.52644428928323,0.6
4.783,1,58.52710982370468,0.88
4.784,1,58.53654006631844,0.88
4.785,1,58.545965540321575,0.88
4.7860000000000005,1,58.55538624812543,0.88
4.787,1,58.56480219214014,0.88
4.788,1,58.57421337477463,0.88
4.789,1,58.58361979843659,0.88
4.79,1,58.59302146553249,0.88
4.791,1,58.602418378467604,0.88
4.792,1,58.61181053964597,0.88
4.793,1,58.621197951470435,0.88
4.7940000000000005,1,58.63058061634261,0.88
4.795,1,58.639958536662874,0.88
4.796,1,58.649331714830446,0.88
4.797,1,58.658700153243274,0.88
4.798,1,58.66806385429814,0.88
4.799,1,58.67742282039059,0.88
4.8,1,58.68677705391494,0.88
4.801,1,58.69612655726435,0.88
4.8020000000000005,1,58.705471332830726,0.88
4.803,1,58.71481138300476,0.88
4.804,1,58.72414671017597,0.88
4.805,1,58.73347731673264,0.88
4.806,1,58.74280320506186,0.88
4.807,1,58.75212437754949,0.88
4.808,1,58.76144083658021,0.88
4.809,1,58.7707525845375,0.88
4.8100000000000005,1,58.78005962380359,0.88
4.811,1,58.789361956759535,0.88
4.812,1,58.79865958578521,0.88
4.813,1,58.80795251325924,0.88
4.814,1,58.817240741559075,0.88
4.815,1,58.82652427306096,0.88
4.816,1,58.83580311013993,0.88
4.817,1,58.84507725516983,0.88
4.8180000000000005,1,58.85434671052328,0.88
4.819,1,58.863611478571734,0.88
4.82,1,58.872871561685436,0.88
4.821,1,58.882126962233414,0.88
4.822,1,58.89137768258352,0.88
4.823,1,58.90062372510239,0.88
4.824,1,58.909865092155485,0.88
4.825,1,58.919101786107056,0.88
4.8260000000000005,1,58.92833380932015,0.88
4.827,1,58.937561164156634,0.88
4.828,1,58.94678385297718,0.88
4.829,1,58.95600187814125,0.88
4.83,1,58.96521524200715,0.88
4.831,1,58.97442394693194,0.88
4.832,1,58.983627995271526,0.88
4.833,1,58.99282738938062,0.88
4.8340000000000005,1,59.00202213161275,0.88
4.835,1,59.01121222432019,0.88
4.836,1,59.020397669854134,0.88
4.837,1,59.02957847056449,0.88
4.838,1,59.03875462880003,0.88
4.839,1,59.047926146908324,0.88
4.84,1,59.05709302723574,0.88
4.841,1,59.066255272127506,0.88
4.8420000000000005,1,59.075412883927605,0.88
4.843,1,59.08456586497886,0.88
4.844,1,59.09371421762294,0.88
4.845,1,59.10285794420027,0.88
4.846,1,59.10124370841834,0.6
4.847,1,59.08652793728287,0.6
4.848,1,59.07181960750237,0.6
4.849,1,59.05711871531394,0.6
4.8500000000000005,1,59.042425256956605,0.6
4.851,1,59.027739228671294,0.6
4.852,1,59.013060626700806,0.6
4.853,1,58.99838944728988,0.6
4.854,1,58.98372568668512,0.6
4.855,1,58.96906934113505,0.6
4.856,1,58.95442040689008,0.6
4.857,1,58.939778880202525,0.6
4.8580000000000005,1,58.92514475732658,0.6
4.859,1,58.91051803451836,0.6
4.86,1,58.895898708035844,0.6
4.861,1,58.88128677413893,0.6
4.862,1,58.86668222908937,0.6
4.863,1,58.85488564243895,0.88
4.864,1,58.86415013796457,0.88
4.865,1,58.87340994869324,0.88
4.866,1,58.88266507699392,0.88
4.867,1,58.89191552523441,0.88
4.868,1,58.901161295781264,0.88
4.869,1,58.910402390999856,0.88
4.87,1,58.91963881325439,0.88
4.871,1,58.92887056490784,0.88
4.872,1,58.938097648321985,0.88
4.873,1,58.94732006585746,0.88
4.874,1,58.95653781987363,0.88
4.875,1,58.965750912728744,0.88
4.876,1,58.9749593467798,0.88
4.877,1,58.98416312438262,0.88
4.878,1,58.99336224789185,0.88
4.8790000000000004,1,59.002556719660944,0.88
4.88,1,59.01174654204213,0.88
4.881,1,59.0209317173865,0.88
4.882,1,59.03011224804391,0.88
4.883,1,59.03928813636307,0.88
4.884,1,59.048459384691476,0.88
4.885,1,59.057625995375425,0.88
4.886,1,59.06678797076006,0.88
4.8870000000000005,1,59.06446906237542,0.6
4.888,1,59.04977188715263,0.6
4.889,1,59.035082143881354,0.6
4.89,1,59.02039982880349,0.6
4.891,1,59.00572493816278,0.6
4.892,1,58.9910574682049,0.6
4.893,1,58.97639741517745,0.6
4.894,1,58.96174477532985,0.6
4.8950000000000005,1,58.947099544913485,0.6
4.896,1,58.93246172018162,0.6
4.897,1,58.917831297389384,0.6
4.898,1,58.90320827279385,0.6
4.899,1,58.888592642653926,0.6
4.9,1,58.87398440323045,0.6
4.901,1,58.85938355078618,0.6
4.902,1,58.84479008158567,0.6
4.9030000000000005,1,58.830203991895445,0.6
4.904,1,58.81562527798391,0.6
4.905,1,58.80105393612132,0.6
4.906,1,58.78648996257984,0.6
4.907,1,58.77193335363351,0.6
4.908,1,58.75738410555826,0.6
4.909,1,58.74284221463191,0.6
4.91,1,58.72830767713415,0.6
4.9110000000000005,1,58.71378048934655,0.6
4.912,1,58.69926064755259,0.6
4.913,1,58.684748148037585,0.6
4.914,1,58.670242987088756,0.6
4.915,1,58.655745160995195,0.6
4.916,1,58.64125466604786,0.6
4.917,1,58.62677149853961,0.6
4.918,1,58.612295654765155,0.6
4.9190000000000005,1,58.59782713102109,0.6
4.92,1,58.58336592360588,0.6
4.921,1,58.56891202881987,0.6
4.922,1,58.554465442965245,0.6
4.923,1,58.540026162346095,0.6
4.924,1,58.52559418326837,0.6
4.925,1,58.51116950203989,0.6
4.926,1,58.49675211497031,0.6
4.9270000000000005,1,58.4823420183712,0.6
4.928,1,58.467939208555975,0.6
4.929,1,58.4535436818399,0.6
4.93,1,58.439155434540126,0.6
4.931,1,58.424774462975634,0.6
4.932,1,58.4104007634673,0.6
4.933,1,58.39603433233786,0.6
4.934,1,58.38167516591188,0.6
4.9350000000000005,1,58.3673232605158,0.6
4.936,1,58.352978612477955,0.6
4.937,1,58.33864121812846,0.6
4.938,1,58.32431107379935,0.6
4.939,1,58.30998817582447,0.6
4.94,1,58.295672520539554,0.6
4.941,1,58.28136410428219,0.6
4.942,1,58.267062923391784,0.6
4.9430000000000005,1,58.262753888643886,0.88
4.944,1,58.27231780867972,0.88
4.945,1,58.281876892508,0.88
4.946,1,58.29143114257424,0.88
4.947,1,58.30098056132273,0.88
4.948,1,58.31052515119656,0.88
4.949,1,58.32006491463751,0.88
4.95,1,58.329599854086226,0.88
4.9510000000000005,1,58.33912997198205,0.88
4.952,1,58.348655270763075,0.88
4.953,1,58.35817575286623,0.88
4.954,1,58.367691420727155,0.88
4.955,1,58.377202276780295,0.88
4.956,1,58.38670832345883,0.88
4.957,1,58.39620956319473,0.88
4.958,1,58.40570599841874,0.88
4.9590000000000005,1,58.41519763156036,0.88
4.96,1,58.424684465047875,0.88
4.961,1,58.43416650130833,0.88
4.962,1,58.44364374276755,0.88
4.963,1,58.45311619185014,0.88
4.964,1,58.46258385097947,0.88
4.965,1,58.47204672257767,0.88
4.966,1,58.481504809065676,0.88
4.9670000000000005,1,58.49095811286318,0.88
4.968,1,58.500406636388654,0.88
4.969,1,58.509850382059355,0.88
4.97,1,58.519289352291295,0.88
4.971,1,58.528723549499304,0.88
4.972,1,58.53815297609695,0.88
4.973,1,58.547577634496605,0.88
4.974,1,58.55699752710941,0.88
4.9750000000000005,1,58.56641265634529,0.88
4.976,1,58.575823024612944,0.88
4.977,1,58.58522863431989,0.88
4.978,1,58.59462948787235,0.88
4.979,1,58.60271662508963,0.6
4.98,1,58.58825294519365,0.6
4.981,1,58.57379657917715,0.6
4.982,1,58.559347523341664,0.6
4.9830000000000005,1,58.54490577399065,0.6
4.984,1,58.530471327429446,0.6
4.985,1,58.516044179965206,0.6
4.986,1,58.501624327906995,0.6
4.987,1,58.48721176756571,0.6
4.988,1,58.47280649525415,0.6
4.989,1,58.458408507286975,0.6
4.99,1,58.444017799980664,0.6
4.9910000000000005,1,58.429634369653606,0.6
4.992,1,58.41525821262604,0.6
4.993,1,58.40088932522006,0.6
4.994,1,58.38652770375962,0.6
4.995,1,58.37217334457051,0.6
4.996,1,58.35782624398044,0.6
4.997,1,58.34348639831893,0.6
4.998,1,58.32915380391734,0.6
4.999,1,58.314828457108945,0.6
5.0,1,58.300510354228805,0.6
5.001,1,58.286199491613885,0.6
5.002,1,58.271895865603,0.6
5.003,1,58.257599472536775,0.6
5.0040000000000004,1,58.243310308757714,0.6
5.005,1,58.229028370610195,0.6
5.006,1,58.214753654440386,0.6
5.007,1,58.20048615659636,0.6
5.008,1,58.186225873427986,0.6
5.009,1,58.17197280128701,0.6
5.01,1,58.15772693652704,0.6
5.011,1,58.14348827550347,0.6
5.0120000000000005,1,58.129256814573594,0.6
5.013,1,58.11503255009653,0.6
5.014,1,58.10081547843321,0.6
5.015,1,58.08660559594645,0.6
5.016,1,58.07240289900088,0.6
5.017,1,58.05820738396295,0.6
5.018,1,58.044019047201004,0.6
5.019,1,58.02983788508516,0.6
5.0200000000000005,1,58.01566389398741,0.6
5.021,1,58.00149707028158,0.6
5.022,1,57.9873374103433,0.6
5.023,1,57.973184910550074,0.6
5.024,1,57.9590395672812,0.6
5.025,1,57.94490137691783,0.6
5.026,1,57.93077033584295,0.6
5.027,1,57.91664644044133,0.6
5.0280000000000005,1,57.90252968709963,0.6
5.029,1,57.88842007220633,0.6
5.03,1,57.87431759215166,0.6
5.031,1,57.86022224332778,0.6
5.032,1,57.846134022128595,0.6
5.033,1,57.83205292494988,0.6
5.034,1,57.81797894818922,0.6
5.035,1,57.803912088245994,0.6
5.0360000000000005,1,57.78985234152145,0.6
5.037,1,57.77579970441863,0.6
5.038,1,57.76175417334238,0.6
5.039,1,57.74771574469941,0.6
5.04,1,57.733684414898185,0.6
5.041,1,57.71966018034904,0.6
5.042,1,57.7056430374641,0.6
5.043,1,57.702485404513695,0.88
5.0440000000000005,1,57.712332636693134,0.88
5.045,1,57.72217488940195,0.88
5.046,1,57.732012165158125,0.88
5.047,1,57.74184446647836,0.88
5.048,1,57.7516717958781,0.88
5.049,1,57.7614941558715,0.88
5.05,1,57.77131154897144,0.88
5.051,1,57.78112397768955,0.88
5.0520000000000005,1,57.790931444536184,0.88
5.053,1,57.80073395202041,0.88
5.054,1,57.81053150265004,0.88
5.055,1,57.82032409893163,0.88
5.056,1,57.830111743370445,0.88
5.057,1,57.839894438470495,0.88
5.058,1,57.84967218673452,0.88
5.059,1,57.85944499066401,0.88
5.0600000000000005,1,57.86921285275916,0.88
5.061,1,57.87897577551893,0.88
5.062,1,57.888733761441,0.88
5.063,1,57.89848681302178,0.88
5.064,1,57.90823493275646,0.88
5.065,1,57.9179781231389,0.88
5.066,1,57.92771638666176,0.88
5.067,1,57.93744972581641,0.88
5.0680000000000005,1,57.947178143092955,0.88
5.069,1,57.956901640980256,0.88
5.07,1,57.966620221965925,0.88
5.071,1,57.97633388853629,0.88
5.072,1,57.98604264317643,0.88
5.073,1,57.99574648837019,0.88
5.074,1,58.005445426600104,0.88
5.075,1,58.01513946034753,0.88
5.0760000000000005,1,58.024828592092504,0.88
5.077,1,58.03451282431382,0.88
5.078,1,58.04419215948907,0.88
5.079,1,58.05386660009451,0.88
5.08,1,58.063536148605216,0.88
5.081,1,58.07320080749498,0.88
5.082,1,58.082860579236325,0.88
5.083,1,58.092515466300576,0.88
5.0840000000000005,1,58.10216547115776,0.88
5.085,1,58.111810596276676,0.88
5.086,1,58.12145084412488,0.88
5.087,1,58.131086217168644,0.88
5.088,1,58.14071671787306,0.88
5.089,1,58.15034234870191,0.88
5.09,1,58.15996311211776,0.88
5.091,1,58.16957901058193,0.88
5.0920000000000005,1,58.179190046554474,0.88
5.093,1,58.18879622249423,0.88
5.094,1,58.198397540858785,0.88
5.095,1,58.207994004104464,0.88
5.096,1,58.217585614686385,0.88
5.097,1,58.2271723750584,0.88
5.098,1,58.23675428767311,0.88
5.099,1,58.246331354981905,0.88
5.1000000000000005,1,58.25590357943493,0.88
5.101,1,58.26547096348104,0.88
5.102,1,58.27503350956795,0.88
5.103,1,58.28459122014203,0.88
5.104,1,58.2941440976485,0.88
5.105,1,58.3036921445313,0.88
5.106,1,58.31323536323312,0.88
5.107,1,58.322773756195474,0.88
5.1080000000000005,1,58.332307325858565,0.88
5.109,1,58.34183607466143,0.88
5.11,1,58.351360005041826,0.88
5.111,1,58.3608791194363,0.88
5.112,1,58.370393420280166,0.88
5.113,1,58.3799029100075,0.88
5.114,1,58.389407591051146,0.88
5.115,1,58.398907465842726,0.88
5.1160000000000005,1,58.40840253681263,0.88
5.117,1,58.41789280639,0.88
5.118,1,58.42737827700279,0.88
5.119,1,58.43685895107768,0.88
5.12,1,58.44633483104016,0.88
5.121,1,58.455805919314486,0.88
5.122,1,58.46527221832365,0.88
5.123,1,58.47473373048949,0.88
5.124,1,58.48419045823254,0.88
5.125,1,58.49364240397218,0.88
5.126,1,58.50308957012653,0.88
5.127,1,58.512531959112465,0.88
5.128,1,58.521969573345714,0.88
5.1290000000000004,1,58.53140241524069,0.88
5.13,1,58.540830487210656,0.88
5.131,1,58.55025379166763,0.88
5.132,1,58.5596723310224,0.88
5.133,1,58.56908610768456,0.88
5.134,1,58.57849512406246,0.88
5.135,1,58.587899382563236,0.88
5.136,1,58.59729888559283,0.88
5.1370000000000005,1,58.60669363555594,0.88
5.138,1,58.61608363485606,0.88
5.139,1,58.623886665936865,0.8
5.14,1,58.62458244008512,0.8
5.141,1,58.6252778623998,0.8
5.142,1,58.625972933058804,0.8
5.143,1,58.62666765223997,0.8
5.144,1,58.627362020121026,0.8
5.1450000000000005,1,58.62805603687962,0.8
5.146,1,58.62874970269329,0.8
5.147,1,58.62944301773951,0.8
5.148,1,58.630135982195654,0.8
5.149,1,58.630828596239006,0.8
5.15,1,58.63152086004675,0.8
5.151,1,58.632212773796,0.8
5.152,1,58.63290433766377,0.8
5.1530000000000005,1,58.63359555182698,0.8
5.154,1,58.63428641646247,0.8
5.155,1,58.634976931746984,0.8
5.156,1,58.63566709785719,0.8
5.157,1,58.63635691496963,0.8
5.158,1,58.63704638326082,0.8
5.159,1,58.63773550290711,0.8
5.16,1,58.63842427408483,0.8
5.1610000000000005,1,58.639112696970166,0.8
5.162,1,58.63980077173926,0.8
5.163,1,58.64048849856814,0.8
5.164,1,58.64117587763274,0.8
5.165,1,58.64344512906753,0.88
5.166,1,58.65281654416258,0.88
5.167,1,58.662183220394425,0.88
5.168,1,58.6715451601594,0.88
5.1690000000000005,1,58.68090236585258,0.88
5.17,1,58.69025483986786,0.88
5.171,1,58.699602584597926,0.88
5.172,1,58.708945602434234,0.88
5.173,1,58.71828389576706,0.88
5.174,1,58.727617466985436,0.88
5.175,1,58.736946318477194,0.88
5.176,1,58.746270452629005,0.88
5.1770000000000005,1,58.75558987182626,0.88
5.178,1,58.7649045784532,0.88
5.179,1,58.77421457489284,0.88
5.18,1,58.783519863526976,0.88
5.181,1,58.79282044673623,0.88
5.182,1,58.80211632689999,0.88
5.183,1,58.81140750639646,0.88
5.184,1,58.82069398760265,0.88
5.1850000000000005,1,58.829975772894336,0.88
5.186,1,58.83925286464611,0.88
5.187,1,58.84852526523139,0.88
5.188,1,58.857792977022335,0.88
5.189,1,58.86705600238996,0.88
5.19,1,58.87631434370405,0.88
5.191,1,58.885568003333205,0.88
5.192,1,58.894816983644816,0.88
5.1930000000000005,1,58.904061287005085,0.88
5.194,1,58.91330091577902,0.88
5.195,1,58.922535872330414,0.88
5.196,1,58.931766159021905,0.88
5.197,1,58.940991778214894,0.88
5.198,1,58.950212732269605,0.88
5.199,1,58.95942902354507,0.88
5.2,1,58.96864065439914,0.88
5.2010000000000005,1,58.97784762718844,0.88
5.202,1,58.98704994426842,0.88
5.203,1,58.99624760799337,0.88
5.204,1,59.00544062071633,0.88
5.205,1,59.01462898478921,0.88
5.206,1,59.023812702562694,0.88
5.207,1,59.03299177638627,0.88
5.208,1,59.04216620860827,0.88
5.2090000000000005,1,59.03180938301194,0.6
5.21,1,59.017128722877956,0.6
5.211,1,59.00245548634426,0.6
5.212,1,58.98778966965698,0.6
5.213,1,58.97313126906408,0.6
5.214,1,58.958480280815465,0.6
5.215,1,58.94383670116293,0.6
5.216,1,58.92920052636012,0.6
5.2170000000000005,1,58.914571752662624,0.6
5.218,1,58.899950376327936,0.6
5.219,1,58.885336393615376,0.6
5.22,1,58.87072980078622,0.6
5.221,1,58.85613059410359,0.6
5.222,1,58.84153876983254,0.6
5.223,1,58.82695432423999,0.6
5.224,1,58.812377253594725,0.6
5.2250000000000005,1,58.79780755416746,0.6
5.226,1,58.783245222230775,0.6
5.227,1,58.76869025405912,0.6
5.228,1,58.754142645928866,0.6
5.229,1,58.73960239411822,0.6
5.23,1,58.72506949490732,0.6
5.231,1,58.71054394457816,0.6
5.232,1,58.696025739414594,0.6
5.2330000000000005,1,58.68151487570239,0.6
5.234,1,58.667011349729194,0.6
5.235,1,58.65251515778449,0.6
5.236,1,58.638026296159694,0.6
5.237,1,58.62354476114803,0.6
5.238,1,58.60907054904466,0.6
5.239,1,58.5946036561466,0.6
5.24,1,58.58014407875271,0.6
5.2410000000000005,1,58.56569181316375,0.6
5.242,1,58.55124685568237,0.6
5.243,1,58.53680920261303,0.6
5.244,1,58.522378850262115,0.6
5.245,1,58.50795579493783,0.6
5.246,1,58.49354003295029,0.6
5.247,1,58.479131560611464,0.6
5.248,1,58.46473037423516,0.6
5.249,1,58.4503364701371,0.6
5.25,1,58.435949844634806,0.6
5.251,1,58.4215704940477,0.6
5.252,1,58.40719841469709,0.6
5.253,1,58.392833602906094,0.6
5.2540000000000004,1,58.378476054999695,0.6
5.255,1,58.364125767304785,0.6
5.256,1,58.34978273615005,0.6
5.257,1,58.33544695786607,0.6
5.258,1,58.321118428785255,0.6
5.259,1,58.3067971452419,0.6
5.26,1,58.29248310357215,0.6
5.261,1,58.27817630011397,0.6
5.2620000000000005,1,58.2638767312072,0.6
5.263,1,58.24958439319355,0.6
5.264,1,58.235299282416534,0.6
5.265,1,58.22102139522156,0.6
5.266,1,58.20675072795585,0.6
5.267,1,58.19248727696849,0.6
5.268,1,58.17823103861042,0.6
5.269,1,58.1639820092344,0.6
5.2700000000000005,1,58.14974018519506,0.6
5.271,1,58.135505562848856,0.6
5.272,1,58.126491476945674,0.88
5.273,1,58.13612430108204,0.88
5.274,1,58.14575225416796,0.88
5.275,1,58.15537533866657,0.88
5.276,1,58.16499355703979,0.88
5.277,1,58.174606911748285,0.88
5.2780000000000005,1,58.18421540525147,0.88
5.279,1,58.19381904000751,0.88
5.28,1,58.20341781847337,0.88
5.281,1,58.2130117431047,0.88
5.282,1,58.222600816355985,0.88
5.283,1,58.23218504068041,0.88
5.284,1,58.24176441852995,0.88
5.285,1,58.251338952355326,0.88
5.2860000000000005,1,58.26090864460604,0.88
5.287,1,58.27047349773032,0.88
5.288,1,58.2800335141752,0.88
5.289,1,58.28958869638643,0.88
5.29,1,58.29913904680857,0.88
5.291,1,58.30868456788491,0.88
5.292,1,58.31822526205751,0.88
5.293,1,58.32776113176722,0.88
5.2940000000000005,1,58.33729217945361,0.88
5.295,1,58.34681840755506,0.88
5.296,1,58.3563398185087,0.88
5.297,1,58.36585641475042,0.88
5.298,1,58.37536819871489,0.88
5.299,1,58.38487517283554,0.88
5.3,1,58.394377339544576,0.88
5.301,1,58.40387470127298,0.88
5.3020000000000005,1,58.413367260450485,0.88
5.303,1,58.422855019505604,0.88
5.304,1,58.43233798086564,0.88
5.305,1,58.44181614695664,0.88
5.306,1,58.45128952020345,0.88
5.307,1,58.460758103029676,0.88
5.308,1,58.470221897857684,0.88
5.309,1,58.479680907108644,0.88
5.3100000000000005,1,58.489135133202495,0.88
5.311,1,58.49858457855793,0.88
5.312,1,58.50802924559245,0.88
5.313,1,58.517469136722305,0.88
5.314,1,58.52690425436255,0.88
5.315,1,58.536334600927,0.88
5.316,1,58.545760178828246,0.88
5.317,1,58.55518099047768,0.88
5.3180000000000005,1,58.56459703828547,0.88
5.319,1,58.57400832466053,0.88
5.32,1,58.58341485201061,0.88
5.321,1,58.592816622742205,0.88
5.322,1,58.602213639260604,0.88
5.323,1,58.61160590396989,0.88
5.324,1,58.62099341927289,0.88
5.325,1,58.630376187571294,0.88
5.3260000000000005,1,58.6397542112655,0.88
5.327,1,58.649127492754715,0.88
5.328,1,58.65849603443696,0.88
5.329,1,58.667859838709,0.88
5.33,1,58.677218907966434,0.88
5.331,1,58.68657324460362,0.88
5.332,1,58.69592285101371,0.88
5.333,1,58.705267729588655,0.88
5.3340000000000005,1,58.71460788271918,0.88
5.335,1,58.72306818969106,0.6
5.336,1,58.708543651366114,0.6
5.337,1,58.69402645769503,0.6
5.338,1,58.67951660496382,0.6
5.339,1,58.665014089460385,0.6
5.34,1,58.6505189074745,0.6
5.341,1,58.63603105529778,0.6
5.3420000000000005,1,58.62155052922377,0.6
5.343,1,58.60707732554786,0.6
5.344,1,58.59261144056732,0.6
5.345,1,58.578152870581285,0.6
5.346,1,58.56370161189076,0.6
5.347,1,58.549257660798624,0.6
5.348,1,58.53482101360966,0.6
5.349,1,58.520391666630445,0.6
5.3500000000000005,1,58.505969616169494,0.6
5.351,1,58.49155485853716,0.6
5.352,1,58.477147390045644,0.6
5.353,1,58.462747207009066,0.6
5.354,1,58.44835430574334,0.6
5.355,1,58.43396868256628,0.6
5.356,1,58.419590333797586,0.6
5.357,1,58.405219255758766,0.6
5.3580000000000005,1,58.39085544477323,0.6
5.359,1,58.37649889716623,0.6
5.36,1,58.362149609264875,0.6
5.361,1,58.34780757739814,0.6
5.362,1,58.33347279789683,0.6
5.363,1,58.319145267093646,0.6
5.364,1,58.30482498132313,0.6
5.365,1,58.29051193692165,0.6
5.3660000000000005,1,58.27620613022745,0.6
5.367,1,58.261907557580656,0.6
5.368,1,58.24761621532316,0.6
5.369,1,58.2333320997988,0.6
5.37,1,58.21905520735319,0.6
5.371,1,58.204785534333844,0.6
5.372,1,58.19052307709009,0.6
5.373,1,58.17626783197309,0.6
5.3740000000000006,1,58.16201979533591,0.6
5.375,1,58.16455892575372,0.88
5.376,1,58.17417250024313,0.88
5.377,1,58.18378121341608,0.88
5.378,1,58.19338506773084,0.88
5.3790000000000004,1,58.202984065644365,0.88
5.38,1,58.2125782096124,0.88
5.381,1,58.222167502089476,0.88
5.382,1,58.23175194552884,0.88
5.383,1,58.24133154238251,0.88
5.384,1,58.25090629510129,0.88
5.385,1,58.2604762061347,0.88
5.386,1,58.27004127793106,0.88
5.3870000000000005,1,58.27960151293743,0.88
5.388,1,58.28915691359964,0.88
5.389,1,58.29870748236229,0.88
5.39,1,58.30825322166872,0.88
5.391,1,58.31779413396109,0.88
5.392,1,58.32733022168024,0.88
5.393,1,58.336861487265836,0.88
5.394,1,58.34638793315632,0.88
5.3950000000000005,1,58.355909561788856,0.88
5.396,1,58.36542637559939,0.88
5.397,1,58.374938377022666,0.88
5.398,1,58.384445568492154,0.88
5.399,1,58.39394795244013,0.88
5.4,1,58.403445531297606,0.88
5.401,1,58.412938307494386,0.88
5.402,1,58.40130956855046,0.6
5.4030000000000005,1,58.38694773458467,0.6
5.404,1,58.37259316299772,0.6
5.405,1,58.35824585011717,0.6
5.406,1,58.34390579227254,0.6
5.407,1,58.32957298579513,0.6
5.408,1,58.315247427018136,0.6
5.409,1,58.30092911227662,0.6
5.41,1,58.28661803790743,0.6
5.4110000000000005,1,58.272314200249355,0.6
5.412,1,58.258017595642976,0.6
5.413,1,58.243728220430725,0.6
5.414,1,58.229446070956925,0.6
5.415,1,58.2151711435677,0.6
5.416,1,58.200903434611064,0.6
5.417,1,58.18664294043685,0.6
5.418,1,58.17238965739672,0.6
5.4190000000000005,1,58.15814358184423,0.6
5.42,1,58.14390471013476,0.6
5.421,1,58.129673038625505,0.6
5.422,1,58.11544856367556,0.6
5.423,1,58.10123128164577,0.6
5.424,1,58.087021188898916,0.6
5.425,1,58.072818281799584,0.6
5.426,1,58.07337856452297,0.88
5.4270000000000005,1,58.083038246377555,0.88
5.428,1,58.09269304360048,0.88
5.429,1,58.10234295866178,0.88
5.43,1,58.111987994030216,0.88
5.431,1,58.121628152173315,0.88
5.432,1,58.131263435557365,0.88
5.433,1,58.14089384664737,0.88
5.434,1,58.15051938790715,0.88
5.4350000000000005,1,58.16014006179921,0.88
5.436,1,58.169755870784854,0.88
5.437,1,58.17936681732414,0.88
5.438,1,58.169879957257116,0.6
5.439,1,58.155635150789976,0.6
5.44,1,58.14139754752411,0.6
5.441,1,58.12716714381706,0.6
5.442,1,58.11294393602819,0.6
5.4430000000000005,1,58.09872792051874,0.6
5.444,1,58.08451909365179,0.6
5.445,1,58.07031745179222,0.6
5.446,1,58.05612299130678,0.6
5.447,1,58.041935708564054,0.6
5.448,1,58.02775559993444,0.6
5.449,1,58.01358266179021,0.6
5.45,1,57.999416890505444,0.6
5.4510000000000005,1,57.985258282456044,0.6
5.452,1,57.9711068340198,0.6
5.453,1,57.95696254157626,0.6
5.454,1,57.94282540150685,0.6
5.455,1,57.939836997646275,0.88
5.456,1,57.94956420774606,0.88
5.457,1,57.95928649906702,0.88
5.458,1,57.96900387409649,0.88
5.4590000000000005,1,57.97871633532046,0.88
5.46,1,57.988423885223725,0.88
5.461,1,57.998126526289795,0.88
5.462,1,58.007824261000934,0.88
5.463,1,58.01751709183816,0.88
5.464,1,58.02720502128122,0.88
5.465,1,58.03688805180859,0.88
5.466,1,58.04656618589755,0.88
5.4670000000000005,1,58.056239426024064,0.88
5.468,1,58.065907774662875,0.88
5.469,1,58.075571234287494,0.88
5.47,1,58.08522980737014,0.88
5.471,1,58.09488349638181,0.88
5.472,1,58.10453230379224,0.88
5.473,1,58.114176232069916,0.88
5.474,1,58.123815283682084,0.88
5.4750000000000005,1,58.13344946109474,0.88
5.476,1,58.14307876677262,0.88
5.477,1,58.15270320317923,0.88
5.478,1,58.16232277277682,0.88
5.479,1,58.171937478026415,0.88
5.48,1,58.18154732138777,0.88
5.481,1,58.19115230531939,0.88
5.482,1,58.20075243227859,0.88
5.4830000000000005,1,58.210347704721386,0.88
5.484,1,58.21993812510255,0.88
5.485,1,58.22952369587567,0.88
5.486,1,58.23910441949303,0.88
5.487,1,58.24868029840572,0.88
5.488,1,58.25825133506358,0.88
5.489,1,58.26781753191516,0.88
5.49,1,58.277378891407864,0.88
5.4910000000000005,1,58.286935415987784,0.88
5.492,1,58.296487108099804,0.88
5.493,1,58.30603397018757,0.88
5.494,1,58.31557600469349,0.88
5.495,1,58.325113214058746,0.88
5.496,1,58.33464560072326,0.88
5.497,1,58.344173167125746,0.88
5.498,1,58.35369591570368,0.88
5.4990000000000006,1,58.363213848893295,0.88
5.5,1,58.3727269691296,0.88
5.501,1,58.38223527884638,0.88
5.502,1,58.39173878047616,0.88
5.503,1,58.40123747645028,0.88
5.5040000000000004,1,58.410731369198814,0.88
5.505,1,58.42022046115061,0.88
5.506,1,58.42970475473332,0.88
5.507,1,58.43918425237332,0.88
5.508,1,58.4486589564958,0.88
5.509,1,58.45812886952471,0.88
5.51,1,58.46759399388276,0.88
5.511,1,58.477054331991454,0.88
5.5120000000000005,1,58.48650988627107,0.88
5.513,1,58.49596065914065,0.88
5.514,1,58.50540665301802,0.88
5.515,1,58.514847870319784,0.88
5.516,1,58.52428431346132,0.88
5.517,1,58.533715984856805,0.88
5.518,1,58.543142886919156,0.88
5.519,1,58.5525650220601,0.88
5.5200000000000005,1,58.56198239269014,0.88
5.521,1,58.57139500121855,0.88
5.522,1,58.58080285005339,0.88
5.523,1,58.59020594160151,0.88
5.524,1,58.599604278268544,0.88
5.525,1,58.608997862458885,0.88
5.526,1,58.61838669657574,0.88
5.527,1,58.627770783021084,0.88
5.5280000000000005,1,58.63715012419569,0.88
5.529,1,58.646524722499095,0.88
5.53,1,58.65589458032966,0.88
5.531,1,58.66525970008447,0.88
5.532,1,58.674620084159486,0.88
5.533,1,58.68397573494937,0.88
5.534,1,58.69332665484763,0.88
5.535,1,58.70267284624656,0.88
5.5360000000000005,1,58.71201431153719,0.88
5.537,1,58.721351053109416,0.88
5.538,1,58.730683073351884,0.88
5.539,1,58.74001037465202,0.88
5.54,1,58.74933295939609,0.88
5.541,1,58.75865082996911,0.88
5.542,1,58.7679639887549,0.88
5.543,1,58.777272438136094,0.88
5.5440000000000005,1,58.786576180494095,0.88
5.545,1,58.795875218209105,0.88
5.546,1,58.80516955366015,0.88
5.547,1,58.81445918922502,0.88
5.548,1,58.82047725247972,0.8
5.549,1,58.821073616252306,0.8
5.55,1,58.82166967846036,0.8
5.551,1,58.82226543925639,0.8
5.5520000000000005,1,58.822860898792804,0.8
5.553,1,58.82345605722194,0.8
5.554,1,58.82405091469606,0.8
5.555,1,58.82464547136735,0.8
5.556,1,58.82523972738792,0.8
5.557,1,58.82583368290979,0.8
5.558,1,58.82642733808492,0.8
5.559,1,58.827020693065194,0.8
5.5600000000000005,1,58.827613748002406,0.8
5.561,1,58.83147337784888,0.88
5.562,1,58.84074971230362,0.88
5.563,1,58.85002135597478,0.88
5.564,1,58.85928831123438,0.88
5.565,1,58.8685505804532,0.88
5.566,1,58.87780816600086,0.88
5.567,1,58.88706107024575,0.88
5.5680000000000005,1,58.89630929555507,0.88
5.569,1,58.90555284429483,0.88
5.57,1,58.91479171882985,0.88
5.571,1,58.924025921523736,0.88
5.572,1,58.93325545473891,0.88
5.573,1,58.94248032083661,0.88
5.574,1,58.95170052217683,0.88
5.575,1,58.96091606111845,0.88
5.5760000000000005,1,58.97012694001909,0.88
5.577,1,58.9793331612352,0.88
5.578,1,58.98853472712207,0.88
5.579,1,58.99773164003374,0.88
5.58,1,59.00692390232311,0.88
5.581,1,59.01611151634185,0.88
5.582,1,59.02529448444048,0.88
5.583,1,59.0344728089683,0.88
5.5840000000000005,1,59.04364649227344,0.88
5.585,1,59.05281553670283,0.88
5.586,1,59.06197994460223,0.88
5.587,1,59.07113971831619,0.88
5.588,1,59.080294860188104,0.88
5.589,1,59.089445372560164,0.88
5.59,1,59.098591257773364,0.88
5.591,1,59.10773251816754,0.88
5.5920000000000005,1,59.116869156081336,0.88
5.593,1,59.1260011738522,0.88
5.594,1,59.13512857381643,0.88
5.595,1,59.1442513583091,0.88
5.596,1,59.15336952966414,0.88
5.597,1,59.16248309021428,0.88
5.598,1,59.17159204229107,0.88
5.599,1,59.18069638822489,0.88
5.6000000000000005,1,59.189796130344945,0.88
5.601,1,59.198891270979246,0.88
5.602,1,59.20798181245464,0.88
5.603,1,59.217067757096785,0.88
5.604,1,59.22614910723019,0.88
5.605,1,59.235225865178165,0.88
5.606,1,59.24429803326282,0.88
5.607,1,59.25336561380517,0.88
5.6080000000000005,1,59.262428609124974,0.88
5.609,1,59.27148702154086,0.88
5.61,1,59.28054085337027,0.88
5.611,1,59.28959010692948,0.88
5.612,1,59.298634784533604,0.88
5.613,1,59.307674888496564,0.88
5.614,1,59.31671042113113,0.88
5.615,1,59.32574138474889,0.88
5.6160000000000005,1,59.33476778166026,0.88
5.617,1,59.34378961417451,0.88
5.618,1,59.35280688459973,0.88
5.619,1,59.361819595242835,0.88
5.62,1,59.370827748409575,0.88
5.621,1,59.37983134640454,0.88
5.622,1,59.38883039153116,0.88
5.623,1,59.3978248860917,0.88
5.6240000000000006,1,59.40681483238724,0.88
5.625,1,59.4158002327177,0.88
5.626,1,59.4191454482871,0.8
5.627,1,59.419439082253064,0.8
5.628,1,59.419732567736524,0.8
5.6290000000000004,1,59.42002590481256,0.8
5.63,1,59.42031909355622,0.8
5.631,1,59.420612134042514,0.8
5.632,1,59.42090502634641,0.8
5.633,1,59.42119777054283,0.8
5.634,1,59.421490366706685,0.8
5.635,1,59.421782814912824,0.8
5.636,1,59.422075115236055,0.8
5.6370000000000005,1,59.42236726775117,0.8
5.638,1,59.422659272532904,0.8
5.639,1,59.428586770750755,0.88
5.64,1,59.43756116161932,0.88
5.641,1,59.44653101438878,0.88
5.642,1,59.45549633135391,0.88
5.643,1,59.464457114808326,0.88
5.644,1,59.47341336704453,0.88
5.6450000000000005,1,59.48236509035381,0.88
5.646,1,59.49131228702632,0.88
5.647,1,59.500254959351054,0.88
5.648,1,59.50919310961585,0.88
5.649,1,59.518126740107405,0.88
5.65,1,59.52705585311122,0.88
5.651,1,59.53598045091165,0.88
5.652,1,59.54490053579195,0.88
5.6530000000000005,1,59.55381611003415,0.88
5.654,1,59.56272717591915,0.88
5.655,1,59.57163373572671,0.88
5.656,1,59.580535791735414,0.88
5.657,1,59.58943334622274,0.88
5.658,1,59.59832640146496,0.88
5.659,1,59.607214959737206,0.88
5.66,1,59.616099023313495,0.88
5.6610000000000005,1,59.624978594466654,0.88
5.662,1,59.63385367546837,0.88
5.663,1,59.642724268589205,0.88
5.664,1,59.65159037609854,0.88
5.665,1,59.66045200026463,0.88
5.666,1,59.66930914335458,0.88
5.667,1,59.67816180763434,0.88
5.668,1,59.687009995368726,0.88
5.6690000000000005,1,59.69585370882139,0.88
5.67,1,59.70469295025486,0.88
5.671,1,59.71352772193052,0.88
5.672,1,59.72235802610857,0.88
5.673,1,59.73118386504814,0.88
5.674,1,59.740005241007154,0.88
5.675,1,59.74882215624241,0.88
5.676,1,59.7576346130096,0.88
5.6770000000000005,1,59.766442613563214,0.88
5.678,1,59.775246160156655,0.88
5.679,1,59.78404525504216,0.88
5.68,1,59.792839900470824,0.88
5.681,1,59.80163009869264,0.88
5.682,1,59.81041585195642,0.88
5.683,1,59.81919716250984,0.88
5.684,1,59.827974032599485,0.88
5.6850000000000005,1,59.83674646447075,0.88
5.686,1,59.84551446036792,0.88
5.687,1,59.85427802253417,0.88
5.688,1,59.86303715321148,0.88
5.689,1,59.87179185464075,0.88
5.69,1,59.88054212906172,0.88
5.691,1,59.889287978713,0.88
5.692,1,59.891604248583256,0.8
5.6930000000000005,1,59.89165897331327,0.8
5.694,1,59.891713670370514,0.8
5.695,1,59.89176833976899,0.8
5.696,1,59.891822981522665,0.8
5.697,1,59.89187759564553,0.8
5.698,1,59.891932182151564,0.8
5.699,1,59.89198674105472,0.8
5.7,1,59.892041272368964,0.8
5.7010000000000005,1,59.89209577610824,0.8
5.702,1,59.892150252286505,0.8
5.703,1,59.892204700917674,0.8
5.704,1,59.892259122015695,0.8
5.705,1,59.89873867284333,0.88
5.706,1,59.907475321010025,0.88
5.707,1,59.91620755129745,0.88
5.708,1,59.924935365939604,0.88
5.7090000000000005,1,59.93365876716937,0.88
5.71,1,59.942377757218466,0.88
5.711,1,59.951092338317515,0.88
5.712,1,59.95980251269599,0.88
5.713,1,59.96850828258226,0.88
5.714,1,59.97720965020356,0.88
5.715,1,59.985906617785965,0.88
5.716,1,59.99459918755448,0.88
5.7170000000000005,1,59.98130334414442,0.6
5.718,1,59.966142551400665,0.6
5.719,1,59.95098942504687,0.6
5.72,1,59.93584396120639,0.6
5.721,1,59.92070615600447,0.6
5.722,1,59.90557600556838,0.6
5.723,1,59.890453506027306,0.6
5.724,1,59.87533865351239,0.6
5.7250000000000005,1,59.86023144415677,0.6
5.726,1,59.8451318740955,0.6
5.727,1,59.83003993946559,0.6
5.728,1,59.814955636406054,0.6
5.729,1,59.79987896105778,0.6
5.73,1,59.78480990956366,0.6
5.731,1,59.769748478068536,0.6
5.732,1,59.75469466271917,0.6
5.7330000000000005,1,59.73964845966429,0.6
5.734,1,59.73864301095148,0.88
5.735,1,59.74746061502849,0.88
5.736,1,59.756273760289076,0.88
5.737,1,59.765082448987954,0.88
5.738,1,59.77388668337868,0.88
5.739,1,59.78268646571366,0.88
5.74,1,59.7914817982442,0.88
5.7410000000000005,1,59.80027268322042,0.88
5.742,1,59.80905912289133,0.88
5.743,1,59.817841119504806,0.88
5.744,1,59.82661867530756,0.88
5.745,1,59.8353917925452,0.88
5.746,1,59.84416047346219,0.88
5.747,1,59.85292472030183,0.88
5.748,1,59.86168453530634,0.88
5.7490000000000006,1,59.87043992071675,0.88
5.75,1,59.87919087877299,0.88
5.751,1,59.88793741171385,0.88
5.752,1,59.89667952177699,0.88
5.753,1,59.905417211198944,0.88
5.7540000000000004,1,59.91415048221509,0.88
5.755,1,59.9228793370597,0.88
5.756,1,59.93160377796592,0.88
5.757000000000001,1,59.940323807165726,0.88
5.758,1,59.949039426890025,0.88
5.759,1,59.95775063936855,0.88
5.76,1,59.96645744682992,0.88
5.761,1,59.968471530268765,0.8
5.7620000000000005,1,59.968487385358664,0.8
5.763,1,59.96850323243108,0.8
5.764,1,59.968519071490086,0.8
5.765,1,59.968534902539716,0.8
5.766,1,59.968550725584024,0.8
5.767,1,59.968566540627066,0.8
5.768,1,59.96858234767288,0.8
5.769,1,59.968598146725505,0.8
5.7700000000000005,1,59.968613937788994,0.8
5.771,1,59.96862972086738,0.8
5.772,1,59.968645495964715,0.8
5.773,1,59.96866126308501,0.8
5.774,1,59.96867702223232,0.8
5.775,1,59.968692773410666,0.8
5.776,1,59.96870851662408,0.8
5.777,1,59.968724251876594,0.8
5.7780000000000005,1,59.96873997917223,0.8
5.779,1,59.968755698515,0.8
5.78,1,59.968771409908946,0.8
5.781,1,59.968787113358076,0.8
5.782,1,59.96880280886641,0.8
5.783,1,59.96881849643796,0.8
5.784,1,59.96883417607675,0.8
5.785,1,59.96884984778678,0.8
5.7860000000000005,1,59.96886551157206,0.8
5.787,1,59.96888116743661,0.8
5.788,1,59.96889681538442,0.8
5.789,1,59.9689124554195,0.8
5.79,1,59.968928087545855,0.8
5.791,1,59.96894371176747,0.8
5.792,1,59.96895932808836,0.8
5.793,1,59.96897493651251,0.8
5.7940000000000005,1,59.968990537043915,0.8
5.795,1,59.96900612968657,0.8
5.796,1,59.96902171444445,0.8
5.797,1,59.96903729132156,0.8
5.798,1,59.96905286032188,0.8
5.799,1,59.969068421449386,0.8
5.8,1,59.96908397470807,0.8
5.801,1,59.9690995201019,0.8
5.8020000000000005,1,59.96911505763486,0.8
5.803,1,59.96913058731092,0.8
5.804,1,59.96914610913406,0.8
5.805,1,59.96916162310824,0.8
5.806,1,59.969177129237444,0.8
5.807,1,59.96919262752563,0.8
5.808,1,59.96814582902655,0.6
5.809,1,59.95299168967114,0.6
5.8100000000000005,1,59.93784521334128,0.6
5.811,1,59.922706396162,0.6
5.812,1,59.90757523426025,0.6
5.813,1,59.89245172376499,0.6
5.814,1,59.87733586080711,0.6
5.815,1,59.86222764151947,0.6
5.816,1,59.84712706203688,0.6
5.817,1,59.8320341184961,0.6
5.8180000000000005,1,59.81694880703583,0.6
5.819,1,59.801871123796786,0.6
5.82,1,59.786801064921534,0.6
5.821,1,59.77173862655469,0.6
5.822,1,59.75668380484275,0.6
5.823,1,59.74163659593418,0.6
5.824,1,59.726596995979435,0.6
5.825,1,59.711565001130836,0.6
5.8260000000000005,1,59.71411567094596,0.88
5.827,1,59.7229456778146,0.88
5.828,1,59.73177121959509,0.88
5.829,1,59.740592298545295,0.88
5.83,1,59.74940891692194,0.88
5.831,1,59.75822107698061,0.88
5.832,1,59.76702878097575,0.88
5.833,1,59.77583203116069,0.88
5.8340000000000005,1,59.78463082978757,0.88
5.835,1,59.79342517910742,0.88
5.836,1,59.80221508137015,0.88
5.837,1,59.8110005388245,0.88
5.838,1,59.819781553718094,0.88
5.839,1,59.8285581282974,0.88
5.84,1,59.83733026480776,0.88
5.841,1,59.8460979654934,0.88
5.8420000000000005,1,59.85486123259737,0.88
5.843,1,59.86362006836163,0.88
5.844,1,59.872374475026966,0.88
5.845,1,59.881124454833056,0.88
5.846,1,59.88987001001844,0.88
5.847,1,59.89861114282054,0.88
5.848,1,59.90734785547561,0.88
5.849,1,59.916080150218804,0.88
5.8500000000000005,1,59.92480802928413,0.88
5.851,1,59.93353149490448,0.88
5.852,1,59.94225054931161,0.88
5.853,1,59.95096519473615,0.88
5.854,1,59.9596754334076,0.88
5.855,1,59.96838126755432,0.88
5.856,1,59.97708269940357,0.88
5.857,1,59.98577973118145,0.88
5.8580000000000005,1,59.99447236511298,0.88
5.859,1,59.98775402936528,0.6
5.86,1,59.97258997468994,0.6
5.861,1,59.957433588054045,0.6
5.862,1,59.942284865580085,0.6
5.863,1,59.9271438033925,0.6
5.864,1,59.912010397617706,0.6
5.865,1,59.896884644384045,0.6
5.8660000000000005,1,59.88176653982187,0.6
5.867,1,59.86665608006346,0.6
5.868,1,59.85155326124301,0.6
5.869,1,59.83645807949678,0.6
5.87,1,59.82137053096284,0.6
5.871,1,59.806290611781336,0.6
5.872,1,59.79121831809431,0.6
5.873,1,59.77615364604574,0.6
5.8740000000000006,1,59.7610965917816,0.6
5.875,1,59.746047151449794,0.6
5.876,1,59.73100532120014,0.6
5.877,1,59.715971097184465,0.6
5.878,1,59.70094447555647,0.6
5.8790000000000004,1,59.685925452471864,0.6
5.88,1,59.67091402408828,0.6
5.881,1,59.65591018656528,0.6
5.882000000000001,1,59.64091393606437,0.6
5.883,1,59.62592526874903,0.6
5.884,1,59.61094418078463,0.6
5.885,1,59.59597066833852,0.6
5.886,1,59.58100472757995,0.6
5.8870000000000005,1,59.566046354680154,0.6
5.888,1,59.551095545812274,0.6
5.889,1,59.53615229715136,0.6
5.89,1,59.52121660487447,0.6
5.891,1,59.50628846516051,0.6
5.892,1,59.49136787419039,0.6
5.893,1,59.47645482814691,0.6
5.894,1,59.4615493232148,0.6
5.8950000000000005,1,59.44665135558074,0.6
5.896,1,59.43176092143335,0.6
5.897,1,59.416878016963125,0.6
5.898,1,59.409457231677166,0.88
5.899,1,59.41844129582003,0.88
5.9,1,59.42742081697227,0.88
5.901,1,59.436395797431146,0.88
5.902,1,59.445366239492756,0.88
5.9030000000000005,1,59.454332145452064,0.88
5.904,1,59.46329351760282,0.88
5.905,1,59.472250358237666,0.88
5.906,1,59.481202669648056,0.88
5.907,1,59.49015045412429,0.88
5.908,1,59.49909371395552,0.88
5.909,1,59.50803245142972,0.88
5.91,1,59.51696666883374,0.88
5.9110000000000005,1,59.52589636845323,0.88
5.912,1,59.53482155257272,0.88
5.913,1,59.543742223475576,0.88
5.914,1,59.552658383444,0.88
5.915,1,59.56157003475904,0.88
5.916,1,59.57047717970061,0.88
5.917,1,59.579379820547445,0.88
5.918,1,59.588277959577155,0.88
5.9190000000000005,1,59.597171599066165,0.88
5.92,1,59.606060741289774,0.88
5.921,1,59.61494538852213,0.88
5.922,1,59.62382554303622,0.88
5.923,1,59.63270120710388,0.88
5.924,1,59.64157238299582,0.88
5.925,1,59.63864686942324,0.6
5.926,1,59.62365934850025,0.6
5.9270000000000005,1,59.60867940634851,0.6
5.928,1,59.59370703913565,0.6
5.929,1,59.57874224303123,0.6
5.93,1,59.56378501420676,0.6
5.931,1,59.54883534883567,0.6
5.932,1,59.53389324309332,0.6
5.933,1,59.518958693157046,0.6
5.934,1,59.50403169520606,0.6
5.9350000000000005,1,59.489112245421545,0.6
5.936,1,59.474200339986616,0.6
5.937,1,59.459295975086285,0.6
5.938,1,59.44439914690753,0.6
5.939,1,59.429509851639224,0.6
5.94,1,59.414628085472195,0.6
5.941,1,59.3997538445992,0.6
5.942,1,59.38488712521488,0.6
5.9430000000000005,1,59.37002792351584,0.6
5.944,1,59.35517623570061,0.6
5.945,1,59.34033205796961,0.6
5.946,1,59.32549538652522,0.6
5.947,1,59.31066621757168,0.6
5.948,1,59.29584454731523,0.6
5.949,1,59.286460610647595,0.88
5.95,1,59.29550687075069,0.88
5.9510000000000005,1,59.3045485564124,0.88
5.952,1,59.31358566994588,0.88
5.953,1,59.32261821366315,0.88
5.954,1,59.331646189875016,0.88
5.955,1,59.34066960089116,0.88
5.956,1,59.349688449020064,0.88
5.957,1,59.35870273656904,0.88
5.958,1,59.36771246584428,0.88
5.9590000000000005,1,59.37671763915074,0.88
5.96,1,59.38571825879226,0.88
5.961,1,59.394714327071505,0.88
5.962,1,59.40370584628997,0.88
5.963,1,59.412692818747985,0.88
5.964,1,59.42167524674472,0.88
5.965,1,59.430653132578186,0.88
5.966,1,59.423352496784524,0.6
5.9670000000000005,1,59.40847384422008,0.6
5.968,1,59.393602715375216,0.6
5.969,1,59.37873910644535,0.6
5.97,1,59.36388301362793,0.6
5.971,1,59.3490344331222,0.6
5.972,1,59.33419336112944,0.6
5.973,1,59.31935979385279,0.6
5.974,1,59.304533727497315,0.6
5.9750000000000005,1,59.28971515827003,0.6
5.976,1,59.274904082379834,0.6
5.977,1,59.26010049603755,0.6
5.978,1,59.24530439545595,0.6
5.979,1,59.23051577684966,0.6
5.98,1,59.21573463643526,0.6
5.981,1,59.200960970431254,0.6
5.982,1,59.18619477505803,0.6
5.9830000000000005,1,59.171436046537885,0.6
5.984,1,59.15668478109507,0.6
5.985,1,59.141940974955695,0.6
5.986,1,59.12720462434781,0.6
5.987,1,59.11247572550134,0.6
5.988,1,59.09775427464815,0.6
5.989,1,59.08304026802201,0.6
5.99,1,59.06833370185856,0.6
5.9910000000000005,1,59.053634572395374,0.6
5.992,1,59.03894287587194,0.6
5.993,1,59.024258608529586,0.6
5.994,1,59.009581766611625,0.6
5.995,1,58.99491234636319,0.6
5.996,1,58.980250344031376,0.6
5.997,1,58.965595755865145,0.6
5.998,1,58.950948578115344,0.6
5.9990000000000006,1,58.93630880703475,0.6
6.0,1,58.92167643887802,0.6
6.001,1,58.90705146990168,0.6
6.002,1,58.892433896364196,0.6
6.003,1,58.87782371452588,0.6
6.0040000000000004,1,58.86322092064896,0.6
6.005,1,58.84862551099758,0.6
6.006,1,58.8340374818377,0.6
6.007000000000001,1,58.819456829437215,0.6
6.008,1,58.804883550065945,0.6
6.009,1,58.79031763999551,0.6
6.01,1,58.775759095499495,0.6
6.011,1,58.761207912853294,0.6
6.0120000000000005,1,58.746664088334256,0.6
6.013,1,58.73212761822158,0.6
6.014,1,58.71759849879634,0.6
6.015000000000001,1,58.70307672634149,0.6
6.016,1,58.68856229714191,0.6
6.017,1,58.674055207484265,0.6
6.018,1,58.6595554536572,0.6
6.019,1,58.64506303195115,0.6
6.0200000000000005,1,58.63057793865849,0.6
6.021,1,58.616100170073466,0.6
6.022,1,58.601998694490874,0.88
6.023,1,58.61139106789173,0.88
6.024,1,58.620778691831354,0.88
6.025,1,58.63016156871143,0.88
6.026,1,58.639539700932396,0.88
6.027,1,58.64891309089351,0.88
6.0280000000000005,1,58.65828174099279,0.88
6.029,1,58.667645653627055,0.88
6.03,1,58.677004831191915,0.88
6.031,1,58.686359276081745,0.88
6.032,1,58.69570899068975,0.88
6.033,1,58.7050539774079,0.88
6.034,1,58.71439423862692,0.88
6.035,1,58.72372977673641,0.88
6.0360000000000005,1,58.733060594124694,0.88
6.037,1,58.7423866931789,0.88
6.038,1,58.751708076284984,0.88
6.039,1,58.76102474582764,0.88
6.04,1,58.77033670419041,0.88
6.041,1,58.779643953755595,0.88
6.042,1,58.78894649690429,0.88
6.043,1,58.798244336016424,0.88
6.0440000000000005,1,58.80753747347068,0.88
6.045,1,58.81682591164456,0.88
6.046,1,58.826109652914354,0.88
6.047,1,58.83538869965516,0.88
6.048,1,58.84466305424088,0.88
6.049,1,58.853932719044195,0.88
6.05,1,58.863197696436586,0.88
6.051,1,58.872457988788376,0.88
6.0520000000000005,1,58.881713598468636,0.88
6.053,1,58.89096452784526,0.88
6.054,1,58.90021077928497,0.88
6.055,1,58.909452355153235,0.88
6.056,1,58.91868925781439,0.88
6.057,1,58.927921489631544,0.88
6.058,1,58.93714905296659,0.88
6.059,1,58.946371950180264,0.88
6.0600000000000005,1,58.9555901836321,0.88
6.061,1,58.964803755680414,0.88
6.062,1,58.97401266868236,0.88
6.063,1,58.98321692499389,0.88
6.064,1,58.99241652696976,0.88
6.065,1,59.00161147696353,0.88
6.066,1,59.010801777327586,0.88
6.067,1,59.019987430413124,0.88
6.0680000000000005,1,59.029168438570125,0.88
6.069,1,59.0383448041474,0.88
6.07,1,59.04751652949259,0.88
6.071,1,59.056683616952114,0.88
6.072,1,59.06584606887124,0.88
6.073,1,59.07500388759401,0.88
6.074,1,59.08415707546331,0.88
6.075,1,59.09330563482084,0.88
6.0760000000000005,1,59.1024495680071,0.88
6.077,1,59.11158887736141,0.88
6.078,1,59.12072356522194,0.88
6.079,1,59.12985363392562,0.88
6.08,1,59.13897908580826,0.88
6.081,1,59.14809992320443,0.88
6.082,1,59.15684717644881,0.6
6.083,1,59.142103288190626,0.6
6.0840000000000005,1,59.12736685550546,0.6
6.085,1,59.11263787462323,0.6
6.086,1,59.09791634177576,0.6
6.087,1,59.08320225319679,0.6
6.088,1,59.06849560512195,0.6
6.089,1,59.0537963937888,0.6
6.09,1,59.0391046154368,0.6
6.091,1,59.02442026630726,0.6
6.0920000000000005,1,59.00974334264346,0.6
6.093,1,58.99507384069055,0.6
6.094,1,58.98041175669555,0.6
6.095,1,58.965757086907445,0.6
6.096,1,58.951109827577035,0.6
6.097,1,58.93646997495709,0.6
6.098,1,58.92183752530224,0.6
6.099,1,58.907212474868984,0.6
6.1000000000000005,1,58.89259481991577,0.6
6.101,1,58.87798455670291,0.6
6.102,1,58.8633816814926,0.6
6.103,1,58.848786190548935,0.6
6.104,1,58.83419808013788,0.6
6.105,1,58.81961734652732,0.6
6.106,1,58.80504398598704,0.6
6.107,1,58.79047799478863,0.6
6.1080000000000005,1,58.77591936920565,0.6
6.109,1,58.76136810551353,0.6
6.11,1,58.74682419998953,0.6
6.111,1,58.732287648912866,0.6
6.112,1,58.71775844856457,0.6
6.113,1,58.70323659522758,0.6
6.114,1,58.688722085186754,0.6
6.115,1,58.67421491472876,0.6
6.1160000000000005,1,58.65971508014218,0.6
6.117,1,58.64522257771749,0.6
6.118,1,58.63073740374699,0.6
6.119,1,58.6162595545249,0.6
6.12,1,58.601789026347305,0.6
6.121,1,58.587325815512145,0.6
6.122,1,58.58914390007995,0.88
6.123,1,58.59854277379175,0.88
6.1240000000000006,1,58.607936894755305,0.88
6.125,1,58.617326265373926,0.88
6.126,1,58.62671088804976,0.88
6.127,1,58.63609076518367,0.88
6.128,1,58.645465899175385,0.88
6.1290000000000004,1,58.65483629242336,0.88
6.13,1,58.664201947324855,0.88
6.131,1,58.67356286627593,0.88
6.132000000000001,1,58.68291905167141,0.88
6.133,1,58.69227050590493,0.88
6.134,1,58.70161723136891,0.88
6.135,1,58.71095923045454,0.88
6.136,1,58.72029650555184,0.88
6.1370000000000005,1,58.729629059049586,0.88
6.138,1,58.73895689333536,0.88
6.139,1,58.74828001079555,0.88
6.140000000000001,1,58.7575984138153,0.88
6.141,1,58.766912104778584,0.88
6.142,1,58.77622108606816,0.88
6.143,1,58.78552536006556,0.88
6.144,1,58.79482492915116,0.88
6.1450000000000005,1,58.80411979570409,0.88
6.146,1,58.81340996210227,0.88
6.147,1,58.82269543072247,0.88
6.148,1,58.8319762039402,0.88
6.149,1,58.84125228412981,0.88
6.15,1,58.85052367366442,0.88
6.151,1,58.85979037491597,0.88
6.152,1,58.8690523902552,0.88
6.1530000000000005,1,58.87830972205164,0.88
6.154,1,58.887562372673614,0.88
6.155,1,58.89681034448829,0.88
6.156,1,58.906053639861575,0.88
6.157,1,58.91529226115825,0.88
6.158,1,58.9169270239922,0.6
6.159,1,58.90230445666249,0.6
6.16,1,58.88768928355718,0.6
6.1610000000000005,1,58.873081500937204,0.6
6.162,1,58.85848110506542,0.6
6.163,1,58.84388809220655,0.6
6.164,1,58.82930245862721,0.6
6.165,1,58.81472420059588,0.6
6.166,1,58.80015331438298,0.6
6.167,1,58.785589796260794,0.6
6.168,1,58.771033642503454,0.6
6.1690000000000005,1,58.75648484938702,0.6
6.17,1,58.741943413189446,0.6
6.171,1,58.7274093301905,0.6
6.172,1,58.7128825966719,0.6
6.173,1,58.698363208917215,0.6
6.174,1,58.683851163211884,0.6
6.175,1,58.66934645584327,0.6
6.176,1,58.654849083100544,0.6
6.1770000000000005,1,58.640359041274806,0.6
6.178,1,58.625876326659025,0.6
6.179,1,58.61140093554801,0.6
6.18,1,58.59693286423851,0.6
6.181,1,58.582472109029055,0.6
6.182,1,58.568018666220134,0.6
6.183,1,58.55357253211406,0.6
6.184,1,58.539133703015025,0.6
6.1850000000000005,1,58.52470217522908,0.6
6.186,1,58.51027794506419,0.6
6.187,1,58.495861008830104,0.6
6.188,1,58.48145136283853,0.6
6.189,1,58.46704900340295,0.6
6.19,1,58.45265392683878,0.6
6.191,1,58.43826612946329,0.6
6.192,1,58.423885607595565,0.6
6.1930000000000005,1,58.40951235755661,0.6
6.194,1,58.395146375669256,0.6
6.195,1,58.380787658258186,0.6
6.196,1,58.36643620164999,0.6
6.197,1,58.35209200217305,0.6
6.198,1,58.361256815051846,0.88
6.199,1,58.370770924905564,0.88
6.2,1,58.38028022373934,0.88
6.2010000000000005,1,58.38978471398596,0.88
6.202,1,58.399284398076986,0.88
6.203,1,58.40877927844278,0.88
6.204,1,58.418269357512415,0.88
6.205,1,58.427754637713804,0.88
6.206,1,58.43723512147359,0.88
6.207,1,58.44671081121719,0.88
6.208,1,58.45618170936882,0.88
6.2090000000000005,1,58.46564781835146,0.88
6.21,1,58.475109140586824,0.88
6.211,1,58.48456567849547,0.88
6.212,1,58.49401743449668,0.88
6.213,1,58.50346441100855,0.88
6.214,1,58.51290661044793,0.88
6.215,1,58.52234403523043,0.88
6.216,1,58.53177668777049,0.88
6.2170000000000005,1,58.541204570481284,0.88
6.218,1,58.55062768577477,0.88
6.219,1,58.56004603606173,0.88
6.22,1,58.56945962375166,0.88
6.221,1,58.5788684512529,0.88
6.222,1,58.588272520972545,0.88
6.223,1,58.59767183531645,0.88
6.224,1,58.60706639668929,0.88
6.2250000000000005,1,58.61645620749451,0.88
6.226,1,58.62584127013432,0.88
6.227,1,58.635221587009774,0.88
6.228,1,58.64459716052063,0.88
6.229,1,58.653967993065514,0.88
6.23,1,58.663334087041775,0.88
6.231,1,58.67269544484558,0.88
6.232,1,58.68205206887188,0.88
6.2330000000000005,1,58.691403961514425,0.88
6.234,1,58.685922831775,0.6
6.235,1,58.67141707682137,0.6
6.236,1,58.65691865702338,0.6
6.237,1,58.64242756867184,0.6
6.238,1,58.62794380805945,0.6
6.239,1,58.61346737148078,0.6
6.24,1,58.59899825523225,0.6
6.2410000000000005,1,58.584536455612195,0.6
6.242,1,58.5700819689208,0.6
6.243,1,58.5556347914601,0.6
6.244,1,58.54119491953405,0.6
6.245,1,58.52676234944842,0.6
6.246,1,58.512337077510864,0.6
6.247,1,58.49791910003096,0.6
6.248,1,58.48350841332005,0.6
6.2490000000000006,1,58.46910501369143,0.6
6.25,1,58.454708897460236,0.6
6.251,1,58.44032006094341,0.6
6.252,1,58.42593850045984,0.6
6.253,1,58.41156421233023,0.6
6.2540000000000004,1,58.397197192877144,0.6
6.255,1,58.382837438425035,0.6
6.256,1,58.368484945300175,0.6
6.257000000000001,1,58.35413970983072,0.6
6.258,1,58.34826846639811,0.88
6.259,1,58.35778914409744,0.88
6.26,1,58.36730500745564,0.88
6.261,1,58.37681605890718,0.88
6.2620000000000005,1,58.38632230088533,0.88
6.263,1,58.39582373582208,0.88
6.264,1,58.40532036614823,0.88
6.265000000000001,1,58.41481219429333,0.88
6.266,1,58.42429922268572,0.88
6.267,1,58.433781453752495,0.88
6.268,1,58.44325888991952,0.88
6.269,1,58.452731533611455,0.88
6.2700000000000005,1,58.46219938725173,0.88
6.271,1,58.47166245326251,0.88
6.272,1,58.48112073406479,0.88
6.273,1,58.4905742320783,0.88
6.274,1,58.50002294972159,0.88
6.275,1,58.50946688941194,0.88
6.276,1,58.518906053565416,0.88
6.277,1,58.52834044459689,0.88
6.2780000000000005,1,58.53777006492001,0.88
6.279,1,58.54719491694715,0.88
6.28,1,58.55661500308955,0.88
6.281,1,58.56603032575715,0.88
6.282,1,58.575440887358724,0.88
6.283,1,58.584846690301816,0.88
6.284,1,58.59424773699272,0.88
6.285,1,58.603644029836566,0.88
6.2860000000000005,1,58.61303557123723,0.88
6.287,1,58.622422363597394,0.88
6.288,1,58.631804409318505,0.88
6.289,1,58.6411817108008,0.88
6.29,1,58.65055427044333,0.88
6.291,1,58.659922090643896,0.88
6.292,1,58.669285173799096,0.88
6.293,1,58.67864352230434,0.88
6.2940000000000005,1,58.6879971385538,0.88
6.295,1,58.69734602494043,0.88
6.296,1,58.70669018385602,0.88
6.297,1,58.71602961769109,0.88
6.298,1,58.725364328835006,0.88
6.299,1,58.73469431967589,0.88
6.3,1,58.744019592600665,0.88
6.301,1,58.753340149995054,0.88
6.3020000000000005,1,58.762655994243566,0.88
6.303,1,58.77196712772951,0.88
6.304,1,58.78127355283499,0.88
6.305,1,58.79057527194089,0.88
6.306,1,58.799872287426915,0.88
6.307,1,58.809164601671554,0.88
6.308,1,58.81845221705209,0.88
6.309,1,58.827735135944614,0.88
6.3100000000000005,1,58.837013360724,0.88
6.311,1,58.84628689376393,0.88
6.312,1,58.8555557374369,0.88
6.313,1,58.86481989411416,0.88
6.314,1,58.87407936616584,0.88
6.315,1,58.88333415596078,0.88
6.316,1,58.892584265866695,0.88
6.317,1,58.90182969825007,0.88
6.3180000000000005,1,58.90260371742474,0.6
6.319,1,58.887988392991616,0.6
6.32,1,58.87338045912034,0.6
6.321,1,58.85877991207376,0.6
6.322,1,58.8441867481165,0.6
6.323,1,58.82960096351519,0.6
6.324,1,58.81502255453829,0.6
6.325,1,58.80045151745612,0.6
6.3260000000000005,1,58.785887848540945,0.6
6.327,1,58.771331544066896,0.6
6.328,1,58.75678260030995,0.6
6.329,1,58.74224101354803,0.6
6.33,1,58.727706780060885,0.6
6.331,1,58.71317989613018,0.6
6.332,1,58.69866035803946,0.6
6.333,1,58.68414816207411,0.6
6.3340000000000005,1,58.669643304521436,0.6
6.335,1,58.655145781670626,0.6
6.336,1,58.640655589812695,0.6
6.337,1,58.62617272524059,0.6
6.338,1,58.61169718424909,0.6
6.339,1,58.59722896313487,0.6
6.34,1,58.58276805819648,0.6
6.341,1,58.56831446573432,0.6
6.3420000000000005,1,58.555972506658364,0.88
6.343,1,58.56538815421848,0.88
6.344,1,58.5747990405483,0.88
6.345,1,58.584205168055405,0.88
6.346,1,58.59360653914622,0.88
6.347,1,58.60300315622594,0.88
6.348,1,58.612395021698504,0.88
6.349,1,58.621782137966704,0.88
6.3500000000000005,1,58.631164507432054,0.88
6.351,1,58.640542132494886,0.88
6.352,1,58.64991501555432,0.88
6.353,1,58.65928315900825,0.88
6.354,1,58.66864656525336,0.88
6.355,1,58.67800523668513,0.88
6.356,1,58.687359175697814,0.88
6.357,1,58.69670838468448,0.88
6.3580000000000005,1,58.706052866036956,0.88
6.359,1,58.71539262214587,0.88
6.36,1,58.72472765540067,0.88
6.361,1,58.73405796818953,0.88
6.362,1,58.74338356289951,0.88
6.363,1,58.75270444191638,0.88
6.364,1,58.762020607624734,0.88
6.365,1,58.771332062407964,0.88
6.3660000000000005,1,58.78063880864826,0.88
6.367,1,58.789940848726594,0.88
6.368,1,58.799238185022745,0.88
6.369,1,58.808530819915276,0.88
6.37,1,58.81781875578157,0.88
6.371,1,58.82710199499779,0.88
6.372,1,58.83638053993889,0.88
6.373,1,58.845654392978645,0.88
6.3740000000000006,1,58.85492355648961,0.88
6.375,1,58.86418803284315,0.88
6.376,1,58.87344782440944,0.88
6.377,1,58.88270293355743,0.88
6.378,1,58.89195336265491,0.88
6.3790000000000004,1,58.90119911406843,0.88
6.38,1,58.91044019016337,0.88
6.381,1,58.919676593303926,0.88
6.382000000000001,1,58.92890832585306,0.88
6.383,1,58.93813539017255,0.88
6.384,1,58.94735778862302,0.88
6.385,1,58.95657552356384,0.88
6.386,1,58.96578859735325,0.88
6.3870000000000005,1,58.97499701234824,0.88
6.388,1,58.984200770904636,0.88
6.389,1,58.99339987537707,0.88
6.390000000000001,1,59.00259432811899,0.88
6.391,1,59.01178413148263,0.88
6.392,1,59.02096928781907,0.88
6.393,1,59.03014979947817,0.88
6.394,1,59.039325668808615,0.88
6.3950000000000005,1,59.04849689815791,0.88
6.396,1,59.05766348987234,0.88
6.397,1,59.06682544629706,0.88
6.398000000000001,1,59.07598276977599,0.88
6.399,1,59.08513546265187,0.88
6.4,1,59.09428352726629,0.88
6.401,1,59.10342696595961,0.88
6.402,1,59.11100988515555,0.8
6.4030000000000005,1,59.111459334680276,0.8
6.404,1,59.111908556930906,0.8
6.405,1,59.11235755202238,0.8
6.406,1,59.11280632006956,0.8
6.407,1,59.11325486118726,0.8
6.408,1,59.11370317549023,0.8
6.409,1,59.114151263093156,0.8
6.41,1,59.11459912411068,0.8
6.4110000000000005,1,59.115046758657385,0.8
6.412,1,59.11549416684779,0.8
6.413,1,59.11594134879635,0.8
6.414,1,59.11638830461747,0.8
6.415,1,59.11839093034101,0.88
6.416,1,59.1275221785931,0.88
6.417,1,59.13664880942764,0.88
6.418,1,59.14577082517958,0.88
6.4190000000000005,1,59.15488822818261,0.88
6.42,1,59.16400102076926,0.88
6.421,1,59.17310920527092,0.88
6.422,1,59.182212784017736,0.88
6.423,1,59.19131175933874,0.88
6.424,1,59.20040613356174,0.88
6.425,1,59.209495909013384,0.88
6.426,1,59.21858108801914,0.88
6.4270000000000005,1,59.227661672903324,0.88
6.428,1,59.23673766598901,0.88
6.429,1,59.24580906959819,0.88
6.43,1,59.2548758860516,0.88
6.431,1,59.26393811766886,0.88
6.432,1,59.27299576676838,0.88
6.433,1,59.28204883566742,0.88
6.434,1,59.29109732668205,0.88
6.4350000000000005,1,59.30014124212719,0.88
6.436,1,59.309180584316564,0.88
6.437,1,59.31821535556276,0.88
6.438,1,59.32724555817715,0.88
6.439,1,59.33155670143951,0.8
6.44,1,59.33189462659145,0.8
6.441,1,59.33223238086406,0.8
6.442,1,59.33256996434376,0.8
6.4430000000000005,1,59.33290737711691,0.8
6.444,1,59.333244619269834,0.8
6.445,1,59.33358169088881,0.8
6.446,1,59.33391859206007,0.8
6.447,1,59.33425532286981,0.8
6.448,1,59.334591883404165,0.8
6.449,1,59.33492827374925,0.8
6.45,1,59.33526449399112,0.8
6.4510000000000005,1,59.335600544215794,0.8
6.452,1,59.32770208528494,0.6
6.453,1,59.31287180046541,0.6
6.454,1,59.29804901490722,0.6
6.455,1,59.283233724818196,0.6
6.456,1,59.268425926408085,0.6
6.457,1,59.25362561588858,0.6
6.458,1,59.238832789473236,0.6
6.4590000000000005,1,59.224047443377565,0.6
6.46,1,59.20926957381898,0.6
6.461,1,59.19449917701678,0.6
6.462,1,59.179736249192246,0.6
6.463,1,59.16498078656847,0.6
6.464,1,59.15023278537055,0.6
6.465,1,59.13549224182543,0.6
6.466,1,59.120759152161995,0.6
6.4670000000000005,1,59.106033512611006,0.6
6.468,1,59.09131531940518,0.6
6.469,1,59.07660456877908,0.6
6.47,1,59.06190125696922,0.6
6.471,1,59.04720538021398,0.6
6.472,1,59.03251693475367,0.6
6.473,1,59.01783591683051,0.6
6.474,1,59.00316232268856,0.6
6.4750000000000005,1,58.988496148573844,0.6
6.476,1,58.97383739073429,0.6
6.477,1,58.959186045419635,0.6
6.478,1,58.94454210888162,0.6
6.479,1,58.9299055773738,0.6
6.48,1,58.91527644715168,0.6
6.481,1,58.900654714472644,0.6
6.482,1,58.88604037559593,0.6
6.4830000000000005,1,58.871433426782716,0.6
6.484,1,58.856833864296064,0.6
6.485,1,58.84224168440089,0.6
6.486,1,58.82765688336406,0.6
6.487,1,58.813079457454236,0.6
6.488,1,58.79850940294207,0.6
6.489,1,58.78394671610003,0.6
6.49,1,58.7693913932025,0.6
6.4910000000000005,1,58.759839867628216,0.88
6.492,1,58.76915242515083,0.88
6.493,1,58.77846027357289,0.88
6.494,1,58.787763415275634,0.88
6.495,1,58.797061852639146,0.88
6.496,1,58.80635558804226,0.88
6.497,1,58.815644623862624,0.88
6.498,1,58.824928962476704,0.88
6.4990000000000006,1,58.834208606259736,0.88
6.5,1,58.843483557585756,0.88
6.501,1,58.85275381882763,0.88
6.502,1,58.862019392356984,0.88
6.503,1,58.87128028054427,0.88
6.5040000000000004,1,58.88053648575874,0.88
6.505,1,58.88978801036842,0.88
6.506,1,58.8990348567402,0.88
6.507000000000001,1,58.908277027239706,0.88
6.508,1,58.901674244328376,0.6
6.509,1,58.887059389903854,0.6
6.51,1,58.872451925803546,0.6
6.511,1,58.85785184829034,0.6
6.5120000000000005,1,58.84325915362906,0.6
6.513,1,58.82867383808642,0.6
6.514,1,58.81409589793096,0.6
6.515000000000001,1,58.799525329433195,0.6
6.516,1,58.78496212886547,0.6
6.517,1,58.77040629250203,0.6
6.518,1,58.75585781661901,0.6
6.519,1,58.7413166974944,0.6
6.5200000000000005,1,58.726782931408096,0.6
6.521,1,58.71225651464189,0.6
6.522,1,58.69773744347941,0.6
6.523000000000001,1,58.683225714206216,0.6
6.524,1,58.66872132310971,0.6
6.525,1,58.65422426647917,0.6
6.526,1,58.63973454060578,0.6
6.527,1,58.62525214178255,0.6
6.5280000000000005,1,58.61077706630442,0.6
6.529,1,58.59630931046819,0.6
6.53,1,58.581848870572486,0.6
6.531,1,58.56739574291788,0.6
6.532,1,58.552949923806736,0.6
6.533,1,58.53851140954335,0.6
6.534,1,58.52408019643387,0.6
6.535,1,58.50965628078629,0.6
6.5360000000000005,1,58.49523965891049,0.6
6.537,1,58.48083032711823,0.6
6.538,1,58.4664282817231,0.6
6.539,1,58.452033519040576,0.6
6.54,1,58.43764603538799,0.6
6.541,1,58.42326582708455,0.6
6.542,1,58.40889289045131,0.6
6.543,1,58.39452722181119,0.6
6.5440000000000005,1,58.38016881748895,0.6
6.545,1,58.36581767381127,0.6
6.546,1,58.3514737871066,0.6
6.547,1,58.33713715370533,0.6
6.548,1,58.32280776993963,0.6
6.549,1,58.30848563214358,0.6
6.55,1,58.2941707366531,0.6
6.551,1,58.27986307980595,0.6
6.5520000000000005,1,58.26556265794174,0.6
6.553,1,58.25126946740198,0.6
6.554,1,58.236983504529945,0.6
6.555,1,58.22270476567083,0.6
6.556,1,58.20843324717164,0.6
6.557,1,58.19416894538124,0.6
6.558,1,58.17991185665038,0.6
6.559,1,58.16566197733155,0.6
6.5600000000000005,1,58.15141930377921,0.6
6.561,1,58.13718383234958,0.6
6.562,1,58.12295555940074,0.6
6.563,1,58.10873448129264,0.6
6.564,1,58.09452059438702,0.6
6.565,1,58.080313895047524,0.6
6.566,1,58.066114379639586,0.6
6.567,1,58.051922044530485,0.6
6.5680000000000005,1,58.03773688608935,0.6
6.569,1,58.02355890068715,0.6
6.57,1,58.00938808469665,0.6
6.571,1,57.99675031532341,0.88
6.572,1,58.00644874594606,0.88
6.573,1,58.016142272342876,0.88
6.574,1,58.02583089699379,0.88
6.575,1,58.03551462237749,0.88
6.5760000000000005,1,58.0451934509714,0.88
6.577,1,58.05486738525167,0.88
6.578,1,58.064536427693234,0.88
6.579,1,58.074200580769755,0.88
6.58,1,58.08385984695366,0.88
6.581,1,58.093514228716096,0.88
6.582,1,58.10316372852698,0.88
6.583,1,58.112808348855,0.88
6.5840000000000005,1,58.12244809216755,0.88
6.585,1,58.13208296093081,0.88
6.586,1,58.141712957609705,0.88
6.587,1,58.151338084667906,0.88
6.588,1,58.16095834456786,0.88
6.589,1,58.17057373977074,0.88
6.59,1,58.180184272736476,0.88
6.591,1,58.18978994592379,0.88
6.5920000000000005,1,58.19939076179013,0.88
6.593,1,58.20898672279169,0.88
6.594,1,58.21857783138347,0.88
6.595,1,58.22816409001916,0.88
6.596,1,58.237745501151295,0.88
6.597,1,58.24732206723108,0.88
6.598,1,58.256893790708546,0.88
6.599,1,58.266460674032444,0.88
6.6000000000000005,1,58.27602271965033,0.88
6.601,1,58.285579930008474,0.88
6.602,1,58.29513230755195,0.88
6.603,1,58.304679854724554,0.88
6.604,1,58.31422257396889,0.88
6.605,1,58.32376046772631,0.88
6.606,1,58.333293538436905,0.88
6.607,1,58.34282178853958,0.88
6.6080000000000005,1,58.352345220471975,0.88
6.609,1,58.36186383667048,0.88
6.61,1,58.37137763957031,0.88
6.611,1,58.3808866316054,0.88
6.612,1,58.39039081520848,0.88
6.613,1,58.399890192811036,0.88
6.614,1,58.40938476684332,0.88
6.615,1,58.41887453973437,0.88
6.6160000000000005,1,58.428359513911985,0.88
6.617,1,58.43783969180274,0.88
6.618,1,58.447315075832,0.88
6.619,1,58.45678566842387,0.88
6.62,1,58.46625147200125,0.88
6.621,1,58.47571248898582,0.88
6.622,1,58.485168721798004,0.88
6.623,1,58.49462017285705,0.88
6.6240000000000006,1,58.50406684458095,0.88
6.625,1,58.51350873938645,0.88
6.626,1,58.52294585968916,0.88
6.627,1,58.53237820790336,0.88
6.628,1,58.54180578644221,0.88
6.6290000000000004,1,58.55122859771757,0.88
6.63,1,58.56064664414011,0.88
6.631,1,58.570059928119306,0.88
6.632000000000001,1,58.579468452063374,0.88
6.633,1,58.58887221837933,0.88
6.634,1,58.598271229472985,0.88
6.635,1,58.60766548774892,0.88
6.636,1,58.6170549956105,0.88
6.6370000000000005,1,58.62643975545988,0.88
6.638,1,58.63581976969799,0.88
6.639,1,58.64519504072456,0.88
6.640000000000001,1,58.65456557093809,0.88
6.641,1,58.66393136273589,0.88
6.642,1,58.67329241851404,0.88
6.643,1,58.6826487406674,0.88
6.644,1,58.69200033158967,0.88
6.6450000000000005,1,58.70134719367326,0.88
6.646,1,58.71068932930942,0.88
6.647,1,58.7200267408882,0.88
6.648000000000001,1,58.72935943079842,0.88
6.649,1,58.738687401427676,0.88
6.65,1,58.7480106551624,0.88
6.651,1,58.75732919438778,0.88
6.652,1,58.76664302148782,0.88
6.6530000000000005,1,58.77595213884531,0.88
6.654,1,58.78525654884183,0.88
6.655,1,58.79455625385776,0.88
6.656000000000001,1,58.80385125627228,0.88
6.657,1,58.81314155846337,0.88
6.658,1,58.8224271628078,0.88
6.659,1,58.83170807168113,0.88
6.66,1,58.840984287457744,0.88
6.6610000000000005,1,58.850255812510795,0.88
6.662,1,58.85952264921226,0.88
6.663,1,58.86878479993291,0.88
6.664,1,58.878042267042304,0.88
6.665,1,58.887295052908826,0.88
6.666,1,58.89654315989964,0.88
6.667,1,58.90578659038073,0.88
6.668,1,58.915025346716874,0.88
6.6690000000000005,1,58.92425943127166,0.88
6.67,1,58.93348884640746,0.88
6.671,1,58.9427135944855,0.88
6.672,1,58.95193367786574,0.88
6.673,1,58.961149098907036,0.88
6.674,1,58.97035985996697,0.88
6.675,1,58.97956596340197,0.88
6.676,1,58.98876741156727,0.88
6.6770000000000005,1,58.99796420681692,0.88
6.678,1,59.00715635150374,0.88
6.679,1,59.016343847979414,0.88
6.68,1,59.025526698594405,0.88
6.681,1,59.03470490569802,0.88
6.682,1,59.043878471638315,0.88
6.683,1,59.05304739876221,0.88
6.684,1,59.062211689415435,0.88
6.6850000000000005,1,59.07137134594252,0.88
6.686,1,59.0805263706868,0.88
6.687,1,59.08967676599045,0.88
6.688,1,59.09882253419445,0.88
6.689,1,59.107963677638594,0.88
6.69,1,59.11710019866149,0.88
6.691,1,59.12623209960057,0.88
6.692,1,59.13535938279209,0.88
6.6930000000000005,1,59.1444820505711,0.88
6.694,1,59.153600105271494,0.88
6.695,1,59.162713549225984,0.88
6.696,1,59.171822384766074,0.88
6.697,1,59.18092661422213,0.88
6.698,1,59.19002623992333,0.88
6.699,1,59.19912126419763,0.88
6.7,1,59.208211689371865,0.88
6.7010000000000005,1,59.217297517771684,0.88
6.702,1,59.22637875172151,0.88
6.703,1,59.23545539354467,0.88
6.704,1,59.24452744556324,0.88
6.705,1,59.25359491009819,0.88
6.706,1,59.26265778946925,0.88
6.707,1,59.271716085995024,0.88
6.708,1,59.28076980199293,0.88
6.7090000000000005,1,59.289818939779224,0.88
6.71,1,59.29886350166895,0.88
6.711,1,59.30790348997604,0.88
6.712,1,59.3169389070132,0.88
6.713,1,59.325969755092025,0.88
6.714,1,59.334996036522895,0.88
6.715,1,59.34401775361502,0.88
6.716,1,59.35303490867649,0.88
6.7170000000000005,1,59.34750835361546,0.6
6.718,1,59.33266805331854,0.6
6.719,1,59.3178352573475,0.6
6.72,1,59.30300996190763,0.6
6.721,1,59.288192163206084,0.6
6.722,1,59.27338185745201,0.6
6.723,1,59.25857904085642,0.6
6.724,1,59.24378370963224,0.6
6.7250000000000005,1,59.22899585999435,0.6
6.726,1,59.21421548815952,0.6
6.727,1,59.19944259034641,0.6
6.728,1,59.18467716277564,0.6
6.729,1,59.1699192016697,0.6
6.73,1,59.15516870325301,0.6
6.731,1,59.14042566375192,0.6
6.732,1,59.12569007939463,0.6
6.7330000000000005,1,59.110961946411294,0.6
6.734,1,59.09624126103398,0.6
6.735,1,59.0815280194966,0.6
6.736,1,59.06682221803506,0.6
6.737,1,59.05212385288708,0.6
6.738,1,59.037432920292346,0.6
6.739,1,59.02274941649242,0.6
6.74,1,59.008073337730764,0.6
6.7410000000000005,1,59.001582236309915,0.88
6.742,1,59.01077255146015,0.88
6.743,1,59.019958219324394,0.88
6.744,1,59.02913924225262,0.88
6.745,1,59.03831562259367,0.88
6.746,1,59.04748736269515,0.88
6.747,1,59.05665446490352,0.88
6.748,1,59.065816931564015,0.88
6.7490000000000006,1,59.074974765020706,0.88
6.75,1,59.08412796761648,0.88
6.751,1,59.09327654169303,0.88
6.752,1,59.10242048959087,0.88
6.753,1,59.111559813649336,0.88
6.7540000000000004,1,59.12069451620658,0.88
6.755,1,59.12982459959953,0.88
6.756,1,59.138950066164014,0.88
6.757000000000001,1,59.14807091823461,0.88
6.758,1,59.15718715814474,0.88
6.759,1,59.16629878822665,0.88
6.76,1,59.17540581081139,0.88
6.761,1,59.184508228228864,0.88
6.7620000000000005,1,59.19360604280776,0.88
6.763,1,59.202699256875604,0.88
6.764,1,59.211787872758755,0.88
6.765000000000001,1,59.220871892782384,0.88
6.766,1,59.229951319270484,0.88
6.767,1,59.23902615454589,0.88
6.768,1,59.24809640093023,0.88
6.769,1,59.257162060744,0.88
6.7700000000000005,1,59.26622313630649,0.88
6.771,1,59.275279629935824,0.88
6.772,1,59.284331543948966,0.88
6.773000000000001,1,59.293378880661706,0.88
6.774,1,59.30242164238863,0.88
6.775,1,59.311459831443216,0.88
6.776,1,59.320493450137704,0.88
6.777,1,59.32952250078323,0.88
6.7780000000000005,1,59.3385469856897,0.88
6.779,1,59.3475669071659,0.88
6.78,1,59.356582267519414,0.88
6.781000000000001,1,59.36175345567459,0.6
6.782,1,59.34690595202694,0.6
6.783,1,59.332065956347684,0.6
6.784,1,59.31723346484029,0.6
6.785,1,59.30240847371009,0.6
6.7860000000000005,1,59.28759097916435,0.6
6.787,1,59.27278097741228,0.6
6.788,1,59.25797846466496,0.6
6.789,1,59.24318343713543,0.6
6.79,1,59.22839589103859,0.6
6.791,1,59.21361582259131,0.6
6.792,1,59.198843228012365,0.6
6.793,1,59.184078103522396,0.6
6.7940000000000005,1,59.16932044534401,0.6
6.795,1,59.154570249701706,0.6
6.796,1,59.13982751282187,0.6
6.797,1,59.125092230932836,0.6
6.798,1,59.110364400264785,0.6
6.799,1,59.09564401704987,0.6
6.8,1,59.08093107752214,0.6
6.801,1,59.06622557791748,0.6
6.8020000000000005,1,59.05152751447377,0.6
6.803,1,59.03683688343074,0.6
6.804,1,59.02215368103002,0.6
6.805,1,59.00747790351518,0.6
6.806,1,58.99280954713163,0.6
6.807,1,58.97814860812672,0.6
6.808,1,58.963495082749716,0.6
6.809,1,58.948848967251706,0.6
6.8100000000000005,1,58.93421025788575,0.6
6.811,1,58.919578950906796,0.6
6.812,1,58.904955042571615,0.6
6.813,1,58.89033852913895,0.6
6.814,1,58.87572940686938,0.6
6.815,1,58.86112767202543,0.6
6.816,1,58.84653332087148,0.6
6.817,1,58.83194634967378,0.6
6.8180000000000005,1,58.81736675470051,0.6
6.819,1,58.802794532221725,0.6
6.82,1,58.78822967850934,0.6
6.821,1,58.7736721898372,0.6
6.822,1,58.759122062480984,0.6
6.823,1,58.74457929271829,0.6
6.824,1,58.73004387682861,0.6
6.825,1,58.71551581109326,0.6
6.8260000000000005,1,58.70099509179549,0.6
6.827,1,58.686481715220424,0.6
6.828,1,58.67197567765502,0.6
6.829,1,58.65747697538818,0.6
6.83,1,58.64298560471062,0.6
6.831,1,58.62850156191496,0.6
6.832,1,58.614024843295724,0.6
6.833,1,58.59955544514925,0.6
6.8340000000000005,1,58.585093363773794,0.6
6.835,1,58.57063859546948,0.6
6.836,1,58.55619113653826,0.6
6.837,1,58.541750983284025,0.6
6.838,1,58.52731813201246,0.6
6.839,1,58.512892579031174,0.6
6.84,1,58.49847432064965,0.6
6.841,1,58.48406335317917,0.6
6.8420000000000005,1,58.469659672932934,0.6
6.843,1,58.45526327622602,0.6
6.844,1,58.440874159375326,0.6
6.845,1,58.426492318699644,0.6
6.846,1,58.41211775051959,0.6
6.847,1,58.397750451157684,0.6
6.848,1,58.3833904169383,0.6
6.849,1,58.36903764418763,0.6
6.8500000000000005,1,58.35469212923376,0.6
6.851,1,58.34035386840665,0.6
6.852,1,58.32602285803806,0.6
6.853,1,58.31169909446166,0.6
6.854,1,58.297382574012914,0.6
6.855,1,58.283073293029204,0.6
6.856,1,58.268771247849735,0.6
6.857,1,58.25447643481554,0.6
6.8580000000000005,1,58.24018885026954,0.6
6.859,1,58.225908490556506,0.6
6.86,1,58.223427555581424,0.88
6.861,1,58.23301136184688,0.88
6.862,1,58.24259032184885,0.88
6.863,1,58.252164438037966,0.88
6.864,1,58.26173371286359,0.88
6.865,1,58.27129814877387,0.88
6.8660000000000005,1,58.28085774821572,0.88
6.867,1,58.29041251363479,0.88
6.868,1,58.29996244747553,0.88
6.869,1,58.30950755218112,0.88
6.87,1,58.319047830193526,0.88
6.871,1,58.32858328395346,0.88
6.872,1,58.33811391590043,0.88
6.873,1,58.347639728472686,0.88
6.8740000000000006,1,58.357160724107246,0.88
6.875,1,58.3666769052399,0.88
6.876,1,58.37618827430522,0.88
6.877,1,58.385694833736515,0.88
6.878,1,58.395196585965905,0.88
6.8790000000000004,1,58.40469353342424,0.88
6.88,1,58.414185678541166,0.88
6.881,1,58.423673023745096,0.88
6.882000000000001,1,58.4331555714632,0.88
6.883,1,58.442633324121445,0.88
6.884,1,58.45210628414456,0.88
6.885,1,58.46157445395603,0.88
6.886,1,58.47103783597816,0.88
6.8870000000000005,1,58.48049643263198,0.88
6.888,1,58.489950246337315,0.88
6.889,1,58.49939927951278,0.88
6.890000000000001,1,58.50884353457575,0.88
6.891,1,58.51828301394238,0.88
6.892,1,58.527717720027624,0.88
6.893,1,58.53714765524517,0.88
6.894,1,58.54657282200753,0.88
6.8950000000000005,1,58.55599322272599,0.88
6.896,1,58.565408859810574,0.88
6.897,1,58.57481973567015,0.88
6.898000000000001,1,58.58422585271231,0.88
6.899,1,58.59362721334347,0.88
6.9,1,58.60302381996881,0.88
6.901,1,58.612415674992306,0.88
6.902,1,58.62180278081671,0.88
6.9030000000000005,1,58.63118513984355,0.88
6.904,1,58.640562754473144,0.88
6.905,1,58.649935627104625,0.88
6.906000000000001,1,58.65930376013587,0.88
6.907,1,58.66866715596356,0.88
6.908,1,58.67802581698318,0.88
6.909,1,58.687379745588984,0.88
6.91,1,58.696728944174026,0.88
6.9110000000000005,1,58.706073415130135,0.88
6.912,1,58.715413160847945,0.88
6.913,1,58.7247481837169,0.88
6.914,1,58.73407848612517,0.88
6.915,1,58.743404070459796,0.88
6.916,1,58.752724939106564,0.88
6.917,1,58.762041094450055,0.88
6.918,1,58.77135253887368,0.88
6.9190000000000005,1,58.7806592747596,0.88
6.92,1,58.789961304488784,0.88
6.921,1,58.79925863044103,0.88
6.922,1,58.80855125499488,0.88
6.923,1,58.817839180527734,0.88
6.924,1,58.82712240941572,0.88
6.925,1,58.83640094403382,0.88
6.926,1,58.845674786755794,0.88
6.9270000000000005,1,58.8549439399542,0.88
6.928,1,58.86420840600039,0.88
6.929,1,58.873468187264535,0.88
6.93,1,58.882723286115606,0.88
6.931,1,58.891973704921355,0.88
6.932,1,58.901219446048366,0.88
6.933,1,58.91046051186199,0.88
6.934,1,58.91969690472642,0.88
6.9350000000000005,1,58.92892862700464,0.88
6.936,1,58.938155681058404,0.88
6.937,1,58.947378069248344,0.88
6.938,1,58.956595793933815,0.88
6.939,1,58.965808857473064,0.88
6.94,1,58.975017262223076,0.88
6.941,1,58.98422101053967,0.88
6.942,1,58.99342010477749,0.88
6.9430000000000005,1,59.002614547289966,0.88
6.944,1,59.011804340429336,0.88
6.945,1,59.020989486546675,0.88
6.946,1,59.03016998799183,0.88
6.947,1,59.03934584711351,0.88
6.948,1,59.0485170662592,0.88
6.949,1,59.05768364777519,0.88
6.95,1,59.06684559400662,0.88
6.9510000000000005,1,59.07600290729741,0.88
6.952,1,59.085155589990315,0.88
6.953,1,59.0943036444269,0.88
6.954,1,59.10344707294753,0.88
6.955,1,59.11258587789143,0.88
6.956,1,59.12172006159661,0.88
6.957,1,59.13084962639987,0.88
6.958,1,59.139974574636895,0.88
6.9590000000000005,1,59.14909490864214,0.88
6.96,1,59.158210630748876,0.88
6.961,1,59.167321743289236,0.88
6.962,1,59.17642824859414,0.88
6.963,1,59.18553014899335,0.88
6.964,1,59.19462744681542,0.88
6.965,1,59.203720144387745,0.88
6.966,1,59.212808244036566,0.88
6.9670000000000005,1,59.221891748086904,0.88
6.968,1,59.23097065886263,0.88
6.969,1,59.23042153038705,0.6
6.97,1,59.21564043763047,0.6
6.971,1,59.20086681926017,0.6
6.972,1,59.186100671496554,0.6
6.973,1,59.17134199056197,0.6
6.974,1,59.15659077268063,0.6
6.9750000000000005,1,59.141847014078685,0.6
6.976,1,59.1271107109842,0.6
6.977,1,59.11238185962709,0.6
6.978,1,59.097660456239275,0.6
6.979,1,59.08294649705447,0.6
6.98,1,59.068239978308384,0.6
6.981,1,59.053540896238594,0.6
6.982,1,59.03884924708456,0.6
6.9830000000000005,1,59.02416502708768,0.6
6.984,1,59.00948823249124,0.6
6.985,1,58.9948188595404,0.6
6.986,1,58.98015690448228,0.6
6.987,1,58.96550236356581,0.6
6.988,1,58.95085523304189,0.6
6.989,1,58.93621550916331,0.6
6.99,1,58.9215831881847,0.6
6.9910000000000005,1,58.906958266362636,0.6
6.992,1,58.892340739955586,0.6
6.993,1,58.8809917961071,0.88
6.994,1,58.890243090479046,0.88
6.995,1,58.8994897067295,0.88
6.996,1,58.90873164722406,0.88
6.997,1,58.917968914327105,0.88
6.998,1,58.92720151040186,0.88
6.9990000000000006,1,58.93642943781032,0.88
7.0,1,58.94565269891331,0.88
7.001,1,58.954871296070436,0.88
7.002,1,58.96408523164014,0.88
7.003,1,58.97329450797966,0.88
7.0040000000000004,1,58.982499127445024,0.88
7.005,1,58.99169909239108,0.88
7.006,1,59.00089440517151,0.88
7.007000000000001,1,59.01008506813878,0.88
7.008,1,59.01927108364414,0.88
7.009,1,59.02845245403772,0.88
7.01,1,59.03762918166841,0.88
7.011,1,59.04680126888392,0.88
7.0120000000000005,1,59.05596871803078,0.88
7.013,1,59.06513153145434,0.88
7.014,1,59.07428971149875,0.88
7.015000000000001,1,59.08344326050699,0.88
7.016,1,59.092592180820816,0.88
7.017,1,59.10173647478087,0.88
7.018,1,59.11087614472654,0.88
7.019,1,59.120011192996074,0.88
7.0200000000000005,1,59.129141621926536,0.88
7.021,1,59.13826743385376,0.88
7.022,1,59.14738863111248,0.88
7.023000000000001,1,59.15650521603617,0.88
7.024,1,59.16561719095718,0.88
7.025,1,59.17472455820665,0.88
7.026,1,59.18382732011455,0.88
7.027,1,59.19292547900969,0.88
7.0280000000000005,1,59.20201903721967,0.88
7.029,1,59.20518286250437,0.8
7.03,1,59.205584691381425,0.8
7.031000000000001,1,59.20598631706483,0.8
7.032,1,59.20638773965732,0.8
7.033,1,59.206788959261615,0.8
7.034,1,59.20718997598034,0.8
7.035,1,59.207590789916104,0.8
7.0360000000000005,1,59.207991401171434,0.8
7.037,1,59.20839180984883,0.8
7.038,1,59.20879201605073,0.8
7.039000000000001,1,59.20919201987952,0.8
7.04,1,59.20959182143752,0.8
7.041,1,59.20999142082703,0.8
7.042,1,59.21631595271684,0.88
7.043,1,59.225397683016745,0.88
7.0440000000000005,1,59.23447482093898,0.88
7.045,1,59.243547368805764,0.88
7.046,1,59.252615328938184,0.88
7.047,1,59.261678703656116,0.88
7.048,1,59.270737495278276,0.88
7.049,1,59.27979170612221,0.88
7.05,1,59.288841338504284,0.88
7.051,1,59.29788639473972,0.88
7.0520000000000005,1,59.30692687714252,0.88
7.053,1,59.31596278802556,0.88
7.054,1,59.304383348721785,0.6
7.055,1,59.28956485553686,0.6
7.056,1,59.27475385565056,0.6
7.057,1,59.25995034527374,0.6
7.058,1,59.24515432061919,0.6
7.059,1,59.230365777901554,0.6
7.0600000000000005,1,59.215584713337435,0.6
7.061,1,59.200811123145364,0.6
7.062,1,59.18604500354573,0.6
7.063,1,59.17128635076088,0.6
7.064,1,59.15653516101503,0.6
7.065,1,59.141791430534354,0.6
7.066,1,59.12705515554691,0.6
7.067,1,59.11232633228264,0.6
7.0680000000000005,1,59.09760495697344,0.6
7.069,1,59.08289102585308,0.6
7.07,1,59.06818453515723,0.6
7.071,1,59.06614515886341,0.88
7.072,1,59.07530282634471,0.88
7.073,1,59.08445586304903,0.88
7.074,1,59.093604271318,0.88
7.075,1,59.10274805349212,0.88
7.0760000000000005,1,59.11188721191066,0.88
7.077,1,59.121021748911716,0.88
7.078,1,59.130151666832234,0.88
7.079,1,59.139276968007934,0.88
7.08,1,59.14839765477339,0.88
7.081,1,59.15751372946197,0.88
7.082,1,59.16662519440587,0.88
7.083,1,59.175732051936116,0.88
7.0840000000000005,1,59.18483430438255,0.88
7.085,1,59.19393195407382,0.88
7.086,1,59.20302500333744,0.88
7.087,1,59.212113454499686,0.88
7.088,1,59.22119730988571,0.88
7.089,1,59.230276571819466,0.88
7.09,1,59.23935124262373,0.88
7.091,1,59.2484213246201,0.88
7.0920000000000005,1,59.257486820129024,0.88
7.093,1,59.26654773146974,0.88
7.094,1,59.27560406096037,0.88
7.095,1,59.28465581091778,0.88
7.096,1,59.29370298365776,0.88
7.097,1,59.30274558149485,0.88
7.098,1,59.29478679741534,0.6
7.099,1,59.279973156938695,0.6
7.1000000000000005,1,59.265167007306815,0.6
7.101,1,59.2503683447318,0.6
7.102,1,59.235577165427614,0.6
7.103,1,59.22079346561021,0.6
7.104,1,59.20601724149739,0.6
7.105,1,59.19124848930893,0.6
7.106,1,59.17648720526648,0.6
7.107,1,59.16173338559359,0.6
7.1080000000000005,1,59.14698702651575,0.6
7.109,1,59.13224812426036,0.6
7.11,1,59.11751667505666,0.6
7.111,1,59.10279267513592,0.6
7.112,1,59.08807612073119,0.6
7.113,1,59.0733670080775,0.6
7.114,1,59.05866533341178,0.6
7.115,1,59.053016189694134,0.88
7.1160000000000005,1,59.06218049612891,0.88
7.117,1,59.07134016842956,0.88
7.118,1,59.080495208939446,0.88
7.119,1,59.089645620000724,0.88
7.12,1,59.09879140395438,0.88
7.121,1,59.107932563140224,0.88
7.122,1,59.11706909989685,0.88
7.123,1,59.12620101656171,0.88
7.1240000000000006,1,59.13532831547106,0.88
7.125,1,59.14445099895994,0.88
7.126,1,59.15356906936227,0.88
7.127,1,59.16268252901074,0.88
7.128,1,59.1717913802369,0.88
7.1290000000000004,1,59.18089562537109,0.88
7.13,1,59.18999526674247,0.88
7.131,1,59.199090306679054,0.88
7.132000000000001,1,59.20818074750765,0.88
7.133,1,59.21726659155389,0.88
7.134,1,59.22634784114226,0.88
7.135,1,59.23542449859602,0.88
7.136,1,59.244496566237316,0.88
7.1370000000000005,1,59.25356404638707,0.88
7.138,1,59.26262694136505,0.88
7.139,1,59.27168525348985,0.88
7.140000000000001,1,59.2807389850789,0.88
7.141,1,59.28978813844843,0.88
7.142,1,59.29883271591355,0.88
7.143,1,59.30787271978812,0.88
7.144,1,59.31690815238492,0.88
7.1450000000000005,1,59.325939016015504,0.88
7.146,1,59.334965312990256,0.88
7.147,1,59.34398704561843,0.88
7.148000000000001,1,59.35300421620808,0.88
7.149,1,59.36201682706608,0.88
7.15,1,59.3710248804982,0.88
7.151,1,59.38002837880896,0.88
7.152,1,59.38902732430179,0.88
7.1530000000000005,1,59.398021719278915,0.88
7.154,1,59.4070115660414,0.88
7.155,1,59.41599686688915,0.88
7.156000000000001,1,59.42497762412091,0.88
7.157,1,59.433953840034256,0.88
7.158,1,59.44292551692561,0.88
7.159,1,59.45189265709023,0.88
7.16,1,59.46085526282221,0.88
7.1610000000000005,1,59.469813336414475,0.88
7.162,1,59.478766880158815,0.88
7.163,1,59.48771589634585,0.88
7.164000000000001,1,59.49666038726504,0.88
7.165,1,59.50560035520466,0.88
7.166,1,59.5145358024519,0.88
7.167,1,59.52346673129271,0.88
7.168,1,59.53239314401194,0.88
7.1690000000000005,1,59.54131504289326,0.88
7.17,1,59.5502324302192,0.88
7.171,1,59.55914530827111,0.88
7.172,1,59.568053679329225,0.88
7.173,1,59.5769575456726,0.88
7.174,1,59.58585690957914,0.88
7.175,1,59.5947517733256,0.88
7.176,1,59.603642139187585,0.88
7.1770000000000005,1,59.61252800943956,0.88
7.178,1,59.62140938635481,0.88
7.179,1,59.63028627220552,0.88
7.18,1,59.639158669262656,0.88
7.181,1,59.64802657979612,0.88
7.182,1,59.65689000607459,0.88
7.183,1,59.66574895036563,0.88
7.184,1,59.674603414935675,0.88
7.1850000000000005,1,59.68345340204999,0.88
7.186,1,59.69229891397268,0.88
7.187,1,59.70113995296674,0.88
7.188,1,59.70997652129401,0.88
7.189,1,59.718808621215175,0.88
7.19,1,59.72763625498979,0.88
7.191,1,59.73645942487624,0.88
7.192,1,59.74527813313181,0.88
7.1930000000000005,1,59.754092382012615,0.88
7.194,1,59.76290217377364,0.88
7.195,1,59.75615636755326,0.6
7.196,1,59.741109425355035,0.6
7.197,1,59.72607009197573,0.6
7.198,1,59.71103836356778,0.6
7.199,1,59.69601423628559,0.6
7.2,1,59.68099770628546,0.6
7.2010000000000005,1,59.66598876972566,0.6
7.202,1,59.650987422766406,0.6
7.203,1,59.63599366156983,0.6
7.204,1,59.621007482300044,0.6
7.205,1,59.606028881123066,0.6
7.206,1,59.59105785420687,0.6
7.207,1,59.57609439772138,0.6
7.208,1,59.561138507838415,0.6
7.2090000000000005,1,59.546190180731756,0.6
7.21,1,59.531249412577154,0.6
7.211,1,59.51631619955221,0.6
7.212,1,59.50898972458629,0.88
7.213,1,59.51792345792397,0.88
7.214,1,59.52685267372192,0.88
7.215,1,59.53577737426451,0.88
7.216,1,59.544697561834994,0.88
7.2170000000000005,1,59.553613238715464,0.88
7.218,1,59.56252440718683,0.88
7.219,1,59.571431069528884,0.88
7.22,1,59.58033322802024,0.88
7.221,1,59.58923088493839,0.88
7.222,1,59.598124042559625,0.88
7.223,1,59.60701270315913,0.88
7.224,1,59.615896869010925,0.88
7.2250000000000005,1,59.62477654238787,0.88
7.226,1,59.63365172556169,0.88
7.227,1,59.64252242080296,0.88
7.228,1,59.651388630381085,0.88
7.229,1,59.66025035656436,0.88
7.23,1,59.669107601619906,0.88
7.231,1,59.6779603678137,0.88
7.232,1,59.68680865741058,0.88
7.2330000000000005,1,59.69565247267424,0.88
7.234,1,59.704491815867215,0.88
7.235,1,59.71332668925092,0.88
7.236,1,59.72215709508559,0.88
7.237,1,59.73098303563037,0.88
7.238,1,59.73980451314323,0.88
7.239,1,59.74427550991274,0.8
7.24,1,59.744404734676124,0.8
7.2410000000000005,1,59.744533894094154,0.8
7.242,1,59.74466298819987,0.8
7.243,1,59.7447920170263,0.8
7.244,1,59.74492098060645,0.8
7.245,1,59.74504987897331,0.8
7.246,1,59.74517871215987,0.8
7.247,1,59.745307480199074,0.8
7.248,1,59.74543618312388,0.8
7.2490000000000006,1,59.7455648209672,0.8
7.25,1,59.745693393761954,0.8
7.251,1,59.745821901541035,0.8
7.252,1,59.75029636430554,0.88
7.253,1,59.75910807560683,0.88
7.2540000000000004,1,59.76791533107152,0.88
7.255,1,59.776718132952794,0.88
7.256,1,59.78551648350272,0.88
7.257000000000001,1,59.79431038497219,0.88
7.258,1,59.80309983961101,0.88
7.259,1,59.811884849667805,0.88
7.26,1,59.82066541739006,0.88
7.261,1,59.82944154502417,0.88
7.2620000000000005,1,59.83821323481534,0.88
7.263,1,59.84698048900766,0.88
7.264,1,59.85574330984412,0.88
7.265000000000001,1,59.86450169956652,0.88
7.266,1,59.87325566041555,0.88
7.267,1,59.88200519463078,0.88
7.268,1,59.890750304450606,0.88
7.269,1,59.89949099211236,0.88
7.2700000000000005,1,59.9082272598522,0.88
7.271,1,59.91695910990512,0.88
7.272,1,59.925686544505055,0.88
7.273000000000001,1,59.93440956588478,0.88
7.274,1,59.943128176275906,0.88
7.275,1,59.95184237790897,0.88
7.276,1,59.96055217301335,0.88
7.277,1,59.96925756381731,0.88
7.2780000000000005,1,59.97795855254799,0.88
7.279,1,59.98665514143137,0.88
7.28,1,59.992086141809054,0.6
7.281000000000001,1,59.976919896505294,0.6
7.282,1,59.961761320348735,0.6
7.283,1,59.94661040946127,0.6
7.284,1,59.931467159966815,0.6
7.285,1,59.91633156799119,0.6
7.2860000000000005,1,59.90120362966222,0.6
7.287,1,59.88608334110968,0.6
7.288,1,59.87097069846526,0.6
7.289000000000001,1,59.855865697862654,0.6
7.29,1,59.8407683354375,0.6
7.291,1,59.82567860732738,0.6
7.292,1,59.810596509671846,0.6
7.293,1,59.79552203861236,0.6
7.2940000000000005,1,59.780455190292386,0.6
7.295,1,59.76539596085732,0.6
7.296,1,59.75034434645448,0.6
7.297,1,59.735300343233206,0.6
7.298,1,59.72026394734468,0.6
7.299,1,59.70523515494211,0.6
7.3,1,59.69021396218064,0.6
7.301,1,59.67520036521732,0.6
7.3020000000000005,1,59.66019436021118,0.6
7.303,1,59.64519594332317,0.6
7.304,1,59.630205110716204,0.6
7.305,1,59.635977192639245,0.88
7.306,1,59.64484671195668,0.88
7.307,1,59.653711746205616,0.88
7.308,1,59.662572297654016,0.88
7.309,1,59.671428368568726,0.88
7.3100000000000005,1,59.68027996121542,0.88
7.311,1,59.689127077858615,0.88
7.312,1,59.69796972076172,0.88
7.313,1,59.70680789218698,0.88
7.314,1,59.71564159439549,0.88
7.315,1,59.724470829647224,0.88
7.316,1,59.733295600200975,0.88
7.317,1,59.74211590831443,0.88
7.3180000000000005,1,59.750931756244114,0.88
7.319,1,59.75974314624541,0.88
7.32,1,59.768550080572595,0.88
7.321,1,59.77735256147875,0.88
7.322,1,59.78615059121587,0.88
7.323,1,59.794944172034775,0.88
7.324,1,59.803733306185144,0.88
7.325,1,59.81251799591556,0.88
7.3260000000000005,1,59.821298243473436,0.88
7.327,1,59.830074051105036,0.88
7.328,1,59.838845421055524,0.88
7.329,1,59.847612355568906,0.88
7.33,1,59.85637485688807,0.88
7.331,1,59.86513292725475,0.88
7.332,1,59.87388656890954,0.88
7.333,1,59.88263578409193,0.88
7.3340000000000005,1,59.89138057504028,0.88
7.335,1,59.90012094399177,0.88
7.336,1,59.9088568931825,0.88
7.337,1,59.91758842484742,0.88
7.338,1,59.92631554122035,0.88
7.339,1,59.93503824453397,0.88
7.34,1,59.94375653701984,0.88
7.341,1,59.94807176144719,0.8
7.3420000000000005,1,59.94809793213113,0.8
7.343,1,59.94812408958128,0.8
7.344,1,59.948150233804334,0.8
7.345,1,59.94817636480699,0.8
7.346,1,59.948202482595924,0.8
7.347,1,59.94822858717782,0.8
7.348,1,59.948254678559366,0.8
7.349,1,59.94828075674722,0.8
7.3500000000000005,1,59.94830682174806,0.8
7.351,1,59.94833287356856,0.8
7.352,1,59.94835891221538,0.8
7.353,1,59.94838493769518,0.8
7.354,1,59.948410950014626,0.8
7.355,1,59.94843694918036,0.8
7.356,1,59.94846293519905,0.8
7.357,1,59.94848890807733,0.8
7.3580000000000005,1,59.94851486782186,0.8
7.359,1,59.94854081443926,0.8
7.36,1,59.948566747936184,0.8
7.361,1,59.94859266831926,0.8
7.362,1,59.94861857559512,0.8
7.363,1,59.94864446977039,0.8
7.364,1,59.94867035085171,0.8
7.365,1,59.94869621884568,0.8
7.3660000000000005,1,59.94872207375893,0.8
7.367,1,59.94874791559807,0.8
7.368,1,59.94877374436972,0.8
7.369,1,59.94879956008047,0.8
7.37,1,59.94882536273694,0.8
7.371,1,59.948851152345725,0.8
7.372,1,59.94887692891343,0.8
7.373,1,59.94890269244664,0.8
7.3740000000000006,1,59.948928442951946,0.8
7.375,1,59.94895418043594,0.8
7.376,1,59.94897990490521,0.8
7.377,1,59.94900561636633,0.8
7.378,1,59.94903131482588,0.8
7.3790000000000004,1,59.949057000290445,0.8
7.38,1,59.94908267276658,0.8
7.381,1,59.94910833226086,0.8
7.382000000000001,1,59.949133978779855,0.8
7.383,1,59.949159612330114,0.8
7.384,1,59.949185232918204,0.8
7.385,1,59.94921084055068,0.8
7.386,1,59.949236435234084,0.8
7.3870000000000005,1,59.94926201697498,0.8
7.388,1,59.9492875857799,0.8
7.389,1,59.94931314165538,0.8
7.390000000000001,1,59.94933868460797,0.8
7.391,1,59.949364214644206,0.8
7.392,1,59.949389731770616,0.8
7.393,1,59.949415235993726,0.8
7.394,1,59.94944072732006,0.8
7.3950000000000005,1,59.94946620575614,0.8
7.396,1,59.949491671308486,0.8
7.397,1,59.94951712398362,0.8
7.398000000000001,1,59.949542563788036,0.8
7.399,1,59.949567990728255,0.8
7.4,1,59.949593404810784,0.8
7.401,1,59.94961880604212,0.8
7.402,1,59.94964419442876,0.8
7.4030000000000005,1,59.949669569977196,0.8
7.404,1,59.94969493269393,0.8
7.405,1,59.949720282585446,0.8
7.406000000000001,1,59.94974561965823,0.8
7.407,1,59.94977094391876,0.8
7.408,1,59.94979625537352,0.8
7.409,1,59.94982155402898,0.8
7.41,1,59.94984683989162,0.8
7.4110000000000005,1,59.9498721129679,0.8
7.412,1,59.94989737326429,0.8
7.413,1,59.94992262078726,0.8
7.414000000000001,1,59.94994785554326,0.8
7.415,1,59.94997307753874,0.8
7.416,1,59.94999828678017,0.8
7.417,1,59.95002348327399,0.8
7.418,1,59.95004866702664,0.8
7.4190000000000005,1,59.95007383804457,0.8
7.42,1,59.95009899633422,0.8
7.421,1,59.95012414190202,0.8
7.422000000000001,1,59.950149274754416,0.8
7.423,1,59.95017439489782,0.8
7.424,1,59.95019950233868,0.8
7.425,1,59.9502245970834,0.8
7.426,1,59.95024967913841,0.8
7.4270000000000005,1,59.93955817601754,0.6
7.428,1,59.92441849264082,0.6
7.429,1,59.90928646497964,0.6
7.43,1,59.89416208916275,0.6
7.431,1,59.87904536132079,0.6
7.432,1,59.86393627758643,0.6
7.433,1,59.84883483409425,0.6
7.434,1,59.83374102698077,0.6
7.4350000000000005,1,59.818654852384505,0.6
7.436,1,59.803576306445905,0.6
7.437,1,59.78850538530736,0.6
7.438,1,59.773442085113246,0.6
7.439,1,59.758386402009826,0.6
7.44,1,59.74333833214537,0.6
7.441,1,59.72829787167009,0.6
7.442,1,59.7132650167361,0.6
7.4430000000000005,1,59.6982397634975,0.6
7.444,1,59.68322210811034,0.6
7.445,1,59.66821204673259,0.6
7.446,1,59.65320957552417,0.6
7.447,1,59.63821469064694,0.6
7.448,1,59.623227388264695,0.6
7.449,1,59.608247664543214,0.6
7.45,1,59.593275515650134,0.6
7.4510000000000005,1,59.5783109377551,0.6
7.452,1,59.56335392702968,0.6
7.453,1,59.54840447964734,0.6
7.454,1,59.53346259178353,0.6
7.455,1,59.51852825961561,0.6
7.456,1,59.50360147932285,0.6
7.457,1,59.488682247086516,0.6
7.458,1,59.47377055908974,0.6
7.4590000000000005,1,59.45886641151762,0.6
7.46,1,59.443969800557184,0.6
7.461,1,59.429080722397345,0.6
7.462,1,59.41419917322902,0.6
7.463,1,59.39932514924497,0.6
7.464,1,59.38445864663993,0.6
7.465,1,59.369599661610565,0.6
7.466,1,59.35474819035542,0.6
7.4670000000000005,1,59.339904229075,0.6
7.468,1,59.32506777397175,0.6
7.469,1,59.31023882124996,0.6
7.47,1,59.29541736711592,0.6
7.471,1,59.28060340777777,0.6
7.472,1,59.265796939445615,0.6
7.473,1,59.25099795833148,0.6
7.474,1,59.236206460649264,0.6
7.4750000000000005,1,59.22142244261481,0.6
7.476,1,59.20664590044589,0.6
7.477,1,59.19187683036213,0.6
7.478,1,59.17711522858514,0.6
7.479,1,59.162361091338376,0.6
7.48,1,59.14761441484725,0.6
7.481,1,59.13287519533907,0.6
7.482,1,59.11814342904304,0.6
7.4830000000000005,1,59.10341911219027,0.6
7.484,1,59.088702241013806,0.6
7.485,1,59.07399281174855,0.6
7.486,1,59.059290820631375,0.6
7.487,1,59.04459626390097,0.6
7.488,1,59.029909137798,0.6
7.489,1,59.015229438565,0.6
7.49,1,59.00055716244641,0.6
7.4910000000000005,1,58.98589230568856,0.6
7.492,1,58.9712348645397,0.6
7.493,1,58.956584835249956,0.6
7.494,1,58.94194221407136,0.6
7.495,1,58.92730699725783,0.6
7.496,1,58.91267918106519,0.6
7.497,1,58.89805876175115,0.6
7.498,1,58.883445735575314,0.6
7.4990000000000006,1,58.86884009879918,0.6
7.5,1,58.85424184768615,0.6
7.501,1,58.83965097850147,0.6
7.502,1,58.825067487512335,0.6
7.503,1,58.810491370987776,0.6
7.5040000000000004,1,58.79592262519873,0.6
7.505,1,58.781361246418044,0.6
7.506,1,58.766807230920406,0.6
7.507000000000001,1,58.752260574982415,0.6
7.508,1,58.75616370610585,0.88
7.509,1,58.76547812256081,0.88
7.51,1,58.77478782897518,0.88
7.511,1,58.78409282773072,0.88
7.5120000000000005,1,58.793393121207956,0.88
7.513,1,58.80268871178622,0.88
7.514,1,58.811979601843625,0.88
7.515000000000001,1,58.82126579375711,0.88
7.516,1,58.83054728990236,0.88
7.517,1,58.83982409265394,0.88
7.518,1,58.849096204385134,0.88
7.519,1,58.858363627468094,0.88
7.5200000000000005,1,58.867626364273704,0.88
7.521,1,58.876884417171695,0.88
7.522,1,58.886137788530604,0.88
7.523000000000001,1,58.89538648071773,0.88
7.524,1,58.9046304960992,0.88
7.525,1,58.91386983703998,0.88
7.526,1,58.923104505903765,0.88
7.527,1,58.93233450505312,0.88
7.5280000000000005,1,58.94155983684938,0.88
7.529,1,58.95078050365268,0.88
7.53,1,58.959996507822,0.88
7.531000000000001,1,58.9692078517151,0.88
7.532,1,58.97841453768853,0.88
7.533,1,58.98761656809769,0.88
7.534,1,58.99681394529677,0.88
7.535,1,59.006006671638765,0.88
7.5360000000000005,1,59.015194749475484,0.88
7.537,1,59.02437818115754,0.88
7.538,1,59.033556969034365,0.88
7.539000000000001,1,59.04273111545422,0.88
7.54,1,59.05190062276412,0.88
7.541,1,59.06106549330998,0.88
7.542,1,59.07022572943646,0.88
7.543,1,59.07938133348705,0.88
7.5440000000000005,1,59.08853230780408,0.88
7.545,1,59.097678654728654,0.88
7.546,1,59.10682037660074,0.88
7.547000000000001,1,59.11595747575908,0.88
7.548,1,59.12508995454125,0.88
7.549,1,59.13421781528366,0.88
7.55,1,59.14334106032152,0.88
7.551,1,59.15245969198885,0.88
7.5520000000000005,1,59.16157371261853,0.88
7.553,1,59.170683124542194,0.88
7.554,1,59.17978793009037,0.88
7.555,1,59.18888813159236,0.88
7.556,1,59.1979837313763,0.88
7.557,1,59.20707473176916,0.88
7.558,1,59.21616113509671,0.88
7.559,1,59.22524294368357,0.88
7.5600000000000005,1,59.23432015985316,0.88
7.561,1,59.24339278592775,0.88
7.562,1,59.252460824228415,0.88
7.563,1,59.26152427707507,0.88
7.564,1,59.26949110344269,0.6
7.565,1,59.25469025429285,0.6
7.566,1,59.239896889519585,0.6
7.567,1,59.22511100533819,0.6
7.5680000000000005,1,59.21033259796599,0.6
7.569,1,59.195561663622144,0.6
7.57,1,59.180798198527754,0.6
7.571,1,59.166042198905835,0.6
7.572,1,59.151293660981295,0.6
7.573,1,59.136552580980975,0.6
7.574,1,59.12181895513361,0.6
7.575,1,59.10709277966983,0.6
7.5760000000000005,1,59.09237405082219,0.6
7.577,1,59.077662764825156,0.6
7.578,1,59.06295891791507,0.6
7.579,1,59.048262506330204,0.6
7.58,1,59.033573526310704,0.6
7.581,1,59.01889197409865,0.6
7.582,1,59.004217845938015,0.6
7.583,1,58.98955113807463,0.6
7.5840000000000005,1,58.97489184675629,0.6
7.585,1,58.96023996823266,0.6
7.586,1,58.94559549875527,0.6
7.587,1,58.93095843457759,0.6
7.588,1,58.91632877195495,0.6
7.589,1,58.9017065071446,0.6
7.59,1,58.887091636405685,0.6
7.591,1,58.8724841559992,0.6
7.5920000000000005,1,58.85788406218809,0.6
7.593,1,58.843291351237156,0.6
7.594,1,58.82870601941306,0.6
7.595,1,58.81412806298442,0.6
7.596,1,58.799557478221686,0.6
7.597,1,58.784994261397216,0.6
7.598,1,58.77043840878525,0.6
7.599,1,58.75588991666191,0.6
7.6000000000000005,1,58.7413487813052,0.6
7.601,1,58.726814998995025,0.6
7.602,1,58.712288566013115,0.6
7.603,1,58.697769478643174,0.6
7.604,1,58.68325773317068,0.6
7.605,1,58.66875332588307,0.6
7.606,1,58.654256253069626,0.6
7.607,1,58.6397665110215,0.6
7.6080000000000005,1,58.62528409603173,0.6
7.609,1,58.610809004395236,0.6
7.61,1,58.59634123240879,0.6
7.611,1,58.581880776371065,0.6
7.612,1,58.56742763258257,0.6
7.613,1,58.552981797345716,0.6
7.614,1,58.53854326696478,0.6
7.615,1,58.52411203774588,0.6
7.6160000000000005,1,58.50968810599703,0.6
7.617,1,58.49527146802813,0.6
7.618,1,58.480862120150874,0.6
7.619,1,58.4664600586789,0.6
7.62,1,58.45206527992765,0.6
7.621,1,58.44672287693582,0.88
7.622,1,58.45619376898615,0.88
7.623,1,58.465659871870564,0.88
7.6240000000000006,1,58.47512118801082,0.88
7.625,1,58.484577719827406,0.88
7.626,1,58.49402946973966,0.88
7.627,1,58.50347644016564,0.88
7.628,1,58.512918633522204,0.88
7.6290000000000004,1,58.52235605222498,0.88
7.63,1,58.531788698688366,0.88
7.631,1,58.54121657532558,0.88
7.632000000000001,1,58.55063968454856,0.88
7.633,1,58.56005802876807,0.88
7.634,1,58.569471610393634,0.88
7.635,1,58.578880431833554,0.88
7.636,1,58.588284495494946,0.88
7.6370000000000005,1,58.597683803783674,0.88
7.638,1,58.60707835910439,0.88
7.639,1,58.616468163860546,0.88
7.640000000000001,1,58.625853220454374,0.88
7.641,1,58.63523353128687,0.88
7.642,1,58.644609098757854,0.88
7.643,1,58.65397992526589,0.88
7.644,1,58.66334601320837,0.88
7.6450000000000005,1,58.67270736498145,0.88
7.646,1,58.68206398298007,0.88
7.647,1,58.691415869597975,0.88
7.648000000000001,1,58.700763027227694,0.88
7.649,1,58.71010545826054,0.88
7.65,1,58.719443165086616,0.88
7.651,1,58.72877615009483,0.88
7.652,1,58.73810441567288,0.88
7.6530000000000005,1,58.74742796420723,0.88
7.654,1,58.75674679808318,0.88
7.655,1,58.76606091968478,0.88
7.656000000000001,1,58.77537033139492,0.88
7.657,1,58.78467503559523,0.88
7.658,1,58.79397503466619,0.88
7.659,1,58.80327033098704,0.88
7.66,1,58.812560926935845,0.88
7.6610000000000005,1,58.821846824889434,0.88
7.662,1,58.831128027223464,0.88
7.663,1,58.84040453631238,0.88
7.664000000000001,1,58.84967635452942,0.88
7.665,1,58.858943484246616,0.88
7.666,1,58.868205927834836,0.88
7.667,1,58.87746368766369,0.88
7.668,1,58.88671676610167,0.88
7.6690000000000005,1,58.895965165516,0.88
7.67,1,58.90520888827272,0.88
7.671,1,58.91444793673671,0.88
7.672000000000001,1,58.92368231327161,0.88
7.673,1,58.93291202023988,0.88
7.674,1,58.94213706000282,0.88
7.675,1,58.95135743492048,0.88
7.676,1,58.96057314735175,0.88
7.6770000000000005,1,58.96978419965432,0.88
7.678,1,58.97899059418468,0.88
7.679,1,58.988192333298144,0.88
7.68,1,58.99738941934882,0.88
7.681,1,59.00658185468964,0.88
7.682,1,59.015769641672335,0.88
7.683,1,59.02495278264744,0.88
7.684,1,59.03413127996433,0.88
7.6850000000000005,1,59.04330513597116,0.88
7.686,1,59.0524743530149,0.88
7.687,1,59.06163893344138,0.88
7.688,1,59.07079887959517,0.88
7.689,1,59.079954193819724,0.88
7.69,1,59.08910487845726,0.88
7.691,1,59.098250935848824,0.88
7.692,1,59.10739236833432,0.88
7.6930000000000005,1,59.11652917825239,0.88
7.694,1,59.125661367940566,0.88
7.695,1,59.13478893973516,0.88
7.696,1,59.1439118959713,0.88
7.697,1,59.15303023898298,0.88
7.698,1,59.16214397110295,0.88
7.699,1,59.171253094662816,0.88
7.7,1,59.180357611993,0.88
7.7010000000000005,1,59.189457525422746,0.88
7.702,1,59.198552837280104,0.88
7.703,1,59.20764354989198,0.88
7.704,1,59.216729665584076,0.88
7.705,1,59.22581118668093,0.88
7.706,1,59.234888115505896,0.88
7.707,1,59.24396045438114,0.88
7.708,1,59.253028205627714,0.88
7.7090000000000005,1,59.26209137156542,0.88
7.71,1,59.27114995451292,0.88
7.711,1,59.28020395678773,0.88
7.712,1,59.28925338070614,0.88
7.713,1,59.298298228583334,0.88
7.714,1,59.307338502733245,0.88
7.715,1,59.316374205468705,0.88
7.716,1,59.32540533910135,0.88
7.7170000000000005,1,59.334431905941635,0.88
7.718,1,59.34345390829887,0.88
7.719,1,59.35247134848118,0.88
7.72,1,59.36148422879553,0.88
7.721,1,59.370492551547734,0.88
7.722,1,59.37949631904241,0.88
7.723,1,59.38849553358302,0.88
7.724,1,59.397490197471875,0.88
7.7250000000000005,1,59.406480313010114,0.88
7.726,1,59.4154658824977,0.88
7.727,1,59.42444690823345,0.88
7.728,1,59.43342339251501,0.88
7.729,1,59.442395337638885,0.88
7.73,1,59.44448653075793,0.6
7.731,1,59.42959719130206,0.6
7.732,1,59.414715380969795,0.6
7.7330000000000005,1,59.39984109595389,0.6
7.734,1,59.384974332449005,0.6
7.735,1,59.37011508665171,0.6
7.736,1,59.35526335476051,0.6
7.737,1,59.340419132975825,0.6
7.738,1,59.325582417500016,0.6
7.739,1,59.31075320453736,0.6
7.74,1,59.29593149029402,0.6
7.7410000000000005,1,59.28111727097813,0.6
7.742,1,59.2663105427997,0.6
7.743,1,59.251511301970666,0.6
7.744,1,59.236719544704904,0.6
7.745,1,59.22193526721816,0.6
7.746,1,59.20715846572813,0.6
7.747,1,59.192389136454416,0.6
7.748,1,59.20040630665045,0.88
7.7490000000000006,1,59.20949608201457,0.88
7.75,1,59.21858126093284,0.88
7.751,1,59.22766184572957,0.88
7.752,1,59.236737838727876,0.88
7.753,1,59.245809242249706,0.88
7.7540000000000004,1,59.25487605861582,0.88
7.755,1,59.26393829014581,0.88
7.756,1,59.272995939158115,0.88
7.757000000000001,1,59.28204900796999,0.88
7.758,1,59.291097498897486,0.88
7.759,1,59.300141414255535,0.88
7.76,1,59.30918075635787,0.88
7.761,1,59.31821552751707,0.88
7.7620000000000005,1,59.32724573004451,0.88
7.763,1,59.33627136625043,0.88
7.764,1,59.345292438443906,0.88
7.765000000000001,1,59.35430894893281,0.88
7.766,1,59.36332090002387,0.88
7.767,1,59.372328294022665,0.88
7.768,1,59.38133113323357,0.88
7.769,1,59.39032941995984,0.88
7.7700000000000005,1,59.39932315650351,0.88
7.771,1,59.408312345165484,0.88
7.772,1,59.417296988245525,0.88
7.773000000000001,1,59.426277088042184,0.88
7.774,1,59.435252646852874,0.88
7.775,1,59.44422366697385,0.88
7.776,1,59.453190150700195,0.88
7.777,1,59.46215210032585,0.88
7.7780000000000005,1,59.47110951814358,0.88
7.779,1,59.48006240644497,0.88
7.78,1,59.4890107675205,0.88
7.781000000000001,1,59.49795460365945,0.88
7.782,1,59.50689391714995,0.88
7.783,1,59.515828710278996,0.88
7.784,1,59.51962338991233,0.8
7.785,1,59.519866214986074,0.8
7.7860000000000005,1,59.52010891726996,0.8
7.787,1,59.52035149682606,0.8
7.788,1,59.52059395371645,0.8
7.789000000000001,1,59.52083628800315,0.8
7.79,1,59.521078499748164,0.8
7.791,1,59.521320589013456,0.8
7.792,1,59.52156255586096,0.8
7.793,1,59.52180440035257,0.8
7.7940000000000005,1,59.52204612255018,0.8
7.795,1,59.522287722515614,0.8
7.796,1,59.52252920031068,0.8
7.797000000000001,1,59.52790615141722,0.88
7.798,1,59.536830319245524,0.88
7.799,1,59.54574997437111,0.88
7.8,1,59.554665119075906,0.88
7.801,1,59.56357575564073,0.88
7.8020000000000005,1,59.572481886345194,0.88
7.803,1,59.5813835134678,0.88
7.804,1,59.59028063928589,0.88
7.805000000000001,1,59.59917326607564,0.88
7.806,1,59.60806139611208,0.88
7.807,1,59.616945031669104,0.88
7.808,1,59.625824175019424,0.88
7.809,1,59.63469882843465,0.88
7.8100000000000005,1,59.64356899418521,0.88
7.811,1,59.65243467454037,0.88
7.812,1,59.661295871768296,0.88
7.813,1,59.67015258813596,0.88
7.814,1,59.67900482590923,0.88
7.815,1,59.687852587352786,0.88
7.816,1,59.69669587473018,0.88
7.817,1,59.70553469030385,0.88
7.8180000000000005,1,59.71436903633504,0.88
7.819,1,59.723198915083884,0.88
7.82,1,59.732024328809345,0.88
7.821,1,59.740845279769275,0.88
7.822,1,59.74966177022037,0.88
7.823,1,59.75847380241819,0.88
7.824,1,59.74883894739381,0.6
7.825,1,59.73379570541081,0.6
7.8260000000000005,1,59.718760070375666,0.6
7.827,1,59.70373203844174,0.6
7.828,1,59.688711605764354,0.6
7.829,1,59.67369876850077,0.6
7.83,1,59.658693522810196,0.6
7.831,1,59.6436958648538,0.6
7.832,1,59.62870579079467,0.6
7.833,1,59.61372329679783,0.6
7.8340000000000005,1,59.59874837903027,0.6
7.835,1,59.5837810336609,0.6
7.836,1,59.56882125686056,0.6
7.837,1,59.55386904480205,0.6
7.838,1,59.53892439366007,0.6
7.839,1,59.523987299611285,0.6
7.84,1,59.5090577588343,0.6
7.841,1,59.50462672987953,0.88
7.8420000000000005,1,59.51356266946193,0.88
7.843,1,59.522494090388946,0.88
7.844,1,59.53142099494555,0.88
7.845,1,59.54034338541553,0.88
7.846,1,59.54926126408155,0.88
7.847,1,59.5581746332251,0.88
7.848,1,59.567083495126504,0.88
7.849,1,59.57598785206497,0.88
7.8500000000000005,1,59.58488770631851,0.88
7.851,1,59.593783060164014,0.88
7.852,1,59.60267391587723,0.88
7.853,1,59.611560275732714,0.88
7.854,1,59.620442142003924,0.88
7.855,1,59.62931951696311,0.88
7.856,1,59.63819240288141,0.88
7.857,1,59.64706080202882,0.88
7.8580000000000005,1,59.65592471667417,0.88
7.859,1,59.664784149085136,0.88
7.86,1,59.67363910152828,0.88
7.861,1,59.682489576268964,0.88
7.862,1,59.69133557557148,0.88
7.863,1,59.700177101698905,0.88
7.864,1,59.7090141569132,0.88
7.865,1,59.717846743475185,0.88
7.8660000000000005,1,59.72667486364453,0.88
7.867,1,59.73549851967977,0.88
7.868,1,59.7443177138383,0.88
7.869,1,59.75313244837634,0.88
7.87,1,59.761942725549034,0.88
7.871,1,59.77074854761031,0.88
7.872,1,59.77954991681302,0.88
7.873,1,59.78834683540884,0.88
7.8740000000000006,1,59.797139305648315,0.88
7.875,1,59.80592732978086,0.88
7.876,1,59.81471091005474,0.88
7.877,1,59.8234900487171,0.88
7.878,1,59.83226474801394,0.88
7.8790000000000004,1,59.84103501019011,0.88
7.88,1,59.84980083748935,0.88
7.881,1,59.85856223215425,0.88
7.882000000000001,1,59.867319196426266,0.88
7.883,1,59.876071732545725,0.88
7.884,1,59.88481984275184,0.88
7.885,1,59.89356352928263,0.88
7.886,1,59.90230279437506,0.88
7.8870000000000005,1,59.91103764026492,0.88
7.888,1,59.91976806918687,0.88
7.889,1,59.92849408337446,0.88
7.890000000000001,1,59.93721568506008,0.88
7.891,1,59.94593287647502,0.88
7.892,1,59.95464565984943,0.88
7.893,1,59.96335403741233,0.88
7.894,1,59.97205801139163,0.88
7.8950000000000005,1,59.980757584014086,0.88
7.896,1,59.987212449580426,0.8
7.897,1,59.98721882791021,0.8
7.898000000000001,1,59.98722520301465,0.8
7.899,1,59.98723157489538,0.8
7.9,1,59.987237943554035,0.8
7.901,1,59.98724430899223,0.8
7.902,1,59.9872506712116,0.8
7.9030000000000005,1,59.987257030213776,0.8
7.904,1,59.98726338600038,0.8
7.905,1,59.98726973857304,0.8
7.906000000000001,1,59.98727608793338,0.8
7.907,1,59.98728243408303,0.8
7.908,1,59.9872887770236,0.8
7.909,1,59.98729511675673,0.8
7.91,1,59.98730145328403,0.8
7.9110000000000005,1,59.987307786607126,0.8
7.912,1,59.98731411672764,0.8
7.913,1,59.987320443647185,0.8
7.914000000000001,1,59.987326767367385,0.8
7.915,1,59.98733308788986,0.8
7.916,1,59.98733940521621,0.8
7.917,1,59.98734571934808,0.8
7.918,1,59.98735203028706,0.8
7.9190000000000005,1,59.987358338034774,0.8
7.92,1,59.987364642592844,0.8
7.921,1,59.987370943962866,0.8
7.922000000000001,1,59.987377242146465,0.8
7.923,1,59.98738353714525,0.8
7.924,1,59.98738982896083,0.8
7.925,1,59.98739611759481,0.8
7.926,1,59.987402403048804,0.8
7.9270000000000005,1,59.98740868532442,0.8
7.928,1,59.987414964423266,0.8
7.929,1,59.98742124034695,0.8
7.930000000000001,1,59.98742751309707,0.8
7.931,1,59.98743378267523,0.8
7.932,1,59.98744004908305,0.8
7.933,1,59.98744631232211,0.8
7.934,1,59.987452572394034,0.8
7.9350000000000005,1,59.987458829300415,0.8
7.936,1,59.98355215851389,0.6
7.937,1,59.96839022860742,0.6
7.938,1,59.95323596566598,0.6
7.939,1,59.93808936581256,0.6
7.94,1,59.922950425172175,0.6
7.941,1,59.90781913987177,0.6
7.942,1,59.89269550604024,0.6
7.9430000000000005,1,59.877579519808464,0.6
7.944,1,59.862471177309274,0.6
7.945,1,59.84737047467742,0.6
7.946,1,59.83227740804966,0.6
7.947,1,59.81719197356466,0.6
7.948,1,59.80211416736307,0.6
7.949,1,59.78704398558749,0.6
7.95,1,59.771981424382425,0.6
7.9510000000000005,1,59.75692647989439,0.6
7.952,1,59.741879148271835,0.6
7.953,1,59.72683942566512,0.6
7.954,1,59.711807308226604,0.6
7.955,1,59.69678279211054,0.6
7.956,1,59.68176587347316,0.6
7.957,1,59.66675654847265,0.6
7.958,1,59.65175481326909,0.6
7.9590000000000005,1,59.63676066402454,0.6
7.96,1,59.62177409690302,0.6
7.961,1,59.630441411208,0.88
7.962,1,59.639313729815676,0.88
7.963,1,59.64818156193934,0.88
7.964,1,59.65704490984766,0.88
7.965,1,59.66590377580819,0.88
7.966,1,59.67475816208733,0.88
7.9670000000000005,1,59.68360807095032,0.88
7.968,1,59.69245350466126,0.88
7.969,1,59.70129446548313,0.88
7.97,1,59.71013095567773,0.88
7.971,1,59.71896297750573,0.88
7.972,1,59.727790533226674,0.88
7.973,1,59.736613625098926,0.88
7.974,1,59.74543225537975,0.88
7.9750000000000005,1,59.75424642632523,0.88
7.976,1,59.763056140190336,0.88
7.977,1,59.76798914195896,0.8
7.978,1,59.768106375400116,0.8
7.979,1,59.76822354955959,0.8
7.98,1,59.76834066446737,0.8
7.981,1,59.76845772015341,0.8
7.982,1,59.76857471664764,0.8
7.9830000000000005,1,59.76869165398002,0.8
7.984,1,59.768808532180444,0.8
7.985,1,59.76892535127883,0.8
7.986,1,59.769042111305055,0.8
7.987,1,59.769158812288985,0.8
7.988,1,59.76927545426049,0.8
7.989,1,59.7693920372494,0.8
7.99,1,59.773380818555495,0.88
7.9910000000000005,1,59.78218085669221,0.88
7.992,1,59.79097644489512,0.88
7.993,1,59.79976758541443,0.88
7.994,1,59.80855428049921,0.88
7.995,1,59.8173365323974,0.88
7.996,1,59.82611434335578,0.88
7.997,1,59.83488771562002,0.88
7.998,1,59.84365665143464,0.88
7.9990000000000006,1,59.85242115304304,0.88
8.0,1,59.861181222687456,0.88
8.001,1,59.86993686260901,0.88
8.002,1,59.87868807504772,0.88
8.003,1,59.8874348622424,0.88
8.004,1,59.89617722643078,0.88
8.005,1,59.90491516984949,0.88
8.006,1,59.913648694733936,0.88
8.007,1,59.90089971035438,0.6
8.008000000000001,1,59.88577957548533,0.6
8.009,1,59.87066708644673,0.6
8.01,1,59.85556223937226,0.6
8.011000000000001,1,59.84046503039758,0.6
8.012,1,59.825375455660364,0.6
8.013,1,59.81029351130017,0.6
8.014,1,59.79521919345852,0.6
8.015,1,59.78015249827888,0.6
8.016,1,59.76509342190673,0.6
8.017,1,59.75004196048941,0.6
8.018,1,59.73499811017625,0.6
8.019,1,59.71996186711856,0.6
8.02,1,59.70493322746955,0.6
8.021,1,59.689912187384365,0.6
8.022,1,59.67489874302015,0.6
8.023,1,59.65989289053594,0.6
8.024000000000001,1,59.64489462609272,0.6
8.025,1,59.629903945853485,0.6
8.026,1,59.614920845983065,0.6
8.027000000000001,1,59.59994532264827,0.6
8.028,1,59.58497737201791,0.6
8.029,1,59.570016990262644,0.6
8.03,1,59.55506417355511,0.6
8.031,1,59.540118918069844,0.6
8.032,1,59.5251812199834,0.6
8.033,1,59.51025107547419,0.6
8.034,1,59.49532848072255,0.6
8.035,1,59.48041343191083,0.6
8.036,1,59.46550592522325,0.6
8.037,1,59.45060595684591,0.6
8.038,1,59.43571352296698,0.6
8.039,1,59.420828619776415,0.6
8.040000000000001,1,59.40595124346616,0.6
8.041,1,59.39108139023013,0.6
8.042,1,59.37621905626408,0.6
8.043000000000001,1,59.3613642377657,0.6
8.044,1,59.346516930934676,0.6
8.045,1,59.331677131972555,0.6
8.046,1,59.33037197304918,0.88
8.047,1,59.33939602840124,0.88
8.048,1,59.348415520540215,0.88
8.049,1,59.357430451773624,0.88
8.05,1,59.36644082440779,0.88
8.051,1,59.37544664074785,0.88
8.052,1,59.38444790309781,0.88
8.053,1,59.393444613760494,0.88
8.054,1,59.40243677503756,0.88
8.055,1,59.411424389229495,0.88
8.056000000000001,1,59.420407458635665,0.88
8.057,1,59.429385985554205,0.88
8.058,1,59.43835997228214,0.88
8.059000000000001,1,59.44732942111534,0.88
8.06,1,59.456294334348456,0.88
8.061,1,59.46525471427502,0.88
8.062,1,59.47421056318741,0.88
8.063,1,59.48316188337685,0.88
8.064,1,59.49210867713335,0.88
8.065,1,59.50105094674582,0.88
8.066,1,59.50998869450201,0.88
8.067,1,59.51892192268847,0.88
8.068,1,59.52785063359063,0.88
8.069,1,59.536774829492764,0.88
8.07,1,59.54569451267796,0.88
8.071,1,59.55460968542819,0.88
8.072000000000001,1,59.56352035002426,0.88
8.073,1,59.57242650874581,0.88
8.074,1,59.58132816387132,0.88
8.075,1,59.59022531767815,0.88
8.076,1,59.5991179724425,0.88
8.077,1,59.608006130439385,0.88
8.078,1,59.616889793942704,0.88
8.079,1,59.62576896522523,0.88
8.08,1,59.6346436465585,0.88
8.081,1,59.643513840212975,0.88
8.082,1,59.652379548457986,0.88
8.083,1,59.66124077356162,0.88
8.084,1,59.670097517790914,0.88
8.085,1,59.678949783411724,0.88
8.086,1,59.68779757268874,0.88
8.087,1,59.696640887885515,0.88
8.088000000000001,1,59.705479731264504,0.88
8.089,1,59.71431410508694,0.88
8.09,1,59.72314401161297,0.88
8.091,1,59.731969453101584,0.88
8.092,1,59.740790431810645,0.88
8.093,1,59.74960694999682,0.88
8.094,1,59.758419009915684,0.88
8.095,1,59.76722661382168,0.88
8.096,1,59.776029763968054,0.88
8.097,1,59.78482846260697,0.88
8.098,1,59.79362271198943,0.88
8.099,1,59.80241251436529,0.88
8.1,1,59.81119787198327,0.88
8.101,1,59.81997878709099,0.88
8.102,1,59.82875526193488,0.88
8.103,1,59.837527298760264,0.88
8.104000000000001,1,59.84629489981133,0.88
8.105,1,59.855058067331115,0.88
8.106,1,59.86381680356153,0.88
8.107,1,59.87257111074335,0.88
8.108,1,59.88132099111627,0.88
8.109,1,59.89006644691873,0.88
8.11,1,59.89880748038816,0.88
8.111,1,59.907544093760805,0.88
8.112,1,59.916276289271764,0.88
8.113,1,59.92500406915504,0.88
8.114,1,59.93372743564351,0.88
8.115,1,59.94244639096887,0.88
8.116,1,59.95116093736174,0.88
8.117,1,59.959871077051616,0.88
8.118,1,59.9612832291778,0.8
8.119,1,59.961302719191046,0.8
8.120000000000001,1,59.96132219934873,0.8
8.121,1,59.961341669655845,0.8
8.122,1,59.96136113011737,0.8
8.123,1,59.96138058073828,0.8
8.124,1,59.96140002152355,0.8
8.125,1,59.96141945247816,0.8
8.126,1,59.96143887360708,0.8
8.127,1,59.961458284915274,0.8
8.128,1,59.96147768640772,0.8
8.129,1,59.96149707808936,0.8
8.13,1,59.961516459965175,0.8
8.131,1,59.96153583204011,0.8
8.132,1,59.96155519431913,0.8
8.133000000000001,1,59.96157454680719,0.8
8.134,1,59.96159388950923,0.8
8.135,1,59.96161322243021,0.8
8.136000000000001,1,59.96163254557507,0.8
8.137,1,59.961651858948755,0.8
8.138,1,59.9616711625562,0.8
8.139,1,59.96169045640236,0.8
8.14,1,59.961709740492154,0.8
8.141,1,59.96172901483052,0.8
8.142,1,59.961748279422395,0.8
8.143,1,59.961767534272695,0.8
8.144,1,59.961786779386365,0.8
8.145,1,59.961806014768314,0.8
8.146,1,59.961825240423465,0.8
8.147,1,59.96184445635674,0.8
8.148,1,59.96186366257305,0.8
8.149000000000001,1,59.96188285907731,0.8
8.15,1,59.961902045874446,0.8
8.151,1,59.961921222969345,0.8
8.152000000000001,1,59.96194039036693,0.8
8.153,1,59.96195954807209,0.8
8.154,1,59.96197869608973,0.8
8.155,1,59.96199783442475,0.8
8.156,1,59.96201696308206,0.8
8.157,1,59.96203608206653,0.8
8.158,1,59.962055191383065,0.8
8.159,1,59.96207429103656,0.8
8.16,1,59.962093381031885,0.8
8.161,1,59.962112461373934,0.8
8.162,1,59.96213153206758,0.8
8.163,1,59.96215059311772,0.8
8.164,1,59.96216964452921,0.8
8.165000000000001,1,59.96218868630694,0.8
8.166,1,59.962207718455765,0.8
8.167,1,59.96222674098057,0.8
8.168000000000001,1,59.962245753886215,0.8
8.169,1,59.96226475717756,0.8
8.17,1,59.96228375085947,0.8
8.171,1,59.962302734936806,0.8
8.172,1,59.962321709414425,0.8
8.173,1,59.96234067429718,0.8
8.174,1,59.962359629589926,0.8
8.175,1,59.96237857529751,0.8
8.176,1,59.96239751142477,0.8
8.177,1,59.962416437976565,0.8
8.178,1,59.960315540557005,0.6
8.179,1,59.945165360760065,0.6
8.18,1,59.93002284198643,0.6
8.181000000000001,1,59.9148879803621,0.6
8.182,1,59.89976077201514,0.6
8.183,1,59.88464121307546,0.6
8.184000000000001,1,59.869529299674944,0.6
8.185,1,59.854425027947514,0.6
8.186,1,59.83932839402895,0.6
8.187,1,59.824239394057045,0.6
8.188,1,59.80915802417148,0.6
8.189,1,59.794084280514,0.6
8.19,1,59.7790181592282,0.6
8.191,1,59.76395965645963,0.6
8.192,1,59.74890876835588,0.6
8.193,1,59.733865491066396,0.6
8.194,1,59.71882982074258,0.6
8.195,1,59.70380175353784,0.6
8.196,1,59.688781285607476,0.6
8.197000000000001,1,59.67376841310872,0.6
8.198,1,59.65876313220082,0.6
8.199,1,59.64376543904491,0.6
8.2,1,59.62877532980406,0.6
8.201,1,59.61379280064327,0.6
8.202,1,59.598817847729556,0.6
8.203,1,59.58385046723181,0.6
8.204,1,59.56889065532083,0.6
8.205,1,59.55393840816946,0.6
8.206,1,59.53899372195237,0.6
8.207,1,59.52405659284619,0.6
8.208,1,59.509127017029556,0.6
8.209,1,59.494204990682945,0.6
8.21,1,59.47929050998877,0.6
8.211,1,59.46438357113148,0.6
8.212,1,59.449484170297325,0.6
8.213000000000001,1,59.43459230367452,0.6
8.214,1,59.41970796745329,0.6
8.215,1,59.40483115782568,0.6
8.216,1,59.38996187098571,0.6
8.217,1,59.375100103129284,0.6
8.218,1,59.37948335483148,0.88
8.219,1,59.388482575927725,0.88
8.22,1,59.39747724636892,0.88
8.221,1,59.40646736845616,0.88
8.222,1,59.415452944489445,0.88
8.223,1,59.4244339767676,0.88
8.224,1,59.433410467588246,0.88
8.225,1,59.44238241924788,0.88
8.226,1,59.45134983404185,0.88
8.227,1,59.4603127142643,0.88
8.228,1,59.469271062208236,0.88
8.229000000000001,1,59.47822488016553,0.88
8.23,1,59.48717417042683,0.88
8.231,1,59.4961189352817,0.88
8.232,1,59.505059177018495,0.88
8.233,1,59.51399489792445,0.88
8.234,1,59.52292610028559,0.88
8.235,1,59.53185278638683,0.88
8.236,1,59.54077495851194,0.88
8.237,1,59.549692618943475,0.88
8.238,1,59.558605769962895,0.88
8.239,1,59.56751441385049,0.88
8.24,1,59.576418552885364,0.88
8.241,1,59.585318189345514,0.88
8.242,1,59.59421332550778,0.88
8.243,1,59.6031039636478,0.88
8.244,1,59.611990106040125,0.88
8.245000000000001,1,59.62087175495814,0.88
8.246,1,59.62974891267403,0.88
8.247,1,59.6386215814589,0.88
8.248,1,59.64748976358267,0.88
8.249,1,59.65635346131414,0.88
8.25,1,59.6652126769209,0.88
8.251,1,59.67406741266946,0.88
8.252,1,59.68291767082516,0.88
8.253,1,59.6917634536522,0.88
8.254,1,59.690041508924764,0.6
8.255,1,59.67502799916623,0.6
8.256,1,59.660022081320804,0.6
8.257,1,59.64502375154943,0.6
8.258000000000001,1,59.630033006015026,0.6
8.259,1,59.615049840882484,0.6
8.26,1,59.60007425231859,0.6
8.261000000000001,1,59.58510623649207,0.6
8.262,1,59.57014578957363,0.6
8.263,1,59.55519290773587,0.6
8.264,1,59.54024758715336,0.6
8.265,1,59.52530982400252,0.6
8.266,1,59.51037961446184,0.6
8.267,1,59.495456954711656,0.6
8.268,1,59.480541840934194,0.6
8.269,1,59.465634269313746,0.6
8.27,1,59.45073423603641,0.6
8.271,1,59.43584173729023,0.6
8.272,1,59.420956769265274,0.6
8.273,1,59.406079328153425,0.6
8.274000000000001,1,59.39120941014851,0.6
8.275,1,59.376347011446356,0.6
8.276,1,59.361492128244635,0.6
8.277000000000001,1,59.34664475674295,0.6
8.278,1,59.336006016985166,0.88
8.279,1,59.34502722335834,0.88
8.28,1,59.35404386795912,0.88
8.281,1,59.36305595309425,0.88
8.282,1,59.37206348106931,0.88
8.283,1,59.38106645418874,0.88
8.284,1,59.39006487475582,0.88
8.285,1,59.399058745072615,0.88
8.286,1,59.40804806744008,0.88
8.287,1,59.417032844157994,0.88
8.288,1,59.42601307752494,0.88
8.289,1,59.434988769838384,0.88
8.290000000000001,1,59.443959923394615,0.88
8.291,1,59.45292654048873,0.88
8.292,1,59.46188862341471,0.88
8.293000000000001,1,59.470846174465365,0.88
8.294,1,59.479799195932316,0.88
8.295,1,59.48874769010605,0.88
8.296,1,59.49769165927591,0.88
8.297,1,59.506631105730065,0.88
8.298,1,59.5155660317555,0.88
8.299,1,59.524496439638085,0.88
8.3,1,59.53342233166254,0.88
8.301,1,59.54234371011238,0.88
8.302,1,59.551260577269986,0.88
8.303,1,59.56017293541663,0.88
8.304,1,59.56908078683236,0.88
8.305,1,59.577984133796114,0.88
8.306000000000001,1,59.586882978585685,0.88
8.307,1,59.59577732347766,0.88
8.308,1,59.60466717074755,0.88
8.309000000000001,1,59.61355252266966,0.88
8.31,1,59.62243338151715,0.88
8.311,1,59.63130974956206,0.88
8.312,1,59.640181629075244,0.88
8.313,1,59.64904902232647,0.88
8.314,1,59.657911931584266,0.88
8.315,1,59.666770359116086,0.88
8.316,1,59.67562430718823,0.88
8.317,1,59.684473778065794,0.88
8.318,1,59.6933187740128,0.88
8.319,1,59.702159297292106,0.88
8.32,1,59.710995350165376,0.88
8.321,1,59.71982693489319,0.88
8.322000000000001,1,59.72865405373499,0.88
8.323,1,59.73747670894901,0.88
8.324,1,59.7462949027924,0.88
8.325,1,59.75510863752115,0.88
8.326,1,59.76391791539011,0.88
8.327,1,59.77272273865299,0.88
8.328,1,59.78152310956236,0.88
8.329,1,59.79031903036965,0.88
8.33,1,59.799110503325146,0.88
8.331,1,59.807897530678005,0.88
8.332,1,59.81668011467627,0.88
8.333,1,59.82545825756678,0.88
8.334,1,59.83423196159529,0.88
8.335,1,59.84300122900645,0.88
8.336,1,59.85176606204368,0.88
8.337,1,59.86052646294934,0.88
8.338000000000001,1,59.86928243396464,0.88
8.339,1,59.878033977329636,0.88
8.34,1,59.88678109528328,0.88
8.341,1,59.89552379006339,0.88
8.342,1,59.904262063906636,0.88
8.343,1,59.90909734128583,0.8
8.344,1,59.90914322024684,0.8
8.345,1,59.90918907600813,0.8
8.346,1,59.90923490858145,0.8
8.347,1,59.909280717978525,0.8
8.348,1,59.90932650421105,0.8
8.349,1,59.90937226729076,0.8
8.35,1,59.90941800722936,0.8
8.351,1,59.90946372403855,0.8
8.352,1,59.90950941773003,0.8
8.353,1,59.90955508831547,0.8
8.354000000000001,1,59.90960073580658,0.8
8.355,1,59.90964636021502,0.8
8.356,1,59.91204127149169,0.85
8.357,1,59.91731962294645,0.85
8.358,1,59.92259530528613,0.85
8.359,1,59.92786831986041,0.85
8.36,1,59.93313866801831,0.85
8.361,1,59.93840635110817,0.85
8.362,1,59.94367137047764,0.85
8.363,1,59.94893372747367,0.85
8.364,1,59.954193423442575,0.85
8.365,1,59.95945045972994,0.85
8.366,1,59.9647048376807,0.85
8.367,1,59.96995655863911,0.85
8.368,1,59.97520562394873,0.85
8.369,1,59.980452034952435,0.85
8.370000000000001,1,59.985695792992466,0.85
8.371,1,59.990936899410315,0.85
8.372,1,59.99617535554685,0.85
8.373,1,59.994893280170345,0.6
8.374,1,59.97972561537502,0.6
8.375,1,59.96456562044469,0.6
8.376,1,59.9494132915009,0.6
8.377,1,59.93426862466716,0.6
8.378,1,59.919131616069,0.6
8.379,1,59.90400226183384,0.6
8.38,1,59.888880558091046,0.6
8.381,1,59.873766500972046,0.6
8.382,1,59.858660086610115,0.6
8.383000000000001,1,59.843561311140505,0.6
8.384,1,59.828470170700484,0.6
8.385,1,59.81338666142922,0.6
8.386000000000001,1,59.79831077946781,0.6
8.387,1,59.78324252095939,0.6
8.388,1,59.768181882048964,0.6
8.389,1,59.753128858883514,0.6
8.39,1,59.73808344761194,0.6
8.391,1,59.72304564438518,0.6
8.392,1,59.708015445356025,0.6
8.393,1,59.69299284667923,0.6
8.394,1,59.677977844511545,0.6
8.395,1,59.662970435011616,0.6
8.396,1,59.647970614340004,0.6
8.397,1,59.6329783786593,0.6
8.398,1,59.61799372413398,0.6
8.399000000000001,1,59.60301664693043,0.6
8.4,1,59.58804714321705,0.6
8.401,1,59.57308520916412,0.6
8.402000000000001,1,59.558130840943846,0.6
8.403,1,59.54318403473046,0.6
8.404,1,59.52824478670002,0.6
8.405,1,59.51331309303058,0.6
8.406,1,59.49838894990208,0.6
8.407,1,59.483472353496474,0.6
8.408,1,59.46856329999757,0.6
8.409,1,59.453661785591095,0.6
8.41,1,59.43876780646481,0.6
8.411,1,59.42388135880829,0.6
8.412,1,59.40900243881306,0.6
8.413,1,59.394131042672655,0.6
8.414,1,59.37926716658243,0.6
8.415000000000001,1,59.364410806739684,0.6
8.416,1,59.349561959343724,0.6
8.417,1,59.334720620595675,0.6
8.418000000000001,1,59.3198867866986,0.6
8.419,1,59.305060453857564,0.6
8.42,1,59.29024161827945,0.6
8.421,1,59.275430276173125,0.6
8.422,1,59.26062642374931,0.6
8.423,1,59.24583005722073,0.6
8.424,1,59.23104117280195,0.6
8.425,1,59.21625976670947,0.6
8.426,1,59.20148583516173,0.6
8.427,1,59.18671937437907,0.6
8.428,1,59.17196038058367,0.6
8.429,1,59.15720884999976,0.6
8.43,1,59.142464778853366,0.6
8.431000000000001,1,59.12772816337244,0.6
8.432,1,59.112998999786896,0.6
8.433,1,59.09827728432852,0.6
8.434000000000001,1,59.08356301323094,0.6
8.435,1,59.06885618272983,0.6
8.436,1,59.05415678906266,0.6
8.437,1,59.03946482846882,0.6
8.438,1,59.024780297189594,0.6
8.439,1,59.01010319146822,0.6
8.44,1,58.995433507549805,0.6
8.441,1,58.980771241681296,0.6
8.442,1,58.96611639011165,0.6
8.443,1,58.95146894909165,0.6
8.444,1,58.936828914873956,0.6
8.445,1,58.922196283713205,0.6
8.446,1,58.907571051865844,0.6
8.447000000000001,1,58.892953215590225,0.6
8.448,1,58.87834277114668,0.6
8.449,1,58.86373971479732,0.6
8.45,1,58.8491440428062,0.6
8.451,1,58.83455575143924,0.6
8.452,1,58.81997483696429,0.6
8.453,1,58.805401295651066,0.6
8.454,1,58.79083512377112,0.6
8.455,1,58.77627631759799,0.6
8.456,1,58.76172487340702,0.6
8.457,1,58.74718078747544,0.6
8.458,1,58.73264405608243,0.6
8.459,1,58.71811467550897,0.6
8.46,1,58.70359264203795,0.6
8.461,1,58.68907795195418,0.6
8.462,1,58.6745706015443,0.6
8.463000000000001,1,58.677533041825406,0.88
8.464,1,58.68688721961385,0.88
8.465,1,58.69623666725553,0.88
8.466,1,58.705581387142345,0.88
8.467,1,58.71492138166501,0.88
8.468,1,58.724256653212954,0.88
8.469,1,58.7335872041745,0.88
8.47,1,58.742913036936706,0.88
8.471,1,58.752234153885425,0.88
8.472,1,58.761550557405315,0.88
8.473,1,58.77086224987984,0.88
8.474,1,58.78016923369122,0.88
8.475,1,58.789471511220505,0.88
8.476,1,58.79876908484755,0.88
8.477,1,58.80806195695096,0.88
8.478,1,58.817350129908164,0.88
8.479000000000001,1,58.82663360609543,0.88
8.48,1,58.83591238788772,0.88
8.481,1,58.8451864776589,0.88
8.482,1,58.85445587778159,0.88
8.483,1,58.86372059062722,0.88
8.484,1,58.87298061856599,0.88
8.485,1,58.88223596396694,0.88
8.486,1,58.89148662919793,0.88
8.487,1,58.90073261662553,0.88
8.488,1,58.909973928615216,0.88
8.489,1,58.91921056753122,0.88
8.49,1,58.928442535736586,0.88
8.491,1,58.937669835593155,0.88
8.492,1,58.94689246946159,0.88
8.493,1,58.956110439701334,0.88
8.494,1,58.96532374867067,0.88
8.495000000000001,1,58.97453239872668,0.88
8.496,1,58.983736392225225,0.88
8.497,1,58.992935731520994,0.88
8.498,1,59.0021304189675,0.88
8.499,1,59.00253257858688,0.6
8.5,1,58.98786672291621,0.6
8.501,1,58.97320828335964,0.6
8.502,1,58.958557256167026,0.6
8.503,1,58.9439136375902,0.6
8.504,1,58.929277423882795,0.6
8.505,1,58.914648611300365,0.6
8.506,1,58.900027196100396,0.6
8.507,1,58.88541317454224,0.6
8.508000000000001,1,58.87080654288708,0.6
8.509,1,58.85620729739813,0.6
8.51,1,58.84161543434037,0.6
8.511000000000001,1,58.827030949980696,0.6
8.512,1,58.81245384058794,0.6
8.513,1,58.79788410243278,0.6
8.514,1,58.78332173178778,0.6
8.515,1,58.76876672492736,0.6
8.516,1,58.754219078127925,0.6
8.517,1,58.739678787667664,0.6
8.518,1,58.72514584982666,0.6
8.519,1,58.71062026088694,0.6
8.52,1,58.69610201713236,0.6
8.521,1,58.68159111484863,0.6
8.522,1,58.66708755032343,0.6
8.523,1,58.65501682805094,0.88
8.524000000000001,1,58.66438239166062,0.88
8.525,1,58.67374321936602,0.88
8.526,1,58.68309931356197,0.88
8.527000000000001,1,58.69245067664209,0.88
8.528,1,58.70179731099874,0.88
8.529,1,58.71113921902313,0.88
8.53,1,58.72047640310522,0.88
8.531,1,58.729808865633814,0.88
8.532,1,58.739136608996404,0.88
8.533,1,58.74845963557939,0.88
8.534,1,58.757777947767906,0.88
8.535,1,58.76709154794588,0.88
8.536,1,58.77640043849604,0.88
8.537,1,58.78570462179994,0.88
8.538,1,58.795004100237875,0.88
8.539,1,58.804298876188966,0.88
8.540000000000001,1,58.81358895203117,0.88
8.541,1,58.82287433014114,0.88
8.542,1,58.83215501289442,0.88
8.543000000000001,1,58.84143100266534,0.88
8.544,1,58.85070230182697,0.88
8.545,1,58.85996891275124,0.88
8.546,1,58.86923083780886,0.88
8.547,1,58.878488079369355,0.88
8.548,1,58.88774063980101,0.88
8.549,1,58.89698852147096,0.88
8.55,1,58.89946814582503,0.6
8.551,1,58.884854406963,0.6
8.552,1,58.87024805786105,0.6
8.553,1,58.85564909478237,0.6
8.554,1,58.841057513992105,0.6
8.555,1,58.82647331175721,0.6
8.556000000000001,1,58.811896484346526,0.6
8.557,1,58.797327028030864,0.6
8.558,1,58.78276493908285,0.6
8.559000000000001,1,58.76821021377697,0.6
8.56,1,58.7536628483897,0.6
8.561,1,58.739122839199304,0.6
8.562,1,58.724590182485954,0.6
8.563,1,58.71006487453169,0.6
8.564,1,58.6955469116205,0.6
8.565,1,58.681036290038165,0.6
8.566,1,58.666533006072356,0.6
8.567,1,58.652037056012716,0.6
8.568,1,58.63754843615064,0.6
8.569,1,58.62306714277945,0.6
8.57,1,58.608593172194375,0.6
8.571,1,58.59412652069247,0.6
8.572000000000001,1,58.579667184572656,0.6
8.573,1,58.5652151601358,0.6
8.574,1,58.550770443684556,0.6
8.575000000000001,1,58.536333031523455,0.6
8.576,1,58.521902919958976,0.6
8.577,1,58.50748010529938,0.6
8.578,1,58.49306458385483,0.6
8.579,1,58.47865635193733,0.6
8.58,1,58.46425540586081,0.6
8.581,1,58.44986174194101,0.6
8.582,1,58.4354753564955,0.6
8.583,1,58.42109624584384,0.6
8.584,1,58.40672440630732,0.6
8.585,1,58.39235983420912,0.6
8.586,1,58.37800252587435,0.6
8.587,1,58.36365247762991,0.6
8.588000000000001,1,58.349309685804535,0.6
8.589,1,58.334974146728925,0.6
8.59,1,58.34331229151894,0.88
8.591,1,58.35283547541765,0.88
8.592,1,58.36235384370793,0.88
8.593,1,58.37186739882486,0.88
8.594,1,58.38137614320236,0.88
8.595,1,58.39088007927309,0.88
8.596,1,58.40037920946844,0.88
8.597,1,58.40987353621864,0.88
8.598,1,58.419363061952666,0.88
8.599,1,58.428847789098214,0.88
8.6,1,58.43832772008183,0.88
8.601,1,58.44780285732881,0.88
8.602,1,58.457273203263185,0.88
8.603,1,58.466738760307784,0.88
8.604000000000001,1,58.47619953088426,0.88
8.605,1,58.48565551741294,0.88
8.606,1,58.49510672231301,0.88
8.607,1,58.504553148002415,0.88
8.608,1,58.51399479689787,0.88
8.609,1,58.52343167141484,0.88
8.61,1,58.532863773967605,0.88
8.611,1,58.542291106969245,0.88
8.612,1,58.55171367283154,0.88
8.613,1,58.56113147396513,0.88
8.614,1,58.57054451277941,0.88
8.615,1,58.57995279168253,0.88
8.616,1,58.58935631308145,0.88
8.617,1,58.59875507938193,0.88
8.618,1,58.603054499865934,0.8
8.619,1,58.603760808259445,0.8
8.620000000000001,1,58.60446675949251,0.8
8.621,1,58.60517235374573,0.8
8.622,1,58.60587759119962,0.8
8.623,1,58.606582472034596,0.8
8.624,1,58.60728699643101,0.8
8.625,1,58.60799116456908,0.8
8.626,1,58.60869497662896,0.8
8.627,1,58.60939843279072,0.8
8.628,1,58.61010153323433,0.8
8.629,1,58.610804278139646,0.8
8.63,1,58.61150666768647,0.8
8.631,1,58.61730329517703,0.88
8.632,1,58.62668792946823,0.88
8.633000000000001,1,58.636067818211686,0.88
8.634,1,58.645442963807035,0.88
8.635,1,58.65481336865278,0.88
8.636000000000001,1,58.6641790351462,0.88
8.637,1,58.67353996568332,0.88
8.638,1,58.68289616265898,0.88
8.639,1,58.69224762846683,0.88
8.64,1,58.701594365499304,0.88
8.641,1,58.71093637614757,0.88
8.642,1,58.720273662801645,0.88
8.643,1,58.72960622785035,0.88
8.644,1,58.73893407368122,0.88
8.645,1,58.74825720268066,0.88
8.646,1,58.757575617233854,0.88
8.647,1,58.766889319724726,0.88
8.648,1,58.77619831253605,0.88
8.649000000000001,1,58.78550259804942,0.88
8.65,1,58.79480217864513,0.88
8.651,1,58.80409705670234,0.88
8.652000000000001,1,58.81338723459902,0.88
8.653,1,58.82267271471187,0.88
8.654,1,58.83195349941645,0.88
8.655,1,58.8412295910871,0.88
8.656,1,58.85050099209696,0.88
8.657,1,58.85976770481794,0.88
8.658,1,58.8690297316208,0.88
8.659,1,58.87828707487509,0.88
8.66,1,58.88753973694911,0.88
8.661,1,58.89678772021003,0.88
8.662,1,58.9060310270238,0.88
8.663,1,58.91526965975515,0.88
8.664,1,58.92450362076764,0.88
8.665000000000001,1,58.933732912423636,0.88
8.666,1,58.94295753708429,0.88
8.667,1,58.952177497109574,0.88
8.668000000000001,1,58.961392794858284,0.88
8.669,1,58.970603432687966,0.88
8.67,1,58.979809412955035,0.88
8.671,1,58.98901073801468,0.88
8.672,1,58.99820741022093,0.88
8.673,1,59.00739943192658,0.88
8.674,1,59.01658680548326,0.88
8.675,1,59.025769533241444,0.88
8.676,1,59.03494761755033,0.88
8.677,1,59.044121060758,0.88
8.678,1,59.05328986521137,0.88
8.679,1,59.06245403325606,0.88
8.68,1,59.07161356723662,0.88
8.681000000000001,1,59.08076846949636,0.88
8.682,1,59.08991874237739,0.88
8.683,1,59.09906438822068,0.88
8.684000000000001,1,59.092044039386835,0.6
8.685,1,59.07733292026738,0.6
8.686,1,59.0626292401505,0.6
8.687,1,59.04793299527448,0.6
8.688,1,59.03324418187952,0.6
8.689,1,59.01856279620777,0.6
8.69,1,59.00388883450321,0.6
8.691,1,58.98922229301172,0.6
8.692,1,58.974563167981174,0.6
8.693,1,58.95991145566123,0.6
8.694,1,58.94526715230347,0.6
8.695,1,58.93063025416143,0.6
8.696,1,58.91600075749048,0.6
8.697000000000001,1,58.901378658547884,0.6
8.698,1,58.88676395359286,0.6
8.699,1,58.87215663888645,0.6
8.700000000000001,1,58.85755671069159,0.6
8.701,1,58.85117368177956,0.88
8.702,1,58.86044005434013,0.88
8.703,1,58.86970174115459,0.88
8.704,1,58.87895874459241,0.88
8.705,1,58.888211067021786,0.88
8.706,1,58.897458710809815,0.88
8.707,1,58.906701678322364,0.88
8.708,1,58.915939971924054,0.88
8.709,1,58.92517359397837,0.88
8.71,1,58.934402546847615,0.88
8.711,1,58.94362683289282,0.88
8.712,1,58.95284645447388,0.88
8.713000000000001,1,58.962061413949506,0.88
8.714,1,58.97127171367717,0.88
8.715,1,58.98047735601318,0.88
8.716,1,58.989678343312654,0.88
8.717,1,58.998874677929535,0.88
8.718,1,59.00806636221651,0.88
8.719,1,59.017253398525156,0.88
8.72,1,59.02643578920583,0.88
8.721,1,59.035613536607656,0.88
8.722,1,59.044786643078645,0.88
8.723,1,59.05395511096559,0.88
8.724,1,59.06311894261407,0.88
8.725,1,59.07227814036851,0.88
8.726,1,59.08143270657216,0.88
8.727,1,59.09058264356703,0.88
8.728,1,59.099727953694,0.88
8.729000000000001,1,59.10886863929277,0.88
8.73,1,59.094615538330174,0.6
8.731,1,59.079903118875436,0.6
8.732,1,59.065198139080806,0.6
8.733,1,59.05050059518423,0.6
8.734,1,59.03581048342565,0.6
8.735,1,59.02112780004679,0.6
8.736,1,59.006452541291324,0.6
8.737,1,58.99178470340485,0.6
8.738,1,58.97712428263485,0.6
8.739,1,58.96247127523064,0.6
8.74,1,58.94782567744355,0.6
8.741,1,58.93318748552672,0.6
8.742,1,58.918556695735184,0.6
8.743,1,58.90393330432594,0.6
8.744,1,58.8893173075578,0.6
8.745000000000001,1,58.874708701691496,0.6
8.746,1,58.86010748298969,0.6
8.747,1,58.84551364771687,0.6
8.748,1,58.830927192139455,0.6
8.749,1,58.816348112525716,0.6
8.75,1,58.80177640514586,0.6
8.751,1,58.78721206627195,0.6
8.752,1,58.772655092177914,0.6
8.753,1,58.758105479139616,0.6
8.754,1,58.743563223434776,0.6
8.755,1,58.729028321342966,0.6
8.756,1,58.71450076914571,0.6
8.757,1,58.699980563126346,0.6
8.758000000000001,1,58.6854676995701,0.6
8.759,1,58.67096217476414,0.6
8.76,1,58.65646398499744,0.6
8.761000000000001,1,58.64197312656084,0.6
8.762,1,58.627489595747164,0.6
8.763,1,58.61301338885099,0.6
8.764,1,58.59854450216883,0.6
8.765,1,58.58408293199902,0.6
8.766,1,58.56962867464187,0.6
8.767,1,58.555181726399454,0.6
8.768,1,58.540742083575736,0.6
8.769,1,58.54174827208435,0.88
8.77,1,58.5511711124431,0.88
8.771,1,58.56058918793436,0.88
8.772,1,58.57000250096755,0.88
8.773,1,58.57941105395092,0.88
8.774000000000001,1,58.588814849291516,0.88
8.775,1,58.59821388939511,0.88
8.776,1,58.60760817666632,0.88
8.777000000000001,1,58.616997713508525,0.88
8.778,1,58.62638250232386,0.88
8.779,1,58.63576254551327,0.88
8.78,1,58.64513784547651,0.88
8.781,1,58.6545084046121,0.88
8.782,1,58.663874225317315,0.88
8.783,1,58.67323530998826,0.88
8.784,1,58.68259166101983,0.88
8.785,1,58.69194328080566,0.88
8.786,1,58.701290171738236,0.88
8.787,1,58.71063233620882,0.88
8.788,1,58.719969776607414,0.88
8.789,1,58.72930249532287,0.88
8.790000000000001,1,58.73863049474282,0.88
8.791,1,58.74795377725367,0.88
8.792,1,58.757272345240615,0.88
8.793000000000001,1,58.76658620108769,0.88
8.794,1,58.775895347177666,0.88
8.795,1,58.78519978589215,0.88
8.796,1,58.774724113958186,0.6
8.797,1,58.76017345467328,0.6
8.798,1,58.74563015325089,0.6
8.799,1,58.73109420597035,0.6
8.8,1,58.71656560911285,0.6
8.801,1,58.702044358961516,0.6
8.802,1,58.68753045180131,0.6
8.803,1,58.67302388391906,0.6
8.804,1,58.65852465160355,0.6
8.805,1,58.64403275114536,0.6
8.806000000000001,1,58.629548178836956,0.6
8.807,1,58.615070930972735,0.6
8.808,1,58.60060100384892,0.6
8.809000000000001,1,58.586138393763584,0.6
8.81,1,58.58526481864955,0.88
8.811,1,58.59466565390461,0.88
8.812,1,58.604061735419535,0.88
8.813,1,58.613453065598144,0.88
8.814,1,58.62283964684305,0.88
8.815,1,58.63222148155565,0.88
8.816,1,58.641598572136175,0.88
8.817,1,58.65097092098354,0.88
8.818,1,58.66033853049555,0.88
8.819,1,58.66970140306875,0.88
8.82,1,58.679059541098454,0.88
8.821,1,58.6884129469788,0.88
8.822000000000001,1,58.697761623102735,0.88
8.823,1,58.707105571861916,0.88
8.824,1,58.71644479564685,0.88
8.825000000000001,1,58.725779296846866,0.88
8.826,1,58.73510907785,0.88
8.827,1,58.74443414104313,0.88
8.828,1,58.75375448881193,0.88
8.829,1,58.76307012354087,0.88
8.83,1,58.77238104761318,0.88
8.831,1,58.781687263410916,0.88
8.832,1,58.79098877331493,0.88
8.833,1,58.80028557970485,0.88
8.834,1,58.8095776849591,0.88
8.835,1,58.81886509145495,0.88
8.836,1,58.828147801568406,0.88
8.837,1,58.83742581767429,0.88
8.838000000000001,1,58.846699142146264,0.88
8.839,1,58.85596777735671,0.88
8.84,1,58.865231725676885,0.88
8.841,1,58.87449098947681,0.88
8.842,1,58.883745571125345,0.88
8.843,1,58.89299547299008,0.88
8.844,1,58.90224069743748,0.88
8.845,1,58.91148124683278,0.88
8.846,1,58.91581069214391,0.6
8.847,1,58.90118868931208,0.6
8.848,1,58.886574080419166,0.6
8.849,1,58.87196686172633,0.6
8.85,1,58.8573670294965,0.6
8.851,1,58.842774579994554,0.6
8.852,1,58.828189509487274,0.6
8.853,1,58.8136118142433,0.6
8.854000000000001,1,58.799041490533135,0.6
8.855,1,58.78447853462925,0.6
8.856,1,58.769922942805934,0.6
8.857,1,58.75537471133937,0.6
8.858,1,58.740833836507605,0.6
8.859,1,58.726300314590645,0.6
8.86,1,58.71177414187031,0.6
8.861,1,58.697255314630276,0.6
8.862,1,58.682743829156195,0.6
8.863,1,58.66823968173552,0.6
8.864,1,58.653742868657574,0.6
8.865,1,58.63925338621363,0.6
8.866,1,58.62477123069678,0.6
8.867,1,58.61029639840196,0.6
8.868,1,58.59582888562608,0.6
8.869,1,58.58136868866782,0.6
8.870000000000001,1,58.56691580382778,0.6
8.871,1,58.55247022740846,0.6
8.872,1,58.538031955714175,0.6
8.873,1,58.523600985051125,0.6
8.874,1,58.509177311727356,0.6
8.875,1,58.49476093205286,0.6
8.876,1,58.48035184233942,0.6
8.877,1,58.46595003890067,0.6
8.878,1,58.45155551805222,0.6
8.879,1,58.43716827611141,0.6
8.88,1,58.42278830939749,0.6
8.881,1,58.40841561423163,0.6
8.882,1,58.39405018693678,0.6
8.883000000000001,1,58.37969202383777,0.6
8.884,1,58.36534112126134,0.6
8.885,1,58.35099747553601,0.6
8.886000000000001,1,58.336661082992194,0.6
8.887,1,58.32233193996218,0.6
8.888,1,58.3080100427801,0.6
8.889,1,58.293695387781895,0.6
8.89,1,58.27938797130538,0.6
8.891,1,58.26508778969031,0.6
8.892,1,58.25079483927817,0.6
8.893,1,58.23650911641232,0.6
8.894,1,58.22223061743805,0.6
8.895,1,58.20795933870241,0.6
8.896,1,58.193695276554294,0.6
8.897,1,58.179438427344536,0.6
8.898,1,58.16518878742572,0.6
8.899000000000001,1,58.15094635315229,0.6
8.9,1,58.136711120880605,0.6
8.901,1,58.122483086968785,0.6
8.902000000000001,1,58.10826224777679,0.6
8.903,1,58.09404859966651,0.6
8.904,1,58.07984213900158,0.6
8.905,1,58.06564286214751,0.6
8.906,1,58.05145076547164,0.6
8.907,1,58.03726584534319,0.6
8.908,1,58.02308809813316,0.6
8.909,1,58.00891752021437,0.6
8.91,1,58.009203270861974,0.88
8.911,1,58.018895404372365,0.88
8.912,1,58.02858263684123,0.88
8.913,1,58.038264970746845,0.88
8.914,1,58.04794240856629,0.88
8.915000000000001,1,58.05761495277541,0.88
8.916,1,58.06728260584872,0.88
8.917,1,58.07694537025955,0.88
8.918000000000001,1,58.086603248479975,0.88
8.919,1,58.096256242980786,0.88
8.92,1,58.10590435623155,0.88
8.921,1,58.11554759070057,0.88
8.922,1,58.12518594885495,0.88
8.923,1,58.13481943316045,0.88
8.924,1,58.14444804608166,0.88
8.925,1,58.15407179008194,0.88
8.926,1,58.162254799120845,0.6
8.927,1,58.14801384848349,0.6
8.928,1,58.13378009909758,0.6
8.929,1,58.11955354732171,0.6
8.93,1,58.10533418951622,0.6
8.931000000000001,1,58.091122022043294,0.6
8.932,1,58.07691704126704,0.6
8.933,1,58.0627192435533,0.6
8.934000000000001,1,58.048528625269796,0.6
8.935,1,58.034345182786126,0.6
8.936,1,58.02016891247368,0.6
8.937,1,58.00599981070567,0.6
8.938,1,57.99183787385715,0.6
8.939,1,57.97768309830507,0.6
8.94,1,57.963535480428135,0.6
8.941,1,57.949395016606886,0.6
8.942,1,57.93526170322376,0.6
8.943,1,57.92113553666297,0.6
8.944,1,57.91804358582188,0.8
8.945,1,57.919096285126074,0.8
8.946,1,57.92014845210959,0.8
8.947000000000001,1,57.921200087041626,0.8
8.948,1,57.922251190191204,0.8
8.949,1,57.92330176182724,0.8
8.950000000000001,1,57.92435180221851,0.8
8.951,1,57.925401311633635,0.8
8.952,1,57.92645029034114,0.8
8.953,1,57.92749873860936,0.8
8.954,1,57.928546656706544,0.8
8.955,1,57.92959404490078,0.8
8.956,1,57.93064090346002,0.8
8.957,1,57.93800067870833,0.88
8.958,1,57.947728817383364,0.88
8.959,1,57.95745203681004,0.88
8.96,1,57.9671703394759,0.88
8.961,1,57.976883727867175,0.88
8.962,1,57.986592204468906,0.88
8.963000000000001,1,57.99629577176485,0.88
8.964,1,58.005994432237486,0.88
8.965,1,58.01568818836806,0.88
8.966,1,58.02537704263657,0.88
8.967,1,58.03506099752177,0.88
8.968,1,58.04474005550111,0.88
8.969,1,58.05441421905081,0.88
8.97,1,58.0640834906459,0.88
8.971,1,58.07374787276005,0.88
8.972,1,58.08340736786576,0.88
8.973,1,58.093061978434264,0.88
8.974,1,58.102711706935494,0.88
8.975,1,58.11235655583821,0.88
8.976,1,58.121996527609895,0.88
8.977,1,58.13163162471676,0.88
8.978,1,58.141261849623774,0.88
8.979000000000001,1,58.15088720479472,0.88
8.98,1,58.160507692692036,0.88
8.981,1,58.17012331577699,0.88
8.982,1,58.179734076509575,0.88
8.983,1,58.18933997734858,0.88
8.984,1,58.17726380104405,0.6
8.985,1,58.16301526077309,0.6
8.986,1,58.14877392559146,0.6
8.987,1,58.134539791855794,0.6
8.988,1,58.12031285592449,0.6
8.989,1,58.106093114157794,0.6
8.99,1,58.09188056291787,0.6
8.991,1,58.077675198568656,0.6
8.992,1,58.0634770174759,0.6
8.993,1,58.04928601600728,0.6
8.994,1,58.03510219053224,0.6
8.995000000000001,1,58.020925537422066,0.6
8.996,1,58.006756053049926,0.6
8.997,1,57.992593733790784,0.6
8.998,1,57.97843857602142,0.6
8.999,1,57.96429057612045,0.6
9.0,1,57.9501497304684,0.6
9.001,1,57.93601603544752,0.6
9.002,1,57.921889487441945,0.6
9.003,1,57.907770082837644,0.6
9.004,1,57.89365781802239,0.6
9.005,1,57.87955268938576,0.6
9.006,1,57.86545469331925,0.6
9.007,1,57.85136382621607,0.6
9.008000000000001,1,57.8372800844713,0.6
9.009,1,57.823203464481885,0.6
9.01,1,57.80913396264653,0.6
9.011000000000001,1,57.79507157536575,0.6
9.012,1,57.78101629904197,0.6
9.013,1,57.76696813007935,0.6
9.014,1,57.752927064883906,0.6
9.015,1,57.73889309986342,0.6
9.016,1,57.72486623142758,0.6
9.017,1,57.71084645598784,0.6
9.018,1,57.69683376995742,0.6
9.019,1,57.682828169751474,0.6
9.02,1,57.66882965178685,0.6
9.021,1,57.654838212482254,0.6
9.022,1,57.64085384825824,0.6
9.023,1,57.64060285182242,0.88
9.024000000000001,1,57.650481376282535,0.88
9.025,1,57.660354905448386,0.88
9.026,1,57.670223441845955,0.88
9.027000000000001,1,57.68008698799997,0.88
9.028,1,57.68994554643383,0.88
9.029,1,57.69979911966969,0.88
9.03,1,57.70964771022844,0.88
9.031,1,57.719491320629686,0.88
9.032,1,57.729329953391726,0.88
9.033,1,57.73916361103163,0.88
9.034,1,57.7489922960652,0.88
9.035,1,57.7588160110069,0.88
9.036,1,57.768634758369984,0.88
9.037,1,57.778448540666446,0.88
9.038,1,57.788257360406945,0.88
9.039,1,57.79806122010091,0.88
9.040000000000001,1,57.80786012225653,0.88
9.041,1,57.817654069380666,0.88
9.042,1,57.82744306397893,0.88
9.043000000000001,1,57.83722710855572,0.88
9.044,1,57.84700620561408,0.88
9.045,1,57.856780357655836,0.88
9.046,1,57.866549567181565,0.88
9.047,1,57.87631383669057,0.88
9.048,1,57.886073168680845,0.88
9.049,1,57.89582756564917,0.88
9.05,1,57.90557703009107,0.88
9.051,1,57.91532156450074,0.88
9.052,1,57.92506117137119,0.88
9.053,1,57.934795853194146,0.88
9.054,1,57.94452561246005,0.88
9.055,1,57.9542504516581,0.88
9.056000000000001,1,57.96397037327626,0.88
9.057,1,57.97368537980118,0.88
9.058,1,57.9833954737183,0.88
9.059000000000001,1,57.993100657511825,0.88
9.06,1,58.0028009336646,0.88
9.061,1,58.01249630465833,0.88
9.062,1,58.0221867729734,0.88
9.063,1,58.03187234108897,0.88
9.064,1,58.04155301148291,0.88
9.065,1,58.05122878663188,0.88
9.066,1,58.06089966901128,0.88
9.067,1,58.070565661095216,0.88
9.068,1,58.08022676535659,0.88
9.069,1,58.089882984267064,0.88
9.07,1,58.09953432029697,0.88
9.071,1,58.109180775915476,0.88
9.072000000000001,1,58.11882235359048,0.88
9.073,1,58.128459055788596,0.88
9.074,1,58.13809088497523,0.88
9.075000000000001,1,58.14771784361453,0.88
9.076,1,58.157339934169386,0.88
9.077,1,58.16695715910146,0.88
9.078,1,58.17656952087116,0.88
9.079,1,58.18617702193767,0.88
9.08,1,58.195779664758874,0.88
9.081,1,58.20537745179148,0.88
9.082,1,58.21497038549092,0.88
9.083,1,58.22455846831137,0.88
9.084,1,58.23414170270581,0.88
9.085,1,58.24372009112596,0.88
9.086,1,58.25329363602225,0.88
9.087,1,58.26286233984395,0.88
9.088000000000001,1,58.27242620503907,0.88
9.089,1,58.28198523405432,0.88
9.09,1,58.29153942933526,0.88
9.091,1,58.301088793326144,0.88
9.092,1,58.310633328470075,0.88
9.093,1,58.320173037208804,0.88
9.094,1,58.329707921982944,0.88
9.095,1,58.33923798523185,0.88
9.096,1,58.32853153241985,0.6
9.097,1,58.314206500276796,0.6
9.098,1,58.29988871190287,0.6
9.099,1,58.28557816363514,0.6
9.1,1,58.27127485181248,0.6
9.101,1,58.25697877277559,0.6
9.102,1,58.2426899228671,0.6
9.103,1,58.22840829843142,0.6
9.104000000000001,1,58.2141338958148,0.6
9.105,1,58.19986671136542,0.6
9.106,1,58.18560674143323,0.6
9.107,1,58.17135398237005,0.6
9.108,1,58.15710843052952,0.6
9.109,1,58.142870082267194,0.6
9.11,1,58.1286389339404,0.6
9.111,1,58.11441498190831,0.6
9.112,1,58.100198222532015,0.6
9.113,1,58.08598865217435,0.6
9.114,1,58.07178626720001,0.6
9.115,1,58.05759106397559,0.6
9.116,1,58.04340303886948,0.6
9.117,1,58.02922218825185,0.6
9.118,1,58.01504850849482,0.6
9.119,1,58.00088199597228,0.6
9.120000000000001,1,58.00059351755457,0.88
9.121,1,58.01029000477705,0.88
9.122,1,58.019981588756416,0.88
9.123,1,58.02966827197211,0.88
9.124,1,58.03935005690235,0.88
9.125,1,58.04902694602399,0.88
9.126,1,58.05869894181275,0.88
9.127,1,58.06836604674306,0.88
9.128,1,58.078028263288054,0.88
9.129,1,58.08768559391967,0.88
9.13,1,58.0973380411086,0.88
9.131,1,58.106985607324226,0.88
9.132,1,58.11662829503474,0.88
9.133000000000001,1,58.12626610670708,0.88
9.134,1,58.13589904480688,0.88
9.135,1,58.14552711179861,0.88
9.136000000000001,1,58.155150310145444,0.88
9.137,1,58.16476864230931,0.88
9.138,1,58.1743821107509,0.88
9.139,1,58.183990717929674,0.88
9.14,1,58.19359446630384,0.88
9.141,1,58.203193358330346,0.88
9.142,1,58.21278739646491,0.88
9.143,1,58.22237658316204,0.88
9.144,1,58.231960920874926,0.88
9.145,1,58.2415404120556,0.88
9.146,1,58.25111505915481,0.88
9.147,1,58.260684864622064,0.88
9.148,1,58.27024983090564,0.88
9.149000000000001,1,58.279809960452596,0.88
9.15,1,58.28936525570871,0.88
9.151,1,58.298915719118554,0.88
9.152000000000001,1,58.308461353125494,0.88
9.153,1,58.318002160171574,0.88
9.154,1,58.32753814269766,0.88
9.155,1,58.33706930314341,0.88
9.156,1,58.346595643947204,0.88
9.157,1,58.356117167546174,0.88
9.158,1,58.36563387637628,0.88
9.159,1,58.3751457728722,0.88
9.16,1,58.384652859467394,0.88
9.161,1,58.394155138594094,0.88
9.162,1,58.40365261268333,0.88
9.163,1,58.407949650719615,0.6
9.164,1,58.39358445904952,0.6
9.165000000000001,1,58.37922653145611,0.6
9.166,1,58.36487586426618,0.6
9.167,1,58.35053245380834,0.6
9.168000000000001,1,58.336196296413036,0.6
9.169,1,58.32186738841264,0.6
9.17,1,58.3075457261413,0.6
9.171,1,58.29323130593508,0.6
9.172,1,58.27892412413182,0.6
9.173,1,58.26462417707132,0.6
9.174,1,58.25033146109514,0.6
9.175,1,58.23604597254672,0.6
9.176,1,58.22176770777138,0.6
9.177,1,58.207496663116245,0.6
9.178,1,58.19323283493027,0.6
9.179,1,58.17897621956433,0.6
9.18,1,58.164726813371104,0.6
9.181000000000001,1,58.15048461270507,0.6
9.182,1,58.136249613922644,0.6
9.183,1,58.12202181338202,0.6
9.184000000000001,1,58.10780120744321,0.6
9.185,1,58.093587792468156,0.6
9.186,1,58.07938156482058,0.6
9.187,1,58.06518252086603,0.6
9.188,1,58.050990656971905,0.6
9.189,1,58.03680596950748,0.6
9.19,1,58.02262845484383,0.6
9.191,1,58.00845810935383,0.6
9.192,1,57.99429492941229,0.6
9.193,1,57.980138911395755,0.6
9.194,1,57.965990051682624,0.6
9.195,1,57.95184834665318,0.6
9.196,1,57.93771379268949,0.6
9.197000000000001,1,57.92358638617543,0.6
9.198,1,57.90946612349678,0.6
9.199,1,57.89535300104107,0.6
9.200000000000001,1,57.88124701519768,0.6
9.201,1,57.867148162357864,0.6
9.202,1,57.853056438914635,0.6
9.203,1,57.86007085719415,0.88
9.204,1,57.86983840280607,0.88
9.205,1,57.87960100924262,0.88
9.206,1,57.88935867900143,0.88
9.207,1,57.899111414578854,0.88
9.208,1,57.90885921846993,0.88
9.209,1,57.9186020931685,0.88
9.21,1,57.92834004116713,0.88
9.211,1,57.93807306495708,0.88
9.212,1,57.947801167028416,0.88
9.213000000000001,1,57.95752434986991,0.88
9.214,1,57.967242615969056,0.88
9.215,1,57.97695596781213,0.88
9.216000000000001,1,57.98666440788415,0.88
9.217,1,57.996367938668826,0.88
9.218,1,58.00606656264867,0.88
9.219,1,58.0157602823049,0.88
9.22,1,58.02544910011754,0.88
9.221,1,58.03513301856526,0.88
9.222,1,58.044812040125564,0.88
9.223,1,58.054486167274675,0.88
9.224,1,58.064155402487536,0.88
9.225,1,58.073819748237874,0.88
9.226,1,58.08347920699818,0.88
9.227,1,58.093133781239615,0.88
9.228,1,58.10278347343217,0.88
9.229000000000001,1,58.11242828604459,0.88
9.23,1,58.122068221544296,0.88
9.231,1,58.13170328239753,0.88
9.232,1,58.14133347106926,0.88
9.233,1,58.15095879002324,0.88
9.234,1,58.160579241721905,0.88
9.235,1,58.17019482862651,0.88
9.236,1,58.179805553197056,0.88
9.237,1,58.18941141789227,0.88
9.238,1,58.19901242516967,0.88
9.239,1,58.1961834690283,0.6
9.24,1,58.18192536160901,0.6
9.241,1,58.167674464116914,0.6
9.242,1,58.15343077290612,0.6
9.243,1,58.13919428433267,0.6
9.244,1,58.12496499475436,0.6
9.245000000000001,1,58.11074290053083,0.6
9.246,1,58.096527998023646,0.6
9.247,1,58.08232028359613,0.6
9.248,1,58.06811975361347,0.6
9.249,1,58.053926404442684,0.6
9.25,1,58.03974023245266,0.6
9.251,1,58.02556123401409,0.6
9.252,1,58.01138940549947,0.6
9.253,1,57.99722474328324,0.6
9.254,1,57.98306724374156,0.6
9.255,1,57.96891690325245,0.6
9.256,1,57.95477371819581,0.6
9.257,1,57.94063768495334,0.6
9.258000000000001,1,57.92650879990852,0.6
9.259,1,57.912387059446765,0.6
9.26,1,57.89827245995523,0.6
9.261000000000001,1,57.88416499782291,0.6
9.262,1,57.87006466944067,0.6
9.263,1,57.86203470015562,0.88
9.264,1,57.871801252706916,0.88
9.265,1,57.88156286658504,0.88
9.266,1,57.89131954428732,0.88
9.267,1,57.90107128830985,0.88
9.268,1,57.91081810114747,0.88
9.269,1,57.920559985293714,0.88
9.27,1,57.9302969432409,0.88
9.271,1,57.940028977480075,0.88
9.272,1,57.949756090501,0.88
9.273,1,57.95947828479221,0.88
9.274000000000001,1,57.969195562840994,0.88
9.275,1,57.97890792713331,0.88
9.276,1,57.98861538015393,0.88
9.277000000000001,1,57.99831792438637,0.88
9.278,1,58.008015562312835,0.88
9.279,1,58.01770829641431,0.88
9.28,1,58.02739612917053,0.88
9.281,1,58.03707906305999,0.88
9.282,1,58.04675710055988,0.88
9.283,1,58.05643024414617,0.88
9.284,1,58.066098496293606,0.88
9.285,1,58.075761859475605,0.88
9.286,1,58.08542033616441,0.88
9.287,1,58.095073928831,0.88
9.288,1,58.10472263994504,0.88
9.289,1,58.11436647197503,0.88
9.290000000000001,1,58.1240054273882,0.88
9.291,1,58.133639508650475,0.88
9.292,1,58.1432687182266,0.88
9.293000000000001,1,58.15289305858008,0.88
9.294,1,58.16251253217308,0.88
9.295,1,58.17212714146664,0.88
9.296,1,58.18173688892047,0.88
9.297,1,58.1913417769931,0.88
9.298,1,58.20094180814175,0.88
9.299,1,58.21053698482244,0.88
9.3,1,58.22012730948996,0.88
9.301,1,58.2297127845978,0.88
9.302,1,58.23929341259827,0.88
9.303,1,58.24886919594243,0.88
9.304,1,58.25844013708006,0.88
9.305,1,58.26800623845973,0.88
9.306000000000001,1,58.27756750252881,0.88
9.307,1,58.28712393173334,0.88
9.308,1,58.29667552851821,0.88
9.309000000000001,1,58.30622229532703,0.88
9.31,1,58.315764234602185,0.88
9.311,1,58.325301348784805,0.88
9.312,1,58.33483364031484,0.88
9.313,1,58.34436111163096,0.88
9.314,1,58.35388376517059,0.88
9.315,1,58.36340160336997,0.88
9.316,1,58.364682480748996,0.6
9.317,1,58.35033916807981,0.6
9.318,1,58.336003108423725,0.6
9.319,1,58.32167429811308,0.6
9.32,1,58.30735273348212,0.6
9.321,1,58.2930384108669,0.6
9.322000000000001,1,58.278731326605296,0.6
9.323,1,58.26443147703713,0.6
9.324,1,58.25013885850399,0.6
9.325000000000001,1,58.235853467349315,0.6
9.326,1,58.221575299918484,0.6
9.327,1,58.20730435255864,0.6
9.328,1,58.19304062161876,0.6
9.329,1,58.17878410344972,0.6
9.33,1,58.16453479440425,0.6
9.331,1,58.15029269083688,0.6
9.332,1,58.13605778910396,0.6
9.333,1,58.121830085563786,0.6
9.334,1,58.10760957657642,0.6
9.335,1,58.09339625850373,0.6
9.336,1,58.07919012770953,0.6
9.337,1,58.06499118055939,0.6
9.338000000000001,1,58.05079941342072,0.6
9.339,1,58.03661482266283,0.6
9.34,1,58.02430710748444,0.88
9.341000000000001,1,58.033991603406,0.88
9.342,1,58.043671202148104,0.88
9.343,1,58.05334590618715,0.88
9.344,1,58.063015717998226,0.88
9.345,1,58.07268064005524,0.88
9.346,1,58.082340674830746,0.88
9.347,1,58.09199582479614,0.88
9.348,1,58.101646092421554,0.88
9.349,1,58.11129148017581,0.88
9.35,1,58.12093199052653,0.88
9.351,1,58.1305676259401,0.88
9.352,1,58.14019838888163,0.88
9.353,1,58.149824281814986,0.88
9.354000000000001,1,58.159445307202816,0.88
9.355,1,58.16906146750648,0.88
9.356,1,58.17867276518612,0.88
9.357,1,58.18827920270063,0.88
9.358,1,58.19788078250768,0.88
9.359,1,58.20747750706364,0.88
9.36,1,58.21706937882371,0.88
9.361,1,58.2266564002418,0.88
9.362,1,58.23623857377058,0.88
9.363,1,58.245815901861505,0.88
9.364,1,58.255388386964796,0.88
9.365,1,58.26495603152937,0.88
9.366,1,58.27451883800299,0.88
9.367,1,58.28407680883214,0.88
9.368,1,58.29362994646206,0.88
9.369,1,58.30317825333675,0.88
9.370000000000001,1,58.31272173189904,0.88
9.371,1,58.322260384590415,0.88
9.372,1,58.33179421385121,0.88
9.373,1,58.341323222120494,0.88
9.374,1,58.32729107882008,0.6
9.375,1,58.31296667393981,0.6
9.376,1,58.298649512511496,0.6
9.377,1,58.284339590872314,0.6
9.378,1,58.27003690536135,0.6
9.379,1,58.25574145231947,0.6
9.38,1,58.2414532280894,0.6
9.381,1,58.227172229015764,0.6
9.382,1,58.21289845144499,0.6
9.383000000000001,1,58.19863189172534,0.6
9.384,1,58.184372546207,0.6
9.385,1,58.17012041124191,0.6
9.386000000000001,1,58.15587548318389,0.6
9.387,1,58.14163775838865,0.6
9.388,1,58.12740723321367,0.6
9.389,1,58.1131839040183,0.6
9.39,1,58.09896776716372,0.6
9.391,1,58.100364545452166,0.88
9.392,1,58.11001058124897,0.88
9.393,1,58.11965173931456,0.88
9.394,1,58.12928802211545,0.88
9.395,1,58.138919432116936,0.88
9.396,1,58.148545971783065,0.88
9.397,1,58.15816764357661,0.88
9.398,1,58.16778444995912,0.88
9.399000000000001,1,58.177396393390936,0.88
9.4,1,58.18700347633106,0.88
9.401,1,58.19660570123733,0.88
9.402000000000001,1,58.20620307056634,0.88
9.403,1,58.21579558677338,0.88
9.404,1,58.22538325231257,0.88
9.405,1,58.23496606963674,0.88
9.406,1,58.24454404119753,0.88
9.407,1,58.25411716944526,0.88
9.408,1,58.26368545682908,0.88
9.409,1,58.27324890579689,0.88
9.41,1,58.28280751879532,0.88
9.411,1,58.292361298269796,0.88
9.412,1,58.30191024666452,0.88
9.413,1,58.31145436642239,0.88
9.414,1,58.320993659985135,0.88
9.415000000000001,1,58.33052812979324,0.88
9.416,1,58.34005777828591,0.88
9.417,1,58.349582607901176,0.88
9.418000000000001,1,58.35910262107582,0.88
9.419,1,58.36861782024535,0.88
9.42,1,58.37812820784408,0.88
9.421,1,58.3876337863051,0.88
9.422,1,58.39713455806027,0.88
9.423,1,58.40663052554017,0.88
9.424,1,58.41612169117421,0.88
9.425,1,58.42560805739057,0.88
9.426,1,58.43508962661613,0.88
9.427,1,58.44456640127664,0.88
9.428,1,58.454038383796565,0.88
9.429,1,58.46350557659915,0.88
9.43,1,58.472967982106404,0.88
9.431000000000001,1,58.48242560273918,0.88
9.432,1,58.491878440917006,0.88
9.433,1,58.50132649905825,0.88
9.434000000000001,1,58.51076977958007,0.88
9.435,1,58.52020828489833,0.88
9.436,1,58.52964201742775,0.88
9.437,1,58.53907097958178,0.88
9.438,1,58.54849517377269,0.88
9.439,1,58.55791460241147,0.88
9.44,1,58.567329267907944,0.88
9.441,1,58.57673917267072,0.88
9.442,1,58.586144319107134,0.88
9.443,1,58.595544709623354,0.88
9.444,1,58.604940346624325,0.88
9.445,1,58.61433123251375,0.88
9.446,1,58.623717369694134,0.88
9.447000000000001,1,58.633098760566796,0.88
9.448,1,58.64247540753178,0.88
9.449,1,58.65184731298795,0.88
9.450000000000001,1,58.661214479332976,0.88
9.451,1,58.67057690896327,0.88
9.452,1,58.67993460427407,0.88
9.453,1,58.68928756765938,0.88
9.454,1,58.698635801512026,0.88
9.455,1,58.70797930822357,0.88
9.456,1,58.71731809018441,0.88
9.457,1,58.72665214978374,0.88
9.458,1,58.73598148940948,0.88
9.459,1,58.74530611144843,0.88
9.46,1,58.75462601828613,0.88
9.461,1,58.76394121230692,0.88
9.462,1,58.77325169589393,0.88
9.463000000000001,1,58.78255747142913,0.88
9.464,1,58.791858541293216,0.88
9.465,1,58.80115490786572,0.88
9.466000000000001,1,58.810446573525,0.88
9.467,1,58.81973354064813,0.88
9.468,1,58.82901581161104,0.88
9.469,1,58.83829338878846,0.88
9.47,1,58.84756627455393,0.88
9.471,1,58.83472360339309,0.6
9.472,1,58.8201426040401,0.6
9.473,1,58.80556897789171,0.6
9.474,1,58.791002721219556,0.6
9.475,1,58.776443830297076,0.6
9.476,1,58.761892301399584,0.6
9.477,1,58.74734813080436,0.6
9.478,1,58.732811314790496,0.6
9.479000000000001,1,58.718281849638956,0.6
9.48,1,58.70375973163266,0.6
9.481,1,58.689244957056346,0.6
9.482,1,58.674737522196644,0.6
9.483,1,58.66023742334203,0.6
9.484,1,58.64574465678295,0.6
9.485,1,58.63125921881165,0.6
9.486,1,58.616781105722225,0.6
9.487,1,58.60231031381074,0.6
9.488,1,58.58784683937506,0.6
9.489,1,58.573390678714915,0.6
9.49,1,58.558941828131985,0.6
9.491,1,58.544500283929736,0.6
9.492,1,58.530066042413516,0.6
9.493,1,58.515639099890606,0.6
9.494,1,58.5012194526701,0.6
9.495000000000001,1,58.50255739195012,0.88
9.496,1,58.512000050043724,0.88
9.497,1,58.521437933248535,0.88
9.498,1,58.530871043979076,0.88
9.499,1,58.540299384648684,0.88
9.5,1,58.5497229576694,0.88
9.501,1,58.55914176545211,0.88
9.502,1,58.568555810406494,0.88
9.503,1,58.57796509494092,0.88
9.504,1,58.58736962146264,0.88
9.505,1,58.59676939237765,0.88
9.506,1,58.6061644100907,0.88
9.507,1,58.61555467700538,0.88
9.508000000000001,1,58.62494019552403,0.88
9.509,1,58.63432096804777,0.88
9.51,1,58.643696996976516,0.88
9.511000000000001,1,58.65306828470899,0.88
9.512,1,58.66243483364267,0.88
9.513,1,58.67179664617383,0.88
9.514,1,58.68115372469755,0.88
9.515,1,58.690506071607686,0.88
9.516,1,58.69985368929686,0.88
9.517,1,58.70919658015653,0.88
9.518,1,58.71853474657692,0.88
9.519,1,58.727868190947035,0.88
9.52,1,58.73719691565468,0.88
9.521,1,58.74652092308649,0.88
9.522,1,58.75584021562783,0.88
9.523,1,58.76515479566288,0.88
9.524000000000001,1,58.77446466557467,0.88
9.525,1,58.78376982774492,0.88
9.526,1,58.79307028455423,0.88
9.527000000000001,1,58.80236603838199,0.88
9.528,1,58.811657091606335,0.88
9.529,1,58.82094344660423,0.88
9.53,1,58.83022510575145,0.88
9.531,1,58.83950207142258,0.88
9.532,1,58.84877434599093,0.88
9.533,1,58.85804193182869,0.88
9.534,1,58.86730483130682,0.88
9.535,1,58.87656304679506,0.88
9.536,1,58.885816580661995,0.88
9.537,1,58.895065435274994,0.88
9.538,1,58.904309613000194,0.88
9.539,1,58.913549116202596,0.88
9.540000000000001,1,58.922783947245975,0.88
9.541,1,58.93201410849289,0.88
9.542,1,58.94123960230475,0.88
9.543000000000001,1,58.95046043104174,0.88
9.544,1,58.959676597062845,0.88
9.545,1,58.968888102725884,0.88
9.546,1,58.97809495038746,0.88
9.547,1,58.98729714240302,0.88
9.548,1,58.996494681126755,0.88
9.549,1,59.005687568911725,0.88
9.55,1,59.0148758081098,0.88
9.551,1,59.024059401071604,0.88
9.552,1,59.03323835014663,0.88
9.553,1,59.042412657683165,0.88
9.554,1,59.05158232602829,0.88
9.555,1,59.060747357527916,0.88
9.556000000000001,1,59.069907754526795,0.88
9.557,1,59.079063519368425,0.88
9.558,1,59.08821465439518,0.88
9.559000000000001,1,59.09736116194824,0.88
9.56,1,59.10650304436756,0.88
9.561,1,59.11564030399195,0.88
9.562,1,59.12477294315904,0.88
9.563,1,59.13390096420527,0.88
9.564,1,59.14302436946588,0.88
9.565,1,59.152143161274935,0.88
9.566,1,59.16125734196537,0.88
9.567,1,59.170366913868854,0.88
9.568,1,59.17947187931594,0.88
9.569,1,59.188572240636,0.88
9.57,1,59.19766800015718,0.88
9.571,1,59.2067591602065,0.88
9.572000000000001,1,59.2158457231098,0.88
9.573,1,59.224927691191695,0.88
9.574,1,59.23400506677568,0.88
9.575000000000001,1,59.24307785218406,0.88
9.576,1,59.252146049737924,0.88
9.577,1,59.26120966175725,0.88
9.578,1,59.27026869056081,0.88
9.579,1,59.279323138466225,0.88
9.58,1,59.28837300778989,0.88
9.581,1,59.2916838335212,0.8
9.582,1,59.29204192127018,0.8
9.583,1,59.29239982794417,0.8
9.584,1,59.29275755363474,0.8
9.585,1,59.29311509843342,0.8
9.586,1,59.29347246243165,0.8
9.587,1,59.29382964572088,0.8
9.588000000000001,1,59.2941866483925,0.8
9.589,1,59.29454347053781,0.8
9.59,1,59.29490011224812,0.8
9.591000000000001,1,59.295256573614665,0.8
9.592,1,59.29561285472864,0.8
9.593,1,59.2959689556812,0.8
9.594,1,59.302059343889326,0.88
9.595,1,59.31109771614816,0.88
9.596,1,59.32013151795425,0.88
9.597,1,59.32916075161878,0.88
9.598,1,59.33818541945172,0.88
9.599,1,59.34720552376187,0.88
9.6,1,59.3562210668569,0.88
9.601,1,59.36523205104328,0.88
9.602,1,59.37423847862631,0.88
9.603,1,59.383240351910146,0.88
9.604000000000001,1,59.39223767319779,0.88
9.605,1,59.401230444791025,0.88
9.606,1,59.410218668990524,0.88
9.607,1,59.419202348095766,0.88
9.608,1,59.42818148440511,0.88
9.609,1,59.43715608021568,0.88
9.61,1,59.44612613782349,0.88
9.611,1,59.45509165952341,0.88
9.612,1,59.464052647609094,0.88
9.613,1,59.47300910437306,0.88
9.614,1,59.48196103210671,0.88
9.615,1,59.4909084331002,0.88
9.616,1,59.499851309642594,0.88
9.617,1,59.508789664021805,0.88
9.618,1,59.51772349852453,0.88
9.619,1,59.52665281543635,0.88
9.620000000000001,1,59.535577617041724,0.88
9.621,1,59.54449790562386,0.88
9.622,1,59.553413683464896,0.88
9.623,1,59.562324952845785,0.88
9.624,1,59.57123171604634,0.88
9.625,1,59.58013397534519,0.88
9.626,1,59.589031733019844,0.88
9.627,1,59.597924991346666,0.88
9.628,1,59.606813752600814,0.88
9.629,1,59.615698019056346,0.88
9.63,1,59.62457779298618,0.88
9.631,1,59.63345307666202,0.88
9.632,1,59.642323872354496,0.88
9.633000000000001,1,59.65119018233305,0.88
9.634,1,59.66005200886596,0.88
9.635,1,59.668909354220396,0.88
9.636000000000001,1,59.67776222066238,0.88
9.637,1,59.68661061045674,0.88
9.638,1,59.69545452586721,0.88
9.639,1,59.70429396915637,0.88
9.64,1,59.71312894258564,0.88
9.641,1,59.72195944841529,0.88
9.642,1,59.73078548890447,0.88
9.643,1,59.739607066311194,0.88
9.644,1,59.74842418289229,0.88
9.645,1,59.75723684090349,0.88
9.646,1,59.76604504259937,0.88
9.647,1,59.77484879023335,0.88
9.648,1,59.78364808605774,0.88
9.649000000000001,1,59.792442932323695,0.88
9.65,1,59.801233331281225,0.88
9.651,1,59.8100192851792,0.88
9.652000000000001,1,59.81880079626539,0.88
9.653,1,59.827577866786385,0.88
9.654,1,59.83635049898764,0.88
9.655,1,59.84511869511352,0.88
9.656,1,59.853882457407224,0.88
9.657,1,59.86264178811078,0.88
9.658,1,59.87139668946514,0.88
9.659,1,59.880147163710134,0.88
9.66,1,59.88889321308437,0.88
9.661,1,59.89763483982542,0.88
9.662,1,59.90637204616969,0.88
9.663,1,59.91439494538978,0.85
9.664,1,59.91967210665731,0.85
9.665000000000001,1,59.9249465994116,0.85
9.666,1,59.93021842500203,0.85
9.667,1,59.93548758477732,0.85
9.668000000000001,1,59.940754080085505,0.85
9.669,1,59.94601791227391,0.85
9.67,1,59.95127908268921,0.85
9.671,1,59.95653759267741,0.85
9.672,1,59.96179344358379,0.85
9.673,1,59.96704663675297,0.85
9.674,1,59.972297173528915,0.85
9.675,1,59.97754505525488,0.85
9.676,1,59.96299128444372,0.6
9.677,1,59.94783975159774,0.6
9.678,1,59.93269588045923,0.6
9.679,1,59.91755966715394,0.6
9.68,1,59.90243110780949,0.6
9.681000000000001,1,59.88731019855547,0.6
9.682,1,59.872196935523476,0.6
9.683,1,59.85709131484701,0.6
9.684000000000001,1,59.84199333266152,0.6
9.685,1,59.826902985104475,0.6
9.686,1,59.81182026831525,0.6
9.687,1,59.796745178435174,0.6
9.688,1,59.781677711607486,0.6
9.689,1,59.7666178639775,0.6
9.69,1,59.75156563169236,0.6
9.691,1,59.73652101090117,0.6
9.692,1,59.72148399775507,0.6
9.693,1,59.721652119188775,0.88
9.694,1,59.73047831508579,0.88
9.695,1,59.73930004782173,0.88
9.696,1,59.74811731965351,0.88
9.697000000000001,1,59.7569301328369,0.88
9.698,1,59.765738489626486,0.88
9.699,1,59.774542392275755,0.88
9.700000000000001,1,59.78334184303705,0.88
9.701,1,59.79213684416155,0.88
9.702,1,59.800927397899315,0.88
9.703,1,59.80971350649928,0.88
9.704,1,59.818495172209225,0.88
9.705,1,59.82727239727577,0.88
9.706,1,59.83604518394444,0.88
9.707,1,59.84481353445963,0.88
9.708,1,59.853577451064545,0.88
9.709,1,59.862336936001306,0.88
9.71,1,59.871091991510895,0.88
9.711,1,59.87984261983313,0.88
9.712,1,59.88858882320671,0.88
9.713000000000001,1,59.89733060386924,0.88
9.714,1,59.90606796405713,0.88
9.715,1,59.91480090600571,0.88
9.716000000000001,1,59.92352943194916,0.88
9.717,1,59.93225354412051,0.88
9.718,1,59.9409732447517,0.88
9.719,1,59.94968853607352,0.88
9.72,1,59.95839942031566,0.88
9.721,1,59.96473113276057,0.8
9.722,1,59.964748879265144,0.8
9.723,1,59.96476661679581,0.8
9.724,1,59.96478434535711,0.8
9.725,1,59.96480206495357,0.8
9.726,1,59.96481977558971,0.8
9.727,1,59.96483747727009,0.8
9.728,1,59.96485516999922,0.8
9.729000000000001,1,59.96487285378162,0.8
9.73,1,59.96489052862184,0.8
9.731,1,59.96490819452438,0.8
9.732,1,59.96492585149376,0.8
9.733,1,59.96494349953451,0.8
9.734,1,59.96496113865114,0.8
9.735,1,59.964978768848155,0.8
9.736,1,59.964996390130075,0.8
9.737,1,59.965014002501405,0.8
9.738,1,59.965031605966644,0.8
9.739,1,59.96504920053031,0.8
9.74,1,59.96506678619689,0.8
9.741,1,59.96508436297089,0.8
9.742,1,59.965101930856804,0.8
9.743,1,59.965119489859134,0.8
9.744,1,59.96513703998236,0.8
9.745000000000001,1,59.96515458123098,0.8
9.746,1,59.96517211360948,0.8
9.747,1,59.96518963712235,0.8
9.748,1,59.96520715177407,0.8
9.749,1,59.96522465756911,0.8
9.75,1,59.96524215451196,0.8
9.751,1,59.965259642607094,0.8
9.752,1,59.96527712185899,0.8
9.753,1,59.965294592272116,0.8
9.754,1,59.96531205385094,0.8
9.755,1,59.96532950659993,0.8
9.756,1,59.965346950523546,0.8
9.757,1,59.965364385626266,0.8
9.758000000000001,1,59.965381811912536,0.8
9.759,1,59.96539922938682,0.8
9.76,1,59.965416638053576,0.8
9.761000000000001,1,59.96128626709948,0.6
9.762,1,59.94613559643321,0.6
9.763,1,59.93099258703845,0.6
9.764,1,59.91585723504114,0.6
9.765,1,59.90072953656909,0.6
9.766,1,59.885609487752205,0.6
9.767,1,59.87049708472222,0.6
9.768,1,59.85539232361286,0.6
9.769,1,59.840295200559865,0.6
9.77,1,59.82520571170086,0.6
9.771,1,59.810123853175426,0.6
9.772,1,59.79504962112516,0.6
9.773,1,59.77998301169354,0.6
9.774000000000001,1,59.764924021026,0.6
9.775,1,59.74987264526999,0.6
9.776,1,59.73482888057483,0.6
9.777000000000001,1,59.719792723091814,0.6
9.778,1,59.704764168974215,0.6
9.779,1,59.70892404887551,0.85
9.78,1,59.71430511104374,0.85
9.781,1,59.719683452158954,0.85
9.782,1,59.72505907359708,0.85
9.783,1,59.7304319767334,0.85
9.784,1,59.73580216294249,0.85
9.785,1,59.74116963359822,0.85
9.786,1,59.74653439007375,0.85
9.787,1,59.7518964337416,0.85
9.788,1,59.75725576597353,0.85
9.789,1,59.76261238814065,0.85
9.790000000000001,1,59.76796630161338,0.85
9.791,1,59.7733175077614,0.85
9.792,1,59.778666007953746,0.85
9.793000000000001,1,59.78401180355875,0.85
9.794,1,59.78935489594403,0.85
9.795,1,59.79469528647654,0.85
9.796,1,59.80003297652253,0.85
9.797,1,59.805367967447566,0.85
9.798,1,59.8107002606165,0.85
9.799,1,59.81602985739353,0.85
9.8,1,59.82135675914215,0.85
9.801,1,59.82668096722514,0.85
9.802,1,59.832002483004615,0.85
9.803,1,59.837321307842025,0.85
9.804,1,59.84263744309807,0.85
9.805,1,59.847950890132815,0.85
9.806000000000001,1,59.853261650305626,0.85
9.807,1,59.85856972497515,0.85
9.808,1,59.86387511549938,0.85
9.809000000000001,1,59.86917782323563,0.85
9.81,1,59.87447784954048,0.85
9.811,1,59.87977519576989,0.85
9.812,1,59.88506986327907,0.85
9.813,1,59.890361853422604,0.85
9.814,1,59.89565116755433,0.85
9.815,1,59.90093780702745,0.85
9.816,1,59.90468808425442,0.8
9.817,1,59.90473619285371,0.8
9.818,1,59.90478427712583,0.8
9.819,1,59.90483233708307,0.8
9.82,1,59.904880372737736,0.8
9.821,1,59.90492838410211,0.8
9.822000000000001,1,59.90497637118847,0.8
9.823,1,59.905024334009106,0.8
9.824,1,59.90507227257628,0.8
9.825000000000001,1,59.90512018690225,0.8
9.826,1,59.90516807699929,0.8
9.827,1,59.90521594287964,0.8
9.828,1,59.90526378455556,0.8
9.829,1,59.906845290979305,0.85
9.83,1,59.91212626989647,0.85
9.831,1,59.91740457836991,0.85
9.832,1,59.922680217750006,0.85
9.833,1,59.92795318938642,0.85
9.834,1,59.933223494628166,0.85
9.835,1,59.938491134823586,0.85
9.836,1,59.94375611132028,0.85
9.837,1,59.94901842546524,0.85
9.838000000000001,1,59.95427807860473,0.85
9.839,1,59.95953507208434,0.85
9.84,1,59.964789407249,0.85
9.841000000000001,1,59.97004108544294,0.85
9.842,1,59.97529010800971,0.85
9.843,1,59.98053647629219,0.85
9.844,1,59.98578019163257,0.85
9.845,1,59.99102125537239,0.85
9.846,1,59.99540340915589,0.8
9.847,1,59.99540564554591,0.8
9.848,1,59.99540788080505,0.8
9.849,1,59.99541011493388,0.8
9.85,1,59.99541234793297,0.8
9.851,1,59.9954145798029,0.8
9.852,1,59.995416810544235,0.8
9.853,1,59.99541904015754,0.8
9.854000000000001,1,59.9954212686434,0.8
9.855,1,59.995423496002374,0.8
9.856,1,59.995425722235034,0.8
9.857,1,59.99542794734195,0.8
9.858,1,59.99543017132369,0.8
9.859,1,59.99543239418083,0.8
9.86,1,59.99543461591393,0.8
9.861,1,59.99543683652356,0.8
9.862,1,59.99543905601029,0.8
9.863,1,59.99544127437469,0.8
9.864,1,59.99544349161732,0.8
9.865,1,59.99544570773876,0.8
9.866,1,59.995447922739565,0.8
9.867,1,59.995450136620306,0.8
9.868,1,59.995452349381544,0.8
9.869,1,59.995454561023855,0.8
9.870000000000001,1,59.99545677154781,0.8
9.871,1,59.99545898095395,0.8
9.872,1,59.99546118924286,0.8
9.873,1,59.9954633964151,0.8
9.874,1,59.995465602471235,0.8
9.875,1,59.99546780741183,0.8
9.876,1,59.995470011237444,0.8
9.877,1,59.995472213948645,0.8
9.878,1,59.995474415546,0.8
9.879,1,59.99547661603007,0.8
9.88,1,59.99547881540141,0.8
9.881,1,59.995481013660594,0.8
9.882,1,59.99548321080818,0.8
9.883000000000001,1,59.99548540684473,0.8
9.884,1,59.995487601770805,0.8
9.885,1,59.99548979558697,0.8
9.886000000000001,1,59.99549198829377,0.8
9.887,1,59.99549417989179,0.8
9.888,1,59.99549637038158,0.8
9.889,1,59.9954985597637,0.8
9.89,1,59.995500748038715,0.8
9.891,1,59.99550293520717,0.8
9.892,1,59.995505121269645,0.8
9.893,1,59.995507306226685,0.8
9.894,1,59.99550949007885,0.8
9.895,1,59.99551167282671,0.8
9.896,1,59.99551385447081,0.8
9.897,1,59.99551603501171,0.8
9.898,1,59.99551821444997,0.8
9.899000000000001,1,59.995520392786155,0.8
9.9,1,59.99552257002082,0.8
9.901,1,59.99552474615451,0.8
9.902000000000001,1,59.99552692118779,0.8
9.903,1,59.99552909512122,0.8
9.904,1,59.99553126795535,0.8
9.905,1,59.995533439690746,0.8
9.906,1,59.99553561032795,0.8
9.907,1,59.99553777986752,0.8
9.908,1,59.99553994831002,0.8
9.909,1,59.995542115655994,0.8
9.91,1,59.99554428190601,0.8
9.911,1,59.995546447060605,0.8
9.912,1,59.99554861112034,0.8
9.913,1,59.99555077408578,0.8
9.914,1,59.99555293595746,0.8
9.915000000000001,1,59.99555509673595,0.8
9.916,1,59.99555725642179,0.8
9.917,1,59.995559415015535,0.8
9.918000000000001,1,59.995561572517744,0.8
9.919,1,59.995563728928964,0.8
9.92,1,59.99556588424974,0.8
9.921,1,59.995568038480634,0.8
9.922,1,59.9955701916222,0.8
9.923,1,59.99557234367498,0.8
9.924,1,59.99557449463952,0.8
9.925,1,59.99557664451638,0.8
9.926,1,59.99557879330611,0.8
9.927,1,59.99558094100925,0.8
9.928,1,59.995583087626365,0.8
9.929,1,59.995585233157996,0.8
9.93,1,59.995587377604686,0.8
9.931000000000001,1,59.995589520966995,0.8
9.932,1,59.995591663245456,0.8
9.933,1,59.99559380444064,0.8
9.934000000000001,1,59.99559594455307,0.8
9.935,1,59.99559808358331,0.8
9.936,1,59.9956002215319,0.8
9.937,1,59.99560235839939,0.8
9.938,1,59.995604494186324,0.8
9.939,1,59.99560662889325,0.8
9.94,1,59.99560876252072,0.8
9.941,1,59.99561089506927,0.8
9.942,1,59.995613026539445,0.8
9.943,1,59.995615156931805,0.8
9.944,1,59.995617286246876,0.8
9.945,1,59.99561941448522,0.8
9.946,1,59.99562154164737,0.8
9.947000000000001,1,59.99562366773387,0.8
9.948,1,59.995625792745265,0.8
9.949,1,59.99562791668211,0.8
9.950000000000001,1,59.995630039544935,0.8
9.951,1,59.99466768312725,0.6
9.952,1,59.979500132410074,0.6
9.953,1,59.96434025150019,0.6
9.954,1,59.94918803651917,0.6
9.955,1,59.934043483590614,0.6
9.956,1,59.91890658884002,0.6
9.957,1,59.90377734839482,0.6
9.958,1,59.8886557583845,0.6
9.959,1,59.87354181494044,0.6
9.96,1,59.858435514195946,0.6
9.961,1,59.84333685228636,0.6
9.962,1,59.82824582534893,0.6
9.963000000000001,1,59.813162429522826,0.6
9.964,1,59.79808666094927,0.6
9.965,1,59.78301851577132,0.6
9.966000000000001,1,59.76795799013404,0.6
9.967,1,59.75290508018449,0.6
9.968,1,59.73785978207159,0.6
9.969,1,59.74024339584696,0.88
9.97,1,59.74906019065397,0.88
9.971,1,59.757872527053784,0.88
9.972,1,59.7666804073009,0.88
9.973,1,59.77548383364869,0.88
9.974,1,59.78428280834933,0.88
9.975,1,59.793077333653926,0.88
9.976,1,59.80186741181241,0.88
9.977,1,59.81065304507355,0.88
9.978,1,59.81943423568503,0.88
9.979000000000001,1,59.82821098589339,0.88
9.98,1,59.83698329794398,0.88
9.981,1,59.84575117408107,0.88
9.982000000000001,1,59.8545146165478,0.88
9.983,1,59.86327362758612,0.88
9.984,1,59.87202820943689,0.88
9.985,1,59.876369534737265,0.6
9.986,1,59.86126180409374,0.6
9.987,1,59.8461617130082,0.6
9.988,1,59.8310692576175,0.6
9.989,1,59.815984434060454,0.6
9.99,1,59.80090723847792,0.6
9.991,1,59.7858376670126,0.6
9.992,1,59.77077571580918,0.6
9.993,1,59.755721381014354,0.6
9.994,1,59.74067465877668,0.6
9.995000000000001,1,59.72563554524669,0.6
9.996,1,59.710604036576925,0.6
9.997,1,59.695580128921776,0.6
9.998,1,59.68056381843764,0.6
9.999,1,59.665555101282806,0.6
10.0,1,58.545156545134745,0.6
