cooling_enabled,total_regions,mandatory_infeasible,optional_skipped,dispatch_infeasible,expired_waiting,completed,deadline_misses,thermal_violations,mandatory_released,mandatory_unique_terminal_uids,mandatory_pre_reject,mandatory_wait_expire,mandatory_late_complete,mandatory_on_time,mandatory_terminal_residual,mandatory_pre_rejection_rate,mandatory_admitted_dmr,mandatory_service_failure_rate,mandatory_terminal_table_sha256,period_ms,lines,epochs,seed,budget_mode,network_mode,release_mode,priority_overhead_ms,all_regions_mandatory,enable_productive_cooling,fixed_voltage_index,enforce_thermal_feasibility,plant_thermal_response_factor,plant_ambient_c,overrun_probability,overrun_min_extra,overrun_max_extra,forced_overrun_count,total_mandatory,mandatory_pre_execution_rejections,mandatory_rejection_ratio,admitted_mandatory_deadline_violations,admitted_mandatory_violation_ratio,peak_modeled_temperature,mean_voltage,completed_l1,completed_l2,completed_l3,completed_l4,completed_l5,dispatches,cooling_branch_dispatches,cooling_branch_rate,cooling_locally_decreasing_dispatches,cooling_locally_decreasing_rate,cooling_mean_planned_delta_c,cooling_total_iit_celsius_seconds,total_iit_celsius_seconds,historical_completed_only_dice,historical_coverage_adjusted_dice,historical_mandatory_effective_dice,on_time_completed_regions,historical_weighted_coverage_utility,images,defective_images,mean_complete_image_dice,completed_only_images,mean_completed_only_dice,pixel_defect_recall,pixel_missed_detection_rate,image_complete_miss_rate,optimism_gap,runtime_seconds
False,16000,2000,9000,0,0,5000,0,0,4000,4000,2000,0,0,2000,0,0.5,0.0,0.5,21f8a0302771da6bb23b3802a6c8461ebd04f9ceef35334bcd274c2a2dae5c19,40,4,1000,101,assigned_level_sensitivity,dynamic,periodic,0.0,False,False,,True,1.0,25.0,0.0,0.0,0.0,0,4000,2000,0.5,0,0.0,59.999994514045426,0.8107660000000577,3000,0,0,0,2000,5000,0,0.0,0,0.0,0.0,0,0.0,0.6227600000000232,0.19461250000000724,0.34420000000000067,5000,0.23418136155191327,4000,4000,0.1289564448091323,1968,0.3670899223246177,0.19014740376544742,0.8098525962345526,0.638,0.2381334775154854,1.470585584640503
False,16000,2000,9000,0,0,5000,0,0,4000,4000,2000,0,0,2000,0,0.5,0.0,0.5,0e494ecde600ff746abe6c52817b85176dfcf8af364a445fe55035d33cf9d251,40,4,1000,202,assigned_level_sensitivity,dynamic,periodic,0.0,False,False,,True,1.0,25.0,0.0,0.0,0.0,0,4000,2000,0.5,0,0.0,59.999994514045426,0.8107660000000577,3000,0,0,0,2000,5000,0,0.0,0,0.0,0.0,0,0.0,0.6227600000000232,0.19461250000000724,0.34420000000000067,5000,0.23442024958671698,4000,4000,0.11921902212662294,1920,0.34825715438569776,0.1570875361470208,0.8429124638529792,0.662,0.22903813225907482,1.5249464511871338
False,16000,2000,9000,0,0,5000,0,0,4000,4000,2000,0,0,2000,0,0.5,0.0,0.5,0b2fd68a6068af12d512455cd9e994331509a9e3e6f76059acbf69b9b6df6b56,40,4,1000,303,assigned_level_sensitivity,dynamic,periodic,0.0,False,False,,True,1.0,25.0,0.0,0.0,0.0,0,4000,2000,0.5,0,0.0,59.999994514045426,0.8107660000000577,3000,0,0,0,2000,5000,0,0.0,0,0.0,0.0,0,0.0,0.6227600000000232,0.19461250000000724,0.34420000000000067,5000,0.2343109163086275,4000,4000,0.12906717382830968,1920,0.3617578002055593,0.1765983344448519,0.8234016655551482,0.654,0.23269062637724963,1.5648314952850342
False,16000,2000,9000,0,0,5000,0,0,4000,4000,2000,0,0,2000,0,0.5,0.0,0.5,9ed7cd1876d7d0d6aa58d71297969eacc91b0db9761b824a850a1e021614734e,40,4,1000,404,assigned_level_sensitivity,dynamic,periodic,0.0,False,False,,True,1.0,25.0,0.0,0.0,0.0,0,4000,2000,0.5,0,0.0,59.999994514045426,0.8107660000000577,3000,0,0,0,2000,5000,0,0.0,0,0.0,0.0,0,0.0,0.6227600000000232,0.19461250000000724,0.34420000000000067,5000,0.23485779730753886,4000,4000,0.11813634226981376,1872,0.34828164499163167,0.15996849996756526,0.8400315000324348,0.666,0.2301453027218179,1.4660804271697998
False,16000,2000,9000,0,0,5000,0,0,4000,4000,2000,0,0,2000,0,0.5,0.0,0.5,e05bcf92cfeb507f99a5fc1a653fe5a3cfec322babd1a7651762a4f1ab48be6a,40,4,1000,505,assigned_level_sensitivity,dynamic,periodic,0.0,False,False,,True,1.0,25.0,0.0,0.0,0.0,0,4000,2000,0.5,0,0.0,59.999994514045426,0.8107660000000577,3000,0,0,0,2000,5000,0,0.0,0,0.0,0.0,0,0.0,0.6227600000000232,0.19461250000000724,0.34420000000000067,5000,0.23533135588564613,4000,4000,0.12499673521970045,1944,0.3529724914344107,0.18819456001297719,0.8118054399870228,0.654,0.22797575621471022,1.450575590133667
False,16000,2000,9000,0,0,5000,0,0,4000,4000,2000,0,0,2000,0,0.5,0.0,0.5,ac29201d7ecbec8ef74350bda1e1d454235bdea6ffcc7e2316024f01b0a4d622,40,4,1000,606,assigned_level_sensitivity,dynamic,periodic,0.0,False,False,,True,1.0,25.0,0.0,0.0,0.0,0,4000,2000,0.5,0,0.0,59.999994514045426,0.8107660000000577,3000,0,0,0,2000,5000,0,0.0,0,0.0,0.0,0,0.0,0.6227600000000232,0.19461250000000724,0.34420000000000067,5000,0.23373616276064993,4000,4000,0.11803907712693375,1952,0.3393988644401366,0.1540310867469977,0.8459689132530023,0.656,0.22135978731320288,1.4658739566802979
False,16000,2000,9000,0,0,5000,0,0,4000,4000,2000,0,0,2000,0,0.5,0.0,0.5,265d13cb8b0d40ddd6fe43b474e5e42dcb645a5dd8fdf577173073bdc8da3d24,40,4,1000,707,assigned_level_sensitivity,dynamic,periodic,0.0,False,False,,True,1.0,25.0,0.0,0.0,0.0,0,4000,2000,0.5,0,0.0,59.999994514045426,0.8107660000000577,3000,0,0,0,2000,5000,0,0.0,0,0.0,0.0,0,0.0,0.6227600000000232,0.19461250000000724,0.34420000000000067,5000,0.233622199772172,4000,4000,0.13128429204701392,2000,0.35900044544982823,0.19030203549259725,0.8096979645074027,0.63,0.22771615340281431,1.4719116687774658
False,16000,2000,9000,0,0,5000,0,0,4000,4000,2000,0,0,2000,0,0.5,0.0,0.5,b6efc04df4a888bc4f72b7ae2720f940ec79475c7d8dde24b04db4a85e3cfd5b,40,4,1000,808,assigned_level_sensitivity,dynamic,periodic,0.0,False,False,,True,1.0,25.0,0.0,0.0,0.0,0,4000,2000,0.5,0,0.0,59.999994514045426,0.8107660000000577,3000,0,0,0,2000,5000,0,0.0,0,0.0,0.0,0,0.0,0.6227600000000232,0.19461250000000724,0.34420000000000067,5000,0.2329938193630814,4000,4000,0.13158832314003618,1904,0.3715728369798763,0.19713410370596035,0.8028658962940396,0.642,0.23998451383984012,1.4783353805541992
False,16000,2000,9000,0,0,5000,0,0,4000,4000,2000,0,0,2000,0,0.5,0.0,0.5,12412b380783c4f12cc27c0c040c59c603fd9765f9b637765d71fbcca8d64fd4,40,4,1000,909,assigned_level_sensitivity,dynamic,periodic,0.0,False,False,,True,1.0,25.0,0.0,0.0,0.0,0,4000,2000,0.5,0,0.0,59.999994514045426,0.8107660000000577,3000,0,0,0,2000,5000,0,0.0,0,0.0,0.0,0,0.0,0.6227600000000232,0.19461250000000724,0.34420000000000067,5000,0.2344389373977718,4000,4000,0.13136833943283047,1928,0.3703307884723545,0.18408280677356204,0.815917193226438,0.642,0.23896244903952404,1.486642599105835
False,16000,2000,9000,0,0,5000,0,0,4000,4000,2000,0,0,2000,0,0.5,0.0,0.5,811d5b078322620c14071e65d3f45bb2ffd40b921cdd2ebccc8598f02a9f739b,40,4,1000,1010,assigned_level_sensitivity,dynamic,periodic,0.0,False,False,,True,1.0,25.0,0.0,0.0,0.0,0,4000,2000,0.5,0,0.0,59.999994514045426,0.8107660000000577,3000,0,0,0,2000,5000,0,0.0,0,0.0,0.0,0,0.0,0.6227600000000232,0.19461250000000724,0.34420000000000067,5000,0.23647755639606496,4000,4000,0.12544780383537676,1896,0.3613303172653409,0.16256154874390158,0.8374384512560984,0.656,0.2358825134299641,1.4796500205993652
False,24000,4000,15000,0,0,5000,0,0,6000,6000,4000,0,0,2000,0,0.6666666666666666,0.0,0.6666666666666666,6a4dad3977b85b88fe0df3b8aa631eda18869a7251a7750b2f82bb25786a2fbd,40,6,1000,101,assigned_level_sensitivity,dynamic,periodic,0.0,False,False,,True,1.0,25.0,0.0,0.0,0.0,0,6000,4000,0.6666666666666666,0,0.0,59.999994514045426,0.8107660000000577,3000,0,0,0,2000,5000,0,0.0,0,0.0,0.0,0,0.0,0.6227600000000232,0.12974166666667147,0.22946666666666712,5000,0.15969492610855313,6000,6000,0.08441378386445487,2188,0.34148662990494005,0.11684616778042449,0.8831538322195756,0.7506666666666667,0.2570728460404852,2.149110794067383
False,24000,4000,15000,0,0,5000,0,0,6000,6000,4000,0,0,2000,0,0.6666666666666666,0.0,0.6666666666666666,33563e7a02259ccd5538d8dba6585e82daf158ccb83f8fa21592992639e82c21,40,6,1000,202,assigned_level_sensitivity,dynamic,periodic,0.0,False,False,,True,1.0,25.0,0.0,0.0,0.0,0,6000,4000,0.6666666666666666,0,0.0,59.999994514045426,0.8107660000000577,3000,0,0,0,2000,5000,0,0.0,0,0.0,0.0,0,0.0,0.6227600000000232,0.12974166666667147,0.22946666666666712,5000,0.15980686404235717,6000,6000,0.07844667698293788,2136,0.3312926076606794,0.09987008791835775,0.9001299120816423,0.7626666666666667,0.2528459306777415,2.137148141860962
False,24000,4000,15000,0,0,5000,0,0,6000,6000,4000,0,0,2000,0,0.6666666666666666,0.0,0.6666666666666666,257399eca8bfe4dd77587a6d52c47a170e46216901bcb6faabee18d46ca7e5fd,40,6,1000,303,assigned_level_sensitivity,dynamic,periodic,0.0,False,False,,True,1.0,25.0,0.0,0.0,0.0,0,6000,4000,0.6666666666666666,0,0.0,59.999994514045426,0.8107660000000577,3000,0,0,0,2000,5000,0,0.0,0,0.0,0.0,0,0.0,0.6227600000000232,0.12974166666667147,0.22946666666666712,5000,0.15964221520105268,6000,6000,0.07955884556578884,2168,0.3300616486053578,0.1026549152049119,0.8973450847950881,0.7613333333333333,0.25050280303956896,2.138612985610962
False,24000,4000,15000,0,0,5000,0,0,6000,6000,4000,0,0,2000,0,0.6666666666666666,0.0,0.6666666666666666,faf33b09b24a381669bca80fe7bff5cf6d08fad7133f8cfc2d5ca370f51adc22,40,6,1000,404,assigned_level_sensitivity,dynamic,periodic,0.0,False,False,,True,1.0,25.0,0.0,0.0,0.0,0,6000,4000,0.6666666666666666,0,0.0,59.999994514045426,0.8107660000000577,3000,0,0,0,2000,5000,0,0.0,0,0.0,0.0,0,0.0,0.6227600000000232,0.12974166666667147,0.22946666666666712,5000,0.1595149201424691,6000,6000,0.08210419617921531,2168,0.33651984491924564,0.10997522183182382,0.8900247781681762,0.7553333333333333,0.2544156487400303,2.115237236022949
False,24000,4000,15000,0,0,5000,0,0,6000,6000,4000,0,0,2000,0,0.6666666666666666,0.0,0.6666666666666666,63b6d747d0072e50ec76db2589c47c689fce2bad9506fd548237038851a113da,40,6,1000,505,assigned_level_sensitivity,dynamic,periodic,0.0,False,False,,True,1.0,25.0,0.0,0.0,0.0,0,6000,4000,0.6666666666666666,0,0.0,59.999994514045426,0.8107660000000577,3000,0,0,0,2000,5000,0,0.0,0,0.0,0.0,0,0.0,0.6227600000000232,0.12974166666667147,0.22946666666666712,5000,0.15963125120853225,6000,6000,0.07855541349578005,2144,0.33057774034234305,0.11016595627565363,0.8898340437243464,0.7633333333333333,0.252022326846563,2.151520013809204
False,24000,4000,15000,0,0,5000,0,0,6000,6000,4000,0,0,2000,0,0.6666666666666666,0.0,0.6666666666666666,3d9622dd72654837a49db96461700a69da368fd692b6e6f83d722ad648f50e21,40,6,1000,606,assigned_level_sensitivity,dynamic,periodic,0.0,False,False,,True,1.0,25.0,0.0,0.0,0.0,0,6000,4000,0.6666666666666666,0,0.0,59.999994514045426,0.8107660000000577,3000,0,0,0,2000,5000,0,0.0,0,0.0,0.0,0,0.0,0.6227600000000232,0.12974166666667147,0.22946666666666712,5000,0.15975236270599089,6000,6000,0.08242111958617564,2172,0.33898759394916106,0.0990525564611183,0.9009474435388817,0.7533333333333333,0.2565664743629854,2.1432812213897705
False,24000,4000,15000,0,0,5000,0,0,6000,6000,4000,0,0,2000,0,0.6666666666666666,0.0,0.6666666666666666,172bfd6bc25d3b2aeebad37e40360cccea4f70b0181ab26f412ae6d78059bb20,40,6,1000,707,assigned_level_sensitivity,dynamic,periodic,0.0,False,False,,True,1.0,25.0,0.0,0.0,0.0,0,6000,4000,0.6666666666666666,0,0.0,59.999994514045426,0.8107660000000577,3000,0,0,0,2000,5000,0,0.0,0,0.0,0.0,0,0.0,0.6227600000000232,0.12974166666667147,0.22946666666666712,5000,0.1596689321013145,6000,6000,0.08240954038354054,2168,0.3377915868674302,0.10915139850082507,0.8908486014991749,0.7533333333333333,0.2553820464838897,2.1397457122802734
False,24000,4000,15000,0,0,5000,0,0,6000,6000,4000,0,0,2000,0,0.6666666666666666,0.0,0.6666666666666666,6c0fc56e1361825e2407d8ff04b487a90ba411735adb09a2a7bc492b395001ed,40,6,1000,808,assigned_level_sensitivity,dynamic,periodic,0.0,False,False,,True,1.0,25.0,0.0,0.0,0.0,0,6000,4000,0.6666666666666666,0,0.0,59.999994514045426,0.8107660000000577,3000,0,0,0,2000,5000,0,0.0,0,0.0,0.0,0,0.0,0.6227600000000232,0.12974166666667147,0.22946666666666712,5000,0.15965929503629395,6000,6000,0.08515155625280234,2168,0.34774084531624283,0.11238311367687678,0.8876168863231232,0.748,0.2625892890634405,2.149214029312134
False,24000,4000,15000,0,0,5000,0,0,6000,6000,4000,0,0,2000,0,0.6666666666666666,0.0,0.6666666666666666,4d79813b7e35e595ce461e9cf5f636bd0f0345093fcf2de489cd6dd6dbe6b8a2,40,6,1000,909,assigned_level_sensitivity,dynamic,periodic,0.0,False,False,,True,1.0,25.0,0.0,0.0,0.0,0,6000,4000,0.6666666666666666,0,0.0,59.999994514045426,0.8107660000000577,3000,0,0,0,2000,5000,0,0.0,0,0.0,0.0,0,0.0,0.6227600000000232,0.12974166666667147,0.22946666666666712,5000,0.15978598002341016,6000,6000,0.07842480923876217,2128,0.33079875546631066,0.0999218516308578,0.9000781483691422,0.7633333333333333,0.2523739462275485,2.1304006576538086
False,24000,4000,15000,0,0,5000,0,0,6000,6000,4000,0,0,2000,0,0.6666666666666666,0.0,0.6666666666666666,f18877a3c826826cf97db213fe4657d174d4c69a2cbeacfb521a74de6c723b70,40,6,1000,1010,assigned_level_sensitivity,dynamic,periodic,0.0,False,False,,True,1.0,25.0,0.0,0.0,0.0,0,6000,4000,0.6666666666666666,0,0.0,59.999994514045426,0.8107660000000577,3000,0,0,0,2000,5000,0,0.0,0,0.0,0.0,0,0.0,0.6227600000000232,0.12974166666667147,0.22946666666666712,5000,0.15972306828369506,6000,6000,0.07950300374777822,2136,0.3327829829314477,0.09989264524742492,0.9001073547525751,0.76,0.2532799791836695,2.135523557662964
False,32000,6000,21000,0,0,5000,0,0,8000,8000,6000,0,0,2000,0,0.75,0.0,0.75,97f621bb94ffa2c21ab6b9797acc612d8dfa2403fc7157e00a87398b5763eef6,40,8,1000,101,assigned_level_sensitivity,dynamic,periodic,0.0,False,False,,True,1.0,25.0,0.0,0.0,0.0,0,8000,6000,0.75,0,0.0,59.999994514045426,0.8107660000000577,3000,0,0,0,2000,5000,0,0.0,0,0.0,0.0,0,0.0,0.6227600000000232,0.09730625000000362,0.17210000000000034,5000,0.12163110170900718,8000,8000,0.05531545799698444,2232,0.3155947216513318,0.07081984736134063,0.9291801526386594,0.826,0.26027926365434734,2.9951372146606445
False,32000,6000,21000,0,0,5000,0,0,8000,8000,6000,0,0,2000,0,0.75,0.0,0.75,c4838e409d22d8ad648f7a69ffe137bfe4673efef25369be07eea77a0c578090,40,8,1000,202,assigned_level_sensitivity,dynamic,periodic,0.0,False,False,,True,1.0,25.0,0.0,0.0,0.0,0,8000,6000,0.75,0,0.0,59.999994514045426,0.8107660000000577,3000,0,0,0,2000,5000,0,0.0,0,0.0,0.0,0,0.0,0.6227600000000232,0.09730625000000362,0.17210000000000034,5000,0.1214141657782808,8000,8000,0.05411787004534292,2136,0.3208129668281781,0.06456579353317918,0.9354342064668209,0.833,0.2666950967828352,3.031736135482788
False,32000,6000,21000,0,0,5000,0,0,8000,8000,6000,0,0,2000,0,0.75,0.0,0.75,eab19b10064473edc9dbd3416313d50f100a2f17e25f5c6ccf0841281a70c7bf,40,8,1000,303,assigned_level_sensitivity,dynamic,periodic,0.0,False,False,,True,1.0,25.0,0.0,0.0,0.0,0,8000,6000,0.75,0,0.0,59.999994514045426,0.8107660000000577,3000,0,0,0,2000,5000,0,0.0,0,0.0,0.0,0,0.0,0.6227600000000232,0.09730625000000362,0.17210000000000034,5000,0.12139800187462067,8000,8000,0.05801000408838599,2232,0.32312397988360503,0.07702526967616605,0.9229747303238339,0.821,0.26511397579521906,2.946514844894409
False,32000,6000,21000,0,0,5000,0,0,8000,8000,6000,0,0,2000,0,0.75,0.0,0.75,1b9cb08b02eb6ba1f99f2e9b54b11365b4450ca3c69f9c814f24f386c0f88106,40,8,1000,404,assigned_level_sensitivity,dynamic,periodic,0.0,False,False,,True,1.0,25.0,0.0,0.0,0.0,0,8000,6000,0.75,0,0.0,59.999994514045426,0.8107660000000577,3000,0,0,0,2000,5000,0,0.0,0,0.0,0.0,0,0.0,0.6227600000000232,0.09730625000000362,0.17210000000000034,5000,0.12158208868127557,8000,8000,0.0538004845739337,2184,0.3091813152370554,0.06534488686208127,0.9346551131379187,0.829,0.25538083066312167,3.0132675170898438
False,32000,6000,21000,0,0,5000,0,0,8000,8000,6000,0,0,2000,0,0.75,0.0,0.75,f2dfb97f786b1aed3a15b599605a3b3cc473ed25f773730109f248e9d69a4ac9,40,8,1000,505,assigned_level_sensitivity,dynamic,periodic,0.0,False,False,,True,1.0,25.0,0.0,0.0,0.0,0,8000,6000,0.75,0,0.0,59.999994514045426,0.8107660000000577,3000,0,0,0,2000,5000,0,0.0,0,0.0,0.0,0,0.0,0.6227600000000232,0.09730625000000362,0.17210000000000034,5000,0.12177962106024516,8000,8000,0.05775413179514051,2296,0.3223994787437747,0.07513610023564853,0.9248638997643515,0.816,0.26464534694863423,3.021385669708252
False,32000,6000,21000,0,0,5000,0,0,8000,8000,6000,0,0,2000,0,0.75,0.0,0.75,672dda9b1eb6638f65c2d7f5c709d842d4ef18f35c02fb050d9ea90f86cbb512,40,8,1000,606,assigned_level_sensitivity,dynamic,periodic,0.0,False,False,,True,1.0,25.0,0.0,0.0,0.0,0,8000,6000,0.75,0,0.0,59.999994514045426,0.8107660000000577,3000,0,0,0,2000,5000,0,0.0,0,0.0,0.0,0,0.0,0.6227600000000232,0.09730625000000362,0.17210000000000034,5000,0.12119644615668695,8000,8000,0.05461520670004418,2200,0.3172693309679557,0.0619690355736223,0.9380309644263777,0.828,0.2626541242679115,2.9915571212768555
False,32000,6000,21000,0,0,5000,0,0,8000,8000,6000,0,0,2000,0,0.75,0.0,0.75,f992235d8527af7dedb1f19ea6d329fab34c4c7cbc48c21c3e45eb24dae389a6,40,8,1000,707,assigned_level_sensitivity,dynamic,periodic,0.0,False,False,,True,1.0,25.0,0.0,0.0,0.0,0,8000,6000,0.75,0,0.0,59.999994514045426,0.8107660000000577,3000,0,0,0,2000,5000,0,0.0,0,0.0,0.0,0,0.0,0.6227600000000232,0.09730625000000362,0.17210000000000034,5000,0.12120029555961828,8000,8000,0.058073447768947455,2232,0.3178092246943913,0.07185668771092374,0.9281433122890763,0.818,0.25973577692544386,2.9861087799072266
False,32000,6000,21000,0,0,5000,0,0,8000,8000,6000,0,0,2000,0,0.75,0.0,0.75,fbebac9b2d9b4418fc747b116f956e83cb5e17dc2a605bddba1efa2b902dccaf,40,8,1000,808,assigned_level_sensitivity,dynamic,periodic,0.0,False,False,,True,1.0,25.0,0.0,0.0,0.0,0,8000,6000,0.75,0,0.0,59.999994514045426,0.8107660000000577,3000,0,0,0,2000,5000,0,0.0,0,0.0,0.0,0,0.0,0.6227600000000232,0.09730625000000362,0.17210000000000034,5000,0.12059016990315287,8000,8000,0.06004172192500856,2296,0.32645594238881864,0.06867816496979777,0.9313218350302023,0.812,0.2664142204638101,2.9951744079589844
False,32000,6000,21000,0,0,5000,0,0,8000,8000,6000,0,0,2000,0,0.75,0.0,0.75,e51f99873a7f2d35497d1f47a5cc48a90e954bb4517c701acb3a7405c1f2aa9e,40,8,1000,909,assigned_level_sensitivity,dynamic,periodic,0.0,False,False,,True,1.0,25.0,0.0,0.0,0.0,0,8000,6000,0.75,0,0.0,59.999994514045426,0.8107660000000577,3000,0,0,0,2000,5000,0,0.0,0,0.0,0.0,0,0.0,0.6227600000000232,0.09730625000000362,0.17210000000000034,5000,0.12153405758127794,8000,8000,0.06372661937561493,2216,0.3511861313197547,0.07858770128810041,0.9214122987118996,0.807,0.28745951194413977,3.0086019039154053
False,32000,6000,21000,0,0,5000,0,0,8000,8000,6000,0,0,2000,0,0.75,0.0,0.75,42f7d840a24319166eed8aa60e812626eb64ea7ff87bc028b49bb1be6920759a,40,8,1000,1010,assigned_level_sensitivity,dynamic,periodic,0.0,False,False,,True,1.0,25.0,0.0,0.0,0.0,0,8000,6000,0.75,0,0.0,59.999994514045426,0.8107660000000577,3000,0,0,0,2000,5000,0,0.0,0,0.0,0.0,0,0.0,0.6227600000000232,0.09730625000000362,0.17210000000000034,5000,0.1222180517189077,8000,8000,0.0564623718286977,2152,0.3307758704262396,0.07176709032957412,0.9282329096704258,0.822,0.27431349859754195,2.9610297679901123
False,40000,8000,27000,0,0,5000,0,0,10000,10000,8000,0,0,2000,0,0.8,0.0,0.8,2f9815e81070414318c7003df6d1b1178dd679c15b681114573116c73dd8fb43,40,10,1000,101,assigned_level_sensitivity,dynamic,periodic,0.0,False,False,,True,1.0,25.0,0.0,0.0,0.0,0,10000,8000,0.8,0,0.0,59.999994514045426,0.8107660000000577,3000,0,0,0,2000,5000,0,0.0,0,0.0,0.0,0,0.0,0.6227600000000232,0.0778450000000029,0.13768000000000027,5000,0.0977942713300626,10000,10000,0.03763907615389832,2140,0.29617137637970475,0.036814055595381194,0.9631859444046188,0.872,0.2585323002258064,4.014244556427002
False,40000,8000,27000,0,0,5000,0,0,10000,10000,8000,0,0,2000,0,0.8,0.0,0.8,f588a1a7dd35c43ca5cd0c5dc6d772d84fd11f1b52a1b694255f58385a7cbd47,40,10,1000,202,assigned_level_sensitivity,dynamic,periodic,0.0,False,False,,True,1.0,25.0,0.0,0.0,0.0,0,10000,8000,0.8,0,0.0,59.999994514045426,0.8107660000000577,3000,0,0,0,2000,5000,0,0.0,0,0.0,0.0,0,0.0,0.6227600000000232,0.0778450000000029,0.13768000000000027,5000,0.09828646082222436,10000,10000,0.04514488026729105,2460,0.3169609952522436,0.05679781596697871,0.9432021840330213,0.852,0.2718161149849525,4.069643497467041
False,40000,8000,27000,0,0,5000,0,0,10000,10000,8000,0,0,2000,0,0.8,0.0,0.8,dcb77f9aefb7d6732499025807b143c565a708d7e25d73af17f1cbe2ffbc82de,40,10,1000,303,assigned_level_sensitivity,dynamic,periodic,0.0,False,False,,True,1.0,25.0,0.0,0.0,0.0,0,10000,8000,0.8,0,0.0,59.999994514045426,0.8107660000000577,3000,0,0,0,2000,5000,0,0.0,0,0.0,0.0,0,0.0,0.6227600000000232,0.0778450000000029,0.13768000000000027,5000,0.09778823304194487,10000,10000,0.04380324152316845,2300,0.2974113548781366,0.04921303083872628,0.9507869691612737,0.862,0.25360811335496813,4.071446180343628
False,40000,8000,27000,0,0,5000,0,0,10000,10000,8000,0,0,2000,0,0.8,0.0,0.8,6babd19d969f5f6f65b16c3570bfa89a18a1edbd0800cc44eb1dba18056772a3,40,10,1000,404,assigned_level_sensitivity,dynamic,periodic,0.0,False,False,,True,1.0,25.0,0.0,0.0,0.0,0,10000,8000,0.8,0,0.0,59.999994514045426,0.8107660000000577,3000,0,0,0,2000,5000,0,0.0,0,0.0,0.0,0,0.0,0.6227600000000232,0.0778450000000029,0.13768000000000027,5000,0.0977769581497475,10000,10000,0.04741400700432614,2440,0.30394820142659823,0.060600223325800395,0.9393997766741996,0.852,0.2565341944222721,3.984178304672241
False,40000,8000,27000,0,0,5000,0,0,10000,10000,8000,0,0,2000,0,0.8,0.0,0.8,22c9a1164f43974679fced3ed6b5990ee73fb128d9489ef5cc1263cdb210f7b9,40,10,1000,505,assigned_level_sensitivity,dynamic,periodic,0.0,False,False,,True,1.0,25.0,0.0,0.0,0.0,0,10000,8000,0.8,0,0.0,59.999994514045426,0.8107660000000577,3000,0,0,0,2000,5000,0,0.0,0,0.0,0.0,0,0.0,0.6227600000000232,0.0778450000000029,0.13768000000000027,5000,0.09792619617384478,10000,10000,0.04622476469920455,2260,0.3284453564154583,0.05660040499335191,0.943399595006648,0.858,0.28222059171625374,4.034565687179565
False,40000,8000,27000,0,0,5000,0,0,10000,10000,8000,0,0,2000,0,0.8,0.0,0.8,e2cab11e1d960196eb4f37ab1c18bfb69022ea3441ddcc253f34d6f0b67c4a08,40,10,1000,606,assigned_level_sensitivity,dynamic,periodic,0.0,False,False,,True,1.0,25.0,0.0,0.0,0.0,0,10000,8000,0.8,0,0.0,59.999994514045426,0.8107660000000577,3000,0,0,0,2000,5000,0,0.0,0,0.0,0.0,0,0.0,0.6227600000000232,0.0778450000000029,0.13768000000000027,5000,0.09855183190742242,10000,10000,0.04091266489088368,2260,0.2827070899010367,0.046920755608429274,0.9530792443915708,0.864,0.24179442501015302,4.051931619644165
False,40000,8000,27000,0,0,5000,0,0,10000,10000,8000,0,0,2000,0,0.8,0.0,0.8,d364e21fd49806d7791cfe1a1ea3de664a54936826e0ca81830445b7cd44ec7f,40,10,1000,707,assigned_level_sensitivity,dynamic,periodic,0.0,False,False,,True,1.0,25.0,0.0,0.0,0.0,0,10000,8000,0.8,0,0.0,59.999994514045426,0.8107660000000577,3000,0,0,0,2000,5000,0,0.0,0,0.0,0.0,0,0.0,0.6227600000000232,0.0778450000000029,0.13768000000000027,5000,0.0980800478095444,10000,10000,0.051092140232971234,2220,0.3556904867011278,0.055383380765544096,0.944616619234456,0.848,0.30459834646815653,4.043838262557983
False,40000,8000,27000,0,0,5000,0,0,10000,10000,8000,0,0,2000,0,0.8,0.0,0.8,50865e07e6c39763e73e17f86e42861f813803fb7d94429fdb0b0c0cc11fd11a,40,10,1000,808,assigned_level_sensitivity,dynamic,periodic,0.0,False,False,,True,1.0,25.0,0.0,0.0,0.0,0,10000,8000,0.8,0,0.0,59.999994514045426,0.8107660000000577,3000,0,0,0,2000,5000,0,0.0,0,0.0,0.0,0,0.0,0.6227600000000232,0.0778450000000029,0.13768000000000027,5000,0.098502631700041,10000,10000,0.04870995543232564,2240,0.337434950544921,0.054680696610985235,0.9453193033890148,0.854,0.28872499511259536,4.094228506088257
False,40000,8000,27000,0,0,5000,0,0,10000,10000,8000,0,0,2000,0,0.8,0.0,0.8,12b78f2a9884249b7ded07c427f40e73b345d16c29d0e8991f05014d2e0f7c02,40,10,1000,909,assigned_level_sensitivity,dynamic,periodic,0.0,False,False,,True,1.0,25.0,0.0,0.0,0.0,0,10000,8000,0.8,0,0.0,59.999994514045426,0.8107660000000577,3000,0,0,0,2000,5000,0,0.0,0,0.0,0.0,0,0.0,0.6227600000000232,0.0778450000000029,0.13768000000000027,5000,0.09879618620320017,10000,10000,0.048881679018638505,2120,0.359982835395753,0.049960967028575796,0.9500390329714242,0.85,0.3111011563771145,4.103715419769287
False,40000,8000,27000,0,0,5000,0,0,10000,10000,8000,0,0,2000,0,0.8,0.0,0.8,2570b73e2ddca6a89adda5306b808d704bc4d4c60db378017d416fac7fdf0ed1,40,10,1000,1010,assigned_level_sensitivity,dynamic,periodic,0.0,False,False,,True,1.0,25.0,0.0,0.0,0.0,0,10000,8000,0.8,0,0.0,59.999994514045426,0.8107660000000577,3000,0,0,0,2000,5000,0,0.0,0,0.0,0.0,0,0.0,0.6227600000000232,0.0778450000000029,0.13768000000000027,5000,0.09804182546923254,10000,10000,0.04699529554982426,2220,0.31371573494939287,0.05420987762085735,0.9457901223791426,0.862,0.2667204393995686,4.057350158691406
False,16000,1000,11000,0,0,4000,0,0,4000,4000,1000,0,0,3000,0,0.25,0.0,0.25,2e38c1a1345af1fb3b4f8b2141ce9e048f1cd8b339a99d070dec77739c047cb0,50,4,1000,101,assigned_level_sensitivity,dynamic,periodic,0.0,False,False,,True,1.0,25.0,0.0,0.0,0.0,0,4000,1000,0.25,0,0.0,59.99999596713834,0.8292450000000324,546,454,0,0,3000,4000,0,0.0,0,0.0,0.0,0,0.0,0.6655105500000082,0.16637763750000206,0.516300000000001,4000,0.21381659630451874,4000,4000,0.09198525146920097,1720,0.35454832587668067,0.11561857924929593,0.884381420750704,0.724,0.2625630744074797,1.3734581470489502
False,16000,1000,11000,0,0,4000,0,0,4000,4000,1000,0,0,3000,0,0.25,0.0,0.25,18715205df0c2aa164ad75c70d4c937fc97c2d4380aa66245696368a95d95d8a,50,4,1000,202,assigned_level_sensitivity,dynamic,periodic,0.0,False,False,,True,1.0,25.0,0.0,0.0,0.0,0,4000,1000,0.25,0,0.0,59.99999596713834,0.8292450000000324,546,454,0,0,3000,4000,0,0.0,0,0.0,0.0,0,0.0,0.6655105500000082,0.16637763750000206,0.516300000000001,4000,0.21419183375380862,4000,4000,0.09507567735728742,1708,0.3657305821633621,0.10313783712251128,0.8968621628774888,0.724,0.2706549048060747,1.3641531467437744
False,16000,1000,11000,0,0,4000,0,0,4000,4000,1000,0,0,3000,0,0.25,0.0,0.25,189fdf4720562237ee8611185ce06d14588b910da733f2cf9b152955c065b9f1,50,4,1000,303,assigned_level_sensitivity,dynamic,periodic,0.0,False,False,,True,1.0,25.0,0.0,0.0,0.0,0,4000,1000,0.25,0,0.0,59.99999596713834,0.8292450000000324,546,454,0,0,3000,4000,0,0.0,0,0.0,0.0,0,0.0,0.6655105500000082,0.16637763750000206,0.516300000000001,4000,0.21464858366908568,4000,4000,0.09213653761298193,1667,0.35332577882046956,0.10363078757252174,0.8963692124274782,0.74425,0.26118924120748765,1.3474209308624268
False,16000,1000,11000,0,0,4000,0,0,4000,4000,1000,0,0,3000,0,0.25,0.0,0.25,70f017fa61249b7608d2fef726e13a913a2425a6722c197907db86cbc4137f1d,50,4,1000,404,assigned_level_sensitivity,dynamic,periodic,0.0,False,False,,True,1.0,25.0,0.0,0.0,0.0,0,4000,1000,0.25,0,0.0,59.99999596713834,0.8292450000000324,546,454,0,0,3000,4000,0,0.0,0,0.0,0.0,0,0.0,0.6655105500000082,0.16637763750000206,0.516300000000001,4000,0.21333910586097765,4000,4000,0.09162222753078081,1676,0.35770240663765607,0.10189123215851961,0.8981087678414804,0.73125,0.26608017910687526,1.366696834564209
False,16000,1000,11000,0,0,4000,0,0,4000,4000,1000,0,0,3000,0,0.25,0.0,0.25,8a1343b3a873da43b356496ae91ed72a182cfe9ad71f1485111d745180ffa032,50,4,1000,505,assigned_level_sensitivity,dynamic,periodic,0.0,False,False,,True,1.0,25.0,0.0,0.0,0.0,0,4000,1000,0.25,0,0.0,59.99999596713834,0.8292450000000324,546,454,0,0,3000,4000,0,0.0,0,0.0,0.0,0,0.0,0.6655105500000082,0.16637763750000206,0.516300000000001,4000,0.21457646162238125,4000,4000,0.09375913090739248,1744,0.3505091334037562,0.10813351963324255,0.8918664803667574,0.738,0.25675000249636376,1.3522672653198242
False,16000,1000,11000,0,0,4000,0,0,4000,4000,1000,0,0,3000,0,0.25,0.0,0.25,5e0f0a5d6049b3f5cb96f136d16cff91deda88be51827b2ee25f2525c8b545d4,50,4,1000,606,assigned_level_sensitivity,dynamic,periodic,0.0,False,False,,True,1.0,25.0,0.0,0.0,0.0,0,4000,1000,0.25,0,0.0,59.99999596713834,0.8292450000000324,546,454,0,0,3000,4000,0,0.0,0,0.0,0.0,0,0.0,0.6655105500000082,0.16637763750000206,0.516300000000001,4000,0.2125417024050446,4000,4000,0.0884630645172667,1632,0.36067508411130256,0.09876298945660549,0.9012370105433946,0.737,0.27221201959403585,1.3421094417572021
False,16000,1000,11000,0,0,4000,0,0,4000,4000,1000,0,0,3000,0,0.25,0.0,0.25,a6f6a04629a427f711fd05a1cb0630f22b4fe9f1f4b2785e6358560efea211d8,50,4,1000,707,assigned_level_sensitivity,dynamic,periodic,0.0,False,False,,True,1.0,25.0,0.0,0.0,0.0,0,4000,1000,0.25,0,0.0,59.99999596713834,0.8292450000000324,546,454,0,0,3000,4000,0,0.0,0,0.0,0.0,0,0.0,0.6655105500000082,0.16637763750000206,0.516300000000001,4000,0.21249867301188768,4000,4000,0.09436198635910321,1712,0.35087916276980285,0.11583914170819097,0.884160858291809,0.738,0.25651717641069965,1.3582322597503662
False,16000,1000,11000,0,0,4000,0,0,4000,4000,1000,0,0,3000,0,0.25,0.0,0.25,ec29c247eb1573042413d4819ce87de2714e704be9190f2ce3e5a1b406870afb,50,4,1000,808,assigned_level_sensitivity,dynamic,periodic,0.0,False,False,,True,1.0,25.0,0.0,0.0,0.0,0,4000,1000,0.25,0,0.0,59.99999596713834,0.8292450000000324,546,454,0,0,3000,4000,0,0.0,0,0.0,0.0,0,0.0,0.6655105500000082,0.16637763750000206,0.516300000000001,4000,0.21245379577164045,4000,4000,0.08925358115481456,1750,0.33209975093445027,0.11102288063246685,0.8889771193675331,0.741,0.2428461697796357,1.348109245300293
False,16000,1000,11000,0,0,4000,0,0,4000,4000,1000,0,0,3000,0,0.25,0.0,0.25,abb2cf2cc17e52ed29cc9696dba0e6f08d43a7eff3e737333e1c46b9730cba03,50,4,1000,909,assigned_level_sensitivity,dynamic,periodic,0.0,False,False,,True,1.0,25.0,0.0,0.0,0.0,0,4000,1000,0.25,0,0.0,59.99999596713834,0.8292450000000324,546,454,0,0,3000,4000,0,0.0,0,0.0,0.0,0,0.0,0.6655105500000082,0.16637763750000206,0.516300000000001,4000,0.21350981321489768,4000,4000,0.09395361571891904,1704,0.36326716820683,0.11801189881249263,0.8819881011875074,0.72525,0.269313552487911,1.3482964038848877
False,16000,1000,11000,0,0,4000,0,0,4000,4000,1000,0,0,3000,0,0.25,0.0,0.25,9b6af583f53e7a04f2858175709d9ae209a035c6f29382d30c6f62987a0bf7a5,50,4,1000,1010,assigned_level_sensitivity,dynamic,periodic,0.0,False,False,,True,1.0,25.0,0.0,0.0,0.0,0,4000,1000,0.25,0,0.0,59.99999596713834,0.8292450000000324,546,454,0,0,3000,4000,0,0.0,0,0.0,0.0,0,0.0,0.6655105500000082,0.16637763750000206,0.516300000000001,4000,0.21521836345419534,4000,4000,0.08621197588175517,1628,0.3551714501921189,0.09363221025035255,0.9063677897496475,0.745,0.2689594743103637,1.3480441570281982
False,24000,3000,17000,0,0,4000,0,0,6000,6000,3000,0,0,3000,0,0.5,0.0,0.5,4fa4459c5c5339a8fc10c05e94908307c423c9ede4dab105be54d3a66907d993,50,6,1000,101,assigned_level_sensitivity,dynamic,periodic,0.0,False,False,,True,1.0,25.0,0.0,0.0,0.0,0,6000,3000,0.5,0,0.0,59.99999596713834,0.8292450000000324,546,454,0,0,3000,4000,0,0.0,0,0.0,0.0,0,0.0,0.6655105500000082,0.11091842500000137,0.34420000000000067,4000,0.14415222625937382,6000,6000,0.05875885030928208,1754,0.33936026580511414,0.06554219480284083,0.9344578051971592,0.8205,0.28060141549583206,1.9959967136383057
False,24000,3000,17000,0,0,4000,0,0,6000,6000,3000,0,0,3000,0,0.5,0.0,0.5,8dd229986a5f74bdadc97f465335d77c1e91775c80c13ff716152f593a25d056,50,6,1000,202,assigned_level_sensitivity,dynamic,periodic,0.0,False,False,,True,1.0,25.0,0.0,0.0,0.0,0,6000,3000,0.5,0,0.0,59.99999596713834,0.8292450000000324,546,454,0,0,3000,4000,0,0.0,0,0.0,0.0,0,0.0,0.6655105500000082,0.11091842500000137,0.34420000000000067,4000,0.1434457798231367,6000,6000,0.06094991628519593,1726,0.3523258112195133,0.0685665803745797,0.9314334196254203,0.8221666666666667,0.29137589493431737,2.037039279937744
False,24000,3000,17000,0,0,4000,0,0,6000,6000,3000,0,0,3000,0,0.5,0.0,0.5,998e3e412a9b3ffba3a2d51830b15fd0992fa5edfe478d28cee9874004b7d7e5,50,6,1000,303,assigned_level_sensitivity,dynamic,periodic,0.0,False,False,,True,1.0,25.0,0.0,0.0,0.0,0,6000,3000,0.5,0,0.0,59.99999596713834,0.8292450000000324,546,454,0,0,3000,4000,0,0.0,0,0.0,0.0,0,0.0,0.6655105500000082,0.11091842500000137,0.34420000000000067,4000,0.1434844178844286,6000,6000,0.06209707912508023,1730,0.35548573315338167,0.06704924281420621,0.9329507571857938,0.8218333333333333,0.29338865402830144,2.012157917022705
False,24000,3000,17000,0,0,4000,0,0,6000,6000,3000,0,0,3000,0,0.5,0.0,0.5,9281bc7555caeffee70111d40bdea22bf239e0d828732e0689160a10028d1f1e,50,6,1000,404,assigned_level_sensitivity,dynamic,periodic,0.0,False,False,,True,1.0,25.0,0.0,0.0,0.0,0,6000,3000,0.5,0,0.0,59.99999596713834,0.8292450000000324,546,454,0,0,3000,4000,0,0.0,0,0.0,0.0,0,0.0,0.6655105500000082,0.11091842500000137,0.34420000000000067,4000,0.14309223462030304,6000,6000,0.05976735247684211,1728,0.346992748571321,0.06887475168048666,0.9311252483195134,0.825,0.2872253960944789,2.026927947998047
False,24000,3000,17000,0,0,4000,0,0,6000,6000,3000,0,0,3000,0,0.5,0.0,0.5,272ea2cd5bd9a9b184504f928b3b6e1c77b77792098eecaf3e3e26d6a4c29e7b,50,6,1000,505,assigned_level_sensitivity,dynamic,periodic,0.0,False,False,,True,1.0,25.0,0.0,0.0,0.0,0,6000,3000,0.5,0,0.0,59.99999596713834,0.8292450000000324,546,454,0,0,3000,4000,0,0.0,0,0.0,0.0,0,0.0,0.6655105500000082,0.11091842500000137,0.34420000000000067,4000,0.14361344719640415,6000,6000,0.05889269294887615,1724,0.3422042488799303,0.0693052642129513,0.9306947357870488,0.8273333333333334,0.2833115559310541,2.056673765182495
False,24000,3000,17000,0,0,4000,0,0,6000,6000,3000,0,0,3000,0,0.5,0.0,0.5,40043692d0c98fef4a216cf7ee59e5a32e4d66df3b3bd3c8f761b767ad831094,50,6,1000,606,assigned_level_sensitivity,dynamic,periodic,0.0,False,False,,True,1.0,25.0,0.0,0.0,0.0,0,6000,3000,0.5,0,0.0,59.99999596713834,0.8292450000000324,546,454,0,0,3000,4000,0,0.0,0,0.0,0.0,0,0.0,0.6655105500000082,0.11091842500000137,0.34420000000000067,4000,0.14309451889516575,6000,6000,0.06192852599198737,1758,0.35495670238855853,0.06651768938327081,0.9334823106167291,0.8178333333333333,0.29302817639657114,2.3413033485412598
False,24000,3000,17000,0,0,4000,0,0,6000,6000,3000,0,0,3000,0,0.5,0.0,0.5,e304fba8bf8f05f5daeaaca2f92e4c91e46c357163f28a0c57834ed3bd0489e4,50,6,1000,707,assigned_level_sensitivity,dynamic,periodic,0.0,False,False,,True,1.0,25.0,0.0,0.0,0.0,0,6000,3000,0.5,0,0.0,59.99999596713834,0.8292450000000324,546,454,0,0,3000,4000,0,0.0,0,0.0,0.0,0,0.0,0.6655105500000082,0.11091842500000137,0.34420000000000067,4000,0.14298989757037944,6000,6000,0.06292754190500119,1767,0.34871584641431874,0.06993927352706754,0.9300607264729325,0.8175,0.2857883045093176,2.1033480167388916
False,24000,3000,17000,0,0,4000,0,0,6000,6000,3000,0,0,3000,0,0.5,0.0,0.5,5bca9f68a5c346271a8971e6f97c55248ca7bc355b49a083533f4780cb450be9,50,6,1000,808,assigned_level_sensitivity,dynamic,periodic,0.0,False,False,,True,1.0,25.0,0.0,0.0,0.0,0,6000,3000,0.5,0,0.0,59.99999596713834,0.8292450000000324,546,454,0,0,3000,4000,0,0.0,0,0.0,0.0,0,0.0,0.6655105500000082,0.11091842500000137,0.34420000000000067,4000,0.14301988855695486,6000,6000,0.062010389101238635,1764,0.35152535846412314,0.07203506507954288,0.9279649349204571,0.8183333333333334,0.2895149693628845,2.0825307369232178
False,24000,3000,17000,0,0,4000,0,0,6000,6000,3000,0,0,3000,0,0.5,0.0,0.5,ada1373440f6dedb4b77aadb839febf1e830ca0fcaad1cbf22842124a8bfa19b,50,6,1000,909,assigned_level_sensitivity,dynamic,periodic,0.0,False,False,,True,1.0,25.0,0.0,0.0,0.0,0,6000,3000,0.5,0,0.0,59.99999596713834,0.8292450000000324,546,454,0,0,3000,4000,0,0.0,0,0.0,0.0,0,0.0,0.6655105500000082,0.11091842500000137,0.34420000000000067,4000,0.1432739968995436,6000,6000,0.061903773956631006,1748,0.35294023946740133,0.07195741264193499,0.928042587358065,0.8205,0.29103646551077034,2.0004220008850098
False,24000,3000,17000,0,0,4000,0,0,6000,6000,3000,0,0,3000,0,0.5,0.0,0.5,a0551a6ae83356f6d3c7cd933ee7655ec95e33ceb79b1c759b370c82f9537e1a,50,6,1000,1010,assigned_level_sensitivity,dynamic,periodic,0.0,False,False,,True,1.0,25.0,0.0,0.0,0.0,0,6000,3000,0.5,0,0.0,59.99999596713834,0.8292450000000324,546,454,0,0,3000,4000,0,0.0,0,0.0,0.0,0,0.0,0.6655105500000082,0.11091842500000137,0.34420000000000067,4000,0.14326573496290004,6000,6000,0.05835642616415085,1700,0.3473655740146531,0.06845490648421002,0.93154509351579,0.825,0.28900914785050225,1.9850571155548096
False,32000,5000,23000,0,0,4000,0,0,8000,8000,5000,0,0,3000,0,0.625,0.0,0.625,139a84a209c2003227260f1024fcf5b8fe264864884385c28512ac72add21efb,50,8,1000,101,assigned_level_sensitivity,dynamic,periodic,0.0,False,False,,True,1.0,25.0,0.0,0.0,0.0,0,8000,5000,0.625,0,0.0,59.99999596713834,0.8292450000000324,546,454,0,0,3000,4000,0,0.0,0,0.0,0.0,0,0.0,0.6655105500000082,0.08318881875000103,0.2581500000000005,4000,0.10869126161817412,8000,8000,0.042219115948731394,1797,0.3298481971887843,0.05398573476982581,0.9460142652301742,0.8665,0.2876290812400529,2.7989680767059326
False,32000,5000,23000,0,0,4000,0,0,8000,8000,5000,0,0,3000,0,0.625,0.0,0.625,c391c1087c9e1533c9d602cf2c3ac3d990dbaa6b3512ef0b7a80b63bf41dde4c,50,8,1000,202,assigned_level_sensitivity,dynamic,periodic,0.0,False,False,,True,1.0,25.0,0.0,0.0,0.0,0,8000,5000,0.625,0,0.0,59.99999596713834,0.8292450000000324,546,454,0,0,3000,4000,0,0.0,0,0.0,0.0,0,0.0,0.6655105500000082,0.08318881875000103,0.2581500000000005,4000,0.10841433425839664,8000,8000,0.04506363792055705,1728,0.35803778756069593,0.04935401586261053,0.9506459841373894,0.8655,0.31297414964013887,2.823871374130249
False,32000,5000,23000,0,0,4000,0,0,8000,8000,5000,0,0,3000,0,0.625,0.0,0.625,3e8c6bfed3494cf1807799b06f994476e3ccf88afc8b72a91fc6305cd4764f51,50,8,1000,303,assigned_level_sensitivity,dynamic,periodic,0.0,False,False,,True,1.0,25.0,0.0,0.0,0.0,0,8000,5000,0.625,0,0.0,59.99999596713834,0.8292450000000324,546,454,0,0,3000,4000,0,0.0,0,0.0,0.0,0,0.0,0.6655105500000082,0.08318881875000103,0.2581500000000005,4000,0.10862613492364723,8000,8000,0.04628099125083435,1744,0.3554078919910491,0.05141122675794884,0.9485887732420512,0.8675,0.30912690074021476,2.8543155193328857
False,32000,5000,23000,0,0,4000,0,0,8000,8000,5000,0,0,3000,0,0.625,0.0,0.625,dda17a7e1fce878306af623f86dad97c10ac133012d55f5fdcd4856533357f5a,50,8,1000,404,assigned_level_sensitivity,dynamic,periodic,0.0,False,False,,True,1.0,25.0,0.0,0.0,0.0,0,8000,5000,0.625,0,0.0,59.99999596713834,0.8292450000000324,546,454,0,0,3000,4000,0,0.0,0,0.0,0.0,0,0.0,0.6655105500000082,0.08318881875000103,0.2581500000000005,4000,0.108518723228156,8000,8000,0.04172172845763057,1737,0.3362908041852554,0.04222785578464845,0.9577721442153515,0.874,0.29456907572762486,2.8066787719726562
False,32000,5000,23000,0,0,4000,0,0,8000,8000,5000,0,0,3000,0,0.625,0.0,0.625,1dbb40906dc8edd3d08f8dde3c4f6ce7d08bda53c4de3cdaa7ab89d1f918b000,50,8,1000,505,assigned_level_sensitivity,dynamic,periodic,0.0,False,False,,True,1.0,25.0,0.0,0.0,0.0,0,8000,5000,0.625,0,0.0,59.99999596713834,0.8292450000000324,546,454,0,0,3000,4000,0,0.0,0,0.0,0.0,0,0.0,0.6655105500000082,0.08318881875000103,0.2581500000000005,4000,0.1087238764035156,8000,8000,0.04638191976937065,1844,0.34026477228967755,0.054096252974867975,0.945903747025132,0.864,0.2938828525203069,2.8062210083007812
False,32000,5000,23000,0,0,4000,0,0,8000,8000,5000,0,0,3000,0,0.625,0.0,0.625,cb258d9743170b4092499dd14a3565bff363da27db8327ce7c192f0f863439f6,50,8,1000,606,assigned_level_sensitivity,dynamic,periodic,0.0,False,False,,True,1.0,25.0,0.0,0.0,0.0,0,8000,5000,0.625,0,0.0,59.99999596713834,0.8292450000000324,546,454,0,0,3000,4000,0,0.0,0,0.0,0.0,0,0.0,0.6655105500000082,0.08318881875000103,0.2581500000000005,4000,0.10788491175038803,8000,8000,0.041840652237001355,1783,0.3383755656080157,0.04197163365040256,0.9580283663495974,0.867375,0.29653491337101434,2.837773561477661
False,32000,5000,23000,0,0,4000,0,0,8000,8000,5000,0,0,3000,0,0.625,0.0,0.625,8583b79fe467017a9d83a81139c3f37be24c1b606023e6093e0a0daf8edb74e1,50,8,1000,707,assigned_level_sensitivity,dynamic,periodic,0.0,False,False,,True,1.0,25.0,0.0,0.0,0.0,0,8000,5000,0.625,0,0.0,59.99999596713834,0.8292450000000324,546,454,0,0,3000,4000,0,0.0,0,0.0,0.0,0,0.0,0.6655105500000082,0.08318881875000103,0.2581500000000005,4000,0.10777696473063424,8000,8000,0.043562392781507926,1780,0.33103687026736056,0.05105097748929674,0.9489490225107032,0.8715,0.28747447748585264,2.8402132987976074
False,32000,5000,23000,0,0,4000,0,0,8000,8000,5000,0,0,3000,0,0.625,0.0,0.625,a98d5fee67c1f20014dbfe4f65dfa327137e9b5a2645cecf7345d0e526f7153b,50,8,1000,808,assigned_level_sensitivity,dynamic,periodic,0.0,False,False,,True,1.0,25.0,0.0,0.0,0.0,0,8000,5000,0.625,0,0.0,59.99999596713834,0.8292450000000324,546,454,0,0,3000,4000,0,0.0,0,0.0,0.0,0,0.0,0.6655105500000082,0.08318881875000103,0.2581500000000005,4000,0.10793742113213751,8000,8000,0.04167728829399145,1827,0.3239566330314894,0.0447693881273661,0.9552306118726339,0.86425,0.28227934473749794,2.812957763671875
False,32000,5000,23000,0,0,4000,0,0,8000,8000,5000,0,0,3000,0,0.625,0.0,0.625,01cafe69e39c99435fcae0732afd52759127ab3e000aa7dd98eccb2087cf4fad,50,8,1000,909,assigned_level_sensitivity,dynamic,periodic,0.0,False,False,,True,1.0,25.0,0.0,0.0,0.0,0,8000,5000,0.625,0,0.0,59.99999596713834,0.8292450000000324,546,454,0,0,3000,4000,0,0.0,0,0.0,0.0,0,0.0,0.6655105500000082,0.08318881875000103,0.2581500000000005,4000,0.10826217071666469,8000,8000,0.0444287608467183,1726,0.3508181824705681,0.053199279742559606,0.9468007202574404,0.86875,0.3063894216238498,2.8023767471313477
False,32000,5000,23000,0,0,4000,0,0,8000,8000,5000,0,0,3000,0,0.625,0.0,0.625,3ca5c0ca3f47e0b69a4e451973f91d0326601ddf2e6faf634f430affce87c8d9,50,8,1000,1010,assigned_level_sensitivity,dynamic,periodic,0.0,False,False,,True,1.0,25.0,0.0,0.0,0.0,0,8000,5000,0.625,0,0.0,59.99999596713834,0.8292450000000324,546,454,0,0,3000,4000,0,0.0,0,0.0,0.0,0,0.0,0.6655105500000082,0.08318881875000103,0.2581500000000005,4000,0.10919423644479756,8000,8000,0.03890067626330648,1696,0.3288366203955075,0.04122046738016515,0.9587795326198348,0.877625,0.28993594413220103,2.853224515914917
False,40000,7000,29000,0,0,4000,0,0,10000,10000,7000,0,0,3000,0,0.7,0.0,0.7,55485f9fd7055379fcdd74550c22158adfb480164cfe7ad1a566a8cf017cc926,50,10,1000,101,assigned_level_sensitivity,dynamic,periodic,0.0,False,False,,True,1.0,25.0,0.0,0.0,0.0,0,10000,7000,0.7,0,0.0,59.99999596713834,0.8292450000000324,546,454,0,0,3000,4000,0,0.0,0,0.0,0.0,0,0.0,0.6655105500000082,0.06655105500000083,0.2065200000000004,4000,0.08736673300049141,10000,10000,0.03405077234869252,1680,0.3649300723074766,0.030133289086898826,0.9698667109131012,0.8874,0.33087929995878407,3.890516996383667
False,40000,7000,29000,0,0,4000,0,0,10000,10000,7000,0,0,3000,0,0.7,0.0,0.7,5ec18f4d74ce3265c7a25e56875d364c836916741d71ebf9f847f4611bb7f2ea,50,10,1000,202,assigned_level_sensitivity,dynamic,periodic,0.0,False,False,,True,1.0,25.0,0.0,0.0,0.0,0,10000,7000,0.7,0,0.0,59.99999596713834,0.8292450000000324,546,454,0,0,3000,4000,0,0.0,0,0.0,0.0,0,0.0,0.6655105500000082,0.06655105500000083,0.2065200000000004,4000,0.08809602261032824,10000,10000,0.035423222745554685,1800,0.36117142071827346,0.0486117681173612,0.9513882318826388,0.8987,0.32574819797271876,3.8476858139038086
False,40000,7000,29000,0,0,4000,0,0,10000,10000,7000,0,0,3000,0,0.7,0.0,0.7,9820d7f1026debd514d2df5507058942d1e3a4c11b27183957724da660615e05,50,10,1000,303,assigned_level_sensitivity,dynamic,periodic,0.0,False,False,,True,1.0,25.0,0.0,0.0,0.0,0,10000,7000,0.7,0,0.0,59.99999596713834,0.8292450000000324,546,454,0,0,3000,4000,0,0.0,0,0.0,0.0,0,0.0,0.6655105500000082,0.06655105500000083,0.2065200000000004,4000,0.08644647433712241,10000,10000,0.030523742414767144,1820,0.2753112573910054,0.034208457415815345,0.9657915425841846,0.9039,0.2447875149762383,3.891536235809326
False,40000,7000,29000,0,0,4000,0,0,10000,10000,7000,0,0,3000,0,0.7,0.0,0.7,7c84978b39e80c1ddd4cb2393d434b5704da33b4b143f79cfe044406b0591f28,50,10,1000,404,assigned_level_sensitivity,dynamic,periodic,0.0,False,False,,True,1.0,25.0,0.0,0.0,0.0,0,10000,7000,0.7,0,0.0,59.99999596713834,0.8292450000000324,546,454,0,0,3000,4000,0,0.0,0,0.0,0.0,0,0.0,0.6655105500000082,0.06655105500000083,0.2065200000000004,4000,0.08719111339065644,10000,10000,0.039973882500951456,1860,0.3370035206124374,0.04208224149403922,0.9579177585059608,0.894,0.2970296381114859,3.9101474285125732
False,40000,7000,29000,0,0,4000,0,0,10000,10000,7000,0,0,3000,0,0.7,0.0,0.7,78f645197ea4ee80eeecc3534af0eb0da77ec642c70b95f955dd1a9c35365996,50,10,1000,505,assigned_level_sensitivity,dynamic,periodic,0.0,False,False,,True,1.0,25.0,0.0,0.0,0.0,0,10000,7000,0.7,0,0.0,59.99999596713834,0.8292450000000324,546,454,0,0,3000,4000,0,0.0,0,0.0,0.0,0,0.0,0.6655105500000082,0.06655105500000083,0.2065200000000004,4000,0.08687067625779467,10000,10000,0.03607910014424673,1740,0.3450909097186433,0.039888527504541485,0.9601114724954585,0.898,0.30901180957439656,3.872330665588379
False,40000,7000,29000,0,0,4000,0,0,10000,10000,7000,0,0,3000,0,0.7,0.0,0.7,19ed37ee044a6b12a85893c99f37d471ef9d88149b13283e17ec54870f44324c,50,10,1000,606,assigned_level_sensitivity,dynamic,periodic,0.0,False,False,,True,1.0,25.0,0.0,0.0,0.0,0,10000,7000,0.7,0,0.0,59.99999596713834,0.8292450000000324,546,454,0,0,3000,4000,0,0.0,0,0.0,0.0,0,0.0,0.6655105500000082,0.06655105500000083,0.2065200000000004,4000,0.08641474131789056,10000,10000,0.03191562374072155,1860,0.3128559269359931,0.03481862629822443,0.9651813737017756,0.894,0.2809403031952716,3.8736050128936768
False,40000,7000,29000,0,0,4000,0,0,10000,10000,7000,0,0,3000,0,0.7,0.0,0.7,4fb99892b72a71bda5303d5203d5034d36aa387cb017a321d9fdad38efb3bb5b,50,10,1000,707,assigned_level_sensitivity,dynamic,periodic,0.0,False,False,,True,1.0,25.0,0.0,0.0,0.0,0,10000,7000,0.7,0,0.0,59.99999596713834,0.8292450000000324,546,454,0,0,3000,4000,0,0.0,0,0.0,0.0,0,0.0,0.6655105500000082,0.06655105500000083,0.2065200000000004,4000,0.0863101659980436,10000,10000,0.0394147525665365,1680,0.3925591623782058,0.03683791388611868,0.9631620861138813,0.8918,0.35314440981166934,3.930581569671631
False,40000,7000,29000,0,0,4000,0,0,10000,10000,7000,0,0,3000,0,0.7,0.0,0.7,fceeaf839b4fa587d9e1d00747ca00d8d82798963570e6d9e3fd731cd9222337,50,10,1000,808,assigned_level_sensitivity,dynamic,periodic,0.0,False,False,,True,1.0,25.0,0.0,0.0,0.0,0,10000,7000,0.7,0,0.0,59.99999596713834,0.8292450000000324,546,454,0,0,3000,4000,0,0.0,0,0.0,0.0,0,0.0,0.6655105500000082,0.06655105500000083,0.2065200000000004,4000,0.08740411718826573,10000,10000,0.029964782400954813,1612,0.34086155792387834,0.031253363507950965,0.9687466364920491,0.908,0.31089677552292355,3.8596904277801514
False,40000,7000,29000,0,0,4000,0,0,10000,10000,7000,0,0,3000,0,0.7,0.0,0.7,f1b8cf3188af1e83f3b00a96ee539b50e90c6b470d67da38b337a27b173977a8,50,10,1000,909,assigned_level_sensitivity,dynamic,periodic,0.0,False,False,,True,1.0,25.0,0.0,0.0,0.0,0,10000,7000,0.7,0,0.0,59.99999596713834,0.8292450000000324,546,454,0,0,3000,4000,0,0.0,0,0.0,0.0,0,0.0,0.6655105500000082,0.06655105500000083,0.2065200000000004,4000,0.08727302908815839,10000,10000,0.03503807932187769,1620,0.3903042950234165,0.03670280894796766,0.9632971910520324,0.89,0.3552662157015388,3.9236373901367188
False,40000,7000,29000,0,0,4000,0,0,10000,10000,7000,0,0,3000,0,0.7,0.0,0.7,14b443ee73b23be6e1c7853c25fd15f8df0d2f70f95b0d5520da65a7c387d2a3,50,10,1000,1010,assigned_level_sensitivity,dynamic,periodic,0.0,False,False,,True,1.0,25.0,0.0,0.0,0.0,0,10000,7000,0.7,0,0.0,59.99999596713834,0.8292450000000324,546,454,0,0,3000,4000,0,0.0,0,0.0,0.0,0,0.0,0.6655105500000082,0.06655105500000083,0.2065200000000004,4000,0.08720776655668182,10000,10000,0.032735195797035516,1760,0.2988967574562585,0.0315834396014326,0.9684165603985674,0.904,0.266161561659223,3.932188034057617
False,16000,1000,8000,0,0,7000,0,0,4000,4000,1000,0,0,3000,0,0.25,0.0,0.25,2e38c1a1345af1fb3b4f8b2141ce9e048f1cd8b339a99d070dec77739c047cb0,60,4,1000,101,assigned_level_sensitivity,dynamic,periodic,0.0,False,False,,True,1.0,25.0,0.0,0.0,0.0,0,4000,1000,0.25,0,0.0,59.999737642771876,0.8141585714286701,3478,522,0,0,3000,7000,0,0.0,0,0.0,0.0,0,0.0,0.6288163714286001,0.2751071625000126,0.516300000000001,7000,0.3290811107499417,4000,4000,0.17483990831012708,2376,0.3742014179404109,0.27775446830877976,0.7222455316912202,0.555,0.19936150963028382,1.500819206237793
False,16000,1000,8000,0,0,7000,0,0,4000,4000,1000,0,0,3000,0,0.25,0.0,0.25,18715205df0c2aa164ad75c70d4c937fc97c2d4380aa66245696368a95d95d8a,60,4,1000,202,assigned_level_sensitivity,dynamic,periodic,0.0,False,False,,True,1.0,25.0,0.0,0.0,0.0,0,4000,1000,0.25,0,0.0,59.999737642771876,0.8141585714286701,3478,522,0,0,3000,7000,0,0.0,0,0.0,0.0,0,0.0,0.6288163714286001,0.2751071625000126,0.516300000000001,7000,0.3296885998945286,4000,4000,0.17381506506666927,2424,0.38139141613280464,0.24149152521696454,0.7585084747830355,0.55,0.20757635106613537,1.4776115417480469
False,16000,1000,8000,0,0,7000,0,0,4000,4000,1000,0,0,3000,0,0.25,0.0,0.25,189fdf4720562237ee8611185ce06d14588b910da733f2cf9b152955c065b9f1,60,4,1000,303,assigned_level_sensitivity,dynamic,periodic,0.0,False,False,,True,1.0,25.0,0.0,0.0,0.0,0,4000,1000,0.25,0,0.0,59.999737642771876,0.8141585714286701,3478,522,0,0,3000,7000,0,0.0,0,0.0,0.0,0,0.0,0.6288163714286001,0.2751071625000126,0.516300000000001,7000,0.32955579425305576,4000,4000,0.17174430904380916,2328,0.3829929806286521,0.23845444599598206,0.7615455540040179,0.562,0.21124867158484295,1.463454246520996
False,16000,1000,8000,0,0,7000,0,0,4000,4000,1000,0,0,3000,0,0.25,0.0,0.25,70f017fa61249b7608d2fef726e13a913a2425a6722c197907db86cbc4137f1d,60,4,1000,404,assigned_level_sensitivity,dynamic,periodic,0.0,False,False,,True,1.0,25.0,0.0,0.0,0.0,0,4000,1000,0.25,0,0.0,59.999737642771876,0.8141585714286701,3478,522,0,0,3000,7000,0,0.0,0,0.0,0.0,0,0.0,0.6288163714286001,0.2751071625000126,0.516300000000001,7000,0.32903935458477246,4000,4000,0.1758375718205164,2460,0.3717250473822411,0.24339537684106338,0.7566046231589366,0.54775,0.1958874755617247,1.4740126132965088
False,16000,1000,8000,0,0,7000,0,0,4000,4000,1000,0,0,3000,0,0.25,0.0,0.25,8a1343b3a873da43b356496ae91ed72a182cfe9ad71f1485111d745180ffa032,60,4,1000,505,assigned_level_sensitivity,dynamic,periodic,0.0,False,False,,True,1.0,25.0,0.0,0.0,0.0,0,4000,1000,0.25,0,0.0,59.999737642771876,0.8141585714286701,3478,522,0,0,3000,7000,0,0.0,0,0.0,0.0,0,0.0,0.6288163714286001,0.2751071625000126,0.516300000000001,7000,0.32984507048779493,4000,4000,0.17762940908939054,2432,0.3819765530390318,0.26196304318206376,0.7380369568179362,0.545,0.20434714394964124,1.474400520324707
False,16000,1000,8000,0,0,7000,0,0,4000,4000,1000,0,0,3000,0,0.25,0.0,0.25,5e0f0a5d6049b3f5cb96f136d16cff91deda88be51827b2ee25f2525c8b545d4,60,4,1000,606,assigned_level_sensitivity,dynamic,periodic,0.0,False,False,,True,1.0,25.0,0.0,0.0,0.0,0,4000,1000,0.25,0,0.0,59.999737642771876,0.8141585714286701,3478,522,0,0,3000,7000,0,0.0,0,0.0,0.0,0,0.0,0.6288163714286001,0.2751071625000126,0.516300000000001,7000,0.32739540944345125,4000,4000,0.17106911906429573,2384,0.3666328534907528,0.24629117739449002,0.75370882260551,0.561,0.19556373442645708,1.4877982139587402
False,16000,1000,8000,0,0,7000,0,0,4000,4000,1000,0,0,3000,0,0.25,0.0,0.25,a6f6a04629a427f711fd05a1cb0630f22b4fe9f1f4b2785e6358560efea211d8,60,4,1000,707,assigned_level_sensitivity,dynamic,periodic,0.0,False,False,,True,1.0,25.0,0.0,0.0,0.0,0,4000,1000,0.25,0,0.0,59.999737642771876,0.8141585714286701,3478,522,0,0,3000,7000,0,0.0,0,0.0,0.0,0,0.0,0.6288163714286001,0.2751071625000126,0.516300000000001,7000,0.32762403985485833,4000,4000,0.17531253707900618,2472,0.3730581831761281,0.2542047404020969,0.7457952595979032,0.544,0.19774564609712192,1.4777534008026123
False,16000,1000,8000,0,0,7000,0,0,4000,4000,1000,0,0,3000,0,0.25,0.0,0.25,ec29c247eb1573042413d4819ce87de2714e704be9190f2ce3e5a1b406870afb,60,4,1000,808,assigned_level_sensitivity,dynamic,periodic,0.0,False,False,,True,1.0,25.0,0.0,0.0,0.0,0,4000,1000,0.25,0,0.0,59.999737642771876,0.8141585714286701,3478,522,0,0,3000,7000,0,0.0,0,0.0,0.0,0,0.0,0.6288163714286001,0.2751071625000126,0.516300000000001,7000,0.3283023280966469,4000,4000,0.17129767113946212,2360,0.3712993146897362,0.2554825231117146,0.7445174768882854,0.563,0.20000164355027408,1.516974687576294
False,16000,1000,8000,0,0,7000,0,0,4000,4000,1000,0,0,3000,0,0.25,0.0,0.25,abb2cf2cc17e52ed29cc9696dba0e6f08d43a7eff3e737333e1c46b9730cba03,60,4,1000,909,assigned_level_sensitivity,dynamic,periodic,0.0,False,False,,True,1.0,25.0,0.0,0.0,0.0,0,4000,1000,0.25,0,0.0,59.999737642771876,0.8141585714286701,3478,522,0,0,3000,7000,0,0.0,0,0.0,0.0,0,0.0,0.6288163714286001,0.2751071625000126,0.516300000000001,7000,0.3284085520330089,4000,4000,0.17451312754778694,2304,0.39003460551488184,0.254462147414316,0.745537852585684,0.556,0.2155214779670949,1.4922106266021729
False,16000,1000,8000,0,0,7000,0,0,4000,4000,1000,0,0,3000,0,0.25,0.0,0.25,9b6af583f53e7a04f2858175709d9ae209a035c6f29382d30c6f62987a0bf7a5,60,4,1000,1010,assigned_level_sensitivity,dynamic,periodic,0.0,False,False,,True,1.0,25.0,0.0,0.0,0.0,0,4000,1000,0.25,0,0.0,59.999737642771876,0.8141585714286701,3478,522,0,0,3000,7000,0,0.0,0,0.0,0.0,0,0.0,0.6288163714286001,0.2751071625000126,0.516300000000001,7000,0.33052986987898825,4000,4000,0.17339351074538037,2392,0.37356087590288156,0.22723001452928282,0.7727699854707172,0.555,0.2001673651575012,1.4594264030456543
False,24000,3000,14000,0,0,7000,0,0,6000,6000,3000,0,0,3000,0,0.5,0.0,0.5,4fa4459c5c5339a8fc10c05e94908307c423c9ede4dab105be54d3a66907d993,60,6,1000,101,assigned_level_sensitivity,dynamic,periodic,0.0,False,False,,True,1.0,25.0,0.0,0.0,0.0,0,6000,3000,0.5,0,0.0,59.999737642771876,0.8141585714286701,3478,522,0,0,3000,7000,0,0.0,0,0.0,0.0,0,0.0,0.6288163714286001,0.18340477500000837,0.34420000000000067,7000,0.22456536488737844,6000,6000,0.12157770305540841,2833,0.36460227838182874,0.1711776104469063,0.8288223895530937,0.6631666666666667,0.24302457532642033,2.125326156616211
False,24000,3000,14000,0,0,7000,0,0,6000,6000,3000,0,0,3000,0,0.5,0.0,0.5,8dd229986a5f74bdadc97f465335d77c1e91775c80c13ff716152f593a25d056,60,6,1000,202,assigned_level_sensitivity,dynamic,periodic,0.0,False,False,,True,1.0,25.0,0.0,0.0,0.0,0,6000,3000,0.5,0,0.0,59.999737642771876,0.8141585714286701,3478,522,0,0,3000,7000,0,0.0,0,0.0,0.0,0,0.0,0.6288163714286001,0.18340477500000837,0.34420000000000067,7000,0.22452893912244712,6000,6000,0.11565571762873553,2796,0.357200537449539,0.15320361605249874,0.8467963839475012,0.673,0.24154481982080347,2.1235618591308594
False,24000,3000,14000,0,0,7000,0,0,6000,6000,3000,0,0,3000,0,0.5,0.0,0.5,998e3e412a9b3ffba3a2d51830b15fd0992fa5edfe478d28cee9874004b7d7e5,60,6,1000,303,assigned_level_sensitivity,dynamic,periodic,0.0,False,False,,True,1.0,25.0,0.0,0.0,0.0,0,6000,3000,0.5,0,0.0,59.999737642771876,0.8141585714286701,3478,522,0,0,3000,7000,0,0.0,0,0.0,0.0,0,0.0,0.6288163714286001,0.18340477500000837,0.34420000000000067,7000,0.22405374565362615,6000,6000,0.11902732357141743,2836,0.3632029847754052,0.15389189621221783,0.8461081037877822,0.6688333333333333,0.24417566120398776,2.1154096126556396
False,24000,3000,14000,0,0,7000,0,0,6000,6000,3000,0,0,3000,0,0.5,0.0,0.5,9281bc7555caeffee70111d40bdea22bf239e0d828732e0689160a10028d1f1e,60,6,1000,404,assigned_level_sensitivity,dynamic,periodic,0.0,False,False,,True,1.0,25.0,0.0,0.0,0.0,0,6000,3000,0.5,0,0.0,59.999737642771876,0.8141585714286701,3478,522,0,0,3000,7000,0,0.0,0,0.0,0.0,0,0.0,0.6288163714286001,0.18340477500000837,0.34420000000000067,7000,0.22384429826306818,6000,6000,0.11711262305685241,2821,0.35441655504550135,0.15857298846941323,0.8414270115305867,0.6703333333333333,0.23730393198864894,2.1284711360931396
False,24000,3000,14000,0,0,7000,0,0,6000,6000,3000,0,0,3000,0,0.5,0.0,0.5,272ea2cd5bd9a9b184504f928b3b6e1c77b77792098eecaf3e3e26d6a4c29e7b,60,6,1000,505,assigned_level_sensitivity,dynamic,periodic,0.0,False,False,,True,1.0,25.0,0.0,0.0,0.0,0,6000,3000,0.5,0,0.0,59.999737642771876,0.8141585714286701,3478,522,0,0,3000,7000,0,0.0,0,0.0,0.0,0,0.0,0.6288163714286001,0.18340477500000837,0.34420000000000067,7000,0.22426477589157393,6000,6000,0.11472280930618174,2748,0.3590117289506411,0.15654701198777793,0.8434529880122221,0.6793333333333333,0.24428891964445937,2.1143784523010254
False,24000,3000,14000,0,0,7000,0,0,6000,6000,3000,0,0,3000,0,0.5,0.0,0.5,40043692d0c98fef4a216cf7ee59e5a32e4d66df3b3bd3c8f761b767ad831094,60,6,1000,606,assigned_level_sensitivity,dynamic,periodic,0.0,False,False,,True,1.0,25.0,0.0,0.0,0.0,0,6000,3000,0.5,0,0.0,59.999737642771876,0.8141585714286701,3478,522,0,0,3000,7000,0,0.0,0,0.0,0.0,0,0.0,0.6288163714286001,0.18340477500000837,0.34420000000000067,7000,0.22415410551247167,6000,6000,0.11605205692028456,2808,0.35487394271225586,0.14802255337260506,0.8519774466273949,0.6716666666666666,0.2388218857919713,2.1163620948791504
False,24000,3000,14000,0,0,7000,0,0,6000,6000,3000,0,0,3000,0,0.5,0.0,0.5,e304fba8bf8f05f5daeaaca2f92e4c91e46c357163f28a0c57834ed3bd0489e4,60,6,1000,707,assigned_level_sensitivity,dynamic,periodic,0.0,False,False,,True,1.0,25.0,0.0,0.0,0.0,0,6000,3000,0.5,0,0.0,59.999737642771876,0.8141585714286701,3478,522,0,0,3000,7000,0,0.0,0,0.0,0.0,0,0.0,0.6288163714286001,0.18340477500000837,0.34420000000000067,7000,0.22349792777374583,6000,6000,0.11844809480469545,2841,0.3505988132266523,0.16092695978061197,0.839073040219388,0.6701666666666667,0.23215071842195686,2.1096315383911133
False,24000,3000,14000,0,0,7000,0,0,6000,6000,3000,0,0,3000,0,0.5,0.0,0.5,5bca9f68a5c346271a8971e6f97c55248ca7bc355b49a083533f4780cb450be9,60,6,1000,808,assigned_level_sensitivity,dynamic,periodic,0.0,False,False,,True,1.0,25.0,0.0,0.0,0.0,0,6000,3000,0.5,0,0.0,59.999737642771876,0.8141585714286701,3478,522,0,0,3000,7000,0,0.0,0,0.0,0.0,0,0.0,0.6288163714286001,0.18340477500000837,0.34420000000000067,7000,0.22391092713946825,6000,6000,0.11699736062465682,2800,0.35579830987148814,0.15493570158362616,0.8450642984163739,0.6738333333333333,0.23880094924683132,2.1129348278045654
False,24000,3000,14000,0,0,7000,0,0,6000,6000,3000,0,0,3000,0,0.5,0.0,0.5,ada1373440f6dedb4b77aadb839febf1e830ca0fcaad1cbf22842124a8bfa19b,60,6,1000,909,assigned_level_sensitivity,dynamic,periodic,0.0,False,False,,True,1.0,25.0,0.0,0.0,0.0,0,6000,3000,0.5,0,0.0,59.999737642771876,0.8141585714286701,3478,522,0,0,3000,7000,0,0.0,0,0.0,0.0,0,0.0,0.6288163714286001,0.18340477500000837,0.34420000000000067,7000,0.22411704062112756,6000,6000,0.11898511392465194,2820,0.358730400020519,0.1590891213145521,0.8409108786854479,0.6725,0.23974528609586704,2.129331350326538
False,24000,3000,14000,0,0,7000,0,0,6000,6000,3000,0,0,3000,0,0.5,0.0,0.5,a0551a6ae83356f6d3c7cd933ee7655ec95e33ceb79b1c759b370c82f9537e1a,60,6,1000,1010,assigned_level_sensitivity,dynamic,periodic,0.0,False,False,,True,1.0,25.0,0.0,0.0,0.0,0,6000,3000,0.5,0,0.0,59.999737642771876,0.8141585714286701,3478,522,0,0,3000,7000,0,0.0,0,0.0,0.0,0,0.0,0.6288163714286001,0.18340477500000837,0.34420000000000067,7000,0.2237079058659687,6000,6000,0.11512228600362952,2756,0.3560867954576374,0.156916941194307,0.843083058805693,0.675,0.24096450945400788,2.149545669555664
False,32000,5000,20000,0,0,7000,0,0,8000,8000,5000,0,0,3000,0,0.625,0.0,0.625,139a84a209c2003227260f1024fcf5b8fe264864884385c28512ac72add21efb,60,8,1000,101,assigned_level_sensitivity,dynamic,periodic,0.0,False,False,,True,1.0,25.0,0.0,0.0,0.0,0,8000,5000,0.625,0,0.0,59.999737642771876,0.8141585714286701,3478,522,0,0,3000,7000,0,0.0,0,0.0,0.0,0,0.0,0.6288163714286001,0.1375535812500063,0.2581500000000005,7000,0.17074224753476644,8000,8000,0.08519553342877517,3016,0.33673069750316326,0.11516803712744036,0.8848319628725596,0.751,0.2515351640743881,2.9143314361572266
False,32000,5000,20000,0,0,7000,0,0,8000,8000,5000,0,0,3000,0,0.625,0.0,0.625,c391c1087c9e1533c9d602cf2c3ac3d990dbaa6b3512ef0b7a80b63bf41dde4c,60,8,1000,202,assigned_level_sensitivity,dynamic,periodic,0.0,False,False,,True,1.0,25.0,0.0,0.0,0.0,0,8000,5000,0.625,0,0.0,59.999737642771876,0.8141585714286701,3478,522,0,0,3000,7000,0,0.0,0,0.0,0.0,0,0.0,0.6288163714286001,0.1375535812500063,0.2581500000000005,7000,0.1707257710960197,8000,8000,0.08523749439938373,3016,0.34317673942352306,0.1054443772532773,0.8945556227467227,0.747625,0.25793924502413934,2.948223829269409
False,32000,5000,20000,0,0,7000,0,0,8000,8000,5000,0,0,3000,0,0.625,0.0,0.625,3e8c6bfed3494cf1807799b06f994476e3ccf88afc8b72a91fc6305cd4764f51,60,8,1000,303,assigned_level_sensitivity,dynamic,periodic,0.0,False,False,,True,1.0,25.0,0.0,0.0,0.0,0,8000,5000,0.625,0,0.0,59.999737642771876,0.8141585714286701,3478,522,0,0,3000,7000,0,0.0,0,0.0,0.0,0,0.0,0.6288163714286001,0.1375535812500063,0.2581500000000005,7000,0.17074877873594932,8000,8000,0.08372575234250604,2971,0.3415112315439275,0.11048296780156958,0.8895170321984305,0.755,0.2577854792014215,2.957188844680786
False,32000,5000,20000,0,0,7000,0,0,8000,8000,5000,0,0,3000,0,0.625,0.0,0.625,dda17a7e1fce878306af623f86dad97c10ac133012d55f5fdcd4856533357f5a,60,8,1000,404,assigned_level_sensitivity,dynamic,periodic,0.0,False,False,,True,1.0,25.0,0.0,0.0,0.0,0,8000,5000,0.625,0,0.0,59.999737642771876,0.8141585714286701,3478,522,0,0,3000,7000,0,0.0,0,0.0,0.0,0,0.0,0.6288163714286001,0.1375535812500063,0.2581500000000005,7000,0.17030820261025378,8000,8000,0.08483130147565063,3000,0.336320895701,0.10579648692541764,0.8942035130745823,0.7515,0.25148959422534933,2.9933876991271973
False,32000,5000,20000,0,0,7000,0,0,8000,8000,5000,0,0,3000,0,0.625,0.0,0.625,1dbb40906dc8edd3d08f8dde3c4f6ce7d08bda53c4de3cdaa7ab89d1f918b000,60,8,1000,505,assigned_level_sensitivity,dynamic,periodic,0.0,False,False,,True,1.0,25.0,0.0,0.0,0.0,0,8000,5000,0.625,0,0.0,59.999737642771876,0.8141585714286701,3478,522,0,0,3000,7000,0,0.0,0,0.0,0.0,0,0.0,0.6288163714286001,0.1375535812500063,0.2581500000000005,7000,0.17069839586682645,8000,8000,0.08225705233222473,2964,0.3376794394818179,0.1058534383427831,0.8941465616572168,0.757,0.25542238714959314,2.9602863788604736
False,32000,5000,20000,0,0,7000,0,0,8000,8000,5000,0,0,3000,0,0.625,0.0,0.625,cb258d9743170b4092499dd14a3565bff363da27db8327ce7c192f0f863439f6,60,8,1000,606,assigned_level_sensitivity,dynamic,periodic,0.0,False,False,,True,1.0,25.0,0.0,0.0,0.0,0,8000,5000,0.625,0,0.0,59.999737642771876,0.8141585714286701,3478,522,0,0,3000,7000,0,0.0,0,0.0,0.0,0,0.0,0.6288163714286001,0.1375535812500063,0.2581500000000005,7000,0.16983770551816038,8000,8000,0.08360659553270301,3004,0.34064706270895184,0.09605162803882047,0.9039483719611795,0.75,0.25704046717624884,2.941340684890747
False,32000,5000,20000,0,0,7000,0,0,8000,8000,5000,0,0,3000,0,0.625,0.0,0.625,8583b79fe467017a9d83a81139c3f37be24c1b606023e6093e0a0daf8edb74e1,60,8,1000,707,assigned_level_sensitivity,dynamic,periodic,0.0,False,False,,True,1.0,25.0,0.0,0.0,0.0,0,8000,5000,0.625,0,0.0,59.999737642771876,0.8141585714286701,3478,522,0,0,3000,7000,0,0.0,0,0.0,0.0,0,0.0,0.6288163714286001,0.1375535812500063,0.2581500000000005,7000,0.16996576482674833,8000,8000,0.08626638225728521,3007,0.34058270408405217,0.111367855278551,0.888632144721449,0.745875,0.25431632182676694,2.9494705200195312
False,32000,5000,20000,0,0,7000,0,0,8000,8000,5000,0,0,3000,0,0.625,0.0,0.625,a98d5fee67c1f20014dbfe4f65dfa327137e9b5a2645cecf7345d0e526f7153b,60,8,1000,808,assigned_level_sensitivity,dynamic,periodic,0.0,False,False,,True,1.0,25.0,0.0,0.0,0.0,0,8000,5000,0.625,0,0.0,59.999737642771876,0.8141585714286701,3478,522,0,0,3000,7000,0,0.0,0,0.0,0.0,0,0.0,0.6288163714286001,0.1375535812500063,0.2581500000000005,7000,0.16989803544389986,8000,8000,0.08441804920010486,3036,0.3363531722803955,0.10947388965806358,0.8905261103419364,0.747,0.25193512308029065,2.9579505920410156
False,32000,5000,20000,0,0,7000,0,0,8000,8000,5000,0,0,3000,0,0.625,0.0,0.625,01cafe69e39c99435fcae0732afd52759127ab3e000aa7dd98eccb2087cf4fad,60,8,1000,909,assigned_level_sensitivity,dynamic,periodic,0.0,False,False,,True,1.0,25.0,0.0,0.0,0.0,0,8000,5000,0.625,0,0.0,59.999737642771876,0.8141585714286701,3478,522,0,0,3000,7000,0,0.0,0,0.0,0.0,0,0.0,0.6288163714286001,0.1375535812500063,0.2581500000000005,7000,0.17051706117480658,8000,8000,0.08755128464419579,2956,0.35571555735341764,0.11214049874996404,0.887859501250036,0.745625,0.26816427270922183,2.9527199268341064
False,32000,5000,20000,0,0,7000,0,0,8000,8000,5000,0,0,3000,0,0.625,0.0,0.625,3ca5c0ca3f47e0b69a4e451973f91d0326601ddf2e6faf634f430affce87c8d9,60,8,1000,1010,assigned_level_sensitivity,dynamic,periodic,0.0,False,False,,True,1.0,25.0,0.0,0.0,0.0,0,8000,5000,0.625,0,0.0,59.999737642771876,0.8141585714286701,3478,522,0,0,3000,7000,0,0.0,0,0.0,0.0,0,0.0,0.6288163714286001,0.1375535812500063,0.2581500000000005,7000,0.17083576163337055,8000,8000,0.08265456438487617,2934,0.34274284048605813,0.10220430782890708,0.8977956921710929,0.753,0.26008827610118196,3.024542808532715
False,40000,7000,26000,0,0,7000,0,0,10000,10000,7000,0,0,3000,0,0.7,0.0,0.7,55485f9fd7055379fcdd74550c22158adfb480164cfe7ad1a566a8cf017cc926,60,10,1000,101,assigned_level_sensitivity,dynamic,periodic,0.0,False,False,,True,1.0,25.0,0.0,0.0,0.0,0,10000,7000,0.7,0,0.0,59.999737642771876,0.8141585714286701,3478,522,0,0,3000,7000,0,0.0,0,0.0,0.0,0,0.0,0.6288163714286001,0.11004286500000503,0.2065200000000004,7000,0.13816727248368535,10000,10000,0.06373386203565268,2940,0.3380788344348829,0.07074786447897392,0.929252135521026,0.803,0.2743449723992302,4.076984167098999
False,40000,7000,26000,0,0,7000,0,0,10000,10000,7000,0,0,3000,0,0.7,0.0,0.7,5ec18f4d74ce3265c7a25e56875d364c836916741d71ebf9f847f4611bb7f2ea,60,10,1000,202,assigned_level_sensitivity,dynamic,periodic,0.0,False,False,,True,1.0,25.0,0.0,0.0,0.0,0,10000,7000,0.7,0,0.0,59.999737642771876,0.8141585714286701,3478,522,0,0,3000,7000,0,0.0,0,0.0,0.0,0,0.0,0.6288163714286001,0.11004286500000503,0.2065200000000004,7000,0.1389888288370493,10000,10000,0.06557506857662543,3200,0.3466538718725323,0.08610782298887468,0.9138921770111254,0.7909,0.2810788032959069,3.994706153869629
False,40000,7000,26000,0,0,7000,0,0,10000,10000,7000,0,0,3000,0,0.7,0.0,0.7,9820d7f1026debd514d2df5507058942d1e3a4c11b27183957724da660615e05,60,10,1000,303,assigned_level_sensitivity,dynamic,periodic,0.0,False,False,,True,1.0,25.0,0.0,0.0,0.0,0,10000,7000,0.7,0,0.0,59.999737642771876,0.8141585714286701,3478,522,0,0,3000,7000,0,0.0,0,0.0,0.0,0,0.0,0.6288163714286001,0.11004286500000503,0.2065200000000004,7000,0.13746073454902577,10000,10000,0.06027555755629897,3080,0.30110261013301726,0.07248039511208781,0.9275196048879122,0.81,0.24082705257671827,3.934422731399536
False,40000,7000,26000,0,0,7000,0,0,10000,10000,7000,0,0,3000,0,0.7,0.0,0.7,7c84978b39e80c1ddd4cb2393d434b5704da33b4b143f79cfe044406b0591f28,60,10,1000,404,assigned_level_sensitivity,dynamic,periodic,0.0,False,False,,True,1.0,25.0,0.0,0.0,0.0,0,10000,7000,0.7,0,0.0,59.999737642771876,0.8141585714286701,3478,522,0,0,3000,7000,0,0.0,0,0.0,0.0,0,0.0,0.6288163714286001,0.11004286500000503,0.2065200000000004,7000,0.13745627215531442,10000,10000,0.07119611691835533,3190,0.32929498199233853,0.09058720574122216,0.9094127942587779,0.798,0.2580988650739832,4.057770252227783
False,40000,7000,26000,0,0,7000,0,0,10000,10000,7000,0,0,3000,0,0.7,0.0,0.7,78f645197ea4ee80eeecc3534af0eb0da77ec642c70b95f955dd1a9c35365996,60,10,1000,505,assigned_level_sensitivity,dynamic,periodic,0.0,False,False,,True,1.0,25.0,0.0,0.0,0.0,0,10000,7000,0.7,0,0.0,59.999737642771876,0.8141585714286701,3478,522,0,0,3000,7000,0,0.0,0,0.0,0.0,0,0.0,0.6288163714286001,0.11004286500000503,0.2065200000000004,7000,0.13795773286840696,10000,10000,0.07001582050644774,3070,0.3522892898596736,0.07694106297443029,0.9230589370255697,0.798,0.2822734693532259,3.9932610988616943
False,40000,7000,26000,0,0,7000,0,0,10000,10000,7000,0,0,3000,0,0.7,0.0,0.7,19ed37ee044a6b12a85893c99f37d471ef9d88149b13283e17ec54870f44324c,60,10,1000,606,assigned_level_sensitivity,dynamic,periodic,0.0,False,False,,True,1.0,25.0,0.0,0.0,0.0,0,10000,7000,0.7,0,0.0,59.999737642771876,0.8141585714286701,3478,522,0,0,3000,7000,0,0.0,0,0.0,0.0,0,0.0,0.6288163714286001,0.11004286500000503,0.2065200000000004,7000,0.13757783460013187,10000,10000,0.061972795214463874,3150,0.29891521113491765,0.06718244920005693,0.9328175507999431,0.8091,0.23694241592045379,4.013238191604614
False,40000,7000,26000,0,0,7000,0,0,10000,10000,7000,0,0,3000,0,0.7,0.0,0.7,4fb99892b72a71bda5303d5203d5034d36aa387cb017a321d9fdad38efb3bb5b,60,10,1000,707,assigned_level_sensitivity,dynamic,periodic,0.0,False,False,,True,1.0,25.0,0.0,0.0,0.0,0,10000,7000,0.7,0,0.0,59.999737642771876,0.8141585714286701,3478,522,0,0,3000,7000,0,0.0,0,0.0,0.0,0,0.0,0.6288163714286001,0.11004286500000503,0.2065200000000004,7000,0.13698772041598542,10000,10000,0.07104636047655676,3109,0.3526830165672826,0.08648248758598195,0.913517512414018,0.796,0.28163665609072586,3.982790946960449
False,40000,7000,26000,0,0,7000,0,0,10000,10000,7000,0,0,3000,0,0.7,0.0,0.7,fceeaf839b4fa587d9e1d00747ca00d8d82798963570e6d9e3fd731cd9222337,60,10,1000,808,assigned_level_sensitivity,dynamic,periodic,0.0,False,False,,True,1.0,25.0,0.0,0.0,0.0,0,10000,7000,0.7,0,0.0,59.999737642771876,0.8141585714286701,3478,522,0,0,3000,7000,0,0.0,0,0.0,0.0,0,0.0,0.6288163714286001,0.11004286500000503,0.2065200000000004,7000,0.13823979925887742,10000,10000,0.065641558727716,3010,0.3415261570573061,0.07421478033681198,0.925785219663188,0.806,0.2758845983295901,4.0094499588012695
False,40000,7000,26000,0,0,7000,0,0,10000,10000,7000,0,0,3000,0,0.7,0.0,0.7,f1b8cf3188af1e83f3b00a96ee539b50e90c6b470d67da38b337a27b173977a8,60,10,1000,909,assigned_level_sensitivity,dynamic,periodic,0.0,False,False,,True,1.0,25.0,0.0,0.0,0.0,0,10000,7000,0.7,0,0.0,59.999737642771876,0.8141585714286701,3478,522,0,0,3000,7000,0,0.0,0,0.0,0.0,0,0.0,0.6288163714286001,0.11004286500000503,0.2065200000000004,7000,0.13872953151731918,10000,10000,0.06550549039136658,2859,0.3606792269379822,0.08264634314511207,0.9173536568548879,0.7991,0.2951737365466156,3.955197334289551
False,40000,7000,26000,0,0,7000,0,0,10000,10000,7000,0,0,3000,0,0.7,0.0,0.7,14b443ee73b23be6e1c7853c25fd15f8df0d2f70f95b0d5520da65a7c387d2a3,60,10,1000,1010,assigned_level_sensitivity,dynamic,periodic,0.0,False,False,,True,1.0,25.0,0.0,0.0,0.0,0,10000,7000,0.7,0,0.0,59.999737642771876,0.8141585714286701,3478,522,0,0,3000,7000,0,0.0,0,0.0,0.0,0,0.0,0.6288163714286001,0.11004286500000503,0.2065200000000004,7000,0.13808901651555708,10000,10000,0.06705288534661456,3069,0.3349750790451954,0.07326735603073214,0.9267326439692678,0.8,0.26792219369858083,4.021496534347534
False,16000,0,6000,0,0,10000,0,0,4000,4000,0,0,0,4000,0,0.0,0.0,0.0,5f94118a7d3e90192598c144eb4882652a3061a1912ed5a940883915afa1a0af,80,4,1000,101,assigned_level_sensitivity,dynamic,periodic,0.0,False,False,,True,1.0,25.0,0.0,0.0,0.0,0,4000,0,0.0,0,0.0,59.99999375193675,0.805973000000129,6000,0,0,0,4000,10000,0,0.0,0,0.0,0.0,0,0.0,0.6227599999999719,0.3892249999999824,0.6884000000000013,10000,0.45282164294509525,4000,4000,0.2505293505097891,3160,0.3840028890950928,0.38189659769811385,0.6181034023018861,0.376,0.1334735385853037,1.5677871704101562
False,16000,0,6000,0,0,10000,0,0,4000,4000,0,0,0,4000,0,0.0,0.0,0.0,5f60743f4251cc1f57f4eed09143bff61175f797b109b1f7a6707e9bdbab9e8c,80,4,1000,202,assigned_level_sensitivity,dynamic,periodic,0.0,False,False,,True,1.0,25.0,0.0,0.0,0.0,0,4000,0,0.0,0,0.0,59.99999375193675,0.805973000000129,6000,0,0,0,4000,10000,0,0.0,0,0.0,0.0,0,0.0,0.6227599999999719,0.3892249999999824,0.6884000000000013,10000,0.45248877114686437,4000,4000,0.24549977741934495,3184,0.37331891207255086,0.35563871269581704,0.644361287304183,0.384,0.1278191346532059,1.5893161296844482
False,16000,0,6000,0,0,10000,0,0,4000,4000,0,0,0,4000,0,0.0,0.0,0.0,93d78bf2192fb5f1a1477dec0382df9346d3e26750a92867a9a5c128cded5745,80,4,1000,303,assigned_level_sensitivity,dynamic,periodic,0.0,False,False,,True,1.0,25.0,0.0,0.0,0.0,0,4000,0,0.0,0,0.0,59.99999375193675,0.805973000000129,6000,0,0,0,4000,10000,0,0.0,0,0.0,0.0,0,0.0,0.6227599999999719,0.3892249999999824,0.6884000000000013,10000,0.4528563630452548,4000,4000,0.2529101826112055,3128,0.38896707110062695,0.3835091032835256,0.6164908967164744,0.386,0.13605688848942143,1.5385510921478271
False,16000,0,6000,0,0,10000,0,0,4000,4000,0,0,0,4000,0,0.0,0.0,0.0,1e22bb3d1f755a25ecb70d0ab714e74d2154df0e7ff1438885da29f1f2f52a47,80,4,1000,404,assigned_level_sensitivity,dynamic,periodic,0.0,False,False,,True,1.0,25.0,0.0,0.0,0.0,0,4000,0,0.0,0,0.0,59.99999375193675,0.805973000000129,6000,0,0,0,4000,10000,0,0.0,0,0.0,0.0,0,0.0,0.6227599999999719,0.3892249999999824,0.6884000000000013,10000,0.45259234467843523,4000,4000,0.25087156239480757,3152,0.38417362115961673,0.3696692339984393,0.6303307660015607,0.384,0.13330205876480916,1.5485246181488037
False,16000,0,6000,0,0,10000,0,0,4000,4000,0,0,0,4000,0,0.0,0.0,0.0,2850d7cfa9dd669a11d9a18ab095b1b73306276dffe22806240405b6a99f1dbc,80,4,1000,505,assigned_level_sensitivity,dynamic,periodic,0.0,False,False,,True,1.0,25.0,0.0,0.0,0.0,0,4000,0,0.0,0,0.0,59.99999375193675,0.805973000000129,6000,0,0,0,4000,10000,0,0.0,0,0.0,0.0,0,0.0,0.6227599999999719,0.3892249999999824,0.6884000000000013,10000,0.4530560327010579,4000,4000,0.24692307834550148,3096,0.38595939717090594,0.3633517531372066,0.6366482468627934,0.388,0.13903631882540446,1.5523395538330078
False,16000,0,6000,0,0,10000,0,0,4000,4000,0,0,0,4000,0,0.0,0.0,0.0,821818fc4a76ed845c5d6e95d143beec70dbb2f046705cf5fe53fa808c30e1e5,80,4,1000,606,assigned_level_sensitivity,dynamic,periodic,0.0,False,False,,True,1.0,25.0,0.0,0.0,0.0,0,4000,0,0.0,0,0.0,59.99999375193675,0.805973000000129,6000,0,0,0,4000,10000,0,0.0,0,0.0,0.0,0,0.0,0.6227599999999719,0.3892249999999824,0.6884000000000013,10000,0.45304138802254085,4000,4000,0.2528816881270559,3184,0.3825849375088103,0.36390986157245797,0.636090138427542,0.368,0.12970324938175437,1.5706756114959717
False,16000,0,6000,0,0,10000,0,0,4000,4000,0,0,0,4000,0,0.0,0.0,0.0,f6928467f99c60a3dffbcf03d262bf5e3188089123a36f34b70efbac5c05e1bf,80,4,1000,707,assigned_level_sensitivity,dynamic,periodic,0.0,False,False,,True,1.0,25.0,0.0,0.0,0.0,0,4000,0,0.0,0,0.0,59.99999375193675,0.805973000000129,6000,0,0,0,4000,10000,0,0.0,0,0.0,0.0,0,0.0,0.6227599999999719,0.3892249999999824,0.6884000000000013,10000,0.4523828813711613,4000,4000,0.2565100163616806,3152,0.3931517839845219,0.3803651995857914,0.6196348004142086,0.366,0.1366417676228413,1.5847046375274658
False,16000,0,6000,0,0,10000,0,0,4000,4000,0,0,0,4000,0,0.0,0.0,0.0,1a5164a8f978961edaf3c5d9607966de96fd9134937605fcbe2119e01174bc65,80,4,1000,808,assigned_level_sensitivity,dynamic,periodic,0.0,False,False,,True,1.0,25.0,0.0,0.0,0.0,0,4000,0,0.0,0,0.0,59.99999375193675,0.805973000000129,6000,0,0,0,4000,10000,0,0.0,0,0.0,0.0,0,0.0,0.6227599999999719,0.3892249999999824,0.6884000000000013,10000,0.4528497499627675,4000,4000,0.24781460635729333,3144,0.3776469687260869,0.3731971617989407,0.6268028382010593,0.384,0.12983236236879356,1.5609071254730225
False,16000,0,6000,0,0,10000,0,0,4000,4000,0,0,0,4000,0,0.0,0.0,0.0,2590073cdb4ae245d599e4559899ca065f4b0c004255bf6487c5839fc39ff574,80,4,1000,909,assigned_level_sensitivity,dynamic,periodic,0.0,False,False,,True,1.0,25.0,0.0,0.0,0.0,0,4000,0,0.0,0,0.0,59.99999375193675,0.805973000000129,6000,0,0,0,4000,10000,0,0.0,0,0.0,0.0,0,0.0,0.6227599999999719,0.3892249999999824,0.6884000000000013,10000,0.4524789267042146,4000,4000,0.24543632331518456,3144,0.38000680049964086,0.35475683377855893,0.6452431662214411,0.386,0.1345704771844563,1.5418422222137451
False,16000,0,6000,0,0,10000,0,0,4000,4000,0,0,0,4000,0,0.0,0.0,0.0,e35a562238ec3870a9a013c614963bf8ca648d69a0c80181e91b018cfc024ad7,80,4,1000,1010,assigned_level_sensitivity,dynamic,periodic,0.0,False,False,,True,1.0,25.0,0.0,0.0,0.0,0,4000,0,0.0,0,0.0,59.99999375193675,0.805973000000129,6000,0,0,0,4000,10000,0,0.0,0,0.0,0.0,0,0.0,0.6227599999999719,0.3892249999999824,0.6884000000000013,10000,0.4528674404121633,4000,4000,0.24545578854961567,3120,0.3817641221305438,0.3697415012515196,0.6302584987484804,0.382,0.13630833358092811,1.5653281211853027
False,24000,1000,15000,0,0,8000,0,0,6000,6000,1000,0,0,5000,0,0.16666666666666666,0.0,0.16666666666666666,45eb76c897f21dc7a0136a687273c298615917ede9e09dbe7809bb9f530ef894,80,6,1000,101,assigned_level_sensitivity,dynamic,periodic,0.0,False,False,,True,1.0,25.0,0.0,0.0,0.0,0,6000,1000,0.16666666666666666,0,0.0,59.99982601818884,0.8052575000001128,3000,0,0,0,5000,8000,0,0.0,0,0.0,0.0,0,0.0,0.6473750000000005,0.21579166666666683,0.5736666666666678,8000,0.2739284258481554,6000,6000,0.12210689249399835,3120,0.3506638163810121,0.16494811965429423,0.8350518803457058,0.652,0.2285569238870137,2.2042839527130127
False,24000,1000,15000,0,0,8000,0,0,6000,6000,1000,0,0,5000,0,0.16666666666666666,0.0,0.16666666666666666,7f83d228118d10a654b32668031fe7abf2a5825a1544ee9b456a3310af8d30e4,80,6,1000,202,assigned_level_sensitivity,dynamic,periodic,0.0,False,False,,True,1.0,25.0,0.0,0.0,0.0,0,6000,1000,0.16666666666666666,0,0.0,59.99982601818884,0.8052575000001128,3000,0,0,0,5000,8000,0,0.0,0,0.0,0.0,0,0.0,0.6473750000000005,0.21579166666666683,0.5736666666666678,8000,0.27372604325582,6000,6000,0.1194884628006864,3096,0.34949092046549884,0.14847044411534374,0.8515295558846563,0.66,0.23000245766481245,2.2013916969299316
False,24000,1000,15000,0,0,8000,0,0,6000,6000,1000,0,0,5000,0,0.16666666666666666,0.0,0.16666666666666666,515745136768a67a3abb9394e004eaef57cbdee7f515a6a1b96b9ac4e6105766,80,6,1000,303,assigned_level_sensitivity,dynamic,periodic,0.0,False,False,,True,1.0,25.0,0.0,0.0,0.0,0,6000,1000,0.16666666666666666,0,0.0,59.99982601818884,0.8052575000001128,3000,0,0,0,5000,8000,0,0.0,0,0.0,0.0,0,0.0,0.6473750000000005,0.21579166666666683,0.5736666666666678,8000,0.2734772418739247,6000,6000,0.12004132233628671,3076,0.35346688692391665,0.15021568350918846,0.8497843164908115,0.6586666666666666,0.23342556458762992,2.2257497310638428
False,24000,1000,15000,0,0,8000,0,0,6000,6000,1000,0,0,5000,0,0.16666666666666666,0.0,0.16666666666666666,99a1cb682e7d9e62678c54df91e4ef9c304c8ac85047546787d7af81e6c80e47,80,6,1000,404,assigned_level_sensitivity,dynamic,periodic,0.0,False,False,,True,1.0,25.0,0.0,0.0,0.0,0,6000,1000,0.16666666666666666,0,0.0,59.99982601818884,0.8052575000001128,3000,0,0,0,5000,8000,0,0.0,0,0.0,0.0,0,0.0,0.6473750000000005,0.21579166666666683,0.5736666666666678,8000,0.2730411628195178,6000,6000,0.12104251648713983,3056,0.35478138953895605,0.15818987792473563,0.8418101220752644,0.6606666666666666,0.23373887305181623,2.230433702468872
False,24000,1000,15000,0,0,8000,0,0,6000,6000,1000,0,0,5000,0,0.16666666666666666,0.0,0.16666666666666666,da898d98cd49d0aaec7172413cdd79bcd4b6f1a492875c77f358bd67bc12f1d7,80,6,1000,505,assigned_level_sensitivity,dynamic,periodic,0.0,False,False,,True,1.0,25.0,0.0,0.0,0.0,0,6000,1000,0.16666666666666666,0,0.0,59.99982601818884,0.8052575000001128,3000,0,0,0,5000,8000,0,0.0,0,0.0,0.0,0,0.0,0.6473750000000005,0.21579166666666683,0.5736666666666678,8000,0.27356343597400373,6000,6000,0.11739859004842276,3096,0.3475813952748944,0.15813116292812596,0.8418688370718741,0.6633333333333333,0.23018280522647164,2.2376675605773926
False,24000,1000,15000,0,0,8000,0,0,6000,6000,1000,0,0,5000,0,0.16666666666666666,0.0,0.16666666666666666,1cf30a5ca9221dc871344625ec98c9295318b54b2419b1e31af3a12266cb9c26,80,6,1000,606,assigned_level_sensitivity,dynamic,periodic,0.0,False,False,,True,1.0,25.0,0.0,0.0,0.0,0,6000,1000,0.16666666666666666,0,0.0,59.99982601818884,0.8052575000001128,3000,0,0,0,5000,8000,0,0.0,0,0.0,0.0,0,0.0,0.6473750000000005,0.21579166666666683,0.5736666666666678,8000,0.27322007061975184,6000,6000,0.12311839796486468,3136,0.3597836073367961,0.14812474823918892,0.851875251760811,0.646,0.23666520937193142,2.204695463180542
False,24000,1000,15000,0,0,8000,0,0,6000,6000,1000,0,0,5000,0,0.16666666666666666,0.0,0.16666666666666666,e238eb070194bbb8de864dc689dea5198d6a0dac3361b7c0da37d930fb4623c5,80,6,1000,707,assigned_level_sensitivity,dynamic,periodic,0.0,False,False,,True,1.0,25.0,0.0,0.0,0.0,0,6000,1000,0.16666666666666666,0,0.0,59.99982601818884,0.8052575000001128,3000,0,0,0,5000,8000,0,0.0,0,0.0,0.0,0,0.0,0.6473750000000005,0.21579166666666683,0.5736666666666678,8000,0.2729754035233425,6000,6000,0.1229174776303292,3108,0.35394155898614016,0.158939572542186,0.841060427457814,0.652,0.23102408135581096,2.18825364112854
False,24000,1000,15000,0,0,8000,0,0,6000,6000,1000,0,0,5000,0,0.16666666666666666,0.0,0.16666666666666666,00accd180388af339ef2da7122461ae1ccd65f6294ac2969003246e6e6ec7ee1,80,6,1000,808,assigned_level_sensitivity,dynamic,periodic,0.0,False,False,,True,1.0,25.0,0.0,0.0,0.0,0,6000,1000,0.16666666666666666,0,0.0,59.99982601818884,0.8052575000001128,3000,0,0,0,5000,8000,0,0.0,0,0.0,0.0,0,0.0,0.6473750000000005,0.21579166666666683,0.5736666666666678,8000,0.2731430142653728,6000,6000,0.12354578555651953,3104,0.3598893239872181,0.16012049405331383,0.8398795059466861,0.6473333333333333,0.2363435384306986,2.2362377643585205
False,24000,1000,15000,0,0,8000,0,0,6000,6000,1000,0,0,5000,0,0.16666666666666666,0.0,0.16666666666666666,b48aa3c0faf7f87ce30d4b0cc235ca718d258755a19c163e3c382a67fba3619e,80,6,1000,909,assigned_level_sensitivity,dynamic,periodic,0.0,False,False,,True,1.0,25.0,0.0,0.0,0.0,0,6000,1000,0.16666666666666666,0,0.0,59.99982601818884,0.8052575000001128,3000,0,0,0,5000,8000,0,0.0,0,0.0,0.0,0,0.0,0.6473750000000005,0.21579166666666683,0.5736666666666678,8000,0.27336690389489,6000,6000,0.11922395711640169,3108,0.349222519210387,0.14972640102925164,0.8502735989707484,0.6606666666666666,0.2299985620939853,2.2526421546936035
False,24000,1000,15000,0,0,8000,0,0,6000,6000,1000,0,0,5000,0,0.16666666666666666,0.0,0.16666666666666666,6f970ade35f55c8d6e04ed1db4209dccaa81a80d8b93c726c62ae0fec64c18d2,80,6,1000,1010,assigned_level_sensitivity,dynamic,periodic,0.0,False,False,,True,1.0,25.0,0.0,0.0,0.0,0,6000,1000,0.16666666666666666,0,0.0,59.99982601818884,0.8052575000001128,3000,0,0,0,5000,8000,0,0.0,0,0.0,0.0,0,0.0,0.6473750000000005,0.21579166666666683,0.5736666666666678,8000,0.2731805968995871,6000,6000,0.11851373235801128,3088,0.35444256741789315,0.14826185064119277,0.8517381493588072,0.6513333333333333,0.23592883505988188,2.2613797187805176
False,32000,3000,21000,0,0,8000,0,0,8000,8000,3000,0,0,5000,0,0.375,0.0,0.375,7a501234cad18ea5af4251e2160486186061782a1ad7603d3febee572c091b81,80,8,1000,101,assigned_level_sensitivity,dynamic,periodic,0.0,False,False,,True,1.0,25.0,0.0,0.0,0.0,0,8000,3000,0.375,0,0.0,59.99982601818884,0.8052575000001128,3000,0,0,0,5000,8000,0,0.0,0,0.0,0.0,0,0.0,0.6473750000000005,0.16184375000000012,0.43025000000000085,8000,0.20749701674442356,8000,8000,0.08608769503841161,3288,0.3365281472825579,0.10283347803269208,0.897166521967308,0.739,0.2504404522441463,3.112889528274536
False,32000,3000,21000,0,0,8000,0,0,8000,8000,3000,0,0,5000,0,0.375,0.0,0.375,17be6132b367a63499bfc088515c3a6d76ed2f0f42d3abe5bac44eb6c20ef186,80,8,1000,202,assigned_level_sensitivity,dynamic,periodic,0.0,False,False,,True,1.0,25.0,0.0,0.0,0.0,0,8000,3000,0.375,0,0.0,59.99982601818884,0.8052575000001128,3000,0,0,0,5000,8000,0,0.0,0,0.0,0.0,0,0.0,0.6473750000000005,0.16184375000000012,0.43025000000000085,8000,0.20661560473053578,8000,8000,0.08514846434015687,3256,0.33097544398702516,0.10163759614924138,0.8983624038507586,0.75,0.24582697964686828,3.107861042022705
False,32000,3000,21000,0,0,8000,0,0,8000,8000,3000,0,0,5000,0,0.375,0.0,0.375,52b8340e5f7046dd9e362e913d8ce9df3cf8a7a4083eff9836f23c5e0699c7c7,80,8,1000,303,assigned_level_sensitivity,dynamic,periodic,0.0,False,False,,True,1.0,25.0,0.0,0.0,0.0,0,8000,3000,0.375,0,0.0,59.99982601818884,0.8052575000001128,3000,0,0,0,5000,8000,0,0.0,0,0.0,0.0,0,0.0,0.6473750000000005,0.16184375000000012,0.43025000000000085,8000,0.20647902039858684,8000,8000,0.08846269350929527,3256,0.3428920583469355,0.11182177687845196,0.888178223121548,0.74,0.2544293648376402,3.1020987033843994
False,32000,3000,21000,0,0,8000,0,0,8000,8000,3000,0,0,5000,0,0.375,0.0,0.375,8cf13208e45b5a73bd8256126272013e7c2f499d11b17f202ff55653e83728de,80,8,1000,404,assigned_level_sensitivity,dynamic,periodic,0.0,False,False,,True,1.0,25.0,0.0,0.0,0.0,0,8000,3000,0.375,0,0.0,59.99982601818884,0.8052575000001128,3000,0,0,0,5000,8000,0,0.0,0,0.0,0.0,0,0.0,0.6473750000000005,0.16184375000000012,0.43025000000000085,8000,0.20662584858703015,8000,8000,0.08336321093153176,3200,0.3310367545872204,0.10241178511366297,0.897588214886337,0.752,0.24767354365568867,3.1165404319763184
False,32000,3000,21000,0,0,8000,0,0,8000,8000,3000,0,0,5000,0,0.375,0.0,0.375,e49863585787dc8d6adf0c3a33f8a424fe92694f918e9c6ae976873421b6cf6d,80,8,1000,505,assigned_level_sensitivity,dynamic,periodic,0.0,False,False,,True,1.0,25.0,0.0,0.0,0.0,0,8000,3000,0.375,0,0.0,59.99982601818884,0.8052575000001128,3000,0,0,0,5000,8000,0,0.0,0,0.0,0.0,0,0.0,0.6473750000000005,0.16184375000000012,0.43025000000000085,8000,0.2069183457861538,8000,8000,0.0874269241231559,3264,0.3415881457788011,0.10976919731049598,0.890230802689504,0.738,0.2541612216556452,3.1160247325897217
False,32000,3000,21000,0,0,8000,0,0,8000,8000,3000,0,0,5000,0,0.375,0.0,0.375,05d20eb5a802f747490f778a8a85c44e4467af828c0b59434f6179b374eb15fe,80,8,1000,606,assigned_level_sensitivity,dynamic,periodic,0.0,False,False,,True,1.0,25.0,0.0,0.0,0.0,0,8000,3000,0.375,0,0.0,59.99982601818884,0.8052575000001128,3000,0,0,0,5000,8000,0,0.0,0,0.0,0.0,0,0.0,0.6473750000000005,0.16184375000000012,0.43025000000000085,8000,0.20657461759983325,8000,8000,0.08791325972017425,3304,0.3380825446870785,0.10367513291858071,0.8963248670814192,0.742,0.25016928496690427,3.061177968978882
False,32000,3000,21000,0,0,8000,0,0,8000,8000,3000,0,0,5000,0,0.375,0.0,0.375,6c813477be8f1fee98f27f93b0f7f6a383aa1828b15c1f33335435e78de780ca,80,8,1000,707,assigned_level_sensitivity,dynamic,periodic,0.0,False,False,,True,1.0,25.0,0.0,0.0,0.0,0,8000,3000,0.375,0,0.0,59.99982601818884,0.8052575000001128,3000,0,0,0,5000,8000,0,0.0,0,0.0,0.0,0,0.0,0.6473750000000005,0.16184375000000012,0.43025000000000085,8000,0.2063222491242791,8000,8000,0.09079283546332463,3328,0.3378836776778607,0.10816592346998871,0.8918340765300112,0.732,0.2470908422145361,3.1143176555633545
False,32000,3000,21000,0,0,8000,0,0,8000,8000,3000,0,0,5000,0,0.375,0.0,0.375,4ce802a63783de16b9d8e881d2c970de83bf7842dc9add60ab1d0486ec5b844d,80,8,1000,808,assigned_level_sensitivity,dynamic,periodic,0.0,False,False,,True,1.0,25.0,0.0,0.0,0.0,0,8000,3000,0.375,0,0.0,59.99982601818884,0.8052575000001128,3000,0,0,0,5000,8000,0,0.0,0,0.0,0.0,0,0.0,0.6473750000000005,0.16184375000000012,0.43025000000000085,8000,0.20586574140517364,8000,8000,0.09102420752274144,3336,0.347879595859441,0.10607897213752233,0.8939210278624776,0.728,0.2568553883366996,3.1583199501037598
False,32000,3000,21000,0,0,8000,0,0,8000,8000,3000,0,0,5000,0,0.375,0.0,0.375,ffe4bd13a18de520dc56c39b16082bd6171585580529f01d764ce69edf44d53a,80,8,1000,909,assigned_level_sensitivity,dynamic,periodic,0.0,False,False,,True,1.0,25.0,0.0,0.0,0.0,0,8000,3000,0.375,0,0.0,59.99982601818884,0.8052575000001128,3000,0,0,0,5000,8000,0,0.0,0,0.0,0.0,0,0.0,0.6473750000000005,0.16184375000000012,0.43025000000000085,8000,0.20675571441170568,8000,8000,0.09434710010201279,3280,0.35295298178544765,0.11354118936690918,0.8864588106330908,0.728,0.25860588168343485,3.0794992446899414
False,32000,3000,21000,0,0,8000,0,0,8000,8000,3000,0,0,5000,0,0.375,0.0,0.375,52aea5ef2563a74c2c68d298a8c0b0a554317c86659cc32cc911a2ee24720539,80,8,1000,1010,assigned_level_sensitivity,dynamic,periodic,0.0,False,False,,True,1.0,25.0,0.0,0.0,0.0,0,8000,3000,0.375,0,0.0,59.99982601818884,0.8052575000001128,3000,0,0,0,5000,8000,0,0.0,0,0.0,0.0,0,0.0,0.6473750000000005,0.16184375000000012,0.43025000000000085,8000,0.20661276711573207,8000,8000,0.08717878635946347,3176,0.3478624972898797,0.11131522608996616,0.8886847739100339,0.736,0.26068371093041626,3.0795114040374756
False,40000,5000,27000,0,0,8000,0,0,10000,10000,5000,0,0,5000,0,0.5,0.0,0.5,133f5bf8a761030170491f2af814dd2d4eefc43fd44226549b4597e90ae3e16e,80,10,1000,101,assigned_level_sensitivity,dynamic,periodic,0.0,False,False,,True,1.0,25.0,0.0,0.0,0.0,0,10000,5000,0.5,0,0.0,59.99982601818884,0.8052575000001128,3000,0,0,0,5000,8000,0,0.0,0,0.0,0.0,0,0.0,0.6473750000000005,0.1294750000000001,0.34420000000000067,8000,0.16732752255808767,10000,10000,0.06526516139914923,3300,0.33134060985525887,0.06484591929262414,0.9351540807073758,0.796,0.26607544845610964,4.193755865097046
False,40000,5000,27000,0,0,8000,0,0,10000,10000,5000,0,0,5000,0,0.5,0.0,0.5,bcb5ad6c4d8357c0b23a5a2f41eb1844ea0d9a4d8b96ab085fce54ff861e3796,80,10,1000,202,assigned_level_sensitivity,dynamic,periodic,0.0,False,False,,True,1.0,25.0,0.0,0.0,0.0,0,10000,5000,0.5,0,0.0,59.99982601818884,0.8052575000001128,3000,0,0,0,5000,8000,0,0.0,0,0.0,0.0,0,0.0,0.6473750000000005,0.1294750000000001,0.34420000000000067,8000,0.16862857750438537,10000,10000,0.06870775463736503,3420,0.3369867918357058,0.0801247868146944,0.9198752131853056,0.794,0.2682790371983408,4.1859190464019775
False,40000,5000,27000,0,0,8000,0,0,10000,10000,5000,0,0,5000,0,0.5,0.0,0.5,b9906c74fa22526fdb9421db4e0a136f5b35dda62144202272e1b2fb7eb3ee05,80,10,1000,303,assigned_level_sensitivity,dynamic,periodic,0.0,False,False,,True,1.0,25.0,0.0,0.0,0.0,0,10000,5000,0.5,0,0.0,59.99982601818884,0.8052575000001128,3000,0,0,0,5000,8000,0,0.0,0,0.0,0.0,0,0.0,0.6473750000000005,0.1294750000000001,0.34420000000000067,8000,0.16663375811754966,10000,10000,0.06519204902595517,3360,0.31868726270773995,0.08000114737400955,0.9199988526259905,0.796,0.2534952136817848,4.135838270187378
False,40000,5000,27000,0,0,8000,0,0,10000,10000,5000,0,0,5000,0,0.5,0.0,0.5,4be7c77c3580d302bfbbab1a74da093239744ca48c1423a592082530b156b299,80,10,1000,404,assigned_level_sensitivity,dynamic,periodic,0.0,False,False,,True,1.0,25.0,0.0,0.0,0.0,0,10000,5000,0.5,0,0.0,59.99982601818884,0.8052575000001128,3000,0,0,0,5000,8000,0,0.0,0,0.0,0.0,0,0.0,0.6473750000000005,0.1294750000000001,0.34420000000000067,8000,0.1658025770895636,10000,10000,0.0701232818852688,3540,0.322346504826026,0.09209242526263696,0.907907574737363,0.786,0.2522232229407572,4.228715419769287
False,40000,5000,27000,0,0,8000,0,0,10000,10000,5000,0,0,5000,0,0.5,0.0,0.5,4db1b662e2febca3882659a0895fcc9053b7ecf17016043e6c92c9cd3aee77c3,80,10,1000,505,assigned_level_sensitivity,dynamic,periodic,0.0,False,False,,True,1.0,25.0,0.0,0.0,0.0,0,10000,5000,0.5,0,0.0,59.99982601818884,0.8052575000001128,3000,0,0,0,5000,8000,0,0.0,0,0.0,0.0,0,0.0,0.6473750000000005,0.1294750000000001,0.34420000000000067,8000,0.16645508795099867,10000,10000,0.0723584038313341,3500,0.3427796232051574,0.079633773382588,0.920366226617412,0.782,0.27042121937382335,4.157128572463989
False,40000,5000,27000,0,0,8000,0,0,10000,10000,5000,0,0,5000,0,0.5,0.0,0.5,5fdaf40c63b8ece96226fb3c1a263b7ed04ecbce59a5754c4549e82bcf1be08a,80,10,1000,606,assigned_level_sensitivity,dynamic,periodic,0.0,False,False,,True,1.0,25.0,0.0,0.0,0.0,0,10000,5000,0.5,0,0.0,59.99982601818884,0.8052575000001128,3000,0,0,0,5000,8000,0,0.0,0,0.0,0.0,0,0.0,0.6473750000000005,0.1294750000000001,0.34420000000000067,8000,0.16636741373669145,10000,10000,0.06663358814188157,3420,0.3138633060970138,0.06826306615427186,0.9317369338457282,0.792,0.2472297179551322,4.137424468994141
False,40000,5000,27000,0,0,8000,0,0,10000,10000,5000,0,0,5000,0,0.5,0.0,0.5,eae8fd0eb897771ef13d9086f70c4d2130c44f394d28c2c2fbd504ca3c762a70,80,10,1000,707,assigned_level_sensitivity,dynamic,periodic,0.0,False,False,,True,1.0,25.0,0.0,0.0,0.0,0,10000,5000,0.5,0,0.0,59.99982601818884,0.8052575000001128,3000,0,0,0,5000,8000,0,0.0,0,0.0,0.0,0,0.0,0.6473750000000005,0.1294750000000001,0.34420000000000067,8000,0.16590366786549396,10000,10000,0.06806751821096088,3400,0.3275625184131889,0.07777250524251834,0.9222274947574817,0.79,0.25949500020222804,4.191350221633911
False,40000,5000,27000,0,0,8000,0,0,10000,10000,5000,0,0,5000,0,0.5,0.0,0.5,936cb0481ba07a2658e7d60ca0f64e72c1c2658296229a064ab933e668a47d8f,80,10,1000,808,assigned_level_sensitivity,dynamic,periodic,0.0,False,False,,True,1.0,25.0,0.0,0.0,0.0,0,10000,5000,0.5,0,0.0,59.99982601818884,0.8052575000001128,3000,0,0,0,5000,8000,0,0.0,0,0.0,0.0,0,0.0,0.6473750000000005,0.1294750000000001,0.34420000000000067,8000,0.16683836154726872,10000,10000,0.07206099818564297,3400,0.34596970704670993,0.07967581079242084,0.9203241892075792,0.782,0.27390870886106694,4.16888689994812
False,40000,5000,27000,0,0,8000,0,0,10000,10000,5000,0,0,5000,0,0.5,0.0,0.5,b1598eed9e2983da5fd0780e1389d71ece3f2c07bfafe359fd5294e50e0c3800,80,10,1000,909,assigned_level_sensitivity,dynamic,periodic,0.0,False,False,,True,1.0,25.0,0.0,0.0,0.0,0,10000,5000,0.5,0,0.0,59.99982601818884,0.8052575000001128,3000,0,0,0,5000,8000,0,0.0,0,0.0,0.0,0,0.0,0.6473750000000005,0.1294750000000001,0.34420000000000067,8000,0.16678252512675312,10000,10000,0.06964925150972898,3420,0.3376101697337563,0.07114361784334734,0.9288563821566527,0.784,0.26796091822402734,4.193014621734619
False,40000,5000,27000,0,0,8000,0,0,10000,10000,5000,0,0,5000,0,0.5,0.0,0.5,71e5ae3247bc9a03654dfebe0d36ff14874fd8c26dcda243f8af0879ce028883,80,10,1000,1010,assigned_level_sensitivity,dynamic,periodic,0.0,False,False,,True,1.0,25.0,0.0,0.0,0.0,0,10000,5000,0.5,0,0.0,59.99982601818884,0.8052575000001128,3000,0,0,0,5000,8000,0,0.0,0,0.0,0.0,0,0.0,0.6473750000000005,0.1294750000000001,0.34420000000000067,8000,0.1669433831065205,10000,10000,0.06895269476941777,3320,0.3376728207102671,0.08315016150195874,0.9168498384980412,0.792,0.2687201259408493,4.190004348754883
False,16000,0,2000,0,0,14000,0,0,4000,4000,0,0,0,4000,0,0.0,0.0,0.0,5f94118a7d3e90192598c144eb4882652a3061a1912ed5a940883915afa1a0af,100,4,1000,101,assigned_level_sensitivity,dynamic,periodic,0.0,False,False,,True,1.0,25.0,0.0,0.0,0.0,0,4000,0,0.0,0,0.0,59.9998894858132,0.8092635714284964,9171,829,0,0,4000,14000,0,0.0,0,0.0,0.0,0,0.0,0.6125842642856355,0.536011231249931,0.6884000000000013,14000,0.5680181342535962,4000,4000,0.3714109879757091,3664,0.4232490796690905,0.5751784261375097,0.4248215738624903,0.172,0.05183809169338138,1.7841081619262695
False,16000,0,2000,0,0,14000,0,0,4000,4000,0,0,0,4000,0,0.0,0.0,0.0,5f60743f4251cc1f57f4eed09143bff61175f797b109b1f7a6707e9bdbab9e8c,100,4,1000,202,assigned_level_sensitivity,dynamic,periodic,0.0,False,False,,True,1.0,25.0,0.0,0.0,0.0,0,4000,0,0.0,0,0.0,59.99977412384632,0.8093614285713522,9218,782,0,0,4000,14000,0,0.0,0,0.0,0.0,0,0.0,0.612452328571349,0.5358957874999304,0.6884000000000013,14000,0.5676472412695251,4000,4000,0.3743258248444773,3696,0.4219869877942428,0.580409363594004,0.41959063640599603,0.166,0.04766116294976552,1.7672977447509766
False,16000,0,2000,0,0,14000,0,0,4000,4000,0,0,0,4000,0,0.0,0.0,0.0,93d78bf2192fb5f1a1477dec0382df9346d3e26750a92867a9a5c128cded5745,100,4,1000,303,assigned_level_sensitivity,dynamic,periodic,0.0,False,False,,True,1.0,25.0,0.0,0.0,0.0,0,4000,0,0.0,0,0.0,59.999942966995654,0.8091778571427812,9183,817,0,0,4000,14000,0,0.0,0,0.0,0.0,0,0.0,0.6125505785713496,0.5359817562499309,0.6884000000000013,14000,0.5674859028309841,4000,4000,0.3748238254613168,3696,0.42544633887153427,0.5766081926295892,0.4233918073704108,0.16,0.05062251341021745,1.7649779319763184
False,16000,0,2000,0,0,14000,0,0,4000,4000,0,0,0,4000,0,0.0,0.0,0.0,1e22bb3d1f755a25ecb70d0ab714e74d2154df0e7ff1438885da29f1f2f52a47,100,4,1000,404,assigned_level_sensitivity,dynamic,periodic,0.0,False,False,,True,1.0,25.0,0.0,0.0,0.0,0,4000,0,0.0,0,0.0,59.99998485292726,0.809560714285637,9244,756,0,0,4000,14000,0,0.0,0,0.0,0.0,0,0.0,0.6123793428570632,0.5358319249999303,0.6884000000000013,14000,0.5676477005614158,4000,4000,0.37928799061148466,3712,0.4300932084111001,0.5770121329855933,0.4229878670144067,0.148,0.05080521779961544,1.7430877685546875
False,16000,0,2000,0,0,14000,0,0,4000,4000,0,0,0,4000,0,0.0,0.0,0.0,2850d7cfa9dd669a11d9a18ab095b1b73306276dffe22806240405b6a99f1dbc,100,4,1000,505,assigned_level_sensitivity,dynamic,periodic,0.0,False,False,,True,1.0,25.0,0.0,0.0,0.0,0,4000,0,0.0,0,0.0,59.99971513960691,0.8091978571427809,9180,820,0,0,4000,14000,0,0.0,0,0.0,0.0,0,0.0,0.612558999999921,0.5359891249999309,0.6884000000000013,14000,0.5671412726052302,4000,4000,0.3739605945338042,3680,0.42384903532641677,0.5783269663142695,0.4216730336857305,0.168,0.049888440792612565,1.773604154586792
False,16000,0,2000,0,0,14000,0,0,4000,4000,0,0,0,4000,0,0.0,0.0,0.0,821818fc4a76ed845c5d6e95d143beec70dbb2f046705cf5fe53fa808c30e1e5,100,4,1000,606,assigned_level_sensitivity,dynamic,periodic,0.0,False,False,,True,1.0,25.0,0.0,0.0,0.0,0,4000,0,0.0,0,0.0,59.99993892305791,0.8093707142856383,9212,788,0,0,4000,14000,0,0.0,0,0.0,0.0,0,0.0,0.612469171428492,0.5359105249999305,0.6884000000000013,14000,0.5674336837148845,4000,4000,0.375654251821996,3736,0.4227874843837675,0.5744604931185997,0.4255395068814003,0.16,0.04713323256177149,1.7987957000732422
False,16000,0,2000,0,0,14000,0,0,4000,4000,0,0,0,4000,0,0.0,0.0,0.0,f6928467f99c60a3dffbcf03d262bf5e3188089123a36f34b70efbac5c05e1bf,100,4,1000,707,assigned_level_sensitivity,dynamic,periodic,0.0,False,False,,True,1.0,25.0,0.0,0.0,0.0,0,4000,0,0.0,0,0.0,59.99999978898316,0.8090742857142098,9148,852,0,0,4000,14000,0,0.0,0,0.0,0.0,0,0.0,0.6126488285713501,0.5360677249999314,0.6884000000000013,14000,0.5674254072468515,4000,4000,0.3802124396614146,3712,0.42792781172236877,0.5971884617860574,0.40281153821394255,0.162,0.047715372060954164,1.7985918521881104
False,16000,0,2000,0,0,14000,0,0,4000,4000,0,0,0,4000,0,0.0,0.0,0.0,1a5164a8f978961edaf3c5d9607966de96fd9134937605fcbe2119e01174bc65,100,4,1000,808,assigned_level_sensitivity,dynamic,periodic,0.0,False,False,,True,1.0,25.0,0.0,0.0,0.0,0,4000,0,0.0,0,0.0,59.99996323277523,0.8090335714284964,9152,848,0,0,4000,14000,0,0.0,0,0.0,0.0,0,0.0,0.6126375999999213,0.5360578999999311,0.6884000000000013,14000,0.5680420307843127,4000,4000,0.37108038909712054,3656,0.4207852634586655,0.5869576174712751,0.41304238252872494,0.18,0.04970487436154497,1.7693431377410889
False,16000,0,2000,0,0,14000,0,0,4000,4000,0,0,0,4000,0,0.0,0.0,0.0,2590073cdb4ae245d599e4559899ca065f4b0c004255bf6487c5839fc39ff574,100,4,1000,909,assigned_level_sensitivity,dynamic,periodic,0.0,False,False,,True,1.0,25.0,0.0,0.0,0.0,0,4000,0,0.0,0,0.0,59.9999695555785,0.8091464285713522,9179,821,0,0,4000,14000,0,0.0,0,0.0,0.0,0,0.0,0.6125618071427781,0.5359915812499308,0.6884000000000013,14000,0.5688818663889165,4000,4000,0.3812128045388743,3704,0.4307352059286248,0.5787085382347964,0.4212914617652036,0.16025,0.0495224013897505,1.7582650184631348
False,16000,0,2000,0,0,14000,0,0,4000,4000,0,0,0,4000,0,0.0,0.0,0.0,e35a562238ec3870a9a013c614963bf8ca648d69a0c80181e91b018cfc024ad7,100,4,1000,1010,assigned_level_sensitivity,dynamic,periodic,0.0,False,False,,True,1.0,25.0,0.0,0.0,0.0,0,4000,0,0.0,0,0.0,59.999630556598305,0.8092435714284956,9190,810,0,0,4000,14000,0,0.0,0,0.0,0.0,0,0.0,0.6125309285713495,0.5359645624999309,0.6884000000000013,14000,0.5672404862670912,4000,4000,0.37723649444526497,3720,0.4275110990225899,0.5820955788926374,0.4179044211073626,0.15,0.05027460457732491,1.7033772468566895
False,24000,0,14000,0,0,10000,0,0,6000,6000,0,0,0,6000,0,0.0,0.0,0.0,df7bc9e9dfff60af02e6943e923e62f0f9bf8709cc064f383faeee134513c470,100,6,1000,101,assigned_level_sensitivity,dynamic,periodic,0.0,False,False,,True,1.0,25.0,0.0,0.0,0.0,0,6000,0,0.0,0,0.0,59.999966110652515,0.8093570000001271,3550,450,0,0,6000,10000,0,0.0,0,0.0,0.0,0,0.0,0.646408499999984,0.2693368749999933,0.6884000000000013,10000,0.33784346701071943,6000,6000,0.15934521696635628,3802,0.3626673848022709,0.2183639435739266,0.7816360564260734,0.566,0.2033221678359146,2.1924245357513428
False,24000,0,14000,0,0,10000,0,0,6000,6000,0,0,0,6000,0,0.0,0.0,0.0,3736254c386243245c7ea836644f1946e24824c7abc86c8860c1c363672a151c,100,6,1000,202,assigned_level_sensitivity,dynamic,periodic,0.0,False,False,,True,1.0,25.0,0.0,0.0,0.0,0,6000,0,0.0,0,0.0,59.999966110652515,0.8093570000001271,3550,450,0,0,6000,10000,0,0.0,0,0.0,0.0,0,0.0,0.646408499999984,0.2693368749999933,0.6884000000000013,10000,0.3379490684115903,6000,6000,0.15326842311581196,3770,0.3624870138381803,0.20165175836028604,0.798348241639714,0.57,0.20921859072236837,2.2162089347839355
False,24000,0,14000,0,0,10000,0,0,6000,6000,0,0,0,6000,0,0.0,0.0,0.0,9c4b50958727dc7c2d179fbe104c63fad4ab75dd91649f34eca4fbb19c432337,100,6,1000,303,assigned_level_sensitivity,dynamic,periodic,0.0,False,False,,True,1.0,25.0,0.0,0.0,0.0,0,6000,0,0.0,0,0.0,59.999966110652515,0.8093570000001271,3550,450,0,0,6000,10000,0,0.0,0,0.0,0.0,0,0.0,0.646408499999984,0.2693368749999933,0.6884000000000013,10000,0.3376630100193502,6000,6000,0.15731858507436217,3800,0.35988759516398733,0.2077671711622929,0.7922328288377071,0.5678333333333333,0.20256901008962516,2.2038607597351074
False,24000,0,14000,0,0,10000,0,0,6000,6000,0,0,0,6000,0,0.0,0.0,0.0,478471266194d94a3b137038f0ef600d53e0302e1322af8a2948fb5f8c98afdf,100,6,1000,404,assigned_level_sensitivity,dynamic,periodic,0.0,False,False,,True,1.0,25.0,0.0,0.0,0.0,0,6000,0,0.0,0,0.0,59.999966110652515,0.8093570000001271,3550,450,0,0,6000,10000,0,0.0,0,0.0,0.0,0,0.0,0.646408499999984,0.2693368749999933,0.6884000000000013,10000,0.3374564318047999,6000,6000,0.15529868188941648,3761,0.3611754815430464,0.20629933746019807,0.793700662539802,0.568,0.20587679965362993,2.199315071105957
False,24000,0,14000,0,0,10000,0,0,6000,6000,0,0,0,6000,0,0.0,0.0,0.0,d945735a8e094ae77772f96fe90671759b77955778bc773e6c93a82f80d508ec,100,6,1000,505,assigned_level_sensitivity,dynamic,periodic,0.0,False,False,,True,1.0,25.0,0.0,0.0,0.0,0,6000,0,0.0,0,0.0,59.999966110652515,0.8093570000001271,3550,450,0,0,6000,10000,0,0.0,0,0.0,0.0,0,0.0,0.646408499999984,0.2693368749999933,0.6884000000000013,10000,0.3376519748796493,6000,6000,0.15596155875038256,3760,0.36306079517125095,0.21026027118855117,0.7897397288114488,0.5728333333333333,0.2070992364208684,2.17046856880188
False,24000,0,14000,0,0,10000,0,0,6000,6000,0,0,0,6000,0,0.0,0.0,0.0,ce1e0562db8730d80a057cacabcd1a1125934972a2266603482076751c65ec7a,100,6,1000,606,assigned_level_sensitivity,dynamic,periodic,0.0,False,False,,True,1.0,25.0,0.0,0.0,0.0,0,6000,0,0.0,0,0.0,59.999966110652515,0.8093570000001271,3550,450,0,0,6000,10000,0,0.0,0,0.0,0.0,0,0.0,0.646408499999984,0.2693368749999933,0.6884000000000013,10000,0.33802242100027446,6000,6000,0.1577674633744411,3816,0.36379119352027744,0.1955557569504667,0.8044442430495333,0.5666666666666667,0.20602373014583633,2.167457342147827
False,24000,0,14000,0,0,10000,0,0,6000,6000,0,0,0,6000,0,0.0,0.0,0.0,b7ece186a8ad3e897fdf1cf08a0f3356ce15b7fd2cf41b2298c249baf7814b0a,100,6,1000,707,assigned_level_sensitivity,dynamic,periodic,0.0,False,False,,True,1.0,25.0,0.0,0.0,0.0,0,6000,0,0.0,0,0.0,59.999966110652515,0.8093570000001271,3550,450,0,0,6000,10000,0,0.0,0,0.0,0.0,0,0.0,0.646408499999984,0.2693368749999933,0.6884000000000013,10000,0.33777864002727015,6000,6000,0.15580501717285414,3784,0.358228524431242,0.2072281581517695,0.7927718418482305,0.569,0.20242350725838784,2.2165403366088867
False,24000,0,14000,0,0,10000,0,0,6000,6000,0,0,0,6000,0,0.0,0.0,0.0,4c52203c9e54a73250b1ecde019d091da96295e9840f323625e0f97196c11cbd,100,6,1000,808,assigned_level_sensitivity,dynamic,periodic,0.0,False,False,,True,1.0,25.0,0.0,0.0,0.0,0,6000,0,0.0,0,0.0,59.999966110652515,0.8093570000001271,3550,450,0,0,6000,10000,0,0.0,0,0.0,0.0,0,0.0,0.646408499999984,0.2693368749999933,0.6884000000000013,10000,0.3378189042471865,6000,6000,0.1576947158201911,3739,0.3643586827824411,0.2045946311963245,0.7954053688036755,0.5696666666666667,0.20666396696225,2.2031569480895996
False,24000,0,14000,0,0,10000,0,0,6000,6000,0,0,0,6000,0,0.0,0.0,0.0,5b34ac3e3c935bcde89a557e35faec54ebbaee3215e881d834aef2704505ea4f,100,6,1000,909,assigned_level_sensitivity,dynamic,periodic,0.0,False,False,,True,1.0,25.0,0.0,0.0,0.0,0,6000,0,0.0,0,0.0,59.999966110652515,0.8093570000001271,3550,450,0,0,6000,10000,0,0.0,0,0.0,0.0,0,0.0,0.646408499999984,0.2693368749999933,0.6884000000000013,10000,0.3377886016872207,6000,6000,0.15798022317895344,3816,0.36423062799046707,0.20540574714036397,0.794594252859636,0.5658333333333333,0.20625040481151363,2.1964757442474365
False,24000,0,14000,0,0,10000,0,0,6000,6000,0,0,0,6000,0,0.0,0.0,0.0,9f867c13fbacf3259755d814661805b3d101f0606f92961926f0aa57dd766e36,100,6,1000,1010,assigned_level_sensitivity,dynamic,periodic,0.0,False,False,,True,1.0,25.0,0.0,0.0,0.0,0,6000,0,0.0,0,0.0,59.999966110652515,0.8093570000001271,3550,450,0,0,6000,10000,0,0.0,0,0.0,0.0,0,0.0,0.646408499999984,0.2693368749999933,0.6884000000000013,10000,0.33760382647090487,6000,6000,0.15560509766007843,3755,0.3637985878545309,0.20348329121487096,0.796516708785129,0.5691666666666667,0.20819349019445246,2.192075729370117
False,32000,2000,20000,0,0,10000,0,0,8000,8000,2000,0,0,6000,0,0.25,0.0,0.25,6c630a461921ab0b17b4948324c7a45ad577fa2d8283e9b78039e63425e41806,100,8,1000,101,assigned_level_sensitivity,dynamic,periodic,0.0,False,False,,True,1.0,25.0,0.0,0.0,0.0,0,8000,2000,0.25,0,0.0,59.999966110652515,0.8093570000001271,3550,450,0,0,6000,10000,0,0.0,0,0.0,0.0,0,0.0,0.646408499999984,0.20200265624999497,0.516300000000001,10000,0.25574991085196813,8000,8000,0.11740141660552454,4067,0.3528791119594823,0.1532709205558071,0.8467290794441928,0.666375,0.23547769535395774,3.0203731060028076
False,32000,2000,20000,0,0,10000,0,0,8000,8000,2000,0,0,6000,0,0.25,0.0,0.25,5c7612eb8739cc058077384d00305f3d093a8b03ee328ec7cdfdd94106bc0155,100,8,1000,202,assigned_level_sensitivity,dynamic,periodic,0.0,False,False,,True,1.0,25.0,0.0,0.0,0.0,0,8000,2000,0.25,0,0.0,59.999966110652515,0.8093570000001271,3550,450,0,0,6000,10000,0,0.0,0,0.0,0.0,0,0.0,0.646408499999984,0.20200265624999497,0.516300000000001,10000,0.2558449358462316,8000,8000,0.11242883847251141,3976,0.3483526276288206,0.1426264507955003,0.8573735492044997,0.673375,0.23592378915630918,3.1121108531951904
False,32000,2000,20000,0,0,10000,0,0,8000,8000,2000,0,0,6000,0,0.25,0.0,0.25,7c075a987d0b9b041c78180fbaf8d838a9b9af447de3a2202a373bd3b1a25a29,100,8,1000,303,assigned_level_sensitivity,dynamic,periodic,0.0,False,False,,True,1.0,25.0,0.0,0.0,0.0,0,8000,2000,0.25,0,0.0,59.999966110652515,0.8093570000001271,3550,450,0,0,6000,10000,0,0.0,0,0.0,0.0,0,0.0,0.646408499999984,0.20200265624999497,0.516300000000001,10000,0.25574481425924006,8000,8000,0.11343812711846427,3963,0.3496396583241262,0.1483293869684524,0.8516706130315476,0.675875,0.23620153120566192,3.112009048461914
False,32000,2000,20000,0,0,10000,0,0,8000,8000,2000,0,0,6000,0,0.25,0.0,0.25,136d73d620e122aa3c48d1d210b913a086dd5f0e287ccfd02e3190fa68b51161,100,8,1000,404,assigned_level_sensitivity,dynamic,periodic,0.0,False,False,,True,1.0,25.0,0.0,0.0,0.0,0,8000,2000,0.25,0,0.0,59.999966110652515,0.8093570000001271,3550,450,0,0,6000,10000,0,0.0,0,0.0,0.0,0,0.0,0.646408499999984,0.20200265624999497,0.516300000000001,10000,0.2558570780408955,8000,8000,0.11253156788317553,3888,0.3487663831690203,0.14083596108357935,0.8591640389164207,0.677125,0.23623481528584478,3.037034511566162
False,32000,2000,20000,0,0,10000,0,0,8000,8000,2000,0,0,6000,0,0.25,0.0,0.25,79d1712a9205b0d7488b9aca4f11cbe7c13cf843129999099f547efd8dcbc13d,100,8,1000,505,assigned_level_sensitivity,dynamic,periodic,0.0,False,False,,True,1.0,25.0,0.0,0.0,0.0,0,8000,2000,0.25,0,0.0,59.999966110652515,0.8093570000001271,3550,450,0,0,6000,10000,0,0.0,0,0.0,0.0,0,0.0,0.646408499999984,0.20200265624999497,0.516300000000001,10000,0.25608743593171934,8000,8000,0.11134859702749542,3952,0.3495902844275431,0.14113347879101398,0.858866521208986,0.676,0.23824168740004767,3.063295364379883
False,32000,2000,20000,0,0,10000,0,0,8000,8000,2000,0,0,6000,0,0.25,0.0,0.25,12012a3f9b326ee67e9fb608c1eca588bc2895ff20ef1a4d5362b0832e5eaa06,100,8,1000,606,assigned_level_sensitivity,dynamic,periodic,0.0,False,False,,True,1.0,25.0,0.0,0.0,0.0,0,8000,2000,0.25,0,0.0,59.999966110652515,0.8093570000001271,3550,450,0,0,6000,10000,0,0.0,0,0.0,0.0,0,0.0,0.646408499999984,0.20200265624999497,0.516300000000001,10000,0.25529247943610534,8000,8000,0.11263928590430394,3925,0.3522984554777604,0.13008115857739141,0.8699188414226086,0.677,0.23965916957345645,3.0707664489746094
False,32000,2000,20000,0,0,10000,0,0,8000,8000,2000,0,0,6000,0,0.25,0.0,0.25,72e41370ea32de3438bf24abb7a62639392cdec5f5c407ffaedc43f64945a1d0,100,8,1000,707,assigned_level_sensitivity,dynamic,periodic,0.0,False,False,,True,1.0,25.0,0.0,0.0,0.0,0,8000,2000,0.25,0,0.0,59.999966110652515,0.8093570000001271,3550,450,0,0,6000,10000,0,0.0,0,0.0,0.0,0,0.0,0.646408499999984,0.20200265624999497,0.516300000000001,10000,0.25556411889558767,8000,8000,0.11570733645178526,3891,0.3565289084485571,0.14394187656316315,0.8560581234368368,0.670875,0.24082157199677184,3.0879766941070557
False,32000,2000,20000,0,0,10000,0,0,8000,8000,2000,0,0,6000,0,0.25,0.0,0.25,eef020be4b53eb9ea131a072fc73bec611cef64f51cf591f33d1f605c0ca9e2e,100,8,1000,808,assigned_level_sensitivity,dynamic,periodic,0.0,False,False,,True,1.0,25.0,0.0,0.0,0.0,0,8000,2000,0.25,0,0.0,59.999966110652515,0.8093570000001271,3550,450,0,0,6000,10000,0,0.0,0,0.0,0.0,0,0.0,0.646408499999984,0.20200265624999497,0.516300000000001,10000,0.25487764736883844,8000,8000,0.11561420387033956,3902,0.35572996447211197,0.1438443508026796,0.8561556491973203,0.669125,0.24011576060177242,3.0477259159088135
False,32000,2000,20000,0,0,10000,0,0,8000,8000,2000,0,0,6000,0,0.25,0.0,0.25,7ec2dff7c3eea1b5733bf164e53bcf67270ef81ba08f70148c32982a2b3241f9,100,8,1000,909,assigned_level_sensitivity,dynamic,periodic,0.0,False,False,,True,1.0,25.0,0.0,0.0,0.0,0,8000,2000,0.25,0,0.0,59.999966110652515,0.8093570000001271,3550,450,0,0,6000,10000,0,0.0,0,0.0,0.0,0,0.0,0.646408499999984,0.20200265624999497,0.516300000000001,10000,0.2558739201307602,8000,8000,0.11861765368206616,3920,0.3641458862108147,0.14648894177085145,0.8535110582291485,0.66825,0.2455282325287485,3.0728824138641357
False,32000,2000,20000,0,0,10000,0,0,8000,8000,2000,0,0,6000,0,0.25,0.0,0.25,1a2e861cf7b5669f56f6a09fba9e04daa43c10806a39a66c234104e7cd33ff28,100,8,1000,1010,assigned_level_sensitivity,dynamic,periodic,0.0,False,False,,True,1.0,25.0,0.0,0.0,0.0,0,8000,2000,0.25,0,0.0,59.999966110652515,0.8093570000001271,3550,450,0,0,6000,10000,0,0.0,0,0.0,0.0,0,0.0,0.646408499999984,0.20200265624999497,0.516300000000001,10000,0.2563801293005639,8000,8000,0.11234253887435126,3791,0.36186497304882304,0.14079340335776697,0.8592065966422331,0.678125,0.24952243417447179,3.1549742221832275
False,40000,4000,26000,0,0,10000,0,0,10000,10000,4000,0,0,6000,0,0.4,0.0,0.4,b2328826f8434d96311122bbb47ecf46afc99daf0e3540ae187da579eab846cf,100,10,1000,101,assigned_level_sensitivity,dynamic,periodic,0.0,False,False,,True,1.0,25.0,0.0,0.0,0.0,0,10000,4000,0.4,0,0.0,59.999966110652515,0.8093570000001271,3550,450,0,0,6000,10000,0,0.0,0,0.0,0.0,0,0.0,0.646408499999984,0.161602124999996,0.4130400000000008,10000,0.2066418258908995,10000,10000,0.0904404686802235,4020,0.35287387768677847,0.09761354860773334,0.9023864513922667,0.7388,0.262433409006555,4.085046768188477
False,40000,4000,26000,0,0,10000,0,0,10000,10000,4000,0,0,6000,0,0.4,0.0,0.4,40cb54e0d1ef1078d805d8461309506eca81a0d34c580452f81fc98a942c9ea5,100,10,1000,202,assigned_level_sensitivity,dynamic,periodic,0.0,False,False,,True,1.0,25.0,0.0,0.0,0.0,0,10000,4000,0.4,0,0.0,59.999966110652515,0.8093570000001271,3550,450,0,0,6000,10000,0,0.0,0,0.0,0.0,0,0.0,0.646408499999984,0.161602124999996,0.4130400000000008,10000,0.20757728421467117,10000,10000,0.09008901997074965,4160,0.35778537353936507,0.1086485912398489,0.8913514087601511,0.733,0.26769635356861543,4.089143991470337
False,40000,4000,26000,0,0,10000,0,0,10000,10000,4000,0,0,6000,0,0.4,0.0,0.4,a3bd99ac48ace3725d6b6887708dd8a543ed0147a4e12ea5d4f7df715a2bb47f,100,10,1000,303,assigned_level_sensitivity,dynamic,periodic,0.0,False,False,,True,1.0,25.0,0.0,0.0,0.0,0,10000,4000,0.4,0,0.0,59.999966110652515,0.8093570000001271,3550,450,0,0,6000,10000,0,0.0,0,0.0,0.0,0,0.0,0.646408499999984,0.161602124999996,0.4130400000000008,10000,0.20540090469008954,10000,10000,0.08409130781249805,4220,0.32079145819455557,0.10566856337811306,0.894331436621887,0.736,0.23670015038205752,4.142465829849243
False,40000,4000,26000,0,0,10000,0,0,10000,10000,4000,0,0,6000,0,0.4,0.0,0.4,0aeefc5ad6f9d42be674e8f43927e086949fc9eccbd320a54b2b26533f1683cd,100,10,1000,404,assigned_level_sensitivity,dynamic,periodic,0.0,False,False,,True,1.0,25.0,0.0,0.0,0.0,0,10000,4000,0.4,0,0.0,59.999966110652515,0.8093570000001271,3550,450,0,0,6000,10000,0,0.0,0,0.0,0.0,0,0.0,0.646408499999984,0.161602124999996,0.4130400000000008,10000,0.20615942463101444,10000,10000,0.09222096188130414,4340,0.3313814157760197,0.1160961571955146,0.8839038428044854,0.73,0.23916045389471557,4.1176464557647705
False,40000,4000,26000,0,0,10000,0,0,10000,10000,4000,0,0,6000,0,0.4,0.0,0.4,ab70b9dce151eb0c30f653d9a232238b3e4b4db60d03f9a2aa9e32f33bb34dcb,100,10,1000,505,assigned_level_sensitivity,dynamic,periodic,0.0,False,False,,True,1.0,25.0,0.0,0.0,0.0,0,10000,4000,0.4,0,0.0,59.999966110652515,0.8093570000001271,3550,450,0,0,6000,10000,0,0.0,0,0.0,0.0,0,0.0,0.646408499999984,0.161602124999996,0.4130400000000008,10000,0.20645359114261969,10000,10000,0.09174577164982174,4192,0.3532202423744401,0.10281031624413713,0.8971896837558628,0.728,0.2614744707246184,4.097259283065796
False,40000,4000,26000,0,0,10000,0,0,10000,10000,4000,0,0,6000,0,0.4,0.0,0.4,245c31bac0d9729237302b6b007c9596887a9638f0a02a65f633e68d2b991714,100,10,1000,606,assigned_level_sensitivity,dynamic,periodic,0.0,False,False,,True,1.0,25.0,0.0,0.0,0.0,0,10000,4000,0.4,0,0.0,59.999966110652515,0.8093570000001271,3550,450,0,0,6000,10000,0,0.0,0,0.0,0.0,0,0.0,0.646408499999984,0.161602124999996,0.4130400000000008,10000,0.20603884411997161,10000,10000,0.0913625978418671,4230,0.33697588727672445,0.0964563699905317,0.9035436300094684,0.731,0.24561328943485736,4.165467023849487
False,40000,4000,26000,0,0,10000,0,0,10000,10000,4000,0,0,6000,0,0.4,0.0,0.4,89cb0a64bf1d940512ffcaf6c8a7c2500521a84d41c962d5d758a6b7c184a29e,100,10,1000,707,assigned_level_sensitivity,dynamic,periodic,0.0,False,False,,True,1.0,25.0,0.0,0.0,0.0,0,10000,4000,0.4,0,0.0,59.999966110652515,0.8093570000001271,3550,450,0,0,6000,10000,0,0.0,0,0.0,0.0,0,0.0,0.646408499999984,0.161602124999996,0.4130400000000008,10000,0.20483880927863307,10000,10000,0.09136121569993334,4160,0.35315296279180797,0.11697074138577228,0.8830292586142278,0.7302,0.26179174709187464,4.1046998500823975
False,40000,4000,26000,0,0,10000,0,0,10000,10000,4000,0,0,6000,0,0.4,0.0,0.4,d3df1ee6db94943e183a9c8f93b074942ef79ecba145038af9556066f53cc413,100,10,1000,808,assigned_level_sensitivity,dynamic,periodic,0.0,False,False,,True,1.0,25.0,0.0,0.0,0.0,0,10000,4000,0.4,0,0.0,59.999966110652515,0.8093570000001271,3550,450,0,0,6000,10000,0,0.0,0,0.0,0.0,0,0.0,0.646408499999984,0.161602124999996,0.4130400000000008,10000,0.20708693975672812,10000,10000,0.08728000404949936,4040,0.34223759262695735,0.09734450094217376,0.9026554990578263,0.74,0.254957588577458,4.057353258132935
False,40000,4000,26000,0,0,10000,0,0,10000,10000,4000,0,0,6000,0,0.4,0.0,0.4,12d7b3394fe7f86af9150d83df1acf61ab84993e6a1ff520aec04fe4b62195de,100,10,1000,909,assigned_level_sensitivity,dynamic,periodic,0.0,False,False,,True,1.0,25.0,0.0,0.0,0.0,0,10000,4000,0.4,0,0.0,59.999966110652515,0.8093570000001271,3550,450,0,0,6000,10000,0,0.0,0,0.0,0.0,0,0.0,0.646408499999984,0.161602124999996,0.4130400000000008,10000,0.20632598232892155,10000,10000,0.08696354694995376,4122,0.33813483260492755,0.10560449754126487,0.8943955024587351,0.7317,0.2511712856549738,4.1003429889678955
False,40000,4000,26000,0,0,10000,0,0,10000,10000,4000,0,0,6000,0,0.4,0.0,0.4,8c5ffdd29e2e50f0283523427791060dcba31ee8d20fe522b03fd0ceeb66df98,100,10,1000,1010,assigned_level_sensitivity,dynamic,periodic,0.0,False,False,,True,1.0,25.0,0.0,0.0,0.0,0,10000,4000,0.4,0,0.0,59.999966110652515,0.8093570000001271,3550,450,0,0,6000,10000,0,0.0,0,0.0,0.0,0,0.0,0.646408499999984,0.161602124999996,0.4130400000000008,10000,0.20626118153705458,10000,10000,0.09246775034094894,4140,0.3543388182231551,0.09980237059669465,0.9001976294033054,0.7251,0.26187106788220615,4.102421283721924
False,16000,0,587,0,0,15413,0,0,4000,4000,0,0,0,4000,0,0.0,0.0,0.0,5f94118a7d3e90192598c144eb4882652a3061a1912ed5a940883915afa1a0af,150,4,1000,101,assigned_level_sensitivity,dynamic,periodic,0.0,False,False,,True,1.0,25.0,0.0,0.0,0.0,0,4000,0,0.0,0,0.0,59.99998508555376,0.8118348147666048,1416,4909,95,3942,5051,15413,0,0.0,0,0.0,0.0,0,0.0,0.6518109777460147,0.6278976624999578,0.6884000000000013,15413,0.6397850710232837,4000,4000,0.4839246900301845,3933,0.5001094043599014,0.6298314893335019,0.37016851066649814,0.086,0.016184714329716854,2.2124593257904053
False,16000,0,675,0,0,15325,0,0,4000,4000,0,0,0,4000,0,0.0,0.0,0.0,5f60743f4251cc1f57f4eed09143bff61175f797b109b1f7a6707e9bdbab9e8c,150,4,1000,202,assigned_level_sensitivity,dynamic,periodic,0.0,False,False,,True,1.0,25.0,0.0,0.0,0.0,0,4000,0,0.0,0,0.0,59.99997821136897,0.8121161500814128,1408,4783,119,3952,5063,15325,0,0.0,0,0.0,0.0,0,0.0,0.65215491027728,0.6246421249999572,0.6884000000000013,15325,0.6371581430350622,4000,4000,0.47324269827542276,3912,0.4895940864452485,0.6204955472903964,0.37950445270960365,0.10325,0.01635138816982573,2.247417688369751
False,16000,0,612,0,0,15388,0,0,4000,4000,0,0,0,4000,0,0.0,0.0,0.0,93d78bf2192fb5f1a1477dec0382df9346d3e26750a92867a9a5c128cded5745,150,4,1000,303,assigned_level_sensitivity,dynamic,periodic,0.0,False,False,,True,1.0,25.0,0.0,0.0,0.0,0,4000,0,0.0,0,0.0,59.99995757640868,0.8122959448919709,1457,4802,98,4021,5010,15388,0,0.0,0,0.0,0.0,0,0.0,0.6518597868468486,0.6269261499999567,0.6884000000000013,15388,0.6393182617501767,4000,4000,0.48518876880728234,3936,0.49908023033588145,0.6288529964966353,0.3711470035033647,0.08075,0.013891461528599103,2.239525556564331
False,16000,0,544,0,0,15456,0,0,4000,4000,0,0,0,4000,0,0.0,0.0,0.0,1e22bb3d1f755a25ecb70d0ab714e74d2154df0e7ff1438885da29f1f2f52a47,150,4,1000,404,assigned_level_sensitivity,dynamic,periodic,0.0,False,False,,True,1.0,25.0,0.0,0.0,0.0,0,4000,0,0.0,0,0.0,59.99997560328443,0.812107272256573,1392,4999,66,4086,4913,15456,0,0.0,0,0.0,0.0,0,0.0,0.6516140980848433,0.6294592187499586,0.6884000000000013,15456,0.6412792853040359,4000,4000,0.4828021280910155,3952,0.49630654626159243,0.6284872710310895,0.3715127289689105,0.08775,0.013504418170576904,2.2126543521881104
False,16000,0,552,0,0,15448,0,0,4000,4000,0,0,0,4000,0,0.0,0.0,0.0,2850d7cfa9dd669a11d9a18ab095b1b73306276dffe22806240405b6a99f1dbc,150,4,1000,505,assigned_level_sensitivity,dynamic,periodic,0.0,False,False,,True,1.0,25.0,0.0,0.0,0.0,0,4000,0,0.0,0,0.0,59.99998707450773,0.8118151216984457,1477,4835,109,4059,4968,15448,0,0.0,0,0.0,0.0,0,0.0,0.6516408984981433,0.6291592874999574,0.6884000000000013,15448,0.6408538796834056,4000,4000,0.48012391154590184,3952,0.4930354709556493,0.6262363944068484,0.3737636055931516,0.089,0.012911559409747475,2.2001428604125977
False,16000,0,656,0,0,15344,0,0,4000,4000,0,0,0,4000,0,0.0,0.0,0.0,821818fc4a76ed845c5d6e95d143beec70dbb2f046705cf5fe53fa808c30e1e5,150,4,1000,606,assigned_level_sensitivity,dynamic,periodic,0.0,False,False,,True,1.0,25.0,0.0,0.0,0.0,0,4000,0,0.0,0,0.0,59.99999562383473,0.8116038842542775,1300,4763,88,4187,5006,15344,0,0.0,0,0.0,0.0,0,0.0,0.652914826642291,0.626145318749957,0.6884000000000013,15344,0.6396710434313421,4000,4000,0.4720592427881518,3880,0.4936227764243734,0.6200972531355168,0.3799027468644832,0.10025,0.0215635336362216,2.2036991119384766
False,16000,0,568,0,0,15432,0,0,4000,4000,0,0,0,4000,0,0.0,0.0,0.0,f6928467f99c60a3dffbcf03d262bf5e3188089123a36f34b70efbac5c05e1bf,150,4,1000,707,assigned_level_sensitivity,dynamic,periodic,0.0,False,False,,True,1.0,25.0,0.0,0.0,0.0,0,4000,0,0.0,0,0.0,59.999954164920126,0.8112662001035273,1372,4800,77,4235,4948,15432,0,0.0,0,0.0,0.0,0,0.0,0.6524223626230775,0.6292613687499583,0.6884000000000013,15432,0.6411515394047655,4000,4000,0.47664964190249187,3936,0.4923195836106341,0.6227498136959695,0.3772501863040305,0.086,0.015669941708142232,2.228428363800049
False,16000,0,711,0,0,15289,0,0,4000,4000,0,0,0,4000,0,0.0,0.0,0.0,1a5164a8f978961edaf3c5d9607966de96fd9134937605fcbe2119e01174bc65,150,4,1000,808,assigned_level_sensitivity,dynamic,periodic,0.0,False,False,,True,1.0,25.0,0.0,0.0,0.0,0,4000,0,0.0,0,0.0,59.9998601223541,0.8123624828306457,1363,4827,73,3928,5098,15289,0,0.0,0,0.0,0.0,0,0.0,0.6523472823598225,0.6233585999999579,0.6884000000000013,15289,0.6371783545550558,4000,4000,0.4798672887191222,3920,0.4956123140965141,0.6260241776101996,0.3739758223898004,0.09975,0.015745025377391864,2.2806174755096436
False,16000,0,636,0,0,15364,0,0,4000,4000,0,0,0,4000,0,0.0,0.0,0.0,2590073cdb4ae245d599e4559899ca065f4b0c004255bf6487c5839fc39ff574,150,4,1000,909,assigned_level_sensitivity,dynamic,periodic,0.0,False,False,,True,1.0,25.0,0.0,0.0,0.0,0,4000,0,0.0,0,0.0,59.999999551895066,0.8119233272583768,1379,4830,76,4027,5052,15364,0,0.0,0,0.0,0.0,0,0.0,0.6522877766206273,0.6263593374999574,0.6884000000000013,15364,0.6392029352285958,4000,4000,0.47697478135395804,3941,0.493828301227898,0.614218032878365,0.38578196712163504,0.0915,0.01685351987393996,2.2699623107910156
False,16000,0,584,0,0,15416,0,0,4000,4000,0,0,0,4000,0,0.0,0.0,0.0,e35a562238ec3870a9a013c614963bf8ca648d69a0c80181e91b018cfc024ad7,150,4,1000,1010,assigned_level_sensitivity,dynamic,periodic,0.0,False,False,,True,1.0,25.0,0.0,0.0,0.0,0,4000,0,0.0,0,0.0,59.9999846826879,0.8122826933055038,1496,4808,95,4060,4957,15416,0,0.0,0,0.0,0.0,0,0.0,0.6515917682926383,0.6278086687499571,0.6884000000000013,15416,0.6395776136064473,4000,4000,0.48243320367919273,3928,0.4971775619656109,0.6265111521539103,0.3734888478460897,0.084,0.01474435828641818,2.222719192504883
False,24000,0,2004,0,0,21996,0,0,6000,6000,0,0,0,6000,0,0.0,0.0,0.0,df7bc9e9dfff60af02e6943e923e62f0f9bf8709cc064f383faeee134513c470,150,6,1000,101,assigned_level_sensitivity,dynamic,periodic,0.0,False,False,,True,1.0,25.0,0.0,0.0,0.0,0,6000,0,0.0,0,0.0,59.999873707908066,0.8046517548642026,15987,9,0,0,6000,21996,0,0.0,0,0.0,0.0,0,0.0,0.6088578696124374,0.5580182374997988,0.6884000000000013,21996,0.5830874492516862,6000,6000,0.3861195742605795,5625,0.4228694296719207,0.6163330847081558,0.38366691529184416,0.14016666666666666,0.03674985541134118,2.9156134128570557
False,24000,0,2000,0,0,22000,0,0,6000,6000,0,0,0,6000,0,0.0,0.0,0.0,3736254c386243245c7ea836644f1946e24824c7abc86c8860c1c363672a151c,150,6,1000,202,assigned_level_sensitivity,dynamic,periodic,0.0,False,False,,True,1.0,25.0,0.0,0.0,0.0,0,6000,0,0.0,0,0.0,59.999873707908066,0.8046490909087726,16000,0,0,0,6000,22000,0,0.0,0,0.0,0.0,0,0.0,0.6088363636361441,0.5580999999997988,0.6884000000000013,22000,0.5827035599766293,6000,6000,0.39185267945676894,5656,0.42549312698343916,0.6147019026983429,0.3852980973016571,0.12866666666666668,0.033640447526670225,2.9002432823181152
False,24000,0,2008,0,0,21992,0,0,6000,6000,0,0,0,6000,0,0.0,0.0,0.0,9c4b50958727dc7c2d179fbe104c63fad4ab75dd91649f34eca4fbb19c432337,150,6,1000,303,assigned_level_sensitivity,dynamic,periodic,0.0,False,False,,True,1.0,25.0,0.0,0.0,0.0,0,6000,0,0.0,0,0.0,59.999979591232666,0.8046471444158331,15972,20,0,0,6000,21992,0,0.0,0,0.0,0.0,0,0.0,0.6088829574388495,0.5579397499997991,0.6884000000000013,21992,0.5829438271964577,6000,6000,0.3862697164309674,5668,0.4208623678545376,0.6080251805733424,0.3919748194266576,0.133,0.03459265142357021,2.962229013442993
False,24000,0,2000,0,0,22000,0,0,6000,6000,0,0,0,6000,0,0.0,0.0,0.0,478471266194d94a3b137038f0ef600d53e0302e1322af8a2948fb5f8c98afdf,150,6,1000,404,assigned_level_sensitivity,dynamic,periodic,0.0,False,False,,True,1.0,25.0,0.0,0.0,0.0,0,6000,0,0.0,0,0.0,59.999873707908066,0.8046490909087726,16000,0,0,0,6000,22000,0,0.0,0,0.0,0.0,0,0.0,0.6088363636361441,0.5580999999997988,0.6884000000000013,22000,0.5829575563101425,6000,6000,0.3891644507065571,5660,0.4238661936354657,0.6135706498980813,0.3864293501019187,0.13083333333333333,0.0347017429289086,2.9253742694854736
False,24000,0,2012,0,0,21988,0,0,6000,6000,0,0,0,6000,0,0.0,0.0,0.0,d945735a8e094ae77772f96fe90671759b77955778bc773e6c93a82f80d508ec,150,6,1000,505,assigned_level_sensitivity,dynamic,periodic,0.0,False,False,,True,1.0,25.0,0.0,0.0,0.0,0,6000,0,0.0,0,0.0,59.999873707908066,0.8046498089864017,15959,29,0,0,6000,21988,0,0.0,0,0.0,0.0,0,0.0,0.6089044797159896,0.5578579874997991,0.6884000000000013,21988,0.5830104559518593,6000,6000,0.3891558875767148,5672,0.42499789176432146,0.6108057629057665,0.3891942370942335,0.12933333333333333,0.035842004187606635,2.902177333831787
False,24000,0,2004,0,0,21996,0,0,6000,6000,0,0,0,6000,0,0.0,0.0,0.0,ce1e0562db8730d80a057cacabcd1a1125934972a2266603482076751c65ec7a,150,6,1000,606,assigned_level_sensitivity,dynamic,periodic,0.0,False,False,,True,1.0,25.0,0.0,0.0,0.0,0,6000,0,0.0,0,0.0,59.999873707908066,0.8046517548642026,15987,9,0,0,6000,21996,0,0.0,0,0.0,0.0,0,0.0,0.6088578696124374,0.5580182374997988,0.6884000000000013,21996,0.5829210672736014,6000,6000,0.3866744555571083,5700,0.4195122209489354,0.6004000752497112,0.3995999247502888,0.12866666666666668,0.032837765391827145,2.8990917205810547
False,24000,0,2008,0,0,21992,0,0,6000,6000,0,0,0,6000,0,0.0,0.0,0.0,b7ece186a8ad3e897fdf1cf08a0f3356ce15b7fd2cf41b2298c249baf7814b0a,150,6,1000,707,assigned_level_sensitivity,dynamic,periodic,0.0,False,False,,True,1.0,25.0,0.0,0.0,0.0,0,6000,0,0.0,0,0.0,59.999873707908066,0.8046544197886957,15974,18,0,0,6000,21992,0,0.0,0,0.0,0.0,0,0.0,0.6088793834119306,0.557936474999799,0.6884000000000013,21992,0.582716421359465,6000,6000,0.388859673562669,5647,0.4250478620936803,0.6060486049171185,0.39395139508288146,0.13433333333333333,0.0361881885310113,2.946331739425659
False,24000,0,2000,0,0,22000,0,0,6000,6000,0,0,0,6000,0,0.0,0.0,0.0,4c52203c9e54a73250b1ecde019d091da96295e9840f323625e0f97196c11cbd,150,6,1000,808,assigned_level_sensitivity,dynamic,periodic,0.0,False,False,,True,1.0,25.0,0.0,0.0,0.0,0,6000,0,0.0,0,0.0,59.999873707908066,0.8046490909087726,16000,0,0,0,6000,22000,0,0.0,0,0.0,0.0,0,0.0,0.6088363636361441,0.5580999999997988,0.6884000000000013,22000,0.5830212350051353,6000,6000,0.384560397352733,5656,0.42069641044626765,0.6047445179164952,0.3952554820835048,0.13633333333333333,0.03613601309353465,2.9267406463623047
False,24000,0,2016,0,0,21984,0,0,6000,6000,0,0,0,6000,0,0.0,0.0,0.0,5b34ac3e3c935bcde89a557e35faec54ebbaee3215e881d834aef2704505ea4f,150,6,1000,909,assigned_level_sensitivity,dynamic,periodic,0.0,False,False,,True,1.0,25.0,0.0,0.0,0.0,0,6000,0,0.0,0,0.0,59.99998217093023,0.8046538391554315,15945,39,0,0,6000,21984,0,0.0,0,0.0,0.0,0,0.0,0.6089277974888638,0.5577778624997992,0.6884000000000013,21984,0.5831122678689861,6000,6000,0.3896227722975844,5656,0.42666943187932527,0.6124022571836095,0.3875977428163905,0.12733333333333333,0.03704665958174086,2.964205503463745
False,24000,0,2000,0,0,22000,0,0,6000,6000,0,0,0,6000,0,0.0,0.0,0.0,9f867c13fbacf3259755d814661805b3d101f0606f92961926f0aa57dd766e36,150,6,1000,1010,assigned_level_sensitivity,dynamic,periodic,0.0,False,False,,True,1.0,25.0,0.0,0.0,0.0,0,6000,0,0.0,0,0.0,59.999873707908066,0.8046490909087726,16000,0,0,0,6000,22000,0,0.0,0,0.0,0.0,0,0.0,0.6088363636361441,0.5580999999997988,0.6884000000000013,22000,0.5836087735800848,6000,6000,0.38436710421010806,5664,0.41922823887839306,0.606247183596574,0.39375281640342596,0.135,0.034861134668285,2.9126460552215576
False,32000,0,15000,0,0,17000,0,0,8000,8000,0,0,0,8000,0,0.0,0.0,0.0,aaabbf64bb5a67911422c9ac26864c12bdc3d473c4e26d09934c03c2de08e543,150,8,1000,101,assigned_level_sensitivity,dynamic,periodic,0.0,False,False,,True,1.0,25.0,0.0,0.0,0.0,0,8000,0,0.0,0,0.0,59.999907564141665,0.8043941176468684,7001,1999,0,0,8000,17000,0,0.0,0,0.0,0.0,0,0.0,0.6351035705880826,0.3373987718749189,0.6884000000000013,17000,0.40493239082641486,8000,8000,0.21019409566350658,5672,0.3815056876280924,0.30095842821630076,0.6990415717836993,0.471,0.1713115919645858,3.3914706707000732
False,32000,0,15000,0,0,17000,0,0,8000,8000,0,0,0,8000,0,0.0,0.0,0.0,ccc6b9249845e0c37527cd7f55700cdf777d4a27e9f20114a03ae93070dd4f09,150,8,1000,202,assigned_level_sensitivity,dynamic,periodic,0.0,False,False,,True,1.0,25.0,0.0,0.0,0.0,0,8000,0,0.0,0,0.0,59.999907564141665,0.8043958823527507,7000,2000,0,0,8000,17000,0,0.0,0,0.0,0.0,0,0.0,0.6351058823527885,0.33739999999991893,0.6884000000000013,17000,0.40506314892677037,8000,8000,0.2092892067571365,5712,0.38310441985256216,0.2969140584720589,0.7030859415279411,0.469,0.17381521309542566,3.397975444793701
False,32000,0,15000,0,0,17000,0,0,8000,8000,0,0,0,8000,0,0.0,0.0,0.0,fa9104ce37d0bed494e8e68c544517eb6804845b3942c9a76815008d2e839fbe,150,8,1000,303,assigned_level_sensitivity,dynamic,periodic,0.0,False,False,,True,1.0,25.0,0.0,0.0,0.0,0,8000,0,0.0,0,0.0,59.999907564141665,0.8043929411762801,7000,2000,0,0,8000,17000,0,0.0,0,0.0,0.0,0,0.0,0.6351058823527885,0.33739999999991893,0.6884000000000013,17000,0.4053623291951982,8000,8000,0.2126961095377647,5584,0.3920598682011622,0.307826145801728,0.692173854198272,0.468,0.1793637586633975,3.4070112705230713
False,32000,0,15000,0,0,17000,0,0,8000,8000,0,0,0,8000,0,0.0,0.0,0.0,99d5e8e815bdb3fbf83d5c6c396113c800c58dd835f25789869ab526d6252de9,150,8,1000,404,assigned_level_sensitivity,dynamic,periodic,0.0,False,False,,True,1.0,25.0,0.0,0.0,0.0,0,8000,0,0.0,0,0.0,59.999907564141665,0.8043941176468684,7001,1999,0,0,8000,17000,0,0.0,0,0.0,0.0,0,0.0,0.6351035705880828,0.33739877187491896,0.6884000000000013,17000,0.4057472813406935,8000,8000,0.20587578065587053,5728,0.3763236460841901,0.28256813295624955,0.7174318670437505,0.473,0.17044786542831958,3.3980493545532227
False,32000,0,15000,0,0,17000,0,0,8000,8000,0,0,0,8000,0,0.0,0.0,0.0,4588989295f413c400eb038088125b0d970565a49c44e328a746779cb3728b26,150,8,1000,505,assigned_level_sensitivity,dynamic,periodic,0.0,False,False,,True,1.0,25.0,0.0,0.0,0.0,0,8000,0,0.0,0,0.0,59.999907564141665,0.8043958823527507,7000,2000,0,0,8000,17000,0,0.0,0,0.0,0.0,0,0.0,0.6351058823527885,0.33739999999991893,0.6884000000000013,17000,0.4052973010169989,8000,8000,0.2131978851584284,5576,0.3885992768946796,0.30579454372554155,0.6942054562744584,0.472,0.1754013917362512,3.375175952911377
False,32000,0,15000,0,0,17000,0,0,8000,8000,0,0,0,8000,0,0.0,0.0,0.0,7e1e83024ea6707492cc0cad7118863b8719120b04048e0fd2fb6fee034b85d1,150,8,1000,606,assigned_level_sensitivity,dynamic,periodic,0.0,False,False,,True,1.0,25.0,0.0,0.0,0.0,0,8000,0,0.0,0,0.0,59.999907564141665,0.8043958823527507,7000,2000,0,0,8000,17000,0,0.0,0,0.0,0.0,0,0.0,0.6351058823527885,0.33739999999991893,0.6884000000000013,17000,0.40514549198005617,8000,8000,0.2067989090653784,5632,0.3833591899878343,0.29116610208776733,0.7088338979122326,0.465,0.1765602809224559,3.402226686477661
False,32000,0,15000,0,0,17000,0,0,8000,8000,0,0,0,8000,0,0.0,0.0,0.0,e76c763ac54dbd90337334399c4cb6ce71151db8139bf84da5628482de3caef7,150,8,1000,707,assigned_level_sensitivity,dynamic,periodic,0.0,False,False,,True,1.0,25.0,0.0,0.0,0.0,0,8000,0,0.0,0,0.0,59.999907564141665,0.8043958823527507,7000,2000,0,0,8000,17000,0,0.0,0,0.0,0.0,0,0.0,0.6351058823527885,0.33739999999991893,0.6884000000000013,17000,0.40517598212613876,8000,8000,0.20869900001320946,5672,0.3815468265167706,0.29493314856655317,0.7050668514334468,0.473,0.17284782650356112,3.390638589859009
False,32000,0,15000,0,0,17000,0,0,8000,8000,0,0,0,8000,0,0.0,0.0,0.0,0772d1f8fc9f966e4e94191b3aa8b928ad6bfc7e1801f816c71cb45d696c0cd2,150,8,1000,808,assigned_level_sensitivity,dynamic,periodic,0.0,False,False,,True,1.0,25.0,0.0,0.0,0.0,0,8000,0,0.0,0,0.0,59.999907564141665,0.8043929411762801,7000,2000,0,0,8000,17000,0,0.0,0,0.0,0.0,0,0.0,0.6351058823527885,0.33739999999991893,0.6884000000000013,17000,0.4050503198423662,8000,8000,0.20902050612276044,5640,0.3797217751940537,0.30313320476480027,0.6968667952351997,0.478,0.17070126907129327,3.413848638534546
False,32000,0,15000,0,0,17000,0,0,8000,8000,0,0,0,8000,0,0.0,0.0,0.0,983b9f3b193194087d652a9c34e48e04b604e5fa861df79d152f1f088392db9e,150,8,1000,909,assigned_level_sensitivity,dynamic,periodic,0.0,False,False,,True,1.0,25.0,0.0,0.0,0.0,0,8000,0,0.0,0,0.0,59.999907564141665,0.8043929411762801,7000,2000,0,0,8000,17000,0,0.0,0,0.0,0.0,0,0.0,0.6351058823527885,0.33739999999991893,0.6884000000000013,17000,0.40536719827638673,8000,8000,0.21154433085579927,5576,0.39002043269607295,0.3023995695369233,0.6976004304630767,0.474,0.17847610184027368,3.3623719215393066
False,32000,0,15000,0,0,17000,0,0,8000,8000,0,0,0,8000,0,0.0,0.0,0.0,4353217b20bf1fb3c1b81e0687963bca5950f5073a6b2b8cfed0dc39870a197c,150,8,1000,1010,assigned_level_sensitivity,dynamic,periodic,0.0,False,False,,True,1.0,25.0,0.0,0.0,0.0,0,8000,0,0.0,0,0.0,59.999907564141665,0.8043958823527507,7000,2000,0,0,8000,17000,0,0.0,0,0.0,0.0,0,0.0,0.6351058823527885,0.33739999999991893,0.6884000000000013,17000,0.4057803263987735,8000,8000,0.20382671951130718,5576,0.3764021388187125,0.2954288190842587,0.7045711809157413,0.489,0.1725754193074053,3.3656604290008545
False,40000,0,27000,0,0,13000,0,0,10000,10000,0,0,0,10000,0,0.0,0.0,0.0,d5a0dcae89a5420d8212068bb711476587f7ed86ab0bfdbc6177a484d0e8c06b,150,10,1000,101,assigned_level_sensitivity,dynamic,periodic,0.0,False,False,,True,1.0,25.0,0.0,0.0,0.0,0,10000,0,0.0,0,0.0,59.99992606659082,0.8062123076922719,2115,885,0,0,10000,13000,0,0.0,0,0.0,0.0,0,0.0,0.66582926923072,0.21639451249998395,0.6884000000000013,13000,0.2818250772167253,10000,10000,0.11025022076230925,5580,0.34016776850223296,0.12319437166889588,0.8768056283311041,0.666,0.2299175477399237,4.173245429992676
False,40000,0,27000,0,0,13000,0,0,10000,10000,0,0,0,10000,0,0.0,0.0,0.0,d420eab19fa032fa6554e958731a9cfe2ccaff0d3c8b7ccf0c1954812b70e159,150,10,1000,202,assigned_level_sensitivity,dynamic,periodic,0.0,False,False,,True,1.0,25.0,0.0,0.0,0.0,0,10000,0,0.0,0,0.0,59.99992606659082,0.8062123076922719,2115,885,0,0,10000,13000,0,0.0,0,0.0,0.0,0,0.0,0.66582926923072,0.21639451249998395,0.6884000000000013,13000,0.2809294637282948,10000,10000,0.11213500190704337,5680,0.338824174622231,0.12461574304295292,0.8753842569570471,0.6598,0.22668917271518765,4.193951845169067
False,40000,0,27000,0,0,13000,0,0,10000,10000,0,0,0,10000,0,0.0,0.0,0.0,4fa73f83efb0b30e441d2058e80879f5ae8046cd50657c2997f903af7d406502,150,10,1000,303,assigned_level_sensitivity,dynamic,periodic,0.0,False,False,,True,1.0,25.0,0.0,0.0,0.0,0,10000,0,0.0,0,0.0,59.99992606659082,0.8062123076922719,2115,885,0,0,10000,13000,0,0.0,0,0.0,0.0,0,0.0,0.66582926923072,0.21639451249998395,0.6884000000000013,13000,0.2809269639378916,10000,10000,0.11466777265200596,5580,0.34899039026101164,0.12980329541971097,0.870196704580289,0.66,0.2343226176090057,4.1100592613220215
False,40000,0,27000,0,0,13000,0,0,10000,10000,0,0,0,10000,0,0.0,0.0,0.0,acf8d3c54ffc0201e365efa1dab85427555f694c26f75454f107aa91ba8e2bda,150,10,1000,404,assigned_level_sensitivity,dynamic,periodic,0.0,False,False,,True,1.0,25.0,0.0,0.0,0.0,0,10000,0,0.0,0,0.0,59.99992606659082,0.8062123076922719,2115,885,0,0,10000,13000,0,0.0,0,0.0,0.0,0,0.0,0.66582926923072,0.21639451249998395,0.6884000000000013,13000,0.28129581133154236,10000,10000,0.1124867263070121,5600,0.3398207305495946,0.13396066749142416,0.8660393325085758,0.668,0.2273340042425825,4.166340351104736
False,40000,0,27000,0,0,13000,0,0,10000,10000,0,0,0,10000,0,0.0,0.0,0.0,a6977f57b44dcaf129dc8cb8da2775f7fb8a45cce309a8a15334e0d8cab9bcad,150,10,1000,505,assigned_level_sensitivity,dynamic,periodic,0.0,False,False,,True,1.0,25.0,0.0,0.0,0.0,0,10000,0,0.0,0,0.0,59.99992606659082,0.8062123076922719,2115,885,0,0,10000,13000,0,0.0,0,0.0,0.0,0,0.0,0.66582926923072,0.21639451249998395,0.6884000000000013,13000,0.2810086306717018,10000,10000,0.11218041313809424,5600,0.34066652323443575,0.13801642442815315,0.8619835755718468,0.6662,0.2284861100963415,4.19213342666626
False,40000,0,27000,0,0,13000,0,0,10000,10000,0,0,0,10000,0,0.0,0.0,0.0,85a33772ee292f10e8aef7fd5cee174f3e1376deb8ac3fb9b6760f9848146b7c,150,10,1000,606,assigned_level_sensitivity,dynamic,periodic,0.0,False,False,,True,1.0,25.0,0.0,0.0,0.0,0,10000,0,0.0,0,0.0,59.99992606659082,0.8062123076922719,2115,885,0,0,10000,13000,0,0.0,0,0.0,0.0,0,0.0,0.66582926923072,0.21639451249998395,0.6884000000000013,13000,0.28095594986733796,10000,10000,0.11530700912820006,5660,0.3431827691464535,0.12251797738074131,0.8774820226192587,0.656,0.22787576001825344,4.196354627609253
False,40000,0,27000,0,0,13000,0,0,10000,10000,0,0,0,10000,0,0.0,0.0,0.0,7c1a19d9a1c3467d0687905c7ed2c445885dc020c9623304e3f2d9778bdd4a83,150,10,1000,707,assigned_level_sensitivity,dynamic,periodic,0.0,False,False,,True,1.0,25.0,0.0,0.0,0.0,0,10000,0,0.0,0,0.0,59.99992606659082,0.8062123076922719,2115,885,0,0,10000,13000,0,0.0,0,0.0,0.0,0,0.0,0.66582926923072,0.21639451249998395,0.6884000000000013,13000,0.28098361434714,10000,10000,0.11294791573480088,5520,0.34599875517909084,0.12166398327867234,0.8783360167213277,0.6638,0.23305083944428995,4.203690767288208
False,40000,0,27000,0,0,13000,0,0,10000,10000,0,0,0,10000,0,0.0,0.0,0.0,7c63d45d9ec5aab26bcbcab1b90489c75c8801d40cc0618700b789908e2cf09f,150,10,1000,808,assigned_level_sensitivity,dynamic,periodic,0.0,False,False,,True,1.0,25.0,0.0,0.0,0.0,0,10000,0,0.0,0,0.0,59.99992606659082,0.8062123076922719,2115,885,0,0,10000,13000,0,0.0,0,0.0,0.0,0,0.0,0.66582926923072,0.21639451249998395,0.6884000000000013,13000,0.2811945323335265,10000,10000,0.11736676097202137,5660,0.3438170896485715,0.13047235376771826,0.8695276462322817,0.654,0.22645032867655013,4.161708831787109
False,40000,0,27000,0,0,13000,0,0,10000,10000,0,0,0,10000,0,0.0,0.0,0.0,eef449dd20942c378220d3adc9ae3b30fc789520b6b67ed578877c5612b469b0,150,10,1000,909,assigned_level_sensitivity,dynamic,periodic,0.0,False,False,,True,1.0,25.0,0.0,0.0,0.0,0,10000,0,0.0,0,0.0,59.99992606659082,0.8062123076922719,2115,885,0,0,10000,13000,0,0.0,0,0.0,0.0,0,0.0,0.66582926923072,0.21639451249998395,0.6884000000000013,13000,0.2812874196703834,10000,10000,0.12180701893936628,5760,0.3548273177434481,0.12555786733834204,0.8744421326616579,0.642,0.23302029880408182,4.1787025928497314
False,40000,0,27000,0,0,13000,0,0,10000,10000,0,0,0,10000,0,0.0,0.0,0.0,04934f877793a2796930a2bda98f59e881d2801d5332d809293e526026756d4f,150,10,1000,1010,assigned_level_sensitivity,dynamic,periodic,0.0,False,False,,True,1.0,25.0,0.0,0.0,0.0,0,10000,0,0.0,0,0.0,59.99992606659082,0.8062123076922719,2115,885,0,0,10000,13000,0,0.0,0,0.0,0.0,0,0.0,0.66582926923072,0.21639451249998395,0.6884000000000013,13000,0.28099300598091187,10000,10000,0.11578709488169124,5560,0.35178628366166476,0.13760674102012924,0.8623932589798707,0.654,0.2359991887799735,4.252505302429199
False,16000,0,88,0,0,15912,0,0,4000,4000,0,0,0,4000,0,0.0,0.0,0.0,5f94118a7d3e90192598c144eb4882652a3061a1912ed5a940883915afa1a0af,200,4,1000,101,assigned_level_sensitivity,dynamic,periodic,0.0,False,False,,True,1.0,25.0,0.0,0.0,0.0,0,4000,0,0.0,0,0.0,59.99998786248342,0.8163951734538198,772,1014,7,3223,10896,15912,0,0.0,0,0.0,0.0,0,0.0,0.6754863185016183,0.6717711437498595,0.6884000000000013,15912,0.6741276272336586,4000,4000,0.4920169481434078,3992,0.4936943413638753,0.6401239782127524,0.35987602178724765,0.065,0.0016773932204675046,2.1956276893615723
False,16000,0,72,0,0,15928,0,0,4000,4000,0,0,0,4000,0,0.0,0.0,0.0,5f60743f4251cc1f57f4eed09143bff61175f797b109b1f7a6707e9bdbab9e8c,200,4,1000,202,assigned_level_sensitivity,dynamic,periodic,0.0,False,False,,True,1.0,25.0,0.0,0.0,0.0,0,4000,0,0.0,0,0.0,59.999973342020255,0.8175320190857047,794,1100,0,3294,10740,15928,0,0.0,0,0.0,0.0,0,0.0,0.6749205173278363,0.6718833749998611,0.6884000000000013,15928,0.6738423806679474,4000,4000,0.49146909650202386,4000,0.49187229269277194,0.6399222089488413,0.36007779105115867,0.058,0.00040319619074807855,2.126413106918335
False,16000,0,88,0,0,15912,0,0,4000,4000,0,0,0,4000,0,0.0,0.0,0.0,93d78bf2192fb5f1a1477dec0382df9346d3e26750a92867a9a5c128cded5745,200,4,1000,303,assigned_level_sensitivity,dynamic,periodic,0.0,False,False,,True,1.0,25.0,0.0,0.0,0.0,0,4000,0,0.0,0,0.0,59.99998664650097,0.815021367521188,715,894,8,3286,11009,15912,0,0.0,0,0.0,0.0,0,0.0,0.6763431121164982,0.6726232249998575,0.6884000000000013,15912,0.6752204238164649,4000,4000,0.4944099838017836,3992,0.49605311311985106,0.6416169965820289,0.35838300341797114,0.06975,0.0016431293180674822,2.126455068588257
False,16000,0,104,0,0,15896,0,0,4000,4000,0,0,0,4000,0,0.0,0.0,0.0,1e22bb3d1f755a25ecb70d0ab714e74d2154df0e7ff1438885da29f1f2f52a47,200,4,1000,404,assigned_level_sensitivity,dynamic,periodic,0.0,False,False,,True,1.0,25.0,0.0,0.0,0.0,0,4000,0,0.0,0,0.0,59.9999826874094,0.817003648716479,814,967,0,3310,10805,15896,0,0.0,0,0.0,0.0,0,0.0,0.6753267551583894,0.6709371312498598,0.6884000000000013,15896,0.6732168217669919,4000,4000,0.48964411297752747,3992,0.49151244939293803,0.6413299161040454,0.35867008389595456,0.06275,0.0018683364154105653,2.1336286067962646
False,16000,0,64,0,0,15936,0,0,4000,4000,0,0,0,4000,0,0.0,0.0,0.0,2850d7cfa9dd669a11d9a18ab095b1b73306276dffe22806240405b6a99f1dbc,200,4,1000,505,assigned_level_sensitivity,dynamic,periodic,0.0,False,False,,True,1.0,25.0,0.0,0.0,0.0,0,4000,0,0.0,0,0.0,59.999825870694146,0.8121435742970103,563,728,0,3421,11224,15936,0,0.0,0,0.0,0.0,0,0.0,0.6780267319275636,0.6753146249998533,0.6884000000000013,15936,0.6771644624499173,4000,4000,0.49601662128270035,4000,0.496271160892014,0.6429901465135615,0.35700985348643854,0.062,0.00025453960931365316,2.164870023727417
False,16000,0,112,0,0,15888,0,0,4000,4000,0,0,0,4000,0,0.0,0.0,0.0,821818fc4a76ed845c5d6e95d143beec70dbb2f046705cf5fe53fa808c30e1e5,200,4,1000,606,assigned_level_sensitivity,dynamic,periodic,0.0,False,False,,True,1.0,25.0,0.0,0.0,0.0,0,4000,0,0.0,0,0.0,59.99998112536579,0.8124748237661897,587,832,7,3067,11395,15888,0,0.0,0,0.0,0.0,0,0.0,0.6776948829303635,0.672951018749851,0.6884000000000013,15888,0.6754219081170499,4000,4000,0.4922574422205591,4000,0.49433947201035217,0.6371283697208329,0.36287163027916713,0.06375,0.0020820297897930495,2.1440532207489014
False,16000,0,104,0,0,15896,0,0,4000,4000,0,0,0,4000,0,0.0,0.0,0.0,f6928467f99c60a3dffbcf03d262bf5e3188089123a36f34b70efbac5c05e1bf,200,4,1000,707,assigned_level_sensitivity,dynamic,periodic,0.0,False,False,,True,1.0,25.0,0.0,0.0,0.0,0,4000,0,0.0,0,0.0,59.999987194827334,0.8126774031201061,600,800,0,3182,11314,15896,0,0.0,0,0.0,0.0,0,0.0,0.6776600150979887,0.6732552249998518,0.6884000000000013,15896,0.6755237632723349,4000,4000,0.49280322839169965,4000,0.493541661431083,0.6407264422973494,0.35927355770265057,0.064,0.0007384330393833682,2.1330418586730957
False,16000,0,72,0,0,15928,0,0,4000,4000,0,0,0,4000,0,0.0,0.0,0.0,1a5164a8f978961edaf3c5d9607966de96fd9134937605fcbe2119e01174bc65,200,4,1000,808,assigned_level_sensitivity,dynamic,periodic,0.0,False,False,,True,1.0,25.0,0.0,0.0,0.0,0,4000,0,0.0,0,0.0,59.999983743292034,0.8168897538923392,761,1074,2,3300,10791,15928,0,0.0,0,0.0,0.0,0,0.0,0.6752502385734419,0.6722116124998614,0.6884000000000013,15928,0.6744464134830613,4000,4000,0.49359173899937525,3992,0.49576565843187914,0.6381668585962917,0.36183314140370826,0.06025,0.00217391943250389,2.123023271560669
False,16000,0,72,0,0,15928,0,0,4000,4000,0,0,0,4000,0,0.0,0.0,0.0,2590073cdb4ae245d599e4559899ca065f4b0c004255bf6487c5839fc39ff574,200,4,1000,909,assigned_level_sensitivity,dynamic,periodic,0.0,False,False,,True,1.0,25.0,0.0,0.0,0.0,0,4000,0,0.0,0,0.0,59.999967861618124,0.8130085384227275,580,843,0,3332,11173,15928,0,0.0,0,0.0,0.0,0,0.0,0.6774846873428969,0.6744360062498539,0.6884000000000013,15928,0.6767100681445467,4000,4000,0.49597649857223214,3992,0.4969704394511344,0.6411928823906197,0.35880711760938033,0.06775,0.0009939408789022552,2.100602865219116
False,16000,0,88,0,0,15912,0,0,4000,4000,0,0,0,4000,0,0.0,0.0,0.0,e35a562238ec3870a9a013c614963bf8ca648d69a0c80181e91b018cfc024ad7,200,4,1000,1010,assigned_level_sensitivity,dynamic,periodic,0.0,False,False,,True,1.0,25.0,0.0,0.0,0.0,0,4000,0,0.0,0,0.0,59.999984161328534,0.8166993464050482,780,996,1,3297,10838,15912,0,0.0,0,0.0,0.0,0,0.0,0.6754557001004126,0.6717406937498602,0.6884000000000013,15912,0.6739730526311678,4000,4000,0.4915970291037789,3992,0.4940793759751747,0.6380354813872774,0.3619645186127226,0.064,0.002482346871395813,2.151252031326294
False,24000,0,520,0,0,23480,0,0,6000,6000,0,0,0,6000,0,0.0,0.0,0.0,df7bc9e9dfff60af02e6943e923e62f0f9bf8709cc064f383faeee134513c470,200,6,1000,101,assigned_level_sensitivity,dynamic,periodic,0.0,False,False,,True,1.0,25.0,0.0,0.0,0.0,0,6000,0,0.0,0,0.0,59.99995182938668,0.8073258091989879,3648,10232,76,3102,6422,23480,0,0.0,0,0.0,0.0,0,0.0,0.6386771720612523,0.6248391666665918,0.6884000000000013,23480,0.6369452964217525,6000,6000,0.48079003107508395,5924,0.4896680114725719,0.6344723300838965,0.3655276699161035,0.08033333333333334,0.008877980397487939,3.3627734184265137
False,24000,0,564,0,0,23436,0,0,6000,6000,0,0,0,6000,0,0.0,0.0,0.0,3736254c386243245c7ea836644f1946e24824c7abc86c8860c1c363672a151c,200,6,1000,202,assigned_level_sensitivity,dynamic,periodic,0.0,False,False,,True,1.0,25.0,0.0,0.0,0.0,0,6000,0,0.0,0,0.0,59.99989349269393,0.8076455026451729,3588,10305,65,3012,6466,23436,0,0.0,0,0.0,0.0,0,0.0,0.6387254821641144,0.6237154333332577,0.6884000000000013,23436,0.6354269338037422,6000,6000,0.4784001592826033,5952,0.4875483130893051,0.6270449517013515,0.37295504829864845,0.07366666666666667,0.009148153806701753,3.3574883937835693
False,24000,0,516,0,0,23484,0,0,6000,6000,0,0,0,6000,0,0.0,0.0,0.0,9c4b50958727dc7c2d179fbe104c63fad4ab75dd91649f34eca4fbb19c432337,200,6,1000,303,assigned_level_sensitivity,dynamic,periodic,0.0,False,False,,True,1.0,25.0,0.0,0.0,0.0,0,6000,0,0.0,0,0.0,59.99994446412696,0.80744251405179,3587,10275,108,3167,6347,23484,0,0.0,0,0.0,0.0,0,0.0,0.6387384644863843,0.6250055874999271,0.6884000000000013,23484,0.6367792063707101,6000,6000,0.48059024095016045,5948,0.4887904042587451,0.6274684442611284,0.37253155573887164,0.0735,0.00820016330858464,3.3430848121643066
False,24000,0,588,0,0,23412,0,0,6000,6000,0,0,0,6000,0,0.0,0.0,0.0,478471266194d94a3b137038f0ef600d53e0302e1322af8a2948fb5f8c98afdf,200,6,1000,404,assigned_level_sensitivity,dynamic,periodic,0.0,False,False,,True,1.0,25.0,0.0,0.0,0.0,0,6000,0,0.0,0,0.0,59.9999717158647,0.8075858534081796,3582,10205,96,3088,6441,23412,0,0.0,0,0.0,0.0,0,0.0,0.6388933666495048,0.6232404791665919,0.6884000000000013,23412,0.6352040148696754,6000,6000,0.4816843893771334,5928,0.4921113374579583,0.6320433027633442,0.3679566972366558,0.07,0.010426948080824894,3.378589391708374
False,24000,0,614,0,0,23386,0,0,6000,6000,0,0,0,6000,0,0.0,0.0,0.0,d945735a8e094ae77772f96fe90671759b77955778bc773e6c93a82f80d508ec,200,6,1000,505,assigned_level_sensitivity,dynamic,periodic,0.0,False,False,,True,1.0,25.0,0.0,0.0,0.0,0,6000,0,0.0,0,0.0,59.9999898904434,0.8075968528175959,3519,10302,56,3054,6455,23386,0,0.0,0,0.0,0.0,0,0.0,0.6389404430000105,0.6225942166665935,0.6884000000000013,23386,0.6347897159058231,6000,6000,0.4778825423173478,5934,0.4898330010677659,0.628796276903221,0.37120372309677896,0.07416666666666667,0.011950458750418114,3.361867666244507
False,24000,0,580,0,0,23420,0,0,6000,6000,0,0,0,6000,0,0.0,0.0,0.0,ce1e0562db8730d80a057cacabcd1a1125934972a2266603482076751c65ec7a,200,6,1000,606,assigned_level_sensitivity,dynamic,periodic,0.0,False,False,,True,1.0,25.0,0.0,0.0,0.0,0,6000,0,0.0,0,0.0,59.99995148721492,0.8073680614855804,3587,10218,56,3102,6457,23420,0,0.0,0,0.0,0.0,0,0.0,0.6389144662680711,0.6234740333332595,0.6884000000000013,23420,0.6359682103498353,6000,6000,0.4788131894745525,5928,0.48799043366824196,0.6343923422346313,0.36560765776536874,0.076,0.009177244193689482,3.3178062438964844
False,24000,0,635,0,0,23365,0,0,6000,6000,0,0,0,6000,0,0.0,0.0,0.0,b7ece186a8ad3e897fdf1cf08a0f3356ce15b7fd2cf41b2298c249baf7814b0a,200,6,1000,707,assigned_level_sensitivity,dynamic,periodic,0.0,False,False,,True,1.0,25.0,0.0,0.0,0.0,0,6000,0,0.0,0,0.0,59.99994917081929,0.8078061202650269,3598,10239,77,2911,6540,23365,0,0.0,0,0.0,0.0,0,0.0,0.6387695441899474,0.6218687666665883,0.6884000000000013,23365,0.6344006703069487,6000,6000,0.4767208290026662,5912,0.4890770646286486,0.6259786714271698,0.3740213285728302,0.07616666666666666,0.01235623562598237,3.3824422359466553
False,24000,0,632,0,0,23368,0,0,6000,6000,0,0,0,6000,0,0.0,0.0,0.0,4c52203c9e54a73250b1ecde019d091da96295e9840f323625e0f97196c11cbd,200,6,1000,808,assigned_level_sensitivity,dynamic,periodic,0.0,False,False,,True,1.0,25.0,0.0,0.0,0.0,0,6000,0,0.0,0,0.0,59.99996867289512,0.8075932899688603,3519,10305,77,2955,6512,23368,0,0.0,0,0.0,0.0,0,0.0,0.6389187778157384,0.6220939166665905,0.6884000000000013,23368,0.6345433009348804,6000,6000,0.4793235046345712,5924,0.48965332454800586,0.6305760941273106,0.36942390587268936,0.0785,0.010329819913434679,3.3874926567077637
False,24000,0,596,0,0,23404,0,0,6000,6000,0,0,0,6000,0,0.0,0.0,0.0,5b34ac3e3c935bcde89a557e35faec54ebbaee3215e881d834aef2704505ea4f,200,6,1000,909,assigned_level_sensitivity,dynamic,periodic,0.0,False,False,,True,1.0,25.0,0.0,0.0,0.0,0,6000,0,0.0,0,0.0,59.999998654769016,0.8076115193980649,3665,10144,64,3049,6482,23404,0,0.0,0,0.0,0.0,0,0.0,0.638757408989838,0.6228949333332571,0.6884000000000013,23404,0.6355886721706296,6000,6000,0.47980210830548353,5900,0.4926185197087487,0.6335003660963838,0.3664996339036162,0.07733333333333334,0.012816411403265171,3.3590173721313477
False,24000,0,640,0,0,23360,0,0,6000,6000,0,0,0,6000,0,0.0,0.0,0.0,9f867c13fbacf3259755d814661805b3d101f0606f92961926f0aa57dd766e36,200,6,1000,1010,assigned_level_sensitivity,dynamic,periodic,0.0,False,False,,True,1.0,25.0,0.0,0.0,0.0,0,6000,0,0.0,0,0.0,59.99999587818344,0.8077367294517271,3453,10325,88,3048,6446,23360,0,0.0,0,0.0,0.0,0,0.0,0.6390687371574587,0.6220269041665931,0.6884000000000013,23360,0.6344400068850038,6000,6000,0.4776750638321713,5920,0.4895293405350381,0.6253240692773216,0.37467593072267835,0.07666666666666666,0.011854276702866817,3.3570523262023926
False,32000,0,3000,0,0,29000,0,0,8000,8000,0,0,0,8000,0,0.0,0.0,0.0,aaabbf64bb5a67911422c9ac26864c12bdc3d473c4e26d09934c03c2de08e543,200,8,1000,101,assigned_level_sensitivity,dynamic,periodic,0.0,False,False,,True,1.0,25.0,0.0,0.0,0.0,0,8000,0,0.0,0,0.0,59.9999975392896,0.8041175862064832,20053,947,0,0,8000,29000,0,0.0,0,0.0,0.0,0,0.0,0.610462658620512,0.553231784374839,0.6884000000000013,29000,0.5829085181882419,8000,8000,0.3765615118770994,7440,0.41996505258112105,0.6037383693408477,0.3962616306591523,0.155,0.04340354070402164,4.2190423011779785
False,32000,0,3000,0,0,29000,0,0,8000,8000,0,0,0,8000,0,0.0,0.0,0.0,ccc6b9249845e0c37527cd7f55700cdf777d4a27e9f20114a03ae93070dd4f09,200,8,1000,202,assigned_level_sensitivity,dynamic,periodic,0.0,False,False,,True,1.0,25.0,0.0,0.0,0.0,0,8000,0,0.0,0,0.0,59.999982855802266,0.8041855172409662,20079,921,0,0,8000,29000,0,0.0,0,0.0,0.0,0,0.0,0.6104274241377534,0.553199853124839,0.6884000000000013,29000,0.583243133937705,8000,8000,0.3791697511131061,7424,0.41993397309357533,0.6092688748588346,0.39073112514116537,0.149,0.04076422198046925,4.218827962875366
False,32000,0,3000,0,0,29000,0,0,8000,8000,0,0,0,8000,0,0.0,0.0,0.0,fa9104ce37d0bed494e8e68c544517eb6804845b3942c9a76815008d2e839fbe,200,8,1000,303,assigned_level_sensitivity,dynamic,periodic,0.0,False,False,,True,1.0,25.0,0.0,0.0,0.0,0,8000,0,0.0,0,0.0,59.999982855802266,0.8041262068961383,20061,939,0,0,8000,29000,0,0.0,0,0.0,0.0,0,0.0,0.6104518172412018,0.5532219593748391,0.6884000000000013,29000,0.5824645620972354,8000,8000,0.37863586684049144,7465,0.4214278088134987,0.5916176085972603,0.4083823914027397,0.150125,0.042791941973007286,4.201436996459961
False,32000,0,3000,0,0,29000,0,0,8000,8000,0,0,0,8000,0,0.0,0.0,0.0,99d5e8e815bdb3fbf83d5c6c396113c800c58dd835f25789869ab526d6252de9,200,8,1000,404,assigned_level_sensitivity,dynamic,periodic,0.0,False,False,,True,1.0,25.0,0.0,0.0,0.0,0,8000,0,0.0,0,0.0,59.999993799342825,0.8041410344823453,20069,931,0,0,8000,29000,0,0.0,0,0.0,0.0,0,0.0,0.6104409758618914,0.5532121343748391,0.6884000000000013,29000,0.5827686056525895,8000,8000,0.37953429785105147,7424,0.4217021382103515,0.5954730727310659,0.40452692726893413,0.157,0.042167840359300046,4.168004512786865
False,32000,0,3000,0,0,29000,0,0,8000,8000,0,0,0,8000,0,0.0,0.0,0.0,4588989295f413c400eb038088125b0d970565a49c44e328a746779cb3728b26,200,8,1000,505,assigned_level_sensitivity,dynamic,periodic,0.0,False,False,,True,1.0,25.0,0.0,0.0,0.0,0,8000,0,0.0,0,0.0,59.999982855802266,0.8042206896547596,20100,900,0,0,8000,29000,0,0.0,0,0.0,0.0,0,0.0,0.6103989655170636,0.5531740624998389,0.6884000000000013,29000,0.5824541569383991,8000,8000,0.38158648644445414,7486,0.4224286034716447,0.6040073417924141,0.3959926582075859,0.14925,0.04084211702719054,4.152698040008545
False,32000,0,3000,0,0,29000,0,0,8000,8000,0,0,0,8000,0,0.0,0.0,0.0,7e1e83024ea6707492cc0cad7118863b8719120b04048e0fd2fb6fee034b85d1,200,8,1000,606,assigned_level_sensitivity,dynamic,periodic,0.0,False,False,,True,1.0,25.0,0.0,0.0,0.0,0,8000,0,0.0,0,0.0,59.999982855802266,0.8041399999995863,20069,931,0,0,8000,29000,0,0.0,0,0.0,0.0,0,0.0,0.6104409758618914,0.5532121343748391,0.6884000000000013,29000,0.5834987988109586,8000,8000,0.37810021880014855,7448,0.4189072492634737,0.5937841682745976,0.40621583172540243,0.15,0.04080703046332518,4.14143180847168
False,32000,0,3000,0,0,29000,0,0,8000,8000,0,0,0,8000,0,0.0,0.0,0.0,e76c763ac54dbd90337334399c4cb6ce71151db8139bf84da5628482de3caef7,200,8,1000,707,assigned_level_sensitivity,dynamic,periodic,0.0,False,False,,True,1.0,25.0,0.0,0.0,0.0,0,8000,0,0.0,0,0.0,59.99998328531461,0.8041865517237244,20086,914,0,0,8000,29000,0,0.0,0,0.0,0.0,0,0.0,0.6104179379308567,0.5531912562498389,0.6884000000000013,29000,0.5827897433949341,8000,8000,0.38202882055218546,7424,0.4251164807154641,0.6046553361010434,0.3953446638989566,0.151,0.04308766016327864,4.21945595741272
False,32000,0,3000,0,0,29000,0,0,8000,8000,0,0,0,8000,0,0.0,0.0,0.0,0772d1f8fc9f966e4e94191b3aa8b928ad6bfc7e1801f816c71cb45d696c0cd2,200,8,1000,808,assigned_level_sensitivity,dynamic,periodic,0.0,False,False,,True,1.0,25.0,0.0,0.0,0.0,0,8000,0,0.0,0,0.0,59.9999845078225,0.8041451724133797,20072,928,0,0,8000,29000,0,0.0,0,0.0,0.0,0,0.0,0.6104369103446502,0.5532084499998392,0.6884000000000013,29000,0.5826732289655944,8000,8000,0.3808458318301334,7464,0.42170373529177557,0.6041302600030284,0.3958697399969716,0.153,0.0408579034616422,4.171622037887573
False,32000,0,3000,0,0,29000,0,0,8000,8000,0,0,0,8000,0,0.0,0.0,0.0,983b9f3b193194087d652a9c34e48e04b604e5fa861df79d152f1f088392db9e,200,8,1000,909,assigned_level_sensitivity,dynamic,periodic,0.0,False,False,,True,1.0,25.0,0.0,0.0,0.0,0,8000,0,0.0,0,0.0,59.99999395255929,0.8040837931030343,20050,950,0,0,8000,29000,0,0.0,0,0.0,0.0,0,0.0,0.6104667241377535,0.5532354687498391,0.6884000000000013,29000,0.5835379232778397,8000,8000,0.3795073526943799,7379,0.4270117433545102,0.6029031643124481,0.39709683568755194,0.1505,0.04750439066013029,4.200786113739014
False,32000,0,3000,0,0,29000,0,0,8000,8000,0,0,0,8000,0,0.0,0.0,0.0,4353217b20bf1fb3c1b81e0687963bca5950f5073a6b2b8cfed0dc39870a197c,200,8,1000,1010,assigned_level_sensitivity,dynamic,periodic,0.0,False,False,,True,1.0,25.0,0.0,0.0,0.0,0,8000,0,0.0,0,0.0,59.99999395255927,0.8041289655168282,20063,937,0,0,8000,29000,0,0.0,0,0.0,0.0,0,0.0,0.6104491068963742,0.5532195031248391,0.6884000000000013,29000,0.5829792046590613,8000,8000,0.3847934811384784,7520,0.42346082282364367,0.6044519646760469,0.3955480353239531,0.141,0.03866734168516528,4.2109410762786865
False,40000,0,15000,0,0,25000,0,0,10000,10000,0,0,0,10000,0,0.0,0.0,0.0,d5a0dcae89a5420d8212068bb711476587f7ed86ab0bfdbc6177a484d0e8c06b,200,10,1000,101,assigned_level_sensitivity,dynamic,periodic,0.0,False,False,,True,1.0,25.0,0.0,0.0,0.0,0,10000,0,0.0,0,0.0,59.999982855802266,0.8047499999996385,15000,0,0,0,10000,25000,0,0.0,0,0.0,0.0,0,0.0,0.6227599999997173,0.38922499999982335,0.6884000000000013,25000,0.4561448544475961,10000,10000,0.2419440457851575,7600,0.38479822501235544,0.37468792374842474,0.6253120762515753,0.4,0.14285417922719795,4.685385704040527
False,40000,0,15000,0,0,25000,0,0,10000,10000,0,0,0,10000,0,0.0,0.0,0.0,d420eab19fa032fa6554e958731a9cfe2ccaff0d3c8b7ccf0c1954812b70e159,200,10,1000,202,assigned_level_sensitivity,dynamic,periodic,0.0,False,False,,True,1.0,25.0,0.0,0.0,0.0,0,10000,0,0.0,0,0.0,59.999982855802266,0.8047499999996385,15000,0,0,0,10000,25000,0,0.0,0,0.0,0.0,0,0.0,0.6227599999997173,0.38922499999982335,0.6884000000000013,25000,0.45561865286941233,10000,10000,0.24264214720331015,7700,0.38255676004426714,0.3731675707594701,0.6268324292405298,0.402,0.139914612840957,4.712206840515137
False,40000,0,15000,0,0,25000,0,0,10000,10000,0,0,0,10000,0,0.0,0.0,0.0,4fa73f83efb0b30e441d2058e80879f5ae8046cd50657c2997f903af7d406502,200,10,1000,303,assigned_level_sensitivity,dynamic,periodic,0.0,False,False,,True,1.0,25.0,0.0,0.0,0.0,0,10000,0,0.0,0,0.0,59.999982855802266,0.8047499999996385,15000,0,0,0,10000,25000,0,0.0,0,0.0,0.0,0,0.0,0.6227599999997173,0.38922499999982335,0.6884000000000013,25000,0.4561738367299262,10000,10000,0.24151526067544032,7600,0.38635671990864623,0.371483024593286,0.6285169754067139,0.392,0.1448414592332059,4.837023496627808
False,40000,0,15000,0,0,25000,0,0,10000,10000,0,0,0,10000,0,0.0,0.0,0.0,acf8d3c54ffc0201e365efa1dab85427555f694c26f75454f107aa91ba8e2bda,200,10,1000,404,assigned_level_sensitivity,dynamic,periodic,0.0,False,False,,True,1.0,25.0,0.0,0.0,0.0,0,10000,0,0.0,0,0.0,59.999982855802266,0.8047499999996385,15000,0,0,0,10000,25000,0,0.0,0,0.0,0.0,0,0.0,0.6227599999997173,0.38922499999982335,0.6884000000000013,25000,0.4558360085760425,10000,10000,0.2443881632709019,7660,0.38219639340259515,0.37703427062744793,0.6229657293725521,0.402,0.13780823013169324,4.961992025375366
False,40000,0,15000,0,0,25000,0,0,10000,10000,0,0,0,10000,0,0.0,0.0,0.0,a6977f57b44dcaf129dc8cb8da2775f7fb8a45cce309a8a15334e0d8cab9bcad,200,10,1000,505,assigned_level_sensitivity,dynamic,periodic,0.0,False,False,,True,1.0,25.0,0.0,0.0,0.0,0,10000,0,0.0,0,0.0,59.999982855802266,0.8047499999996385,15000,0,0,0,10000,25000,0,0.0,0,0.0,0.0,0,0.0,0.6227599999997173,0.38922499999982335,0.6884000000000013,25000,0.4561893131620697,10000,10000,0.24330903593498415,7560,0.38665022379430053,0.37225445227686565,0.6277455477231344,0.4,0.14334118785931638,4.745758771896362
False,40000,0,15000,0,0,25000,0,0,10000,10000,0,0,0,10000,0,0.0,0.0,0.0,85a33772ee292f10e8aef7fd5cee174f3e1376deb8ac3fb9b6760f9848146b7c,200,10,1000,606,assigned_level_sensitivity,dynamic,periodic,0.0,False,False,,True,1.0,25.0,0.0,0.0,0.0,0,10000,0,0.0,0,0.0,59.999982855802266,0.8047499999996385,15000,0,0,0,10000,25000,0,0.0,0,0.0,0.0,0,0.0,0.6227599999997173,0.38922499999982335,0.6884000000000013,25000,0.45608701647014843,10000,10000,0.24449109108953127,7600,0.3835352168063745,0.3707350389476602,0.6292649610523398,0.4039,0.13904412571684321,4.687613248825073
False,40000,0,15000,0,0,25000,0,0,10000,10000,0,0,0,10000,0,0.0,0.0,0.0,7c1a19d9a1c3467d0687905c7ed2c445885dc020c9623304e3f2d9778bdd4a83,200,10,1000,707,assigned_level_sensitivity,dynamic,periodic,0.0,False,False,,True,1.0,25.0,0.0,0.0,0.0,0,10000,0,0.0,0,0.0,59.999982855802266,0.8047499999996385,15000,0,0,0,10000,25000,0,0.0,0,0.0,0.0,0,0.0,0.6227599999997173,0.38922499999982335,0.6884000000000013,25000,0.45567541736160866,10000,10000,0.2397486971076762,7640,0.3777846201077809,0.3673388778204114,0.6326611221795886,0.404,0.1380359230001047,4.744446516036987
False,40000,0,15000,0,0,25000,0,0,10000,10000,0,0,0,10000,0,0.0,0.0,0.0,7c63d45d9ec5aab26bcbcab1b90489c75c8801d40cc0618700b789908e2cf09f,200,10,1000,808,assigned_level_sensitivity,dynamic,periodic,0.0,False,False,,True,1.0,25.0,0.0,0.0,0.0,0,10000,0,0.0,0,0.0,59.999982855802266,0.8047499999996385,15000,0,0,0,10000,25000,0,0.0,0,0.0,0.0,0,0.0,0.6227599999997173,0.38922499999982335,0.6884000000000013,25000,0.45629494621947886,10000,10000,0.24276841611295713,7640,0.3791561986652029,0.37454532626016823,0.6254546737398318,0.408,0.13638778255224576,4.7278759479522705
False,40000,0,15000,0,0,25000,0,0,10000,10000,0,0,0,10000,0,0.0,0.0,0.0,eef449dd20942c378220d3adc9ae3b30fc789520b6b67ed578877c5612b469b0,200,10,1000,909,assigned_level_sensitivity,dynamic,periodic,0.0,False,False,,True,1.0,25.0,0.0,0.0,0.0,0,10000,0,0.0,0,0.0,59.999982855802266,0.8047499999996385,15000,0,0,0,10000,25000,0,0.0,0,0.0,0.0,0,0.0,0.6227599999997173,0.38922499999982335,0.6884000000000013,25000,0.4561771811763278,10000,10000,0.2458962655392338,7720,0.38714303875047723,0.36619644938848345,0.6338035506115165,0.386,0.14124677321124343,4.673809766769409
False,40000,0,15000,0,0,25000,0,0,10000,10000,0,0,0,10000,0,0.0,0.0,0.0,04934f877793a2796930a2bda98f59e881d2801d5332d809293e526026756d4f,200,10,1000,1010,assigned_level_sensitivity,dynamic,periodic,0.0,False,False,,True,1.0,25.0,0.0,0.0,0.0,0,10000,0,0.0,0,0.0,59.999982855802266,0.8047499999996385,15000,0,0,0,10000,25000,0,0.0,0,0.0,0.0,0,0.0,0.6227599999997173,0.38922499999982335,0.6884000000000013,25000,0.4557700247759445,10000,10000,0.2392728105539958,7660,0.3779567685665731,0.35621446035793947,0.6437855396420605,0.404,0.13868395801257732,4.743079423904419
False,16000,0,0,0,0,16000,0,0,4000,4000,0,0,0,4000,0,0.0,0.0,0.0,5f94118a7d3e90192598c144eb4882652a3061a1912ed5a940883915afa1a0af,300,4,1000,101,assigned_level_sensitivity,dynamic,periodic,0.0,False,False,,True,1.0,25.0,0.0,0.0,0.0,0,4000,0,0.0,0,0.0,59.99624490666592,0.860188124999745,330,660,0,0,15010,16000,0,0.0,0,0.0,0.0,0,0.0,0.6832519999997879,0.6832519999997879,0.6884000000000013,16000,0.6841314786338344,4000,4000,0.49505669025584614,4000,0.49505669025584614,0.635460782764596,0.36453921723540395,0.06725,0.0,1.9712300300598145
False,16000,0,0,0,0,16000,0,0,4000,4000,0,0,0,4000,0,0.0,0.0,0.0,5f60743f4251cc1f57f4eed09143bff61175f797b109b1f7a6707e9bdbab9e8c,300,4,1000,202,assigned_level_sensitivity,dynamic,periodic,0.0,False,False,,True,1.0,25.0,0.0,0.0,0.0,0,4000,0,0.0,0,0.0,59.99624490666592,0.860188124999745,330,660,0,0,15010,16000,0,0.0,0,0.0,0.0,0,0.0,0.6832519999997879,0.6832519999997879,0.6884000000000013,16000,0.684296643119016,4000,4000,0.4959875944851666,4000,0.4959875944851666,0.6364282510846682,0.36357174891533184,0.06675,0.0,1.956167221069336
False,16000,0,0,0,0,16000,0,0,4000,4000,0,0,0,4000,0,0.0,0.0,0.0,93d78bf2192fb5f1a1477dec0382df9346d3e26750a92867a9a5c128cded5745,300,4,1000,303,assigned_level_sensitivity,dynamic,periodic,0.0,False,False,,True,1.0,25.0,0.0,0.0,0.0,0,4000,0,0.0,0,0.0,59.99624490666592,0.860188124999745,330,660,0,0,15010,16000,0,0.0,0,0.0,0.0,0,0.0,0.6832519999997879,0.6832519999997879,0.6884000000000013,16000,0.6841138070701003,4000,4000,0.4953641029763186,4000,0.4953641029763186,0.6333410051606279,0.36665899483937214,0.06725,0.0,1.958400011062622
False,16000,0,0,0,0,16000,0,0,4000,4000,0,0,0,4000,0,0.0,0.0,0.0,1e22bb3d1f755a25ecb70d0ab714e74d2154df0e7ff1438885da29f1f2f52a47,300,4,1000,404,assigned_level_sensitivity,dynamic,periodic,0.0,False,False,,True,1.0,25.0,0.0,0.0,0.0,0,4000,0,0.0,0,0.0,59.99624490666592,0.860188124999745,330,660,0,0,15010,16000,0,0.0,0,0.0,0.0,0,0.0,0.6832519999997879,0.6832519999997879,0.6884000000000013,16000,0.6841503575961918,4000,4000,0.4966476495085912,4000,0.4966476495085912,0.6353039049209404,0.36469609507905965,0.064,0.0,1.9969711303710938
False,16000,0,0,0,0,16000,0,0,4000,4000,0,0,0,4000,0,0.0,0.0,0.0,2850d7cfa9dd669a11d9a18ab095b1b73306276dffe22806240405b6a99f1dbc,300,4,1000,505,assigned_level_sensitivity,dynamic,periodic,0.0,False,False,,True,1.0,25.0,0.0,0.0,0.0,0,4000,0,0.0,0,0.0,59.99624490666592,0.860188124999745,330,660,0,0,15010,16000,0,0.0,0,0.0,0.0,0,0.0,0.6832519999997879,0.6832519999997879,0.6884000000000013,16000,0.6841693648919872,4000,4000,0.4942714482582839,4000,0.4942714482582839,0.6322821363840294,0.3677178636159706,0.0675,0.0,1.9765269756317139
False,16000,0,0,0,0,16000,0,0,4000,4000,0,0,0,4000,0,0.0,0.0,0.0,821818fc4a76ed845c5d6e95d143beec70dbb2f046705cf5fe53fa808c30e1e5,300,4,1000,606,assigned_level_sensitivity,dynamic,periodic,0.0,False,False,,True,1.0,25.0,0.0,0.0,0.0,0,4000,0,0.0,0,0.0,59.99624490666592,0.860188124999745,330,660,0,0,15010,16000,0,0.0,0,0.0,0.0,0,0.0,0.6832519999997879,0.6832519999997879,0.6884000000000013,16000,0.6839986591751532,4000,4000,0.4962549582916443,4000,0.4962549582916443,0.6341815678981237,0.36581843210187626,0.06675,0.0,1.9884135723114014
False,16000,0,0,0,0,16000,0,0,4000,4000,0,0,0,4000,0,0.0,0.0,0.0,f6928467f99c60a3dffbcf03d262bf5e3188089123a36f34b70efbac5c05e1bf,300,4,1000,707,assigned_level_sensitivity,dynamic,periodic,0.0,False,False,,True,1.0,25.0,0.0,0.0,0.0,0,4000,0,0.0,0,0.0,59.99624490666592,0.860188124999745,330,660,0,0,15010,16000,0,0.0,0,0.0,0.0,0,0.0,0.6832519999997879,0.6832519999997879,0.6884000000000013,16000,0.68397761920074,4000,4000,0.4966662752259644,4000,0.4966662752259644,0.6343641112290082,0.36563588877099185,0.0675,0.0,1.963716745376587
False,16000,0,0,0,0,16000,0,0,4000,4000,0,0,0,4000,0,0.0,0.0,0.0,1a5164a8f978961edaf3c5d9607966de96fd9134937605fcbe2119e01174bc65,300,4,1000,808,assigned_level_sensitivity,dynamic,periodic,0.0,False,False,,True,1.0,25.0,0.0,0.0,0.0,0,4000,0,0.0,0,0.0,59.99990933097756,0.8585468749997472,416,275,144,15,15150,16000,0,0.0,0,0.0,0.0,0,0.0,0.6839376187497838,0.6839376187497838,0.6884000000000013,16000,0.6844916501175765,4000,4000,0.49329113095626975,4000,0.49329113095626975,0.6345762868125101,0.3654237131874899,0.066,0.0,1.961432933807373
False,16000,0,0,0,0,16000,0,0,4000,4000,0,0,0,4000,0,0.0,0.0,0.0,2590073cdb4ae245d599e4559899ca065f4b0c004255bf6487c5839fc39ff574,300,4,1000,909,assigned_level_sensitivity,dynamic,periodic,0.0,False,False,,True,1.0,25.0,0.0,0.0,0.0,0,4000,0,0.0,0,0.0,59.99624490666592,0.860188124999745,330,660,0,0,15010,16000,0,0.0,0,0.0,0.0,0,0.0,0.6832519999997879,0.6832519999997879,0.6884000000000013,16000,0.6840270962745714,4000,4000,0.4936582928741047,4000,0.4936582928741047,0.6327986813606372,0.3672013186393628,0.0675,0.0,1.9675908088684082
False,16000,0,0,0,0,16000,0,0,4000,4000,0,0,0,4000,0,0.0,0.0,0.0,e35a562238ec3870a9a013c614963bf8ca648d69a0c80181e91b018cfc024ad7,300,4,1000,1010,assigned_level_sensitivity,dynamic,periodic,0.0,False,False,,True,1.0,25.0,0.0,0.0,0.0,0,4000,0,0.0,0,0.0,59.99624490666592,0.860188124999745,330,660,0,0,15010,16000,0,0.0,0,0.0,0.0,0,0.0,0.6832519999997879,0.6832519999997879,0.6884000000000013,16000,0.6839262750799381,4000,4000,0.49551524809577263,4000,0.49551524809577263,0.6336502995247877,0.3663497004752123,0.0655,0.0,1.99894118309021
False,24000,0,224,0,0,23776,0,0,6000,6000,0,0,0,6000,0,0.0,0.0,0.0,df7bc9e9dfff60af02e6943e923e62f0f9bf8709cc064f383faeee134513c470,300,6,1000,101,assigned_level_sensitivity,dynamic,periodic,0.0,False,False,,True,1.0,25.0,0.0,0.0,0.0,0,6000,0,0.0,0,0.0,59.99997710619057,0.8121256729471887,769,1559,10,4368,17070,23776,0,0.0,0,0.0,0.0,0,0.0,0.6774172989566566,0.6710947374997277,0.6884000000000013,23776,0.6743640094573499,6000,6000,0.4907173499277083,5984,0.4942349281519379,0.6353432325663649,0.36465676743363507,0.06983333333333333,0.0035175782242296005,3.3672170639038086
False,24000,0,223,0,0,23777,0,0,6000,6000,0,0,0,6000,0,0.0,0.0,0.0,3736254c386243245c7ea836644f1946e24824c7abc86c8860c1c363672a151c,300,6,1000,202,assigned_level_sensitivity,dynamic,periodic,0.0,False,False,,True,1.0,25.0,0.0,0.0,0.0,0,6000,0,0.0,0,0.0,59.99998159219386,0.8118976321652166,723,1646,9,4197,17202,23777,0,0.0,0,0.0,0.0,0,0.0,0.6774855322367577,0.6711905624997244,0.6884000000000013,23777,0.6740806774929476,6000,6000,0.491555752243475,5972,0.4958315400295211,0.6346838222160457,0.3653161777839543,0.06716666666666667,0.004275787786046148,3.349282741546631
False,24000,0,257,0,0,23743,0,0,6000,6000,0,0,0,6000,0,0.0,0.0,0.0,9c4b50958727dc7c2d179fbe104c63fad4ab75dd91649f34eca4fbb19c432337,300,6,1000,303,assigned_level_sensitivity,dynamic,periodic,0.0,False,False,,True,1.0,25.0,0.0,0.0,0.0,0,6000,0,0.0,0,0.0,59.99998588649927,0.8116884976621452,739,1497,24,4246,17237,23743,0,0.0,0,0.0,0.0,0,0.0,0.6777763256535977,0.6705184708330572,0.6884000000000013,23743,0.6740069998878762,6000,6000,0.49363729728417016,5980,0.49704286778242807,0.6351741418935127,0.36482585810648727,0.06733333333333333,0.003405570498257904,3.3446240425109863
False,24000,0,248,0,0,23752,0,0,6000,6000,0,0,0,6000,0,0.0,0.0,0.0,478471266194d94a3b137038f0ef600d53e0302e1322af8a2948fb5f8c98afdf,300,6,1000,404,assigned_level_sensitivity,dynamic,periodic,0.0,False,False,,True,1.0,25.0,0.0,0.0,0.0,0,6000,0,0.0,0,0.0,59.999993834633315,0.8118061636911569,760,1540,16,4188,17248,23752,0,0.0,0,0.0,0.0,0,0.0,0.6776092455369384,0.6706072833330566,0.6884000000000013,23752,0.6740843441073461,6000,6000,0.4909063108726177,5976,0.4944185760117323,0.6333923739138034,0.36660762608619657,0.07466666666666667,0.0035122651391145676,3.3390350341796875
False,24000,0,240,0,0,23760,0,0,6000,6000,0,0,0,6000,0,0.0,0.0,0.0,d945735a8e094ae77772f96fe90671759b77955778bc773e6c93a82f80d508ec,300,6,1000,505,assigned_level_sensitivity,dynamic,periodic,0.0,False,False,,True,1.0,25.0,0.0,0.0,0.0,0,6000,0,0.0,0,0.0,59.99998357137876,0.8122361111107919,766,1515,19,4453,17007,23760,0,0.0,0,0.0,0.0,0,0.0,0.6774816582488858,0.670706841666397,0.6884000000000013,23760,0.6741687585516852,6000,6000,0.4897284386721901,5958,0.4957673510342033,0.633611572904422,0.36638842709557795,0.07,0.006038912362013149,3.3172454833984375
False,24000,0,205,0,0,23795,0,0,6000,6000,0,0,0,6000,0,0.0,0.0,0.0,ce1e0562db8730d80a057cacabcd1a1125934972a2266603482076751c65ec7a,300,6,1000,606,assigned_level_sensitivity,dynamic,periodic,0.0,False,False,,True,1.0,25.0,0.0,0.0,0.0,0,6000,0,0.0,0,0.0,59.9999972871683,0.812326118932228,784,1595,11,4394,17011,23795,0,0.0,0,0.0,0.0,0,0.0,0.6772323597391681,0.671447666666396,0.6884000000000013,23795,0.6747926876438044,6000,6000,0.49180814948648544,5981,0.4950287819441662,0.6360071626251269,0.3639928373748731,0.0685,0.003220632457680783,3.3493993282318115
False,24000,0,254,0,0,23746,0,0,6000,6000,0,0,0,6000,0,0.0,0.0,0.0,b7ece186a8ad3e897fdf1cf08a0f3356ce15b7fd2cf41b2298c249baf7814b0a,300,6,1000,707,assigned_level_sensitivity,dynamic,periodic,0.0,False,False,,True,1.0,25.0,0.0,0.0,0.0,0,6000,0,0.0,0,0.0,59.999987041709325,0.8113930767283879,713,1480,15,4268,17270,23746,0,0.0,0,0.0,0.0,0,0.0,0.6779501600266722,0.6707751874997233,0.6884000000000013,23746,0.6742695179349676,6000,6000,0.4904986988160055,5967,0.49450744568492305,0.6334918074995454,0.36650819250045463,0.07266666666666667,0.0040087468689175565,3.3413922786712646
False,24000,0,250,0,0,23750,0,0,6000,6000,0,0,0,6000,0,0.0,0.0,0.0,4c52203c9e54a73250b1ecde019d091da96295e9840f323625e0f97196c11cbd,300,6,1000,808,assigned_level_sensitivity,dynamic,periodic,0.0,False,False,,True,1.0,25.0,0.0,0.0,0.0,0,6000,0,0.0,0,0.0,59.99999748696164,0.8121229473680981,733,1568,20,4314,17115,23750,0,0.0,0,0.0,0.0,0,0.0,0.6775609010523559,0.6705029749997272,0.6884000000000013,23750,0.6740152939551762,6000,6000,0.4914383743171833,5968,0.4958107446222377,0.6356615835195549,0.36433841648044507,0.0685,0.004372370305054385,3.3498451709747314
False,24000,0,244,0,0,23756,0,0,6000,6000,0,0,0,6000,0,0.0,0.0,0.0,5b34ac3e3c935bcde89a557e35faec54ebbaee3215e881d834aef2704505ea4f,300,6,1000,909,assigned_level_sensitivity,dynamic,periodic,0.0,False,False,,True,1.0,25.0,0.0,0.0,0.0,0,6000,0,0.0,0,0.0,59.99999871059795,0.8120963125102021,727,1561,16,4405,17047,23756,0,0.0,0,0.0,0.0,0,0.0,0.6775603931635591,0.6706718624997295,0.6884000000000013,23756,0.6744609255352166,6000,6000,0.49145858474365506,5962,0.49701122869375686,0.6362919729456022,0.36370802705439775,0.07133333333333333,0.005552643950101799,3.3550832271575928
False,24000,0,273,0,0,23727,0,0,6000,6000,0,0,0,6000,0,0.0,0.0,0.0,9f867c13fbacf3259755d814661805b3d101f0606f92961926f0aa57dd766e36,300,6,1000,1010,assigned_level_sensitivity,dynamic,periodic,0.0,False,False,,True,1.0,25.0,0.0,0.0,0.0,0,6000,0,0.0,0,0.0,59.99999039854573,0.8121768449442589,783,1497,12,4300,17135,23727,0,0.0,0,0.0,0.0,0,0.0,0.6775536435281938,0.6698464708330606,0.6884000000000013,23727,0.67364085386429,6000,6000,0.48796635780768316,5972,0.491930011113055,0.6340506715091565,0.3659493284908435,0.074,0.00396365330537185,3.3489174842834473
False,32000,0,417,0,0,31583,0,0,8000,8000,0,0,0,8000,0,0.0,0.0,0.0,aaabbf64bb5a67911422c9ac26864c12bdc3d473c4e26d09934c03c2de08e543,300,8,1000,101,assigned_level_sensitivity,dynamic,periodic,0.0,False,False,,True,1.0,25.0,0.0,0.0,0.0,0,8000,0,0.0,0,0.0,59.99991148941106,0.8054795301265436,2702,8420,152,11760,8549,31583,0,0.0,0,0.0,0.0,0,0.0,0.6544045467496115,0.6458768374997805,0.6884000000000013,31583,0.6559957284131284,8000,8000,0.49259886361028615,7944,0.49864973414902325,0.644293239247016,0.355706760752984,0.076,0.0060508705387370965,4.860383987426758
False,32000,0,391,0,0,31609,0,0,8000,8000,0,0,0,8000,0,0.0,0.0,0.0,ccc6b9249845e0c37527cd7f55700cdf777d4a27e9f20114a03ae93070dd4f09,300,8,1000,202,assigned_level_sensitivity,dynamic,periodic,0.0,False,False,,True,1.0,25.0,0.0,0.0,0.0,0,8000,0,0.0,0,0.0,59.99998600733804,0.80552184504371,2771,8338,92,11924,8484,31609,0,0.0,0,0.0,0.0,0,0.0,0.6543797399472627,0.6463840374997821,0.6884000000000013,31609,0.6565133874558684,8000,8000,0.49282018859666304,7960,0.4981731476483357,0.6438287619298666,0.3561712380701334,0.070875,0.005352959051672657,4.7590837478637695
False,32000,0,536,0,0,31464,0,0,8000,8000,0,0,0,8000,0,0.0,0.0,0.0,fa9104ce37d0bed494e8e68c544517eb6804845b3942c9a76815008d2e839fbe,300,8,1000,303,assigned_level_sensitivity,dynamic,periodic,0.0,False,False,,True,1.0,25.0,0.0,0.0,0.0,0,8000,0,0.0,0,0.0,59.999974212977506,0.8055736714971631,2596,8445,144,11558,8721,31464,0,0.0,0,0.0,0.0,0,0.0,0.6546989670732571,0.6437327593747801,0.6884000000000013,31464,0.6545819462710604,8000,8000,0.492711926412443,7944,0.4988161894472601,0.6403003395716025,0.3596996604283975,0.073125,0.006104263034817092,4.844712257385254
False,32000,0,506,0,0,31494,0,0,8000,8000,0,0,0,8000,0,0.0,0.0,0.0,99d5e8e815bdb3fbf83d5c6c396113c800c58dd835f25789869ab526d6252de9,300,8,1000,404,assigned_level_sensitivity,dynamic,periodic,0.0,False,False,,True,1.0,25.0,0.0,0.0,0.0,0,8000,0,0.0,0,0.0,59.999984365048974,0.8056766368192898,2639,8590,88,11387,8790,31494,0,0.0,0,0.0,0.0,0,0.0,0.6544213437477884,0.6440733062497764,0.6884000000000013,31494,0.654541572978329,8000,8000,0.4960576964649192,7944,0.5024647913014006,0.6460943516475491,0.35390564835245086,0.070625,0.006407094836481442,4.9235405921936035
False,32000,0,515,0,0,31485,0,0,8000,8000,0,0,0,8000,0,0.0,0.0,0.0,4588989295f413c400eb038088125b0d970565a49c44e328a746779cb3728b26,300,8,1000,505,assigned_level_sensitivity,dynamic,periodic,0.0,False,False,,True,1.0,25.0,0.0,0.0,0.0,0,8000,0,0.0,0,0.0,59.999998375936784,0.8056430046049454,2664,8540,125,11340,8816,31485,0,0.0,0,0.0,0.0,0,0.0,0.6544070160391577,0.6438751531247775,0.6884000000000013,31485,0.6547643734046031,8000,8000,0.49125075376135696,7952,0.4990535978582288,0.6382410061991991,0.3617589938008009,0.0715,0.007802844096871819,4.865694046020508
False,32000,0,688,0,0,31312,0,0,8000,8000,0,0,0,8000,0,0.0,0.0,0.0,7e1e83024ea6707492cc0cad7118863b8719120b04048e0fd2fb6fee034b85d1,300,8,1000,606,assigned_level_sensitivity,dynamic,periodic,0.0,False,False,,True,1.0,25.0,0.0,0.0,0.0,0,8000,0,0.0,0,0.0,59.99986659570727,0.8056946218697899,2552,8384,120,11296,8960,31312,0,0.0,0,0.0,0.0,0,0.0,0.6549884772608899,0.6409062249997808,0.6884000000000013,31312,0.6530330188230347,8000,8000,0.4864174077316106,7888,0.49591648597094407,0.6367191489303828,0.36328085106961716,0.081125,0.009499078239333492,5.001950025558472
False,32000,0,559,0,0,31441,0,0,8000,8000,0,0,0,8000,0,0.0,0.0,0.0,e76c763ac54dbd90337334399c4cb6ce71151db8139bf84da5628482de3caef7,300,8,1000,707,assigned_level_sensitivity,dynamic,periodic,0.0,False,False,,True,1.0,25.0,0.0,0.0,0.0,0,8000,0,0.0,0,0.0,59.99999352457846,0.8056709392190686,2600,8533,95,11381,8832,31441,0,0.0,0,0.0,0.0,0,0.0,0.6546199293913327,0.6431845374997779,0.6884000000000013,31441,0.6542501625125752,8000,8000,0.48790216623372407,7909,0.49852800351604154,0.6283906313532642,0.37160936864673577,0.077375,0.010625837282317474,4.889016628265381
False,32000,0,482,0,0,31518,0,0,8000,8000,0,0,0,8000,0,0.0,0.0,0.0,0772d1f8fc9f966e4e94191b3aa8b928ad6bfc7e1801f816c71cb45d696c0cd2,300,8,1000,808,assigned_level_sensitivity,dynamic,periodic,0.0,False,False,,True,1.0,25.0,0.0,0.0,0.0,0,8000,0,0.0,0,0.0,59.99994730267663,0.8058741036863627,2647,8648,152,11333,8738,31518,0,0.0,0,0.0,0.0,0,0.0,0.6542268798779378,0.6443725874997764,0.6884000000000013,31518,0.6550102875333471,8000,8000,0.49244683832065,7933,0.49929692845580204,0.6407436384828913,0.3592563615171087,0.0755,0.006850090135152032,4.8446314334869385
False,32000,0,575,0,0,31425,0,0,8000,8000,0,0,0,8000,0,0.0,0.0,0.0,983b9f3b193194087d652a9c34e48e04b604e5fa861df79d152f1f088392db9e,300,8,1000,909,assigned_level_sensitivity,dynamic,periodic,0.0,False,False,,True,1.0,25.0,0.0,0.0,0.0,0,8000,0,0.0,0,0.0,59.99999313504794,0.8055143993631423,2569,8469,104,11504,8779,31425,0,0.0,0,0.0,0.0,0,0.0,0.6547804518693049,0.6430148656247783,0.6884000000000013,31425,0.6540472627519278,8000,8000,0.4887044437025049,7944,0.49570208374960867,0.6357128217644321,0.3642871782355679,0.07825,0.0069976400471037925,4.924791097640991
False,32000,0,519,0,0,31481,0,0,8000,8000,0,0,0,8000,0,0.0,0.0,0.0,4353217b20bf1fb3c1b81e0687963bca5950f5073a6b2b8cfed0dc39870a197c,300,8,1000,1010,assigned_level_sensitivity,dynamic,periodic,0.0,False,False,,True,1.0,25.0,0.0,0.0,0.0,0,8000,0,0.0,0,0.0,59.999955826935796,0.8056745338453896,2578,8449,121,11718,8615,31481,0,0.0,0,0.0,0.0,0,0.0,0.6547249070865931,0.6441060874997825,0.6884000000000013,31481,0.6543514300067533,8000,8000,0.49407201864725175,7930,0.5018938336052063,0.6435920954338223,0.35640790456617766,0.074625,0.007821814957954587,4.790576219558716
False,40000,0,720,0,0,39280,0,0,10000,10000,0,0,0,10000,0,0.0,0.0,0.0,d5a0dcae89a5420d8212068bb711476587f7ed86ab0bfdbc6177a484d0e8c06b,300,10,1000,101,assigned_level_sensitivity,dynamic,periodic,0.0,False,False,,True,1.0,25.0,0.0,0.0,0.0,0,10000,0,0.0,0,0.0,59.999972744938376,0.8025341140524586,10674,16926,60,1620,10000,39280,0,0.0,0,0.0,0.0,0,0.0,0.6277621639508384,0.6164624449997232,0.6884000000000013,39280,0.62820580038411,10000,10000,0.4678030401467379,9940,0.4731939421678813,0.6413838599920162,0.3586161400079838,0.059,0.0053909020211433956,6.665777683258057
False,40000,0,550,0,0,39450,0,0,10000,10000,0,0,0,10000,0,0.0,0.0,0.0,d420eab19fa032fa6554e958731a9cfe2ccaff0d3c8b7ccf0c1954812b70e159,300,10,1000,202,assigned_level_sensitivity,dynamic,periodic,0.0,False,False,,True,1.0,25.0,0.0,0.0,0.0,0,10000,0,0.0,0,0.0,59.999963609792246,0.8024430925216818,10675,17328,20,1427,10000,39450,0,0.0,0,0.0,0.0,0,0.0,0.6274266261087122,0.6187995099997174,0.6884000000000013,39450,0.6298214529151518,10000,10000,0.46854187779654666,9960,0.47269432187414145,0.6450931091535965,0.3549068908464035,0.0628,0.004152444077594797,6.468935966491699
False,40000,0,828,0,0,39172,0,0,10000,10000,0,0,0,10000,0,0.0,0.0,0.0,4fa73f83efb0b30e441d2058e80879f5ae8046cd50657c2997f903af7d406502,300,10,1000,303,assigned_level_sensitivity,dynamic,periodic,0.0,False,False,,True,1.0,25.0,0.0,0.0,0.0,0,10000,0,0.0,0,0.0,59.99966498576778,0.8026827836204624,10302,17227,60,1583,10000,39172,0,0.0,0,0.0,0.0,0,0.0,0.6281098003673198,0.6151079274997162,0.6884000000000013,39172,0.6275029380465731,10000,10000,0.4660778889707166,9900,0.4746982357065728,0.6389500464513379,0.3610499535486621,0.0698,0.00862034673585621,6.698876142501831
False,40000,0,628,0,0,39372,0,0,10000,10000,0,0,0,10000,0,0.0,0.0,0.0,acf8d3c54ffc0201e365efa1dab85427555f694c26f75454f107aa91ba8e2bda,300,10,1000,404,assigned_level_sensitivity,dynamic,periodic,0.0,False,False,,True,1.0,25.0,0.0,0.0,0.0,0,10000,0,0.0,0,0.0,59.9999388054493,0.802569084628174,10696,17115,20,1541,10000,39372,0,0.0,0,0.0,0.0,0,0.0,0.6275821268919245,0.6177290874997213,0.6884000000000013,39372,0.6295439294010736,10000,10000,0.4639775751878833,9900,0.4717141797699217,0.6380730348067281,0.36192696519327194,0.074,0.007736604582038398,6.47187876701355
False,40000,0,700,0,0,39300,0,0,10000,10000,0,0,0,10000,0,0.0,0.0,0.0,a6977f57b44dcaf129dc8cb8da2775f7fb8a45cce309a8a15334e0d8cab9bcad,300,10,1000,505,assigned_level_sensitivity,dynamic,periodic,0.0,False,False,,True,1.0,25.0,0.0,0.0,0.0,0,10000,0,0.0,0,0.0,59.999809135134136,0.802892111958798,10536,17224,40,1500,10000,39300,0,0.0,0,0.0,0.0,0,0.0,0.6277151959284664,0.6167301799997181,0.6884000000000013,39300,0.6281687811084721,10000,10000,0.46480078001771846,9940,0.4695055557121263,0.6395525084752776,0.36044749152472244,0.064,0.004704775694407859,6.552030801773071
False,40000,0,727,0,0,39273,0,0,10000,10000,0,0,0,10000,0,0.0,0.0,0.0,85a33772ee292f10e8aef7fd5cee174f3e1376deb8ac3fb9b6760f9848146b7c,300,10,1000,606,assigned_level_sensitivity,dynamic,periodic,0.0,False,False,,True,1.0,25.0,0.0,0.0,0.0,0,10000,0,0.0,0,0.0,59.99999967812184,0.802442135818003,10340,17388,20,1525,10000,39273,0,0.0,0,0.0,0.0,0,0.0,0.6279394851421731,0.6165266849997142,0.6884000000000013,39273,0.6282817920714382,10000,10000,0.4686470898831589,9920,0.4761215750353393,0.6447975449493247,0.35520245505067527,0.06,0.00747448515218041,6.918444871902466
False,40000,0,400,0,0,39600,0,0,10000,10000,0,0,0,10000,0,0.0,0.0,0.0,7c1a19d9a1c3467d0687905c7ed2c445885dc020c9623304e3f2d9778bdd4a83,300,10,1000,707,assigned_level_sensitivity,dynamic,periodic,0.0,False,False,,True,1.0,25.0,0.0,0.0,0.0,0,10000,0,0.0,0,0.0,59.99987752474531,0.8024224747469769,10779,17580,0,1241,10000,39600,0,0.0,0,0.0,0.0,0,0.0,0.6270188888886012,0.6207486999997153,0.6884000000000013,39600,0.6314893061304009,10000,10000,0.46945946965685,9960,0.47334213858045465,0.6495777795526907,0.3504222204473093,0.056,0.0038826689236046708,8.392162084579468
False,40000,0,660,0,0,39340,0,0,10000,10000,0,0,0,10000,0,0.0,0.0,0.0,7c63d45d9ec5aab26bcbcab1b90489c75c8801d40cc0618700b789908e2cf09f,300,10,1000,808,assigned_level_sensitivity,dynamic,periodic,0.0,False,False,,True,1.0,25.0,0.0,0.0,0.0,0,10000,0,0.0,0,0.0,59.99983324157211,0.8028922216568515,10453,17599,20,1268,10000,39340,0,0.0,0,0.0,0.0,0,0.0,0.6274528393489708,0.6170998674997128,0.6884000000000013,39340,0.6280472699506862,10000,10000,0.4691205412830349,9980,0.4731509919600939,0.6396826348652837,0.36031736513471635,0.062,0.004030450677059039,7.064813852310181
False,40000,0,839,0,0,39161,0,0,10000,10000,0,0,0,10000,0,0.0,0.0,0.0,eef449dd20942c378220d3adc9ae3b30fc789520b6b67ed578877c5612b469b0,300,10,1000,909,assigned_level_sensitivity,dynamic,periodic,0.0,False,False,,True,1.0,25.0,0.0,0.0,0.0,0,10000,0,0.0,0,0.0,59.99999131372064,0.8031207068251779,10437,17146,40,1538,10000,39161,0,0.0,0,0.0,0.0,0,0.0,0.6279010444061373,0.6147308199997186,0.6884000000000013,39161,0.6267853620583187,10000,10000,0.46336915979839294,9920,0.4707930610587801,0.6335394773727872,0.36646052262721285,0.064,0.007423901260387167,7.284993648529053
False,40000,0,680,0,0,39320,0,0,10000,10000,0,0,0,10000,0,0.0,0.0,0.0,04934f877793a2796930a2bda98f59e881d2801d5332d809293e526026756d4f,300,10,1000,1010,assigned_level_sensitivity,dynamic,periodic,0.0,False,False,,True,1.0,25.0,0.0,0.0,0.0,0,10000,0,0.0,0,0.0,59.9999820563825,0.8026635300096788,10439,17401,33,1447,10000,39320,0,0.0,0,0.0,0.0,0,0.0,0.6277290335704123,0.6170576399997153,0.6884000000000013,39320,0.6296190253556363,10000,10000,0.46551910045910055,9880,0.47349489047007626,0.641265442257043,0.35873455774295704,0.0701,0.007975790010975703,8.18444013595581
False,16000,0,0,0,0,16000,0,0,4000,4000,0,0,0,4000,0,0.0,0.0,0.0,5f94118a7d3e90192598c144eb4882652a3061a1912ed5a940883915afa1a0af,500,4,1000,101,assigned_level_sensitivity,dynamic,periodic,0.0,False,False,,True,1.0,25.0,0.0,0.0,0.0,0,4000,0,0.0,0,0.0,52.87187604133897,0.8799999999997206,0,0,0,0,16000,16000,0,0.0,0,0.0,0.0,0,0.0,0.6883999999997684,0.6883999999997684,0.6884000000000013,16000,0.6884000000000002,4000,4000,0.49488550059855724,4000,0.49488550059855724,0.6317481685495717,0.3682518314504283,0.066,0.0,2.234527349472046
False,16000,0,0,0,0,16000,0,0,4000,4000,0,0,0,4000,0,0.0,0.0,0.0,5f60743f4251cc1f57f4eed09143bff61175f797b109b1f7a6707e9bdbab9e8c,500,4,1000,202,assigned_level_sensitivity,dynamic,periodic,0.0,False,False,,True,1.0,25.0,0.0,0.0,0.0,0,4000,0,0.0,0,0.0,52.92231054736453,0.8799999999997206,0,0,0,0,16000,16000,0,0.0,0,0.0,0.0,0,0.0,0.6883999999997684,0.6883999999997684,0.6884000000000013,16000,0.6883999999999993,4000,4000,0.494885500598558,4000,0.494885500598558,0.6317481685495717,0.3682518314504283,0.066,0.0,2.0501303672790527
False,16000,0,0,0,0,16000,0,0,4000,4000,0,0,0,4000,0,0.0,0.0,0.0,93d78bf2192fb5f1a1477dec0382df9346d3e26750a92867a9a5c128cded5745,500,4,1000,303,assigned_level_sensitivity,dynamic,periodic,0.0,False,False,,True,1.0,25.0,0.0,0.0,0.0,0,4000,0,0.0,0,0.0,53.18752149176456,0.8799999999997206,0,0,0,0,16000,16000,0,0.0,0,0.0,0.0,0,0.0,0.6883999999997684,0.6883999999997684,0.6884000000000013,16000,0.6884000000000003,4000,4000,0.4948855005985574,4000,0.4948855005985574,0.6317481685495717,0.3682518314504283,0.066,0.0,1.9092113971710205
False,16000,0,0,0,0,16000,0,0,4000,4000,0,0,0,4000,0,0.0,0.0,0.0,1e22bb3d1f755a25ecb70d0ab714e74d2154df0e7ff1438885da29f1f2f52a47,500,4,1000,404,assigned_level_sensitivity,dynamic,periodic,0.0,False,False,,True,1.0,25.0,0.0,0.0,0.0,0,4000,0,0.0,0,0.0,53.90927835496239,0.8799999999997206,0,0,0,0,16000,16000,0,0.0,0,0.0,0.0,0,0.0,0.6883999999997684,0.6883999999997684,0.6884000000000013,16000,0.6884000000000007,4000,4000,0.49488550059855746,4000,0.49488550059855746,0.6317481685495717,0.3682518314504283,0.066,0.0,1.9310379028320312
False,16000,0,0,0,0,16000,0,0,4000,4000,0,0,0,4000,0,0.0,0.0,0.0,2850d7cfa9dd669a11d9a18ab095b1b73306276dffe22806240405b6a99f1dbc,500,4,1000,505,assigned_level_sensitivity,dynamic,periodic,0.0,False,False,,True,1.0,25.0,0.0,0.0,0.0,0,4000,0,0.0,0,0.0,52.999334630425366,0.8799999999997206,0,0,0,0,16000,16000,0,0.0,0,0.0,0.0,0,0.0,0.6883999999997684,0.6883999999997684,0.6884000000000013,16000,0.6884000000000001,4000,4000,0.4948855005985575,4000,0.4948855005985575,0.6317481685495717,0.3682518314504283,0.066,0.0,1.988828420639038
False,16000,0,0,0,0,16000,0,0,4000,4000,0,0,0,4000,0,0.0,0.0,0.0,821818fc4a76ed845c5d6e95d143beec70dbb2f046705cf5fe53fa808c30e1e5,500,4,1000,606,assigned_level_sensitivity,dynamic,periodic,0.0,False,False,,True,1.0,25.0,0.0,0.0,0.0,0,4000,0,0.0,0,0.0,53.80728324219657,0.8799999999997206,0,0,0,0,16000,16000,0,0.0,0,0.0,0.0,0,0.0,0.6883999999997684,0.6883999999997684,0.6884000000000013,16000,0.6884000000000003,4000,4000,0.494885500598558,4000,0.494885500598558,0.6317481685495717,0.3682518314504283,0.066,0.0,2.074474811553955
False,16000,0,0,0,0,16000,0,0,4000,4000,0,0,0,4000,0,0.0,0.0,0.0,f6928467f99c60a3dffbcf03d262bf5e3188089123a36f34b70efbac5c05e1bf,500,4,1000,707,assigned_level_sensitivity,dynamic,periodic,0.0,False,False,,True,1.0,25.0,0.0,0.0,0.0,0,4000,0,0.0,0,0.0,52.63961089990289,0.8799999999997206,0,0,0,0,16000,16000,0,0.0,0,0.0,0.0,0,0.0,0.6883999999997684,0.6883999999997684,0.6884000000000013,16000,0.6884000000000005,4000,4000,0.49488550059855785,4000,0.49488550059855785,0.6317481685495717,0.3682518314504283,0.066,0.0,2.291241407394409
False,16000,0,0,0,0,16000,0,0,4000,4000,0,0,0,4000,0,0.0,0.0,0.0,1a5164a8f978961edaf3c5d9607966de96fd9134937605fcbe2119e01174bc65,500,4,1000,808,assigned_level_sensitivity,dynamic,periodic,0.0,False,False,,True,1.0,25.0,0.0,0.0,0.0,0,4000,0,0.0,0,0.0,52.73452327449375,0.8799999999997206,0,0,0,0,16000,16000,0,0.0,0,0.0,0.0,0,0.0,0.6883999999997684,0.6883999999997684,0.6884000000000013,16000,0.6884000000000009,4000,4000,0.4948855005985572,4000,0.4948855005985572,0.6317481685495717,0.3682518314504283,0.066,0.0,2.5089144706726074
False,16000,0,0,0,0,16000,0,0,4000,4000,0,0,0,4000,0,0.0,0.0,0.0,2590073cdb4ae245d599e4559899ca065f4b0c004255bf6487c5839fc39ff574,500,4,1000,909,assigned_level_sensitivity,dynamic,periodic,0.0,False,False,,True,1.0,25.0,0.0,0.0,0.0,0,4000,0,0.0,0,0.0,54.01135039016654,0.8799999999997206,0,0,0,0,16000,16000,0,0.0,0,0.0,0.0,0,0.0,0.6883999999997684,0.6883999999997684,0.6884000000000013,16000,0.6884000000000003,4000,4000,0.49488550059855696,4000,0.49488550059855696,0.6317481685495717,0.3682518314504283,0.066,0.0,2.3774044513702393
False,16000,0,0,0,0,16000,0,0,4000,4000,0,0,0,4000,0,0.0,0.0,0.0,e35a562238ec3870a9a013c614963bf8ca648d69a0c80181e91b018cfc024ad7,500,4,1000,1010,assigned_level_sensitivity,dynamic,periodic,0.0,False,False,,True,1.0,25.0,0.0,0.0,0.0,0,4000,0,0.0,0,0.0,53.51471482745843,0.8799999999997206,0,0,0,0,16000,16000,0,0.0,0,0.0,0.0,0,0.0,0.6883999999997684,0.6883999999997684,0.6884000000000013,16000,0.6884000000000011,4000,4000,0.49488550059855746,4000,0.49488550059855746,0.6317481685495717,0.3682518314504283,0.066,0.0,2.1041274070739746
False,24000,0,0,0,0,24000,0,0,6000,6000,0,0,0,6000,0,0.0,0.0,0.0,df7bc9e9dfff60af02e6943e923e62f0f9bf8709cc064f383faeee134513c470,500,6,1000,101,assigned_level_sensitivity,dynamic,periodic,0.0,False,False,,True,1.0,25.0,0.0,0.0,0.0,0,6000,0,0.0,0,0.0,59.99999233106069,0.8689341666665606,178,211,106,184,23321,24000,0,0.0,0,0.0,0.0,0,0.0,0.686658595832891,0.686658595832891,0.6884000000000013,24000,0.6869225213063284,6000,6000,0.4958485516592446,6000,0.4958485516592446,0.632878391021161,0.36712160897883905,0.065,0.0,3.408719778060913
False,24000,0,0,0,0,24000,0,0,6000,6000,0,0,0,6000,0,0.0,0.0,0.0,3736254c386243245c7ea836644f1946e24824c7abc86c8860c1c363672a151c,500,6,1000,202,assigned_level_sensitivity,dynamic,periodic,0.0,False,False,,True,1.0,25.0,0.0,0.0,0.0,0,6000,0,0.0,0,0.0,59.999520755642486,0.8693995833332293,239,204,70,228,23259,24000,0,0.0,0,0.0,0.0,0,0.0,0.6864391999995592,0.6864391999995592,0.6884000000000013,24000,0.6867218895068335,6000,6000,0.4940911545087034,6000,0.4940911545087034,0.6320494091779425,0.3679505908220575,0.066,0.0,3.2502894401550293
False,24000,0,0,0,0,24000,0,0,6000,6000,0,0,0,6000,0,0.0,0.0,0.0,9c4b50958727dc7c2d179fbe104c63fad4ab75dd91649f34eca4fbb19c432337,500,6,1000,303,assigned_level_sensitivity,dynamic,periodic,0.0,False,False,,True,1.0,25.0,0.0,0.0,0.0,0,6000,0,0.0,0,0.0,59.99991124006543,0.8697029166665646,250,173,89,256,23232,24000,0,0.0,0,0.0,0.0,0,0.0,0.6864265666662266,0.6864265666662266,0.6884000000000013,24000,0.6866503632088754,6000,6000,0.49495303242783123,6000,0.49495303242783123,0.6334223496093118,0.36657765039068824,0.06466666666666666,0.0,3.1367275714874268
False,24000,0,0,0,0,24000,0,0,6000,6000,0,0,0,6000,0,0.0,0.0,0.0,478471266194d94a3b137038f0ef600d53e0302e1322af8a2948fb5f8c98afdf,500,6,1000,404,assigned_level_sensitivity,dynamic,periodic,0.0,False,False,,True,1.0,25.0,0.0,0.0,0.0,0,6000,0,0.0,0,0.0,59.999824701981524,0.8687866666665646,239,196,124,217,23224,24000,0,0.0,0,0.0,0.0,0,0.0,0.6863699499995592,0.6863699499995592,0.6884000000000013,24000,0.686685778198984,6000,6000,0.4942769876456579,6000,0.4942769876456579,0.6329967963921901,0.3670032036078099,0.0665,0.0,3.054917335510254
False,24000,0,0,0,0,24000,0,0,6000,6000,0,0,0,6000,0,0.0,0.0,0.0,d945735a8e094ae77772f96fe90671759b77955778bc773e6c93a82f80d508ec,500,6,1000,505,assigned_level_sensitivity,dynamic,periodic,0.0,False,False,,True,1.0,25.0,0.0,0.0,0.0,0,6000,0,0.0,0,0.0,59.999999476998205,0.8690174999998965,209,176,104,289,23222,24000,0,0.0,0,0.0,0.0,0,0.0,0.686555833332894,0.686555833332894,0.6884000000000013,24000,0.6868194302509263,6000,6000,0.4951825101640595,6000,0.4951825101640595,0.6336036805867917,0.36639631941320827,0.06533333333333333,0.0,3.249445915222168
False,24000,0,0,0,0,24000,0,0,6000,6000,0,0,0,6000,0,0.0,0.0,0.0,ce1e0562db8730d80a057cacabcd1a1125934972a2266603482076751c65ec7a,500,6,1000,606,assigned_level_sensitivity,dynamic,periodic,0.0,False,False,,True,1.0,25.0,0.0,0.0,0.0,0,6000,0,0.0,0,0.0,59.99998054399521,0.8676245833332208,239,212,125,207,23217,24000,0,0.0,0,0.0,0.0,0,0.0,0.6863277874995596,0.6863277874995596,0.6884000000000013,24000,0.6865880220564465,6000,6000,0.49508072818853005,6000,0.49508072818853005,0.633148144805304,0.366851855194696,0.06533333333333333,0.0,3.374774932861328
False,24000,0,0,0,0,24000,0,0,6000,6000,0,0,0,6000,0,0.0,0.0,0.0,b7ece186a8ad3e897fdf1cf08a0f3356ce15b7fd2cf41b2298c249baf7814b0a,500,6,1000,707,assigned_level_sensitivity,dynamic,periodic,0.0,False,False,,True,1.0,25.0,0.0,0.0,0.0,0,6000,0,0.0,0,0.0,59.999968093720085,0.8684220833332259,227,223,82,239,23229,24000,0,0.0,0,0.0,0.0,0,0.0,0.6864091958328933,0.6864091958328933,0.6884000000000013,24000,0.6866552510656436,6000,6000,0.49503639247731174,6000,0.49503639247731174,0.6324936594260387,0.36750634057396125,0.06483333333333334,0.0,3.4405550956726074
False,24000,0,0,0,0,24000,0,0,6000,6000,0,0,0,6000,0,0.0,0.0,0.0,4c52203c9e54a73250b1ecde019d091da96295e9840f323625e0f97196c11cbd,500,6,1000,808,assigned_level_sensitivity,dynamic,periodic,0.0,False,False,,True,1.0,25.0,0.0,0.0,0.0,0,6000,0,0.0,0,0.0,59.99998008064448,0.8670787499998857,222,194,64,256,23264,24000,0,0.0,0,0.0,0.0,0,0.0,0.6865390083328925,0.6865390083328925,0.6884000000000013,24000,0.6868140320755937,6000,6000,0.49530234219408165,6000,0.49530234219408165,0.6332390472696386,0.36676095273036136,0.06533333333333333,0.0,3.2747204303741455
False,24000,0,0,0,0,24000,0,0,6000,6000,0,0,0,6000,0,0.0,0.0,0.0,5b34ac3e3c935bcde89a557e35faec54ebbaee3215e881d834aef2704505ea4f,500,6,1000,909,assigned_level_sensitivity,dynamic,periodic,0.0,False,False,,True,1.0,25.0,0.0,0.0,0.0,0,6000,0,0.0,0,0.0,59.99983832284157,0.8678149999998875,219,188,89,251,23253,24000,0,0.0,0,0.0,0.0,0,0.0,0.6865272708328927,0.6865272708328927,0.6884000000000013,24000,0.6867624846611117,6000,6000,0.4938584390438104,6000,0.4938584390438104,0.6329272972888096,0.3670727027111904,0.066,0.0,3.798553705215454
False,24000,0,0,0,0,24000,0,0,6000,6000,0,0,0,6000,0,0.0,0.0,0.0,9f867c13fbacf3259755d814661805b3d101f0606f92961926f0aa57dd766e36,500,6,1000,1010,assigned_level_sensitivity,dynamic,periodic,0.0,False,False,,True,1.0,25.0,0.0,0.0,0.0,0,6000,0,0.0,0,0.0,59.999940588696994,0.8691324999998953,225,211,131,220,23213,24000,0,0.0,0,0.0,0.0,0,0.0,0.6863751083328932,0.6863751083328932,0.6884000000000013,24000,0.6865998010972395,6000,6000,0.4944862783155652,6000,0.4944862783155652,0.6325351541961042,0.3674648458038958,0.066,0.0,3.4531331062316895
False,32000,0,0,0,0,32000,0,0,8000,8000,0,0,0,8000,0,0.0,0.0,0.0,aaabbf64bb5a67911422c9ac26864c12bdc3d473c4e26d09934c03c2de08e543,500,8,1000,101,assigned_level_sensitivity,dynamic,periodic,0.0,False,False,,True,1.0,25.0,0.0,0.0,0.0,0,8000,0,0.0,0,0.0,59.99971229556243,0.8373281249998279,761,1186,86,379,29588,32000,0,0.0,0,0.0,0.0,0,0.0,0.6828987999994676,0.6828987999994676,0.6884000000000013,32000,0.683277298643748,8000,8000,0.49434734950170556,8000,0.49434734950170556,0.6327180478387372,0.3672819521612628,0.066,0.0,5.159186840057373
False,32000,0,0,0,0,32000,0,0,8000,8000,0,0,0,8000,0,0.0,0.0,0.0,ccc6b9249845e0c37527cd7f55700cdf777d4a27e9f20114a03ae93070dd4f09,500,8,1000,202,assigned_level_sensitivity,dynamic,periodic,0.0,False,False,,True,1.0,25.0,0.0,0.0,0.0,0,8000,0,0.0,0,0.0,59.99999226251644,0.8368215624998243,690,1200,73,363,29674,32000,0,0.0,0,0.0,0.0,0,0.0,0.6831365593744652,0.6831365593744652,0.6884000000000013,32000,0.6833846384367269,8000,8000,0.4945139691070098,8000,0.4945139691070098,0.6332869335119017,0.3667130664880983,0.064875,0.0,4.891510963439941
False,32000,0,0,0,0,32000,0,0,8000,8000,0,0,0,8000,0,0.0,0.0,0.0,fa9104ce37d0bed494e8e68c544517eb6804845b3942c9a76815008d2e839fbe,500,8,1000,303,assigned_level_sensitivity,dynamic,periodic,0.0,False,False,,True,1.0,25.0,0.0,0.0,0.0,0,8000,0,0.0,0,0.0,59.999946752466265,0.8364103124998207,566,1253,82,253,29846,32000,0,0.0,0,0.0,0.0,0,0.0,0.6834848593744605,0.6834848593744605,0.6884000000000013,32000,0.6838457944001469,8000,8000,0.49410090133301143,8000,0.49410090133301143,0.6320357951017516,0.36796420489824844,0.064,0.0,4.822746515274048
False,32000,0,0,0,0,32000,0,0,8000,8000,0,0,0,8000,0,0.0,0.0,0.0,99d5e8e815bdb3fbf83d5c6c396113c800c58dd835f25789869ab526d6252de9,500,8,1000,404,assigned_level_sensitivity,dynamic,periodic,0.0,False,False,,True,1.0,25.0,0.0,0.0,0.0,0,8000,0,0.0,0,0.0,59.99998385866449,0.8374196874998286,823,1211,82,263,29621,32000,0,0.0,0,0.0,0.0,0,0.0,0.6826934343744675,0.6826934343744675,0.6884000000000013,32000,0.6831106968412549,8000,8000,0.49323900574282015,8000,0.49323900574282015,0.6329988845249661,0.3670011154750339,0.067125,0.0,4.619647979736328
False,32000,0,0,0,0,32000,0,0,8000,8000,0,0,0,8000,0,0.0,0.0,0.0,4588989295f413c400eb038088125b0d970565a49c44e328a746779cb3728b26,500,8,1000,505,assigned_level_sensitivity,dynamic,periodic,0.0,False,False,,True,1.0,25.0,0.0,0.0,0.0,0,8000,0,0.0,0,0.0,59.99995025739383,0.836876249999822,677,1205,79,292,29747,32000,0,0.0,0,0.0,0.0,0,0.0,0.6831959124994638,0.6831959124994638,0.6884000000000013,32000,0.6836194177066311,8000,8000,0.492750493607848,8000,0.492750493607848,0.6329905852275102,0.36700941477248983,0.067,0.0,4.754601955413818
False,32000,0,0,0,0,32000,0,0,8000,8000,0,0,0,8000,0,0.0,0.0,0.0,7e1e83024ea6707492cc0cad7118863b8719120b04048e0fd2fb6fee034b85d1,500,8,1000,606,assigned_level_sensitivity,dynamic,periodic,0.0,False,False,,True,1.0,25.0,0.0,0.0,0.0,0,8000,0,0.0,0,0.0,59.99989528353885,0.8369053124998242,686,1187,88,327,29712,32000,0,0.0,0,0.0,0.0,0,0.0,0.6831752718744647,0.6831752718744647,0.6884000000000013,32000,0.6837216517096537,8000,8000,0.49179334896262417,8000,0.49179334896262417,0.6311798444055338,0.36882015559446624,0.069,0.0,5.217206001281738
False,32000,0,0,0,0,32000,0,0,8000,8000,0,0,0,8000,0,0.0,0.0,0.0,e76c763ac54dbd90337334399c4cb6ce71151db8139bf84da5628482de3caef7,500,8,1000,707,assigned_level_sensitivity,dynamic,periodic,0.0,False,False,,True,1.0,25.0,0.0,0.0,0.0,0,8000,0,0.0,0,0.0,59.99997476800763,0.8371084374998263,716,1182,77,428,29597,32000,0,0.0,0,0.0,0.0,0,0.0,0.6830502843744665,0.6830502843744665,0.6884000000000013,32000,0.683512887475147,8000,8000,0.4942692343901856,8000,0.4942692343901856,0.6338824995460371,0.36611750045396285,0.06575,0.0,4.937132835388184
False,32000,0,0,0,0,32000,0,0,8000,8000,0,0,0,8000,0,0.0,0.0,0.0,0772d1f8fc9f966e4e94191b3aa8b928ad6bfc7e1801f816c71cb45d696c0cd2,500,8,1000,808,assigned_level_sensitivity,dynamic,periodic,0.0,False,False,,True,1.0,25.0,0.0,0.0,0.0,0,8000,0,0.0,0,0.0,59.999778610235886,0.8366540624998214,682,1094,94,322,29808,32000,0,0.0,0,0.0,0.0,0,0.0,0.683386774999464,0.683386774999464,0.6884000000000013,32000,0.6837456815005479,8000,8000,0.49280620784052087,8000,0.49280620784052087,0.6338764669716604,0.36612353302833955,0.066,0.0,5.279388904571533
False,32000,0,0,0,0,32000,0,0,8000,8000,0,0,0,8000,0,0.0,0.0,0.0,983b9f3b193194087d652a9c34e48e04b604e5fa861df79d152f1f088392db9e,500,8,1000,909,assigned_level_sensitivity,dynamic,periodic,0.0,False,False,,True,1.0,25.0,0.0,0.0,0.0,0,8000,0,0.0,0,0.0,59.999934326665915,0.837367812499827,793,1170,83,357,29597,32000,0,0.0,0,0.0,0.0,0,0.0,0.682839190624468,0.682839190624468,0.6884000000000013,32000,0.6832918196333961,8000,8000,0.4952400889745003,8000,0.4952400889745003,0.6350260561878613,0.36497394381213866,0.064,0.0,5.515027046203613
False,32000,0,0,0,0,32000,0,0,8000,8000,0,0,0,8000,0,0.0,0.0,0.0,4353217b20bf1fb3c1b81e0687963bca5950f5073a6b2b8cfed0dc39870a197c,500,8,1000,1010,assigned_level_sensitivity,dynamic,periodic,0.0,False,False,,True,1.0,25.0,0.0,0.0,0.0,0,8000,0,0.0,0,0.0,59.999982216795956,0.8368665624998242,646,1265,75,273,29741,32000,0,0.0,0,0.0,0.0,0,0.0,0.6831851374994631,0.6831851374994631,0.6884000000000013,32000,0.6836217804857504,8000,8000,0.4924289491955102,8000,0.4924289491955102,0.6338776106364867,0.36612238936351327,0.06625,0.0,5.552524089813232
False,40000,0,400,0,0,39600,0,0,10000,10000,0,0,0,10000,0,0.0,0.0,0.0,d5a0dcae89a5420d8212068bb711476587f7ed86ab0bfdbc6177a484d0e8c06b,500,10,1000,101,assigned_level_sensitivity,dynamic,periodic,0.0,False,False,,True,1.0,25.0,0.0,0.0,0.0,0,10000,0,0.0,0,0.0,59.99996958757512,0.8079303030298558,901,1315,20,8420,28944,39600,0,0.0,0,0.0,0.0,0,0.0,0.6802862398984577,0.6734833774994732,0.6884000000000013,39600,0.6776846877702948,10000,10000,0.49011708778386337,9940,0.49621394647955414,0.6302660860888237,0.36973391391117627,0.0719,0.0060968586956907656,7.266284704208374
False,40000,0,420,0,0,39580,0,0,10000,10000,0,0,0,10000,0,0.0,0.0,0.0,d420eab19fa032fa6554e958731a9cfe2ccaff0d3c8b7ccf0c1954812b70e159,500,10,1000,202,assigned_level_sensitivity,dynamic,periodic,0.0,False,False,,True,1.0,25.0,0.0,0.0,0.0,0,10000,0,0.0,0,0.0,59.999775248739866,0.8086720565938007,915,1554,40,8184,28887,39580,0,0.0,0,0.0,0.0,0,0.0,0.6798895907018424,0.672750749999473,0.6884000000000013,39580,0.6766644307911635,10000,10000,0.49203465588585593,9940,0.49628979734683437,0.6391513232181434,0.3608486767818566,0.07,0.00425514146097844,7.02726411819458
False,40000,0,400,0,0,39600,0,0,10000,10000,0,0,0,10000,0,0.0,0.0,0.0,4fa73f83efb0b30e441d2058e80879f5ae8046cd50657c2997f903af7d406502,500,10,1000,303,assigned_level_sensitivity,dynamic,periodic,0.0,False,False,,True,1.0,25.0,0.0,0.0,0.0,0,10000,0,0.0,0,0.0,59.99989934940041,0.8075749999995465,831,1376,20,8222,29151,39600,0,0.0,0,0.0,0.0,0,0.0,0.6804486414136057,0.6736441549994696,0.6884000000000013,39600,0.6777043644385334,10000,10000,0.49130619354709487,9960,0.4949315214466682,0.6332648618110821,0.3667351381889179,0.066,0.0036253278995733162,6.7759690284729
False,40000,0,420,0,0,39580,0,0,10000,10000,0,0,0,10000,0,0.0,0.0,0.0,acf8d3c54ffc0201e365efa1dab85427555f694c26f75454f107aa91ba8e2bda,500,10,1000,404,assigned_level_sensitivity,dynamic,periodic,0.0,False,False,,True,1.0,25.0,0.0,0.0,0.0,0,10000,0,0.0,0,0.0,59.99990375757171,0.8081851945422566,836,1452,0,8400,28892,39580,0,0.0,0,0.0,0.0,0,0.0,0.6802493279428713,0.6731067099994712,0.6884000000000013,39580,0.6773233630176554,10000,10000,0.4886021139734172,9940,0.4930539037308452,0.6335232352715958,0.3664767647284042,0.0759,0.004451789757427993,7.2078142166137695
False,40000,0,360,0,0,39640,0,0,10000,10000,0,0,0,10000,0,0.0,0.0,0.0,a6977f57b44dcaf129dc8cb8da2775f7fb8a45cce309a8a15334e0d8cab9bcad,500,10,1000,505,assigned_level_sensitivity,dynamic,periodic,0.0,False,False,,True,1.0,25.0,0.0,0.0,0.0,0,10000,0,0.0,0,0.0,59.99998778426156,0.8070254793133665,759,1358,1,8260,29262,39640,0,0.0,0,0.0,0.0,0,0.0,0.6806936755796832,0.674567432499466,0.6884000000000013,39640,0.6781386875739228,10000,10000,0.4952833276439702,9980,0.49794584050864343,0.6337427488559024,0.3662572511440976,0.066,0.0026625128646732277,6.936324834823608
False,40000,0,420,0,0,39580,0,0,10000,10000,0,0,0,10000,0,0.0,0.0,0.0,85a33772ee292f10e8aef7fd5cee174f3e1376deb8ac3fb9b6760f9848146b7c,500,10,1000,606,assigned_level_sensitivity,dynamic,periodic,0.0,False,False,,True,1.0,25.0,0.0,0.0,0.0,0,10000,0,0.0,0,0.0,59.999907004222514,0.8079818089939933,864,1359,41,8378,28938,39580,0,0.0,0,0.0,0.0,0,0.0,0.6802993178367587,0.6731561749994727,0.6884000000000013,39580,0.6770485279973185,10000,10000,0.4851240999759649,9960,0.4898969295559409,0.6336517296209849,0.3663482703790151,0.0717,0.00477282957997599,6.774990081787109
False,40000,0,560,0,0,39440,0,0,10000,10000,0,0,0,10000,0,0.0,0.0,0.0,7c1a19d9a1c3467d0687905c7ed2c445885dc020c9623304e3f2d9778bdd4a83,500,10,1000,707,assigned_level_sensitivity,dynamic,periodic,0.0,False,False,,True,1.0,25.0,0.0,0.0,0.0,0,10000,0,0.0,0,0.0,59.999959487606795,0.8078859026364688,903,1037,20,8399,29081,39440,0,0.0,0,0.0,0.0,0,0.0,0.6807500887418628,0.6712195874994767,0.6884000000000013,39440,0.6763305098126312,10000,10000,0.49032652443529334,9940,0.49597971722487394,0.6339352348584752,0.36606476514152475,0.066,0.005653192789580597,6.686987638473511
False,40000,0,400,0,0,39600,0,0,10000,10000,0,0,0,10000,0,0.0,0.0,0.0,7c63d45d9ec5aab26bcbcab1b90489c75c8801d40cc0618700b789908e2cf09f,500,10,1000,808,assigned_level_sensitivity,dynamic,periodic,0.0,False,False,,True,1.0,25.0,0.0,0.0,0.0,0,10000,0,0.0,0,0.0,59.99997254973317,0.8078765151510637,816,1514,20,8201,29049,39600,0,0.0,0,0.0,0.0,0,0.0,0.6802539595954231,0.6734514199994689,0.6884000000000013,39600,0.6772808998121531,10000,10000,0.4895163380749064,9980,0.49276547079409727,0.6360605473880715,0.3639394526119285,0.068,0.0032491327191908614,6.705512523651123
False,40000,0,420,0,0,39580,0,0,10000,10000,0,0,0,10000,0,0.0,0.0,0.0,eef449dd20942c378220d3adc9ae3b30fc789520b6b67ed578877c5612b469b0,500,10,1000,909,assigned_level_sensitivity,dynamic,periodic,0.0,False,False,,True,1.0,25.0,0.0,0.0,0.0,0,10000,0,0.0,0,0.0,59.99998175189573,0.8079949469424532,983,1168,20,8482,28927,39580,0,0.0,0,0.0,0.0,0,0.0,0.6802917180388849,0.6731486549994765,0.6884000000000013,39580,0.677379775674894,10000,10000,0.4907726496808847,9960,0.4968430997096959,0.6297133477266128,0.3702866522733872,0.068,0.006070450028811236,6.737689971923828
False,40000,0,500,0,0,39500,0,0,10000,10000,0,0,0,10000,0,0.0,0.0,0.0,04934f877793a2796930a2bda98f59e881d2801d5332d809293e526026756d4f,500,10,1000,1010,assigned_level_sensitivity,dynamic,periodic,0.0,False,False,,True,1.0,25.0,0.0,0.0,0.0,0,10000,0,0.0,0,0.0,59.99997366376323,0.8079283544299347,702,1434,1,8361,29002,39500,0,0.0,0,0.0,0.0,0,0.0,0.6806499772146519,0.6721418524994688,0.6884000000000013,39500,0.6770548743974482,10000,10000,0.48888560508735146,9900,0.49563533160002804,0.6328408238639947,0.36715917613600535,0.0821,0.006749726512676579,6.762634754180908
False,16000,0,0,0,0,16000,0,0,4000,4000,0,0,0,4000,0,0.0,0.0,0.0,5f94118a7d3e90192598c144eb4882652a3061a1912ed5a940883915afa1a0af,750,4,1000,101,assigned_level_sensitivity,dynamic,periodic,0.0,False,False,,True,1.0,25.0,0.0,0.0,0.0,0,4000,0,0.0,0,0.0,55.17623313978065,0.8799999999997206,0,0,0,0,16000,16000,0,0.0,0,0.0,0.0,0,0.0,0.6883999999997684,0.6883999999997684,0.6884000000000013,16000,0.6884000000000002,4000,4000,0.49488550059855724,4000,0.49488550059855724,0.6317481685495717,0.3682518314504283,0.066,0.0,1.9311861991882324
False,16000,0,0,0,0,16000,0,0,4000,4000,0,0,0,4000,0,0.0,0.0,0.0,5f60743f4251cc1f57f4eed09143bff61175f797b109b1f7a6707e9bdbab9e8c,750,4,1000,202,assigned_level_sensitivity,dynamic,periodic,0.0,False,False,,True,1.0,25.0,0.0,0.0,0.0,0,4000,0,0.0,0,0.0,51.932108263002306,0.8799999999997206,0,0,0,0,16000,16000,0,0.0,0,0.0,0.0,0,0.0,0.6883999999997684,0.6883999999997684,0.6884000000000013,16000,0.6883999999999995,4000,4000,0.494885500598558,4000,0.494885500598558,0.6317481685495717,0.3682518314504283,0.066,0.0,1.8728783130645752
False,16000,0,0,0,0,16000,0,0,4000,4000,0,0,0,4000,0,0.0,0.0,0.0,93d78bf2192fb5f1a1477dec0382df9346d3e26750a92867a9a5c128cded5745,750,4,1000,303,assigned_level_sensitivity,dynamic,periodic,0.0,False,False,,True,1.0,25.0,0.0,0.0,0.0,0,4000,0,0.0,0,0.0,52.761396402848604,0.8799999999997206,0,0,0,0,16000,16000,0,0.0,0,0.0,0.0,0,0.0,0.6883999999997684,0.6883999999997684,0.6884000000000013,16000,0.6884000000000005,4000,4000,0.4948855005985574,4000,0.4948855005985574,0.6317481685495717,0.3682518314504283,0.066,0.0,1.8564136028289795
False,16000,0,0,0,0,16000,0,0,4000,4000,0,0,0,4000,0,0.0,0.0,0.0,1e22bb3d1f755a25ecb70d0ab714e74d2154df0e7ff1438885da29f1f2f52a47,750,4,1000,404,assigned_level_sensitivity,dynamic,periodic,0.0,False,False,,True,1.0,25.0,0.0,0.0,0.0,0,4000,0,0.0,0,0.0,51.73614172719115,0.8799999999997206,0,0,0,0,16000,16000,0,0.0,0,0.0,0.0,0,0.0,0.6883999999997684,0.6883999999997684,0.6884000000000013,16000,0.6884000000000008,4000,4000,0.49488550059855746,4000,0.49488550059855746,0.6317481685495717,0.3682518314504283,0.066,0.0,1.9718749523162842
False,16000,0,0,0,0,16000,0,0,4000,4000,0,0,0,4000,0,0.0,0.0,0.0,2850d7cfa9dd669a11d9a18ab095b1b73306276dffe22806240405b6a99f1dbc,750,4,1000,505,assigned_level_sensitivity,dynamic,periodic,0.0,False,False,,True,1.0,25.0,0.0,0.0,0.0,0,4000,0,0.0,0,0.0,51.60832552702669,0.8799999999997206,0,0,0,0,16000,16000,0,0.0,0,0.0,0.0,0,0.0,0.6883999999997684,0.6883999999997684,0.6884000000000013,16000,0.6884000000000001,4000,4000,0.4948855005985575,4000,0.4948855005985575,0.6317481685495717,0.3682518314504283,0.066,0.0,1.8081636428833008
False,16000,0,0,0,0,16000,0,0,4000,4000,0,0,0,4000,0,0.0,0.0,0.0,821818fc4a76ed845c5d6e95d143beec70dbb2f046705cf5fe53fa808c30e1e5,750,4,1000,606,assigned_level_sensitivity,dynamic,periodic,0.0,False,False,,True,1.0,25.0,0.0,0.0,0.0,0,4000,0,0.0,0,0.0,52.22724674133783,0.8799999999997206,0,0,0,0,16000,16000,0,0.0,0,0.0,0.0,0,0.0,0.6883999999997684,0.6883999999997684,0.6884000000000013,16000,0.6884000000000002,4000,4000,0.494885500598558,4000,0.494885500598558,0.6317481685495717,0.3682518314504283,0.066,0.0,1.8200287818908691
False,16000,0,0,0,0,16000,0,0,4000,4000,0,0,0,4000,0,0.0,0.0,0.0,f6928467f99c60a3dffbcf03d262bf5e3188089123a36f34b70efbac5c05e1bf,750,4,1000,707,assigned_level_sensitivity,dynamic,periodic,0.0,False,False,,True,1.0,25.0,0.0,0.0,0.0,0,4000,0,0.0,0,0.0,51.683813746685125,0.8799999999997206,0,0,0,0,16000,16000,0,0.0,0,0.0,0.0,0,0.0,0.6883999999997684,0.6883999999997684,0.6884000000000013,16000,0.6884000000000005,4000,4000,0.49488550059855785,4000,0.49488550059855785,0.6317481685495717,0.3682518314504283,0.066,0.0,1.9720125198364258
False,16000,0,0,0,0,16000,0,0,4000,4000,0,0,0,4000,0,0.0,0.0,0.0,1a5164a8f978961edaf3c5d9607966de96fd9134937605fcbe2119e01174bc65,750,4,1000,808,assigned_level_sensitivity,dynamic,periodic,0.0,False,False,,True,1.0,25.0,0.0,0.0,0.0,0,4000,0,0.0,0,0.0,52.972740343502394,0.8799999999997206,0,0,0,0,16000,16000,0,0.0,0,0.0,0.0,0,0.0,0.6883999999997684,0.6883999999997684,0.6884000000000013,16000,0.6884000000000011,4000,4000,0.4948855005985572,4000,0.4948855005985572,0.6317481685495717,0.3682518314504283,0.066,0.0,1.8787953853607178
False,16000,0,0,0,0,16000,0,0,4000,4000,0,0,0,4000,0,0.0,0.0,0.0,2590073cdb4ae245d599e4559899ca065f4b0c004255bf6487c5839fc39ff574,750,4,1000,909,assigned_level_sensitivity,dynamic,periodic,0.0,False,False,,True,1.0,25.0,0.0,0.0,0.0,0,4000,0,0.0,0,0.0,52.43532657493367,0.8799999999997206,0,0,0,0,16000,16000,0,0.0,0,0.0,0.0,0,0.0,0.6883999999997684,0.6883999999997684,0.6884000000000013,16000,0.6884000000000003,4000,4000,0.49488550059855696,4000,0.49488550059855696,0.6317481685495717,0.3682518314504283,0.066,0.0,1.891300916671753
False,16000,0,0,0,0,16000,0,0,4000,4000,0,0,0,4000,0,0.0,0.0,0.0,e35a562238ec3870a9a013c614963bf8ca648d69a0c80181e91b018cfc024ad7,750,4,1000,1010,assigned_level_sensitivity,dynamic,periodic,0.0,False,False,,True,1.0,25.0,0.0,0.0,0.0,0,4000,0,0.0,0,0.0,50.30661355791719,0.8799999999997206,0,0,0,0,16000,16000,0,0.0,0,0.0,0.0,0,0.0,0.6883999999997684,0.6883999999997684,0.6884000000000013,16000,0.6884000000000012,4000,4000,0.49488550059855746,4000,0.49488550059855746,0.6317481685495717,0.3682518314504283,0.066,0.0,1.8869261741638184
False,24000,0,0,0,0,24000,0,0,6000,6000,0,0,0,6000,0,0.0,0.0,0.0,df7bc9e9dfff60af02e6943e923e62f0f9bf8709cc064f383faeee134513c470,750,6,1000,101,assigned_level_sensitivity,dynamic,periodic,0.0,False,False,,True,1.0,25.0,0.0,0.0,0.0,0,6000,0,0.0,0,0.0,59.999872983586215,0.8611687499998547,269,247,111,251,23122,24000,0,0.0,0,0.0,0.0,0,0.0,0.6860864166662286,0.6860864166662286,0.6884000000000013,24000,0.6862788951237478,6000,6000,0.49432590751738614,6000,0.49432590751738614,0.6332076085074156,0.36679239149258436,0.06583333333333333,0.0,3.094029188156128
False,24000,0,0,0,0,24000,0,0,6000,6000,0,0,0,6000,0,0.0,0.0,0.0,3736254c386243245c7ea836644f1946e24824c7abc86c8860c1c363672a151c,750,6,1000,202,assigned_level_sensitivity,dynamic,periodic,0.0,False,False,,True,1.0,25.0,0.0,0.0,0.0,0,6000,0,0.0,0,0.0,59.99988207262548,0.8610229166665231,299,215,94,285,23107,24000,0,0.0,0,0.0,0.0,0,0.0,0.6860526958328959,0.6860526958328959,0.6884000000000013,24000,0.6863183177998364,6000,6000,0.49374313721222945,6000,0.49374313721222945,0.6322008262796346,0.3677991737203654,0.066,0.0,3.1014673709869385
False,24000,0,0,0,0,24000,0,0,6000,6000,0,0,0,6000,0,0.0,0.0,0.0,9c4b50958727dc7c2d179fbe104c63fad4ab75dd91649f34eca4fbb19c432337,750,6,1000,303,assigned_level_sensitivity,dynamic,periodic,0.0,False,False,,True,1.0,25.0,0.0,0.0,0.0,0,6000,0,0.0,0,0.0,59.99997752165507,0.862704999999865,207,259,104,245,23185,24000,0,0.0,0,0.0,0.0,0,0.0,0.6863507541662276,0.6863507541662276,0.6884000000000013,24000,0.6865715785099892,6000,6000,0.49423534740495606,6000,0.49423534740495606,0.6317821281826131,0.36821787181738685,0.06466666666666666,0.0,3.3432998657226562
False,24000,0,0,0,0,24000,0,0,6000,6000,0,0,0,6000,0,0.0,0.0,0.0,478471266194d94a3b137038f0ef600d53e0302e1322af8a2948fb5f8c98afdf,750,6,1000,404,assigned_level_sensitivity,dynamic,periodic,0.0,False,False,,True,1.0,25.0,0.0,0.0,0.0,0,6000,0,0.0,0,0.0,59.99999666832821,0.8600862499998533,275,189,113,286,23137,24000,0,0.0,0,0.0,0.0,0,0.0,0.6862023249995617,0.6862023249995617,0.6884000000000013,24000,0.6864596457256009,6000,6000,0.4934673395078828,6000,0.4934673395078828,0.6320482071278247,0.3679517928721753,0.06533333333333333,0.0,3.3373055458068848
False,24000,0,0,0,0,24000,0,0,6000,6000,0,0,0,6000,0,0.0,0.0,0.0,d945735a8e094ae77772f96fe90671759b77955778bc773e6c93a82f80d508ec,750,6,1000,505,assigned_level_sensitivity,dynamic,periodic,0.0,False,False,,True,1.0,25.0,0.0,0.0,0.0,0,6000,0,0.0,0,0.0,59.99986943048263,0.8594904166665125,272,226,97,240,23165,24000,0,0.0,0,0.0,0.0,0,0.0,0.6861669791662275,0.6861669791662275,0.6884000000000013,24000,0.6864700799859289,6000,6000,0.4942146144791459,6000,0.4942146144791459,0.6326546654532417,0.36734533454675833,0.06633333333333333,0.0,3.3985350131988525
False,24000,0,0,0,0,24000,0,0,6000,6000,0,0,0,6000,0,0.0,0.0,0.0,ce1e0562db8730d80a057cacabcd1a1125934972a2266603482076751c65ec7a,750,6,1000,606,assigned_level_sensitivity,dynamic,periodic,0.0,False,False,,True,1.0,25.0,0.0,0.0,0.0,0,6000,0,0.0,0,0.0,59.999927574755496,0.8607779166665208,330,199,97,254,23120,24000,0,0.0,0,0.0,0.0,0,0.0,0.6859724749995615,0.6859724749995615,0.6884000000000013,24000,0.6862444919389487,6000,6000,0.49403908903537397,6000,0.49403908903537397,0.6320370383650162,0.36796296163498377,0.0665,0.0,3.485006093978882
False,24000,0,0,0,0,24000,0,0,6000,6000,0,0,0,6000,0,0.0,0.0,0.0,b7ece186a8ad3e897fdf1cf08a0f3356ce15b7fd2cf41b2298c249baf7814b0a,750,6,1000,707,assigned_level_sensitivity,dynamic,periodic,0.0,False,False,,True,1.0,25.0,0.0,0.0,0.0,0,6000,0,0.0,0,0.0,59.99997145289062,0.8605958333331838,224,217,92,299,23168,24000,0,0.0,0,0.0,0.0,0,0.0,0.6863834374995619,0.6863834374995619,0.6884000000000013,24000,0.6865859013926274,6000,6000,0.4942773497484551,6000,0.4942773497484551,0.6322754083377988,0.3677245916622012,0.06666666666666667,0.0,3.5177624225616455
False,24000,0,0,0,0,24000,0,0,6000,6000,0,0,0,6000,0,0.0,0.0,0.0,4c52203c9e54a73250b1ecde019d091da96295e9840f323625e0f97196c11cbd,750,6,1000,808,assigned_level_sensitivity,dynamic,periodic,0.0,False,False,,True,1.0,25.0,0.0,0.0,0.0,0,6000,0,0.0,0,0.0,59.999985007979376,0.8616279166665283,267,221,125,232,23155,24000,0,0.0,0,0.0,0.0,0,0.0,0.6861578249995611,0.6861578249995611,0.6884000000000013,24000,0.6863344613003973,6000,6000,0.49314462649162116,6000,0.49314462649162116,0.6317212494957914,0.36827875050420855,0.06666666666666667,0.0,3.5478436946868896
False,24000,0,0,0,0,24000,0,0,6000,6000,0,0,0,6000,0,0.0,0.0,0.0,5b34ac3e3c935bcde89a557e35faec54ebbaee3215e881d834aef2704505ea4f,750,6,1000,909,assigned_level_sensitivity,dynamic,periodic,0.0,False,False,,True,1.0,25.0,0.0,0.0,0.0,0,6000,0,0.0,0,0.0,59.99993057194055,0.860612916666521,211,190,103,318,23178,24000,0,0.0,0,0.0,0.0,0,0.0,0.6864890624995614,0.6864890624995614,0.6884000000000013,24000,0.6866769840423412,6000,6000,0.49497227392752713,6000,0.49497227392752713,0.633449151892509,0.36655084810749095,0.06666666666666667,0.0,3.4179089069366455
False,24000,0,0,0,0,24000,0,0,6000,6000,0,0,0,6000,0,0.0,0.0,0.0,9f867c13fbacf3259755d814661805b3d101f0606f92961926f0aa57dd766e36,750,6,1000,1010,assigned_level_sensitivity,dynamic,periodic,0.0,False,False,,True,1.0,25.0,0.0,0.0,0.0,0,6000,0,0.0,0,0.0,59.99969056702592,0.8600620833331822,270,221,82,275,23152,24000,0,0.0,0,0.0,0.0,0,0.0,0.6861959291662282,0.6861959291662282,0.6884000000000013,24000,0.6864647011421227,6000,6000,0.49411180208122807,6000,0.49411180208122807,0.631744576136934,0.368255423863066,0.06466666666666666,0.0,3.1665992736816406
False,32000,0,0,0,0,32000,0,0,8000,8000,0,0,0,8000,0,0.0,0.0,0.0,aaabbf64bb5a67911422c9ac26864c12bdc3d473c4e26d09934c03c2de08e543,750,8,1000,101,assigned_level_sensitivity,dynamic,periodic,0.0,False,False,,True,1.0,25.0,0.0,0.0,0.0,0,8000,0,0.0,0,0.0,59.99998020900354,0.8639325000000645,302,270,57,223,31148,32000,0,0.0,0,0.0,0.0,0,0.0,0.6865898406244452,0.6865898406244452,0.6884000000000013,32000,0.686824033827481,8000,8000,0.49458279986651293,8000,0.49458279986651293,0.6321839563648389,0.36781604363516107,0.065,0.0,4.5827412605285645
False,32000,0,0,0,0,32000,0,0,8000,8000,0,0,0,8000,0,0.0,0.0,0.0,ccc6b9249845e0c37527cd7f55700cdf777d4a27e9f20114a03ae93070dd4f09,750,8,1000,202,assigned_level_sensitivity,dynamic,periodic,0.0,False,False,,True,1.0,25.0,0.0,0.0,0.0,0,8000,0,0.0,0,0.0,59.99965053750865,0.8634368750000635,260,206,112,248,31174,32000,0,0.0,0,0.0,0.0,0,0.0,0.6867854562494453,0.6867854562494453,0.6884000000000013,32000,0.686941917847678,8000,8000,0.49521765137832613,8000,0.49521765137832613,0.6321062747345852,0.36789372526541475,0.066,0.0,4.689578056335449
False,32000,0,0,0,0,32000,0,0,8000,8000,0,0,0,8000,0,0.0,0.0,0.0,fa9104ce37d0bed494e8e68c544517eb6804845b3942c9a76815008d2e839fbe,750,8,1000,303,assigned_level_sensitivity,dynamic,periodic,0.0,False,False,,True,1.0,25.0,0.0,0.0,0.0,0,8000,0,0.0,0,0.0,59.999931554851784,0.8642962500000675,357,220,48,183,31192,32000,0,0.0,0,0.0,0.0,0,0.0,0.6865430499994456,0.6865430499994456,0.6884000000000013,32000,0.6867379590982648,8000,8000,0.49458189215130083,8000,0.49458189215130083,0.6338227456346829,0.3661772543653171,0.066,0.0,4.467106580734253
False,32000,0,0,0,0,32000,0,0,8000,8000,0,0,0,8000,0,0.0,0.0,0.0,99d5e8e815bdb3fbf83d5c6c396113c800c58dd835f25789869ab526d6252de9,750,8,1000,404,assigned_level_sensitivity,dynamic,periodic,0.0,False,False,,True,1.0,25.0,0.0,0.0,0.0,0,8000,0,0.0,0,0.0,59.99990167854345,0.8642028125000686,237,207,92,295,31169,32000,0,0.0,0,0.0,0.0,0,0.0,0.6868669656244453,0.6868669656244453,0.6884000000000013,32000,0.6869929158366003,8000,8000,0.49548552455763234,8000,0.49548552455763234,0.6324834420000377,0.3675165579999623,0.065125,0.0,5.03690242767334
False,32000,0,0,0,0,32000,0,0,8000,8000,0,0,0,8000,0,0.0,0.0,0.0,4588989295f413c400eb038088125b0d970565a49c44e328a746779cb3728b26,750,8,1000,505,assigned_level_sensitivity,dynamic,periodic,0.0,False,False,,True,1.0,25.0,0.0,0.0,0.0,0,8000,0,0.0,0,0.0,59.9996655940201,0.8642625000000713,180,304,136,253,31127,32000,0,0.0,0,0.0,0.0,0,0.0,0.6868086437494447,0.6868086437494447,0.6884000000000013,32000,0.687010411254065,8000,8000,0.4960054012719574,8000,0.4960054012719574,0.6326588760630828,0.3673411239369172,0.065,0.0,4.509654760360718
False,32000,0,0,0,0,32000,0,0,8000,8000,0,0,0,8000,0,0.0,0.0,0.0,7e1e83024ea6707492cc0cad7118863b8719120b04048e0fd2fb6fee034b85d1,750,8,1000,606,assigned_level_sensitivity,dynamic,periodic,0.0,False,False,,True,1.0,25.0,0.0,0.0,0.0,0,8000,0,0.0,0,0.0,59.99991849765491,0.8637978125000644,297,220,93,243,31147,32000,0,0.0,0,0.0,0.0,0,0.0,0.6866570031244459,0.6866570031244459,0.6884000000000013,32000,0.6868076708992765,8000,8000,0.49469520956545143,8000,0.49469520956545143,0.6320241729943272,0.3679758270056728,0.065125,0.0,4.398805618286133
False,32000,0,0,0,0,32000,0,0,8000,8000,0,0,0,8000,0,0.0,0.0,0.0,e76c763ac54dbd90337334399c4cb6ce71151db8139bf84da5628482de3caef7,750,8,1000,707,assigned_level_sensitivity,dynamic,periodic,0.0,False,False,,True,1.0,25.0,0.0,0.0,0.0,0,8000,0,0.0,0,0.0,59.99959368030778,0.8646678125000739,281,165,154,269,31131,32000,0,0.0,0,0.0,0.0,0,0.0,0.6867352281244473,0.6867352281244473,0.6884000000000013,32000,0.6868775736078396,8000,8000,0.49511215777737794,8000,0.49511215777737794,0.6330909186336259,0.3669090813663741,0.066875,0.0,4.346609830856323
False,32000,0,0,0,0,32000,0,0,8000,8000,0,0,0,8000,0,0.0,0.0,0.0,0772d1f8fc9f966e4e94191b3aa8b928ad6bfc7e1801f816c71cb45d696c0cd2,750,8,1000,808,assigned_level_sensitivity,dynamic,periodic,0.0,False,False,,True,1.0,25.0,0.0,0.0,0.0,0,8000,0,0.0,0,0.0,59.999711410378794,0.8639871875000681,274,214,66,255,31191,32000,0,0.0,0,0.0,0.0,0,0.0,0.6867803812494446,0.6867803812494446,0.6884000000000013,32000,0.6869232360459954,8000,8000,0.4944076058243768,8000,0.4944076058243768,0.6327075436379224,0.36729245636207764,0.064125,0.0,4.490852355957031
False,32000,0,0,0,0,32000,0,0,8000,8000,0,0,0,8000,0,0.0,0.0,0.0,983b9f3b193194087d652a9c34e48e04b604e5fa861df79d152f1f088392db9e,750,8,1000,909,assigned_level_sensitivity,dynamic,periodic,0.0,False,False,,True,1.0,25.0,0.0,0.0,0.0,0,8000,0,0.0,0,0.0,59.9990762026151,0.8637012500000621,262,208,94,292,31144,32000,0,0.0,0,0.0,0.0,0,0.0,0.6867779812494457,0.6867779812494457,0.6884000000000013,32000,0.6869656564348191,8000,8000,0.4952864151278891,8000,0.4952864151278891,0.6327283356705309,0.3672716643294691,0.067125,0.0,4.639772891998291
False,32000,0,0,0,0,32000,0,0,8000,8000,0,0,0,8000,0,0.0,0.0,0.0,4353217b20bf1fb3c1b81e0687963bca5950f5073a6b2b8cfed0dc39870a197c,750,8,1000,1010,assigned_level_sensitivity,dynamic,periodic,0.0,False,False,,True,1.0,25.0,0.0,0.0,0.0,0,8000,0,0.0,0,0.0,59.99979734263723,0.8665387500000897,301,187,140,241,31131,32000,0,0.0,0,0.0,0.0,0,0.0,0.6866515156244474,0.6866515156244474,0.6884000000000013,32000,0.6868684040611748,8000,8000,0.49508038723858583,8000,0.49508038723858583,0.6323244056178136,0.36767559438218644,0.065125,0.0,4.672729015350342
False,40000,0,0,0,0,40000,0,0,10000,10000,0,0,0,10000,0,0.0,0.0,0.0,d5a0dcae89a5420d8212068bb711476587f7ed86ab0bfdbc6177a484d0e8c06b,750,10,1000,101,assigned_level_sensitivity,dynamic,periodic,0.0,False,False,,True,1.0,25.0,0.0,0.0,0.0,0,10000,0,0.0,0,0.0,59.99952787020159,0.8595577500000516,357,221,139,199,39084,40000,0,0.0,0,0.0,0.0,0,0.0,0.686805744999379,0.686805744999379,0.6884000000000013,40000,0.6871303314373259,10000,10000,0.49464206587369663,10000,0.49464206587369663,0.6324442132661658,0.36755578673383416,0.0641,0.0,8.051130533218384
False,40000,0,0,0,0,40000,0,0,10000,10000,0,0,0,10000,0,0.0,0.0,0.0,d420eab19fa032fa6554e958731a9cfe2ccaff0d3c8b7ccf0c1954812b70e159,750,10,1000,202,assigned_level_sensitivity,dynamic,periodic,0.0,False,False,,True,1.0,25.0,0.0,0.0,0.0,0,10000,0,0.0,0,0.0,59.99977520960041,0.8596037500000475,395,201,121,197,39086,40000,0,0.0,0,0.0,0.0,0,0.0,0.6867575699993795,0.6867575699993795,0.6884000000000013,40000,0.6869364504962533,10000,10000,0.49463549370050286,10000,0.49463549370050286,0.6324242537391246,0.3675757462608754,0.066,0.0,7.058669567108154
False,40000,0,0,0,0,40000,0,0,10000,10000,0,0,0,10000,0,0.0,0.0,0.0,4fa73f83efb0b30e441d2058e80879f5ae8046cd50657c2997f903af7d406502,750,10,1000,303,assigned_level_sensitivity,dynamic,periodic,0.0,False,False,,True,1.0,25.0,0.0,0.0,0.0,0,10000,0,0.0,0,0.0,59.99986311016298,0.860251500000055,277,238,101,279,39105,40000,0,0.0,0,0.0,0.0,0,0.0,0.6870060374993762,0.6870060374993762,0.6884000000000013,40000,0.6872148181530622,10000,10000,0.4949134886490337,10000,0.4949134886490337,0.6332276298541771,0.36677237014582287,0.0621,0.0,7.001712799072266
False,40000,0,0,0,0,40000,0,0,10000,10000,0,0,0,10000,0,0.0,0.0,0.0,acf8d3c54ffc0201e365efa1dab85427555f694c26f75454f107aa91ba8e2bda,750,10,1000,404,assigned_level_sensitivity,dynamic,periodic,0.0,False,False,,True,1.0,25.0,0.0,0.0,0.0,0,10000,0,0.0,0,0.0,59.99974879054639,0.8593682500000501,300,279,118,279,39024,40000,0,0.0,0,0.0,0.0,0,0.0,0.6868524524993774,0.6868524524993774,0.6884000000000013,40000,0.6869949810213695,10000,10000,0.4958174221754357,10000,0.4958174221754357,0.6333259644226685,0.36667403557733147,0.066,0.0,7.3659679889678955
False,40000,0,0,0,0,40000,0,0,10000,10000,0,0,0,10000,0,0.0,0.0,0.0,a6977f57b44dcaf129dc8cb8da2775f7fb8a45cce309a8a15334e0d8cab9bcad,750,10,1000,505,assigned_level_sensitivity,dynamic,periodic,0.0,False,False,,True,1.0,25.0,0.0,0.0,0.0,0,10000,0,0.0,0,0.0,59.99986228572183,0.8584215000000431,356,126,161,139,39218,40000,0,0.0,0,0.0,0.0,0,0.0,0.6869737024993788,0.6869737024993788,0.6884000000000013,40000,0.6872166094065199,10000,10000,0.4935190567143245,10000,0.4935190567143245,0.6306156024236957,0.36938439757630426,0.0679,0.0,7.26259970664978
False,40000,0,0,0,0,40000,0,0,10000,10000,0,0,0,10000,0,0.0,0.0,0.0,85a33772ee292f10e8aef7fd5cee174f3e1376deb8ac3fb9b6760f9848146b7c,750,10,1000,606,assigned_level_sensitivity,dynamic,periodic,0.0,False,False,,True,1.0,25.0,0.0,0.0,0.0,0,10000,0,0.0,0,0.0,59.999540815065146,0.8592082500000512,258,236,156,258,39092,40000,0,0.0,0,0.0,0.0,0,0.0,0.6870086799993769,0.6870086799993769,0.6884000000000013,40000,0.6870956764088474,10000,10000,0.4947735524834402,10000,0.4947735524834402,0.6315245666210931,0.36847543337890687,0.066,0.0,6.599196434020996
False,40000,0,0,0,0,40000,0,0,10000,10000,0,0,0,10000,0,0.0,0.0,0.0,7c1a19d9a1c3467d0687905c7ed2c445885dc020c9623304e3f2d9778bdd4a83,750,10,1000,707,assigned_level_sensitivity,dynamic,periodic,0.0,False,False,,True,1.0,25.0,0.0,0.0,0.0,0,10000,0,0.0,0,0.0,59.9999238793949,0.8587987500000447,199,258,120,297,39126,40000,0,0.0,0,0.0,0.0,0,0.0,0.6871563449993745,0.6871563449993745,0.6884000000000013,40000,0.687262370135072,10000,10000,0.49714426543928414,10000,0.49714426543928414,0.6330302477297532,0.36696975227024675,0.066,0.0,7.1458985805511475
False,40000,0,0,0,0,40000,0,0,10000,10000,0,0,0,10000,0,0.0,0.0,0.0,7c63d45d9ec5aab26bcbcab1b90489c75c8801d40cc0618700b789908e2cf09f,750,10,1000,808,assigned_level_sensitivity,dynamic,periodic,0.0,False,False,,True,1.0,25.0,0.0,0.0,0.0,0,10000,0,0.0,0,0.0,59.99998059266071,0.8596310000000531,219,320,109,289,39063,40000,0,0.0,0,0.0,0.0,0,0.0,0.6870082524993747,0.6870082524993747,0.6884000000000013,40000,0.6872010721690088,10000,10000,0.49398798095160446,10000,0.49398798095160446,0.6324328508015669,0.36756714919843314,0.067,0.0,7.288175821304321
False,40000,0,0,0,0,40000,0,0,10000,10000,0,0,0,10000,0,0.0,0.0,0.0,eef449dd20942c378220d3adc9ae3b30fc789520b6b67ed578877c5612b469b0,750,10,1000,909,assigned_level_sensitivity,dynamic,periodic,0.0,False,False,,True,1.0,25.0,0.0,0.0,0.0,0,10000,0,0.0,0,0.0,59.99998310554246,0.8574105000000354,260,119,80,241,39300,40000,0,0.0,0,0.0,0.0,0,0.0,0.6872989674993745,0.6872989674993745,0.6884000000000013,40000,0.6874141788230954,10000,10000,0.4942112914218602,10000,0.4942112914218602,0.6316930129950822,0.3683069870049178,0.0679,0.0,7.155022144317627
False,40000,0,0,0,0,40000,0,0,10000,10000,0,0,0,10000,0,0.0,0.0,0.0,04934f877793a2796930a2bda98f59e881d2801d5332d809293e526026756d4f,750,10,1000,1010,assigned_level_sensitivity,dynamic,periodic,0.0,False,False,,True,1.0,25.0,0.0,0.0,0.0,0,10000,0,0.0,0,0.0,59.99999012946296,0.8593965000000504,253,283,152,285,39027,40000,0,0.0,0,0.0,0.0,0,0.0,0.686934022499377,0.686934022499377,0.6884000000000013,40000,0.6870962488723075,10000,10000,0.4951491696277055,10000,0.4951491696277055,0.6339145499800487,0.3660854500199513,0.0648,0.0,7.385191202163696
False,16000,0,0,0,0,16000,0,0,4000,4000,0,0,0,4000,0,0.0,0.0,0.0,5f94118a7d3e90192598c144eb4882652a3061a1912ed5a940883915afa1a0af,1000,4,1000,101,assigned_level_sensitivity,dynamic,periodic,0.0,False,False,,True,1.0,25.0,0.0,0.0,0.0,0,4000,0,0.0,0,0.0,45.38402097807787,0.8799999999997206,0,0,0,0,16000,16000,0,0.0,0,0.0,0.0,0,0.0,0.6883999999997684,0.6883999999997684,0.6884000000000013,16000,0.6884000000000002,4000,4000,0.49488550059855724,4000,0.49488550059855724,0.6317481685495717,0.3682518314504283,0.066,0.0,2.0671842098236084
False,16000,0,0,0,0,16000,0,0,4000,4000,0,0,0,4000,0,0.0,0.0,0.0,5f60743f4251cc1f57f4eed09143bff61175f797b109b1f7a6707e9bdbab9e8c,1000,4,1000,202,assigned_level_sensitivity,dynamic,periodic,0.0,False,False,,True,1.0,25.0,0.0,0.0,0.0,0,4000,0,0.0,0,0.0,45.38402097807787,0.8799999999997206,0,0,0,0,16000,16000,0,0.0,0,0.0,0.0,0,0.0,0.6883999999997684,0.6883999999997684,0.6884000000000013,16000,0.6883999999999993,4000,4000,0.494885500598558,4000,0.494885500598558,0.6317481685495717,0.3682518314504283,0.066,0.0,2.2086808681488037
False,16000,0,0,0,0,16000,0,0,4000,4000,0,0,0,4000,0,0.0,0.0,0.0,93d78bf2192fb5f1a1477dec0382df9346d3e26750a92867a9a5c128cded5745,1000,4,1000,303,assigned_level_sensitivity,dynamic,periodic,0.0,False,False,,True,1.0,25.0,0.0,0.0,0.0,0,4000,0,0.0,0,0.0,45.38402097807787,0.8799999999997206,0,0,0,0,16000,16000,0,0.0,0,0.0,0.0,0,0.0,0.6883999999997684,0.6883999999997684,0.6884000000000013,16000,0.6884000000000003,4000,4000,0.4948855005985574,4000,0.4948855005985574,0.6317481685495717,0.3682518314504283,0.066,0.0,1.9576513767242432
False,16000,0,0,0,0,16000,0,0,4000,4000,0,0,0,4000,0,0.0,0.0,0.0,1e22bb3d1f755a25ecb70d0ab714e74d2154df0e7ff1438885da29f1f2f52a47,1000,4,1000,404,assigned_level_sensitivity,dynamic,periodic,0.0,False,False,,True,1.0,25.0,0.0,0.0,0.0,0,4000,0,0.0,0,0.0,45.38402097807787,0.8799999999997206,0,0,0,0,16000,16000,0,0.0,0,0.0,0.0,0,0.0,0.6883999999997684,0.6883999999997684,0.6884000000000013,16000,0.6884000000000008,4000,4000,0.49488550059855746,4000,0.49488550059855746,0.6317481685495717,0.3682518314504283,0.066,0.0,1.965857982635498
False,16000,0,0,0,0,16000,0,0,4000,4000,0,0,0,4000,0,0.0,0.0,0.0,2850d7cfa9dd669a11d9a18ab095b1b73306276dffe22806240405b6a99f1dbc,1000,4,1000,505,assigned_level_sensitivity,dynamic,periodic,0.0,False,False,,True,1.0,25.0,0.0,0.0,0.0,0,4000,0,0.0,0,0.0,45.38402097807787,0.8799999999997206,0,0,0,0,16000,16000,0,0.0,0,0.0,0.0,0,0.0,0.6883999999997684,0.6883999999997684,0.6884000000000013,16000,0.6884000000000002,4000,4000,0.4948855005985575,4000,0.4948855005985575,0.6317481685495717,0.3682518314504283,0.066,0.0,1.9750711917877197
False,16000,0,0,0,0,16000,0,0,4000,4000,0,0,0,4000,0,0.0,0.0,0.0,821818fc4a76ed845c5d6e95d143beec70dbb2f046705cf5fe53fa808c30e1e5,1000,4,1000,606,assigned_level_sensitivity,dynamic,periodic,0.0,False,False,,True,1.0,25.0,0.0,0.0,0.0,0,4000,0,0.0,0,0.0,45.38402097807787,0.8799999999997206,0,0,0,0,16000,16000,0,0.0,0,0.0,0.0,0,0.0,0.6883999999997684,0.6883999999997684,0.6884000000000013,16000,0.6884000000000003,4000,4000,0.494885500598558,4000,0.494885500598558,0.6317481685495717,0.3682518314504283,0.066,0.0,1.9737598896026611
False,16000,0,0,0,0,16000,0,0,4000,4000,0,0,0,4000,0,0.0,0.0,0.0,f6928467f99c60a3dffbcf03d262bf5e3188089123a36f34b70efbac5c05e1bf,1000,4,1000,707,assigned_level_sensitivity,dynamic,periodic,0.0,False,False,,True,1.0,25.0,0.0,0.0,0.0,0,4000,0,0.0,0,0.0,45.38402097807787,0.8799999999997206,0,0,0,0,16000,16000,0,0.0,0,0.0,0.0,0,0.0,0.6883999999997684,0.6883999999997684,0.6884000000000013,16000,0.6884000000000005,4000,4000,0.49488550059855785,4000,0.49488550059855785,0.6317481685495717,0.3682518314504283,0.066,0.0,2.0061492919921875
False,16000,0,0,0,0,16000,0,0,4000,4000,0,0,0,4000,0,0.0,0.0,0.0,1a5164a8f978961edaf3c5d9607966de96fd9134937605fcbe2119e01174bc65,1000,4,1000,808,assigned_level_sensitivity,dynamic,periodic,0.0,False,False,,True,1.0,25.0,0.0,0.0,0.0,0,4000,0,0.0,0,0.0,45.38402097807787,0.8799999999997206,0,0,0,0,16000,16000,0,0.0,0,0.0,0.0,0,0.0,0.6883999999997684,0.6883999999997684,0.6884000000000013,16000,0.6884000000000011,4000,4000,0.4948855005985572,4000,0.4948855005985572,0.6317481685495717,0.3682518314504283,0.066,0.0,2.6835944652557373
False,16000,0,0,0,0,16000,0,0,4000,4000,0,0,0,4000,0,0.0,0.0,0.0,2590073cdb4ae245d599e4559899ca065f4b0c004255bf6487c5839fc39ff574,1000,4,1000,909,assigned_level_sensitivity,dynamic,periodic,0.0,False,False,,True,1.0,25.0,0.0,0.0,0.0,0,4000,0,0.0,0,0.0,45.38402097807787,0.8799999999997206,0,0,0,0,16000,16000,0,0.0,0,0.0,0.0,0,0.0,0.6883999999997684,0.6883999999997684,0.6884000000000013,16000,0.6884000000000003,4000,4000,0.49488550059855696,4000,0.49488550059855696,0.6317481685495717,0.3682518314504283,0.066,0.0,1.9263191223144531
False,16000,0,0,0,0,16000,0,0,4000,4000,0,0,0,4000,0,0.0,0.0,0.0,e35a562238ec3870a9a013c614963bf8ca648d69a0c80181e91b018cfc024ad7,1000,4,1000,1010,assigned_level_sensitivity,dynamic,periodic,0.0,False,False,,True,1.0,25.0,0.0,0.0,0.0,0,4000,0,0.0,0,0.0,45.38402097807787,0.8799999999997206,0,0,0,0,16000,16000,0,0.0,0,0.0,0.0,0,0.0,0.6883999999997684,0.6883999999997684,0.6884000000000013,16000,0.6884000000000011,4000,4000,0.49488550059855746,4000,0.49488550059855746,0.6317481685495717,0.3682518314504283,0.066,0.0,2.1133995056152344
False,24000,0,0,0,0,24000,0,0,6000,6000,0,0,0,6000,0,0.0,0.0,0.0,df7bc9e9dfff60af02e6943e923e62f0f9bf8709cc064f383faeee134513c470,1000,6,1000,101,assigned_level_sensitivity,dynamic,periodic,0.0,False,False,,True,1.0,25.0,0.0,0.0,0.0,0,6000,0,0.0,0,0.0,56.121288968025446,0.8799999999999548,0,0,0,0,24000,24000,0,0.0,0,0.0,0.0,0,0.0,0.6883999999995429,0.6883999999995429,0.6884000000000013,24000,0.6884000000000026,6000,6000,0.49488550059855885,6000,0.49488550059855885,0.6317481685495717,0.3682518314504283,0.066,0.0,2.984118938446045
False,24000,0,0,0,0,24000,0,0,6000,6000,0,0,0,6000,0,0.0,0.0,0.0,3736254c386243245c7ea836644f1946e24824c7abc86c8860c1c363672a151c,1000,6,1000,202,assigned_level_sensitivity,dynamic,periodic,0.0,False,False,,True,1.0,25.0,0.0,0.0,0.0,0,6000,0,0.0,0,0.0,55.82312435127277,0.8799999999999548,0,0,0,0,24000,24000,0,0.0,0,0.0,0.0,0,0.0,0.6883999999995429,0.6883999999995429,0.6884000000000013,24000,0.6884000000000021,6000,6000,0.49488550059855907,6000,0.49488550059855907,0.6317481685495717,0.3682518314504283,0.066,0.0,2.845712900161743
False,24000,0,0,0,0,24000,0,0,6000,6000,0,0,0,6000,0,0.0,0.0,0.0,9c4b50958727dc7c2d179fbe104c63fad4ab75dd91649f34eca4fbb19c432337,1000,6,1000,303,assigned_level_sensitivity,dynamic,periodic,0.0,False,False,,True,1.0,25.0,0.0,0.0,0.0,0,6000,0,0.0,0,0.0,55.75471430118269,0.8799999999999548,0,0,0,0,24000,24000,0,0.0,0,0.0,0.0,0,0.0,0.6883999999995429,0.6883999999995429,0.6884000000000013,24000,0.6884000000000026,6000,6000,0.49488550059855907,6000,0.49488550059855907,0.6317481685495717,0.3682518314504283,0.066,0.0,2.8221282958984375
False,24000,0,0,0,0,24000,0,0,6000,6000,0,0,0,6000,0,0.0,0.0,0.0,478471266194d94a3b137038f0ef600d53e0302e1322af8a2948fb5f8c98afdf,1000,6,1000,404,assigned_level_sensitivity,dynamic,periodic,0.0,False,False,,True,1.0,25.0,0.0,0.0,0.0,0,6000,0,0.0,0,0.0,56.04771012906241,0.8799999999999548,0,0,0,0,24000,24000,0,0.0,0,0.0,0.0,0,0.0,0.6883999999995429,0.6883999999995429,0.6884000000000013,24000,0.6884000000000028,6000,6000,0.49488550059855896,6000,0.49488550059855896,0.6317481685495717,0.3682518314504283,0.066,0.0,2.837625503540039
False,24000,0,0,0,0,24000,0,0,6000,6000,0,0,0,6000,0,0.0,0.0,0.0,d945735a8e094ae77772f96fe90671759b77955778bc773e6c93a82f80d508ec,1000,6,1000,505,assigned_level_sensitivity,dynamic,periodic,0.0,False,False,,True,1.0,25.0,0.0,0.0,0.0,0,6000,0,0.0,0,0.0,55.9266680195357,0.8799999999999548,0,0,0,0,24000,24000,0,0.0,0,0.0,0.0,0,0.0,0.6883999999995429,0.6883999999995429,0.6884000000000013,24000,0.6884000000000016,6000,6000,0.49488550059855924,6000,0.49488550059855924,0.6317481685495717,0.3682518314504283,0.066,0.0,2.921861410140991
False,24000,0,0,0,0,24000,0,0,6000,6000,0,0,0,6000,0,0.0,0.0,0.0,ce1e0562db8730d80a057cacabcd1a1125934972a2266603482076751c65ec7a,1000,6,1000,606,assigned_level_sensitivity,dynamic,periodic,0.0,False,False,,True,1.0,25.0,0.0,0.0,0.0,0,6000,0,0.0,0,0.0,55.46435874733763,0.8799999999999548,0,0,0,0,24000,24000,0,0.0,0,0.0,0.0,0,0.0,0.6883999999995429,0.6883999999995429,0.6884000000000013,24000,0.6884000000000001,6000,6000,0.49488550059855935,6000,0.49488550059855935,0.6317481685495717,0.3682518314504283,0.066,0.0,2.973370313644409
False,24000,0,0,0,0,24000,0,0,6000,6000,0,0,0,6000,0,0.0,0.0,0.0,b7ece186a8ad3e897fdf1cf08a0f3356ce15b7fd2cf41b2298c249baf7814b0a,1000,6,1000,707,assigned_level_sensitivity,dynamic,periodic,0.0,False,False,,True,1.0,25.0,0.0,0.0,0.0,0,6000,0,0.0,0,0.0,55.87039808782336,0.8799999999999548,0,0,0,0,24000,24000,0,0.0,0,0.0,0.0,0,0.0,0.6883999999995429,0.6883999999995429,0.6884000000000013,24000,0.6884000000000021,6000,6000,0.49488550059855857,6000,0.49488550059855857,0.6317481685495717,0.3682518314504283,0.066,0.0,2.8593852519989014
False,24000,0,0,0,0,24000,0,0,6000,6000,0,0,0,6000,0,0.0,0.0,0.0,4c52203c9e54a73250b1ecde019d091da96295e9840f323625e0f97196c11cbd,1000,6,1000,808,assigned_level_sensitivity,dynamic,periodic,0.0,False,False,,True,1.0,25.0,0.0,0.0,0.0,0,6000,0,0.0,0,0.0,55.847581384115415,0.8799999999999548,0,0,0,0,24000,24000,0,0.0,0,0.0,0.0,0,0.0,0.6883999999995429,0.6883999999995429,0.6884000000000013,24000,0.6884000000000021,6000,6000,0.49488550059855896,6000,0.49488550059855896,0.6317481685495717,0.3682518314504283,0.066,0.0,2.843801975250244
False,24000,0,0,0,0,24000,0,0,6000,6000,0,0,0,6000,0,0.0,0.0,0.0,5b34ac3e3c935bcde89a557e35faec54ebbaee3215e881d834aef2704505ea4f,1000,6,1000,909,assigned_level_sensitivity,dynamic,periodic,0.0,False,False,,True,1.0,25.0,0.0,0.0,0.0,0,6000,0,0.0,0,0.0,56.141075228675504,0.8799999999999548,0,0,0,0,24000,24000,0,0.0,0,0.0,0.0,0,0.0,0.6883999999995429,0.6883999999995429,0.6884000000000013,24000,0.6884000000000028,6000,6000,0.49488550059855857,6000,0.49488550059855857,0.6317481685495717,0.3682518314504283,0.066,0.0,2.8566884994506836
False,24000,0,0,0,0,24000,0,0,6000,6000,0,0,0,6000,0,0.0,0.0,0.0,9f867c13fbacf3259755d814661805b3d101f0606f92961926f0aa57dd766e36,1000,6,1000,1010,assigned_level_sensitivity,dynamic,periodic,0.0,False,False,,True,1.0,25.0,0.0,0.0,0.0,0,6000,0,0.0,0,0.0,56.523642551807455,0.8799999999999548,0,0,0,0,24000,24000,0,0.0,0,0.0,0.0,0,0.0,0.6883999999995429,0.6883999999995429,0.6884000000000013,24000,0.6884000000000015,6000,6000,0.49488550059855957,6000,0.49488550059855957,0.6317481685495717,0.3682518314504283,0.066,0.0,2.861740827560425
False,32000,0,0,0,0,32000,0,0,8000,8000,0,0,0,8000,0,0.0,0.0,0.0,aaabbf64bb5a67911422c9ac26864c12bdc3d473c4e26d09934c03c2de08e543,1000,8,1000,101,assigned_level_sensitivity,dynamic,periodic,0.0,False,False,,True,1.0,25.0,0.0,0.0,0.0,0,8000,0,0.0,0,0.0,59.999551075395544,0.8703146875001244,222,202,100,268,31208,32000,0,0.0,0,0.0,0.0,0,0.0,0.6869311187494445,0.6869311187494445,0.6884000000000013,32000,0.6870257297098853,8000,8000,0.4949203810272937,8000,0.4949203810272937,0.6313069612054878,0.3686930387945122,0.066875,0.0,4.399181604385376
False,32000,0,0,0,0,32000,0,0,8000,8000,0,0,0,8000,0,0.0,0.0,0.0,ccc6b9249845e0c37527cd7f55700cdf777d4a27e9f20114a03ae93070dd4f09,1000,8,1000,202,assigned_level_sensitivity,dynamic,periodic,0.0,False,False,,True,1.0,25.0,0.0,0.0,0.0,0,8000,0,0.0,0,0.0,59.999273918459544,0.8701700000001265,225,265,122,261,31127,32000,0,0.0,0,0.0,0.0,0,0.0,0.6867557656244454,0.6867557656244454,0.6884000000000013,32000,0.6869433153692078,8000,8000,0.49344439850000155,8000,0.49344439850000155,0.6320963423661836,0.3679036576338164,0.067,0.0,4.194144248962402
False,32000,0,0,0,0,32000,0,0,8000,8000,0,0,0,8000,0,0.0,0.0,0.0,fa9104ce37d0bed494e8e68c544517eb6804845b3942c9a76815008d2e839fbe,1000,8,1000,303,assigned_level_sensitivity,dynamic,periodic,0.0,False,False,,True,1.0,25.0,0.0,0.0,0.0,0,8000,0,0.0,0,0.0,59.99990076473562,0.8707918750001311,243,246,145,281,31085,32000,0,0.0,0,0.0,0.0,0,0.0,0.6866943843744467,0.6866943843744467,0.6884000000000013,32000,0.6868467718739892,8000,8000,0.49424806865087445,8000,0.49424806865087445,0.6319056182256405,0.3680943817743595,0.066,0.0,4.271100044250488
False,32000,0,0,0,0,32000,0,0,8000,8000,0,0,0,8000,0,0.0,0.0,0.0,99d5e8e815bdb3fbf83d5c6c396113c800c58dd835f25789869ab526d6252de9,1000,8,1000,404,assigned_level_sensitivity,dynamic,periodic,0.0,False,False,,True,1.0,25.0,0.0,0.0,0.0,0,8000,0,0.0,0,0.0,59.999959650333025,0.8703021875001257,233,242,82,344,31099,32000,0,0.0,0,0.0,0.0,0,0.0,0.6867942312494457,0.6867942312494457,0.6884000000000013,32000,0.686866531315072,8000,8000,0.49487012223999716,8000,0.49487012223999716,0.633241609353604,0.36675839064639604,0.064125,0.0,4.363853216171265
False,32000,0,0,0,0,32000,0,0,8000,8000,0,0,0,8000,0,0.0,0.0,0.0,4588989295f413c400eb038088125b0d970565a49c44e328a746779cb3728b26,1000,8,1000,505,assigned_level_sensitivity,dynamic,periodic,0.0,False,False,,True,1.0,25.0,0.0,0.0,0.0,0,8000,0,0.0,0,0.0,59.99978335537149,0.8700250000001228,279,140,134,263,31184,32000,0,0.0,0,0.0,0.0,0,0.0,0.6868274062494462,0.6868274062494462,0.6884000000000013,32000,0.6869345953226115,8000,8000,0.4951858365724403,8000,0.4951858365724403,0.6326065405181696,0.36739345948183044,0.065,0.0,4.212406635284424
False,32000,0,0,0,0,32000,0,0,8000,8000,0,0,0,8000,0,0.0,0.0,0.0,7e1e83024ea6707492cc0cad7118863b8719120b04048e0fd2fb6fee034b85d1,1000,8,1000,606,assigned_level_sensitivity,dynamic,periodic,0.0,False,False,,True,1.0,25.0,0.0,0.0,0.0,0,8000,0,0.0,0,0.0,59.99929716032815,0.8718881250001403,288,183,104,258,31167,32000,0,0.0,0,0.0,0.0,0,0.0,0.6867463781244462,0.6867463781244462,0.6884000000000013,32000,0.6867997438769787,8000,8000,0.49410341711141176,8000,0.49410341711141176,0.6318103694915229,0.3681896305084771,0.066,0.0,4.291833400726318
False,32000,0,0,0,0,32000,0,0,8000,8000,0,0,0,8000,0,0.0,0.0,0.0,e76c763ac54dbd90337334399c4cb6ce71151db8139bf84da5628482de3caef7,1000,8,1000,707,assigned_level_sensitivity,dynamic,periodic,0.0,False,False,,True,1.0,25.0,0.0,0.0,0.0,0,8000,0,0.0,0,0.0,59.99946333967427,0.8713962500001348,222,240,113,332,31093,32000,0,0.0,0,0.0,0.0,0,0.0,0.686799078124446,0.686799078124446,0.6884000000000013,32000,0.6869000658541534,8000,8000,0.4954546966569059,8000,0.4954546966569059,0.6325580944639946,0.3674419055360054,0.067,0.0,4.455909490585327
False,32000,0,0,0,0,32000,0,0,8000,8000,0,0,0,8000,0,0.0,0.0,0.0,0772d1f8fc9f966e4e94191b3aa8b928ad6bfc7e1801f816c71cb45d696c0cd2,1000,8,1000,808,assigned_level_sensitivity,dynamic,periodic,0.0,False,False,,True,1.0,25.0,0.0,0.0,0.0,0,8000,0,0.0,0,0.0,59.99995358181054,0.8713481250001346,249,176,119,289,31167,32000,0,0.0,0,0.0,0.0,0,0.0,0.6868593593744456,0.6868593593744456,0.6884000000000013,32000,0.6869062804479931,8000,8000,0.4944768747168876,8000,0.4944768747168876,0.6331070020642017,0.3668929979357983,0.067,0.0,4.393905401229858
False,32000,0,0,0,0,32000,0,0,8000,8000,0,0,0,8000,0,0.0,0.0,0.0,983b9f3b193194087d652a9c34e48e04b604e5fa861df79d152f1f088392db9e,1000,8,1000,909,assigned_level_sensitivity,dynamic,periodic,0.0,False,False,,True,1.0,25.0,0.0,0.0,0.0,0,8000,0,0.0,0,0.0,59.9997338207309,0.871123750000134,230,193,139,268,31170,32000,0,0.0,0,0.0,0.0,0,0.0,0.6868694937494456,0.6868694937494456,0.6884000000000013,32000,0.6869593715962851,8000,8000,0.4952663034305065,8000,0.4952663034305065,0.6325543904324175,0.36744560956758254,0.066875,0.0,4.46506404876709
False,32000,0,0,0,0,32000,0,0,8000,8000,0,0,0,8000,0,0.0,0.0,0.0,4353217b20bf1fb3c1b81e0687963bca5950f5073a6b2b8cfed0dc39870a197c,1000,8,1000,1010,assigned_level_sensitivity,dynamic,periodic,0.0,False,False,,True,1.0,25.0,0.0,0.0,0.0,0,8000,0,0.0,0,0.0,59.999681129400464,0.8719937500001431,251,203,92,287,31167,32000,0,0.0,0,0.0,0.0,0,0.0,0.6868317156244451,0.6868317156244451,0.6884000000000013,32000,0.6869465152309485,8000,8000,0.4946135759803959,8000,0.4946135759803959,0.6321229403008609,0.3678770596991391,0.066,0.0,4.734462738037109
False,40000,0,0,0,0,40000,0,0,10000,10000,0,0,0,10000,0,0.0,0.0,0.0,d5a0dcae89a5420d8212068bb711476587f7ed86ab0bfdbc6177a484d0e8c06b,1000,10,1000,101,assigned_level_sensitivity,dynamic,periodic,0.0,False,False,,True,1.0,25.0,0.0,0.0,0.0,0,10000,0,0.0,0,0.0,59.999798256821705,0.8525762500000077,355,184,65,255,39141,40000,0,0.0,0,0.0,0.0,0,0.0,0.6869364524993772,0.6869364524993772,0.6884000000000013,40000,0.6870694328023851,10000,10000,0.494719866335591,10000,0.494719866335591,0.632087632997916,0.36791236700208396,0.0641,0.0,6.243342399597168
False,40000,0,0,0,0,40000,0,0,10000,10000,0,0,0,10000,0,0.0,0.0,0.0,d420eab19fa032fa6554e958731a9cfe2ccaff0d3c8b7ccf0c1954812b70e159,1000,10,1000,202,assigned_level_sensitivity,dynamic,periodic,0.0,False,False,,True,1.0,25.0,0.0,0.0,0.0,0,10000,0,0.0,0,0.0,59.99992593535967,0.8506202499999905,262,179,58,299,39202,40000,0,0.0,0,0.0,0.0,0,0.0,0.6871903824993747,0.6871903824993747,0.6884000000000013,40000,0.6873413086457866,10000,10000,0.49467617288989724,10000,0.49467617288989724,0.6313445063823091,0.3686554936176909,0.0641,0.0,6.2966718673706055
False,40000,0,0,0,0,40000,0,0,10000,10000,0,0,0,10000,0,0.0,0.0,0.0,4fa73f83efb0b30e441d2058e80879f5ae8046cd50657c2997f903af7d406502,1000,10,1000,303,assigned_level_sensitivity,dynamic,periodic,0.0,False,False,,True,1.0,25.0,0.0,0.0,0.0,0,10000,0,0.0,0,0.0,59.99991438834814,0.8560967500000334,259,202,60,278,39201,40000,0,0.0,0,0.0,0.0,0,0.0,0.6871641499993745,0.6871641499993745,0.6884000000000013,40000,0.6874671596719317,10000,10000,0.4936148309232232,10000,0.4936148309232232,0.6316604051532589,0.36833959484674106,0.0661,0.0,6.280171871185303
False,40000,0,0,0,0,40000,0,0,10000,10000,0,0,0,10000,0,0.0,0.0,0.0,acf8d3c54ffc0201e365efa1dab85427555f694c26f75454f107aa91ba8e2bda,1000,10,1000,404,assigned_level_sensitivity,dynamic,periodic,0.0,False,False,,True,1.0,25.0,0.0,0.0,0.0,0,10000,0,0.0,0,0.0,59.99962259821146,0.850860999999999,353,217,43,166,39221,40000,0,0.0,0,0.0,0.0,0,0.0,0.686942719999376,0.686942719999376,0.6884000000000013,40000,0.6870695939807676,10000,10000,0.4938220741478119,10000,0.4938220741478119,0.6323015292303008,0.3676984707696992,0.0641,0.0,6.236478328704834
False,40000,0,0,0,0,40000,0,0,10000,10000,0,0,0,10000,0,0.0,0.0,0.0,a6977f57b44dcaf129dc8cb8da2775f7fb8a45cce309a8a15334e0d8cab9bcad,1000,10,1000,505,assigned_level_sensitivity,dynamic,periodic,0.0,False,False,,True,1.0,25.0,0.0,0.0,0.0,0,10000,0,0.0,0,0.0,59.999941243267095,0.8540430000000231,300,239,99,153,39209,40000,0,0.0,0,0.0,0.0,0,0.0,0.6869921049993756,0.6869921049993756,0.6884000000000013,40000,0.6871270723138599,10000,10000,0.49372960507117225,10000,0.49372960507117225,0.6315054519635633,0.36849454803643666,0.066,0.0,7.379072427749634
False,40000,0,0,0,0,40000,0,0,10000,10000,0,0,0,10000,0,0.0,0.0,0.0,85a33772ee292f10e8aef7fd5cee174f3e1376deb8ac3fb9b6760f9848146b7c,1000,10,1000,606,assigned_level_sensitivity,dynamic,periodic,0.0,False,False,,True,1.0,25.0,0.0,0.0,0.0,0,10000,0,0.0,0,0.0,59.99996883989161,0.8539630000000183,312,184,85,282,39137,40000,0,0.0,0,0.0,0.0,0,0.0,0.6870215124993769,0.6870215124993769,0.6884000000000013,40000,0.6871119986724169,10000,10000,0.4951736641594313,10000,0.4951736641594313,0.633012583774994,0.36698741622500597,0.0641,0.0,6.112487316131592
False,40000,0,0,0,0,40000,0,0,10000,10000,0,0,0,10000,0,0.0,0.0,0.0,7c1a19d9a1c3467d0687905c7ed2c445885dc020c9623304e3f2d9778bdd4a83,1000,10,1000,707,assigned_level_sensitivity,dynamic,periodic,0.0,False,False,,True,1.0,25.0,0.0,0.0,0.0,0,10000,0,0.0,0,0.0,59.999991370854,0.851025499999997,359,163,62,295,39121,40000,0,0.0,0,0.0,0.0,0,0.0,0.6869502374993777,0.6869502374993777,0.6884000000000013,40000,0.6871318763549173,10000,10000,0.49622150992087216,10000,0.49622150992087216,0.6326641183753678,0.36733588162463215,0.0661,0.0,6.223936080932617
False,40000,0,0,0,0,40000,0,0,10000,10000,0,0,0,10000,0,0.0,0.0,0.0,7c63d45d9ec5aab26bcbcab1b90489c75c8801d40cc0618700b789908e2cf09f,1000,10,1000,808,assigned_level_sensitivity,dynamic,periodic,0.0,False,False,,True,1.0,25.0,0.0,0.0,0.0,0,10000,0,0.0,0,0.0,59.999593770595176,0.8520190000000052,335,197,22,281,39165,40000,0,0.0,0,0.0,0.0,0,0.0,0.6870059824993756,0.6870059824993756,0.6884000000000013,40000,0.6872025310554913,10000,10000,0.49499853424859647,10000,0.49499853424859647,0.6331505736334276,0.36684942636657236,0.066,0.0,6.554694414138794
False,40000,0,0,0,0,40000,0,0,10000,10000,0,0,0,10000,0,0.0,0.0,0.0,eef449dd20942c378220d3adc9ae3b30fc789520b6b67ed578877c5612b469b0,1000,10,1000,909,assigned_level_sensitivity,dynamic,periodic,0.0,False,False,,True,1.0,25.0,0.0,0.0,0.0,0,10000,0,0.0,0,0.0,59.999840147681866,0.8519327500000129,258,294,139,222,39087,40000,0,0.0,0,0.0,0.0,0,0.0,0.6869397224993763,0.6869397224993763,0.6884000000000013,40000,0.687101209341304,10000,10000,0.49584996994694885,10000,0.49584996994694885,0.6327971667774889,0.3672028332225111,0.066,0.0,5.900796890258789
False,40000,0,0,0,0,40000,0,0,10000,10000,0,0,0,10000,0,0.0,0.0,0.0,04934f877793a2796930a2bda98f59e881d2801d5332d809293e526026756d4f,1000,10,1000,1010,assigned_level_sensitivity,dynamic,periodic,0.0,False,False,,True,1.0,25.0,0.0,0.0,0.0,0,10000,0,0.0,0,0.0,59.99976439642802,0.8515017500000064,281,313,81,182,39143,40000,0,0.0,0,0.0,0.0,0,0.0,0.6869231549993748,0.6869231549993748,0.6884000000000013,40000,0.6871720429300376,10000,10000,0.4955988638901479,10000,0.4955988638901479,0.6339708388960779,0.36602916110392214,0.064,0.0,6.079634189605713
True,16000,2000,9000,0,0,5000,0,0,4000,4000,2000,0,0,2000,0,0.5,0.0,0.5,21f8a0302771da6bb23b3802a6c8461ebd04f9ceef35334bcd274c2a2dae5c19,40,4,1000,101,assigned_level_sensitivity,dynamic,periodic,0.0,False,True,,True,1.0,25.0,0.0,0.0,0.0,0,4000,2000,0.5,0,0.0,59.99998629373536,0.8101500000000577,3000,0,0,0,2000,5000,856,0.1712,6,0.007009345794392523,0.003160296065753309,0.0,0.0,0.6227600000000232,0.19461250000000724,0.34420000000000067,5000,0.23418136155191327,4000,4000,0.1289564448091323,1968,0.3670899223246177,0.19014740376544742,0.8098525962345526,0.638,0.2381334775154854,1.5519130229949951
True,16000,2000,9000,0,0,5000,0,0,4000,4000,2000,0,0,2000,0,0.5,0.0,0.5,0e494ecde600ff746abe6c52817b85176dfcf8af364a445fe55035d33cf9d251,40,4,1000,202,assigned_level_sensitivity,dynamic,periodic,0.0,False,True,,True,1.0,25.0,0.0,0.0,0.0,0,4000,2000,0.5,0,0.0,59.99998094239039,0.8100660000000577,3000,0,0,0,2000,5000,928,0.1856,3,0.003232758620689655,0.00325021580172321,0.0,0.0,0.6227600000000232,0.19461250000000724,0.34420000000000067,5000,0.23442024958671698,4000,4000,0.11921902212662294,1920,0.34825715438569776,0.1570875361470208,0.8429124638529792,0.662,0.22903813225907482,1.5429584980010986
True,16000,2000,9000,0,0,5000,0,0,4000,4000,2000,0,0,2000,0,0.5,0.0,0.5,0b2fd68a6068af12d512455cd9e994331509a9e3e6f76059acbf69b9b6df6b56,40,4,1000,303,assigned_level_sensitivity,dynamic,periodic,0.0,False,True,,True,1.0,25.0,0.0,0.0,0.0,0,4000,2000,0.5,0,0.0,59.99989590588852,0.8101240000000577,3000,0,0,0,2000,5000,808,0.1616,3,0.0037128712871287127,0.0031490382896528194,0.0,0.0,0.6227600000000232,0.19461250000000724,0.34420000000000067,5000,0.2343109163086275,4000,4000,0.12906717382830968,1920,0.3617578002055593,0.1765983344448519,0.8234016655551482,0.654,0.23269062637724963,1.5478765964508057
True,16000,2000,9000,0,0,5000,0,0,4000,4000,2000,0,0,2000,0,0.5,0.0,0.5,9ed7cd1876d7d0d6aa58d71297969eacc91b0db9761b824a850a1e021614734e,40,4,1000,404,assigned_level_sensitivity,dynamic,periodic,0.0,False,True,,True,1.0,25.0,0.0,0.0,0.0,0,4000,2000,0.5,0,0.0,59.99999175542311,0.8100180000000576,3000,0,0,0,2000,5000,864,0.1728,4,0.004629629629629629,0.004122354446538136,0.0,0.0,0.6227600000000232,0.19461250000000724,0.34420000000000067,5000,0.23485779730753886,4000,4000,0.11813634226981376,1872,0.34828164499163167,0.15996849996756526,0.8400315000324348,0.666,0.2301453027218179,1.80454421043396
True,16000,2000,9000,0,0,5000,0,0,4000,4000,2000,0,0,2000,0,0.5,0.0,0.5,e05bcf92cfeb507f99a5fc1a653fe5a3cfec322babd1a7651762a4f1ab48be6a,40,4,1000,505,assigned_level_sensitivity,dynamic,periodic,0.0,False,True,,True,1.0,25.0,0.0,0.0,0.0,0,4000,2000,0.5,0,0.0,59.999977861951095,0.8101780000000577,3000,0,0,0,2000,5000,832,0.1664,2,0.002403846153846154,0.0028582221899895923,0.0,0.0,0.6227600000000232,0.19461250000000724,0.34420000000000067,5000,0.23533135588564613,4000,4000,0.12499673521970045,1944,0.3529724914344107,0.18819456001297719,0.8118054399870228,0.654,0.22797575621471022,1.9395496845245361
True,16000,2000,9000,0,0,5000,0,0,4000,4000,2000,0,0,2000,0,0.5,0.0,0.5,ac29201d7ecbec8ef74350bda1e1d454235bdea6ffcc7e2316024f01b0a4d622,40,4,1000,606,assigned_level_sensitivity,dynamic,periodic,0.0,False,True,,True,1.0,25.0,0.0,0.0,0.0,0,4000,2000,0.5,0,0.0,59.99997293634987,0.8100800000000576,3000,0,0,0,2000,5000,848,0.1696,3,0.003537735849056604,0.003105559097180277,0.0,0.0,0.6227600000000232,0.19461250000000724,0.34420000000000067,5000,0.23373616276064993,4000,4000,0.11803907712693375,1952,0.3393988644401366,0.1540310867469977,0.8459689132530023,0.656,0.22135978731320288,1.5751068592071533
True,16000,2000,9000,0,0,5000,0,0,4000,4000,2000,0,0,2000,0,0.5,0.0,0.5,265d13cb8b0d40ddd6fe43b474e5e42dcb645a5dd8fdf577173073bdc8da3d24,40,4,1000,707,assigned_level_sensitivity,dynamic,periodic,0.0,False,True,,True,1.0,25.0,0.0,0.0,0.0,0,4000,2000,0.5,0,0.0,59.99998030327362,0.8101340000000576,3000,0,0,0,2000,5000,800,0.16,4,0.005,0.003637400152717141,0.0,0.0,0.6227600000000232,0.19461250000000724,0.34420000000000067,5000,0.233622199772172,4000,4000,0.13128429204701392,2000,0.35900044544982823,0.19030203549259725,0.8096979645074027,0.63,0.22771615340281431,1.635047197341919
True,16000,2000,9000,0,0,5000,0,0,4000,4000,2000,0,0,2000,0,0.5,0.0,0.5,b6efc04df4a888bc4f72b7ae2720f940ec79475c7d8dde24b04db4a85e3cfd5b,40,4,1000,808,assigned_level_sensitivity,dynamic,periodic,0.0,False,True,,True,1.0,25.0,0.0,0.0,0.0,0,4000,2000,0.5,0,0.0,59.999968481214346,0.8101820000000576,3000,0,0,0,2000,5000,752,0.1504,7,0.009308510638297872,0.003022775659956312,0.0,0.0,0.6227600000000232,0.19461250000000724,0.34420000000000067,5000,0.2329938193630814,4000,4000,0.13158832314003618,1904,0.3715728369798763,0.19713410370596035,0.8028658962940396,0.642,0.23998451383984012,1.587613821029663
True,16000,2000,9000,0,0,5000,0,0,4000,4000,2000,0,0,2000,0,0.5,0.0,0.5,12412b380783c4f12cc27c0c040c59c603fd9765f9b637765d71fbcca8d64fd4,40,4,1000,909,assigned_level_sensitivity,dynamic,periodic,0.0,False,True,,True,1.0,25.0,0.0,0.0,0.0,0,4000,2000,0.5,0,0.0,59.99996387951051,0.8101440000000576,3000,0,0,0,2000,5000,808,0.1616,1,0.0012376237623762376,0.0035733461949901514,0.0,0.0,0.6227600000000232,0.19461250000000724,0.34420000000000067,5000,0.2344389373977718,4000,4000,0.13136833943283047,1928,0.3703307884723545,0.18408280677356204,0.815917193226438,0.642,0.23896244903952404,1.6184768676757812
True,16000,2000,9000,0,0,5000,0,0,4000,4000,2000,0,0,2000,0,0.5,0.0,0.5,811d5b078322620c14071e65d3f45bb2ffd40b921cdd2ebccc8598f02a9f739b,40,4,1000,1010,assigned_level_sensitivity,dynamic,periodic,0.0,False,True,,True,1.0,25.0,0.0,0.0,0.0,0,4000,2000,0.5,0,0.0,59.99996593723324,0.8101560000000576,3000,0,0,0,2000,5000,840,0.168,3,0.0035714285714285713,0.00297202530561326,0.0,0.0,0.6227600000000232,0.19461250000000724,0.34420000000000067,5000,0.23647755639606496,4000,4000,0.12544780383537676,1896,0.3613303172653409,0.16256154874390158,0.8374384512560984,0.656,0.2358825134299641,1.6165738105773926
True,24000,4000,15000,0,0,5000,0,0,6000,6000,4000,0,0,2000,0,0.6666666666666666,0.0,0.6666666666666666,6a4dad3977b85b88fe0df3b8aa631eda18869a7251a7750b2f82bb25786a2fbd,40,6,1000,101,assigned_level_sensitivity,dynamic,periodic,0.0,False,True,,True,1.0,25.0,0.0,0.0,0.0,0,6000,4000,0.6666666666666666,0,0.0,59.99998209898719,0.8100560000000576,3000,0,0,0,2000,5000,916,0.1832,6,0.006550218340611353,0.0031078505004948753,0.0,0.0,0.6227600000000232,0.12974166666667147,0.22946666666666712,5000,0.15969492610855313,6000,6000,0.08441378386445487,2188,0.34148662990494005,0.11684616778042449,0.8831538322195756,0.7506666666666667,0.2570728460404852,2.302374839782715
True,24000,4000,15000,0,0,5000,0,0,6000,6000,4000,0,0,2000,0,0.6666666666666666,0.0,0.6666666666666666,33563e7a02259ccd5538d8dba6585e82daf158ccb83f8fa21592992639e82c21,40,6,1000,202,assigned_level_sensitivity,dynamic,periodic,0.0,False,True,,True,1.0,25.0,0.0,0.0,0.0,0,6000,4000,0.6666666666666666,0,0.0,59.99998499628892,0.8100760000000576,3000,0,0,0,2000,5000,892,0.1784,6,0.006726457399103139,0.003590374914258194,0.0,0.0,0.6227600000000232,0.12974166666667147,0.22946666666666712,5000,0.15980686404235717,6000,6000,0.07844667698293788,2136,0.3312926076606794,0.09987008791835775,0.9001299120816423,0.7626666666666667,0.2528459306777415,2.1951112747192383
True,24000,4000,15000,0,0,5000,0,0,6000,6000,4000,0,0,2000,0,0.6666666666666666,0.0,0.6666666666666666,257399eca8bfe4dd77587a6d52c47a170e46216901bcb6faabee18d46ca7e5fd,40,6,1000,303,assigned_level_sensitivity,dynamic,periodic,0.0,False,True,,True,1.0,25.0,0.0,0.0,0.0,0,6000,4000,0.6666666666666666,0,0.0,59.99998435385736,0.8100980000000577,3000,0,0,0,2000,5000,872,0.1744,4,0.0045871559633027525,0.003816610424272899,0.0,0.0,0.6227600000000232,0.12974166666667147,0.22946666666666712,5000,0.15964221520105268,6000,6000,0.07955884556578884,2168,0.3300616486053578,0.1026549152049119,0.8973450847950881,0.7613333333333333,0.25050280303956896,2.273416519165039
True,24000,4000,15000,0,0,5000,0,0,6000,6000,4000,0,0,2000,0,0.6666666666666666,0.0,0.6666666666666666,faf33b09b24a381669bca80fe7bff5cf6d08fad7133f8cfc2d5ca370f51adc22,40,6,1000,404,assigned_level_sensitivity,dynamic,periodic,0.0,False,True,,True,1.0,25.0,0.0,0.0,0.0,0,6000,4000,0.6666666666666666,0,0.0,59.99999095282015,0.8100500000000577,3000,0,0,0,2000,5000,884,0.1768,2,0.0022624434389140274,0.0037769497500811894,0.0,0.0,0.6227600000000232,0.12974166666667147,0.22946666666666712,5000,0.1595149201424691,6000,6000,0.08210419617921531,2168,0.33651984491924564,0.10997522183182382,0.8900247781681762,0.7553333333333333,0.2544156487400303,2.8821959495544434
True,24000,4000,15000,0,0,5000,0,0,6000,6000,4000,0,0,2000,0,0.6666666666666666,0.0,0.6666666666666666,63b6d747d0072e50ec76db2589c47c689fce2bad9506fd548237038851a113da,40,6,1000,505,assigned_level_sensitivity,dynamic,periodic,0.0,False,True,,True,1.0,25.0,0.0,0.0,0.0,0,6000,4000,0.6666666666666666,0,0.0,59.999988942726716,0.8101820000000576,3000,0,0,0,2000,5000,912,0.1824,3,0.003289473684210526,0.0029297348741696007,0.0,0.0,0.6227600000000232,0.12974166666667147,0.22946666666666712,5000,0.15963125120853225,6000,6000,0.07855541349578005,2144,0.33057774034234305,0.11016595627565363,0.8898340437243464,0.7633333333333333,0.252022326846563,2.5827507972717285
True,24000,4000,15000,0,0,5000,0,0,6000,6000,4000,0,0,2000,0,0.6666666666666666,0.0,0.6666666666666666,3d9622dd72654837a49db96461700a69da368fd692b6e6f83d722ad648f50e21,40,6,1000,606,assigned_level_sensitivity,dynamic,periodic,0.0,False,True,,True,1.0,25.0,0.0,0.0,0.0,0,6000,4000,0.6666666666666666,0,0.0,59.99998358975806,0.8101240000000577,3000,0,0,0,2000,5000,924,0.1848,4,0.004329004329004329,0.0037272307213018804,0.0,0.0,0.6227600000000232,0.12974166666667147,0.22946666666666712,5000,0.15975236270599089,6000,6000,0.08242111958617564,2172,0.33898759394916106,0.0990525564611183,0.9009474435388817,0.7533333333333333,0.2565664743629854,2.4786934852600098
True,24000,4000,15000,0,0,5000,0,0,6000,6000,4000,0,0,2000,0,0.6666666666666666,0.0,0.6666666666666666,172bfd6bc25d3b2aeebad37e40360cccea4f70b0181ab26f412ae6d78059bb20,40,6,1000,707,assigned_level_sensitivity,dynamic,periodic,0.0,False,True,,True,1.0,25.0,0.0,0.0,0.0,0,6000,4000,0.6666666666666666,0,0.0,59.999996955913986,0.8100920000000577,3000,0,0,0,2000,5000,868,0.1736,4,0.004608294930875576,0.0036224963429336943,0.0,0.0,0.6227600000000232,0.12974166666667147,0.22946666666666712,5000,0.1596689321013145,6000,6000,0.08240954038354054,2168,0.3377915868674302,0.10915139850082507,0.8908486014991749,0.7533333333333333,0.2553820464838897,2.434316873550415
True,24000,4000,15000,0,0,5000,0,0,6000,6000,4000,0,0,2000,0,0.6666666666666666,0.0,0.6666666666666666,6c0fc56e1361825e2407d8ff04b487a90ba411735adb09a2a7bc492b395001ed,40,6,1000,808,assigned_level_sensitivity,dynamic,periodic,0.0,False,True,,True,1.0,25.0,0.0,0.0,0.0,0,6000,4000,0.6666666666666666,0,0.0,59.99996762746727,0.8101180000000577,3000,0,0,0,2000,5000,872,0.1744,3,0.0034403669724770644,0.0033482909220237684,0.0,0.0,0.6227600000000232,0.12974166666667147,0.22946666666666712,5000,0.15965929503629395,6000,6000,0.08515155625280234,2168,0.34774084531624283,0.11238311367687678,0.8876168863231232,0.748,0.2625892890634405,2.5149474143981934
True,24000,4000,15000,0,0,5000,0,0,6000,6000,4000,0,0,2000,0,0.6666666666666666,0.0,0.6666666666666666,4d79813b7e35e595ce461e9cf5f636bd0f0345093fcf2de489cd6dd6dbe6b8a2,40,6,1000,909,assigned_level_sensitivity,dynamic,periodic,0.0,False,True,,True,1.0,25.0,0.0,0.0,0.0,0,6000,4000,0.6666666666666666,0,0.0,59.99999504510957,0.8100080000000577,3000,0,0,0,2000,5000,908,0.1816,4,0.004405286343612335,0.0038125996849823775,0.0,0.0,0.6227600000000232,0.12974166666667147,0.22946666666666712,5000,0.15978598002341016,6000,6000,0.07842480923876217,2128,0.33079875546631066,0.0999218516308578,0.9000781483691422,0.7633333333333333,0.2523739462275485,2.3916218280792236
True,24000,4000,15000,0,0,5000,0,0,6000,6000,4000,0,0,2000,0,0.6666666666666666,0.0,0.6666666666666666,f18877a3c826826cf97db213fe4657d174d4c69a2cbeacfb521a74de6c723b70,40,6,1000,1010,assigned_level_sensitivity,dynamic,periodic,0.0,False,True,,True,1.0,25.0,0.0,0.0,0.0,0,6000,4000,0.6666666666666666,0,0.0,59.99998265590927,0.8100880000000577,3000,0,0,0,2000,5000,868,0.1736,5,0.00576036866359447,0.0035631029948254016,0.0,0.0,0.6227600000000232,0.12974166666667147,0.22946666666666712,5000,0.15972306828369506,6000,6000,0.07950300374777822,2136,0.3327829829314477,0.09989264524742492,0.9001073547525751,0.76,0.2532799791836695,2.322066068649292
True,32000,6000,21000,0,0,5000,0,0,8000,8000,6000,0,0,2000,0,0.75,0.0,0.75,97f621bb94ffa2c21ab6b9797acc612d8dfa2403fc7157e00a87398b5763eef6,40,8,1000,101,assigned_level_sensitivity,dynamic,periodic,0.0,False,True,,True,1.0,25.0,0.0,0.0,0.0,0,8000,6000,0.75,0,0.0,59.99995022728979,0.8100860000000576,3000,0,0,0,2000,5000,936,0.1872,5,0.005341880341880342,0.0038784102900534007,0.0,0.0,0.6227600000000232,0.09730625000000362,0.17210000000000034,5000,0.12163110170900718,8000,8000,0.05531545799698444,2232,0.3155947216513318,0.07081984736134063,0.9291801526386594,0.826,0.26027926365434734,3.150132894515991
True,32000,6000,21000,0,0,5000,0,0,8000,8000,6000,0,0,2000,0,0.75,0.0,0.75,c4838e409d22d8ad648f7a69ffe137bfe4673efef25369be07eea77a0c578090,40,8,1000,202,assigned_level_sensitivity,dynamic,periodic,0.0,False,True,,True,1.0,25.0,0.0,0.0,0.0,0,8000,6000,0.75,0,0.0,59.99997690805682,0.8100440000000576,3000,0,0,0,2000,5000,960,0.192,4,0.004166666666666667,0.004585544142883524,0.0,0.0,0.6227600000000232,0.09730625000000362,0.17210000000000034,5000,0.1214141657782808,8000,8000,0.05411787004534292,2136,0.3208129668281781,0.06456579353317918,0.9354342064668209,0.833,0.2666950967828352,3.411810874938965
True,32000,6000,21000,0,0,5000,0,0,8000,8000,6000,0,0,2000,0,0.75,0.0,0.75,eab19b10064473edc9dbd3416313d50f100a2f17e25f5c6ccf0841281a70c7bf,40,8,1000,303,assigned_level_sensitivity,dynamic,periodic,0.0,False,True,,True,1.0,25.0,0.0,0.0,0.0,0,8000,6000,0.75,0,0.0,59.99996548971351,0.8100560000000576,3000,0,0,0,2000,5000,928,0.1856,3,0.003232758620689655,0.0036728304845809485,0.0,0.0,0.6227600000000232,0.09730625000000362,0.17210000000000034,5000,0.12139800187462067,8000,8000,0.05801000408838599,2232,0.32312397988360503,0.07702526967616605,0.9229747303238339,0.821,0.26511397579521906,3.298234224319458
True,32000,6000,21000,0,0,5000,0,0,8000,8000,6000,0,0,2000,0,0.75,0.0,0.75,1b9cb08b02eb6ba1f99f2e9b54b11365b4450ca3c69f9c814f24f386c0f88106,40,8,1000,404,assigned_level_sensitivity,dynamic,periodic,0.0,False,True,,True,1.0,25.0,0.0,0.0,0.0,0,8000,6000,0.75,0,0.0,59.99999728811814,0.8101440000000576,3000,0,0,0,2000,5000,904,0.1808,5,0.0055309734513274336,0.003760118410302679,0.0,0.0,0.6227600000000232,0.09730625000000362,0.17210000000000034,5000,0.12158208868127557,8000,8000,0.0538004845739337,2184,0.3091813152370554,0.06534488686208127,0.9346551131379187,0.829,0.25538083066312167,3.0294840335845947
True,32000,6000,21000,0,0,5000,0,0,8000,8000,6000,0,0,2000,0,0.75,0.0,0.75,f2dfb97f786b1aed3a15b599605a3b3cc473ed25f773730109f248e9d69a4ac9,40,8,1000,505,assigned_level_sensitivity,dynamic,periodic,0.0,False,True,,True,1.0,25.0,0.0,0.0,0.0,0,8000,6000,0.75,0,0.0,59.999998887021555,0.8101560000000576,3000,0,0,0,2000,5000,920,0.184,2,0.002173913043478261,0.003350594830243883,0.0,0.0,0.6227600000000232,0.09730625000000362,0.17210000000000034,5000,0.12177962106024516,8000,8000,0.05775413179514051,2296,0.3223994787437747,0.07513610023564853,0.9248638997643515,0.816,0.26464534694863423,3.1016857624053955
True,32000,6000,21000,0,0,5000,0,0,8000,8000,6000,0,0,2000,0,0.75,0.0,0.75,672dda9b1eb6638f65c2d7f5c709d842d4ef18f35c02fb050d9ea90f86cbb512,40,8,1000,606,assigned_level_sensitivity,dynamic,periodic,0.0,False,True,,True,1.0,25.0,0.0,0.0,0.0,0,8000,6000,0.75,0,0.0,59.99995768542503,0.8100660000000577,3000,0,0,0,2000,5000,968,0.1936,0,0.0,0.004103749718698046,0.0,0.0,0.6227600000000232,0.09730625000000362,0.17210000000000034,5000,0.12119644615668695,8000,8000,0.05461520670004418,2200,0.3172693309679557,0.0619690355736223,0.9380309644263777,0.828,0.2626541242679115,3.31149959564209
True,32000,6000,21000,0,0,5000,0,0,8000,8000,6000,0,0,2000,0,0.75,0.0,0.75,f992235d8527af7dedb1f19ea6d329fab34c4c7cbc48c21c3e45eb24dae389a6,40,8,1000,707,assigned_level_sensitivity,dynamic,periodic,0.0,False,True,,True,1.0,25.0,0.0,0.0,0.0,0,8000,6000,0.75,0,0.0,59.99995120670981,0.8101340000000576,3000,0,0,0,2000,5000,880,0.176,0,0.0,0.0043232273924117045,0.0,0.0,0.6227600000000232,0.09730625000000362,0.17210000000000034,5000,0.12120029555961828,8000,8000,0.058073447768947455,2232,0.3178092246943913,0.07185668771092374,0.9281433122890763,0.818,0.25973577692544386,3.103599786758423
True,32000,6000,21000,0,0,5000,0,0,8000,8000,6000,0,0,2000,0,0.75,0.0,0.75,fbebac9b2d9b4418fc747b116f956e83cb5e17dc2a605bddba1efa2b902dccaf,40,8,1000,808,assigned_level_sensitivity,dynamic,periodic,0.0,False,True,,True,1.0,25.0,0.0,0.0,0.0,0,8000,6000,0.75,0,0.0,59.999988914706194,0.8101900000000576,3000,0,0,0,2000,5000,960,0.192,4,0.004166666666666667,0.003649168296441548,0.0,0.0,0.6227600000000232,0.09730625000000362,0.17210000000000034,5000,0.12059016990315287,8000,8000,0.06004172192500856,2296,0.32645594238881864,0.06867816496979777,0.9313218350302023,0.812,0.2664142204638101,3.202606439590454
True,32000,6000,21000,0,0,5000,0,0,8000,8000,6000,0,0,2000,0,0.75,0.0,0.75,e51f99873a7f2d35497d1f47a5cc48a90e954bb4517c701acb3a7405c1f2aa9e,40,8,1000,909,assigned_level_sensitivity,dynamic,periodic,0.0,False,True,,True,1.0,25.0,0.0,0.0,0.0,0,8000,6000,0.75,0,0.0,59.999971349806536,0.8101040000000577,3000,0,0,0,2000,5000,944,0.1888,1,0.001059322033898305,0.00498995988721522,0.0,0.0,0.6227600000000232,0.09730625000000362,0.17210000000000034,5000,0.12153405758127794,8000,8000,0.06372661937561493,2216,0.3511861313197547,0.07858770128810041,0.9214122987118996,0.807,0.28745951194413977,3.211099624633789
True,32000,6000,21000,0,0,5000,0,0,8000,8000,6000,0,0,2000,0,0.75,0.0,0.75,42f7d840a24319166eed8aa60e812626eb64ea7ff87bc028b49bb1be6920759a,40,8,1000,1010,assigned_level_sensitivity,dynamic,periodic,0.0,False,True,,True,1.0,25.0,0.0,0.0,0.0,0,8000,6000,0.75,0,0.0,59.99999414009745,0.8102040000000577,3000,0,0,0,2000,5000,840,0.168,3,0.0035714285714285713,0.003738449516771556,0.0,0.0,0.6227600000000232,0.09730625000000362,0.17210000000000034,5000,0.1222180517189077,8000,8000,0.0564623718286977,2152,0.3307758704262396,0.07176709032957412,0.9282329096704258,0.822,0.27431349859754195,3.069697380065918
True,40000,8000,27000,0,0,5000,0,0,10000,10000,8000,0,0,2000,0,0.8,0.0,0.8,2f9815e81070414318c7003df6d1b1178dd679c15b681114573116c73dd8fb43,40,10,1000,101,assigned_level_sensitivity,dynamic,periodic,0.0,False,True,,True,1.0,25.0,0.0,0.0,0.0,0,10000,8000,0.8,0,0.0,59.99996588530341,0.8101200000000577,3000,0,0,0,2000,5000,880,0.176,2,0.0022727272727272726,0.003476788278304645,0.0,0.0,0.6227600000000232,0.0778450000000029,0.13768000000000027,5000,0.0977942713300626,10000,10000,0.03763907615389832,2140,0.29617137637970475,0.036814055595381194,0.9631859444046188,0.872,0.2585323002258064,4.308299541473389
True,40000,8000,27000,0,0,5000,0,0,10000,10000,8000,0,0,2000,0,0.8,0.0,0.8,f588a1a7dd35c43ca5cd0c5dc6d772d84fd11f1b52a1b694255f58385a7cbd47,40,10,1000,202,assigned_level_sensitivity,dynamic,periodic,0.0,False,True,,True,1.0,25.0,0.0,0.0,0.0,0,10000,8000,0.8,0,0.0,59.99991770589518,0.8101080000000577,3000,0,0,0,2000,5000,980,0.196,4,0.004081632653061225,0.005110486996930281,0.0,0.0,0.6227600000000232,0.0778450000000029,0.13768000000000027,5000,0.09828646082222436,10000,10000,0.04514488026729105,2460,0.3169609952522436,0.05679781596697871,0.9432021840330213,0.852,0.2718161149849525,4.268221378326416
True,40000,8000,27000,0,0,5000,0,0,10000,10000,8000,0,0,2000,0,0.8,0.0,0.8,dcb77f9aefb7d6732499025807b143c565a708d7e25d73af17f1cbe2ffbc82de,40,10,1000,303,assigned_level_sensitivity,dynamic,periodic,0.0,False,True,,True,1.0,25.0,0.0,0.0,0.0,0,10000,8000,0.8,0,0.0,59.999986681630574,0.8100940000000576,3000,0,0,0,2000,5000,1060,0.212,4,0.0037735849056603774,0.004613326983324974,0.0,0.0,0.6227600000000232,0.0778450000000029,0.13768000000000027,5000,0.09778823304194487,10000,10000,0.04380324152316845,2300,0.2974113548781366,0.04921303083872628,0.9507869691612737,0.862,0.25360811335496813,4.665097713470459
True,40000,8000,27000,0,0,5000,0,0,10000,10000,8000,0,0,2000,0,0.8,0.0,0.8,6babd19d969f5f6f65b16c3570bfa89a18a1edbd0800cc44eb1dba18056772a3,40,10,1000,404,assigned_level_sensitivity,dynamic,periodic,0.0,False,True,,True,1.0,25.0,0.0,0.0,0.0,0,10000,8000,0.8,0,0.0,59.99997787496578,0.8101680000000576,3000,0,0,0,2000,5000,940,0.188,3,0.0031914893617021275,0.005267994690074282,0.0,0.0,0.6227600000000232,0.0778450000000029,0.13768000000000027,5000,0.0977769581497475,10000,10000,0.04741400700432614,2440,0.30394820142659823,0.060600223325800395,0.9393997766741996,0.852,0.2565341944222721,4.635585069656372
True,40000,8000,27000,0,0,5000,0,0,10000,10000,8000,0,0,2000,0,0.8,0.0,0.8,22c9a1164f43974679fced3ed6b5990ee73fb128d9489ef5cc1263cdb210f7b9,40,10,1000,505,assigned_level_sensitivity,dynamic,periodic,0.0,False,True,,True,1.0,25.0,0.0,0.0,0.0,0,10000,8000,0.8,0,0.0,59.9999961899309,0.8100660000000577,3000,0,0,0,2000,5000,920,0.184,7,0.007608695652173913,0.004125793049257759,0.0,0.0,0.6227600000000232,0.0778450000000029,0.13768000000000027,5000,0.09792619617384478,10000,10000,0.04622476469920455,2260,0.3284453564154583,0.05660040499335191,0.943399595006648,0.858,0.28222059171625374,4.33545994758606
True,40000,8000,27000,0,0,5000,0,0,10000,10000,8000,0,0,2000,0,0.8,0.0,0.8,e2cab11e1d960196eb4f37ab1c18bfb69022ea3441ddcc253f34d6f0b67c4a08,40,10,1000,606,assigned_level_sensitivity,dynamic,periodic,0.0,False,True,,True,1.0,25.0,0.0,0.0,0.0,0,10000,8000,0.8,0,0.0,59.999990286323126,0.8101200000000577,3000,0,0,0,2000,5000,880,0.176,5,0.005681818181818182,0.004168037584587667,0.0,0.0,0.6227600000000232,0.0778450000000029,0.13768000000000027,5000,0.09855183190742242,10000,10000,0.04091266489088368,2260,0.2827070899010367,0.046920755608429274,0.9530792443915708,0.864,0.24179442501015302,4.324049949645996
True,40000,8000,27000,0,0,5000,0,0,10000,10000,8000,0,0,2000,0,0.8,0.0,0.8,d364e21fd49806d7791cfe1a1ea3de664a54936826e0ca81830445b7cd44ec7f,40,10,1000,707,assigned_level_sensitivity,dynamic,periodic,0.0,False,True,,True,1.0,25.0,0.0,0.0,0.0,0,10000,8000,0.8,0,0.0,59.99999615960624,0.8100500000000576,3000,0,0,0,2000,5000,1000,0.2,5,0.005,0.004207152308430576,0.0,0.0,0.6227600000000232,0.0778450000000029,0.13768000000000027,5000,0.0980800478095444,10000,10000,0.051092140232971234,2220,0.3556904867011278,0.055383380765544096,0.944616619234456,0.848,0.30459834646815653,4.3675549030303955
True,40000,8000,27000,0,0,5000,0,0,10000,10000,8000,0,0,2000,0,0.8,0.0,0.8,50865e07e6c39763e73e17f86e42861f813803fb7d94429fdb0b0c0cc11fd11a,40,10,1000,808,assigned_level_sensitivity,dynamic,periodic,0.0,False,True,,True,1.0,25.0,0.0,0.0,0.0,0,10000,8000,0.8,0,0.0,59.99996384161611,0.8100840000000575,3000,0,0,0,2000,5000,1000,0.2,6,0.006,0.0046906665536100645,0.0,0.0,0.6227600000000232,0.0778450000000029,0.13768000000000027,5000,0.098502631700041,10000,10000,0.04870995543232564,2240,0.337434950544921,0.054680696610985235,0.9453193033890148,0.854,0.28872499511259536,4.355139493942261
True,40000,8000,27000,0,0,5000,0,0,10000,10000,8000,0,0,2000,0,0.8,0.0,0.8,12b78f2a9884249b7ded07c427f40e73b345d16c29d0e8991f05014d2e0f7c02,40,10,1000,909,assigned_level_sensitivity,dynamic,periodic,0.0,False,True,,True,1.0,25.0,0.0,0.0,0.0,0,10000,8000,0.8,0,0.0,59.9999879159391,0.8100840000000575,3000,0,0,0,2000,5000,1020,0.204,2,0.00196078431372549,0.004813127513972808,0.0,0.0,0.6227600000000232,0.0778450000000029,0.13768000000000027,5000,0.09879618620320017,10000,10000,0.048881679018638505,2120,0.359982835395753,0.049960967028575796,0.9500390329714242,0.85,0.3111011563771145,4.665354490280151
True,40000,8000,27000,0,0,5000,0,0,10000,10000,8000,0,0,2000,0,0.8,0.0,0.8,2570b73e2ddca6a89adda5306b808d704bc4d4c60db378017d416fac7fdf0ed1,40,10,1000,1010,assigned_level_sensitivity,dynamic,periodic,0.0,False,True,,True,1.0,25.0,0.0,0.0,0.0,0,10000,8000,0.8,0,0.0,59.999975264328,0.8101080000000576,3000,0,0,0,2000,5000,860,0.172,2,0.002325581395348837,0.004198666096657343,0.0,0.0,0.6227600000000232,0.0778450000000029,0.13768000000000027,5000,0.09804182546923254,10000,10000,0.04699529554982426,2220,0.31371573494939287,0.05420987762085735,0.9457901223791426,0.862,0.2667204393995686,4.781993627548218
True,16000,1000,11000,0,0,4000,0,0,4000,4000,1000,0,0,3000,0,0.25,0.0,0.25,2e38c1a1345af1fb3b4f8b2141ce9e048f1cd8b339a99d070dec77739c047cb0,50,4,1000,101,assigned_level_sensitivity,dynamic,periodic,0.0,False,True,,True,1.0,25.0,0.0,0.0,0.0,0,4000,1000,0.25,0,0.0,59.99999504611791,0.8288400000000323,538,462,0,0,3000,4000,552,0.138,0,0.0,0.009647234784891583,0.0,0.0,0.6655891500000082,0.16639728750000204,0.516300000000001,4000,0.21384640191516024,4000,4000,0.09242399006910738,1720,0.3557127391158048,0.11611710377742394,0.8838828962225761,0.724,0.2632887490466974,1.41452956199646
True,16000,1000,11000,0,0,4000,0,0,4000,4000,1000,0,0,3000,0,0.25,0.0,0.25,18715205df0c2aa164ad75c70d4c937fc97c2d4380aa66245696368a95d95d8a,50,4,1000,202,assigned_level_sensitivity,dynamic,periodic,0.0,False,True,,True,1.0,25.0,0.0,0.0,0.0,0,4000,1000,0.25,0,0.0,59.99999639331072,0.8288950000000324,538,462,0,0,3000,4000,504,0.126,0,0.0,0.008422319894437057,0.0,0.0,0.6655891500000082,0.16639728750000204,0.516300000000001,4000,0.21422800600791636,4000,4000,0.09539189375571147,1708,0.36687730578364564,0.10307537859839198,0.896924621401608,0.724,0.2714854120279342,1.5213398933410645
True,16000,1000,11000,0,0,4000,0,0,4000,4000,1000,0,0,3000,0,0.25,0.0,0.25,189fdf4720562237ee8611185ce06d14588b910da733f2cf9b152955c065b9f1,50,4,1000,303,assigned_level_sensitivity,dynamic,periodic,0.0,False,True,,True,1.0,25.0,0.0,0.0,0.0,0,4000,1000,0.25,0,0.0,59.99999192871931,0.8288200000000324,536,464,0,0,3000,4000,624,0.156,0,0.0,0.007870755232569563,0.0,0.0,0.6656088000000083,0.16640220000000208,0.516300000000001,4000,0.21467755615910752,4000,4000,0.09253462603931761,1668,0.35424761959990714,0.1036149720274008,0.8963850279725992,0.74325,0.2617129935605895,2.018211841583252
True,16000,1000,11000,0,0,4000,0,0,4000,4000,1000,0,0,3000,0,0.25,0.0,0.25,70f017fa61249b7608d2fef726e13a913a2425a6722c197907db86cbc4137f1d,50,4,1000,404,assigned_level_sensitivity,dynamic,periodic,0.0,False,True,,True,1.0,25.0,0.0,0.0,0.0,0,4000,1000,0.25,0,0.0,59.99999192120687,0.8288550000000324,541,459,0,0,3000,4000,648,0.162,0,0.0,0.010289000033778205,0.0,0.0,0.6655596750000082,0.16638991875000206,0.516300000000001,4000,0.21335075861118188,4000,4000,0.09179279332514148,1676,0.35778848881285935,0.10223465100830849,0.8977653489916915,0.73225,0.26599569548771784,1.7356603145599365
True,16000,1000,11000,0,0,4000,0,0,4000,4000,1000,0,0,3000,0,0.25,0.0,0.25,8a1343b3a873da43b356496ae91ed72a182cfe9ad71f1485111d745180ffa032,50,4,1000,505,assigned_level_sensitivity,dynamic,periodic,0.0,False,True,,True,1.0,25.0,0.0,0.0,0.0,0,4000,1000,0.25,0,0.0,59.99999074051119,0.8289750000000323,543,457,0,0,3000,4000,560,0.14,0,0.0,0.008793451348078258,0.0,0.0,0.6655400250000083,0.16638500625000208,0.516300000000001,4000,0.21458785561536808,4000,4000,0.0939013074453829,1744,0.3511246479074322,0.10834955894926587,0.8916504410507341,0.738,0.2572233404620493,1.9629974365234375
True,16000,1000,11000,0,0,4000,0,0,4000,4000,1000,0,0,3000,0,0.25,0.0,0.25,5e0f0a5d6049b3f5cb96f136d16cff91deda88be51827b2ee25f2525c8b545d4,50,4,1000,606,assigned_level_sensitivity,dynamic,periodic,0.0,False,True,,True,1.0,25.0,0.0,0.0,0.0,0,4000,1000,0.25,0,0.0,59.99999228941432,0.8289350000000325,540,460,0,0,3000,4000,528,0.132,0,0.0,0.008779670790771573,0.0,0.0,0.6655695000000083,0.16639237500000206,0.516300000000001,4000,0.21256917286959362,4000,4000,0.08833536224324877,1632,0.3603277425192487,0.09873769488769871,0.9012623051123013,0.737,0.2719923802759999,1.7163951396942139
True,16000,1000,11000,0,0,4000,0,0,4000,4000,1000,0,0,3000,0,0.25,0.0,0.25,a6f6a04629a427f711fd05a1cb0630f22b4fe9f1f4b2785e6358560efea211d8,50,4,1000,707,assigned_level_sensitivity,dynamic,periodic,0.0,False,True,,True,1.0,25.0,0.0,0.0,0.0,0,4000,1000,0.25,0,0.0,59.99999485396087,0.8287875000000323,535,465,0,0,3000,4000,552,0.138,0,0.0,0.00920690854474936,0.0,0.0,0.6656186250000082,0.16640465625000206,0.516300000000001,4000,0.21252832503890967,4000,4000,0.09442407423261177,1712,0.3515391109608357,0.11555381278895052,0.8844461872110495,0.738,0.2571150367282239,1.7469675540924072
True,16000,1000,11000,0,0,4000,0,0,4000,4000,1000,0,0,3000,0,0.25,0.0,0.25,ec29c247eb1573042413d4819ce87de2714e704be9190f2ce3e5a1b406870afb,50,4,1000,808,assigned_level_sensitivity,dynamic,periodic,0.0,False,True,,True,1.0,25.0,0.0,0.0,0.0,0,4000,1000,0.25,0,0.0,59.99999414183263,0.8288475000000324,538,462,0,0,3000,4000,536,0.134,0,0.0,0.009329203641041997,0.0,0.0,0.6655891500000082,0.16639728750000204,0.516300000000001,4000,0.21247393645431842,4000,4000,0.08945346147292427,1748,0.33287985932706393,0.11094322592280563,0.8890567740771944,0.741,0.24342639785413966,1.7516977787017822
True,16000,1000,11000,0,0,4000,0,0,4000,4000,1000,0,0,3000,0,0.25,0.0,0.25,abb2cf2cc17e52ed29cc9696dba0e6f08d43a7eff3e737333e1c46b9730cba03,50,4,1000,909,assigned_level_sensitivity,dynamic,periodic,0.0,False,True,,True,1.0,25.0,0.0,0.0,0.0,0,4000,1000,0.25,0,0.0,59.99999575671597,0.8288350000000324,538,462,0,0,3000,4000,608,0.152,0,0.0,0.008424655018024153,0.0,0.0,0.6655891500000083,0.16639728750000207,0.516300000000001,4000,0.21352785300550797,4000,4000,0.09424565459824719,1704,0.36430645210372153,0.11814467726850143,0.8818553227314986,0.725,0.27006079750547435,1.7327041625976562
True,16000,1000,11000,0,0,4000,0,0,4000,4000,1000,0,0,3000,0,0.25,0.0,0.25,9b6af583f53e7a04f2858175709d9ae209a035c6f29382d30c6f62987a0bf7a5,50,4,1000,1010,assigned_level_sensitivity,dynamic,periodic,0.0,False,True,,True,1.0,25.0,0.0,0.0,0.0,0,4000,1000,0.25,0,0.0,59.99999088463858,0.8288275000000324,537,463,0,0,3000,4000,592,0.148,0,0.0,0.009081273919372598,0.0,0.0,0.6655989750000082,0.16639974375000205,0.516300000000001,4000,0.2152444356707796,4000,4000,0.08607136291384927,1630,0.3545833717031421,0.0935877824779998,0.9064122175220002,0.74475,0.2685120087892928,1.9589362144470215
True,24000,3000,17000,0,0,4000,0,0,6000,6000,3000,0,0,3000,0,0.5,0.0,0.5,4fa4459c5c5339a8fc10c05e94908307c423c9ede4dab105be54d3a66907d993,50,6,1000,101,assigned_level_sensitivity,dynamic,periodic,0.0,False,True,,True,1.0,25.0,0.0,0.0,0.0,0,6000,3000,0.5,0,0.0,59.99999074051083,0.8288275000000324,537,463,0,0,3000,4000,672,0.168,0,0.0,0.00842057246148921,0.0,0.0,0.6655989750000082,0.11093316250000136,0.34420000000000067,4000,0.14417006418726075,6000,6000,0.05874297234881844,1753,0.3396603797454149,0.06529435954398807,0.9347056404560119,0.8206666666666667,0.2809174073965965,2.563917875289917
True,24000,3000,17000,0,0,4000,0,0,6000,6000,3000,0,0,3000,0,0.5,0.0,0.5,8dd229986a5f74bdadc97f465335d77c1e91775c80c13ff716152f593a25d056,50,6,1000,202,assigned_level_sensitivity,dynamic,periodic,0.0,False,True,,True,1.0,25.0,0.0,0.0,0.0,0,6000,3000,0.5,0,0.0,59.9999932815562,0.8289000000000324,539,461,0,0,3000,4000,568,0.142,0,0.0,0.008227457083951771,0.0,0.0,0.6655793250000083,0.11092988750000136,0.34420000000000067,4000,0.14345724100129376,6000,6000,0.06099610398960512,1726,0.3520142710848866,0.06855945050016687,0.9314405494998331,0.8225,0.29101816709528144,2.4937288761138916
True,24000,3000,17000,0,0,4000,0,0,6000,6000,3000,0,0,3000,0,0.5,0.0,0.5,998e3e412a9b3ffba3a2d51830b15fd0992fa5edfe478d28cee9874004b7d7e5,50,6,1000,303,assigned_level_sensitivity,dynamic,periodic,0.0,False,True,,True,1.0,25.0,0.0,0.0,0.0,0,6000,3000,0.5,0,0.0,59.99999149618376,0.8289475000000324,545,455,0,0,3000,4000,644,0.161,0,0.0,0.009480587240489002,0.0,0.0,0.6655203750000083,0.11092006250000137,0.34420000000000067,4000,0.14348392789333955,6000,6000,0.06199934116064182,1731,0.35487808478861815,0.06692065092703617,0.9330793490729639,0.8223333333333334,0.29287874362797633,2.4526679515838623
True,24000,3000,17000,0,0,4000,0,0,6000,6000,3000,0,0,3000,0,0.5,0.0,0.5,9281bc7555caeffee70111d40bdea22bf239e0d828732e0689160a10028d1f1e,50,6,1000,404,assigned_level_sensitivity,dynamic,periodic,0.0,False,True,,True,1.0,25.0,0.0,0.0,0.0,0,6000,3000,0.5,0,0.0,59.99999804983902,0.8287675000000323,537,463,0,0,3000,4000,648,0.162,0,0.0,0.010196560674133673,0.0,0.0,0.6655989750000083,0.11093316250000139,0.34420000000000067,4000,0.14311156136952188,6000,6000,0.05967629009570213,1729,0.34653324022959836,0.06879988113029419,0.9312001188697058,0.825,0.2868569501338962,2.7159712314605713
True,24000,3000,17000,0,0,4000,0,0,6000,6000,3000,0,0,3000,0,0.5,0.0,0.5,272ea2cd5bd9a9b184504f928b3b6e1c77b77792098eecaf3e3e26d6a4c29e7b,50,6,1000,505,assigned_level_sensitivity,dynamic,periodic,0.0,False,True,,True,1.0,25.0,0.0,0.0,0.0,0,6000,3000,0.5,0,0.0,59.99999815327982,0.8289200000000324,544,456,0,0,3000,4000,644,0.161,0,0.0,0.009723210230485287,0.0,0.0,0.6655302000000082,0.11092170000000137,0.34420000000000067,4000,0.14361586425970213,6000,6000,0.058933300512315885,1724,0.34266590153426785,0.06925887881612103,0.930741121183879,0.8273333333333334,0.28373260102195197,2.521787166595459
True,24000,3000,17000,0,0,4000,0,0,6000,6000,3000,0,0,3000,0,0.5,0.0,0.5,40043692d0c98fef4a216cf7ee59e5a32e4d66df3b3bd3c8f761b767ad831094,50,6,1000,606,assigned_level_sensitivity,dynamic,periodic,0.0,False,True,,True,1.0,25.0,0.0,0.0,0.0,0,6000,3000,0.5,0,0.0,59.99999920933549,0.8290475000000324,548,452,0,0,3000,4000,628,0.157,0,0.0,0.008376618096850133,0.0,0.0,0.6654909000000082,0.11091515000000136,0.34420000000000067,4000,0.14309263055323834,6000,6000,0.061547125411737416,1758,0.35363304779702365,0.06672087019746291,0.9332791298025371,0.8181666666666667,0.29208592238528625,2.4281110763549805
True,24000,3000,17000,0,0,4000,0,0,6000,6000,3000,0,0,3000,0,0.5,0.0,0.5,e304fba8bf8f05f5daeaaca2f92e4c91e46c357163f28a0c57834ed3bd0489e4,50,6,1000,707,assigned_level_sensitivity,dynamic,periodic,0.0,False,True,,True,1.0,25.0,0.0,0.0,0.0,0,6000,3000,0.5,0,0.0,59.99999847035204,0.8288475000000324,541,459,0,0,3000,4000,664,0.166,0,0.0,0.009707268966400614,0.0,0.0,0.6655596750000081,0.11092661250000135,0.34420000000000067,4000,0.14299724254932258,6000,6000,0.06319280619576859,1766,0.35064335550802267,0.0699111249477383,0.9300888750522617,0.8175,0.2874505493122541,2.3250162601470947
True,24000,3000,17000,0,0,4000,0,0,6000,6000,3000,0,0,3000,0,0.5,0.0,0.5,5bca9f68a5c346271a8971e6f97c55248ca7bc355b49a083533f4780cb450be9,50,6,1000,808,assigned_level_sensitivity,dynamic,periodic,0.0,False,True,,True,1.0,25.0,0.0,0.0,0.0,0,6000,3000,0.5,0,0.0,59.99999330449835,0.8287675000000323,537,463,0,0,3000,4000,608,0.152,0,0.0,0.010933861634426847,0.0,0.0,0.6655989750000082,0.11093316250000136,0.34420000000000067,4000,0.14303435025149722,6000,6000,0.06220342978649726,1764,0.3524945760610622,0.07203366383254846,0.9279663361674515,0.8181666666666667,0.290291146274565,2.5737576484680176
True,24000,3000,17000,0,0,4000,0,0,6000,6000,3000,0,0,3000,0,0.5,0.0,0.5,ada1373440f6dedb4b77aadb839febf1e830ca0fcaad1cbf22842124a8bfa19b,50,6,1000,909,assigned_level_sensitivity,dynamic,periodic,0.0,False,True,,True,1.0,25.0,0.0,0.0,0.0,0,6000,3000,0.5,0,0.0,59.99999215748396,0.8288950000000324,543,457,0,0,3000,4000,672,0.168,0,0.0,0.0100914180375503,0.0,0.0,0.6655400250000082,0.11092333750000137,0.34420000000000067,4000,0.14328162117549378,6000,6000,0.06182330363399924,1748,0.35219057598613024,0.0719815978903045,0.9280184021096956,0.82,0.290367272352131,2.514150619506836
True,24000,3000,17000,0,0,4000,0,0,6000,6000,3000,0,0,3000,0,0.5,0.0,0.5,a0551a6ae83356f6d3c7cd933ee7655ec95e33ceb79b1c759b370c82f9537e1a,50,6,1000,1010,assigned_level_sensitivity,dynamic,periodic,0.0,False,True,,True,1.0,25.0,0.0,0.0,0.0,0,6000,3000,0.5,0,0.0,59.999991818011296,0.8288875000000323,542,458,0,0,3000,4000,648,0.162,0,0.0,0.009423088374506798,0.0,0.0,0.6655498500000083,0.11092497500000138,0.34420000000000067,4000,0.14327623419963173,6000,6000,0.05819997857139709,1700,0.3466484942951381,0.0683863140700612,0.9316136859299388,0.8251666666666667,0.28844851572374103,2.4853615760803223
True,32000,5000,23000,0,0,4000,0,0,8000,8000,5000,0,0,3000,0,0.625,0.0,0.625,139a84a209c2003227260f1024fcf5b8fe264864884385c28512ac72add21efb,50,8,1000,101,assigned_level_sensitivity,dynamic,periodic,0.0,False,True,,True,1.0,25.0,0.0,0.0,0.0,0,8000,5000,0.625,0,0.0,59.999999634942746,0.8289675000000324,545,455,0,0,3000,4000,776,0.194,0,0.0,0.008113892796179389,0.0,0.0,0.6655203750000083,0.08319004687500103,0.2581500000000005,4000,0.10869114316756648,8000,8000,0.04222767600150728,1798,0.32919387801944144,0.053961877509417,0.9460381224905829,0.8665,0.28696620201793416,3.6914196014404297
True,32000,5000,23000,0,0,4000,0,0,8000,8000,5000,0,0,3000,0,0.625,0.0,0.625,c391c1087c9e1533c9d602cf2c3ac3d990dbaa6b3512ef0b7a80b63bf41dde4c,50,8,1000,202,assigned_level_sensitivity,dynamic,periodic,0.0,False,True,,True,1.0,25.0,0.0,0.0,0.0,0,8000,5000,0.625,0,0.0,59.99999978103973,0.8287000000000323,536,464,0,0,3000,4000,688,0.172,0,0.0,0.010480260021729299,0.0,0.0,0.6656088000000083,0.08320110000000104,0.2581500000000005,4000,0.10842816388008995,8000,8000,0.04506489329592428,1728,0.35820655773350407,0.049312102092218375,0.9506878979077816,0.865625,0.3131416644375798,3.158022165298462
True,32000,5000,23000,0,0,4000,0,0,8000,8000,5000,0,0,3000,0,0.625,0.0,0.625,3e8c6bfed3494cf1807799b06f994476e3ccf88afc8b72a91fc6305cd4764f51,50,8,1000,303,assigned_level_sensitivity,dynamic,periodic,0.0,False,True,,True,1.0,25.0,0.0,0.0,0.0,0,8000,5000,0.625,0,0.0,59.99999853764805,0.8287200000000323,535,465,0,0,3000,4000,736,0.184,0,0.0,0.009156622622903206,0.0,0.0,0.6656186250000082,0.08320232812500103,0.2581500000000005,4000,0.10864385277560859,8000,8000,0.04637626875918987,1744,0.3556515821654785,0.051400238302657976,0.9485997616973421,0.867625,0.3092753134062886,3.3141088485717773
True,32000,5000,23000,0,0,4000,0,0,8000,8000,5000,0,0,3000,0,0.625,0.0,0.625,dda17a7e1fce878306af623f86dad97c10ac133012d55f5fdcd4856533357f5a,50,8,1000,404,assigned_level_sensitivity,dynamic,periodic,0.0,False,True,,True,1.0,25.0,0.0,0.0,0.0,0,8000,5000,0.625,0,0.0,59.99999746340457,0.8288275000000324,541,459,0,0,3000,4000,776,0.194,0,0.0,0.009209555440625903,0.0,0.0,0.6655596750000081,0.08319495937500102,0.2581500000000005,4000,0.10852874953527747,8000,8000,0.041801391930864684,1736,0.33711539011459135,0.04222356961737137,0.9577764303826286,0.874,0.29531399818372667,3.0089919567108154
True,32000,5000,23000,0,0,4000,0,0,8000,8000,5000,0,0,3000,0,0.625,0.0,0.625,1dbb40906dc8edd3d08f8dde3c4f6ce7d08bda53c4de3cdaa7ab89d1f918b000,50,8,1000,505,assigned_level_sensitivity,dynamic,periodic,0.0,False,True,,True,1.0,25.0,0.0,0.0,0.0,0,8000,5000,0.625,0,0.0,59.999992362619764,0.8289150000000324,544,456,0,0,3000,4000,696,0.174,0,0.0,0.00922302557532858,0.0,0.0,0.6655302000000082,0.08319127500000102,0.2581500000000005,4000,0.10872654604412398,8000,8000,0.04643047468176254,1843,0.3410872132932617,0.05402357359031874,0.9459764264096813,0.864,0.29465673861149916,3.155432939529419
True,32000,5000,23000,0,0,4000,0,0,8000,8000,5000,0,0,3000,0,0.625,0.0,0.625,cb258d9743170b4092499dd14a3565bff363da27db8327ce7c192f0f863439f6,50,8,1000,606,assigned_level_sensitivity,dynamic,periodic,0.0,False,True,,True,1.0,25.0,0.0,0.0,0.0,0,8000,5000,0.625,0,0.0,59.9999958972212,0.8288625000000324,542,458,0,0,3000,4000,736,0.184,0,0.0,0.009422309415613048,0.0,0.0,0.6655498500000082,0.08319373125000103,0.2581500000000005,4000,0.10789089667714914,8000,8000,0.04183211579844929,1783,0.33858025616945947,0.041950867376010864,0.9580491326239892,0.867375,0.29674814037101016,3.019533157348633
True,32000,5000,23000,0,0,4000,0,0,8000,8000,5000,0,0,3000,0,0.625,0.0,0.625,8583b79fe467017a9d83a81139c3f37be24c1b606023e6093e0a0daf8edb74e1,50,8,1000,707,assigned_level_sensitivity,dynamic,periodic,0.0,False,True,,True,1.0,25.0,0.0,0.0,0.0,0,8000,5000,0.625,0,0.0,59.999993148713315,0.8286875000000324,536,464,0,0,3000,4000,728,0.182,0,0.0,0.010192486094153947,0.0,0.0,0.6656088000000083,0.08320110000000104,0.2581500000000005,4000,0.10779476923612968,8000,8000,0.043685368331533594,1782,0.33155814470678624,0.051085493499821256,0.9489145065001787,0.871625,0.28787277637525266,3.0622048377990723
True,32000,5000,23000,0,0,4000,0,0,8000,8000,5000,0,0,3000,0,0.625,0.0,0.625,a98d5fee67c1f20014dbfe4f65dfa327137e9b5a2645cecf7345d0e526f7153b,50,8,1000,808,assigned_level_sensitivity,dynamic,periodic,0.0,False,True,,True,1.0,25.0,0.0,0.0,0.0,0,8000,5000,0.625,0,0.0,59.999998855745744,0.8287350000000324,535,465,0,0,3000,4000,720,0.18,0,0.0,0.009193408257231825,0.0,0.0,0.6656186250000082,0.08320232812500103,0.2581500000000005,4000,0.10795448737862243,8000,8000,0.0417419258924017,1828,0.3240823591572698,0.04484772916797003,0.9551522708320299,0.86425,0.2823404332648681,3.460573673248291
True,32000,5000,23000,0,0,4000,0,0,8000,8000,5000,0,0,3000,0,0.625,0.0,0.625,01cafe69e39c99435fcae0732afd52759127ab3e000aa7dd98eccb2087cf4fad,50,8,1000,909,assigned_level_sensitivity,dynamic,periodic,0.0,False,True,,True,1.0,25.0,0.0,0.0,0.0,0,8000,5000,0.625,0,0.0,59.99999311209994,0.8288400000000323,542,458,0,0,3000,4000,776,0.194,0,0.0,0.00902054493969385,0.0,0.0,0.6655498500000082,0.08319373125000103,0.2581500000000005,4000,0.10827016730474202,8000,8000,0.044239657168806845,1725,0.35004085887668435,0.05320307135207394,0.9467969286479261,0.8685,0.3058012017078775,3.139586925506592
True,32000,5000,23000,0,0,4000,0,0,8000,8000,5000,0,0,3000,0,0.625,0.0,0.625,3ca5c0ca3f47e0b69a4e451973f91d0326601ddf2e6faf634f430affce87c8d9,50,8,1000,1010,assigned_level_sensitivity,dynamic,periodic,0.0,False,True,,True,1.0,25.0,0.0,0.0,0.0,0,8000,5000,0.625,0,0.0,59.99999995992792,0.8288150000000323,540,460,0,0,3000,4000,768,0.192,0,0.0,0.009035661665008831,0.0,0.0,0.6655695000000083,0.08319618750000103,0.2581500000000005,4000,0.10920303812256714,8000,8000,0.038917546161873186,1696,0.3289836859356473,0.04123417075150772,0.9587658292484923,0.877625,0.2900661397737741,3.270756721496582
True,40000,7000,29000,0,0,4000,0,0,10000,10000,7000,0,0,3000,0,0.7,0.0,0.7,55485f9fd7055379fcdd74550c22158adfb480164cfe7ad1a566a8cf017cc926,50,10,1000,101,assigned_level_sensitivity,dynamic,periodic,0.0,False,True,,True,1.0,25.0,0.0,0.0,0.0,0,10000,7000,0.7,0,0.0,59.99999409623803,0.8288625000000325,544,456,0,0,3000,4000,860,0.215,0,0.0,0.008858343320090223,0.0,0.0,0.6655302000000082,0.06655302000000082,0.2065200000000004,4000,0.08736777050436677,10000,10000,0.034081938421560036,1680,0.36503319313788996,0.030173673849541185,0.9698263261504588,0.8872,0.3309512547163299,4.534206867218018
True,40000,7000,29000,0,0,4000,0,0,10000,10000,7000,0,0,3000,0,0.7,0.0,0.7,5ec18f4d74ce3265c7a25e56875d364c836916741d71ebf9f847f4611bb7f2ea,50,10,1000,202,assigned_level_sensitivity,dynamic,periodic,0.0,False,True,,True,1.0,25.0,0.0,0.0,0.0,0,10000,7000,0.7,0,0.0,59.99999766413595,0.8288425000000323,544,456,0,0,3000,4000,880,0.22,0,0.0,0.009401547468532993,0.0,0.0,0.6655302000000083,0.06655302000000084,0.2065200000000004,4000,0.08809913846456684,10000,10000,0.03542302100353753,1800,0.36094314111633796,0.04863983839171134,0.9513601616082886,0.8987,0.3255201201128004,4.957183122634888
True,40000,7000,29000,0,0,4000,0,0,10000,10000,7000,0,0,3000,0,0.7,0.0,0.7,9820d7f1026debd514d2df5507058942d1e3a4c11b27183957724da660615e05,50,10,1000,303,assigned_level_sensitivity,dynamic,periodic,0.0,False,True,,True,1.0,25.0,0.0,0.0,0.0,0,10000,7000,0.7,0,0.0,59.99999832991551,0.8288950000000324,545,455,0,0,3000,4000,820,0.205,0,0.0,0.00888746056922798,0.0,0.0,0.6655203750000083,0.06655203750000083,0.2065200000000004,4000,0.08644767817341563,10000,10000,0.030518168684681508,1820,0.2753602677041381,0.03423984946980523,0.9657601505301948,0.9041,0.24484209901945655,4.220893859863281
True,40000,7000,29000,0,0,4000,0,0,10000,10000,7000,0,0,3000,0,0.7,0.0,0.7,7c84978b39e80c1ddd4cb2393d434b5704da33b4b143f79cfe044406b0591f28,50,10,1000,404,assigned_level_sensitivity,dynamic,periodic,0.0,False,True,,True,1.0,25.0,0.0,0.0,0.0,0,10000,7000,0.7,0,0.0,59.99999894183711,0.8286675000000323,536,464,0,0,3000,4000,920,0.23,0,0.0,0.009285807895869304,0.0,0.0,0.6656088000000081,0.06656088000000082,0.2065200000000004,4000,0.08720277177196462,10000,10000,0.04003091936419404,1860,0.33733416578704806,0.04208893038778027,0.9579110696122197,0.894,0.297303246422854,4.348536491394043
True,40000,7000,29000,0,0,4000,0,0,10000,10000,7000,0,0,3000,0,0.7,0.0,0.7,78f645197ea4ee80eeecc3534af0eb0da77ec642c70b95f955dd1a9c35365996,50,10,1000,505,assigned_level_sensitivity,dynamic,periodic,0.0,False,True,,True,1.0,25.0,0.0,0.0,0.0,0,10000,7000,0.7,0,0.0,59.999996798863464,0.8287625000000324,540,460,0,0,3000,4000,820,0.205,0,0.0,0.009687141323718307,0.0,0.0,0.6655695000000083,0.06655695000000082,0.2065200000000004,4000,0.08687868986465767,10000,10000,0.036094747062529076,1740,0.34547833714766873,0.039876703452697324,0.9601232965473027,0.898,0.30938359008513966,3.9291751384735107
True,40000,7000,29000,0,0,4000,0,0,10000,10000,7000,0,0,3000,0,0.7,0.0,0.7,19ed37ee044a6b12a85893c99f37d471ef9d88149b13283e17ec54870f44324c,50,10,1000,606,assigned_level_sensitivity,dynamic,periodic,0.0,False,True,,True,1.0,25.0,0.0,0.0,0.0,0,10000,7000,0.7,0,0.0,59.99999963406377,0.8288950000000324,540,460,0,0,3000,4000,600,0.15,0,0.0,0.008645612419718904,0.0,0.0,0.6655695000000083,0.06655695000000082,0.2065200000000004,4000,0.08642178482227851,10000,10000,0.03192914261788837,1860,0.3132987652557775,0.03486806558923961,0.9651319344107604,0.894,0.2813696226378891,4.509114742279053
True,40000,7000,29000,0,0,4000,0,0,10000,10000,7000,0,0,3000,0,0.7,0.0,0.7,4fb99892b72a71bda5303d5203d5034d36aa387cb017a321d9fdad38efb3bb5b,50,10,1000,707,assigned_level_sensitivity,dynamic,periodic,0.0,False,True,,True,1.0,25.0,0.0,0.0,0.0,0,10000,7000,0.7,0,0.0,59.99999880845361,0.8288350000000323,542,458,0,0,3000,4000,800,0.2,0,0.0,0.009233877924988709,0.0,0.0,0.6655498500000083,0.06655498500000083,0.2065200000000004,4000,0.0863178074843933,10000,10000,0.03927207940359993,1680,0.3909885267332813,0.03701060933555258,0.9629893906644474,0.8924,0.3517164473296814,4.408149480819702
True,40000,7000,29000,0,0,4000,0,0,10000,10000,7000,0,0,3000,0,0.7,0.0,0.7,fceeaf839b4fa587d9e1d00747ca00d8d82798963570e6d9e3fd731cd9222337,50,10,1000,808,assigned_level_sensitivity,dynamic,periodic,0.0,False,True,,True,1.0,25.0,0.0,0.0,0.0,0,10000,7000,0.7,0,0.0,59.999995267866026,0.8287275000000324,537,463,0,0,3000,4000,760,0.19,0,0.0,0.009619016150304896,0.0,0.0,0.6655989750000083,0.06655989750000083,0.2065200000000004,4000,0.08741848369371592,10000,10000,0.029949267597891217,1610,0.3411170929644659,0.03132314560827349,0.9686768543917265,0.908,0.31116782536657467,4.383961200714111
True,40000,7000,29000,0,0,4000,0,0,10000,10000,7000,0,0,3000,0,0.7,0.0,0.7,f1b8cf3188af1e83f3b00a96ee539b50e90c6b470d67da38b337a27b173977a8,50,10,1000,909,assigned_level_sensitivity,dynamic,periodic,0.0,False,True,,True,1.0,25.0,0.0,0.0,0.0,0,10000,7000,0.7,0,0.0,59.9999985099802,0.8287600000000322,537,463,0,0,3000,4000,700,0.175,0,0.0,0.009680626565588614,0.0,0.0,0.6655989750000082,0.06655989750000081,0.2065200000000004,4000,0.08728426651660182,10000,10000,0.03501282166537051,1620,0.38997996516519906,0.036679346303440365,0.9633206536965596,0.89,0.35496714349982855,4.109411716461182
True,40000,7000,29000,0,0,4000,0,0,10000,10000,7000,0,0,3000,0,0.7,0.0,0.7,14b443ee73b23be6e1c7853c25fd15f8df0d2f70f95b0d5520da65a7c387d2a3,50,10,1000,1010,assigned_level_sensitivity,dynamic,periodic,0.0,False,True,,True,1.0,25.0,0.0,0.0,0.0,0,10000,7000,0.7,0,0.0,59.999995836231534,0.8286900000000323,536,464,0,0,3000,4000,840,0.21,0,0.0,0.009648179225898713,0.0,0.0,0.6656088000000081,0.06656088000000082,0.2065200000000004,4000,0.08722096084679773,10000,10000,0.032872632077276955,1760,0.30012098961464906,0.03162759948833054,0.9683724005116695,0.9039,0.2672483575373721,4.304158687591553
True,16000,1000,8000,0,0,7000,0,0,4000,4000,1000,0,0,3000,0,0.25,0.0,0.25,2e38c1a1345af1fb3b4f8b2141ce9e048f1cd8b339a99d070dec77739c047cb0,60,4,1000,101,assigned_level_sensitivity,dynamic,periodic,0.0,False,True,,True,1.0,25.0,0.0,0.0,0.0,0,4000,1000,0.25,0,0.0,59.998905007546206,0.8137700000000987,3476,524,0,0,3000,7000,1088,0.15542857142857142,0,0.0,0.006573831246534947,0.0,0.0,0.6288276000000287,0.27511207500001256,0.516300000000001,7000,0.3290899690997335,4000,4000,0.174909839621258,2376,0.3743487324353218,0.2777084435269848,0.7222915564730152,0.555,0.1994388928140638,1.9751782417297363
True,16000,1000,8000,0,0,7000,0,0,4000,4000,1000,0,0,3000,0,0.25,0.0,0.25,18715205df0c2aa164ad75c70d4c937fc97c2d4380aa66245696368a95d95d8a,60,4,1000,202,assigned_level_sensitivity,dynamic,periodic,0.0,False,True,,True,1.0,25.0,0.0,0.0,0.0,0,4000,1000,0.25,0,0.0,59.99879275716154,0.8138014285715272,3478,522,0,0,3000,7000,1144,0.16342857142857142,0,0.0,0.006179748884921025,0.0,0.0,0.6288163714286001,0.2751071625000126,0.516300000000001,7000,0.3296882061033013,4000,4000,0.17385064755239435,2424,0.3814451471953304,0.24149852114864997,0.75850147885135,0.55,0.20759449964293605,1.679436206817627
True,16000,1000,8000,0,0,7000,0,0,4000,4000,1000,0,0,3000,0,0.25,0.0,0.25,189fdf4720562237ee8611185ce06d14588b910da733f2cf9b152955c065b9f1,60,4,1000,303,assigned_level_sensitivity,dynamic,periodic,0.0,False,True,,True,1.0,25.0,0.0,0.0,0.0,0,4000,1000,0.25,0,0.0,59.998309767178,0.8137857142858129,3475,525,0,0,3000,7000,1072,0.15314285714285714,0,0.0,0.004951129597234964,0.0,0.0,0.628833214285743,0.2751145312500126,0.516300000000001,7000,0.3295666035167457,4000,4000,0.17171714511527383,2328,0.3831509640468957,0.23846027765626768,0.7615397223437324,0.562,0.21143381893162186,1.6904127597808838
True,16000,1000,8000,0,0,7000,0,0,4000,4000,1000,0,0,3000,0,0.25,0.0,0.25,70f017fa61249b7608d2fef726e13a913a2425a6722c197907db86cbc4137f1d,60,4,1000,404,assigned_level_sensitivity,dynamic,periodic,0.0,False,True,,True,1.0,25.0,0.0,0.0,0.0,0,4000,1000,0.25,0,0.0,59.99529439194299,0.81378857142867,3476,524,0,0,3000,7000,1128,0.16114285714285714,0,0.0,0.006188062608633485,0.0,0.0,0.6288276000000289,0.2751120750000126,0.516300000000001,7000,0.3290436516582384,4000,4000,0.17582304741797838,2459,0.37170400775760304,0.24342395815843504,0.756576041841565,0.548,0.19588096033962465,1.5650765895843506
True,16000,1000,8000,0,0,7000,0,0,4000,4000,1000,0,0,3000,0,0.25,0.0,0.25,8a1343b3a873da43b356496ae91ed72a182cfe9ad71f1485111d745180ffa032,60,4,1000,505,assigned_level_sensitivity,dynamic,periodic,0.0,False,True,,True,1.0,25.0,0.0,0.0,0.0,0,4000,1000,0.25,0,0.0,59.9999310089837,0.8138200000000986,3476,524,0,0,3000,7000,1072,0.15314285714285714,0,0.0,0.005646680236822807,0.0,0.0,0.6288276000000289,0.2751120750000126,0.516300000000001,7000,0.329849851692699,4000,4000,0.17775761745175694,2431,0.38243128160922707,0.2620169190683422,0.7379830809316579,0.545,0.20467366415747013,1.7194383144378662
True,16000,1000,8000,0,0,7000,0,0,4000,4000,1000,0,0,3000,0,0.25,0.0,0.25,5e0f0a5d6049b3f5cb96f136d16cff91deda88be51827b2ee25f2525c8b545d4,60,4,1000,606,assigned_level_sensitivity,dynamic,periodic,0.0,False,True,,True,1.0,25.0,0.0,0.0,0.0,0,4000,1000,0.25,0,0.0,59.996150375759996,0.8137957142858129,3475,525,0,0,3000,7000,1128,0.16114285714285714,0,0.0,0.0057732073694928615,0.0,0.0,0.628833214285743,0.2751145312500126,0.516300000000001,7000,0.3274049570799899,4000,4000,0.1710930122311362,2384,0.3668796759905365,0.2462417216182161,0.7537582783817839,0.561,0.1957866637594003,1.7135369777679443
True,16000,1000,8000,0,0,7000,0,0,4000,4000,1000,0,0,3000,0,0.25,0.0,0.25,a6f6a04629a427f711fd05a1cb0630f22b4fe9f1f4b2785e6358560efea211d8,60,4,1000,707,assigned_level_sensitivity,dynamic,periodic,0.0,False,True,,True,1.0,25.0,0.0,0.0,0.0,0,4000,1000,0.25,0,0.0,59.99529439194299,0.8138628571429556,3474,526,0,0,3000,7000,1072,0.15314285714285714,0,0.0,0.0040985787952422924,0.0,0.0,0.6288388285714575,0.2751169875000126,0.516300000000001,7000,0.32763899108532324,4000,4000,0.17529125917452593,2472,0.3730652722839776,0.2541207995251586,0.7458792004748414,0.544,0.1977740131094517,1.6566352844238281
True,16000,1000,8000,0,0,7000,0,0,4000,4000,1000,0,0,3000,0,0.25,0.0,0.25,ec29c247eb1573042413d4819ce87de2714e704be9190f2ce3e5a1b406870afb,60,4,1000,808,assigned_level_sensitivity,dynamic,periodic,0.0,False,True,,True,1.0,25.0,0.0,0.0,0.0,0,4000,1000,0.25,0,0.0,59.99529439194299,0.8138428571429557,3475,525,0,0,3000,7000,1080,0.15428571428571428,0,0.0,0.005377685068493502,0.0,0.0,0.628833214285743,0.2751145312500126,0.516300000000001,7000,0.3283125506504316,4000,4000,0.17127448313317942,2360,0.371329093056092,0.25537567802838945,0.7446243219716105,0.563,0.2000546099229126,2.2879819869995117
True,16000,1000,8000,0,0,7000,0,0,4000,4000,1000,0,0,3000,0,0.25,0.0,0.25,abb2cf2cc17e52ed29cc9696dba0e6f08d43a7eff3e737333e1c46b9730cba03,60,4,1000,909,assigned_level_sensitivity,dynamic,periodic,0.0,False,True,,True,1.0,25.0,0.0,0.0,0.0,0,4000,1000,0.25,0,0.0,59.99529439194299,0.8138114285715272,3476,524,0,0,3000,7000,1072,0.15314285714285714,0,0.0,0.0049527379167205845,0.0,0.0,0.6288276000000287,0.27511207500001256,0.516300000000001,7000,0.32841450486696244,4000,4000,0.17456744976040564,2304,0.390099577715491,0.25445082410220665,0.7455491758977933,0.556,0.21553212795508533,2.1544101238250732
True,16000,1000,8000,0,0,7000,0,0,4000,4000,1000,0,0,3000,0,0.25,0.0,0.25,9b6af583f53e7a04f2858175709d9ae209a035c6f29382d30c6f62987a0bf7a5,60,4,1000,1010,assigned_level_sensitivity,dynamic,periodic,0.0,False,True,,True,1.0,25.0,0.0,0.0,0.0,0,4000,1000,0.25,0,0.0,59.9976913518891,0.8138142857143843,3476,524,0,0,3000,7000,1128,0.16114285714285714,0,0.0,0.0046784110872604145,0.0,0.0,0.6288276000000287,0.27511207500001256,0.516300000000001,7000,0.3305351561032866,4000,4000,0.17342741990572613,2392,0.37365535378278275,0.22724357365461123,0.7727564263453888,0.555,0.20022793387705662,1.4590179920196533
True,24000,3000,14000,0,0,7000,0,0,6000,6000,3000,0,0,3000,0,0.5,0.0,0.5,4fa4459c5c5339a8fc10c05e94908307c423c9ede4dab105be54d3a66907d993,60,6,1000,101,assigned_level_sensitivity,dynamic,periodic,0.0,False,True,,True,1.0,25.0,0.0,0.0,0.0,0,6000,3000,0.5,0,0.0,59.995294391943006,0.8137585714286699,3476,524,0,0,3000,7000,1312,0.18742857142857142,0,0.0,0.00534223273366686,0.0,0.0,0.6288276000000287,0.18340805000000837,0.34420000000000067,7000,0.22456913133902928,6000,6000,0.12158233024287889,2833,0.3646174203536153,0.1711784347098442,0.8288215652901558,0.6631666666666667,0.24303509011073637,2.7341368198394775
True,24000,3000,14000,0,0,7000,0,0,6000,6000,3000,0,0,3000,0,0.5,0.0,0.5,8dd229986a5f74bdadc97f465335d77c1e91775c80c13ff716152f593a25d056,60,6,1000,202,assigned_level_sensitivity,dynamic,periodic,0.0,False,True,,True,1.0,25.0,0.0,0.0,0.0,0,6000,3000,0.5,0,0.0,59.99529439194299,0.8138171428572414,3476,524,0,0,3000,7000,1276,0.18228571428571427,0,0.0,0.004939381255951491,0.0,0.0,0.6288276000000289,0.18340805000000843,0.34420000000000067,7000,0.22453373699473247,6000,6000,0.11579167333926248,2796,0.35744093761440476,0.153217182046685,0.846782817953315,0.673,0.24164926427514227,3.0329604148864746
True,24000,3000,14000,0,0,7000,0,0,6000,6000,3000,0,0,3000,0,0.5,0.0,0.5,998e3e412a9b3ffba3a2d51830b15fd0992fa5edfe478d28cee9874004b7d7e5,60,6,1000,303,assigned_level_sensitivity,dynamic,periodic,0.0,False,True,,True,1.0,25.0,0.0,0.0,0.0,0,6000,3000,0.5,0,0.0,59.99808038543199,0.8138228571429557,3476,524,0,0,3000,7000,1260,0.18,0,0.0,0.005059523183459583,0.0,0.0,0.6288276000000289,0.18340805000000843,0.34420000000000067,7000,0.22405776450735987,6000,6000,0.11898986091476216,2836,0.36296580886453067,0.15382181325592295,0.8461781867440771,0.6691666666666667,0.2439759479497685,3.094724655151367
True,24000,3000,14000,0,0,7000,0,0,6000,6000,3000,0,0,3000,0,0.5,0.0,0.5,9281bc7555caeffee70111d40bdea22bf239e0d828732e0689160a10028d1f1e,60,6,1000,404,assigned_level_sensitivity,dynamic,periodic,0.0,False,True,,True,1.0,25.0,0.0,0.0,0.0,0,6000,3000,0.5,0,0.0,59.99757721395565,0.8136942857143842,3476,524,0,0,3000,7000,1268,0.18114285714285713,0,0.0,0.008268274501996017,0.0,0.0,0.6288276000000289,0.18340805000000843,0.34420000000000067,7000,0.22384979458817533,6000,6000,0.11706550769503707,2821,0.35433042186752667,0.15853950965641891,0.8414604903435811,0.6703333333333333,0.2372649141724896,2.789088726043701
True,24000,3000,14000,0,0,7000,0,0,6000,6000,3000,0,0,3000,0,0.5,0.0,0.5,272ea2cd5bd9a9b184504f928b3b6e1c77b77792098eecaf3e3e26d6a4c29e7b,60,6,1000,505,assigned_level_sensitivity,dynamic,periodic,0.0,False,True,,True,1.0,25.0,0.0,0.0,0.0,0,6000,3000,0.5,0,0.0,59.99988273287977,0.81383857142867,3477,523,0,0,3000,7000,1252,0.17885714285714285,0,0.0,0.00417656893955261,0.0,0.0,0.6288219857143145,0.1834064125000084,0.34420000000000067,7000,0.22426682856917762,6000,6000,0.11474820755210681,2748,0.35897665331297496,0.1565431379519698,0.8434568620480302,0.6793333333333333,0.24422844576086816,2.633406639099121
True,24000,3000,14000,0,0,7000,0,0,6000,6000,3000,0,0,3000,0,0.5,0.0,0.5,40043692d0c98fef4a216cf7ee59e5a32e4d66df3b3bd3c8f761b767ad831094,60,6,1000,606,assigned_level_sensitivity,dynamic,periodic,0.0,False,True,,True,1.0,25.0,0.0,0.0,0.0,0,6000,3000,0.5,0,0.0,59.999843221657464,0.81377857142867,3475,525,0,0,3000,7000,1308,0.18685714285714286,0,0.0,0.005174433387224799,0.0,0.0,0.628833214285743,0.18340968750000838,0.34420000000000067,7000,0.22416054272949398,6000,6000,0.1159675532712331,2808,0.35450549814099297,0.14795035480810292,0.8520496451918971,0.6716666666666666,0.23853794486975988,2.5189390182495117
True,24000,3000,14000,0,0,7000,0,0,6000,6000,3000,0,0,3000,0,0.5,0.0,0.5,e304fba8bf8f05f5daeaaca2f92e4c91e46c357163f28a0c57834ed3bd0489e4,60,6,1000,707,assigned_level_sensitivity,dynamic,periodic,0.0,False,True,,True,1.0,25.0,0.0,0.0,0.0,0,6000,3000,0.5,0,0.0,59.99692975136983,0.8137442857143842,3476,524,0,0,3000,7000,1284,0.18342857142857144,0,0.0,0.004683323216266426,0.0,0.0,0.6288276000000289,0.18340805000000843,0.34420000000000067,7000,0.2235029190541241,6000,6000,0.11844563207677426,2839,0.35088476426249987,0.16091981616848353,0.8390801838315165,0.67,0.2324391321857256,2.439330816268921
True,24000,3000,14000,0,0,7000,0,0,6000,6000,3000,0,0,3000,0,0.5,0.0,0.5,5bca9f68a5c346271a8971e6f97c55248ca7bc355b49a083533f4780cb450be9,60,6,1000,808,assigned_level_sensitivity,dynamic,periodic,0.0,False,True,,True,1.0,25.0,0.0,0.0,0.0,0,6000,3000,0.5,0,0.0,59.996988084757646,0.8137742857143843,3478,522,0,0,3000,7000,1176,0.168,0,0.0,0.005664083188880446,0.0,0.0,0.6288163714286004,0.18340477500000843,0.34420000000000067,7000,0.2239103600074091,6000,6000,0.1170778023628689,2800,0.3560855654914371,0.15498078876632923,0.8450192112336707,0.6736666666666666,0.2390077631285682,2.179091215133667
True,24000,3000,14000,0,0,7000,0,0,6000,6000,3000,0,0,3000,0,0.5,0.0,0.5,ada1373440f6dedb4b77aadb839febf1e830ca0fcaad1cbf22842124a8bfa19b,60,6,1000,909,assigned_level_sensitivity,dynamic,periodic,0.0,False,True,,True,1.0,25.0,0.0,0.0,0.0,0,6000,3000,0.5,0,0.0,59.99724740858015,0.8136842857143843,3473,527,0,0,3000,7000,1336,0.19085714285714286,0,0.0,0.005784117802515691,0.0,0.0,0.6288444428571716,0.18341296250000838,0.34420000000000067,7000,0.22412730281302146,6000,6000,0.11900733313915748,2820,0.35866237574680526,0.15908554950848788,0.8409144504915121,0.6725,0.23965504260764778,2.1798224449157715
True,24000,3000,14000,0,0,7000,0,0,6000,6000,3000,0,0,3000,0,0.5,0.0,0.5,a0551a6ae83356f6d3c7cd933ee7655ec95e33ceb79b1c759b370c82f9537e1a,60,6,1000,1010,assigned_level_sensitivity,dynamic,periodic,0.0,False,True,,True,1.0,25.0,0.0,0.0,0.0,0,6000,3000,0.5,0,0.0,59.99793290407186,0.81380857142867,3477,523,0,0,3000,7000,1280,0.18285714285714286,0,0.0,0.004190900036331974,0.0,0.0,0.6288219857143145,0.1834064125000084,0.34420000000000067,7000,0.2237103466495712,6000,6000,0.1151249136134339,2755,0.356189786701178,0.15687084428950498,0.843129155710495,0.675,0.2410648730877441,2.2378907203674316
True,32000,5000,20000,0,0,7000,0,0,8000,8000,5000,0,0,3000,0,0.625,0.0,0.625,139a84a209c2003227260f1024fcf5b8fe264864884385c28512ac72add21efb,60,8,1000,101,assigned_level_sensitivity,dynamic,periodic,0.0,False,True,,True,1.0,25.0,0.0,0.0,0.0,0,8000,5000,0.625,0,0.0,59.99897654970245,0.8137057142858128,3475,525,0,0,3000,7000,1528,0.21828571428571428,0,0.0,0.005679867838449192,0.0,0.0,0.628833214285743,0.1375572656250063,0.2581500000000005,7000,0.17074658307708554,8000,8000,0.08515199221663555,3016,0.33666476253106037,0.11515773384071663,0.8848422661592834,0.751,0.2515127703144248,3.005051374435425
True,32000,5000,20000,0,0,7000,0,0,8000,8000,5000,0,0,3000,0,0.625,0.0,0.625,c391c1087c9e1533c9d602cf2c3ac3d990dbaa6b3512ef0b7a80b63bf41dde4c,60,8,1000,202,assigned_level_sensitivity,dynamic,periodic,0.0,False,True,,True,1.0,25.0,0.0,0.0,0.0,0,8000,5000,0.625,0,0.0,59.99781544885883,0.8137242857143843,3476,524,0,0,3000,7000,1408,0.20114285714285715,0,0.0,0.005934790139058782,0.0,0.0,0.6288276000000287,0.13755603750000628,0.2581500000000005,7000,0.17072848579545646,8000,8000,0.08517617008206865,3016,0.3429482757503506,0.1054291902086465,0.8945708097913535,0.747625,0.2577721056682819,3.006350517272949
True,32000,5000,20000,0,0,7000,0,0,8000,8000,5000,0,0,3000,0,0.625,0.0,0.625,3e8c6bfed3494cf1807799b06f994476e3ccf88afc8b72a91fc6305cd4764f51,60,8,1000,303,assigned_level_sensitivity,dynamic,periodic,0.0,False,True,,True,1.0,25.0,0.0,0.0,0.0,0,8000,5000,0.625,0,0.0,59.99936243570206,0.8137057142858128,3476,524,0,0,3000,7000,1480,0.21142857142857144,0,0.0,0.006530494803823786,0.0,0.0,0.6288276000000287,0.13755603750000628,0.2581500000000005,7000,0.1707525615186373,8000,8000,0.08371913851574378,2971,0.34149342251865045,0.11048514694671165,0.8895148530532884,0.755,0.2577742840029067,3.2617039680480957
True,32000,5000,20000,0,0,7000,0,0,8000,8000,5000,0,0,3000,0,0.625,0.0,0.625,dda17a7e1fce878306af623f86dad97c10ac133012d55f5fdcd4856533357f5a,60,8,1000,404,assigned_level_sensitivity,dynamic,periodic,0.0,False,True,,True,1.0,25.0,0.0,0.0,0.0,0,8000,5000,0.625,0,0.0,59.99799227353145,0.8137214285715271,3476,524,0,0,3000,7000,1416,0.2022857142857143,0,0.0,0.007337954853084972,0.0,0.0,0.6288276000000289,0.1375560375000063,0.2581500000000005,7000,0.17031112456891337,8000,8000,0.08482207382228968,3000,0.3363786501236506,0.10573949944654865,0.8942605005534514,0.7515,0.2515565763013609,3.175858497619629
True,32000,5000,20000,0,0,7000,0,0,8000,8000,5000,0,0,3000,0,0.625,0.0,0.625,1dbb40906dc8edd3d08f8dde3c4f6ce7d08bda53c4de3cdaa7ab89d1f918b000,60,8,1000,505,assigned_level_sensitivity,dynamic,periodic,0.0,False,True,,True,1.0,25.0,0.0,0.0,0.0,0,8000,5000,0.625,0,0.0,59.997238574461285,0.81378857142867,3476,524,0,0,3000,7000,1472,0.2102857142857143,0,0.0,0.004998216541195656,0.0,0.0,0.6288276000000287,0.13755603750000628,0.2581500000000005,7000,0.17070156794532815,8000,8000,0.08225705233222473,2964,0.3376794394818179,0.1058534383427831,0.8941465616572168,0.757,0.25542238714959314,3.1824145317077637
True,32000,5000,20000,0,0,7000,0,0,8000,8000,5000,0,0,3000,0,0.625,0.0,0.625,cb258d9743170b4092499dd14a3565bff363da27db8327ce7c192f0f863439f6,60,8,1000,606,assigned_level_sensitivity,dynamic,periodic,0.0,False,True,,True,1.0,25.0,0.0,0.0,0.0,0,8000,5000,0.625,0,0.0,59.99529439194299,0.8136800000000985,3475,525,0,0,3000,7000,1504,0.21485714285714286,0,0.0,0.006317054358212239,0.0,0.0,0.628833214285743,0.1375572656250063,0.2581500000000005,7000,0.16984325009508916,8000,8000,0.08359980908202941,3004,0.34062394680348435,0.09606406410589603,0.9039359358941039,0.75,0.25702413772145494,3.1770987510681152
True,32000,5000,20000,0,0,7000,0,0,8000,8000,5000,0,0,3000,0,0.625,0.0,0.625,8583b79fe467017a9d83a81139c3f37be24c1b606023e6093e0a0daf8edb74e1,60,8,1000,707,assigned_level_sensitivity,dynamic,periodic,0.0,False,True,,True,1.0,25.0,0.0,0.0,0.0,0,8000,5000,0.625,0,0.0,59.998377562235284,0.813741428571527,3475,525,0,0,3000,7000,1424,0.20342857142857143,0,0.0,0.006608286607959765,0.0,0.0,0.628833214285743,0.1375572656250063,0.2581500000000005,7000,0.16997022692089117,8000,8000,0.08634008430987528,3007,0.34074523364660864,0.11134801629996445,0.8886519837000355,0.746,0.25440514933673336,3.219902753829956
True,32000,5000,20000,0,0,7000,0,0,8000,8000,5000,0,0,3000,0,0.625,0.0,0.625,a98d5fee67c1f20014dbfe4f65dfa327137e9b5a2645cecf7345d0e526f7153b,60,8,1000,808,assigned_level_sensitivity,dynamic,periodic,0.0,False,True,,True,1.0,25.0,0.0,0.0,0.0,0,8000,5000,0.625,0,0.0,59.99800874884672,0.813751428571527,3476,524,0,0,3000,7000,1384,0.1977142857142857,0,0.0,0.006067702797550976,0.0,0.0,0.6288276000000289,0.1375560375000063,0.2581500000000005,7000,0.1699005212436733,8000,8000,0.08442642857744856,3036,0.3363693091916539,0.10950980691558253,0.8904901930844175,0.747,0.25194288061420533,3.536442279815674
True,32000,5000,20000,0,0,7000,0,0,8000,8000,5000,0,0,3000,0,0.625,0.0,0.625,01cafe69e39c99435fcae0732afd52759127ab3e000aa7dd98eccb2087cf4fad,60,8,1000,909,assigned_level_sensitivity,dynamic,periodic,0.0,False,True,,True,1.0,25.0,0.0,0.0,0.0,0,8000,5000,0.625,0,0.0,59.998736350529946,0.8137271428572413,3476,524,0,0,3000,7000,1520,0.21714285714285714,0,0.0,0.006058510686566006,0.0,0.0,0.6288276000000289,0.1375560375000063,0.2581500000000005,7000,0.17051988835986326,8000,8000,0.0875185050672598,2956,0.35552898200063604,0.11212491502879439,0.8878750849712056,0.745625,0.2680104769333762,3.2957675457000732
True,32000,5000,20000,0,0,7000,0,0,8000,8000,5000,0,0,3000,0,0.625,0.0,0.625,3ca5c0ca3f47e0b69a4e451973f91d0326601ddf2e6faf634f430affce87c8d9,60,8,1000,1010,assigned_level_sensitivity,dynamic,periodic,0.0,False,True,,True,1.0,25.0,0.0,0.0,0.0,0,8000,5000,0.625,0,0.0,59.99780737756382,0.8137328571429556,3475,525,0,0,3000,7000,1392,0.19885714285714284,0,0.0,0.005139434758977156,0.0,0.0,0.628833214285743,0.1375572656250063,0.2581500000000005,7000,0.1708393610310424,8000,8000,0.08258481464584419,2934,0.3425821401010669,0.10219410242340722,0.8978058975765928,0.753125,0.2599973254552227,3.2797579765319824
True,40000,7000,26000,0,0,7000,0,0,10000,10000,7000,0,0,3000,0,0.7,0.0,0.7,55485f9fd7055379fcdd74550c22158adfb480164cfe7ad1a566a8cf017cc926,60,10,1000,101,assigned_level_sensitivity,dynamic,periodic,0.0,False,True,,True,1.0,25.0,0.0,0.0,0.0,0,10000,7000,0.7,0,0.0,59.996608784870205,0.8137414285715271,3474,526,0,0,3000,7000,1560,0.22285714285714286,0,0.0,0.006521980147775806,0.0,0.0,0.6288388285714575,0.11004679500000504,0.2065200000000004,7000,0.13817089533728344,10000,10000,0.06373450079812591,2940,0.33818213023129495,0.07072767827962477,0.9292723217203752,0.803,0.274447629433169,4.18545389175415
True,40000,7000,26000,0,0,7000,0,0,10000,10000,7000,0,0,3000,0,0.7,0.0,0.7,5ec18f4d74ce3265c7a25e56875d364c836916741d71ebf9f847f4611bb7f2ea,60,10,1000,202,assigned_level_sensitivity,dynamic,periodic,0.0,False,True,,True,1.0,25.0,0.0,0.0,0.0,0,10000,7000,0.7,0,0.0,59.998720524987704,0.8137557142858127,3475,525,0,0,3000,7000,1600,0.22857142857142856,0,0.0,0.005599492000768362,0.0,0.0,0.628833214285743,0.11004581250000503,0.2065200000000004,7000,0.13899311025315805,10000,10000,0.0655785731103829,3199,0.3467841369561465,0.08605803750742558,0.9139419624925744,0.7909,0.2812055638457636,4.499391555786133
True,40000,7000,26000,0,0,7000,0,0,10000,10000,7000,0,0,3000,0,0.7,0.0,0.7,9820d7f1026debd514d2df5507058942d1e3a4c11b27183957724da660615e05,60,10,1000,303,assigned_level_sensitivity,dynamic,periodic,0.0,False,True,,True,1.0,25.0,0.0,0.0,0.0,0,10000,7000,0.7,0,0.0,59.99990022711738,0.8137042857143842,3476,524,0,0,3000,7000,1760,0.25142857142857145,0,0.0,0.005501458992568095,0.0,0.0,0.6288276000000287,0.11004483000000502,0.2065200000000004,7000,0.13746254810432004,10000,10000,0.060266667221325586,3080,0.3010485299391697,0.07248021789555616,0.9275197821044439,0.81,0.2407818627178441,4.4847939014434814
True,40000,7000,26000,0,0,7000,0,0,10000,10000,7000,0,0,3000,0,0.7,0.0,0.7,7c84978b39e80c1ddd4cb2393d434b5704da33b4b143f79cfe044406b0591f28,60,10,1000,404,assigned_level_sensitivity,dynamic,periodic,0.0,False,True,,True,1.0,25.0,0.0,0.0,0.0,0,10000,7000,0.7,0,0.0,59.999561381070706,0.8137714285715272,3478,522,0,0,3000,7000,1540,0.22,0,0.0,0.0061989554803061194,0.0,0.0,0.6288163714286001,0.11004286500000503,0.2065200000000004,7000,0.13745587687975494,10000,10000,0.0711445293759615,3190,0.32910283562441484,0.09054021038981784,0.9094597896101821,0.798,0.25795830624845334,4.384083271026611
True,40000,7000,26000,0,0,7000,0,0,10000,10000,7000,0,0,3000,0,0.7,0.0,0.7,78f645197ea4ee80eeecc3534af0eb0da77ec642c70b95f955dd1a9c35365996,60,10,1000,505,assigned_level_sensitivity,dynamic,periodic,0.0,False,True,,True,1.0,25.0,0.0,0.0,0.0,0,10000,7000,0.7,0,0.0,59.9996983632319,0.8136871428572414,3473,527,0,0,3000,7000,1680,0.24,0,0.0,0.006364446717277878,0.0,0.0,0.6288444428571718,0.11004777750000505,0.2065200000000004,7000,0.13796459968580388,10000,10000,0.06999488517800538,3070,0.35209531387637427,0.07691797124822505,0.9230820287517749,0.798,0.2821004286983689,4.766996622085571
True,40000,7000,26000,0,0,7000,0,0,10000,10000,7000,0,0,3000,0,0.7,0.0,0.7,19ed37ee044a6b12a85893c99f37d471ef9d88149b13283e17ec54870f44324c,60,10,1000,606,assigned_level_sensitivity,dynamic,periodic,0.0,False,True,,True,1.0,25.0,0.0,0.0,0.0,0,10000,7000,0.7,0,0.0,59.9963497084304,0.81366857142867,3474,526,0,0,3000,7000,1560,0.22285714285714286,0,0.0,0.005863136466192993,0.0,0.0,0.6288388285714575,0.11004679500000504,0.2065200000000004,7000,0.1375825194861427,10000,10000,0.061992169214008186,3149,0.29933973396728136,0.06714776833694484,0.9328522316630552,0.809,0.23734756475327318,4.525404930114746
True,40000,7000,26000,0,0,7000,0,0,10000,10000,7000,0,0,3000,0,0.7,0.0,0.7,4fb99892b72a71bda5303d5203d5034d36aa387cb017a321d9fdad38efb3bb5b,60,10,1000,707,assigned_level_sensitivity,dynamic,periodic,0.0,False,True,,True,1.0,25.0,0.0,0.0,0.0,0,10000,7000,0.7,0,0.0,59.99940575386716,0.8137257142858128,3473,527,0,0,3000,7000,1580,0.2257142857142857,0,0.0,0.007423620105957574,0.0,0.0,0.6288444428571718,0.11004777750000505,0.2065200000000004,7000,0.13699306175849985,10000,10000,0.0710587677886529,3110,0.35255953358098974,0.08645840262293655,0.9135415973770634,0.7962,0.28150076579233685,4.684735059738159
True,40000,7000,26000,0,0,7000,0,0,10000,10000,7000,0,0,3000,0,0.7,0.0,0.7,fceeaf839b4fa587d9e1d00747ca00d8d82798963570e6d9e3fd731cd9222337,60,10,1000,808,assigned_level_sensitivity,dynamic,periodic,0.0,False,True,,True,1.0,25.0,0.0,0.0,0.0,0,10000,7000,0.7,0,0.0,59.99852446349839,0.8136657142858128,3474,526,0,0,3000,7000,1640,0.2342857142857143,0,0.0,0.007322556764673944,0.0,0.0,0.6288388285714575,0.11004679500000504,0.2065200000000004,7000,0.13824544742886358,10000,10000,0.06567136989175461,3009,0.3418493650474077,0.0742379173974788,0.9257620826025212,0.806,0.2761779951556531,4.718682765960693
True,40000,7000,26000,0,0,7000,0,0,10000,10000,7000,0,0,3000,0,0.7,0.0,0.7,f1b8cf3188af1e83f3b00a96ee539b50e90c6b470d67da38b337a27b173977a8,60,10,1000,909,assigned_level_sensitivity,dynamic,periodic,0.0,False,True,,True,1.0,25.0,0.0,0.0,0.0,0,10000,7000,0.7,0,0.0,59.997947449355806,0.8136871428572414,3474,526,0,0,3000,7000,1540,0.22,0,0.0,0.006495633403307966,0.0,0.0,0.6288388285714575,0.11004679500000504,0.2065200000000004,7000,0.13873538724287443,10000,10000,0.06554953299419378,2859,0.36087299559635766,0.08264869641579976,0.9173513035842003,0.799,0.2953234626021639,4.533766508102417
True,40000,7000,26000,0,0,7000,0,0,10000,10000,7000,0,0,3000,0,0.7,0.0,0.7,14b443ee73b23be6e1c7853c25fd15f8df0d2f70f95b0d5520da65a7c387d2a3,60,10,1000,1010,assigned_level_sensitivity,dynamic,periodic,0.0,False,True,,True,1.0,25.0,0.0,0.0,0.0,0,10000,7000,0.7,0,0.0,59.99988199792112,0.81372857142867,3477,523,0,0,3000,7000,1540,0.22,1,0.0006493506493506494,0.005423373364611197,0.0,0.0,0.6288219857143145,0.11004384750000504,0.2065200000000004,7000,0.13809019134683542,10000,10000,0.06704823981576968,3069,0.3349743219456464,0.073285621697436,0.926714378302564,0.8,0.26792608212987673,4.183846712112427
True,16000,0,6000,0,0,10000,0,0,4000,4000,0,0,0,4000,0,0.0,0.0,0.0,5f94118a7d3e90192598c144eb4882652a3061a1912ed5a940883915afa1a0af,80,4,1000,101,assigned_level_sensitivity,dynamic,periodic,0.0,False,True,,True,1.0,25.0,0.0,0.0,0.0,0,4000,0,0.0,0,0.0,59.99994943958694,0.8055700000001288,6000,0,0,0,4000,10000,2208,0.2208,10,0.004528985507246377,0.003395459754647782,0.0,0.0,0.6227599999999719,0.3892249999999824,0.6884000000000013,10000,0.45282164294509525,4000,4000,0.2505293505097891,3160,0.3840028890950928,0.38189659769811385,0.6181034023018861,0.376,0.1334735385853037,1.716515064239502
True,16000,0,6000,0,0,10000,0,0,4000,4000,0,0,0,4000,0,0.0,0.0,0.0,5f60743f4251cc1f57f4eed09143bff61175f797b109b1f7a6707e9bdbab9e8c,80,4,1000,202,assigned_level_sensitivity,dynamic,periodic,0.0,False,True,,True,1.0,25.0,0.0,0.0,0.0,0,4000,0,0.0,0,0.0,59.99999838570606,0.8056140000001288,6000,0,0,0,4000,10000,1960,0.196,5,0.002551020408163265,0.003576802833259329,0.0,0.0,0.6227599999999719,0.3892249999999824,0.6884000000000013,10000,0.4524887711468644,4000,4000,0.24549977741934495,3184,0.37331891207255086,0.35563871269581704,0.644361287304183,0.384,0.1278191346532059,1.6560471057891846
True,16000,0,6000,0,0,10000,0,0,4000,4000,0,0,0,4000,0,0.0,0.0,0.0,93d78bf2192fb5f1a1477dec0382df9346d3e26750a92867a9a5c128cded5745,80,4,1000,303,assigned_level_sensitivity,dynamic,periodic,0.0,False,True,,True,1.0,25.0,0.0,0.0,0.0,0,4000,0,0.0,0,0.0,59.99999793753698,0.8055690000001289,6000,0,0,0,4000,10000,2040,0.204,8,0.00392156862745098,0.00357725506935335,0.0,0.0,0.6227599999999719,0.3892249999999824,0.6884000000000013,10000,0.4528563630452548,4000,4000,0.2529101826112055,3128,0.38896707110062695,0.3835091032835256,0.6164908967164744,0.386,0.13605688848942143,1.7959084510803223
True,16000,0,6000,0,0,10000,0,0,4000,4000,0,0,0,4000,0,0.0,0.0,0.0,1e22bb3d1f755a25ecb70d0ab714e74d2154df0e7ff1438885da29f1f2f52a47,80,4,1000,404,assigned_level_sensitivity,dynamic,periodic,0.0,False,True,,True,1.0,25.0,0.0,0.0,0.0,0,4000,0,0.0,0,0.0,59.999999485492125,0.8056230000001289,6000,0,0,0,4000,10000,1880,0.188,7,0.003723404255319149,0.003407270406099049,0.0,0.0,0.6227599999999719,0.3892249999999824,0.6884000000000013,10000,0.45259234467843523,4000,4000,0.25087156239480757,3152,0.38417362115961673,0.3696692339984393,0.6303307660015607,0.384,0.13330205876480916,1.622607707977295
True,16000,0,6000,0,0,10000,0,0,4000,4000,0,0,0,4000,0,0.0,0.0,0.0,2850d7cfa9dd669a11d9a18ab095b1b73306276dffe22806240405b6a99f1dbc,80,4,1000,505,assigned_level_sensitivity,dynamic,periodic,0.0,False,True,,True,1.0,25.0,0.0,0.0,0.0,0,4000,0,0.0,0,0.0,59.99999907425306,0.8056520000001288,6000,0,0,0,4000,10000,1984,0.1984,7,0.003528225806451613,0.00284239834266321,0.0,0.0,0.6227599999999719,0.3892249999999824,0.6884000000000013,10000,0.45305603270105793,4000,4000,0.24692307834550148,3096,0.38595939717090594,0.3633517531372066,0.6366482468627934,0.388,0.13903631882540446,1.650451421737671
True,16000,0,6000,0,0,10000,0,0,4000,4000,0,0,0,4000,0,0.0,0.0,0.0,821818fc4a76ed845c5d6e95d143beec70dbb2f046705cf5fe53fa808c30e1e5,80,4,1000,606,assigned_level_sensitivity,dynamic,periodic,0.0,False,True,,True,1.0,25.0,0.0,0.0,0.0,0,4000,0,0.0,0,0.0,59.999995274840145,0.8056440000001288,6000,0,0,0,4000,10000,2008,0.2008,7,0.0034860557768924302,0.002781433036476989,0.0,0.0,0.6227599999999719,0.3892249999999824,0.6884000000000013,10000,0.45304138802254085,4000,4000,0.2528816881270559,3184,0.3825849375088103,0.36390986157245797,0.636090138427542,0.368,0.12970324938175437,1.6395559310913086
True,16000,0,6000,0,0,10000,0,0,4000,4000,0,0,0,4000,0,0.0,0.0,0.0,f6928467f99c60a3dffbcf03d262bf5e3188089123a36f34b70efbac5c05e1bf,80,4,1000,707,assigned_level_sensitivity,dynamic,periodic,0.0,False,True,,True,1.0,25.0,0.0,0.0,0.0,0,4000,0,0.0,0,0.0,59.999964714405344,0.8056230000001289,6000,0,0,0,4000,10000,1904,0.1904,5,0.0026260504201680674,0.0032037305184058527,0.0,0.0,0.6227599999999719,0.3892249999999824,0.6884000000000013,10000,0.4523828813711613,4000,4000,0.2565100163616806,3152,0.3931517839845219,0.3803651995857914,0.6196348004142086,0.366,0.1366417676228413,1.6040141582489014
True,16000,0,6000,0,0,10000,0,0,4000,4000,0,0,0,4000,0,0.0,0.0,0.0,1a5164a8f978961edaf3c5d9607966de96fd9134937605fcbe2119e01174bc65,80,4,1000,808,assigned_level_sensitivity,dynamic,periodic,0.0,False,True,,True,1.0,25.0,0.0,0.0,0.0,0,4000,0,0.0,0,0.0,59.999998164900475,0.8056570000001289,6000,0,0,0,4000,10000,1936,0.1936,9,0.0046487603305785125,0.0032889043913494533,0.0,0.0,0.6227599999999719,0.3892249999999824,0.6884000000000013,10000,0.4528497499627675,4000,4000,0.24781460635729333,3144,0.3776469687260869,0.3731971617989407,0.6268028382010593,0.384,0.12983236236879356,1.6463425159454346
True,16000,0,6000,0,0,10000,0,0,4000,4000,0,0,0,4000,0,0.0,0.0,0.0,2590073cdb4ae245d599e4559899ca065f4b0c004255bf6487c5839fc39ff574,80,4,1000,909,assigned_level_sensitivity,dynamic,periodic,0.0,False,True,,True,1.0,25.0,0.0,0.0,0.0,0,4000,0,0.0,0,0.0,59.99999792624347,0.8056300000001289,6000,0,0,0,4000,10000,2072,0.2072,1,0.00048262548262548264,0.0028174788513858073,0.0,0.0,0.6227599999999719,0.3892249999999824,0.6884000000000013,10000,0.45247892670421463,4000,4000,0.24543632331518456,3144,0.38000680049964086,0.35475683377855893,0.6452431662214411,0.386,0.1345704771844563,1.6162195205688477
True,16000,0,6000,0,0,10000,0,0,4000,4000,0,0,0,4000,0,0.0,0.0,0.0,e35a562238ec3870a9a013c614963bf8ca648d69a0c80181e91b018cfc024ad7,80,4,1000,1010,assigned_level_sensitivity,dynamic,periodic,0.0,False,True,,True,1.0,25.0,0.0,0.0,0.0,0,4000,0,0.0,0,0.0,59.99999977997723,0.8056460000001288,6000,0,0,0,4000,10000,1864,0.1864,6,0.003218884120171674,0.0031907315796953196,0.0,0.0,0.6227599999999719,0.3892249999999824,0.6884000000000013,10000,0.4528674404121633,4000,4000,0.24545578854961567,3120,0.3817641221305438,0.3697415012515196,0.6302584987484804,0.382,0.13630833358092811,1.7486023902893066
True,24000,1000,15000,0,0,8000,0,0,6000,6000,1000,0,0,5000,0,0.16666666666666666,0.0,0.16666666666666666,45eb76c897f21dc7a0136a687273c298615917ede9e09dbe7809bb9f530ef894,80,6,1000,101,assigned_level_sensitivity,dynamic,periodic,0.0,False,True,,True,1.0,25.0,0.0,0.0,0.0,0,6000,1000,0.16666666666666666,0,0.0,59.99998855592431,0.8048887500001127,3000,0,0,0,5000,8000,2056,0.257,11,0.005350194552529183,0.005529702370518607,0.0,0.0,0.6473750000000005,0.21579166666666683,0.5736666666666678,8000,0.2739284258481554,6000,6000,0.12210689249399835,3120,0.3506638163810121,0.16494811965429423,0.8350518803457058,0.652,0.2285569238870137,2.3757517337799072
True,24000,1000,15000,0,0,8000,0,0,6000,6000,1000,0,0,5000,0,0.16666666666666666,0.0,0.16666666666666666,7f83d228118d10a654b32668031fe7abf2a5825a1544ee9b456a3310af8d30e4,80,6,1000,202,assigned_level_sensitivity,dynamic,periodic,0.0,False,True,,True,1.0,25.0,0.0,0.0,0.0,0,6000,1000,0.16666666666666666,0,0.0,59.99999718159256,0.8048825000001127,3000,0,0,0,5000,8000,2040,0.255,8,0.00392156862745098,0.005887792169310392,0.0,0.0,0.6473750000000005,0.21579166666666683,0.5736666666666678,8000,0.27372604325582,6000,6000,0.1194884628006864,3096,0.34949092046549884,0.14847044411534374,0.8515295558846563,0.66,0.23000245766481245,2.3546040058135986
True,24000,1000,15000,0,0,8000,0,0,6000,6000,1000,0,0,5000,0,0.16666666666666666,0.0,0.16666666666666666,515745136768a67a3abb9394e004eaef57cbdee7f515a6a1b96b9ac4e6105766,80,6,1000,303,assigned_level_sensitivity,dynamic,periodic,0.0,False,True,,True,1.0,25.0,0.0,0.0,0.0,0,6000,1000,0.16666666666666666,0,0.0,59.9999970090554,0.8049150000001127,3000,0,0,0,5000,8000,2024,0.253,9,0.004446640316205534,0.0048163855000641215,0.0,0.0,0.6473750000000005,0.21579166666666683,0.5736666666666678,8000,0.2734772418739247,6000,6000,0.12004132233628671,3076,0.35346688692391665,0.15021568350918846,0.8497843164908115,0.6586666666666666,0.23342556458762992,2.8778669834136963
True,24000,1000,15000,0,0,8000,0,0,6000,6000,1000,0,0,5000,0,0.16666666666666666,0.0,0.16666666666666666,99a1cb682e7d9e62678c54df91e4ef9c304c8ac85047546787d7af81e6c80e47,80,6,1000,404,assigned_level_sensitivity,dynamic,periodic,0.0,False,True,,True,1.0,25.0,0.0,0.0,0.0,0,6000,1000,0.16666666666666666,0,0.0,59.99998516910519,0.8048625000001126,3000,0,0,0,5000,8000,2016,0.252,9,0.004464285714285714,0.005663115151777119,0.0,0.0,0.6473750000000005,0.21579166666666683,0.5736666666666678,8000,0.2730411628195178,6000,6000,0.12104251648713983,3056,0.35478138953895605,0.15818987792473563,0.8418101220752644,0.6606666666666666,0.23373887305181623,2.7480859756469727
True,24000,1000,15000,0,0,8000,0,0,6000,6000,1000,0,0,5000,0,0.16666666666666666,0.0,0.16666666666666666,da898d98cd49d0aaec7172413cdd79bcd4b6f1a492875c77f358bd67bc12f1d7,80,6,1000,505,assigned_level_sensitivity,dynamic,periodic,0.0,False,True,,True,1.0,25.0,0.0,0.0,0.0,0,6000,1000,0.16666666666666666,0,0.0,59.99998961848665,0.8048550000001127,3000,0,0,0,5000,8000,2064,0.258,7,0.003391472868217054,0.0058030757089438095,0.0,0.0,0.6473750000000005,0.21579166666666683,0.5736666666666678,8000,0.27356343597400373,6000,6000,0.11739859004842276,3096,0.3475813952748944,0.15813116292812596,0.8418688370718741,0.6633333333333333,0.23018280522647164,2.452589988708496
True,24000,1000,15000,0,0,8000,0,0,6000,6000,1000,0,0,5000,0,0.16666666666666666,0.0,0.16666666666666666,1cf30a5ca9221dc871344625ec98c9295318b54b2419b1e31af3a12266cb9c26,80,6,1000,606,assigned_level_sensitivity,dynamic,periodic,0.0,False,True,,True,1.0,25.0,0.0,0.0,0.0,0,6000,1000,0.16666666666666666,0,0.0,59.99995706269369,0.8048987500001127,3000,0,0,0,5000,8000,2012,0.2515,9,0.0044731610337972166,0.005141110146869511,0.0,0.0,0.6473750000000005,0.21579166666666683,0.5736666666666678,8000,0.27322007061975184,6000,6000,0.12311839796486468,3136,0.3597836073367961,0.14812474823918892,0.851875251760811,0.646,0.23666520937193142,2.426433801651001
True,24000,1000,15000,0,0,8000,0,0,6000,6000,1000,0,0,5000,0,0.16666666666666666,0.0,0.16666666666666666,e238eb070194bbb8de864dc689dea5198d6a0dac3361b7c0da37d930fb4623c5,80,6,1000,707,assigned_level_sensitivity,dynamic,periodic,0.0,False,True,,True,1.0,25.0,0.0,0.0,0.0,0,6000,1000,0.16666666666666666,0,0.0,59.99998063615986,0.8048662500001127,3000,0,0,0,5000,8000,1964,0.2455,6,0.003054989816700611,0.005834185438453053,0.0,0.0,0.6473750000000005,0.21579166666666683,0.5736666666666678,8000,0.2729754035233425,6000,6000,0.1229174776303292,3108,0.35394155898614016,0.158939572542186,0.841060427457814,0.652,0.23102408135581096,2.705542802810669
True,24000,1000,15000,0,0,8000,0,0,6000,6000,1000,0,0,5000,0,0.16666666666666666,0.0,0.16666666666666666,00accd180388af339ef2da7122461ae1ccd65f6294ac2969003246e6e6ec7ee1,80,6,1000,808,assigned_level_sensitivity,dynamic,periodic,0.0,False,True,,True,1.0,25.0,0.0,0.0,0.0,0,6000,1000,0.16666666666666666,0,0.0,59.99999636989255,0.8049325000001126,3000,0,0,0,5000,8000,1952,0.244,9,0.004610655737704918,0.005211869235336234,0.0,0.0,0.6473750000000005,0.21579166666666683,0.5736666666666678,8000,0.2731430142653728,6000,6000,0.12354578555651953,3104,0.3598893239872181,0.16012049405331383,0.8398795059466861,0.6473333333333333,0.2363435384306986,2.4814467430114746
True,24000,1000,15000,0,0,8000,0,0,6000,6000,1000,0,0,5000,0,0.16666666666666666,0.0,0.16666666666666666,b48aa3c0faf7f87ce30d4b0cc235ca718d258755a19c163e3c382a67fba3619e,80,6,1000,909,assigned_level_sensitivity,dynamic,periodic,0.0,False,True,,True,1.0,25.0,0.0,0.0,0.0,0,6000,1000,0.16666666666666666,0,0.0,59.99999683978196,0.8048712500001127,3000,0,0,0,5000,8000,2072,0.259,7,0.0033783783783783786,0.004887103657744025,0.0,0.0,0.6473750000000005,0.21579166666666683,0.5736666666666678,8000,0.27336690389489,6000,6000,0.11922395711640169,3108,0.349222519210387,0.14972640102925164,0.8502735989707484,0.6606666666666666,0.2299985620939853,2.3475759029388428
True,24000,1000,15000,0,0,8000,0,0,6000,6000,1000,0,0,5000,0,0.16666666666666666,0.0,0.16666666666666666,6f970ade35f55c8d6e04ed1db4209dccaa81a80d8b93c726c62ae0fec64c18d2,80,6,1000,1010,assigned_level_sensitivity,dynamic,periodic,0.0,False,True,,True,1.0,25.0,0.0,0.0,0.0,0,6000,1000,0.16666666666666666,0,0.0,59.99999736382816,0.8049387500001127,3000,0,0,0,5000,8000,1992,0.249,13,0.006526104417670682,0.004770185826407305,0.0,0.0,0.6473750000000005,0.21579166666666683,0.5736666666666678,8000,0.2731805968995871,6000,6000,0.11851373235801128,3088,0.35444256741789315,0.14826185064119277,0.8517381493588072,0.6513333333333333,0.23592883505988188,2.310340166091919
True,32000,3000,21000,0,0,8000,0,0,8000,8000,3000,0,0,5000,0,0.375,0.0,0.375,7a501234cad18ea5af4251e2160486186061782a1ad7603d3febee572c091b81,80,8,1000,101,assigned_level_sensitivity,dynamic,periodic,0.0,False,True,,True,1.0,25.0,0.0,0.0,0.0,0,8000,3000,0.375,0,0.0,59.999986625300025,0.8048787500001128,3000,0,0,0,5000,8000,2160,0.27,7,0.0032407407407407406,0.00501952386948837,0.0,0.0,0.6473750000000005,0.16184375000000012,0.43025000000000085,8000,0.20749701674442356,8000,8000,0.08608769503841161,3288,0.3365281472825579,0.10283347803269208,0.897166521967308,0.739,0.2504404522441463,3.1773972511291504
True,32000,3000,21000,0,0,8000,0,0,8000,8000,3000,0,0,5000,0,0.375,0.0,0.375,17be6132b367a63499bfc088515c3a6d76ed2f0f42d3abe5bac44eb6c20ef186,80,8,1000,202,assigned_level_sensitivity,dynamic,periodic,0.0,False,True,,True,1.0,25.0,0.0,0.0,0.0,0,8000,3000,0.375,0,0.0,59.999988207464995,0.8048825000001127,3000,0,0,0,5000,8000,2104,0.263,6,0.0028517110266159697,0.005532260044615588,0.0,0.0,0.6473750000000005,0.16184375000000012,0.43025000000000085,8000,0.20661560473053578,8000,8000,0.08514846434015687,3256,0.33097544398702516,0.10163759614924138,0.8983624038507586,0.75,0.24582697964686828,3.1589574813842773
True,32000,3000,21000,0,0,8000,0,0,8000,8000,3000,0,0,5000,0,0.375,0.0,0.375,52b8340e5f7046dd9e362e913d8ce9df3cf8a7a4083eff9836f23c5e0699c7c7,80,8,1000,303,assigned_level_sensitivity,dynamic,periodic,0.0,False,True,,True,1.0,25.0,0.0,0.0,0.0,0,8000,3000,0.375,0,0.0,59.99999242523541,0.8048625000001127,3000,0,0,0,5000,8000,2104,0.263,5,0.002376425855513308,0.005436212463074079,0.0,0.0,0.6473750000000005,0.16184375000000012,0.43025000000000085,8000,0.20647902039858684,8000,8000,0.08846269350929527,3256,0.3428920583469355,0.11182177687845196,0.888178223121548,0.74,0.2544293648376402,3.1647720336914062
True,32000,3000,21000,0,0,8000,0,0,8000,8000,3000,0,0,5000,0,0.375,0.0,0.375,8cf13208e45b5a73bd8256126272013e7c2f499d11b17f202ff55653e83728de,80,8,1000,404,assigned_level_sensitivity,dynamic,periodic,0.0,False,True,,True,1.0,25.0,0.0,0.0,0.0,0,8000,3000,0.375,0,0.0,59.99999617714256,0.8048987500001126,3000,0,0,0,5000,8000,2000,0.25,10,0.005,0.005098845511700496,0.0,0.0,0.6473750000000005,0.16184375000000012,0.43025000000000085,8000,0.20662584858703015,8000,8000,0.08336321093153176,3200,0.3310367545872204,0.10241178511366297,0.897588214886337,0.752,0.24767354365568867,3.1166322231292725
True,32000,3000,21000,0,0,8000,0,0,8000,8000,3000,0,0,5000,0,0.375,0.0,0.375,e49863585787dc8d6adf0c3a33f8a424fe92694f918e9c6ae976873421b6cf6d,80,8,1000,505,assigned_level_sensitivity,dynamic,periodic,0.0,False,True,,True,1.0,25.0,0.0,0.0,0.0,0,8000,3000,0.375,0,0.0,59.99999417828079,0.8049087500001126,3000,0,0,0,5000,8000,2048,0.256,5,0.00244140625,0.005077823371429532,0.0,0.0,0.6473750000000005,0.16184375000000012,0.43025000000000085,8000,0.2069183457861538,8000,8000,0.0874269241231559,3264,0.3415881457788011,0.10976919731049598,0.890230802689504,0.738,0.2541612216556452,3.3442163467407227
True,32000,3000,21000,0,0,8000,0,0,8000,8000,3000,0,0,5000,0,0.375,0.0,0.375,05d20eb5a802f747490f778a8a85c44e4467af828c0b59434f6179b374eb15fe,80,8,1000,606,assigned_level_sensitivity,dynamic,periodic,0.0,False,True,,True,1.0,25.0,0.0,0.0,0.0,0,8000,3000,0.375,0,0.0,59.99998149597975,0.8048962500001127,3000,0,0,0,5000,8000,2152,0.269,10,0.004646840148698885,0.004838340285617744,0.0,0.0,0.6473750000000005,0.16184375000000012,0.43025000000000085,8000,0.20657461759983325,8000,8000,0.08791325972017425,3304,0.3380825446870785,0.10367513291858071,0.8963248670814192,0.742,0.25016928496690427,3.195044755935669
True,32000,3000,21000,0,0,8000,0,0,8000,8000,3000,0,0,5000,0,0.375,0.0,0.375,6c813477be8f1fee98f27f93b0f7f6a383aa1828b15c1f33335435e78de780ca,80,8,1000,707,assigned_level_sensitivity,dynamic,periodic,0.0,False,True,,True,1.0,25.0,0.0,0.0,0.0,0,8000,3000,0.375,0,0.0,59.99999812331525,0.8048687500001126,3000,0,0,0,5000,8000,2032,0.254,10,0.004921259842519685,0.006163731233777367,0.0,0.0,0.6473750000000005,0.16184375000000012,0.43025000000000085,8000,0.2063222491242791,8000,8000,0.09079283546332463,3328,0.3378836776778607,0.10816592346998871,0.8918340765300112,0.732,0.2470908422145361,3.1559154987335205
True,32000,3000,21000,0,0,8000,0,0,8000,8000,3000,0,0,5000,0,0.375,0.0,0.375,4ce802a63783de16b9d8e881d2c970de83bf7842dc9add60ab1d0486ec5b844d,80,8,1000,808,assigned_level_sensitivity,dynamic,periodic,0.0,False,True,,True,1.0,25.0,0.0,0.0,0.0,0,8000,3000,0.375,0,0.0,59.99999081167519,0.8049187500001127,3000,0,0,0,5000,8000,2000,0.25,7,0.0035,0.004549839159392938,0.0,0.0,0.6473750000000005,0.16184375000000012,0.43025000000000085,8000,0.20586574140517364,8000,8000,0.09102420752274144,3336,0.347879595859441,0.10607897213752233,0.8939210278624776,0.728,0.2568553883366996,3.1916017532348633
True,32000,3000,21000,0,0,8000,0,0,8000,8000,3000,0,0,5000,0,0.375,0.0,0.375,ffe4bd13a18de520dc56c39b16082bd6171585580529f01d764ce69edf44d53a,80,8,1000,909,assigned_level_sensitivity,dynamic,periodic,0.0,False,True,,True,1.0,25.0,0.0,0.0,0.0,0,8000,3000,0.375,0,0.0,59.99999455179966,0.8049225000001127,3000,0,0,0,5000,8000,2016,0.252,6,0.002976190476190476,0.004358085552927712,0.0,0.0,0.6473750000000005,0.16184375000000012,0.43025000000000085,8000,0.20675571441170568,8000,8000,0.09434710010201279,3280,0.35295298178544765,0.11354118936690918,0.8864588106330908,0.728,0.25860588168343485,3.1378231048583984
True,32000,3000,21000,0,0,8000,0,0,8000,8000,3000,0,0,5000,0,0.375,0.0,0.375,52aea5ef2563a74c2c68d298a8c0b0a554317c86659cc32cc911a2ee24720539,80,8,1000,1010,assigned_level_sensitivity,dynamic,periodic,0.0,False,True,,True,1.0,25.0,0.0,0.0,0.0,0,8000,3000,0.375,0,0.0,59.999990810572,0.8048725000001127,3000,0,0,0,5000,8000,1968,0.246,11,0.005589430894308943,0.005669559099313506,0.0,0.0,0.6473750000000005,0.16184375000000012,0.43025000000000085,8000,0.20661276711573207,8000,8000,0.08717878635946347,3176,0.3478624972898797,0.11131522608996616,0.8886847739100339,0.736,0.26068371093041626,3.1583850383758545
True,40000,5000,27000,0,0,8000,0,0,10000,10000,5000,0,0,5000,0,0.5,0.0,0.5,133f5bf8a761030170491f2af814dd2d4eefc43fd44226549b4597e90ae3e16e,80,10,1000,101,assigned_level_sensitivity,dynamic,periodic,0.0,False,True,,True,1.0,25.0,0.0,0.0,0.0,0,10000,5000,0.5,0,0.0,59.999994240906965,0.8048762500001126,3000,0,0,0,5000,8000,2140,0.2675,6,0.002803738317757009,0.0052476973966819815,0.0,0.0,0.6473750000000005,0.1294750000000001,0.34420000000000067,8000,0.16732752255808767,10000,10000,0.06526516139914923,3300,0.33134060985525887,0.06484591929262414,0.9351540807073758,0.796,0.26607544845610964,4.181864976882935
True,40000,5000,27000,0,0,8000,0,0,10000,10000,5000,0,0,5000,0,0.5,0.0,0.5,bcb5ad6c4d8357c0b23a5a2f41eb1844ea0d9a4d8b96ab085fce54ff861e3796,80,10,1000,202,assigned_level_sensitivity,dynamic,periodic,0.0,False,True,,True,1.0,25.0,0.0,0.0,0.0,0,10000,5000,0.5,0,0.0,59.99999586481421,0.8048450000001127,3000,0,0,0,5000,8000,2180,0.2725,15,0.006880733944954129,0.005599360120763855,0.0,0.0,0.6473750000000005,0.1294750000000001,0.34420000000000067,8000,0.16862857750438537,10000,10000,0.06870775463736503,3420,0.3369867918357058,0.0801247868146944,0.9198752131853056,0.794,0.2682790371983408,4.286577224731445
True,40000,5000,27000,0,0,8000,0,0,10000,10000,5000,0,0,5000,0,0.5,0.0,0.5,b9906c74fa22526fdb9421db4e0a136f5b35dda62144202272e1b2fb7eb3ee05,80,10,1000,303,assigned_level_sensitivity,dynamic,periodic,0.0,False,True,,True,1.0,25.0,0.0,0.0,0.0,0,10000,5000,0.5,0,0.0,59.99999503205612,0.8048350000001127,3000,0,0,0,5000,8000,2240,0.28,10,0.004464285714285714,0.005405943571711066,0.0,0.0,0.6473750000000005,0.1294750000000001,0.34420000000000067,8000,0.16663375811754966,10000,10000,0.06519204902595517,3360,0.31868726270773995,0.08000114737400955,0.9199988526259905,0.796,0.2534952136817848,4.242207050323486
True,40000,5000,27000,0,0,8000,0,0,10000,10000,5000,0,0,5000,0,0.5,0.0,0.5,4be7c77c3580d302bfbbab1a74da093239744ca48c1423a592082530b156b299,80,10,1000,404,assigned_level_sensitivity,dynamic,periodic,0.0,False,True,,True,1.0,25.0,0.0,0.0,0.0,0,10000,5000,0.5,0,0.0,59.99999974571599,0.8048925000001127,3000,0,0,0,5000,8000,2180,0.2725,14,0.006422018348623854,0.005591614018294052,0.0,0.0,0.6473750000000005,0.1294750000000001,0.34420000000000067,8000,0.1658025770895636,10000,10000,0.0701232818852688,3540,0.322346504826026,0.09209242526263696,0.907907574737363,0.786,0.2522232229407572,4.275232791900635
True,40000,5000,27000,0,0,8000,0,0,10000,10000,5000,0,0,5000,0,0.5,0.0,0.5,4db1b662e2febca3882659a0895fcc9053b7ecf17016043e6c92c9cd3aee77c3,80,10,1000,505,assigned_level_sensitivity,dynamic,periodic,0.0,False,True,,True,1.0,25.0,0.0,0.0,0.0,0,10000,5000,0.5,0,0.0,59.99998228551253,0.8048587500001128,3000,0,0,0,5000,8000,2260,0.2825,7,0.003097345132743363,0.005207565231254363,0.0,0.0,0.6473750000000005,0.1294750000000001,0.34420000000000067,8000,0.16645508795099867,10000,10000,0.0723584038313341,3500,0.3427796232051574,0.079633773382588,0.920366226617412,0.782,0.27042121937382335,4.238140821456909
True,40000,5000,27000,0,0,8000,0,0,10000,10000,5000,0,0,5000,0,0.5,0.0,0.5,5fdaf40c63b8ece96226fb3c1a263b7ed04ecbce59a5754c4549e82bcf1be08a,80,10,1000,606,assigned_level_sensitivity,dynamic,periodic,0.0,False,True,,True,1.0,25.0,0.0,0.0,0.0,0,10000,5000,0.5,0,0.0,59.999989853362536,0.8048762500001126,3000,0,0,0,5000,8000,2000,0.25,5,0.0025,0.005836068740939494,0.0,0.0,0.6473750000000005,0.1294750000000001,0.34420000000000067,8000,0.16636741373669145,10000,10000,0.06663358814188157,3420,0.3138633060970138,0.06826306615427186,0.9317369338457282,0.792,0.2472297179551322,4.311527490615845
True,40000,5000,27000,0,0,8000,0,0,10000,10000,5000,0,0,5000,0,0.5,0.0,0.5,eae8fd0eb897771ef13d9086f70c4d2130c44f394d28c2c2fbd504ca3c762a70,80,10,1000,707,assigned_level_sensitivity,dynamic,periodic,0.0,False,True,,True,1.0,25.0,0.0,0.0,0.0,0,10000,5000,0.5,0,0.0,59.99998772772138,0.8048787500001127,3000,0,0,0,5000,8000,2220,0.2775,10,0.0045045045045045045,0.004979546218705022,0.0,0.0,0.6473750000000005,0.1294750000000001,0.34420000000000067,8000,0.16590366786549396,10000,10000,0.06806751821096088,3400,0.3275625184131889,0.07777250524251834,0.9222274947574817,0.79,0.25949500020222804,4.225294589996338
True,40000,5000,27000,0,0,8000,0,0,10000,10000,5000,0,0,5000,0,0.5,0.0,0.5,936cb0481ba07a2658e7d60ca0f64e72c1c2658296229a064ab933e668a47d8f,80,10,1000,808,assigned_level_sensitivity,dynamic,periodic,0.0,False,True,,True,1.0,25.0,0.0,0.0,0.0,0,10000,5000,0.5,0,0.0,59.9999714968924,0.8048825000001127,3000,0,0,0,5000,8000,2040,0.255,9,0.004411764705882353,0.004817777798897832,0.0,0.0,0.6473750000000005,0.1294750000000001,0.34420000000000067,8000,0.16683836154726872,10000,10000,0.07206099818564297,3400,0.34596970704670993,0.07967581079242084,0.9203241892075792,0.782,0.27390870886106694,4.29058051109314
True,40000,5000,27000,0,0,8000,0,0,10000,10000,5000,0,0,5000,0,0.5,0.0,0.5,b1598eed9e2983da5fd0780e1389d71ece3f2c07bfafe359fd5294e50e0c3800,80,10,1000,909,assigned_level_sensitivity,dynamic,periodic,0.0,False,True,,True,1.0,25.0,0.0,0.0,0.0,0,10000,5000,0.5,0,0.0,59.99999134088499,0.8048850000001128,3000,0,0,0,5000,8000,2220,0.2775,9,0.004054054054054054,0.004504374941946034,0.0,0.0,0.6473750000000005,0.1294750000000001,0.34420000000000067,8000,0.16678252512675312,10000,10000,0.06964925150972898,3420,0.3376101697337563,0.07114361784334734,0.9288563821566527,0.784,0.26796091822402734,4.194442272186279
True,40000,5000,27000,0,0,8000,0,0,10000,10000,5000,0,0,5000,0,0.5,0.0,0.5,71e5ae3247bc9a03654dfebe0d36ff14874fd8c26dcda243f8af0879ce028883,80,10,1000,1010,assigned_level_sensitivity,dynamic,periodic,0.0,False,True,,True,1.0,25.0,0.0,0.0,0.0,0,10000,5000,0.5,0,0.0,59.999975249445214,0.8048725000001126,3000,0,0,0,5000,8000,2060,0.2575,9,0.004368932038834952,0.005377567784656979,0.0,0.0,0.6473750000000005,0.1294750000000001,0.34420000000000067,8000,0.1669433831065205,10000,10000,0.06895269476941777,3320,0.3376728207102671,0.08315016150195874,0.9168498384980412,0.792,0.2687201259408493,4.290564298629761
True,16000,0,2000,0,0,14000,0,0,4000,4000,0,0,0,4000,0,0.0,0.0,0.0,5f94118a7d3e90192598c144eb4882652a3061a1912ed5a940883915afa1a0af,100,4,1000,101,assigned_level_sensitivity,dynamic,periodic,0.0,False,True,,True,1.0,25.0,0.0,0.0,0.0,0,4000,0,0.0,0,0.0,59.99999236815212,0.8088671428570686,9167,833,0,0,4000,14000,2838,0.2027142857142857,34,0.011980267794221282,0.0014339715438902213,0.0,0.0,0.6125954928570643,0.5360210562499312,0.6884000000000013,14000,0.5680472421052932,4000,4000,0.37234560552728824,3664,0.42424317147639123,0.5754005546959867,0.4245994453040133,0.172,0.051897565949103,1.9694926738739014
True,16000,0,2000,0,0,14000,0,0,4000,4000,0,0,0,4000,0,0.0,0.0,0.0,5f60743f4251cc1f57f4eed09143bff61175f797b109b1f7a6707e9bdbab9e8c,100,4,1000,202,assigned_level_sensitivity,dynamic,periodic,0.0,False,True,,True,1.0,25.0,0.0,0.0,0.0,0,4000,0,0.0,0,0.0,59.99999424525093,0.8093099999999223,9268,732,0,0,4000,14000,2792,0.19942857142857143,32,0.011461318051575931,0.0018108218447159359,0.0,0.0,0.6123119714284913,0.5357729749999298,0.6884000000000013,14000,0.5675156263608979,4000,4000,0.37341967831969486,3696,0.4208704432184704,0.5805540938626124,0.41944590613738764,0.166,0.04745076489877553,1.8485796451568604
True,16000,0,2000,0,0,14000,0,0,4000,4000,0,0,0,4000,0,0.0,0.0,0.0,93d78bf2192fb5f1a1477dec0382df9346d3e26750a92867a9a5c128cded5745,100,4,1000,303,assigned_level_sensitivity,dynamic,periodic,0.0,False,True,,True,1.0,25.0,0.0,0.0,0.0,0,4000,0,0.0,0,0.0,59.99999855966834,0.8093457142856367,9284,716,0,0,4000,14000,2776,0.1982857142857143,33,0.011887608069164265,0.0017981304472187223,0.0,0.0,0.612267057142777,0.5357336749999299,0.6884000000000013,14000,0.5672294843540727,4000,4000,0.3754308911001156,3696,0.42610480937450523,0.577142974423698,0.422857025576302,0.16,0.05067391827438961,1.776789665222168
True,16000,0,2000,0,0,14000,0,0,4000,4000,0,0,0,4000,0,0.0,0.0,0.0,1e22bb3d1f755a25ecb70d0ab714e74d2154df0e7ff1438885da29f1f2f52a47,100,4,1000,404,assigned_level_sensitivity,dynamic,periodic,0.0,False,True,,True,1.0,25.0,0.0,0.0,0.0,0,4000,0,0.0,0,0.0,59.99997010163274,0.8092878571427787,9272,728,0,0,4000,14000,2781,0.19864285714285715,25,0.008989572096368213,0.0018788329628077667,0.0,0.0,0.6123007428570627,0.5357631499999298,0.6884000000000013,14000,0.567567041745407,4000,4000,0.3787523765710724,3712,0.42965682082640355,0.576939010559715,0.42306098944028503,0.14975,0.05090444425533114,1.8286399841308594
True,16000,0,2000,0,0,14000,0,0,4000,4000,0,0,0,4000,0,0.0,0.0,0.0,2850d7cfa9dd669a11d9a18ab095b1b73306276dffe22806240405b6a99f1dbc,100,4,1000,505,assigned_level_sensitivity,dynamic,periodic,0.0,False,True,,True,1.0,25.0,0.0,0.0,0.0,0,4000,0,0.0,0,0.0,59.999988996096384,0.8090457142856373,9232,768,0,0,4000,14000,2883,0.20592857142857143,37,0.012833853624696497,0.0008902336155437899,0.0,0.0,0.612413028571349,0.5358613999999304,0.6884000000000013,14000,0.5670022161402198,4000,4000,0.3732743382944434,3680,0.4230927737884646,0.5779452604510152,0.42205473954898476,0.168,0.04981843549402121,1.8134846687316895
True,16000,0,2000,0,0,14000,0,0,4000,4000,0,0,0,4000,0,0.0,0.0,0.0,821818fc4a76ed845c5d6e95d143beec70dbb2f046705cf5fe53fa808c30e1e5,100,4,1000,606,assigned_level_sensitivity,dynamic,periodic,0.0,False,True,,True,1.0,25.0,0.0,0.0,0.0,0,4000,0,0.0,0,0.0,59.99999909729459,0.8090428571427805,9224,776,0,0,4000,14000,2649,0.18921428571428572,27,0.010192525481313703,0.001586909182537591,0.0,0.0,0.6124354857142061,0.5358810499999304,0.6884000000000013,14000,0.5674042707786401,4000,4000,0.37541074666466545,3736,0.4225504488510914,0.5745652363314332,0.4254347636685668,0.16,0.047139702186425936,1.7991926670074463
True,16000,0,2000,0,0,14000,0,0,4000,4000,0,0,0,4000,0,0.0,0.0,0.0,f6928467f99c60a3dffbcf03d262bf5e3188089123a36f34b70efbac5c05e1bf,100,4,1000,707,assigned_level_sensitivity,dynamic,periodic,0.0,False,True,,True,1.0,25.0,0.0,0.0,0.0,0,4000,0,0.0,0,0.0,59.99996225671746,0.8087957142856385,9180,820,0,0,4000,14000,2681,0.1915,4,0.0014919806042521448,0.0020422551456254663,0.0,0.0,0.6125589999999212,0.535989124999931,0.6884000000000013,14000,0.5673495229922192,4000,4000,0.3795255227672971,3712,0.4271494024127549,0.5971501335594451,0.40284986644055487,0.162,0.04762387964545778,1.9035453796386719
True,16000,0,2000,0,0,14000,0,0,4000,4000,0,0,0,4000,0,0.0,0.0,0.0,1a5164a8f978961edaf3c5d9607966de96fd9134937605fcbe2119e01174bc65,100,4,1000,808,assigned_level_sensitivity,dynamic,periodic,0.0,False,True,,True,1.0,25.0,0.0,0.0,0.0,0,4000,0,0.0,0,0.0,59.99997658647821,0.8093749999999221,9281,719,0,0,4000,14000,2720,0.19428571428571428,19,0.006985294117647059,0.0018441792494065922,0.0,0.0,0.6122754785713483,0.5357410437499298,0.6884000000000013,14000,0.5676521234168243,4000,4000,0.3703017045276364,3656,0.41992886244717376,0.5867211055245317,0.4132788944754683,0.18,0.04962715791953737,1.8076629638671875
True,16000,0,2000,0,0,14000,0,0,4000,4000,0,0,0,4000,0,0.0,0.0,0.0,2590073cdb4ae245d599e4559899ca065f4b0c004255bf6487c5839fc39ff574,100,4,1000,909,assigned_level_sensitivity,dynamic,periodic,0.0,False,True,,True,1.0,25.0,0.0,0.0,0.0,0,4000,0,0.0,0,0.0,59.99994295165466,0.8091571428570652,9262,738,0,0,4000,14000,2728,0.19485714285714287,38,0.013929618768328446,0.0011843600465236846,0.0,0.0,0.6123288142856342,0.53578771249993,0.6884000000000013,14000,0.5686447340713152,4000,4000,0.3804479126743611,3704,0.4297934935124676,0.5788420688307361,0.4211579311692639,0.161,0.04934558083810647,2.1223044395446777
True,16000,0,2000,0,0,14000,0,0,4000,4000,0,0,0,4000,0,0.0,0.0,0.0,e35a562238ec3870a9a013c614963bf8ca648d69a0c80181e91b018cfc024ad7,100,4,1000,1010,assigned_level_sensitivity,dynamic,periodic,0.0,False,True,,True,1.0,25.0,0.0,0.0,0.0,0,4000,0,0.0,0,0.0,59.99997442643853,0.8086628571427815,9164,836,0,0,4000,14000,2896,0.20685714285714285,15,0.0051795580110497235,0.0018365507516693376,0.0,0.0,0.6126039142856355,0.5360284249999311,0.6884000000000013,14000,0.5673239166991241,4000,4000,0.37709629600682865,3720,0.42752910227484353,0.5815490513516635,0.41845094864833654,0.15,0.050432806268014885,2.1036176681518555
True,24000,0,14000,0,0,10000,0,0,6000,6000,0,0,0,6000,0,0.0,0.0,0.0,df7bc9e9dfff60af02e6943e923e62f0f9bf8709cc064f383faeee134513c470,100,6,1000,101,assigned_level_sensitivity,dynamic,periodic,0.0,False,True,,True,1.0,25.0,0.0,0.0,0.0,0,6000,0,0.0,0,0.0,59.999974528780406,0.809065000000127,3547,453,0,0,6000,10000,2164,0.2164,0,0.0,0.005596640721385383,0.0,0.0,0.6464202899999839,0.2693417874999933,0.6884000000000013,10000,0.337845793601885,6000,6000,0.15930839146057257,3802,0.3627959012065277,0.2183181351611529,0.781681864838847,0.5656666666666667,0.20348750974595514,2.559521436691284
True,24000,0,14000,0,0,10000,0,0,6000,6000,0,0,0,6000,0,0.0,0.0,0.0,3736254c386243245c7ea836644f1946e24824c7abc86c8860c1c363672a151c,100,6,1000,202,assigned_level_sensitivity,dynamic,periodic,0.0,False,True,,True,1.0,25.0,0.0,0.0,0.0,0,6000,0,0.0,0,0.0,59.99997928164333,0.8091070000001271,3548,452,0,0,6000,10000,2096,0.2096,3,0.0014312977099236641,0.00542452955990186,0.0,0.0,0.6464163599999839,0.26934014999999334,0.6884000000000013,10000,0.3379504978553719,6000,6000,0.15323348095173123,3769,0.3624252144701747,0.20164576871627066,0.7983542312837293,0.5701666666666667,0.20919173351844345,2.5213382244110107
True,24000,0,14000,0,0,10000,0,0,6000,6000,0,0,0,6000,0,0.0,0.0,0.0,9c4b50958727dc7c2d179fbe104c63fad4ab75dd91649f34eca4fbb19c432337,100,6,1000,303,assigned_level_sensitivity,dynamic,periodic,0.0,False,True,,True,1.0,25.0,0.0,0.0,0.0,0,6000,0,0.0,0,0.0,59.9999668264996,0.809097000000127,3548,452,0,0,6000,10000,2152,0.2152,4,0.0018587360594795538,0.0046999406502367235,0.0,0.0,0.6464163599999839,0.26934014999999334,0.6884000000000013,10000,0.3376672848790262,6000,6000,0.15717780744194848,3800,0.3596328079145986,0.20773824640203045,0.7922617535979696,0.5681666666666667,0.20245500047265014,2.485217571258545
True,24000,0,14000,0,0,10000,0,0,6000,6000,0,0,0,6000,0,0.0,0.0,0.0,478471266194d94a3b137038f0ef600d53e0302e1322af8a2948fb5f8c98afdf,100,6,1000,404,assigned_level_sensitivity,dynamic,periodic,0.0,False,True,,True,1.0,25.0,0.0,0.0,0.0,0,6000,0,0.0,0,0.0,59.99996917244251,0.8090540000001271,3547,453,0,0,6000,10000,2124,0.2124,4,0.0018832391713747645,0.005343507643165404,0.0,0.0,0.6464202899999839,0.2693417874999933,0.6884000000000013,10000,0.33746231516493724,6000,6000,0.15538473669784308,3762,0.3610838860980718,0.20622980401252847,0.7937701959874716,0.5681666666666667,0.2056991494002287,2.4536821842193604
True,24000,0,14000,0,0,10000,0,0,6000,6000,0,0,0,6000,0,0.0,0.0,0.0,d945735a8e094ae77772f96fe90671759b77955778bc773e6c93a82f80d508ec,100,6,1000,505,assigned_level_sensitivity,dynamic,periodic,0.0,False,True,,True,1.0,25.0,0.0,0.0,0.0,0,6000,0,0.0,0,0.0,59.9999958138587,0.8091180000001271,3550,450,0,0,6000,10000,2208,0.2208,0,0.0,0.004606802657828353,0.0,0.0,0.646408499999984,0.2693368749999933,0.6884000000000013,10000,0.3376518164036087,6000,6000,0.15597440404482837,3760,0.3630812929815368,0.21026695458720596,0.789733045412794,0.5728333333333333,0.20710688893670842,2.693464756011963
True,24000,0,14000,0,0,10000,0,0,6000,6000,0,0,0,6000,0,0.0,0.0,0.0,ce1e0562db8730d80a057cacabcd1a1125934972a2266603482076751c65ec7a,100,6,1000,606,assigned_level_sensitivity,dynamic,periodic,0.0,False,True,,True,1.0,25.0,0.0,0.0,0.0,0,6000,0,0.0,0,0.0,59.999979959841625,0.8091160000001271,3550,450,0,0,6000,10000,2228,0.2228,1,0.0004488330341113106,0.0047768296414738304,0.0,0.0,0.646408499999984,0.2693368749999933,0.6884000000000013,10000,0.33802143617653546,6000,6000,0.15768568114354947,3816,0.3634210986770675,0.19543283187099472,0.8045671681290053,0.5675,0.20573541753351804,2.398768186569214
True,24000,0,14000,0,0,10000,0,0,6000,6000,0,0,0,6000,0,0.0,0.0,0.0,b7ece186a8ad3e897fdf1cf08a0f3356ce15b7fd2cf41b2298c249baf7814b0a,100,6,1000,707,assigned_level_sensitivity,dynamic,periodic,0.0,False,True,,True,1.0,25.0,0.0,0.0,0.0,0,6000,0,0.0,0,0.0,59.99999949127937,0.8090560000001271,3547,453,0,0,6000,10000,2156,0.2156,4,0.0018552875695732839,0.004742795600068352,0.0,0.0,0.6464202899999839,0.2693417874999933,0.6884000000000013,10000,0.3377780136420188,6000,6000,0.1559024372880962,3784,0.3585948520039605,0.20728541695052222,0.7927145830494777,0.569,0.20269241471586433,2.3413589000701904
True,24000,0,14000,0,0,10000,0,0,6000,6000,0,0,0,6000,0,0.0,0.0,0.0,4c52203c9e54a73250b1ecde019d091da96295e9840f323625e0f97196c11cbd,100,6,1000,808,assigned_level_sensitivity,dynamic,periodic,0.0,False,True,,True,1.0,25.0,0.0,0.0,0.0,0,6000,0,0.0,0,0.0,59.99996887410977,0.809076000000127,3548,452,0,0,6000,10000,2124,0.2124,5,0.0023540489642184556,0.004749037665261562,0.0,0.0,0.6464163599999839,0.26934014999999334,0.6884000000000013,10000,0.3378244503442739,6000,6000,0.15760130849462772,3739,0.3640732634942011,0.20461588344240667,0.7953841165575933,0.5696666666666667,0.20647195499957338,2.4487905502319336
True,24000,0,14000,0,0,10000,0,0,6000,6000,0,0,0,6000,0,0.0,0.0,0.0,5b34ac3e3c935bcde89a557e35faec54ebbaee3215e881d834aef2704505ea4f,100,6,1000,909,assigned_level_sensitivity,dynamic,periodic,0.0,False,True,,True,1.0,25.0,0.0,0.0,0.0,0,6000,0,0.0,0,0.0,59.99997061441174,0.8090810000001271,3548,452,0,0,6000,10000,2200,0.22,3,0.0013636363636363637,0.004899388434172369,0.0,0.0,0.6464163599999839,0.26934014999999334,0.6884000000000013,10000,0.3377962439955574,6000,6000,0.15772952729633452,3816,0.3636917456685462,0.20528144828932882,0.7947185517106712,0.5655,0.20596221837221165,2.3667473793029785
True,24000,0,14000,0,0,10000,0,0,6000,6000,0,0,0,6000,0,0.0,0.0,0.0,9f867c13fbacf3259755d814661805b3d101f0606f92961926f0aa57dd766e36,100,6,1000,1010,assigned_level_sensitivity,dynamic,periodic,0.0,False,True,,True,1.0,25.0,0.0,0.0,0.0,0,6000,0,0.0,0,0.0,59.999988959534214,0.809126000000127,3550,450,0,0,6000,10000,2228,0.2228,2,0.0008976660682226212,0.004066451580875652,0.0,0.0,0.646408499999984,0.2693368749999933,0.6884000000000013,10000,0.33760663192520746,6000,6000,0.1556681178394223,3754,0.36386506987147454,0.20352546600186014,0.7964745339981398,0.5691666666666667,0.20819695203205224,2.377528429031372
True,32000,2000,20000,0,0,10000,0,0,8000,8000,2000,0,0,6000,0,0.25,0.0,0.25,6c630a461921ab0b17b4948324c7a45ad577fa2d8283e9b78039e63425e41806,100,8,1000,101,assigned_level_sensitivity,dynamic,periodic,0.0,False,True,,True,1.0,25.0,0.0,0.0,0.0,0,8000,2000,0.25,0,0.0,59.99998707940129,0.8091050000001271,3549,451,0,0,6000,10000,2344,0.2344,4,0.0017064846416382253,0.004714632346830927,0.0,0.0,0.6464124299999839,0.20200388437499497,0.516300000000001,10000,0.25575214793803297,8000,8000,0.11722667895596872,4069,0.35222966144845796,0.15324802665270695,0.846751973347293,0.666625,0.23500298249248924,3.2802839279174805
True,32000,2000,20000,0,0,10000,0,0,8000,8000,2000,0,0,6000,0,0.25,0.0,0.25,5c7612eb8739cc058077384d00305f3d093a8b03ee328ec7cdfdd94106bc0155,100,8,1000,202,assigned_level_sensitivity,dynamic,periodic,0.0,False,True,,True,1.0,25.0,0.0,0.0,0.0,0,8000,2000,0.25,0,0.0,59.999694675675485,0.8090540000001271,3548,452,0,0,6000,10000,2440,0.244,0,0.0,0.005166310821159202,0.0,0.0,0.6464163599999839,0.202005112499995,0.516300000000001,10000,0.2558474864626612,8000,8000,0.11248977034011542,3976,0.34869442951901725,0.14263173122994618,0.8573682687700538,0.6735,0.23620465917890182,3.4503822326660156
True,32000,2000,20000,0,0,10000,0,0,8000,8000,2000,0,0,6000,0,0.25,0.0,0.25,7c075a987d0b9b041c78180fbaf8d838a9b9af447de3a2202a373bd3b1a25a29,100,8,1000,303,assigned_level_sensitivity,dynamic,periodic,0.0,False,True,,True,1.0,25.0,0.0,0.0,0.0,0,8000,2000,0.25,0,0.0,59.999971441404384,0.809091000000127,3549,451,0,0,6000,10000,2336,0.2336,4,0.0017123287671232876,0.004991456728419747,0.0,0.0,0.6464124299999839,0.20200388437499497,0.516300000000001,10000,0.25574395071625955,8000,8000,0.1134624259313306,3964,0.34942691702965795,0.1482038774812272,0.8517961225187728,0.676,0.23596449109832734,3.2899715900421143
True,32000,2000,20000,0,0,10000,0,0,8000,8000,2000,0,0,6000,0,0.25,0.0,0.25,136d73d620e122aa3c48d1d210b913a086dd5f0e287ccfd02e3190fa68b51161,100,8,1000,404,assigned_level_sensitivity,dynamic,periodic,0.0,False,True,,True,1.0,25.0,0.0,0.0,0.0,0,8000,2000,0.25,0,0.0,59.99999683077759,0.8090700000001271,3547,453,0,0,6000,10000,2376,0.2376,0,0.0,0.005447773815488709,0.0,0.0,0.6464202899999839,0.20200634062499498,0.516300000000001,10000,0.2558665631536512,8000,8000,0.11276208482325686,3888,0.34927773233412374,0.1408442346228185,0.8591557653771815,0.676875,0.23651564751086687,3.214829683303833
True,32000,2000,20000,0,0,10000,0,0,8000,8000,2000,0,0,6000,0,0.25,0.0,0.25,79d1712a9205b0d7488b9aca4f11cbe7c13cf843129999099f547efd8dcbc13d,100,8,1000,505,assigned_level_sensitivity,dynamic,periodic,0.0,False,True,,True,1.0,25.0,0.0,0.0,0.0,0,8000,2000,0.25,0,0.0,59.999795967922566,0.8091210000001271,3548,452,0,0,6000,10000,2496,0.2496,0,0.0,0.0040833016121658355,0.0,0.0,0.6464163599999839,0.202005112499995,0.516300000000001,10000,0.2560955653500604,8000,8000,0.11134066542137502,3952,0.349668618497137,0.14107906198218256,0.8589209380178174,0.676,0.23832795307576196,3.42755126953125
True,32000,2000,20000,0,0,10000,0,0,8000,8000,2000,0,0,6000,0,0.25,0.0,0.25,12012a3f9b326ee67e9fb608c1eca588bc2895ff20ef1a4d5362b0832e5eaa06,100,8,1000,606,assigned_level_sensitivity,dynamic,periodic,0.0,False,True,,True,1.0,25.0,0.0,0.0,0.0,0,8000,2000,0.25,0,0.0,59.99998989645594,0.8090630000001271,3548,452,0,0,6000,10000,2344,0.2344,3,0.001279863481228669,0.005389990576094134,0.0,0.0,0.6464163599999839,0.202005112499995,0.516300000000001,10000,0.25528905829232,8000,8000,0.11243345138509042,3924,0.35213612782846776,0.1300011793141984,0.8699988206858016,0.677,0.23970267644337734,3.3728301525115967
True,32000,2000,20000,0,0,10000,0,0,8000,8000,2000,0,0,6000,0,0.25,0.0,0.25,72e41370ea32de3438bf24abb7a62639392cdec5f5c407ffaedc43f64945a1d0,100,8,1000,707,assigned_level_sensitivity,dynamic,periodic,0.0,False,True,,True,1.0,25.0,0.0,0.0,0.0,0,8000,2000,0.25,0,0.0,59.999993941820215,0.809060000000127,3547,453,0,0,6000,10000,2320,0.232,3,0.001293103448275862,0.005663549876118856,0.0,0.0,0.6464202899999839,0.20200634062499498,0.516300000000001,10000,0.25556673129763746,8000,8000,0.1156031242438504,3891,0.3562115166118957,0.14377027017113594,0.856229729828864,0.670875,0.24060839236804532,3.2866287231445312
True,32000,2000,20000,0,0,10000,0,0,8000,8000,2000,0,0,6000,0,0.25,0.0,0.25,eef020be4b53eb9ea131a072fc73bec611cef64f51cf591f33d1f605c0ca9e2e,100,8,1000,808,assigned_level_sensitivity,dynamic,periodic,0.0,False,True,,True,1.0,25.0,0.0,0.0,0.0,0,8000,2000,0.25,0,0.0,59.99997140878527,0.8090490000001271,3548,452,0,0,6000,10000,2336,0.2336,2,0.0008561643835616438,0.005167871872921246,0.0,0.0,0.6464163599999839,0.202005112499995,0.516300000000001,10000,0.25488187712172344,8000,8000,0.11564678447183724,3901,0.35579494512985305,0.14374879296996032,0.8562512070300397,0.669,0.2401481606580158,3.3386244773864746
True,32000,2000,20000,0,0,10000,0,0,8000,8000,2000,0,0,6000,0,0.25,0.0,0.25,7ec2dff7c3eea1b5733bf164e53bcf67270ef81ba08f70148c32982a2b3241f9,100,8,1000,909,assigned_level_sensitivity,dynamic,periodic,0.0,False,True,,True,1.0,25.0,0.0,0.0,0.0,0,8000,2000,0.25,0,0.0,59.99995361740435,0.809073000000127,3548,452,0,0,6000,10000,2464,0.2464,4,0.0016233766233766235,0.004801882325061212,0.0,0.0,0.6464163599999839,0.202005112499995,0.516300000000001,10000,0.255873504293496,8000,8000,0.11871716022799995,3920,0.3643030265049522,0.14651480817217138,0.8534851918278286,0.668,0.24558586627695228,3.7711665630340576
True,32000,2000,20000,0,0,10000,0,0,8000,8000,2000,0,0,6000,0,0.25,0.0,0.25,1a2e861cf7b5669f56f6a09fba9e04daa43c10806a39a66c234104e7cd33ff28,100,8,1000,1010,assigned_level_sensitivity,dynamic,periodic,0.0,False,True,,True,1.0,25.0,0.0,0.0,0.0,0,8000,2000,0.25,0,0.0,59.99994109072804,0.8090700000001271,3549,451,0,0,6000,10000,2360,0.236,0,0.0,0.004740582971982188,0.0,0.0,0.6464124299999839,0.20200388437499497,0.516300000000001,10000,0.25638273253058314,8000,8000,0.1123184393346698,3792,0.3616736670033711,0.14078658258195584,0.8592134174180441,0.678,0.24935522766870133,3.6257376670837402
True,40000,4000,26000,0,0,10000,0,0,10000,10000,4000,0,0,6000,0,0.4,0.0,0.4,b2328826f8434d96311122bbb47ecf46afc99daf0e3540ae187da579eab846cf,100,10,1000,101,assigned_level_sensitivity,dynamic,periodic,0.0,False,True,,True,1.0,25.0,0.0,0.0,0.0,0,10000,4000,0.4,0,0.0,59.999987475175125,0.809055000000127,3546,454,0,0,6000,10000,2620,0.262,3,0.0011450381679389313,0.005920344739692358,0.0,0.0,0.646424219999984,0.161606054999996,0.4130400000000008,10000,0.20664641094792768,10000,10000,0.09042708994111263,4020,0.35279778390442834,0.09760312580288362,0.9023968741971163,0.7388,0.2623706939633157,4.552520990371704
True,40000,4000,26000,0,0,10000,0,0,10000,10000,4000,0,0,6000,0,0.4,0.0,0.4,40cb54e0d1ef1078d805d8461309506eca81a0d34c580452f81fc98a942c9ea5,100,10,1000,202,assigned_level_sensitivity,dynamic,periodic,0.0,False,True,,True,1.0,25.0,0.0,0.0,0.0,0,10000,4000,0.4,0,0.0,59.999988379867816,0.8090680000001271,3548,452,0,0,6000,10000,2500,0.25,0,0.0,0.004658805633156809,0.0,0.0,0.6464163599999839,0.16160408999999598,0.4130400000000008,10000,0.20757920992676085,10000,10000,0.09023349792359374,4160,0.35826883581273333,0.10868467334995542,0.8913153266500445,0.7333,0.2680353378891396,4.639163970947266
True,40000,4000,26000,0,0,10000,0,0,10000,10000,4000,0,0,6000,0,0.4,0.0,0.4,a3bd99ac48ace3725d6b6887708dd8a543ed0147a4e12ea5d4f7df715a2bb47f,100,10,1000,303,assigned_level_sensitivity,dynamic,periodic,0.0,False,True,,True,1.0,25.0,0.0,0.0,0.0,0,10000,4000,0.4,0,0.0,59.99999030791989,0.809025000000127,3547,453,0,0,6000,10000,2740,0.274,2,0.00072992700729927,0.005043547252984559,0.0,0.0,0.6464202899999839,0.16160507249999598,0.4130400000000008,10000,0.20540490021487606,10000,10000,0.08407334931162028,4220,0.3207005282850244,0.10565469515418291,0.8943453048458171,0.736,0.2366271789734041,4.493334054946899
True,40000,4000,26000,0,0,10000,0,0,10000,10000,4000,0,0,6000,0,0.4,0.0,0.4,0aeefc5ad6f9d42be674e8f43927e086949fc9eccbd320a54b2b26533f1683cd,100,10,1000,404,assigned_level_sensitivity,dynamic,periodic,0.0,False,True,,True,1.0,25.0,0.0,0.0,0.0,0,10000,4000,0.4,0,0.0,59.99996952361142,0.8090540000001271,3548,452,0,0,6000,10000,2480,0.248,4,0.0016129032258064516,0.005434980710147362,0.0,0.0,0.6464163599999839,0.16160408999999598,0.4130400000000008,10000,0.20616191969654477,10000,10000,0.09215148109787054,4340,0.33120016591463547,0.11602162734066977,0.8839783726593302,0.73,0.23904868481676494,4.259657621383667
True,40000,4000,26000,0,0,10000,0,0,10000,10000,4000,0,0,6000,0,0.4,0.0,0.4,ab70b9dce151eb0c30f653d9a232238b3e4b4db60d03f9a2aa9e32f33bb34dcb,100,10,1000,505,assigned_level_sensitivity,dynamic,periodic,0.0,False,True,,True,1.0,25.0,0.0,0.0,0.0,0,10000,4000,0.4,0,0.0,59.99912913160946,0.8090750000001271,3548,452,0,0,6000,10000,2660,0.266,0,0.0,0.004814258728014727,0.0,0.0,0.6464163599999839,0.16160408999999598,0.4130400000000008,10000,0.20645634724716705,10000,10000,0.09188039489449151,4190,0.3538961350979316,0.10305865018206732,0.8969413498179327,0.728,0.2620157402034401,4.3674116134643555
True,40000,4000,26000,0,0,10000,0,0,10000,10000,4000,0,0,6000,0,0.4,0.0,0.4,245c31bac0d9729237302b6b007c9596887a9638f0a02a65f633e68d2b991714,100,10,1000,606,assigned_level_sensitivity,dynamic,periodic,0.0,False,True,,True,1.0,25.0,0.0,0.0,0.0,0,10000,4000,0.4,0,0.0,59.99985886760163,0.8090810000001271,3548,452,0,0,6000,10000,2420,0.242,0,0.0,0.004653609416018131,0.0,0.0,0.6464163599999839,0.16160408999999598,0.4130400000000008,10000,0.20604355180374775,10000,10000,0.09133377346385384,4233,0.3369747622879172,0.09647803162053968,0.9035219683794603,0.7309,0.24564098882406332,4.630629539489746
True,40000,4000,26000,0,0,10000,0,0,10000,10000,4000,0,0,6000,0,0.4,0.0,0.4,89cb0a64bf1d940512ffcaf6c8a7c2500521a84d41c962d5d758a6b7c184a29e,100,10,1000,707,assigned_level_sensitivity,dynamic,periodic,0.0,False,True,,True,1.0,25.0,0.0,0.0,0.0,0,10000,4000,0.4,0,0.0,59.9999824197065,0.809094000000127,3548,452,0,0,6000,10000,2260,0.226,1,0.0004424778761061947,0.005130846259479349,0.0,0.0,0.6464163599999839,0.16160408999999598,0.4130400000000008,10000,0.2048413008481092,10000,10000,0.09136586031225434,4160,0.3532051825436059,0.1169279332900925,0.8830720667099075,0.7301,0.26183932223135153,4.3581624031066895
True,40000,4000,26000,0,0,10000,0,0,10000,10000,4000,0,0,6000,0,0.4,0.0,0.4,d3df1ee6db94943e183a9c8f93b074942ef79ecba145038af9556066f53cc413,100,10,1000,808,assigned_level_sensitivity,dynamic,periodic,0.0,False,True,,True,1.0,25.0,0.0,0.0,0.0,0,10000,4000,0.4,0,0.0,59.99991540640781,0.8090670000001271,3548,452,0,0,6000,10000,2340,0.234,0,0.0,0.005163873936502761,0.0,0.0,0.6464163599999839,0.16160408999999598,0.4130400000000008,10000,0.20709210796371613,10000,10000,0.0872374351749566,4040,0.34208049588739065,0.09735455695001612,0.9026454430499838,0.74,0.254843060712434,4.214756488800049
True,40000,4000,26000,0,0,10000,0,0,10000,10000,4000,0,0,6000,0,0.4,0.0,0.4,12d7b3394fe7f86af9150d83df1acf61ab84993e6a1ff520aec04fe4b62195de,100,10,1000,909,assigned_level_sensitivity,dynamic,periodic,0.0,False,True,,True,1.0,25.0,0.0,0.0,0.0,0,10000,4000,0.4,0,0.0,59.99947712382601,0.8090200000001271,3546,454,0,0,6000,10000,2600,0.26,0,0.0,0.0055492817248749635,0.0,0.0,0.646424219999984,0.161606054999996,0.4130400000000008,10000,0.2063299391758064,10000,10000,0.08700169866123812,4124,0.33785903631034836,0.10559773446385941,0.8944022655361406,0.7319,0.2508573376491102,4.322309732437134
True,40000,4000,26000,0,0,10000,0,0,10000,10000,4000,0,0,6000,0,0.4,0.0,0.4,8c5ffdd29e2e50f0283523427791060dcba31ee8d20fe522b03fd0ceeb66df98,100,10,1000,1010,assigned_level_sensitivity,dynamic,periodic,0.0,False,True,,True,1.0,25.0,0.0,0.0,0.0,0,10000,4000,0.4,0,0.0,59.998902575621564,0.8090660000001271,3548,452,0,0,6000,10000,2440,0.244,0,0.0,0.004528482328259114,0.0,0.0,0.6464163599999839,0.16160408999999598,0.4130400000000008,10000,0.20626615652876495,10000,10000,0.09245736695373713,4140,0.35432185606773353,0.09982431247610153,0.9001756875238984,0.7248,0.2618644891139964,4.255542993545532
True,16000,0,587,0,0,15413,0,0,4000,4000,0,0,0,4000,0,0.0,0.0,0.0,5f94118a7d3e90192598c144eb4882652a3061a1912ed5a940883915afa1a0af,150,4,1000,101,assigned_level_sensitivity,dynamic,periodic,0.0,False,True,,True,1.0,25.0,0.0,0.0,0.0,0,4000,0,0.0,0,0.0,59.99994870671624,0.7952189709984359,3240,3805,137,3340,4891,15413,3376,0.21903587880360734,3114,0.92239336492891,-0.19548967869123954,0.0,0.0,0.644366288198212,0.6207260999999401,0.6884000000000013,15413,0.6342478531449267,4000,4000,0.4671521407429352,3933,0.4829437940990956,0.6311969014967049,0.36880309850329507,0.07875,0.015791653356160396,2.3459982872009277
True,16000,0,675,0,0,15325,0,0,4000,4000,0,0,0,4000,0,0.0,0.0,0.0,5f60743f4251cc1f57f4eed09143bff61175f797b109b1f7a6707e9bdbab9e8c,150,4,1000,202,assigned_level_sensitivity,dynamic,periodic,0.0,False,True,,True,1.0,25.0,0.0,0.0,0.0,0,4000,0,0.0,0,0.0,59.99997334685676,0.7955680261010744,3496,3543,132,3172,4982,15325,3470,0.22642740619902121,3202,0.9227665706051873,-0.18826434779920068,0.0,0.0,0.6436676606850887,0.6165129312499366,0.6884000000000013,15325,0.6309007971221801,4000,4000,0.4580947252102594,3912,0.4737056960223984,0.6239181961071545,0.3760818038928455,0.09675,0.015610970812139024,2.4115116596221924
True,16000,0,612,0,0,15388,0,0,4000,4000,0,0,0,4000,0,0.0,0.0,0.0,93d78bf2192fb5f1a1477dec0382df9346d3e26750a92867a9a5c128cded5745,150,4,1000,303,assigned_level_sensitivity,dynamic,periodic,0.0,False,True,,True,1.0,25.0,0.0,0.0,0.0,0,4000,0,0.0,0,0.0,59.99999521799262,0.7963140109175207,3281,3747,149,3333,4878,15388,3365,0.21867689108396152,3057,0.9084695393759287,-0.18761144564013701,0.0,0.0,0.6442399402130903,0.6195977624999396,0.6884000000000013,15388,0.6336166684681237,4000,4000,0.46532174394464515,3936,0.4779974208982518,0.6332686039648201,0.3667313960351799,0.08075,0.012675676953606663,2.4918088912963867
True,16000,0,544,0,0,15456,0,0,4000,4000,0,0,0,4000,0,0.0,0.0,0.0,1e22bb3d1f755a25ecb70d0ab714e74d2154df0e7ff1438885da29f1f2f52a47,150,4,1000,404,assigned_level_sensitivity,dynamic,periodic,0.0,False,True,,True,1.0,25.0,0.0,0.0,0.0,0,4000,0,0.0,0,0.0,59.9999530767594,0.7945419254657681,3356,3786,74,3394,4846,15456,3408,0.2204968944099379,3246,0.9524647887323944,-0.19100931069367624,0.0,0.0,0.643880667701799,0.6219887249999378,0.6884000000000013,15456,0.6355893413573536,4000,4000,0.46903380473994294,3952,0.48236211526276884,0.6321086496421751,0.36789135035782494,0.08525,0.013328310522825904,2.2372682094573975
True,16000,0,552,0,0,15448,0,0,4000,4000,0,0,0,4000,0,0.0,0.0,0.0,2850d7cfa9dd669a11d9a18ab095b1b73306276dffe22806240405b6a99f1dbc,150,4,1000,505,assigned_level_sensitivity,dynamic,periodic,0.0,False,True,,True,1.0,25.0,0.0,0.0,0.0,0,4000,0,0.0,0,0.0,59.999981514867706,0.7952984205074358,3308,3863,165,3246,4866,15448,3441,0.22274728120145001,3154,0.9165940133682069,-0.192373071645251,0.0,0.0,0.643734709994758,0.6215258624999389,0.6884000000000013,15448,0.6347850989751569,4000,4000,0.46568482404950934,3952,0.4782940998753873,0.6315332832016615,0.36846671679833853,0.08575,0.012609275825877952,2.265265464782715
True,16000,0,656,0,0,15344,0,0,4000,4000,0,0,0,4000,0,0.0,0.0,0.0,821818fc4a76ed845c5d6e95d143beec70dbb2f046705cf5fe53fa808c30e1e5,150,4,1000,606,assigned_level_sensitivity,dynamic,periodic,0.0,False,True,,True,1.0,25.0,0.0,0.0,0.0,0,4000,0,0.0,0,0.0,59.999910134083606,0.7949973931177644,3386,3583,121,3408,4846,15344,3440,0.22419186652763295,3283,0.954360465116279,-0.19249719780729493,0.0,0.0,0.6441194864441493,0.6177105874999391,0.6884000000000013,15344,0.6328619420077652,4000,4000,0.4613923860074439,3880,0.4823031486966891,0.625240962966608,0.374759037033392,0.092,0.020910762689245188,2.247011423110962
True,16000,0,568,0,0,15432,0,0,4000,4000,0,0,0,4000,0,0.0,0.0,0.0,f6928467f99c60a3dffbcf03d262bf5e3188089123a36f34b70efbac5c05e1bf,150,4,1000,707,assigned_level_sensitivity,dynamic,periodic,0.0,False,True,,True,1.0,25.0,0.0,0.0,0.0,0,4000,0,0.0,0,0.0,59.99993544635984,0.7957465007775295,3317,3750,82,3466,4817,15432,3320,0.21513737687921203,3114,0.9379518072289157,-0.19345487969448877,0.0,0.0,0.6441566226023224,0.62128906249994,0.6884000000000013,15432,0.6348416559609462,4000,4000,0.46490376307584985,3936,0.47996111273679426,0.6279503770632022,0.3720496229367978,0.08175,0.015057349660944408,2.2104737758636475
True,16000,0,711,0,0,15289,0,0,4000,4000,0,0,0,4000,0,0.0,0.0,0.0,1a5164a8f978961edaf3c5d9607966de96fd9134937605fcbe2119e01174bc65,150,4,1000,808,assigned_level_sensitivity,dynamic,periodic,0.0,False,True,,True,1.0,25.0,0.0,0.0,0.0,0,4000,0,0.0,0,0.0,59.99992872945439,0.7957145660277941,3241,3589,159,3303,4997,15289,3241,0.21198247105762313,3004,0.9268744214748534,-0.18705498011790114,0.0,0.0,0.644965883968803,0.6163052124999393,0.6884000000000013,15289,0.631712545761412,4000,4000,0.4662240646063807,3921,0.4812888707675234,0.6291606938513529,0.37083930614864713,0.09575,0.015064806161142696,2.295161485671997
True,16000,0,636,0,0,15364,0,0,4000,4000,0,0,0,4000,0,0.0,0.0,0.0,2590073cdb4ae245d599e4559899ca065f4b0c004255bf6487c5839fc39ff574,150,4,1000,909,assigned_level_sensitivity,dynamic,periodic,0.0,False,True,,True,1.0,25.0,0.0,0.0,0.0,0,4000,0,0.0,0,0.0,59.99997801529649,0.7952896381150042,3289,3707,105,3359,4904,15364,3347,0.21784691486592034,3142,0.938751120406334,-0.19428533980288717,0.0,0.0,0.6443973053891568,0.6187825124999379,0.6884000000000013,15364,0.633208066777712,4000,4000,0.4657205261983378,3940,0.4822796478619045,0.6193468029437067,0.3806531970562933,0.0825,0.01655912166356671,2.2844326496124268
True,16000,0,584,0,0,15416,0,0,4000,4000,0,0,0,4000,0,0.0,0.0,0.0,e35a562238ec3870a9a013c614963bf8ca648d69a0c80181e91b018cfc024ad7,150,4,1000,1010,assigned_level_sensitivity,dynamic,periodic,0.0,False,True,,True,1.0,25.0,0.0,0.0,0.0,0,4000,0,0.0,0,0.0,59.999934362086364,0.7950395692786059,3392,3770,163,3196,4895,15416,3480,0.22573949143746758,3262,0.9373563218390805,-0.19549056241360435,0.0,0.0,0.6435244745718107,0.6200358312499397,0.6884000000000013,15416,0.6334690381156526,4000,4000,0.4614589990510091,3928,0.47547055144343414,0.627124372869847,0.372875627130153,0.082,0.01401155239242502,2.3645308017730713
True,24000,0,2004,0,0,21996,0,0,6000,6000,0,0,0,6000,0,0.0,0.0,0.0,df7bc9e9dfff60af02e6943e923e62f0f9bf8709cc064f383faeee134513c470,150,6,1000,101,assigned_level_sensitivity,dynamic,periodic,0.0,False,True,,True,1.0,25.0,0.0,0.0,0.0,0,6000,0,0.0,0,0.0,59.99999632404947,0.8044235315508732,15988,8,0,0,6000,21996,4760,0.21640298236042918,28,0.0058823529411764705,0.001221422638068478,0.0,0.0,0.6088560829239485,0.5580165999997988,0.6884000000000013,21996,0.5830848959144221,6000,6000,0.3861195742605795,5625,0.4228694296719207,0.6163330847081558,0.38366691529184416,0.14016666666666666,0.03674985541134118,3.1184186935424805
True,24000,0,2000,0,0,22000,0,0,6000,6000,0,0,0,6000,0,0.0,0.0,0.0,3736254c386243245c7ea836644f1946e24824c7abc86c8860c1c363672a151c,150,6,1000,202,assigned_level_sensitivity,dynamic,periodic,0.0,False,True,,True,1.0,25.0,0.0,0.0,0.0,0,6000,0,0.0,0,0.0,59.99999639057921,0.8044295454542273,16000,0,0,0,6000,22000,4722,0.21463636363636363,10,0.0021177467174925877,0.001174112248077397,0.0,0.0,0.6088363636361441,0.5580999999997988,0.6884000000000013,22000,0.5827035599766293,6000,6000,0.39185267945676894,5656,0.42549312698343916,0.6147019026983429,0.3852980973016571,0.12866666666666668,0.033640447526670225,3.3954834938049316
True,24000,0,2008,0,0,21992,0,0,6000,6000,0,0,0,6000,0,0.0,0.0,0.0,9c4b50958727dc7c2d179fbe104c63fad4ab75dd91649f34eca4fbb19c432337,150,6,1000,303,assigned_level_sensitivity,dynamic,periodic,0.0,False,True,,True,1.0,25.0,0.0,0.0,0.0,0,6000,0,0.0,0,0.0,59.99994501910692,0.804408421243771,15974,18,0,0,6000,21992,4687,0.21312295380138233,27,0.005760614465542991,0.0011170683373665855,0.0,0.0,0.6088793834119306,0.557936474999799,0.6884000000000013,21992,0.5829402106908543,6000,6000,0.38628193235460456,5668,0.4208752993192206,0.6080251805733424,0.3919748194266576,0.133,0.03459336696461601,3.2665677070617676
True,24000,0,2000,0,0,22000,0,0,6000,6000,0,0,0,6000,0,0.0,0.0,0.0,478471266194d94a3b137038f0ef600d53e0302e1322af8a2948fb5f8c98afdf,150,6,1000,404,assigned_level_sensitivity,dynamic,periodic,0.0,False,True,,True,1.0,25.0,0.0,0.0,0.0,0,6000,0,0.0,0,0.0,59.99991822533748,0.8044281818178638,16000,0,0,0,6000,22000,4741,0.2155,16,0.003374815439780637,0.00114231283061311,0.0,0.0,0.6088363636361441,0.5580999999997988,0.6884000000000013,22000,0.5829575563101425,6000,6000,0.3891644507065571,5660,0.4238661936354657,0.6135706498980813,0.3864293501019187,0.13083333333333333,0.0347017429289086,3.1054370403289795
True,24000,0,2012,0,0,21988,0,0,6000,6000,0,0,0,6000,0,0.0,0.0,0.0,d945735a8e094ae77772f96fe90671759b77955778bc773e6c93a82f80d508ec,150,6,1000,505,assigned_level_sensitivity,dynamic,periodic,0.0,False,True,,True,1.0,25.0,0.0,0.0,0.0,0,6000,0,0.0,0,0.0,59.99999646514966,0.8044392395849104,15965,23,0,0,6000,21988,4701,0.21379843551027833,20,0.0042544139544777706,0.0008972941540270264,0.0,0.0,0.6088937556846997,0.5578481624997991,0.6884000000000013,21988,0.5829998480811122,6000,6000,0.38912359337541547,5672,0.42496373005631805,0.6108051721839943,0.3891948278160057,0.12933333333333333,0.03584013668090258,3.0151095390319824
True,24000,0,2004,0,0,21996,0,0,6000,6000,0,0,0,6000,0,0.0,0.0,0.0,ce1e0562db8730d80a057cacabcd1a1125934972a2266603482076751c65ec7a,150,6,1000,606,assigned_level_sensitivity,dynamic,periodic,0.0,False,True,,True,1.0,25.0,0.0,0.0,0.0,0,6000,0,0.0,0,0.0,59.99995313399209,0.8044267139476726,15987,9,0,0,6000,21996,4646,0.21122022185851974,8,0.0017219113215669393,0.0011977215075787914,0.0,0.0,0.6088578696124374,0.5580182374997988,0.6884000000000013,21996,0.5829210672736014,6000,6000,0.3866744555571083,5700,0.4195122209489354,0.6004000752497112,0.3995999247502888,0.12866666666666668,0.032837765391827145,3.1360087394714355
True,24000,0,2008,0,0,21992,0,0,6000,6000,0,0,0,6000,0,0.0,0.0,0.0,b7ece186a8ad3e897fdf1cf08a0f3356ce15b7fd2cf41b2298c249baf7814b0a,150,6,1000,707,assigned_level_sensitivity,dynamic,periodic,0.0,False,True,,True,1.0,25.0,0.0,0.0,0.0,0,6000,0,0.0,0,0.0,59.99996430022593,0.8044420698432613,15975,17,0,0,6000,21992,4643,0.21112222626409605,9,0.0019384018953262977,0.001183045902338008,0.0,0.0,0.6088775963984712,0.557934837499799,0.6884000000000013,21992,0.5827139615604147,6000,6000,0.388859673562669,5647,0.4250478620936803,0.6060486049171185,0.39395139508288146,0.13433333333333333,0.0361881885310113,3.02526593208313
True,24000,0,2000,0,0,22000,0,0,6000,6000,0,0,0,6000,0,0.0,0.0,0.0,4c52203c9e54a73250b1ecde019d091da96295e9840f323625e0f97196c11cbd,150,6,1000,808,assigned_level_sensitivity,dynamic,periodic,0.0,False,True,,True,1.0,25.0,0.0,0.0,0.0,0,6000,0,0.0,0,0.0,59.999943715289106,0.8044318181815002,16000,0,0,0,6000,22000,4685,0.21295454545454545,8,0.0017075773745997866,0.0012637402289811886,0.0,0.0,0.6088363636361441,0.5580999999997988,0.6884000000000013,22000,0.5830212350051349,6000,6000,0.384560397352733,5656,0.42069641044626765,0.6047445179164952,0.3952554820835048,0.13633333333333333,0.03613601309353465,3.0241575241088867
True,24000,0,2016,0,0,21984,0,0,6000,6000,0,0,0,6000,0,0.0,0.0,0.0,5b34ac3e3c935bcde89a557e35faec54ebbaee3215e881d834aef2704505ea4f,150,6,1000,909,assigned_level_sensitivity,dynamic,periodic,0.0,False,True,,True,1.0,25.0,0.0,0.0,0.0,0,6000,0,0.0,0,0.0,59.99996354124326,0.8043918304218075,15954,30,0,0,6000,21984,4822,0.21934133915574963,19,0.003940273745333886,0.0005210791336961122,0.0,0.0,0.6089117085150646,0.5577631249997992,0.6884000000000013,21984,0.58309847073479,6000,6000,0.3896408142196022,5656,0.4266885711176752,0.612479511227464,0.387520488772536,0.12733333333333333,0.03704775689807299,3.0668275356292725
True,24000,0,2000,0,0,22000,0,0,6000,6000,0,0,0,6000,0,0.0,0.0,0.0,9f867c13fbacf3259755d814661805b3d101f0606f92961926f0aa57dd766e36,150,6,1000,1010,assigned_level_sensitivity,dynamic,periodic,0.0,False,True,,True,1.0,25.0,0.0,0.0,0.0,0,6000,0,0.0,0,0.0,59.99994095185096,0.8044268181815002,16000,0,0,0,6000,22000,4716,0.21436363636363637,10,0.0021204410517387615,0.0011998906695542915,0.0,0.0,0.6088363636361441,0.5580999999997988,0.6884000000000013,22000,0.5836087735800848,6000,6000,0.38436710421010806,5664,0.41922823887839306,0.606247183596574,0.39375281640342596,0.135,0.034861134668285,3.043410539627075
True,32000,0,15000,0,0,17000,0,0,8000,8000,0,0,0,8000,0,0.0,0.0,0.0,aaabbf64bb5a67911422c9ac26864c12bdc3d473c4e26d09934c03c2de08e543,150,8,1000,101,assigned_level_sensitivity,dynamic,periodic,0.0,False,True,,True,1.0,25.0,0.0,0.0,0.0,0,8000,0,0.0,0,0.0,59.99998649782647,0.8041899999998112,7032,1968,0,0,8000,17000,3600,0.21176470588235294,32,0.008888888888888889,0.0010059440268662457,0.0,0.0,0.6350319058821999,0.33736069999991875,0.6884000000000013,17000,0.40488778150694693,8000,8000,0.21023221894388694,5672,0.38159327981102853,0.3010185994107674,0.6989814005892325,0.471,0.1713610608671416,3.7207677364349365
True,32000,0,15000,0,0,17000,0,0,8000,8000,0,0,0,8000,0,0.0,0.0,0.0,ccc6b9249845e0c37527cd7f55700cdf777d4a27e9f20114a03ae93070dd4f09,150,8,1000,202,assigned_level_sensitivity,dynamic,periodic,0.0,False,True,,True,1.0,25.0,0.0,0.0,0.0,0,8000,0,0.0,0,0.0,59.99999328021727,0.8043429411762828,7088,1912,0,0,8000,17000,3512,0.20658823529411766,72,0.02050113895216401,0.00046902327205554216,0.0,0.0,0.6349024470586698,0.3372919249999184,0.6884000000000013,17000,0.4049377816098718,8000,8000,0.20920235475658294,5712,0.38272439974377376,0.29703629666574927,0.7029637033342507,0.469,0.17352204498719082,3.6983466148376465
True,32000,0,15000,0,0,17000,0,0,8000,8000,0,0,0,8000,0,0.0,0.0,0.0,fa9104ce37d0bed494e8e68c544517eb6804845b3942c9a76815008d2e839fbe,150,8,1000,303,assigned_level_sensitivity,dynamic,periodic,0.0,False,True,,True,1.0,25.0,0.0,0.0,0.0,0,8000,0,0.0,0,0.0,59.99999605245161,0.8041247058821643,7049,1951,0,0,8000,17000,3480,0.20470588235294118,48,0.013793103448275862,0.0012078480193881025,0.0,0.0,0.6349926058821996,0.33733982187491857,0.6884000000000013,17000,0.4052874575425468,8000,8000,0.2125630735462735,5584,0.39155415796757725,0.30783471813628216,0.6921652818637178,0.468,0.17899108442130376,3.634101390838623
True,32000,0,15000,0,0,17000,0,0,8000,8000,0,0,0,8000,0,0.0,0.0,0.0,99d5e8e815bdb3fbf83d5c6c396113c800c58dd835f25789869ab526d6252de9,150,8,1000,404,assigned_level_sensitivity,dynamic,periodic,0.0,False,True,,True,1.0,25.0,0.0,0.0,0.0,0,8000,0,0.0,0,0.0,59.99999904078677,0.8042035294115764,7056,1944,0,0,8000,17000,3520,0.20705882352941177,48,0.013636363636363636,0.0008958219916933049,0.0,0.0,0.6349764235292584,0.3373312249999186,0.6884000000000013,17000,0.40566758774695577,8000,8000,0.20583365484135452,5728,0.3762437800883222,0.28254845883025054,0.7174515411697495,0.473,0.1704101252469677,3.5039069652557373
True,32000,0,15000,0,0,17000,0,0,8000,8000,0,0,0,8000,0,0.0,0.0,0.0,4588989295f413c400eb038088125b0d970565a49c44e328a746779cb3728b26,150,8,1000,505,assigned_level_sensitivity,dynamic,periodic,0.0,False,True,,True,1.0,25.0,0.0,0.0,0.0,0,8000,0,0.0,0,0.0,59.99999448946292,0.8041958823527526,7055,1945,0,0,8000,17000,3576,0.21035294117647058,40,0.011185682326621925,0.001152322594377846,0.0,0.0,0.6349787352939643,0.3373324531249185,0.6884000000000013,17000,0.4052210399315867,8000,8000,0.21319530015048221,5576,0.38858094630275747,0.30587446116901423,0.6941255388309857,0.472,0.17538564615227525,3.4366419315338135
True,32000,0,15000,0,0,17000,0,0,8000,8000,0,0,0,8000,0,0.0,0.0,0.0,7e1e83024ea6707492cc0cad7118863b8719120b04048e0fd2fb6fee034b85d1,150,8,1000,606,assigned_level_sensitivity,dynamic,periodic,0.0,False,True,,True,1.0,25.0,0.0,0.0,0.0,0,8000,0,0.0,0,0.0,59.99999915281301,0.8041788235292254,7104,1896,0,0,8000,17000,3320,0.1952941176470588,80,0.024096385542168676,-0.000742810487396364,0.0,0.0,0.6348654588233755,0.33727227499991824,0.6884000000000013,17000,0.4049977744727087,8000,8000,0.2063706197766382,5632,0.3825690689929307,0.291223512001392,0.708776487998608,0.465,0.1761984492162925,3.4192721843719482
True,32000,0,15000,0,0,17000,0,0,8000,8000,0,0,0,8000,0,0.0,0.0,0.0,e76c763ac54dbd90337334399c4cb6ce71151db8139bf84da5628482de3caef7,150,8,1000,707,assigned_level_sensitivity,dynamic,periodic,0.0,False,True,,True,1.0,25.0,0.0,0.0,0.0,0,8000,0,0.0,0,0.0,59.99998108365213,0.8042047058821642,7042,1958,0,0,8000,17000,3496,0.2056470588235294,32,0.009153318077803204,0.001447452074406034,0.0,0.0,0.6350087882351411,0.33734841874991867,0.6884000000000013,17000,0.40511435992330824,8000,8000,0.20879336952591837,5672,0.38162867888496016,0.29495234874136284,0.7050476512586372,0.473,0.1728353093590418,3.4682440757751465
True,32000,0,15000,0,0,17000,0,0,8000,8000,0,0,0,8000,0,0.0,0.0,0.0,0772d1f8fc9f966e4e94191b3aa8b928ad6bfc7e1801f816c71cb45d696c0cd2,150,8,1000,808,assigned_level_sensitivity,dynamic,periodic,0.0,False,True,,True,1.0,25.0,0.0,0.0,0.0,0,8000,0,0.0,0,0.0,59.99993448058344,0.8042941176468722,7112,1888,0,0,8000,17000,3552,0.20894117647058824,72,0.02027027027027027,-0.0003915670471848792,0.0,0.0,0.6348469647057283,0.33726244999991817,0.6884000000000013,17000,0.4048857689089313,8000,8000,0.20887925541092944,5640,0.3790593965396435,0.303147052382157,0.696852947617843,0.478,0.17018014112871405,3.611325263977051
True,32000,0,15000,0,0,17000,0,0,8000,8000,0,0,0,8000,0,0.0,0.0,0.0,983b9f3b193194087d652a9c34e48e04b604e5fa861df79d152f1f088392db9e,150,8,1000,909,assigned_level_sensitivity,dynamic,periodic,0.0,False,True,,True,1.0,25.0,0.0,0.0,0.0,0,8000,0,0.0,0,0.0,59.99998927778263,0.8042552941174584,7042,1958,0,0,8000,17000,3552,0.20894117647058824,32,0.009009009009009009,0.001296190728020051,0.0,0.0,0.635008788235141,0.3373484187499186,0.6884000000000013,17000,0.4053107556197579,8000,8000,0.21145599129399822,5576,0.3896267284913871,0.30242645081198555,0.6975735491880144,0.474,0.17817073719738885,3.5144705772399902
True,32000,0,15000,0,0,17000,0,0,8000,8000,0,0,0,8000,0,0.0,0.0,0.0,4353217b20bf1fb3c1b81e0687963bca5950f5073a6b2b8cfed0dc39870a197c,150,8,1000,1010,assigned_level_sensitivity,dynamic,periodic,0.0,False,True,,True,1.0,25.0,0.0,0.0,0.0,0,8000,0,0.0,0,0.0,59.999987280039946,0.8041923529409888,7066,1934,0,0,8000,17000,3440,0.2023529411764706,56,0.01627906976744186,0.000631952081148426,0.0,0.0,0.6349533058821996,0.3373189437499185,0.6884000000000013,17000,0.40569033256160025,8000,8000,0.20372419382341708,5576,0.3761707562242217,0.29543973026489917,0.7045602697351008,0.489,0.1724465624008046,3.705881118774414
True,40000,0,27000,0,0,13000,0,0,10000,10000,0,0,0,10000,0,0.0,0.0,0.0,d5a0dcae89a5420d8212068bb711476587f7ed86ab0bfdbc6177a484d0e8c06b,150,10,1000,101,assigned_level_sensitivity,dynamic,periodic,0.0,False,True,,True,1.0,25.0,0.0,0.0,0.0,0,10000,0,0.0,0,0.0,59.999982226248235,0.811139999999953,2979,21,0,0,10000,13000,3600,0.27692307692307694,0,0.0,0.004251193967138683,0.0,0.0,0.6632173307691713,0.21554563249998068,0.6884000000000013,13000,0.2807820850305285,10000,10000,0.10940871935040047,5580,0.33712212809276576,0.12338637135633539,0.8766136286436647,0.666,0.2277134087423653,4.407496213912964
True,40000,0,27000,0,0,13000,0,0,10000,10000,0,0,0,10000,0,0.0,0.0,0.0,d420eab19fa032fa6554e958731a9cfe2ccaff0d3c8b7ccf0c1954812b70e159,150,10,1000,202,assigned_level_sensitivity,dynamic,periodic,0.0,False,True,,True,1.0,25.0,0.0,0.0,0.0,0,10000,0,0.0,0,0.0,59.99998154501759,0.8059992307691953,2116,884,0,0,10000,13000,3540,0.2723076923076923,0,0.0,0.0035163583407689936,0.0,0.0,0.6658262461537969,0.216393529999984,0.6884000000000013,13000,0.280928566089567,10000,10000,0.11217401104323574,5680,0.33890780742679877,0.1246325044297951,0.8753674955702049,0.6598,0.22673379638356303,4.628204822540283
True,40000,0,27000,0,0,13000,0,0,10000,10000,0,0,0,10000,0,0.0,0.0,0.0,4fa73f83efb0b30e441d2058e80879f5ae8046cd50657c2997f903af7d406502,150,10,1000,303,assigned_level_sensitivity,dynamic,periodic,0.0,False,True,,True,1.0,25.0,0.0,0.0,0.0,0,10000,0,0.0,0,0.0,59.999994344179186,0.8059746153845802,2116,884,0,0,10000,13000,3740,0.2876923076923077,0,0.0,0.0043085914155676745,0.0,0.0,0.6658262461537969,0.216393529999984,0.6884000000000013,13000,0.280925288719406,10000,10000,0.11465379079839835,5580,0.34892540635370994,0.1298311843562148,0.8701688156437852,0.66,0.2342716155553116,5.259153366088867
True,40000,0,27000,0,0,13000,0,0,10000,10000,0,0,0,10000,0,0.0,0.0,0.0,acf8d3c54ffc0201e365efa1dab85427555f694c26f75454f107aa91ba8e2bda,150,10,1000,404,assigned_level_sensitivity,dynamic,periodic,0.0,False,True,,True,1.0,25.0,0.0,0.0,0.0,0,10000,0,0.0,0,0.0,59.99995270084245,0.8060123076922723,2115,885,0,0,10000,13000,3400,0.26153846153846155,0,0.0,0.004181827658149498,0.0,0.0,0.66582926923072,0.21639451249998395,0.6884000000000013,13000,0.28129400271684035,10000,10000,0.11252143157658259,5600,0.33990524169853276,0.13397682716632167,0.8660231728336784,0.668,0.22738381012195016,4.51035475730896
True,40000,0,27000,0,0,13000,0,0,10000,10000,0,0,0,10000,0,0.0,0.0,0.0,a6977f57b44dcaf129dc8cb8da2775f7fb8a45cce309a8a15334e0d8cab9bcad,150,10,1000,505,assigned_level_sensitivity,dynamic,periodic,0.0,False,True,,True,1.0,25.0,0.0,0.0,0.0,0,10000,0,0.0,0,0.0,59.999987493156596,0.8111107692307222,2978,22,0,0,10000,13000,3500,0.2692307692307692,0,0.0,0.004151338128028625,0.0,0.0,0.6632203538460945,0.2155466149999807,0.6884000000000013,13000,0.2799833603880987,10000,10000,0.11085455371252172,5600,0.33632638298209716,0.13816112378690132,0.8618388762130986,0.6679,0.22547182926957543,4.6630637645721436
True,40000,0,27000,0,0,13000,0,0,10000,10000,0,0,0,10000,0,0.0,0.0,0.0,85a33772ee292f10e8aef7fd5cee174f3e1376deb8ac3fb9b6760f9848146b7c,150,10,1000,606,assigned_level_sensitivity,dynamic,periodic,0.0,False,True,,True,1.0,25.0,0.0,0.0,0.0,0,10000,0,0.0,0,0.0,59.999992457051064,0.8060023076922722,2116,884,0,0,10000,13000,3320,0.2553846153846154,0,0.0,0.00383529319432639,0.0,0.0,0.6658262461537969,0.216393529999984,0.6884000000000013,13000,0.2809547947316414,10000,10000,0.11530461634770324,5660,0.3431785416190739,0.12251630412697738,0.8774836958730227,0.656,0.22787392527137068,4.58970046043396
True,40000,0,27000,0,0,13000,0,0,10000,10000,0,0,0,10000,0,0.0,0.0,0.0,7c1a19d9a1c3467d0687905c7ed2c445885dc020c9623304e3f2d9778bdd4a83,150,10,1000,707,assigned_level_sensitivity,dynamic,periodic,0.0,False,True,,True,1.0,25.0,0.0,0.0,0.0,0,10000,0,0.0,0,0.0,59.99999631472902,0.811139999999953,2980,20,0,0,10000,13000,3660,0.2815384615384615,0,0.0,0.004552402333619236,0.0,0.0,0.6632143076922482,0.2155446499999807,0.6884000000000013,13000,0.2799544974438447,10000,10000,0.11154302366962333,5520,0.342287049123038,0.1218612129144528,0.8781387870855472,0.6621,0.23074402545341466,4.680675506591797
True,40000,0,27000,0,0,13000,0,0,10000,10000,0,0,0,10000,0,0.0,0.0,0.0,7c63d45d9ec5aab26bcbcab1b90489c75c8801d40cc0618700b789908e2cf09f,150,10,1000,808,assigned_level_sensitivity,dynamic,periodic,0.0,False,True,,True,1.0,25.0,0.0,0.0,0.0,0,10000,0,0.0,0,0.0,59.99999232976753,0.8059815384615032,2116,884,0,0,10000,13000,3640,0.28,0,0.0,0.004020628477264849,0.0,0.0,0.6658262461537969,0.216393529999984,0.6884000000000013,13000,0.281193359808577,10000,10000,0.11738734835331135,5660,0.34385203798747976,0.13046537226063426,0.8695346277393657,0.654,0.2264646896341684,4.6956892013549805
True,40000,0,27000,0,0,13000,0,0,10000,10000,0,0,0,10000,0,0.0,0.0,0.0,eef449dd20942c378220d3adc9ae3b30fc789520b6b67ed578877c5612b469b0,150,10,1000,909,assigned_level_sensitivity,dynamic,periodic,0.0,False,True,,True,1.0,25.0,0.0,0.0,0.0,0,10000,0,0.0,0,0.0,59.99997556176544,0.8059869230768878,2116,884,0,0,10000,13000,3640,0.28,0,0.0,0.004112247672741751,0.0,0.0,0.6658262461537969,0.216393529999984,0.6884000000000013,13000,0.2812862607152109,10000,10000,0.12179804516627282,5760,0.3548147197521393,0.12560389418079432,0.8743961058192057,0.642,0.23301667458586647,4.5233025550842285
True,40000,0,27000,0,0,13000,0,0,10000,10000,0,0,0,10000,0,0.0,0.0,0.0,04934f877793a2796930a2bda98f59e881d2801d5332d809293e526026756d4f,150,10,1000,1010,assigned_level_sensitivity,dynamic,periodic,0.0,False,True,,True,1.0,25.0,0.0,0.0,0.0,0,10000,0,0.0,0,0.0,59.99999443191885,0.8060284615384262,2116,884,0,0,10000,13000,3420,0.2630769230769231,0,0.0,0.0034924732286867547,0.0,0.0,0.6658262461537969,0.216393529999984,0.6884000000000013,13000,0.2809927229678384,10000,10000,0.11573555963964662,5560,0.35165054479474206,0.13755696378130952,0.8624430362186905,0.654,0.23591498515509546,4.582857370376587
True,16000,0,88,0,0,15912,0,0,4000,4000,0,0,0,4000,0,0.0,0.0,0.0,5f94118a7d3e90192598c144eb4882652a3061a1912ed5a940883915afa1a0af,200,4,1000,101,assigned_level_sensitivity,dynamic,periodic,0.0,False,True,,True,1.0,25.0,0.0,0.0,0.0,0,4000,0,0.0,0,0.0,59.99998721942367,0.8049497234790373,843,2244,134,3277,9414,15912,3288,0.2066365007541478,3283,0.9984793187347932,-0.3420708180709999,0.0,0.0,0.6691735922573021,0.665493137499887,0.6884000000000013,15912,0.6702543520690273,4000,4000,0.49528479398306263,3992,0.49694762294498085,0.6456227083944833,0.3543772916055167,0.06625,0.0016628289619182168,2.203345537185669
True,16000,0,72,0,0,15928,0,0,4000,4000,0,0,0,4000,0,0.0,0.0,0.0,5f60743f4251cc1f57f4eed09143bff61175f797b109b1f7a6707e9bdbab9e8c,200,4,1000,202,assigned_level_sensitivity,dynamic,periodic,0.0,False,True,,True,1.0,25.0,0.0,0.0,0.0,0,4000,0,0.0,0,0.0,59.99994186340297,0.8049849321947794,834,2375,103,3218,9398,15928,3328,0.20894023103967854,3315,0.99609375,-0.3347500071399519,0.0,0.0,0.6688214465091803,0.665811749999889,0.6884000000000013,15928,0.6703584822384255,4000,4000,0.49412146452490335,4000,0.4945206525390808,0.6420820869447383,0.35791791305526166,0.065,0.00039918801417743177,2.6409687995910645
True,16000,0,88,0,0,15912,0,0,4000,4000,0,0,0,4000,0,0.0,0.0,0.0,93d78bf2192fb5f1a1477dec0382df9346d3e26750a92867a9a5c128cded5745,200,4,1000,303,assigned_level_sensitivity,dynamic,periodic,0.0,False,True,,True,1.0,25.0,0.0,0.0,0.0,0,4000,0,0.0,0,0.0,59.999999207126365,0.8062342885871295,923,2408,136,3151,9294,15912,3308,0.20789341377576673,3296,0.9963724304715841,-0.3350216349615814,0.0,0.0,0.6680174459526286,0.6643433499998891,0.6884000000000013,15912,0.6695736445772492,4000,4000,0.49146060442464967,3992,0.49310354187091915,0.6433809913921397,0.35661900860786033,0.07475,0.0016429374462694768,2.2475414276123047
True,16000,0,104,0,0,15896,0,0,4000,4000,0,0,0,4000,0,0.0,0.0,0.0,1e22bb3d1f755a25ecb70d0ab714e74d2154df0e7ff1438885da29f1f2f52a47,200,4,1000,404,assigned_level_sensitivity,dynamic,periodic,0.0,False,True,,True,1.0,25.0,0.0,0.0,0.0,0,4000,0,0.0,0,0.0,59.99997944403692,0.805844866633018,946,2274,165,3148,9363,15896,3320,0.20885757423251133,3313,0.9978915662650603,-0.327528088209452,0.0,0.0,0.6683516545041657,0.6640073687498885,0.6884000000000013,15896,0.6688998132046925,4000,4000,0.49143707662393205,3992,0.4931141712961319,0.6449508001573683,0.3550491998426317,0.06775,0.0016770946721998414,2.166557788848877
True,16000,0,64,0,0,15936,0,0,4000,4000,0,0,0,4000,0,0.0,0.0,0.0,2850d7cfa9dd669a11d9a18ab095b1b73306276dffe22806240405b6a99f1dbc,200,4,1000,505,assigned_level_sensitivity,dynamic,periodic,0.0,False,True,,True,1.0,25.0,0.0,0.0,0.0,0,4000,0,0.0,0,0.0,59.99998930976578,0.8053689759035183,842,2489,92,3219,9294,15936,3336,0.20933734939759036,3331,0.9985011990407674,-0.3317490391058761,0.0,0.0,0.6683044992468771,0.6656312812498896,0.6884000000000013,15936,0.6702867709492937,4000,4000,0.4966481636747946,4000,0.49689858290900635,0.6464954895095644,0.35350451049043563,0.07,0.0002504192342117628,2.137446880340576
True,16000,0,112,0,0,15888,0,0,4000,4000,0,0,0,4000,0,0.0,0.0,0.0,821818fc4a76ed845c5d6e95d143beec70dbb2f046705cf5fe53fa808c30e1e5,200,4,1000,606,assigned_level_sensitivity,dynamic,periodic,0.0,False,True,,True,1.0,25.0,0.0,0.0,0.0,0,4000,0,0.0,0,0.0,59.99998260322262,0.8054235901308177,847,2366,126,3096,9453,15888,3280,0.20644511581067473,3277,0.9990853658536586,-0.3370667196242501,0.0,0.0,0.6687764728095554,0.6640950374998886,0.6884000000000013,15888,0.66918386319452,4000,4000,0.4881671026805133,4000,0.49031709603904156,0.6383070451154549,0.3616929548845451,0.06475,0.0021499933585282793,2.1384165287017822
True,16000,0,104,0,0,15896,0,0,4000,4000,0,0,0,4000,0,0.0,0.0,0.0,f6928467f99c60a3dffbcf03d262bf5e3188089123a36f34b70efbac5c05e1bf,200,4,1000,707,assigned_level_sensitivity,dynamic,periodic,0.0,False,True,,True,1.0,25.0,0.0,0.0,0.0,0,4000,0,0.0,0,0.0,59.99994618208159,0.8055932310014126,885,2324,111,3094,9482,15896,3216,0.20231504781077,3209,0.9978233830845771,-0.33073534599830645,0.0,0.0,0.6687537808252507,0.6644068812498867,0.6884000000000013,15896,0.669372594889121,4000,4000,0.49480405193351407,4000,0.4954249218966106,0.6404933819516585,0.3595066180483415,0.06425,0.0006208699630965153,2.1513450145721436
True,16000,0,72,0,0,15928,0,0,4000,4000,0,0,0,4000,0,0.0,0.0,0.0,1a5164a8f978961edaf3c5d9607966de96fd9134937605fcbe2119e01174bc65,200,4,1000,808,assigned_level_sensitivity,dynamic,periodic,0.0,False,True,,True,1.0,25.0,0.0,0.0,0.0,0,4000,0,0.0,0,0.0,59.99999884700787,0.8049510296332534,857,2495,100,2967,9509,15928,3304,0.2074334505273732,3298,0.9981840193704601,-0.3259660200583294,0.0,0.0,0.668386369914502,0.6653786312498867,0.6884000000000013,15928,0.6703379636258688,4000,4000,0.4957639381459269,3992,0.4979558723757838,0.6423260172579228,0.3576739827420772,0.05975,0.0021919342298569178,2.154629945755005
True,16000,0,72,0,0,15928,0,0,4000,4000,0,0,0,4000,0,0.0,0.0,0.0,2590073cdb4ae245d599e4559899ca065f4b0c004255bf6487c5839fc39ff574,200,4,1000,909,assigned_level_sensitivity,dynamic,periodic,0.0,False,True,,True,1.0,25.0,0.0,0.0,0.0,0,4000,0,0.0,0,0.0,59.99999059130012,0.8042516323454543,866,2157,95,3365,9445,15928,3286,0.20630336514314415,3283,0.9990870359099209,-0.34826579183978584,0.0,0.0,0.6694412104468974,0.6664287249998864,0.6884000000000013,15928,0.6712981843688073,4000,4000,0.48872879546501696,3992,0.48970821188879454,0.6404855411504617,0.35951445884953825,0.07225,0.0009794164237775793,2.18695330619812
True,16000,0,88,0,0,15912,0,0,4000,4000,0,0,0,4000,0,0.0,0.0,0.0,e35a562238ec3870a9a013c614963bf8ca648d69a0c80181e91b018cfc024ad7,200,4,1000,1010,assigned_level_sensitivity,dynamic,periodic,0.0,False,True,,True,1.0,25.0,0.0,0.0,0.0,0,4000,0,0.0,0,0.0,59.99998064522435,0.8058433886374068,910,2270,154,3271,9307,15912,3336,0.2096530920060332,3321,0.9955035971223022,-0.3313590242479639,0.0,0.0,0.6685485294116517,0.6648715124998875,0.6884000000000013,15912,0.6697823515203479,4000,4000,0.49437464966176525,3992,0.4968818589350241,0.6382541274348418,0.3617458725651582,0.066,0.0025072092732588702,2.3088433742523193
True,24000,0,520,0,0,23480,0,0,6000,6000,0,0,0,6000,0,0.0,0.0,0.0,df7bc9e9dfff60af02e6943e923e62f0f9bf8709cc064f383faeee134513c470,200,6,1000,101,assigned_level_sensitivity,dynamic,periodic,0.0,False,True,,True,1.0,25.0,0.0,0.0,0.0,0,6000,0,0.0,0,0.0,59.999981422241405,0.8013854344120387,6418,8352,130,2278,6302,23480,5096,0.2170357751277683,3239,0.6355965463108321,-0.12900248744440357,0.0,0.0,0.631822291311645,0.618132808333226,0.6884000000000013,23480,0.6309390083035525,6000,6000,0.46615442378168653,5924,0.47484777309117915,0.6392338291906839,0.36076617080931606,0.076,0.008693349309492615,3.5034594535827637
True,24000,0,564,0,0,23436,0,0,6000,6000,0,0,0,6000,0,0.0,0.0,0.0,3736254c386243245c7ea836644f1946e24824c7abc86c8860c1c363672a151c,200,6,1000,202,assigned_level_sensitivity,dynamic,periodic,0.0,False,True,,True,1.0,25.0,0.0,0.0,0.0,0,6000,0,0.0,0,0.0,59.99995254957583,0.8010944700458567,6365,8194,112,2440,6325,23436,4986,0.21274961597542244,3234,0.6486161251504212,-0.1332618303390593,0.0,0.0,0.6323636456732145,0.617503099999894,0.6884000000000013,23436,0.6300163567898934,6000,6000,0.46445349880134046,5952,0.47337787987403707,0.6305674050221737,0.3694325949778263,0.07183333333333333,0.008924381072696608,3.628351926803589
True,24000,0,516,0,0,23484,0,0,6000,6000,0,0,0,6000,0,0.0,0.0,0.0,9c4b50958727dc7c2d179fbe104c63fad4ab75dd91649f34eca4fbb19c432337,200,6,1000,303,assigned_level_sensitivity,dynamic,periodic,0.0,False,True,,True,1.0,25.0,0.0,0.0,0.0,0,6000,0,0.0,0,0.0,59.99999758245076,0.8008248168963849,6418,8256,150,2403,6257,23484,5144,0.21904275251234884,3326,0.6465785381026439,-0.1304742969096779,0.0,0.0,0.6319987906658768,0.6184108166665605,0.6884000000000013,23484,0.6308980583729661,6000,6000,0.46470630067530777,5948,0.4727281248508249,0.6306572634201203,0.3693427365798797,0.07066666666666667,0.008021824175517112,3.534996747970581
True,24000,0,588,0,0,23412,0,0,6000,6000,0,0,0,6000,0,0.0,0.0,0.0,478471266194d94a3b137038f0ef600d53e0302e1322af8a2948fb5f8c98afdf,200,6,1000,404,assigned_level_sensitivity,dynamic,periodic,0.0,False,True,,True,1.0,25.0,0.0,0.0,0.0,0,6000,0,0.0,0,0.0,59.999992635644446,0.8009076541942044,6226,8350,158,2383,6295,23412,4952,0.21151546215615924,3193,0.6447899838449112,-0.13107066088508432,0.0,0.0,0.6324390825216772,0.6169443249998962,0.6884000000000013,23412,0.6295946379844376,6000,6000,0.46685314586216003,5932,0.4767601655827509,0.6350866944646595,0.3649133055353405,0.06916666666666667,0.009907019720590882,3.469888210296631
True,24000,0,614,0,0,23386,0,0,6000,6000,0,0,0,6000,0,0.0,0.0,0.0,d945735a8e094ae77772f96fe90671759b77955778bc773e6c93a82f80d508ec,200,6,1000,505,assigned_level_sensitivity,dynamic,periodic,0.0,False,True,,True,1.0,25.0,0.0,0.0,0.0,0,6000,0,0.0,0,0.0,59.99999800281084,0.8012759770800771,6196,8342,106,2413,6329,23386,4976,0.21277687505345078,3187,0.6404742765273312,-0.13026709165885927,0.0,0.0,0.6326199350037429,0.6164354083332305,0.6884000000000013,23386,0.629433279299918,6000,6000,0.46429654505954243,5934,0.4758465978774184,0.6326442797402242,0.3673557202597758,0.07116666666666667,0.011550052817875966,3.523421049118042
True,24000,0,580,0,0,23420,0,0,6000,6000,0,0,0,6000,0,0.0,0.0,0.0,ce1e0562db8730d80a057cacabcd1a1125934972a2266603482076751c65ec7a,200,6,1000,606,assigned_level_sensitivity,dynamic,periodic,0.0,False,True,,True,1.0,25.0,0.0,0.0,0.0,0,6000,0,0.0,0,0.0,59.99996829545473,0.8011981212636493,6203,8326,123,2469,6299,23420,4876,0.20819812126387702,3156,0.6472518457752255,-0.13423640297387993,0.0,0.0,0.6326471263875975,0.6173581541665638,0.6884000000000013,23420,0.6305763178281419,6000,6000,0.46591445720622604,5928,0.47487531944623973,0.6397469122629527,0.36025308773704734,0.0765,0.00896086224001369,3.5411882400512695
True,24000,0,635,0,0,23365,0,0,6000,6000,0,0,0,6000,0,0.0,0.0,0.0,b7ece186a8ad3e897fdf1cf08a0f3356ce15b7fd2cf41b2298c249baf7814b0a,200,6,1000,707,assigned_level_sensitivity,dynamic,periodic,0.0,False,True,,True,1.0,25.0,0.0,0.0,0.0,0,6000,0,0.0,0,0.0,59.99998701078688,0.8013884014549421,6312,8247,111,2281,6414,23365,4898,0.20962978814466082,3214,0.6561861984483462,-0.1320050558776076,0.0,0.0,0.6323892060773558,0.6156572416665591,0.6884000000000013,23365,0.6289563169215096,6000,6000,0.46113702913883275,5912,0.4731297968997259,0.6290721989216828,0.37092780107831724,0.075,0.011992767760893142,3.501779556274414
True,24000,0,632,0,0,23368,0,0,6000,6000,0,0,0,6000,0,0.0,0.0,0.0,4c52203c9e54a73250b1ecde019d091da96295e9840f323625e0f97196c11cbd,200,6,1000,808,assigned_level_sensitivity,dynamic,periodic,0.0,False,True,,True,1.0,25.0,0.0,0.0,0.0,0,6000,0,0.0,0,0.0,59.999980391140696,0.8011370249912145,6127,8461,136,2283,6361,23368,5022,0.21490927764464224,3219,0.6409796893667862,-0.13444924199781258,0.0,0.0,0.6325718204380986,0.6159140958332285,0.6884000000000013,23368,0.6291130397997626,6000,6000,0.46551625698314686,5924,0.47559481145615684,0.6336447220122412,0.3663552779877588,0.07466666666666667,0.010078554473009982,3.629253387451172
True,24000,0,596,0,0,23404,0,0,6000,6000,0,0,0,6000,0,0.0,0.0,0.0,5b34ac3e3c935bcde89a557e35faec54ebbaee3215e881d834aef2704505ea4f,200,6,1000,909,assigned_level_sensitivity,dynamic,periodic,0.0,False,True,,True,1.0,25.0,0.0,0.0,0.0,0,6000,0,0.0,0,0.0,59.99999706145241,0.8007062895229317,6334,8133,103,2478,6356,23404,4976,0.21261322850794737,3193,0.6416800643086816,-0.13110124843981888,0.0,0.0,0.6326066740726997,0.616896941666561,0.6884000000000013,23404,0.6303421510244334,6000,6000,0.4636297681431696,5900,0.47614714568250693,0.6363248198236775,0.3636751801763225,0.07416666666666667,0.012517377539337349,3.554898262023926
True,24000,0,640,0,0,23360,0,0,6000,6000,0,0,0,6000,0,0.0,0.0,0.0,9f867c13fbacf3259755d814661805b3d101f0606f92961926f0aa57dd766e36,200,6,1000,1010,assigned_level_sensitivity,dynamic,periodic,0.0,False,True,,True,1.0,25.0,0.0,0.0,0.0,0,6000,0,0.0,0,0.0,59.99998300651522,0.8015890410956649,6300,8247,123,2339,6351,23360,4904,0.20993150684931508,3199,0.6523246329526917,-0.1323096658417447,0.0,0.0,0.6323724229450965,0.6155091583332273,0.6884000000000013,23360,0.628653049612517,6000,6000,0.46309409054161993,5920,0.4747312615902321,0.6299998931205724,0.37000010687942764,0.074,0.011637171048612172,3.587883234024048
True,32000,0,3000,0,0,29000,0,0,8000,8000,0,0,0,8000,0,0.0,0.0,0.0,aaabbf64bb5a67911422c9ac26864c12bdc3d473c4e26d09934c03c2de08e543,200,8,1000,101,assigned_level_sensitivity,dynamic,periodic,0.0,False,True,,True,1.0,25.0,0.0,0.0,0.0,0,8000,0,0.0,0,0.0,59.999999970610645,0.8039382758616552,20054,946,0,0,8000,29000,5907,0.2036896551724138,99,0.01675977653631285,0.0008832076461487002,0.0,0.0,0.610461303448098,0.5532305562498389,0.6884000000000013,29000,0.5829063393391294,8000,8000,0.37670445289355203,7440,0.42011875259881204,0.6037524230239388,0.39624757697606117,0.155,0.04341429970526001,4.359992504119873
True,32000,0,3000,0,0,29000,0,0,8000,8000,0,0,0,8000,0,0.0,0.0,0.0,ccc6b9249845e0c37527cd7f55700cdf777d4a27e9f20114a03ae93070dd4f09,200,8,1000,202,assigned_level_sensitivity,dynamic,periodic,0.0,False,True,,True,1.0,25.0,0.0,0.0,0.0,0,8000,0,0.0,0,0.0,59.99996797105293,0.8040303448271728,20078,922,0,0,8000,29000,6029,0.20789655172413793,153,0.025377342842925858,0.000897881108444691,0.0,0.0,0.610428779310167,0.5532010812498389,0.6884000000000013,29000,0.5832453898080203,8000,8000,0.3791799601901774,7424,0.41990944065189423,0.6092780499356621,0.39072195006433785,0.149,0.040729480461716816,4.482496738433838
True,32000,0,3000,0,0,29000,0,0,8000,8000,0,0,0,8000,0,0.0,0.0,0.0,fa9104ce37d0bed494e8e68c544517eb6804845b3942c9a76815008d2e839fbe,200,8,1000,303,assigned_level_sensitivity,dynamic,periodic,0.0,False,True,,True,1.0,25.0,0.0,0.0,0.0,0,8000,0,0.0,0,0.0,59.99999822377118,0.8040144827582074,20080,920,0,0,8000,29000,5961,0.20555172413793105,146,0.024492534809595706,0.0008482984467627748,0.0,0.0,0.6104260689653398,0.5531986249998393,0.6884000000000013,29000,0.5824375102303756,8000,8000,0.3786439132042865,7465,0.4214368862762432,0.5916176085972603,0.4083823914027397,0.150125,0.04279297307195673,4.421298027038574
True,32000,0,3000,0,0,29000,0,0,8000,8000,0,0,0,8000,0,0.0,0.0,0.0,99d5e8e815bdb3fbf83d5c6c396113c800c58dd835f25789869ab526d6252de9,200,8,1000,404,assigned_level_sensitivity,dynamic,periodic,0.0,False,True,,True,1.0,25.0,0.0,0.0,0.0,0,8000,0,0.0,0,0.0,59.999997166500535,0.8039817241375176,20071,929,0,0,8000,29000,6085,0.20982758620689654,76,0.01248972884141331,0.0007995102847354951,0.0,0.0,0.6104382655170638,0.5532096781248391,0.6884000000000013,29000,0.5827616876801545,8000,8000,0.37953429785105147,7424,0.4217021382103515,0.5954730727310659,0.40452692726893413,0.157,0.042167840359300046,4.494815349578857
True,32000,0,3000,0,0,29000,0,0,8000,8000,0,0,0,8000,0,0.0,0.0,0.0,4588989295f413c400eb038088125b0d970565a49c44e328a746779cb3728b26,200,8,1000,505,assigned_level_sensitivity,dynamic,periodic,0.0,False,True,,True,1.0,25.0,0.0,0.0,0.0,0,8000,0,0.0,0,0.0,59.99999207147543,0.8040462068961386,20096,904,0,0,8000,29000,6247,0.21541379310344827,63,0.010084840723547303,0.0008023284157919096,0.0,0.0,0.6104043862067187,0.5531789749998388,0.6884000000000013,29000,0.5824608662182296,8000,8000,0.38158586430310637,7486,0.4224279386131378,0.6040111385535718,0.3959888614464282,0.14925,0.04084207431003145,4.74583101272583
True,32000,0,3000,0,0,29000,0,0,8000,8000,0,0,0,8000,0,0.0,0.0,0.0,7e1e83024ea6707492cc0cad7118863b8719120b04048e0fd2fb6fee034b85d1,200,8,1000,606,assigned_level_sensitivity,dynamic,periodic,0.0,False,True,,True,1.0,25.0,0.0,0.0,0.0,0,8000,0,0.0,0,0.0,59.99999496785907,0.8040131034478627,20080,920,0,0,8000,29000,6056,0.20882758620689656,79,0.013044914134742404,0.0008177890502679642,0.0,0.0,0.6104260689653395,0.5531986249998389,0.6884000000000013,29000,0.5834808374584857,8000,8000,0.37799242208660916,7448,0.4187914633198225,0.5937789032950818,0.40622109670491824,0.15,0.04079904123321332,4.496101140975952
True,32000,0,3000,0,0,29000,0,0,8000,8000,0,0,0,8000,0,0.0,0.0,0.0,e76c763ac54dbd90337334399c4cb6ce71151db8139bf84da5628482de3caef7,200,8,1000,707,assigned_level_sensitivity,dynamic,periodic,0.0,False,True,,True,1.0,25.0,0.0,0.0,0.0,0,8000,0,0.0,0,0.0,59.999993067510935,0.8040886206892425,20110,890,0,0,8000,29000,5890,0.20310344827586208,71,0.012054329371816639,0.0008510418237293087,0.0,0.0,0.6103854137929255,0.5531617812498388,0.6884000000000013,29000,0.582758012396244,8000,8000,0.3817462923222888,7424,0.42479578515533156,0.604594428221576,0.39540557177842395,0.151,0.04304949283304277,4.585445880889893
True,32000,0,3000,0,0,29000,0,0,8000,8000,0,0,0,8000,0,0.0,0.0,0.0,0772d1f8fc9f966e4e94191b3aa8b928ad6bfc7e1801f816c71cb45d696c0cd2,200,8,1000,808,assigned_level_sensitivity,dynamic,periodic,0.0,False,True,,True,1.0,25.0,0.0,0.0,0.0,0,8000,0,0.0,0,0.0,59.999998708957264,0.8040489655168284,20096,904,0,0,8000,29000,5944,0.20496551724137932,77,0.012954239569313594,0.0008294029610272161,0.0,0.0,0.610404386206719,0.553178974999839,0.6884000000000013,29000,0.5826375806349338,8000,8000,0.3807669213298787,7464,0.4215946779539559,0.604131336696491,0.395868663303509,0.153,0.04082775662407717,4.363092660903931
True,32000,0,3000,0,0,29000,0,0,8000,8000,0,0,0,8000,0,0.0,0.0,0.0,983b9f3b193194087d652a9c34e48e04b604e5fa861df79d152f1f088392db9e,200,8,1000,909,assigned_level_sensitivity,dynamic,periodic,0.0,False,True,,True,1.0,25.0,0.0,0.0,0.0,0,8000,0,0.0,0,0.0,59.99998313182145,0.804048275861656,20088,912,0,0,8000,29000,6092,0.21006896551724138,193,0.031680892974392645,0.0007861195607950086,0.0,0.0,0.6104152275860291,0.5531887999998388,0.6884000000000013,29000,0.5834745441774309,8000,8000,0.379509975322087,7379,0.427014586696651,0.6028986566245065,0.3971013433754935,0.1505,0.047504611374563965,4.576439380645752
True,32000,0,3000,0,0,29000,0,0,8000,8000,0,0,0,8000,0,0.0,0.0,0.0,4353217b20bf1fb3c1b81e0687963bca5950f5073a6b2b8cfed0dc39870a197c,200,8,1000,1010,assigned_level_sensitivity,dynamic,periodic,0.0,False,True,,True,1.0,25.0,0.0,0.0,0.0,0,8000,0,0.0,0,0.0,59.99999519982164,0.8039634482754492,20071,929,0,0,8000,29000,5968,0.20579310344827587,63,0.010556300268096515,0.0008856587572000223,0.0,0.0,0.6104382655170638,0.5532096781248391,0.6884000000000013,29000,0.582967639294476,8000,8000,0.3845170960004045,7520,0.4231667960810119,0.6044230072887099,0.3955769927112901,0.141,0.03864970008060736,4.390859365463257
True,40000,0,15000,0,0,25000,0,0,10000,10000,0,0,0,10000,0,0.0,0.0,0.0,d5a0dcae89a5420d8212068bb711476587f7ed86ab0bfdbc6177a484d0e8c06b,200,10,1000,101,assigned_level_sensitivity,dynamic,periodic,0.0,False,True,,True,1.0,25.0,0.0,0.0,0.0,0,10000,0,0.0,0,0.0,59.999989695908816,0.8045791999996386,15000,0,0,0,10000,25000,5260,0.2104,82,0.0155893536121673,0.001259078674692632,0.0,0.0,0.6227599999997173,0.38922499999982335,0.6884000000000013,25000,0.4561448544475961,10000,10000,0.2419440457851575,7600,0.38479822501235544,0.37468792374842474,0.6253120762515753,0.4,0.14285417922719795,5.072106122970581
True,40000,0,15000,0,0,25000,0,0,10000,10000,0,0,0,10000,0,0.0,0.0,0.0,d420eab19fa032fa6554e958731a9cfe2ccaff0d3c8b7ccf0c1954812b70e159,200,10,1000,202,assigned_level_sensitivity,dynamic,periodic,0.0,False,True,,True,1.0,25.0,0.0,0.0,0.0,0,10000,0,0.0,0,0.0,59.99996123048669,0.8045951999996385,15000,0,0,0,10000,25000,5000,0.2,68,0.0136,0.0011253186648828859,0.0,0.0,0.6227599999997173,0.38922499999982335,0.6884000000000013,25000,0.45561865286941233,10000,10000,0.24264214720331015,7700,0.38255676004426714,0.3731675707594701,0.6268324292405298,0.402,0.139914612840957,5.2707343101501465
True,40000,0,15000,0,0,25000,0,0,10000,10000,0,0,0,10000,0,0.0,0.0,0.0,4fa73f83efb0b30e441d2058e80879f5ae8046cd50657c2997f903af7d406502,200,10,1000,303,assigned_level_sensitivity,dynamic,periodic,0.0,False,True,,True,1.0,25.0,0.0,0.0,0.0,0,10000,0,0.0,0,0.0,59.999992914967436,0.8045991999996385,15000,0,0,0,10000,25000,5020,0.2008,70,0.013944223107569721,0.0011558126788276525,0.0,0.0,0.6227599999997173,0.38922499999982335,0.6884000000000013,25000,0.4561738367299262,10000,10000,0.24151526067544032,7600,0.38635671990864623,0.371483024593286,0.6285169754067139,0.392,0.1448414592332059,4.997000694274902
True,40000,0,15000,0,0,25000,0,0,10000,10000,0,0,0,10000,0,0.0,0.0,0.0,acf8d3c54ffc0201e365efa1dab85427555f694c26f75454f107aa91ba8e2bda,200,10,1000,404,assigned_level_sensitivity,dynamic,periodic,0.0,False,True,,True,1.0,25.0,0.0,0.0,0.0,0,10000,0,0.0,0,0.0,59.99998439949822,0.8045667999996384,15000,0,0,0,10000,25000,5260,0.2104,43,0.00817490494296578,0.0017355586629143485,0.0,0.0,0.6227599999997173,0.38922499999982335,0.6884000000000013,25000,0.4558360085760425,10000,10000,0.2443881632709019,7660,0.38219639340259515,0.37703427062744793,0.6229657293725521,0.402,0.13780823013169324,5.4421610832214355
True,40000,0,15000,0,0,25000,0,0,10000,10000,0,0,0,10000,0,0.0,0.0,0.0,a6977f57b44dcaf129dc8cb8da2775f7fb8a45cce309a8a15334e0d8cab9bcad,200,10,1000,505,assigned_level_sensitivity,dynamic,periodic,0.0,False,True,,True,1.0,25.0,0.0,0.0,0.0,0,10000,0,0.0,0,0.0,59.99999566368555,0.8046039999996386,15000,0,0,0,10000,25000,5480,0.2192,69,0.012591240875912409,0.0013933336564099339,0.0,0.0,0.6227599999997173,0.38922499999982335,0.6884000000000013,25000,0.4561893131620697,10000,10000,0.24330903593498415,7560,0.38665022379430053,0.37225445227686565,0.6277455477231344,0.4,0.14334118785931638,5.1138975620269775
True,40000,0,15000,0,0,25000,0,0,10000,10000,0,0,0,10000,0,0.0,0.0,0.0,85a33772ee292f10e8aef7fd5cee174f3e1376deb8ac3fb9b6760f9848146b7c,200,10,1000,606,assigned_level_sensitivity,dynamic,periodic,0.0,False,True,,True,1.0,25.0,0.0,0.0,0.0,0,10000,0,0.0,0,0.0,59.999991326958195,0.8046011999996386,15000,0,0,0,10000,25000,4949,0.19796,145,0.029298848252172157,0.0013114948929963373,0.0,0.0,0.6227599999997173,0.38922499999982335,0.6884000000000013,25000,0.45608701647014843,10000,10000,0.24449109108953127,7600,0.3835352168063745,0.3707350389476602,0.6292649610523398,0.4039,0.13904412571684321,4.965534448623657
True,40000,0,15000,0,0,25000,0,0,10000,10000,0,0,0,10000,0,0.0,0.0,0.0,7c1a19d9a1c3467d0687905c7ed2c445885dc020c9623304e3f2d9778bdd4a83,200,10,1000,707,assigned_level_sensitivity,dynamic,periodic,0.0,False,True,,True,1.0,25.0,0.0,0.0,0.0,0,10000,0,0.0,0,0.0,59.999998756965645,0.8046119999996385,15000,0,0,0,10000,25000,4880,0.1952,124,0.02540983606557377,0.0012546867447267834,0.0,0.0,0.6227599999997173,0.38922499999982335,0.6884000000000013,25000,0.45567541736160866,10000,10000,0.2397486971076762,7640,0.3777846201077809,0.3673388778204114,0.6326611221795886,0.404,0.1380359230001047,4.869447946548462
True,40000,0,15000,0,0,25000,0,0,10000,10000,0,0,0,10000,0,0.0,0.0,0.0,7c63d45d9ec5aab26bcbcab1b90489c75c8801d40cc0618700b789908e2cf09f,200,10,1000,808,assigned_level_sensitivity,dynamic,periodic,0.0,False,True,,True,1.0,25.0,0.0,0.0,0.0,0,10000,0,0.0,0,0.0,59.999996064037035,0.8046067999996386,15000,0,0,0,10000,25000,4720,0.1888,50,0.01059322033898305,0.0013695517799783292,0.0,0.0,0.6227599999997173,0.38922499999982335,0.6884000000000013,25000,0.45629494621947886,10000,10000,0.24276841611295713,7640,0.3791561986652029,0.37454532626016823,0.6254546737398318,0.408,0.13638778255224576,5.036915063858032
True,40000,0,15000,0,0,25000,0,0,10000,10000,0,0,0,10000,0,0.0,0.0,0.0,eef449dd20942c378220d3adc9ae3b30fc789520b6b67ed578877c5612b469b0,200,10,1000,909,assigned_level_sensitivity,dynamic,periodic,0.0,False,True,,True,1.0,25.0,0.0,0.0,0.0,0,10000,0,0.0,0,0.0,59.99997038650861,0.8045663999996385,15000,0,0,0,10000,25000,5220,0.2088,35,0.006704980842911878,0.0015149440549691985,0.0,0.0,0.6227599999997173,0.38922499999982335,0.6884000000000013,25000,0.4561771811763278,10000,10000,0.2458962655392338,7720,0.38714303875047723,0.36619644938848345,0.6338035506115165,0.386,0.14124677321124343,4.926554203033447
True,40000,0,15000,0,0,25000,0,0,10000,10000,0,0,0,10000,0,0.0,0.0,0.0,04934f877793a2796930a2bda98f59e881d2801d5332d809293e526026756d4f,200,10,1000,1010,assigned_level_sensitivity,dynamic,periodic,0.0,False,True,,True,1.0,25.0,0.0,0.0,0.0,0,10000,0,0.0,0,0.0,59.999997867208904,0.8046035999996387,15000,0,0,0,10000,25000,5127,0.20508,42,0.008191925102399064,0.0012341862069219695,0.0,0.0,0.6227599999997173,0.38922499999982335,0.6884000000000013,25000,0.4557700247759445,10000,10000,0.2392728105539958,7660,0.3779567685665731,0.35621446035793947,0.6437855396420605,0.404,0.13868395801257732,4.929555177688599
True,16000,0,0,0,0,16000,0,0,4000,4000,0,0,0,4000,0,0.0,0.0,0.0,5f94118a7d3e90192598c144eb4882652a3061a1912ed5a940883915afa1a0af,300,4,1000,101,assigned_level_sensitivity,dynamic,periodic,0.0,False,True,,True,1.0,25.0,0.0,0.0,0.0,0,4000,0,0.0,0,0.0,59.99990913166363,0.8178406249998643,90,133,48,3609,12120,16000,3416,0.2135,3403,0.9961943793911007,-0.37187436447407884,0.0,0.0,0.6835953562498381,0.6835953562498381,0.6884000000000013,16000,0.6847548452374953,4000,4000,0.4987303933530774,4000,0.4987303933530774,0.6400077262286484,0.35999227377135157,0.06025,0.0,2.2575628757476807
True,16000,0,0,0,0,16000,0,0,4000,4000,0,0,0,4000,0,0.0,0.0,0.0,5f60743f4251cc1f57f4eed09143bff61175f797b109b1f7a6707e9bdbab9e8c,300,4,1000,202,assigned_level_sensitivity,dynamic,periodic,0.0,False,True,,True,1.0,25.0,0.0,0.0,0.0,0,4000,0,0.0,0,0.0,59.999979807732466,0.8184406249998631,129,59,55,3658,12099,16000,3425,0.2140625,3388,0.9891970802919708,-0.37083809074021246,0.0,0.0,0.6835863624998382,0.6835863624998382,0.6884000000000013,16000,0.684797816965902,4000,4000,0.4972711126515867,4000,0.4972711126515867,0.6423731444913973,0.35762685550860274,0.062,0.0,2.0355560779571533
True,16000,0,0,0,0,16000,0,0,4000,4000,0,0,0,4000,0,0.0,0.0,0.0,93d78bf2192fb5f1a1477dec0382df9346d3e26750a92867a9a5c128cded5745,300,4,1000,303,assigned_level_sensitivity,dynamic,periodic,0.0,False,True,,True,1.0,25.0,0.0,0.0,0.0,0,4000,0,0.0,0,0.0,59.9995477061429,0.8197906249998603,110,168,53,3560,12109,16000,3336,0.2085,3300,0.9892086330935251,-0.36997512601758525,0.0,0.0,0.6833385812498386,0.6833385812498386,0.6884000000000013,16000,0.6845145352962789,4000,4000,0.49633581465634363,4000,0.49633581465634363,0.6416423220607959,0.35835767793920414,0.062,0.0,2.0764997005462646
True,16000,0,0,0,0,16000,0,0,4000,4000,0,0,0,4000,0,0.0,0.0,0.0,1e22bb3d1f755a25ecb70d0ab714e74d2154df0e7ff1438885da29f1f2f52a47,300,4,1000,404,assigned_level_sensitivity,dynamic,periodic,0.0,False,True,,True,1.0,25.0,0.0,0.0,0.0,0,4000,0,0.0,0,0.0,59.999967214880456,0.8191906249998622,142,80,54,3576,12148,16000,3376,0.211,3340,0.9893364928909952,-0.3732884464575298,0.0,0.0,0.6834871624998372,0.6834871624998372,0.6884000000000013,16000,0.6846929559169377,4000,4000,0.49845465033606157,4000,0.49845465033606157,0.642544931190942,0.357455068809058,0.062,0.0,2.0892317295074463
True,16000,0,0,0,0,16000,0,0,4000,4000,0,0,0,4000,0,0.0,0.0,0.0,2850d7cfa9dd669a11d9a18ab095b1b73306276dffe22806240405b6a99f1dbc,300,4,1000,505,assigned_level_sensitivity,dynamic,periodic,0.0,False,True,,True,1.0,25.0,0.0,0.0,0.0,0,4000,0,0.0,0,0.0,59.999465202049585,0.8173199999998648,65,89,43,3747,12056,16000,3488,0.218,3466,0.9936926605504587,-0.3737124796474032,0.0,0.0,0.6838400874998396,0.6838400874998396,0.6884000000000013,16000,0.6850407525134824,4000,4000,0.4978842597565228,4000,0.4978842597565228,0.6391775801140301,0.36082241988596986,0.058,0.0,2.0076904296875
True,16000,0,0,0,0,16000,0,0,4000,4000,0,0,0,4000,0,0.0,0.0,0.0,821818fc4a76ed845c5d6e95d143beec70dbb2f046705cf5fe53fa808c30e1e5,300,4,1000,606,assigned_level_sensitivity,dynamic,periodic,0.0,False,True,,True,1.0,25.0,0.0,0.0,0.0,0,4000,0,0.0,0,0.0,59.999846769877024,0.8206762499998571,139,94,55,3485,12227,16000,3272,0.2045,3233,0.988080684596577,-0.375707906063047,0.0,0.0,0.6835311562498362,0.6835311562498362,0.6884000000000013,16000,0.6846691132303468,4000,4000,0.4966556502640665,4000,0.4966556502640665,0.6404663461272954,0.35953365387270464,0.06575,0.0,2.188466787338257
True,16000,0,0,0,0,16000,0,0,4000,4000,0,0,0,4000,0,0.0,0.0,0.0,f6928467f99c60a3dffbcf03d262bf5e3188089123a36f34b70efbac5c05e1bf,300,4,1000,707,assigned_level_sensitivity,dynamic,periodic,0.0,False,True,,True,1.0,25.0,0.0,0.0,0.0,0,4000,0,0.0,0,0.0,59.999882957494634,0.8188431249998609,88,63,32,3556,12261,16000,3392,0.212,3357,0.9896816037735849,-0.3804846127762314,0.0,0.0,0.6840110312498358,0.6840110312498358,0.6884000000000013,16000,0.685023091739799,4000,4000,0.4972929500235866,4000,0.4972929500235866,0.6404228147408876,0.3595771852591124,0.064,0.0,2.244777202606201
True,16000,0,0,0,0,16000,0,0,4000,4000,0,0,0,4000,0,0.0,0.0,0.0,1a5164a8f978961edaf3c5d9607966de96fd9134937605fcbe2119e01174bc65,300,4,1000,808,assigned_level_sensitivity,dynamic,periodic,0.0,False,True,,True,1.0,25.0,0.0,0.0,0.0,0,4000,0,0.0,0,0.0,59.99999044247375,0.817044999999865,44,98,56,3694,12108,16000,3536,0.221,3465,0.979920814479638,-0.36969602955165165,0.0,0.0,0.6839592624998387,0.6839592624998387,0.6884000000000013,16000,0.6850064338024399,4000,4000,0.4952559509280807,4000,0.4952559509280807,0.6394831034752492,0.36051689652475083,0.062,0.0,2.118478775024414
True,16000,0,0,0,0,16000,0,0,4000,4000,0,0,0,4000,0,0.0,0.0,0.0,2590073cdb4ae245d599e4559899ca065f4b0c004255bf6487c5839fc39ff574,300,4,1000,909,assigned_level_sensitivity,dynamic,periodic,0.0,False,True,,True,1.0,25.0,0.0,0.0,0.0,0,4000,0,0.0,0,0.0,59.99937259224664,0.8170487499998654,141,101,62,3615,12081,16000,3464,0.2165,3434,0.9913394919168591,-0.364297245547667,0.0,0.0,0.6833423062498384,0.6833423062498384,0.6884000000000013,16000,0.6845308061886057,4000,4000,0.4970332527676609,4000,0.4970332527676609,0.6398426469687607,0.3601573530312393,0.06,0.0,2.1489171981811523
True,16000,0,0,0,0,16000,0,0,4000,4000,0,0,0,4000,0,0.0,0.0,0.0,e35a562238ec3870a9a013c614963bf8ca648d69a0c80181e91b018cfc024ad7,300,4,1000,1010,assigned_level_sensitivity,dynamic,periodic,0.0,False,True,,True,1.0,25.0,0.0,0.0,0.0,0,4000,0,0.0,0,0.0,59.99872336284433,0.8168249999998664,93,63,39,3699,12106,16000,3528,0.2205,3506,0.9937641723356009,-0.3777646468301452,0.0,0.0,0.6838198249998385,0.6838198249998385,0.6884000000000013,16000,0.6850348605144571,4000,4000,0.49835111826982,4000,0.49835111826982,0.6412440485124897,0.35875595148751027,0.06,0.0,2.002955436706543
True,24000,0,224,0,0,23776,0,0,6000,6000,0,0,0,6000,0,0.0,0.0,0.0,df7bc9e9dfff60af02e6943e923e62f0f9bf8709cc064f383faeee134513c470,300,6,1000,101,assigned_level_sensitivity,dynamic,periodic,0.0,False,True,,True,1.0,25.0,0.0,0.0,0.0,0,6000,0,0.0,0,0.0,59.999982749092624,0.8061360195153292,1100,4072,145,4379,14080,23776,5078,0.21357671601615075,5034,0.9913351713272942,-0.32539458295915513,0.0,0.0,0.6682264089836405,0.6619896291664599,0.6884000000000013,23776,0.668094682738867,6000,6000,0.4959985822688679,5983,0.49960286652399083,0.6390687018487915,0.3609312981512085,0.06766666666666667,0.003604284255122936,3.381591320037842
True,24000,0,223,0,0,23777,0,0,6000,6000,0,0,0,6000,0,0.0,0.0,0.0,3736254c386243245c7ea836644f1946e24824c7abc86c8860c1c363672a151c,300,6,1000,202,assigned_level_sensitivity,dynamic,periodic,0.0,False,True,,True,1.0,25.0,0.0,0.0,0.0,0,6000,0,0.0,0,0.0,59.99999249435438,0.8071771039238093,1155,3839,163,4606,14014,23777,4875,0.2050300710770913,4824,0.9895384615384616,-0.32847069637312726,0.0,0.0,0.6684805736634168,0.6622692749997943,0.6884000000000013,23777,0.6679156306781163,6000,6000,0.4939738951579715,5972,0.498265672672566,0.6384141409120904,0.36158585908790963,0.071,0.004291777514594475,3.35888409614563
True,24000,0,257,0,0,23743,0,0,6000,6000,0,0,0,6000,0,0.0,0.0,0.0,9c4b50958727dc7c2d179fbe104c63fad4ab75dd91649f34eca4fbb19c432337,300,6,1000,303,assigned_level_sensitivity,dynamic,periodic,0.0,False,True,,True,1.0,25.0,0.0,0.0,0.0,0,6000,0,0.0,0,0.0,59.999988633027186,0.8064991787051555,1106,3875,146,4588,14028,23743,5033,0.21197826727877692,4982,0.9898668786012319,-0.32941888966454985,0.0,0.0,0.6686149307162145,0.6614551791664617,0.6884000000000013,23743,0.6676718748243606,6000,6000,0.4955149095407108,5980,0.49892008562522244,0.6416342408495755,0.35836575915042446,0.07033333333333333,0.0034051760845116297,3.30448317527771
True,24000,0,248,0,0,23752,0,0,6000,6000,0,0,0,6000,0,0.0,0.0,0.0,478471266194d94a3b137038f0ef600d53e0302e1322af8a2948fb5f8c98afdf,300,6,1000,404,assigned_level_sensitivity,dynamic,periodic,0.0,False,True,,True,1.0,25.0,0.0,0.0,0.0,0,6000,0,0.0,0,0.0,59.999980348331384,0.8071050858873596,1196,3882,162,4564,13948,23752,4977,0.20954024924216907,4935,0.9915611814345991,-0.3237259231102871,0.0,0.0,0.6681729538563108,0.6612684999997956,0.6884000000000013,23752,0.6674324537223061,6000,6000,0.4934064911734574,5976,0.49689750299765284,0.6400168171619677,0.3599831828380323,0.07133333333333333,0.0034910118241954224,3.343423843383789
True,24000,0,240,0,0,23760,0,0,6000,6000,0,0,0,6000,0,0.0,0.0,0.0,d945735a8e094ae77772f96fe90671759b77955778bc773e6c93a82f80d508ec,300,6,1000,505,assigned_level_sensitivity,dynamic,periodic,0.0,False,True,,True,1.0,25.0,0.0,0.0,0.0,0,6000,0,0.0,0,0.0,59.999992975340646,0.8061102693601224,1035,4068,135,4545,13977,23760,5084,0.21397306397306398,5036,0.990558615263572,-0.3219361378204691,0.0,0.0,0.6684349621210046,0.6617506124997945,0.6884000000000013,23760,0.6681271420166425,6000,6000,0.49149651172165737,5958,0.49749913779264404,0.6364346322535791,0.3635653677464209,0.07433333333333333,0.006002626070986672,3.3030173778533936
True,24000,0,205,0,0,23795,0,0,6000,6000,0,0,0,6000,0,0.0,0.0,0.0,ce1e0562db8730d80a057cacabcd1a1125934972a2266603482076751c65ec7a,300,6,1000,606,assigned_level_sensitivity,dynamic,periodic,0.0,False,True,,True,1.0,25.0,0.0,0.0,0.0,0,6000,0,0.0,0,0.0,59.999999197710295,0.8061622189534119,1105,4061,136,4443,14050,23795,5028,0.2113048959865518,5002,0.9948289578361177,-0.3247399720771673,0.0,0.0,0.6682272704347565,0.6625194958331263,0.6884000000000013,23795,0.6687663581868815,6000,6000,0.49191081235316353,5981,0.4951128027623672,0.6395280086332201,0.3604719913667799,0.07166666666666667,0.003201990409203659,3.40104341506958
True,24000,0,254,0,0,23746,0,0,6000,6000,0,0,0,6000,0,0.0,0.0,0.0,b7ece186a8ad3e897fdf1cf08a0f3356ce15b7fd2cf41b2298c249baf7814b0a,300,6,1000,707,assigned_level_sensitivity,dynamic,periodic,0.0,False,True,,True,1.0,25.0,0.0,0.0,0.0,0,6000,0,0.0,0,0.0,59.999979034815965,0.806687442095361,1120,3982,172,4393,14079,23746,4971,0.20934052050871726,4934,0.9925568296117482,-0.32413832787493363,0.0,0.0,0.6683150172658568,0.6612420166664599,0.6884000000000013,23746,0.6675549293456785,6000,6000,0.49402999332989955,5967,0.49805499541567094,0.6388667986421532,0.36113320135784677,0.07416666666666667,0.00402500208577139,3.352184772491455
True,24000,0,250,0,0,23750,0,0,6000,6000,0,0,0,6000,0,0.0,0.0,0.0,4c52203c9e54a73250b1ecde019d091da96295e9840f323625e0f97196c11cbd,300,6,1000,808,assigned_level_sensitivity,dynamic,periodic,0.0,False,True,,True,1.0,25.0,0.0,0.0,0.0,0,6000,0,0.0,0,0.0,59.99999890074713,0.8061448421051152,1038,4013,190,4483,14026,23750,5048,0.21254736842105262,5029,0.9962361331220285,-0.32776804064060555,0.0,0.0,0.6685126863155825,0.6615490124997951,0.6884000000000013,23750,0.6678528491688308,6000,6000,0.4949179793907548,5968,0.49932271489361074,0.6417404196536926,0.35825958034630745,0.07116666666666667,0.0044047355028559165,3.379432201385498
True,24000,0,244,0,0,23756,0,0,6000,6000,0,0,0,6000,0,0.0,0.0,0.0,5b34ac3e3c935bcde89a557e35faec54ebbaee3215e881d834aef2704505ea4f,300,6,1000,909,assigned_level_sensitivity,dynamic,periodic,0.0,False,True,,True,1.0,25.0,0.0,0.0,0.0,0,6000,0,0.0,0,0.0,59.99999891869538,0.8062316888363606,1159,4023,138,4480,13956,23756,5118,0.21544030981646742,5076,0.9917936694021102,-0.31948945161954256,0.0,0.0,0.6680298913956527,0.6612382541664636,0.6884000000000013,23756,0.6678410791238658,6000,6000,0.4910350227071063,5962,0.49659513703123237,0.6361076334083989,0.36389236659160107,0.07066666666666667,0.005560114324126064,3.312629461288452
True,24000,0,273,0,0,23727,0,0,6000,6000,0,0,0,6000,0,0.0,0.0,0.0,9f867c13fbacf3259755d814661805b3d101f0606f92961926f0aa57dd766e36,300,6,1000,1010,assigned_level_sensitivity,dynamic,periodic,0.0,False,True,,True,1.0,25.0,0.0,0.0,0.0,0,6000,0,0.0,0,0.0,59.999999328581055,0.8060108736880583,1103,3989,158,4399,14078,23727,5144,0.21679942681333503,5100,0.9914463452566097,-0.3238912879416367,0.0,0.0,0.6683788805999509,0.6607760708331264,0.6884000000000013,23727,0.667417884074151,6000,6000,0.4911225043385573,5971,0.49518181414187795,0.6369056504405837,0.36309434955941633,0.076,0.004059309803320643,3.312034845352173
True,32000,0,417,0,0,31583,0,0,8000,8000,0,0,0,8000,0,0.0,0.0,0.0,aaabbf64bb5a67911422c9ac26864c12bdc3d473c4e26d09934c03c2de08e543,300,8,1000,101,assigned_level_sensitivity,dynamic,periodic,0.0,False,True,,True,1.0,25.0,0.0,0.0,0.0,0,8000,0,0.0,0,0.0,59.99999777198407,0.7937475857262779,7193,6653,215,9082,8440,31583,7125,0.22559604850710827,5920,0.8308771929824561,-0.16275404356565149,0.0,0.0,0.6439876009243776,0.6355956374998318,0.6884000000000013,31583,0.647130720553292,8000,8000,0.47329787783783145,7944,0.4791392000289174,0.647347195251652,0.35265280474834804,0.071625,0.0058413221910859625,4.930278062820435
True,32000,0,391,0,0,31609,0,0,8000,8000,0,0,0,8000,0,0.0,0.0,0.0,ccc6b9249845e0c37527cd7f55700cdf777d4a27e9f20114a03ae93070dd4f09,300,8,1000,202,assigned_level_sensitivity,dynamic,periodic,0.0,False,True,,True,1.0,25.0,0.0,0.0,0.0,0,8000,0,0.0,0,0.0,59.99999840409113,0.7945999557086009,7386,6630,137,9086,8370,31609,6995,0.2212977316587048,5906,0.8443173695496783,-0.16349353458350066,0.0,0.0,0.6435145275078209,0.6356515843748347,0.6884000000000013,31609,0.647122448373951,8000,8000,0.47357863608067163,7960,0.47884325617633294,0.6446562600997968,0.3553437399002032,0.06775,0.00526462009566131,4.91452956199646
True,32000,0,536,0,0,31464,0,0,8000,8000,0,0,0,8000,0,0.0,0.0,0.0,fa9104ce37d0bed494e8e68c544517eb6804845b3942c9a76815008d2e839fbe,300,8,1000,303,assigned_level_sensitivity,dynamic,periodic,0.0,False,True,,True,1.0,25.0,0.0,0.0,0.0,0,8000,0,0.0,0,0.0,59.99998118973258,0.7942680523771071,7196,6679,219,8771,8599,31464,6968,0.2214594457157386,5946,0.8533295063145809,-0.16268062034429978,0.0,0.0,0.6438978578691384,0.6331125687498305,0.6884000000000013,31464,0.6453819623850312,8000,8000,0.4767471177674961,7944,0.4825585934557821,0.6450760108492785,0.35492398915072154,0.069875,0.005811475688285994,4.970913410186768
True,32000,0,506,0,0,31494,0,0,8000,8000,0,0,0,8000,0,0.0,0.0,0.0,99d5e8e815bdb3fbf83d5c6c396113c800c58dd835f25789869ab526d6252de9,300,8,1000,404,assigned_level_sensitivity,dynamic,periodic,0.0,False,True,,True,1.0,25.0,0.0,0.0,0.0,0,8000,0,0.0,0,0.0,59.99999970241332,0.7939086810183961,7616,6264,131,8851,8632,31494,7087,0.22502698926779705,6103,0.861154226047693,-0.1636935962988661,0.0,0.0,0.6434896837491174,0.6333145031248345,0.6884000000000013,31494,0.6452676488436458,8000,8000,0.47691651174612343,7944,0.4830608914224295,0.648171659103642,0.35182834089635795,0.068625,0.006144379676306044,5.0943684577941895
True,32000,0,515,0,0,31485,0,0,8000,8000,0,0,0,8000,0,0.0,0.0,0.0,4588989295f413c400eb038088125b0d970565a49c44e328a746779cb3728b26,300,8,1000,505,assigned_level_sensitivity,dynamic,periodic,0.0,False,True,,True,1.0,25.0,0.0,0.0,0.0,0,8000,0,0.0,0,0.0,59.99999912651501,0.794312212164308,7486,6387,223,8760,8629,31485,7073,0.22464665713831983,5970,0.8440548564965361,-0.1607867572463653,0.0,0.0,0.6435697633792169,0.6332123124998326,0.6884000000000013,31485,0.6455576742259429,8000,8000,0.47203457425733836,7948,0.47986425834134433,0.6426830003846835,0.3573169996153165,0.065875,0.007829684084005972,5.097632169723511
True,32000,0,688,0,0,31312,0,0,8000,8000,0,0,0,8000,0,0.0,0.0,0.0,7e1e83024ea6707492cc0cad7118863b8719120b04048e0fd2fb6fee034b85d1,300,8,1000,606,assigned_level_sensitivity,dynamic,periodic,0.0,False,True,,True,1.0,25.0,0.0,0.0,0.0,0,8000,0,0.0,0,0.0,59.99997927947985,0.7936088400611045,7162,6343,199,8858,8750,31312,7070,0.2257920286152274,6025,0.8521923620933521,-0.16384395874129848,0.0,0.0,0.6445383495143945,0.630680774999835,0.6884000000000013,31312,0.6442735332091177,8000,8000,0.4704097284282679,7888,0.4796765083994922,0.6406294523077755,0.35937054769222454,0.076875,0.009266779971224326,5.058934211730957
True,32000,0,559,0,0,31441,0,0,8000,8000,0,0,0,8000,0,0.0,0.0,0.0,e76c763ac54dbd90337334399c4cb6ce71151db8139bf84da5628482de3caef7,300,8,1000,707,assigned_level_sensitivity,dynamic,periodic,0.0,False,True,,True,1.0,25.0,0.0,0.0,0.0,0,8000,0,0.0,0,0.0,59.999979074602386,0.7940189561398578,7222,6536,155,8866,8662,31441,7039,0.22387964759390605,5942,0.8441539991476062,-0.16328235650801937,0.0,0.0,0.6441373079734942,0.6328850343748322,0.6884000000000013,31441,0.6453840109415218,8000,8000,0.47083629124006693,7909,0.4812583625508217,0.6347765414932727,0.3652234585067273,0.0705,0.010422071310754788,4.90970253944397
True,32000,0,482,0,0,31518,0,0,8000,8000,0,0,0,8000,0,0.0,0.0,0.0,0772d1f8fc9f966e4e94191b3aa8b928ad6bfc7e1801f816c71cb45d696c0cd2,300,8,1000,808,assigned_level_sensitivity,dynamic,periodic,0.0,False,True,,True,1.0,25.0,0.0,0.0,0.0,0,8000,0,0.0,0,0.0,59.99997658412482,0.7937200964526074,7445,6515,217,8706,8635,31518,7064,0.22412589631321783,6062,0.858154020385051,-0.1629428423620869,0.0,0.0,0.6435091439810442,0.6338162874998298,0.6884000000000013,31518,0.6458940086763004,8000,8000,0.47562335361568125,7933,0.4823179136993797,0.6448864612834219,0.35511353871657814,0.071875,0.006694560083698453,5.83547568321228
True,32000,0,575,0,0,31425,0,0,8000,8000,0,0,0,8000,0,0.0,0.0,0.0,983b9f3b193194087d652a9c34e48e04b604e5fa861df79d152f1f088392db9e,300,8,1000,909,assigned_level_sensitivity,dynamic,periodic,0.0,False,True,,True,1.0,25.0,0.0,0.0,0.0,0,8000,0,0.0,0,0.0,59.99996847924652,0.7940229116942928,7229,6466,150,8940,8640,31425,7081,0.2253301511535402,5895,0.8325095325518994,-0.16016127280002862,0.0,0.0,0.6442173365153386,0.6326415562498287,0.6884000000000013,31425,0.6450149401345264,8000,8000,0.4696477969324681,7944,0.4765346150432348,0.6399474880628181,0.3600525119371819,0.07,0.00688681811076669,5.716657638549805
True,32000,0,519,0,0,31481,0,0,8000,8000,0,0,0,8000,0,0.0,0.0,0.0,4353217b20bf1fb3c1b81e0687963bca5950f5073a6b2b8cfed0dc39870a197c,300,8,1000,1010,assigned_level_sensitivity,dynamic,periodic,0.0,False,True,,True,1.0,25.0,0.0,0.0,0.0,0,8000,0,0.0,0,0.0,59.99987615077535,0.7937832343316115,7325,6560,190,8926,8480,31481,7194,0.2285187891108923,6156,0.8557130942452044,-0.16321078887883775,0.0,0.0,0.64370356723086,0.6332634999998344,0.6884000000000013,31481,0.6449357700085873,8000,8000,0.47165537597098156,7930,0.47924628087460636,0.6455300303304033,0.35446996966959665,0.070125,0.0075909049036247955,5.090456008911133
True,40000,0,720,0,0,39280,0,0,10000,10000,0,0,0,10000,0,0.0,0.0,0.0,d5a0dcae89a5420d8212068bb711476587f7ed86ab0bfdbc6177a484d0e8c06b,300,10,1000,101,assigned_level_sensitivity,dynamic,periodic,0.0,False,True,,True,1.0,25.0,0.0,0.0,0.0,0,10000,0,0.0,0,0.0,59.99979950763802,0.7982696028509307,14252,13486,40,1502,10000,39280,8761,0.22303971486761712,2999,0.34231252140166646,-0.07781120026054789,0.0,0.0,0.624004882891858,0.6127727949998045,0.6884000000000013,39280,0.6247232568518145,10000,10000,0.45840325207967825,9940,0.4637374149374388,0.6426129679144936,0.3573870320855064,0.058,0.00533416285776056,6.76483416557312
True,40000,0,550,0,0,39450,0,0,10000,10000,0,0,0,10000,0,0.0,0.0,0.0,d420eab19fa032fa6554e958731a9cfe2ccaff0d3c8b7ccf0c1954812b70e159,300,10,1000,202,assigned_level_sensitivity,dynamic,periodic,0.0,False,True,,True,1.0,25.0,0.0,0.0,0.0,0,10000,0,0.0,0,0.0,59.99998911476712,0.7987449936624829,14755,13319,8,1368,10000,39450,8330,0.2111533586818758,3220,0.3865546218487395,-0.08647598397684772,0.0,0.0,0.6232724841569709,0.6147024874998126,0.6884000000000013,39450,0.6260052411044982,10000,10000,0.45911156943049336,9960,0.4632261407837268,0.647238884010626,0.352761115989374,0.0607,0.004114571353233454,6.734293699264526
True,40000,0,828,0,0,39172,0,0,10000,10000,0,0,0,10000,0,0.0,0.0,0.0,4fa73f83efb0b30e441d2058e80879f5ae8046cd50657c2997f903af7d406502,300,10,1000,303,assigned_level_sensitivity,dynamic,periodic,0.0,False,True,,True,1.0,25.0,0.0,0.0,0.0,0,10000,0,0.0,0,0.0,59.99998495969533,0.7985864903498813,14467,13357,94,1254,10000,39172,8694,0.22194424588992137,3388,0.3896940418679549,-0.08699627594148514,0.0,0.0,0.6234941667515671,0.6105878374998097,0.6884000000000013,39172,0.623135380308283,10000,10000,0.4568210571014789,9920,0.46418725766477575,0.6403054149706426,0.35969458502935736,0.0678,0.007366200563296843,6.797924518585205
True,40000,0,628,0,0,39372,0,0,10000,10000,0,0,0,10000,0,0.0,0.0,0.0,acf8d3c54ffc0201e365efa1dab85427555f694c26f75454f107aa91ba8e2bda,300,10,1000,404,assigned_level_sensitivity,dynamic,periodic,0.0,False,True,,True,1.0,25.0,0.0,0.0,0.0,0,10000,0,0.0,0,0.0,59.999897483600954,0.798775779741564,14505,13497,0,1370,10000,39372,8562,0.21746418774763793,3072,0.3587946741415557,-0.08354626336574011,0.0,0.0,0.6235294143043866,0.6137400024998078,0.6884000000000013,39372,0.6257541966916016,10000,10000,0.4537911440066533,9900,0.46143074861117367,0.6396416689972702,0.36035833100272985,0.0661,0.007639604604520345,6.865237474441528
True,40000,0,700,0,0,39300,0,0,10000,10000,0,0,0,10000,0,0.0,0.0,0.0,a6977f57b44dcaf129dc8cb8da2775f7fb8a45cce309a8a15334e0d8cab9bcad,300,10,1000,505,assigned_level_sensitivity,dynamic,periodic,0.0,False,True,,True,1.0,25.0,0.0,0.0,0.0,0,10000,0,0.0,0,0.0,59.999993500827316,0.7987862595415984,14124,13873,20,1283,10000,39300,8460,0.2152671755725191,3214,0.37990543735224586,-0.08204237126693044,0.0,0.0,0.6238120330786758,0.6128953224997991,0.6884000000000013,39300,0.6245128380647593,10000,10000,0.4564272145473707,9940,0.4611809415407909,0.6420792741474628,0.3579207258525372,0.064,0.004753726993420249,6.70798659324646
True,40000,0,727,0,0,39273,0,0,10000,10000,0,0,0,10000,0,0.0,0.0,0.0,85a33772ee292f10e8aef7fd5cee174f3e1376deb8ac3fb9b6760f9848146b7c,300,10,1000,606,assigned_level_sensitivity,dynamic,periodic,0.0,False,True,,True,1.0,25.0,0.0,0.0,0.0,0,10000,0,0.0,0,0.0,59.99999125159258,0.7988602856920702,14061,13762,27,1423,10000,39273,8540,0.2174521936190258,2980,0.34894613583138173,-0.07714346765919187,0.0,0.0,0.624078458482721,0.6127358324997976,0.6884000000000013,39273,0.6247342530506059,10000,10000,0.45877723316207686,9920,0.4661076762890752,0.6456427482871611,0.35435725171283894,0.058,0.007330443126998321,6.956591844558716
True,40000,0,400,0,0,39600,0,0,10000,10000,0,0,0,10000,0,0.0,0.0,0.0,7c1a19d9a1c3467d0687905c7ed2c445885dc020c9623304e3f2d9778bdd4a83,300,10,1000,707,assigned_level_sensitivity,dynamic,periodic,0.0,False,True,,True,1.0,25.0,0.0,0.0,0.0,0,10000,0,0.0,0,0.0,59.999967374383395,0.7990426767672846,14494,13903,0,1203,10000,39600,7960,0.201010101010101,2943,0.3697236180904523,-0.0830534180117685,0.0,0.0,0.6232795429290928,0.6170467474998018,0.6884000000000013,39600,0.6280626470627659,10000,10000,0.46194993514968946,9960,0.465802445300173,0.6522135210278954,0.3477864789721046,0.056,0.0038525101504835457,6.716222763061523
True,40000,0,660,0,0,39340,0,0,10000,10000,0,0,0,10000,0,0.0,0.0,0.0,7c63d45d9ec5aab26bcbcab1b90489c75c8801d40cc0618700b789908e2cf09f,300,10,1000,808,assigned_level_sensitivity,dynamic,periodic,0.0,False,True,,True,1.0,25.0,0.0,0.0,0.0,0,10000,0,0.0,0,0.0,59.999877174526205,0.79943924758477,14186,13912,0,1242,10000,39340,8659,0.2201067615658363,2990,0.3453054625245409,-0.07655728846766893,0.0,0.0,0.6236743670562281,0.6133837399998004,0.6884000000000013,39340,0.6245888934170192,10000,10000,0.45927098572622443,9980,0.4632269286540793,0.6392108514875184,0.36078914851248156,0.062,0.003955942927854839,6.921570062637329
True,40000,0,839,0,0,39161,0,0,10000,10000,0,0,0,10000,0,0.0,0.0,0.0,eef449dd20942c378220d3adc9ae3b30fc789520b6b67ed578877c5612b469b0,300,10,1000,909,assigned_level_sensitivity,dynamic,periodic,0.0,False,True,,True,1.0,25.0,0.0,0.0,0.0,0,10000,0,0.0,0,0.0,59.999996754557515,0.7986169913941209,14403,13325,20,1413,10000,39161,8879,0.226730675927581,3299,0.3715508503209821,-0.08170861704499928,0.0,0.0,0.6237331911849117,0.6106503874998082,0.6884000000000013,39161,0.6229075847856499,10000,10000,0.45507123852823217,9920,0.4625222089830667,0.6335795860073453,0.3664204139926547,0.064,0.007450970454834505,7.204292297363281
True,40000,0,680,0,0,39320,0,0,10000,10000,0,0,0,10000,0,0.0,0.0,0.0,04934f877793a2796930a2bda98f59e881d2801d5332d809293e526026756d4f,300,10,1000,1010,assigned_level_sensitivity,dynamic,periodic,0.0,False,True,,True,1.0,25.0,0.0,0.0,0.0,0,10000,0,0.0,0,0.0,59.99987614559806,0.7985325534075575,14449,13487,32,1352,10000,39320,8756,0.22268565615462868,3437,0.3925308359981727,-0.08472169398832198,0.0,0.0,0.623588257883831,0.6129872574998059,0.6884000000000013,39320,0.6257943778973025,10000,10000,0.45486536350871376,9880,0.46263366645770787,0.642262796290586,0.357737203709414,0.0681,0.00776830294899411,6.620283603668213
True,16000,0,0,0,0,16000,0,0,4000,4000,0,0,0,4000,0,0.0,0.0,0.0,5f94118a7d3e90192598c144eb4882652a3061a1912ed5a940883915afa1a0af,500,4,1000,101,assigned_level_sensitivity,dynamic,periodic,0.0,False,True,,True,1.0,25.0,0.0,0.0,0.0,0,4000,0,0.0,0,0.0,48.575884802996,0.81989999999986,0,0,0,3432,12568,16000,3440,0.215,3427,0.9962209302325581,-0.19533996633306724,0.0,0.0,0.6850966999998306,0.6850966999998306,0.6884000000000013,16000,0.6860167578011953,4000,4000,0.4987043877864166,4000,0.4987043877864166,0.6415482427497213,0.35845175725027867,0.06,0.0,2.2246007919311523
True,16000,0,0,0,0,16000,0,0,4000,4000,0,0,0,4000,0,0.0,0.0,0.0,5f60743f4251cc1f57f4eed09143bff61175f797b109b1f7a6707e9bdbab9e8c,500,4,1000,202,assigned_level_sensitivity,dynamic,periodic,0.0,False,True,,True,1.0,25.0,0.0,0.0,0.0,0,4000,0,0.0,0,0.0,49.14816723032496,0.8202799999998591,0,0,0,3408,12592,16000,3424,0.214,3404,0.9941588785046729,-0.19732052936886624,0.0,0.0,0.6851197999998301,0.6851197999998301,0.6884000000000013,16000,0.6860101089505976,4000,4000,0.4968828968893698,4000,0.4968828968893698,0.6397889359350698,0.3602110640649302,0.064,0.0,2.2090327739715576
True,16000,0,0,0,0,16000,0,0,4000,4000,0,0,0,4000,0,0.0,0.0,0.0,93d78bf2192fb5f1a1477dec0382df9346d3e26750a92867a9a5c128cded5745,500,4,1000,303,assigned_level_sensitivity,dynamic,periodic,0.0,False,True,,True,1.0,25.0,0.0,0.0,0.0,0,4000,0,0.0,0,0.0,49.42034166099353,0.8220999999998551,0,0,0,3304,12696,16000,3320,0.2075,3300,0.9939759036144579,-0.20031449741761698,0.0,0.0,0.685219899999828,0.685219899999828,0.6884000000000013,16000,0.6860662290372175,4000,4000,0.4958632280018308,4000,0.4958632280018308,0.6391417246762315,0.36085827532376846,0.064,0.0,1.9705705642700195
True,16000,0,0,0,0,16000,0,0,4000,4000,0,0,0,4000,0,0.0,0.0,0.0,1e22bb3d1f755a25ecb70d0ab714e74d2154df0e7ff1438885da29f1f2f52a47,500,4,1000,404,assigned_level_sensitivity,dynamic,periodic,0.0,False,True,,True,1.0,25.0,0.0,0.0,0.0,0,4000,0,0.0,0,0.0,48.7012116698744,0.820239999999859,0,0,0,3408,12592,16000,3432,0.2145,3402,0.9912587412587412,-0.19926690068998446,0.0,0.0,0.6851197999998302,0.6851197999998302,0.6884000000000013,16000,0.6860197781977443,4000,4000,0.49921015542060293,4000,0.49921015542060293,0.6415489021600717,0.35845109783992835,0.06,0.0,1.9986696243286133
True,16000,0,0,0,0,16000,0,0,4000,4000,0,0,0,4000,0,0.0,0.0,0.0,2850d7cfa9dd669a11d9a18ab095b1b73306276dffe22806240405b6a99f1dbc,500,4,1000,505,assigned_level_sensitivity,dynamic,periodic,0.0,False,True,,True,1.0,25.0,0.0,0.0,0.0,0,4000,0,0.0,0,0.0,48.647746523683956,0.8188799999998619,0,0,0,3488,12512,16000,3504,0.219,3482,0.9937214611872146,-0.1972538231422925,0.0,0.0,0.6850427999998318,0.6850427999998318,0.6884000000000013,16000,0.6859750881149494,4000,4000,0.4968960748831598,4000,0.4968960748831598,0.6397634662102888,0.3602365337897112,0.058,0.0,1.947394609451294
True,16000,0,0,0,0,16000,0,0,4000,4000,0,0,0,4000,0,0.0,0.0,0.0,821818fc4a76ed845c5d6e95d143beec70dbb2f046705cf5fe53fa808c30e1e5,500,4,1000,606,assigned_level_sensitivity,dynamic,periodic,0.0,False,True,,True,1.0,25.0,0.0,0.0,0.0,0,4000,0,0.0,0,0.0,49.94074558852819,0.8222799999998547,0,0,0,3296,12704,16000,3304,0.2065,3292,0.9963680387409201,-0.202726801924901,0.0,0.0,0.6852275999998285,0.6852275999998285,0.6884000000000013,16000,0.6860891119174648,4000,4000,0.49771228656797073,4000,0.49771228656797073,0.6413701195288414,0.3586298804711586,0.066,0.0,1.8891816139221191
True,16000,0,0,0,0,16000,0,0,4000,4000,0,0,0,4000,0,0.0,0.0,0.0,f6928467f99c60a3dffbcf03d262bf5e3188089123a36f34b70efbac5c05e1bf,500,4,1000,707,assigned_level_sensitivity,dynamic,periodic,0.0,False,True,,True,1.0,25.0,0.0,0.0,0.0,0,4000,0,0.0,0,0.0,48.000846415952765,0.8208399999998578,0,0,0,3376,12624,16000,3392,0.212,3372,0.9941037735849056,-0.1990918757571184,0.0,0.0,0.6851505999998303,0.6851505999998303,0.6884000000000013,16000,0.6860589782817941,4000,4000,0.4961556407618277,4000,0.4961556407618277,0.6400761091426338,0.3599238908573662,0.064,0.0,1.887502908706665
True,16000,0,0,0,0,16000,0,0,4000,4000,0,0,0,4000,0,0.0,0.0,0.0,1a5164a8f978961edaf3c5d9607966de96fd9134937605fcbe2119e01174bc65,500,4,1000,808,assigned_level_sensitivity,dynamic,periodic,0.0,False,True,,True,1.0,25.0,0.0,0.0,0.0,0,4000,0,0.0,0,0.0,49.28658423453017,0.8224399999998543,0,0,0,3280,12720,16000,3312,0.207,3275,0.9888285024154589,-0.19629465999219273,0.0,0.0,0.6852429999998279,0.6852429999998279,0.6884000000000013,16000,0.6861226859199576,4000,4000,0.495046596771787,4000,0.495046596771787,0.639268661168668,0.360731338831332,0.064,0.0,1.937605381011963
True,16000,0,0,0,0,16000,0,0,4000,4000,0,0,0,4000,0,0.0,0.0,0.0,2590073cdb4ae245d599e4559899ca065f4b0c004255bf6487c5839fc39ff574,500,4,1000,909,assigned_level_sensitivity,dynamic,periodic,0.0,False,True,,True,1.0,25.0,0.0,0.0,0.0,0,4000,0,0.0,0,0.0,49.708873628405264,0.8204199999998587,0,0,0,3400,12600,16000,3416,0.2135,3395,0.9938524590163934,-0.2003067557513059,0.0,0.0,0.6851274999998302,0.6851274999998302,0.6884000000000013,16000,0.6860194379772222,4000,4000,0.49677131147837933,4000,0.49677131147837933,0.6407666766320056,0.3592333233679944,0.06,0.0,1.9415531158447266
True,16000,0,0,0,0,16000,0,0,4000,4000,0,0,0,4000,0,0.0,0.0,0.0,e35a562238ec3870a9a013c614963bf8ca648d69a0c80181e91b018cfc024ad7,500,4,1000,1010,assigned_level_sensitivity,dynamic,periodic,0.0,False,True,,True,1.0,25.0,0.0,0.0,0.0,0,4000,0,0.0,0,0.0,49.23602477740799,0.8182199999998636,0,0,0,3528,12472,16000,3536,0.221,3524,0.996606334841629,-0.19866553361817016,0.0,0.0,0.6850042999998324,0.6850042999998324,0.6884000000000013,16000,0.6859728831929129,4000,4000,0.4973861378876878,4000,0.4973861378876878,0.6432927952577845,0.3567072047422155,0.062,0.0,2.112091302871704
True,24000,0,0,0,0,24000,0,0,6000,6000,0,0,0,6000,0,0.0,0.0,0.0,df7bc9e9dfff60af02e6943e923e62f0f9bf8709cc064f383faeee134513c470,500,6,1000,101,assigned_level_sensitivity,dynamic,periodic,0.0,False,True,,True,1.0,25.0,0.0,0.0,0.0,0,6000,0,0.0,0,0.0,59.991979487162766,0.8220683333332305,4,0,0,4976,19020,24000,4968,0.207,4960,0.998389694041868,-0.3372322581302798,0.0,0.0,0.6851888333330252,0.6851888333330252,0.6884000000000013,24000,0.6860993204726705,6000,6000,0.49807074147093766,6000,0.49807074147093766,0.6392405538024857,0.3607594461975143,0.06066666666666667,0.0,3.5518791675567627
True,24000,0,0,0,0,24000,0,0,6000,6000,0,0,0,6000,0,0.0,0.0,0.0,3736254c386243245c7ea836644f1946e24824c7abc86c8860c1c363672a151c,500,6,1000,202,assigned_level_sensitivity,dynamic,periodic,0.0,False,True,,True,1.0,25.0,0.0,0.0,0.0,0,6000,0,0.0,0,0.0,59.997572799115446,0.8215066666665642,8,8,4,5020,18960,24000,5016,0.209,5005,0.9978070175438597,-0.33906417161439556,0.0,0.0,0.6851116166663601,0.6851116166663601,0.6884000000000013,24000,0.6860426162728739,6000,6000,0.49528029455235967,6000,0.49528029455235967,0.6384534101722235,0.36154658982777654,0.062,0.0,3.6876893043518066
True,24000,0,0,0,0,24000,0,0,6000,6000,0,0,0,6000,0,0.0,0.0,0.0,9c4b50958727dc7c2d179fbe104c63fad4ab75dd91649f34eca4fbb19c432337,500,6,1000,303,assigned_level_sensitivity,dynamic,periodic,0.0,False,True,,True,1.0,25.0,0.0,0.0,0.0,0,6000,0,0.0,0,0.0,59.99924413163252,0.8219633333332288,8,0,0,4992,19000,24000,4980,0.2075,4963,0.9965863453815261,-0.3377964721209547,0.0,0.0,0.6851603333330257,0.6851603333330257,0.6884000000000013,24000,0.6860646452157009,6000,6000,0.49763093438026196,6000,0.49763093438026196,0.640608940181123,0.359391059818877,0.064,0.0,3.5354042053222656
True,24000,0,0,0,0,24000,0,0,6000,6000,0,0,0,6000,0,0.0,0.0,0.0,478471266194d94a3b137038f0ef600d53e0302e1322af8a2948fb5f8c98afdf,500,6,1000,404,assigned_level_sensitivity,dynamic,periodic,0.0,False,True,,True,1.0,25.0,0.0,0.0,0.0,0,6000,0,0.0,0,0.0,59.56260969849765,0.8210866666665638,0,0,0,5044,18956,24000,5064,0.211,5041,0.9954581358609794,-0.3435831865937051,0.0,0.0,0.6851634333330268,0.6851634333330268,0.6884000000000013,24000,0.6860684076312892,6000,6000,0.4988846397717836,6000,0.4988846397717836,0.6412772250957403,0.35872277490425974,0.06333333333333334,0.0,3.669032335281372
True,24000,0,0,0,0,24000,0,0,6000,6000,0,0,0,6000,0,0.0,0.0,0.0,d945735a8e094ae77772f96fe90671759b77955778bc773e6c93a82f80d508ec,500,6,1000,505,assigned_level_sensitivity,dynamic,periodic,0.0,False,True,,True,1.0,25.0,0.0,0.0,0.0,0,6000,0,0.0,0,0.0,59.953845344856745,0.8221799999998964,0,0,0,4956,19044,24000,4956,0.2065,4953,0.9993946731234867,-0.3422884024649201,0.0,0.0,0.685219899999691,0.685219899999691,0.6884000000000013,24000,0.6861123583657515,6000,6000,0.49705508389180675,6000,0.49705508389180675,0.6411356716738716,0.35886432832612836,0.06133333333333333,0.0,3.601856231689453
True,24000,0,0,0,0,24000,0,0,6000,6000,0,0,0,6000,0,0.0,0.0,0.0,ce1e0562db8730d80a057cacabcd1a1125934972a2266603482076751c65ec7a,500,6,1000,606,assigned_level_sensitivity,dynamic,periodic,0.0,False,True,,True,1.0,25.0,0.0,0.0,0.0,0,6000,0,0.0,0,0.0,59.99731392761479,0.8222533333332313,0,0,4,4948,19048,24000,4948,0.20616666666666666,4938,0.997978981406629,-0.349560822804526,0.0,0.0,0.6852176499996911,0.6852176499996911,0.6884000000000013,24000,0.6861243934482446,6000,6000,0.4962166677388006,6000,0.4962166677388006,0.6391899440580987,0.3608100559419013,0.062,0.0,3.7421622276306152
True,24000,0,0,0,0,24000,0,0,6000,6000,0,0,0,6000,0,0.0,0.0,0.0,b7ece186a8ad3e897fdf1cf08a0f3356ce15b7fd2cf41b2298c249baf7814b0a,500,6,1000,707,assigned_level_sensitivity,dynamic,periodic,0.0,False,True,,True,1.0,25.0,0.0,0.0,0.0,0,6000,0,0.0,0,0.0,59.97780446878547,0.8226816666665633,4,0,0,4908,19088,24000,4924,0.20516666666666666,4906,0.996344435418359,-0.3451453233717802,0.0,0.0,0.6852324666663565,0.6852324666663565,0.6884000000000013,24000,0.6861233380282791,6000,6000,0.4978333721487485,6000,0.4978333721487485,0.6406403171236257,0.3593596828763743,0.06266666666666666,0.0,3.9811272621154785
True,24000,0,0,0,0,24000,0,0,6000,6000,0,0,0,6000,0,0.0,0.0,0.0,4c52203c9e54a73250b1ecde019d091da96295e9840f323625e0f97196c11cbd,500,6,1000,808,assigned_level_sensitivity,dynamic,periodic,0.0,False,True,,True,1.0,25.0,0.0,0.0,0.0,0,6000,0,0.0,0,0.0,59.988141468030804,0.8209949999998962,4,0,4,5064,18928,24000,5060,0.21083333333333334,5042,0.9964426877470356,-0.34554401773713506,0.0,0.0,0.685124983333028,0.685124983333028,0.6884000000000013,24000,0.6860519849328323,6000,6000,0.49561035949908167,6000,0.49561035949908167,0.6386945345569901,0.3613054654430099,0.06333333333333334,0.0,3.8296918869018555
True,24000,0,0,0,0,24000,0,0,6000,6000,0,0,0,6000,0,0.0,0.0,0.0,5b34ac3e3c935bcde89a557e35faec54ebbaee3215e881d834aef2704505ea4f,500,6,1000,909,assigned_level_sensitivity,dynamic,periodic,0.0,False,True,,True,1.0,25.0,0.0,0.0,0.0,0,6000,0,0.0,0,0.0,59.99691272889556,0.8203266666665633,4,8,4,5120,18864,24000,5120,0.21333333333333335,5103,0.9966796875,-0.3431647353030699,0.0,0.0,0.6850656833330296,0.6850656833330296,0.6884000000000013,24000,0.6859913136546589,6000,6000,0.49758521312174897,6000,0.49758521312174897,0.6401314996120606,0.3598685003879394,0.06133333333333333,0.0,3.752225160598755
True,24000,0,0,0,0,24000,0,0,6000,6000,0,0,0,6000,0,0.0,0.0,0.0,9f867c13fbacf3259755d814661805b3d101f0606f92961926f0aa57dd766e36,500,6,1000,1010,assigned_level_sensitivity,dynamic,periodic,0.0,False,True,,True,1.0,25.0,0.0,0.0,0.0,0,6000,0,0.0,0,0.0,59.988250781997024,0.8208799999998977,4,0,0,5068,18928,24000,5068,0.21116666666666667,5058,0.9980268350434096,-0.3411912747251127,0.0,0.0,0.6851297999996944,0.6851297999996944,0.6884000000000013,24000,0.686044733143448,6000,6000,0.4967500430627258,6000,0.4967500430627258,0.6403343507210776,0.3596656492789224,0.062,0.0,3.7073822021484375
True,32000,0,0,0,0,32000,0,0,8000,8000,0,0,0,8000,0,0.0,0.0,0.0,aaabbf64bb5a67911422c9ac26864c12bdc3d473c4e26d09934c03c2de08e543,500,8,1000,101,assigned_level_sensitivity,dynamic,periodic,0.0,False,True,,True,1.0,25.0,0.0,0.0,0.0,0,8000,0,0.0,0,0.0,59.999784372114604,0.8170121875000083,252,878,103,7333,23434,32000,6680,0.20875,6675,0.999251497005988,-0.38993119835800427,0.0,0.0,0.6819435093745575,0.6819435093745575,0.6884000000000013,32000,0.6831418919084296,8000,8000,0.4972868556791281,8000,0.4972868556791281,0.6412068433441304,0.35879315665586964,0.061,0.0,5.313870191574097
True,32000,0,0,0,0,32000,0,0,8000,8000,0,0,0,8000,0,0.0,0.0,0.0,ccc6b9249845e0c37527cd7f55700cdf777d4a27e9f20114a03ae93070dd4f09,500,8,1000,202,assigned_level_sensitivity,dynamic,periodic,0.0,False,True,,True,1.0,25.0,0.0,0.0,0.0,0,8000,0,0.0,0,0.0,59.99991084809637,0.8179875000000084,262,876,134,7211,23517,32000,6544,0.2045,6533,0.9983190709046454,-0.393087872338313,0.0,0.0,0.6819294999995564,0.6819294999995564,0.6884000000000013,32000,0.683122701092917,8000,8000,0.49688466870410464,8000,0.49688466870410464,0.6400044291768968,0.3599955708231032,0.060125,0.0,4.908733606338501
True,32000,0,0,0,0,32000,0,0,8000,8000,0,0,0,8000,0,0.0,0.0,0.0,fa9104ce37d0bed494e8e68c544517eb6804845b3942c9a76815008d2e839fbe,500,8,1000,303,assigned_level_sensitivity,dynamic,periodic,0.0,False,True,,True,1.0,25.0,0.0,0.0,0.0,0,8000,0,0.0,0,0.0,59.99997426532011,0.8185468750000122,397,806,73,7224,23500,32000,6536,0.20425,6534,0.9996940024479805,-0.3917525610764562,0.0,0.0,0.6816995031245584,0.6816995031245584,0.6884000000000013,32000,0.6829302847194002,8000,8000,0.49825466466005297,8000,0.49825466466005297,0.6397274150100424,0.3602725849899576,0.066,0.0,4.819093465805054
True,32000,0,0,0,0,32000,0,0,8000,8000,0,0,0,8000,0,0.0,0.0,0.0,99d5e8e815bdb3fbf83d5c6c396113c800c58dd835f25789869ab526d6252de9,500,8,1000,404,assigned_level_sensitivity,dynamic,periodic,0.0,False,True,,True,1.0,25.0,0.0,0.0,0.0,0,8000,0,0.0,0,0.0,59.99982077254717,0.8178112500000099,361,838,140,7392,23269,32000,6616,0.20675,6596,0.9969770253929867,-0.38705277420311845,0.0,0.0,0.6815788749995622,0.6815788749995622,0.6884000000000013,32000,0.6828515195807712,8000,8000,0.4975376739205327,8000,0.4975376739205327,0.6421641062587027,0.3578358937412973,0.064875,0.0,4.592012405395508
True,32000,0,0,0,0,32000,0,0,8000,8000,0,0,0,8000,0,0.0,0.0,0.0,4588989295f413c400eb038088125b0d970565a49c44e328a746779cb3728b26,500,8,1000,505,assigned_level_sensitivity,dynamic,periodic,0.0,False,True,,True,1.0,25.0,0.0,0.0,0.0,0,8000,0,0.0,0,0.0,59.99979942392711,0.8172750000000136,277,759,39,7347,23578,32000,6728,0.21025,6724,0.9994054696789536,-0.3836937520933349,0.0,0.0,0.6822005874995556,0.6822005874995556,0.6884000000000013,32000,0.6833575069549889,8000,8000,0.49790970406949353,8000,0.49790970406949353,0.6382533701432677,0.36174662985673234,0.062125,0.0,4.68165135383606
True,32000,0,0,0,0,32000,0,0,8000,8000,0,0,0,8000,0,0.0,0.0,0.0,7e1e83024ea6707492cc0cad7118863b8719120b04048e0fd2fb6fee034b85d1,500,8,1000,606,assigned_level_sensitivity,dynamic,periodic,0.0,False,True,,True,1.0,25.0,0.0,0.0,0.0,0,8000,0,0.0,0,0.0,59.99996101248904,0.8180965625000081,295,757,114,7187,23647,32000,6520,0.20375,6513,0.9989263803680981,-0.38744873845276057,0.0,0.0,0.6821166031245555,0.6821166031245555,0.6884000000000013,32000,0.6833216047214536,8000,8000,0.4961049888495048,8000,0.4961049888495048,0.6409189334515656,0.3590810665484344,0.063875,0.0,4.542236804962158
True,32000,0,0,0,0,32000,0,0,8000,8000,0,0,0,8000,0,0.0,0.0,0.0,e76c763ac54dbd90337334399c4cb6ce71151db8139bf84da5628482de3caef7,500,8,1000,707,assigned_level_sensitivity,dynamic,periodic,0.0,False,True,,True,1.0,25.0,0.0,0.0,0.0,0,8000,0,0.0,0,0.0,59.99997336897571,0.8178959375000128,242,892,133,7195,23538,32000,6640,0.2075,6622,0.9972891566265061,-0.39120727950014794,0.0,0.0,0.6819719093745559,0.6819719093745559,0.6884000000000013,32000,0.6831938857262864,8000,8000,0.4963879356417876,8000,0.4963879356417876,0.640533549314951,0.359466450685049,0.062,0.0,5.044701337814331
True,32000,0,0,0,0,32000,0,0,8000,8000,0,0,0,8000,0,0.0,0.0,0.0,0772d1f8fc9f966e4e94191b3aa8b928ad6bfc7e1801f816c71cb45d696c0cd2,500,8,1000,808,assigned_level_sensitivity,dynamic,periodic,0.0,False,True,,True,1.0,25.0,0.0,0.0,0.0,0,8000,0,0.0,0,0.0,59.999940845385666,0.8191859375000162,284,744,69,7193,23710,32000,6504,0.20325,6502,0.9996924969249692,-0.38850318056479194,0.0,0.0,0.682242096874554,0.682242096874554,0.6884000000000013,32000,0.6834581221330699,8000,8000,0.4979025547794976,8000,0.4979025547794976,0.6391729436350045,0.36082705636499546,0.061,0.0,4.452878713607788
True,32000,0,0,0,0,32000,0,0,8000,8000,0,0,0,8000,0,0.0,0.0,0.0,983b9f3b193194087d652a9c34e48e04b604e5fa861df79d152f1f088392db9e,500,8,1000,909,assigned_level_sensitivity,dynamic,periodic,0.0,False,True,,True,1.0,25.0,0.0,0.0,0.0,0,8000,0,0.0,0,0.0,59.99995004859771,0.8174381250000112,238,824,91,7258,23589,32000,6672,0.2085,6669,0.9995503597122302,-0.39126638419064935,0.0,0.0,0.6821623718745552,0.6821623718745552,0.6884000000000013,32000,0.6833430064279631,8000,8000,0.49825369698243704,8000,0.49825369698243704,0.6402371443624825,0.35976285563751753,0.062,0.0,4.529154300689697
True,32000,0,0,0,0,32000,0,0,8000,8000,0,0,0,8000,0,0.0,0.0,0.0,4353217b20bf1fb3c1b81e0687963bca5950f5073a6b2b8cfed0dc39870a197c,500,8,1000,1010,assigned_level_sensitivity,dynamic,periodic,0.0,False,True,,True,1.0,25.0,0.0,0.0,0.0,0,8000,0,0.0,0,0.0,59.99998447499023,0.8159884375000077,286,734,92,7436,23452,32000,6848,0.214,6844,0.9994158878504673,-0.38886026897240533,0.0,0.0,0.6821083812495585,0.6821083812495585,0.6884000000000013,32000,0.683335185953152,8000,8000,0.4979781532702646,8000,0.4979781532702646,0.6426077245718799,0.35739227542812013,0.06025,0.0,4.55953049659729
True,40000,0,400,0,0,39600,0,0,10000,10000,0,0,0,10000,0,0.0,0.0,0.0,d5a0dcae89a5420d8212068bb711476587f7ed86ab0bfdbc6177a484d0e8c06b,500,10,1000,101,assigned_level_sensitivity,dynamic,periodic,0.0,False,True,,True,1.0,25.0,0.0,0.0,0.0,0,10000,0,0.0,0,0.0,59.99998948666723,0.8042916666665776,1977,5713,153,8366,23391,39600,8300,0.20959595959595959,8137,0.9803614457831326,-0.3222224259714284,0.0,0.0,0.6694005202015294,0.662706514999514,0.6884000000000013,39600,0.6698034664799144,10000,10000,0.49688817832874,9940,0.5029388147066373,0.6360732616438886,0.36392673835611145,0.0756,0.006050636377897267,6.403497934341431
True,40000,0,420,0,0,39580,0,0,10000,10000,0,0,0,10000,0,0.0,0.0,0.0,d420eab19fa032fa6554e958731a9cfe2ccaff0d3c8b7ccf0c1954812b70e159,500,10,1000,202,assigned_level_sensitivity,dynamic,periodic,0.0,False,True,,True,1.0,25.0,0.0,0.0,0.0,0,10000,0,0.0,0,0.0,59.99999843498328,0.8045985346133585,1985,5661,171,8438,23325,39580,8200,0.20717534108135421,8158,0.9948780487804878,-0.329729410405241,0.0,0.0,0.6694127438095168,0.6623839099995169,0.6884000000000013,39580,0.6691115971333279,10000,10000,0.49225780249187995,9940,0.49651427145399035,0.6396763045259206,0.3603236954740794,0.075,0.004256468962110405,6.458269834518433
True,40000,0,400,0,0,39600,0,0,10000,10000,0,0,0,10000,0,0.0,0.0,0.0,4fa73f83efb0b30e441d2058e80879f5ae8046cd50657c2997f903af7d406502,500,10,1000,303,assigned_level_sensitivity,dynamic,periodic,0.0,False,True,,True,1.0,25.0,0.0,0.0,0.0,0,10000,0,0.0,0,0.0,59.99996321359458,0.8035280303029573,1815,6117,229,8052,23387,39600,8580,0.21666666666666667,8537,0.994988344988345,-0.3229798437016794,0.0,0.0,0.6691699949489995,0.6624782949995095,0.6884000000000013,39600,0.6693202869672192,10000,10000,0.49124907641347826,9960,0.49497388378443513,0.642026484227605,0.357973515772395,0.0758,0.003724807370956873,6.44894814491272
True,40000,0,420,0,0,39580,0,0,10000,10000,0,0,0,10000,0,0.0,0.0,0.0,acf8d3c54ffc0201e365efa1dab85427555f694c26f75454f107aa91ba8e2bda,500,10,1000,404,assigned_level_sensitivity,dynamic,periodic,0.0,False,True,,True,1.0,25.0,0.0,0.0,0.0,0,10000,0,0.0,0,0.0,59.999991465919166,0.8034044972207565,1842,5933,203,8308,23294,39580,8640,0.21829206670035373,8617,0.997337962962963,-0.31798162166278715,0.0,0.0,0.6693410257700974,0.6623129449995113,0.6884000000000013,39580,0.6693258913465924,10000,10000,0.48789598877575435,9940,0.4921718394099055,0.6371424131006374,0.36285758689936265,0.0737,0.004275850634151146,6.754287481307983
True,40000,0,360,0,0,39640,0,0,10000,10000,0,0,0,10000,0,0.0,0.0,0.0,a6977f57b44dcaf129dc8cb8da2775f7fb8a45cce309a8a15334e0d8cab9bcad,500,10,1000,505,assigned_level_sensitivity,dynamic,periodic,0.0,False,True,,True,1.0,25.0,0.0,0.0,0.0,0,10000,0,0.0,0,0.0,59.99996042767697,0.8044238143288892,1773,5973,225,8372,23297,39640,8400,0.2119071644803229,8336,0.9923809523809524,-0.3242808814555701,0.0,0.0,0.6694401160439051,0.6634151549995099,0.6884000000000013,39640,0.669806162315314,10000,10000,0.49690397075580267,9980,0.4995644085649166,0.6393365351002893,0.3606634648997107,0.0698,0.0026604378091139025,6.9157490730285645
True,40000,0,420,0,0,39580,0,0,10000,10000,0,0,0,10000,0,0.0,0.0,0.0,85a33772ee292f10e8aef7fd5cee174f3e1376deb8ac3fb9b6760f9848146b7c,500,10,1000,606,assigned_level_sensitivity,dynamic,periodic,0.0,False,True,,True,1.0,25.0,0.0,0.0,0.0,0,10000,0,0.0,0,0.0,59.99997550325186,0.8043274380999745,1772,5881,216,8577,23134,39580,8400,0.21222839818089945,8318,0.9902380952380953,-0.3207271133212321,0.0,0.0,0.6695073900955165,0.6624775624995136,0.6884000000000013,39580,0.6692650746384746,10000,10000,0.48776668623399655,9960,0.4923423458959065,0.6390718889988181,0.36092811100118194,0.0778,0.0045756596619099255,6.8931496143341064
True,40000,0,560,0,0,39440,0,0,10000,10000,0,0,0,10000,0,0.0,0.0,0.0,7c1a19d9a1c3467d0687905c7ed2c445885dc020c9623304e3f2d9778bdd4a83,500,10,1000,707,assigned_level_sensitivity,dynamic,periodic,0.0,False,True,,True,1.0,25.0,0.0,0.0,0.0,0,10000,0,0.0,0,0.0,59.99999787054405,0.8050154665313558,1837,5824,228,7965,23586,39440,8040,0.20385395537525355,7938,0.9873134328358208,-0.31376786237298404,0.0,0.0,0.6695868255573153,0.6602126099995129,0.6884000000000013,39440,0.6679853846071384,10000,10000,0.4892607566820569,9940,0.4949130283283429,0.6350280344189123,0.3649719655810877,0.0631,0.005652271646286011,6.901984453201294
True,40000,0,400,0,0,39600,0,0,10000,10000,0,0,0,10000,0,0.0,0.0,0.0,7c63d45d9ec5aab26bcbcab1b90489c75c8801d40cc0618700b789908e2cf09f,500,10,1000,808,assigned_level_sensitivity,dynamic,periodic,0.0,False,True,,True,1.0,25.0,0.0,0.0,0.0,0,10000,0,0.0,0,0.0,59.9999909886231,0.8044217171716421,1904,6154,237,7937,23368,39600,8380,0.21161616161616162,8339,0.9951073985680191,-0.31887011577974994,0.0,0.0,0.6688943964641526,0.6622054524995111,0.6884000000000013,39600,0.6687711312253173,10000,10000,0.49743260485694846,9980,0.5006667184587095,0.6452094044115047,0.35479059558849535,0.0718,0.003234113601761013,6.834813117980957
True,40000,0,420,0,0,39580,0,0,10000,10000,0,0,0,10000,0,0.0,0.0,0.0,eef449dd20942c378220d3adc9ae3b30fc789520b6b67ed578877c5612b469b0,500,10,1000,909,assigned_level_sensitivity,dynamic,periodic,0.0,False,True,,True,1.0,25.0,0.0,0.0,0.0,0,10000,0,0.0,0,0.0,59.999999886331665,0.8039290045476644,1795,5870,209,8367,23339,39580,8340,0.21071248105103588,8238,0.9877697841726619,-0.3188774274022735,0.0,0.0,0.6695528423441239,0.6625225374995106,0.6884000000000013,39580,0.6693574558385231,10000,10000,0.49201779421600067,9960,0.4979448326186774,0.6334110407218038,0.36658895927819624,0.068,0.005927038402676721,6.397690057754517
True,40000,0,500,0,0,39500,0,0,10000,10000,0,0,0,10000,0,0.0,0.0,0.0,04934f877793a2796930a2bda98f59e881d2801d5332d809293e526026756d4f,500,10,1000,1010,assigned_level_sensitivity,dynamic,periodic,0.0,False,True,,True,1.0,25.0,0.0,0.0,0.0,0,10000,0,0.0,0,0.0,59.999977114780066,0.8041010126581617,1823,5944,247,8284,23202,39500,8540,0.21620253164556963,8517,0.9973067915690866,-0.3277998294427772,0.0,0.0,0.6692955367083688,0.6609293424995142,0.6884000000000013,39500,0.6685823620322858,10000,10000,0.49266658724406215,9900,0.4994855779824544,0.6395262680646496,0.36047373193535037,0.0841,0.006818990738392261,6.361030578613281
True,16000,0,0,0,0,16000,0,0,4000,4000,0,0,0,4000,0,0.0,0.0,0.0,5f94118a7d3e90192598c144eb4882652a3061a1912ed5a940883915afa1a0af,750,4,1000,101,assigned_level_sensitivity,dynamic,periodic,0.0,False,True,,True,1.0,25.0,0.0,0.0,0.0,0,4000,0,0.0,0,0.0,49.836368836939144,0.8231999999998525,0,0,0,3232,12768,16000,3280,0.205,3228,0.9841463414634146,-0.1711971371464386,0.0,0.0,0.6852891999998271,0.6852891999998271,0.6884000000000013,16000,0.6861445184382012,4000,4000,0.4969653159865751,4000,0.4969653159865751,0.6386935729168959,0.3613064270831041,0.062,0.0,1.810473918914795
True,16000,0,0,0,0,16000,0,0,4000,4000,0,0,0,4000,0,0.0,0.0,0.0,5f60743f4251cc1f57f4eed09143bff61175f797b109b1f7a6707e9bdbab9e8c,750,4,1000,202,assigned_level_sensitivity,dynamic,periodic,0.0,False,True,,True,1.0,25.0,0.0,0.0,0.0,0,4000,0,0.0,0,0.0,47.364427225286676,0.8205999999998581,0,0,0,3376,12624,16000,3440,0.215,3374,0.9808139534883721,-0.16091364160337768,0.0,0.0,0.6851505999998295,0.6851505999998295,0.6884000000000013,16000,0.6860253561242603,4000,4000,0.49693504600486854,4000,0.49693504600486854,0.6393824094540981,0.3606175905459019,0.064,0.0,1.9033658504486084
True,16000,0,0,0,0,16000,0,0,4000,4000,0,0,0,4000,0,0.0,0.0,0.0,93d78bf2192fb5f1a1477dec0382df9346d3e26750a92867a9a5c128cded5745,750,4,1000,303,assigned_level_sensitivity,dynamic,periodic,0.0,False,True,,True,1.0,25.0,0.0,0.0,0.0,0,4000,0,0.0,0,0.0,47.43293645800134,0.8235599999998519,0,0,0,3216,12784,16000,3248,0.203,3211,0.9886083743842364,-0.16993802412937964,0.0,0.0,0.6853045999998266,0.6853045999998266,0.6884000000000013,16000,0.6861537510279685,4000,4000,0.4955327875544459,4000,0.4955327875544459,0.6377049519491799,0.36229504805082013,0.066,0.0,1.813213586807251
True,16000,0,0,0,0,16000,0,0,4000,4000,0,0,0,4000,0,0.0,0.0,0.0,1e22bb3d1f755a25ecb70d0ab714e74d2154df0e7ff1438885da29f1f2f52a47,750,4,1000,404,assigned_level_sensitivity,dynamic,periodic,0.0,False,True,,True,1.0,25.0,0.0,0.0,0.0,0,4000,0,0.0,0,0.0,46.928420954816296,0.8205199999998584,0,0,0,3392,12608,16000,3416,0.2135,3388,0.9918032786885246,-0.16883721181702252,0.0,0.0,0.68513519999983,0.68513519999983,0.6884000000000013,16000,0.6860032950623777,4000,4000,0.49719778781258717,4000,0.49719778781258717,0.6391162549514505,0.3608837450485495,0.064,0.0,1.9000444412231445
True,16000,0,0,0,0,16000,0,0,4000,4000,0,0,0,4000,0,0.0,0.0,0.0,2850d7cfa9dd669a11d9a18ab095b1b73306276dffe22806240405b6a99f1dbc,750,4,1000,505,assigned_level_sensitivity,dynamic,periodic,0.0,False,True,,True,1.0,25.0,0.0,0.0,0.0,0,4000,0,0.0,0,0.0,46.95680004775194,0.820319999999859,0,0,0,3408,12592,16000,3416,0.2135,3404,0.9964871194379391,-0.16583980173699453,0.0,0.0,0.6851197999998304,0.6851197999998304,0.6884000000000013,16000,0.6859832949663847,4000,4000,0.4977924864872195,4000,0.4977924864872195,0.6369270950146847,0.3630729049853153,0.062,0.0,1.797206163406372
True,16000,0,0,0,0,16000,0,0,4000,4000,0,0,0,4000,0,0.0,0.0,0.0,821818fc4a76ed845c5d6e95d143beec70dbb2f046705cf5fe53fa808c30e1e5,750,4,1000,606,assigned_level_sensitivity,dynamic,periodic,0.0,False,True,,True,1.0,25.0,0.0,0.0,0.0,0,4000,0,0.0,0,0.0,48.3695025775693,0.8242799999998501,0,0,0,3168,12832,16000,3224,0.2015,3164,0.9813895781637717,-0.16677975249126853,0.0,0.0,0.6853507999998261,0.6853507999998261,0.6884000000000013,16000,0.6861771151290821,4000,4000,0.49975102719758535,4000,0.49975102719758535,0.6413120089917196,0.3586879910082804,0.06,0.0,1.8587749004364014
True,16000,0,0,0,0,16000,0,0,4000,4000,0,0,0,4000,0,0.0,0.0,0.0,f6928467f99c60a3dffbcf03d262bf5e3188089123a36f34b70efbac5c05e1bf,750,4,1000,707,assigned_level_sensitivity,dynamic,periodic,0.0,False,True,,True,1.0,25.0,0.0,0.0,0.0,0,4000,0,0.0,0,0.0,48.188651059949045,0.8233399999998522,0,0,0,3224,12776,16000,3272,0.2045,3222,0.9847188264058679,-0.16876579639299855,0.0,0.0,0.6852968999998269,0.6852968999998269,0.6884000000000013,16000,0.6861370104615145,4000,4000,0.49769018983987096,4000,0.49769018983987096,0.6396602684904639,0.36033973150953613,0.066,0.0,1.7853989601135254
True,16000,0,0,0,0,16000,0,0,4000,4000,0,0,0,4000,0,0.0,0.0,0.0,1a5164a8f978961edaf3c5d9607966de96fd9134937605fcbe2119e01174bc65,750,4,1000,808,assigned_level_sensitivity,dynamic,periodic,0.0,False,True,,True,1.0,25.0,0.0,0.0,0.0,0,4000,0,0.0,0,0.0,48.313341611959515,0.821939999999855,0,0,0,3304,12696,16000,3352,0.2095,3300,0.9844868735083532,-0.16170954434437348,0.0,0.0,0.6852198999998284,0.6852198999998284,0.6884000000000013,16000,0.6860709919854234,4000,4000,0.49550895019192265,4000,0.49550895019192265,0.638112549971971,0.361887450028029,0.064,0.0,1.7884061336517334
True,16000,0,0,0,0,16000,0,0,4000,4000,0,0,0,4000,0,0.0,0.0,0.0,2590073cdb4ae245d599e4559899ca065f4b0c004255bf6487c5839fc39ff574,750,4,1000,909,assigned_level_sensitivity,dynamic,periodic,0.0,False,True,,True,1.0,25.0,0.0,0.0,0.0,0,4000,0,0.0,0,0.0,49.63547987616828,0.8248799999998491,0,0,0,3136,12864,16000,3184,0.199,3133,0.9839824120603015,-0.16749956697677731,0.0,0.0,0.6853815999998255,0.6853815999998255,0.6884000000000013,16000,0.6862068496120942,4000,4000,0.4973299636145362,4000,0.4973299636145362,0.6384922054811673,0.36150779451883275,0.066,0.0,1.792724609375
True,16000,0,0,0,0,16000,0,0,4000,4000,0,0,0,4000,0,0.0,0.0,0.0,e35a562238ec3870a9a013c614963bf8ca648d69a0c80181e91b018cfc024ad7,750,4,1000,1010,assigned_level_sensitivity,dynamic,periodic,0.0,False,True,,True,1.0,25.0,0.0,0.0,0.0,0,4000,0,0.0,0,0.0,47.5028767601863,0.822099999999855,0,0,0,3304,12696,16000,3320,0.2075,3300,0.9939759036144579,-0.16325221683133406,0.0,0.0,0.6852198999998287,0.6852198999998287,0.6884000000000013,16000,0.6861018641957706,4000,4000,0.49707497331338785,4000,0.49707497331338785,0.638070924693607,0.36192907530639296,0.064,0.0,2.0593361854553223
True,24000,0,0,0,0,24000,0,0,6000,6000,0,0,0,6000,0,0.0,0.0,0.0,df7bc9e9dfff60af02e6943e923e62f0f9bf8709cc064f383faeee134513c470,750,6,1000,101,assigned_level_sensitivity,dynamic,periodic,0.0,False,True,,True,1.0,25.0,0.0,0.0,0.0,0,6000,0,0.0,0,0.0,59.68023003903073,0.8188399999998971,0,0,0,5224,18776,24000,5288,0.22033333333333333,5220,0.9871406959152799,-0.37753485187325686,0.0,0.0,0.6850479333330327,0.6850479333330327,0.6884000000000013,24000,0.6860039493872229,6000,6000,0.49758804889043917,6000,0.49758804889043917,0.6399640093830796,0.3600359906169204,0.064,0.0,3.2195796966552734
True,24000,0,0,0,0,24000,0,0,6000,6000,0,0,0,6000,0,0.0,0.0,0.0,3736254c386243245c7ea836644f1946e24824c7abc86c8860c1c363672a151c,750,6,1000,202,assigned_level_sensitivity,dynamic,periodic,0.0,False,True,,True,1.0,25.0,0.0,0.0,0.0,0,6000,0,0.0,0,0.0,59.986695736671685,0.8208333333332284,0,4,0,5052,18944,24000,5132,0.21383333333333332,5041,0.9822681215900234,-0.37768247926431525,0.0,0.0,0.6851466166663606,0.6851466166663606,0.6884000000000013,24000,0.6860699708033027,6000,6000,0.49786665030830635,6000,0.49786665030830635,0.6397190109625047,0.3602809890374953,0.059333333333333335,0.0,3.0860700607299805
True,24000,0,0,0,0,24000,0,0,6000,6000,0,0,0,6000,0,0.0,0.0,0.0,9c4b50958727dc7c2d179fbe104c63fad4ab75dd91649f34eca4fbb19c432337,750,6,1000,303,assigned_level_sensitivity,dynamic,periodic,0.0,False,True,,True,1.0,25.0,0.0,0.0,0.0,0,6000,0,0.0,0,0.0,59.50153155361586,0.820679999999896,0,0,0,5072,18928,24000,5116,0.21316666666666667,5070,0.9910086004691165,-0.3750731323293217,0.0,0.0,0.6851454666663616,0.6851454666663616,0.6884000000000013,24000,0.6860651253954222,6000,6000,0.49725469089835694,6000,0.49725469089835694,0.6384079383334826,0.36159206166651736,0.064,0.0,2.9101758003234863
True,24000,0,0,0,0,24000,0,0,6000,6000,0,0,0,6000,0,0.0,0.0,0.0,478471266194d94a3b137038f0ef600d53e0302e1322af8a2948fb5f8c98afdf,750,6,1000,404,assigned_level_sensitivity,dynamic,periodic,0.0,False,True,,True,1.0,25.0,0.0,0.0,0.0,0,6000,0,0.0,0,0.0,59.996855667149184,0.8202533333332296,0,4,0,5104,18892,24000,5184,0.216,5093,0.982445987654321,-0.38535298220181047,0.0,0.0,0.6851132499996957,0.6851132499996957,0.6884000000000013,24000,0.6860434413897726,6000,6000,0.4971842977997756,6000,0.4971842977997756,0.6383440854312268,0.3616559145687732,0.06266666666666666,0.0,3.0280964374542236
True,24000,0,0,0,0,24000,0,0,6000,6000,0,0,0,6000,0,0.0,0.0,0.0,d945735a8e094ae77772f96fe90671759b77955778bc773e6c93a82f80d508ec,750,6,1000,505,assigned_level_sensitivity,dynamic,periodic,0.0,False,True,,True,1.0,25.0,0.0,0.0,0.0,0,6000,0,0.0,0,0.0,59.994016167489875,0.8209749999998964,8,0,4,5040,18948,24000,5100,0.2125,5033,0.9868627450980392,-0.3899355465146553,0.0,0.0,0.6851221499996938,0.6851221499996938,0.6884000000000013,24000,0.6860493306522768,6000,6000,0.4988070294729157,6000,0.4988070294729157,0.640839871180891,0.35916012881910897,0.06,0.0,2.9416112899780273
True,24000,0,0,0,0,24000,0,0,6000,6000,0,0,0,6000,0,0.0,0.0,0.0,ce1e0562db8730d80a057cacabcd1a1125934972a2266603482076751c65ec7a,750,6,1000,606,assigned_level_sensitivity,dynamic,periodic,0.0,False,True,,True,1.0,25.0,0.0,0.0,0.0,0,6000,0,0.0,0,0.0,59.985286473364106,0.8204199999998983,0,0,4,5084,18912,24000,5156,0.21483333333333332,5082,0.9856477889837083,-0.3845468794907063,0.0,0.0,0.6851303833330288,0.6851303833330288,0.6884000000000013,24000,0.6860454964923741,6000,6000,0.4979765816856912,6000,0.4979765816856912,0.6401683441653847,0.3598316558346153,0.062,0.0,3.0358152389526367
True,24000,0,0,0,0,24000,0,0,6000,6000,0,0,0,6000,0,0.0,0.0,0.0,b7ece186a8ad3e897fdf1cf08a0f3356ce15b7fd2cf41b2298c249baf7814b0a,750,6,1000,707,assigned_level_sensitivity,dynamic,periodic,0.0,False,True,,True,1.0,25.0,0.0,0.0,0.0,0,6000,0,0.0,0,0.0,59.99927529895305,0.8209866666665611,0,4,0,5036,18960,24000,5112,0.213,5029,0.9837636932707355,-0.38528812266590545,0.0,0.0,0.685156883333027,0.685156883333027,0.6884000000000013,24000,0.6860612090938805,6000,6000,0.4976099892532756,6000,0.4976099892532756,0.63902989967099,0.36097010032901,0.064,0.0,3.100720167160034
True,24000,0,0,0,0,24000,0,0,6000,6000,0,0,0,6000,0,0.0,0.0,0.0,4c52203c9e54a73250b1ecde019d091da96295e9840f323625e0f97196c11cbd,750,6,1000,808,assigned_level_sensitivity,dynamic,periodic,0.0,False,True,,True,1.0,25.0,0.0,0.0,0.0,0,6000,0,0.0,0,0.0,59.830025410085725,0.8205199999998948,0,0,0,5072,18928,24000,5164,0.21516666666666667,5070,0.9817970565453137,-0.37811160412962597,0.0,0.0,0.6851454666663611,0.6851454666663611,0.6884000000000013,24000,0.6860783749885565,6000,6000,0.49891499235656406,6000,0.49891499235656406,0.6397231597526255,0.3602768402473745,0.06333333333333334,0.0,2.9790408611297607
True,24000,0,0,0,0,24000,0,0,6000,6000,0,0,0,6000,0,0.0,0.0,0.0,5b34ac3e3c935bcde89a557e35faec54ebbaee3215e881d834aef2704505ea4f,750,6,1000,909,assigned_level_sensitivity,dynamic,periodic,0.0,False,True,,True,1.0,25.0,0.0,0.0,0.0,0,6000,0,0.0,0,0.0,59.98746115759767,0.8205733333332307,0,0,0,5068,18932,24000,5160,0.215,5063,0.9812015503875969,-0.38191072808399384,0.0,0.0,0.685148033333028,0.685148033333028,0.6884000000000013,24000,0.6860555581959478,6000,6000,0.4989421289792357,6000,0.4989421289792357,0.6395241277285542,0.36047587227144584,0.062,0.0,2.964916229248047
True,24000,0,0,0,0,24000,0,0,6000,6000,0,0,0,6000,0,0.0,0.0,0.0,9f867c13fbacf3259755d814661805b3d101f0606f92961926f0aa57dd766e36,750,6,1000,1010,assigned_level_sensitivity,dynamic,periodic,0.0,False,True,,True,1.0,25.0,0.0,0.0,0.0,0,6000,0,0.0,0,0.0,59.61216738117086,0.8208266666665638,0,0,0,5048,18952,24000,5132,0.21383333333333332,5046,0.9832424006235386,-0.38705997055809693,0.0,0.0,0.6851608666663606,0.6851608666663606,0.6884000000000013,24000,0.6860843408901429,6000,6000,0.49755891806780894,6000,0.49755891806780894,0.6401420227022345,0.3598579772977655,0.06133333333333333,0.0,3.026240110397339
True,32000,0,0,0,0,32000,0,0,8000,8000,0,0,0,8000,0,0.0,0.0,0.0,aaabbf64bb5a67911422c9ac26864c12bdc3d473c4e26d09934c03c2de08e543,750,8,1000,101,assigned_level_sensitivity,dynamic,periodic,0.0,False,True,,True,1.0,25.0,0.0,0.0,0.0,0,8000,0,0.0,0,0.0,59.90976282169687,0.8188500000000418,0,0,0,6984,25016,32000,7000,0.21875,6981,0.9972857142857143,-0.3517907848576562,0.0,0.0,0.6850389499995353,0.6850389499995353,0.6884000000000013,32000,0.6860268084141063,8000,8000,0.49837398838029673,8000,0.49837398838029673,0.6416171923444767,0.3583828076555233,0.061,0.0,4.266296148300171
True,32000,0,0,0,0,32000,0,0,8000,8000,0,0,0,8000,0,0.0,0.0,0.0,ccc6b9249845e0c37527cd7f55700cdf777d4a27e9f20114a03ae93070dd4f09,750,8,1000,202,assigned_level_sensitivity,dynamic,periodic,0.0,False,True,,True,1.0,25.0,0.0,0.0,0.0,0,8000,0,0.0,0,0.0,59.992269102185034,0.8195500000000434,0,0,0,6920,25080,32000,6912,0.216,6900,0.9982638888888888,-0.3562566225746104,0.0,0.0,0.6850697499995343,0.6850697499995343,0.6884000000000013,32000,0.6860262384906817,8000,8000,0.49691557290335786,8000,0.49691557290335786,0.6393702515757641,0.3606297484242359,0.061,0.0,4.324537992477417
True,32000,0,0,0,0,32000,0,0,8000,8000,0,0,0,8000,0,0.0,0.0,0.0,fa9104ce37d0bed494e8e68c544517eb6804845b3942c9a76815008d2e839fbe,750,8,1000,303,assigned_level_sensitivity,dynamic,periodic,0.0,False,True,,True,1.0,25.0,0.0,0.0,0.0,0,8000,0,0.0,0,0.0,59.99896974195502,0.8210575000000464,16,8,0,6744,25232,32000,6720,0.21,6716,0.9994047619047619,-0.34723165629635594,0.0,0.0,0.6850822249995321,0.6850822249995321,0.6884000000000013,32000,0.6860502875855629,8000,8000,0.49715871503357023,8000,0.49715871503357023,0.6399224665310095,0.3600775334689905,0.063,0.0,4.372813701629639
True,32000,0,0,0,0,32000,0,0,8000,8000,0,0,0,8000,0,0.0,0.0,0.0,99d5e8e815bdb3fbf83d5c6c396113c800c58dd835f25789869ab526d6252de9,750,8,1000,404,assigned_level_sensitivity,dynamic,periodic,0.0,False,True,,True,1.0,25.0,0.0,0.0,0.0,0,8000,0,0.0,0,0.0,59.99152266083931,0.8213325000000463,0,9,7,6696,25288,32000,6704,0.2095,6678,0.9961217183770883,-0.3503546840014936,0.0,0.0,0.685148143749531,0.685148143749531,0.6884000000000013,32000,0.6860730386976015,8000,8000,0.49955576976032234,8000,0.49955576976032234,0.6399301785411222,0.3600698214588778,0.06,0.0,4.276054382324219
True,32000,0,0,0,0,32000,0,0,8000,8000,0,0,0,8000,0,0.0,0.0,0.0,4588989295f413c400eb038088125b0d970565a49c44e328a746779cb3728b26,750,8,1000,505,assigned_level_sensitivity,dynamic,periodic,0.0,False,True,,True,1.0,25.0,0.0,0.0,0.0,0,8000,0,0.0,0,0.0,59.975962687021195,0.819710000000044,8,0,0,6904,25088,32000,6888,0.21525,6885,0.9995644599303136,-0.34837161628523533,0.0,0.0,0.6850500999995343,0.6850500999995343,0.6884000000000013,32000,0.6860146299518705,8000,8000,0.4994746385842429,8000,0.4994746385842429,0.6410778771042094,0.3589221228957906,0.06,0.0,4.298797607421875
True,32000,0,0,0,0,32000,0,0,8000,8000,0,0,0,8000,0,0.0,0.0,0.0,7e1e83024ea6707492cc0cad7118863b8719120b04048e0fd2fb6fee034b85d1,750,8,1000,606,assigned_level_sensitivity,dynamic,periodic,0.0,False,True,,True,1.0,25.0,0.0,0.0,0.0,0,8000,0,0.0,0,0.0,59.995478042751266,0.820510000000045,8,16,8,6792,25176,32000,6784,0.212,6772,0.9982311320754716,-0.35123744710887117,0.0,0.0,0.6850578749995329,0.6850578749995329,0.6884000000000013,32000,0.6859965854203052,8000,8000,0.4973458526611822,8000,0.4973458526611822,0.6385842344381836,0.3614157655618164,0.06,0.0,4.31485390663147
True,32000,0,0,0,0,32000,0,0,8000,8000,0,0,0,8000,0,0.0,0.0,0.0,e76c763ac54dbd90337334399c4cb6ce71151db8139bf84da5628482de3caef7,750,8,1000,707,assigned_level_sensitivity,dynamic,periodic,0.0,False,True,,True,1.0,25.0,0.0,0.0,0.0,0,8000,0,0.0,0,0.0,59.98830587043632,0.8206625000000463,8,8,0,6791,25193,32000,6776,0.21175,6771,0.9992621015348289,-0.3487168039950725,0.0,0.0,0.6850869562495328,0.6850869562495328,0.6884000000000013,32000,0.6860362073349877,8000,8000,0.49903285005011144,8000,0.49903285005011144,0.6414542767748009,0.35854572322519906,0.059,0.0,4.207279205322266
True,32000,0,0,0,0,32000,0,0,8000,8000,0,0,0,8000,0,0.0,0.0,0.0,0772d1f8fc9f966e4e94191b3aa8b928ad6bfc7e1801f816c71cb45d696c0cd2,750,8,1000,808,assigned_level_sensitivity,dynamic,periodic,0.0,False,True,,True,1.0,25.0,0.0,0.0,0.0,0,8000,0,0.0,0,0.0,59.99925708997925,0.8218525000000482,0,8,0,6664,25328,32000,6632,0.20725,6622,0.9984921592279855,-0.3538506662945128,0.0,0.0,0.6851754249995307,0.6851754249995307,0.6884000000000013,32000,0.6861057060475189,8000,8000,0.4968445237168338,8000,0.4968445237168338,0.6381636130609738,0.3618363869390262,0.062,0.0,4.2551867961883545
True,32000,0,0,0,0,32000,0,0,8000,8000,0,0,0,8000,0,0.0,0.0,0.0,983b9f3b193194087d652a9c34e48e04b604e5fa861df79d152f1f088392db9e,750,8,1000,909,assigned_level_sensitivity,dynamic,periodic,0.0,False,True,,True,1.0,25.0,0.0,0.0,0.0,0,8000,0,0.0,0,0.0,59.99496278824584,0.8217525000000483,8,0,32,6664,25296,32000,6656,0.208,6635,0.9968449519230769,-0.35363719882704703,0.0,0.0,0.6851212999995315,0.6851212999995315,0.6884000000000013,32000,0.686066221081292,8000,8000,0.49516764110475203,8000,0.49516764110475203,0.6390373729882936,0.36096262701170645,0.062,0.0,4.252169370651245
True,32000,0,0,0,0,32000,0,0,8000,8000,0,0,0,8000,0,0.0,0.0,0.0,4353217b20bf1fb3c1b81e0687963bca5950f5073a6b2b8cfed0dc39870a197c,750,8,1000,1010,assigned_level_sensitivity,dynamic,periodic,0.0,False,True,,True,1.0,25.0,0.0,0.0,0.0,0,8000,0,0.0,0,0.0,59.99317026995227,0.8208725000000463,16,8,0,6768,25208,32000,6752,0.211,6748,0.9994075829383886,-0.3437606296328235,0.0,0.0,0.6850706749995324,0.6850706749995324,0.6884000000000013,32000,0.6860045461471719,8000,8000,0.4985319693951484,8000,0.4985319693951484,0.6401440696218637,0.35985593037813635,0.061,0.0,4.2661073207855225
True,40000,0,0,0,0,40000,0,0,10000,10000,0,0,0,10000,0,0.0,0.0,0.0,d5a0dcae89a5420d8212068bb711476587f7ed86ab0bfdbc6177a484d0e8c06b,750,10,1000,101,assigned_level_sensitivity,dynamic,periodic,0.0,False,True,,True,1.0,25.0,0.0,0.0,0.0,0,10000,0,0.0,0,0.0,59.99899159099874,0.8184997500001204,78,40,59,8762,31061,40000,8660,0.2165,8657,0.9996535796766743,-0.3716363089749858,0.0,0.0,0.6846778574994411,0.6846778574994411,0.6884000000000013,40000,0.6856905689910813,10000,10000,0.49726895633693957,10000,0.49726895633693957,0.6391543894762723,0.36084561052372766,0.062,0.0,5.94873833656311
True,40000,0,0,0,0,40000,0,0,10000,10000,0,0,0,10000,0,0.0,0.0,0.0,d420eab19fa032fa6554e958731a9cfe2ccaff0d3c8b7ccf0c1954812b70e159,750,10,1000,202,assigned_level_sensitivity,dynamic,periodic,0.0,False,True,,True,1.0,25.0,0.0,0.0,0.0,0,10000,0,0.0,0,0.0,59.99796761312942,0.8186242500001214,80,39,40,8840,31001,40000,8680,0.217,8637,0.9950460829493087,-0.3653993508135755,0.0,0.0,0.6846651524994413,0.6846651524994413,0.6884000000000013,40000,0.6856744161547383,10000,10000,0.4952867549140564,10000,0.4952867549140564,0.6390744565778697,0.36092554342213035,0.06,0.0,6.609297275543213
True,40000,0,0,0,0,40000,0,0,10000,10000,0,0,0,10000,0,0.0,0.0,0.0,4fa73f83efb0b30e441d2058e80879f5ae8046cd50657c2997f903af7d406502,750,10,1000,303,assigned_level_sensitivity,dynamic,periodic,0.0,False,True,,True,1.0,25.0,0.0,0.0,0.0,0,10000,0,0.0,0,0.0,59.99669937802671,0.818263250000123,59,21,57,8940,30923,40000,8780,0.2195,8736,0.99498861047836,-0.36510210030773926,0.0,0.0,0.684696804999442,0.684696804999442,0.6884000000000013,40000,0.6857072908549031,10000,10000,0.49894582715983526,10000,0.49894582715983526,0.640919004544244,0.359080995455756,0.062,0.0,5.995727062225342
True,40000,0,0,0,0,40000,0,0,10000,10000,0,0,0,10000,0,0.0,0.0,0.0,acf8d3c54ffc0201e365efa1dab85427555f694c26f75454f107aa91ba8e2bda,750,10,1000,404,assigned_level_sensitivity,dynamic,periodic,0.0,False,True,,True,1.0,25.0,0.0,0.0,0.0,0,10000,0,0.0,0,0.0,59.99872925611342,0.8222942500001196,101,99,78,8220,31502,40000,8080,0.202,8018,0.9923267326732673,-0.37021187477192086,0.0,0.0,0.6846991824994376,0.6846991824994376,0.6884000000000013,40000,0.6856164443608682,10000,10000,0.49693802490467215,10000,0.49693802490467215,0.6386919614828523,0.36130803851714766,0.0619,0.0,5.963824987411499
True,40000,0,0,0,0,40000,0,0,10000,10000,0,0,0,10000,0,0.0,0.0,0.0,a6977f57b44dcaf129dc8cb8da2775f7fb8a45cce309a8a15334e0d8cab9bcad,750,10,1000,505,assigned_level_sensitivity,dynamic,periodic,0.0,False,True,,True,1.0,25.0,0.0,0.0,0.0,0,10000,0,0.0,0,0.0,59.999897725307754,0.817645750000112,197,41,19,9078,30665,40000,8700,0.2175,8698,0.9997701149425288,-0.3622244274228627,0.0,0.0,0.6842732799994465,0.6842732799994465,0.6884000000000013,40000,0.685339766908787,10000,10000,0.498218954022858,10000,0.498218954022858,0.6425367071074792,0.35746329289252077,0.062,0.0,5.963464736938477
True,40000,0,0,0,0,40000,0,0,10000,10000,0,0,0,10000,0,0.0,0.0,0.0,85a33772ee292f10e8aef7fd5cee174f3e1376deb8ac3fb9b6760f9848146b7c,750,10,1000,606,assigned_level_sensitivity,dynamic,periodic,0.0,False,True,,True,1.0,25.0,0.0,0.0,0.0,0,10000,0,0.0,0,0.0,59.99902462076774,0.818130250000117,101,117,60,8941,30781,40000,8740,0.2185,8677,0.99279176201373,-0.3628067490906616,0.0,0.0,0.6844099874994433,0.6844099874994433,0.6884000000000013,40000,0.6854666561213502,10000,10000,0.4972093088434181,10000,0.4972093088434181,0.6414449914528054,0.3585550085471946,0.0621,0.0,5.952030658721924
True,40000,0,0,0,0,40000,0,0,10000,10000,0,0,0,10000,0,0.0,0.0,0.0,7c1a19d9a1c3467d0687905c7ed2c445885dc020c9623304e3f2d9778bdd4a83,750,10,1000,707,assigned_level_sensitivity,dynamic,periodic,0.0,False,True,,True,1.0,25.0,0.0,0.0,0.0,0,10000,0,0.0,0,0.0,59.99833382219312,0.822637750000114,181,177,1,8215,31426,40000,7880,0.197,7877,0.9996192893401015,-0.3686959044444032,0.0,0.0,0.684430889999438,0.684430889999438,0.6884000000000013,40000,0.6854866713067198,10000,10000,0.49678133168381217,10000,0.49678133168381217,0.6401444858746472,0.35985551412535277,0.062,0.0,6.078336477279663
True,40000,0,0,0,0,40000,0,0,10000,10000,0,0,0,10000,0,0.0,0.0,0.0,7c63d45d9ec5aab26bcbcab1b90489c75c8801d40cc0618700b789908e2cf09f,750,10,1000,808,assigned_level_sensitivity,dynamic,periodic,0.0,False,True,,True,1.0,25.0,0.0,0.0,0.0,0,10000,0,0.0,0,0.0,59.99995804708854,0.8187530000001227,1,38,19,8880,31062,40000,8660,0.2165,8637,0.9973441108545035,-0.3708793717916044,0.0,0.0,0.6848908274994385,0.6848908274994385,0.6884000000000013,40000,0.68589261825244,10000,10000,0.497042360694293,10000,0.497042360694293,0.637035782325676,0.36296421767432396,0.064,0.0,5.9329094886779785
True,40000,0,0,0,0,40000,0,0,10000,10000,0,0,0,10000,0,0.0,0.0,0.0,eef449dd20942c378220d3adc9ae3b30fc789520b6b67ed578877c5612b469b0,750,10,1000,909,assigned_level_sensitivity,dynamic,periodic,0.0,False,True,,True,1.0,25.0,0.0,0.0,0.0,0,10000,0,0.0,0,0.0,59.999844086329745,0.8191257500001203,138,39,21,8798,31004,40000,8540,0.2135,8518,0.997423887587822,-0.37577453685613976,0.0,0.0,0.684543734999442,0.684543734999442,0.6884000000000013,40000,0.6855614645191451,10000,10000,0.4942210525110935,10000,0.4942210525110935,0.6374695300901719,0.36253046990982807,0.064,0.0,6.003475904464722
True,40000,0,0,0,0,40000,0,0,10000,10000,0,0,0,10000,0,0.0,0.0,0.0,04934f877793a2796930a2bda98f59e881d2801d5332d809293e526026756d4f,750,10,1000,1010,assigned_level_sensitivity,dynamic,periodic,0.0,False,True,,True,1.0,25.0,0.0,0.0,0.0,0,10000,0,0.0,0,0.0,59.99994819811936,0.8198330000001208,60,60,60,8577,31243,40000,8440,0.211,8414,0.9969194312796209,-0.373457294905213,0.0,0.0,0.6847621549994389,0.6847621549994389,0.6884000000000013,40000,0.6857337790727579,10000,10000,0.49426980441477547,10000,0.49426980441477547,0.6378902503789343,0.3621097496210657,0.062,0.0,5.958831071853638
True,16000,0,0,0,0,16000,0,0,4000,4000,0,0,0,4000,0,0.0,0.0,0.0,5f94118a7d3e90192598c144eb4882652a3061a1912ed5a940883915afa1a0af,1000,4,1000,101,assigned_level_sensitivity,dynamic,periodic,0.0,False,True,,True,1.0,25.0,0.0,0.0,0.0,0,4000,0,0.0,0,0.0,42.94369300345096,0.8204999999998587,0,0,0,3400,12600,16000,3400,0.2125,3397,0.9991176470588236,-0.10517766564706385,0.0,0.0,0.68512749999983,0.68512749999983,0.6884000000000013,16000,0.6861003478960939,4000,4000,0.499399062347811,4000,0.499399062347811,0.6407830794644698,0.3592169205355302,0.06,0.0,1.622192621231079
True,16000,0,0,0,0,16000,0,0,4000,4000,0,0,0,4000,0,0.0,0.0,0.0,5f60743f4251cc1f57f4eed09143bff61175f797b109b1f7a6707e9bdbab9e8c,1000,4,1000,202,assigned_level_sensitivity,dynamic,periodic,0.0,False,True,,True,1.0,25.0,0.0,0.0,0.0,0,4000,0,0.0,0,0.0,42.71838257855057,0.8217599999998557,0,0,0,3328,12672,16000,3328,0.208,3324,0.9987980769230769,-0.10573966062421339,0.0,0.0,0.6851967999998287,0.6851967999998287,0.6884000000000013,16000,0.686131549188582,4000,4000,0.4963300189117556,4000,0.4963300189117556,0.6384296439241807,0.36157035607581933,0.06,0.0,1.6214840412139893
True,16000,0,0,0,0,16000,0,0,4000,4000,0,0,0,4000,0,0.0,0.0,0.0,93d78bf2192fb5f1a1477dec0382df9346d3e26750a92867a9a5c128cded5745,1000,4,1000,303,assigned_level_sensitivity,dynamic,periodic,0.0,False,True,,True,1.0,25.0,0.0,0.0,0.0,0,4000,0,0.0,0,0.0,42.94615505565181,0.823019999999853,0,0,0,3256,12744,16000,3256,0.2035,3254,0.9993857493857494,-0.10595586771794388,0.0,0.0,0.6852660999998275,0.6852660999998275,0.6884000000000013,16000,0.6861933826664224,4000,4000,0.4985764209585688,4000,0.4985764209585688,0.6403184424463761,0.35968155755362385,0.064,0.0,1.6495590209960938
True,16000,0,0,0,0,16000,0,0,4000,4000,0,0,0,4000,0,0.0,0.0,0.0,1e22bb3d1f755a25ecb70d0ab714e74d2154df0e7ff1438885da29f1f2f52a47,1000,4,1000,404,assigned_level_sensitivity,dynamic,periodic,0.0,False,True,,True,1.0,25.0,0.0,0.0,0.0,0,4000,0,0.0,0,0.0,43.07152662422324,0.8214799999998563,0,0,0,3344,12656,16000,3344,0.209,3338,0.9982057416267942,-0.10521140342771566,0.0,0.0,0.6851813999998293,0.6851813999998293,0.6884000000000013,16000,0.6861007404441061,4000,4000,0.49955747277589346,4000,0.49955747277589346,0.6393427624067851,0.3606572375932149,0.06,0.0,1.7934613227844238
True,16000,0,0,0,0,16000,0,0,4000,4000,0,0,0,4000,0,0.0,0.0,0.0,2850d7cfa9dd669a11d9a18ab095b1b73306276dffe22806240405b6a99f1dbc,1000,4,1000,505,assigned_level_sensitivity,dynamic,periodic,0.0,False,True,,True,1.0,25.0,0.0,0.0,0.0,0,4000,0,0.0,0,0.0,42.77892715937038,0.8185399999998629,0,0,0,3512,12488,16000,3512,0.2195,3509,0.9991457858769932,-0.10371047863746577,0.0,0.0,0.6850196999998321,0.6850196999998321,0.6884000000000013,16000,0.6859996876792448,4000,4000,0.49913655945023877,4000,0.49913655945023877,0.6406420480757953,0.3593579519242047,0.058,0.0,1.6928656101226807
True,16000,0,0,0,0,16000,0,0,4000,4000,0,0,0,4000,0,0.0,0.0,0.0,821818fc4a76ed845c5d6e95d143beec70dbb2f046705cf5fe53fa808c30e1e5,1000,4,1000,606,assigned_level_sensitivity,dynamic,periodic,0.0,False,True,,True,1.0,25.0,0.0,0.0,0.0,0,4000,0,0.0,0,0.0,43.22400306183029,0.8216199999998564,0,0,0,3336,12664,16000,3336,0.2085,3332,0.9988009592326139,-0.10446168730157962,0.0,0.0,0.685189099999829,0.685189099999829,0.6884000000000013,16000,0.6861358099090553,4000,4000,0.4978299968275816,4000,0.4978299968275816,0.6389425003241413,0.36105749967585865,0.06,0.0,1.7612507343292236
True,16000,0,0,0,0,16000,0,0,4000,4000,0,0,0,4000,0,0.0,0.0,0.0,f6928467f99c60a3dffbcf03d262bf5e3188089123a36f34b70efbac5c05e1bf,1000,4,1000,707,assigned_level_sensitivity,dynamic,periodic,0.0,False,True,,True,1.0,25.0,0.0,0.0,0.0,0,4000,0,0.0,0,0.0,42.9077992421252,0.8204999999998585,0,0,0,3400,12600,16000,3400,0.2125,3396,0.9988235294117647,-0.10484542346281603,0.0,0.0,0.6851274999998302,0.6851274999998302,0.6884000000000013,16000,0.6860950303358506,4000,4000,0.49800332928542523,4000,0.49800332928542523,0.6396050428736246,0.36039495712637537,0.06,0.0,1.7081952095031738
True,16000,0,0,0,0,16000,0,0,4000,4000,0,0,0,4000,0,0.0,0.0,0.0,1a5164a8f978961edaf3c5d9607966de96fd9134937605fcbe2119e01174bc65,1000,4,1000,808,assigned_level_sensitivity,dynamic,periodic,0.0,False,True,,True,1.0,25.0,0.0,0.0,0.0,0,4000,0,0.0,0,0.0,43.073675646886926,0.8218999999998553,0,0,0,3320,12680,16000,3320,0.2075,3316,0.9987951807228915,-0.10547508507765317,0.0,0.0,0.6852044999998288,0.6852044999998288,0.6884000000000013,16000,0.6861560428228295,4000,4000,0.49863325275870507,4000,0.49863325275870507,0.6391024073340938,0.36089759266590615,0.06,0.0,1.6816160678863525
True,16000,0,0,0,0,16000,0,0,4000,4000,0,0,0,4000,0,0.0,0.0,0.0,2590073cdb4ae245d599e4559899ca065f4b0c004255bf6487c5839fc39ff574,1000,4,1000,909,assigned_level_sensitivity,dynamic,periodic,0.0,False,True,,True,1.0,25.0,0.0,0.0,0.0,0,4000,0,0.0,0,0.0,43.11621531901375,0.8230199999998529,0,0,0,3256,12744,16000,3256,0.2035,3252,0.9987714987714987,-0.10565028370605521,0.0,0.0,0.6852660999998272,0.6852660999998272,0.6884000000000013,16000,0.6862124546002664,4000,4000,0.4970348585774678,4000,0.4970348585774678,0.6373276868025035,0.3626723131974965,0.06,0.0,1.8673675060272217
True,16000,0,0,0,0,16000,0,0,4000,4000,0,0,0,4000,0,0.0,0.0,0.0,e35a562238ec3870a9a013c614963bf8ca648d69a0c80181e91b018cfc024ad7,1000,4,1000,1010,assigned_level_sensitivity,dynamic,periodic,0.0,False,True,,True,1.0,25.0,0.0,0.0,0.0,0,4000,0,0.0,0,0.0,42.88945217785178,0.8206399999998585,0,0,0,3392,12608,16000,3392,0.212,3390,0.9994103773584906,-0.10501554181551427,0.0,0.0,0.6851351999998301,0.6851351999998301,0.6884000000000013,16000,0.6860955685020623,4000,4000,0.5002913232100228,4000,0.5002913232100228,0.6409807377169779,0.35901926228302206,0.06,0.0,1.7410802841186523
True,24000,0,0,0,0,24000,0,0,6000,6000,0,0,0,6000,0,0.0,0.0,0.0,df7bc9e9dfff60af02e6943e923e62f0f9bf8709cc064f383faeee134513c470,1000,6,1000,101,assigned_level_sensitivity,dynamic,periodic,0.0,False,True,,True,1.0,25.0,0.0,0.0,0.0,0,6000,0,0.0,0,0.0,50.2015834275804,0.8189333333332309,0,0,0,5224,18776,24000,5260,0.21916666666666668,5219,0.9922053231939163,-0.22476437580967137,0.0,0.0,0.6850479333330327,0.6850479333330327,0.6884000000000013,24000,0.6859908876122635,6000,6000,0.4982974258208483,6000,0.4982974258208483,0.6418038466867638,0.3581961533132362,0.06133333333333333,0.0,2.871866226196289
True,24000,0,0,0,0,24000,0,0,6000,6000,0,0,0,6000,0,0.0,0.0,0.0,3736254c386243245c7ea836644f1946e24824c7abc86c8860c1c363672a151c,1000,6,1000,202,assigned_level_sensitivity,dynamic,periodic,0.0,False,True,,True,1.0,25.0,0.0,0.0,0.0,0,6000,0,0.0,0,0.0,51.2163230515799,0.8205199999998957,0,0,0,5088,18912,24000,5124,0.2135,5084,0.9921935987509758,-0.22501044022262778,0.0,0.0,0.6851351999996949,0.6851351999996949,0.6884000000000013,24000,0.6860761558053043,6000,6000,0.49728407819241016,6000,0.49728407819241016,0.6398444088307904,0.3601555911692096,0.059333333333333335,0.0,3.0241410732269287
True,24000,0,0,0,0,24000,0,0,6000,6000,0,0,0,6000,0,0.0,0.0,0.0,9c4b50958727dc7c2d179fbe104c63fad4ab75dd91649f34eca4fbb19c432337,1000,6,1000,303,assigned_level_sensitivity,dynamic,periodic,0.0,False,True,,True,1.0,25.0,0.0,0.0,0.0,0,6000,0,0.0,0,0.0,50.67820705392241,0.8207333333332292,0,0,0,5072,18928,24000,5100,0.2125,5068,0.9937254901960785,-0.22954735041442018,0.0,0.0,0.6851454666663611,0.6851454666663611,0.6884000000000013,24000,0.6860825236429817,6000,6000,0.4985269047614257,6000,0.4985269047614257,0.6406930699516512,0.3593069300483488,0.06333333333333334,0.0,2.7903263568878174
True,24000,0,0,0,0,24000,0,0,6000,6000,0,0,0,6000,0,0.0,0.0,0.0,478471266194d94a3b137038f0ef600d53e0302e1322af8a2948fb5f8c98afdf,1000,6,1000,404,assigned_level_sensitivity,dynamic,periodic,0.0,False,True,,True,1.0,25.0,0.0,0.0,0.0,0,6000,0,0.0,0,0.0,51.21302356204289,0.8201933333332301,0,0,0,5116,18884,24000,5152,0.21466666666666667,5113,0.9924301242236024,-0.2276434403154811,0.0,0.0,0.6851172333330292,0.6851172333330292,0.6884000000000013,24000,0.686042394532119,6000,6000,0.4994169287585886,6000,0.4994169287585886,0.6399206531525461,0.3600793468474539,0.06133333333333333,0.0,2.841094970703125
True,24000,0,0,0,0,24000,0,0,6000,6000,0,0,0,6000,0,0.0,0.0,0.0,d945735a8e094ae77772f96fe90671759b77955778bc773e6c93a82f80d508ec,1000,6,1000,505,assigned_level_sensitivity,dynamic,periodic,0.0,False,True,,True,1.0,25.0,0.0,0.0,0.0,0,6000,0,0.0,0,0.0,50.92368361119986,0.8197266666665617,0,0,0,5164,18836,24000,5172,0.2155,5160,0.9976798143851509,-0.22913323346285758,0.0,0.0,0.6850864333330307,0.6850864333330307,0.6884000000000013,24000,0.6860315722472824,6000,6000,0.49642992802895614,6000,0.49642992802895614,0.6387347311129283,0.36126526888707167,0.06066666666666667,0.0,2.8516976833343506
True,24000,0,0,0,0,24000,0,0,6000,6000,0,0,0,6000,0,0.0,0.0,0.0,ce1e0562db8730d80a057cacabcd1a1125934972a2266603482076751c65ec7a,1000,6,1000,606,assigned_level_sensitivity,dynamic,periodic,0.0,False,True,,True,1.0,25.0,0.0,0.0,0.0,0,6000,0,0.0,0,0.0,50.23017941291009,0.8224599999998983,0,0,0,4924,19076,24000,4952,0.20633333333333334,4920,0.9935379644588045,-0.23014022705202697,0.0,0.0,0.6852404333330234,0.6852404333330234,0.6884000000000013,24000,0.6861504407260566,6000,6000,0.49703257194348205,6000,0.49703257194348205,0.6380756504677844,0.36192434953221564,0.06133333333333333,0.0,2.8427746295928955
True,24000,0,0,0,0,24000,0,0,6000,6000,0,0,0,6000,0,0.0,0.0,0.0,b7ece186a8ad3e897fdf1cf08a0f3356ce15b7fd2cf41b2298c249baf7814b0a,1000,6,1000,707,assigned_level_sensitivity,dynamic,periodic,0.0,False,True,,True,1.0,25.0,0.0,0.0,0.0,0,6000,0,0.0,0,0.0,51.19339535672873,0.8211866666665628,0,0,0,5032,18968,24000,5064,0.211,5028,0.9928909952606635,-0.23045713176691582,0.0,0.0,0.6851711333330268,0.6851711333330268,0.6884000000000013,24000,0.6860797601581402,6000,6000,0.4983178480624321,6000,0.4983178480624321,0.6405584128630298,0.35944158713697016,0.06466666666666666,0.0,2.863633155822754
True,24000,0,0,0,0,24000,0,0,6000,6000,0,0,0,6000,0,0.0,0.0,0.0,4c52203c9e54a73250b1ecde019d091da96295e9840f323625e0f97196c11cbd,1000,6,1000,808,assigned_level_sensitivity,dynamic,periodic,0.0,False,True,,True,1.0,25.0,0.0,0.0,0.0,0,6000,0,0.0,0,0.0,50.17348300328011,0.820746666666563,0,0,0,5072,18928,24000,5096,0.21233333333333335,5065,0.993916797488226,-0.22545820779691755,0.0,0.0,0.6851454666663611,0.6851454666663611,0.6884000000000013,24000,0.686089910216861,6000,6000,0.4967913790693344,6000,0.4967913790693344,0.6387649815627492,0.3612350184372508,0.062,0.0,3.0723891258239746
True,24000,0,0,0,0,24000,0,0,6000,6000,0,0,0,6000,0,0.0,0.0,0.0,5b34ac3e3c935bcde89a557e35faec54ebbaee3215e881d834aef2704505ea4f,1000,6,1000,909,assigned_level_sensitivity,dynamic,periodic,0.0,False,True,,True,1.0,25.0,0.0,0.0,0.0,0,6000,0,0.0,0,0.0,51.26741413093809,0.8201399999998965,0,0,0,5124,18876,24000,5148,0.2145,5121,0.9947552447552448,-0.2309855423001115,0.0,0.0,0.685112099999696,0.685112099999696,0.6884000000000013,24000,0.6860590858434951,6000,6000,0.4972292313319373,6000,0.4972292313319373,0.6391434006775386,0.3608565993224614,0.06066666666666667,0.0,2.884124755859375
True,24000,0,0,0,0,24000,0,0,6000,6000,0,0,0,6000,0,0.0,0.0,0.0,9f867c13fbacf3259755d814661805b3d101f0606f92961926f0aa57dd766e36,1000,6,1000,1010,assigned_level_sensitivity,dynamic,periodic,0.0,False,True,,True,1.0,25.0,0.0,0.0,0.0,0,6000,0,0.0,0,0.0,51.278541575708886,0.8200333333332325,0,0,0,5132,18868,24000,5160,0.215,5130,0.9941860465116279,-0.23104852427329975,0.0,0.0,0.685106966666363,0.685106966666363,0.6884000000000013,24000,0.6860409555892969,6000,6000,0.49963995528552385,6000,0.49963995528552385,0.6423246709617909,0.3576753290382091,0.06066666666666667,0.0,3.058668613433838
True,32000,0,0,0,0,32000,0,0,8000,8000,0,0,0,8000,0,0.0,0.0,0.0,aaabbf64bb5a67911422c9ac26864c12bdc3d473c4e26d09934c03c2de08e543,1000,8,1000,101,assigned_level_sensitivity,dynamic,periodic,0.0,False,True,,True,1.0,25.0,0.0,0.0,0.0,0,8000,0,0.0,0,0.0,58.08369601761924,0.8194800000000433,0,0,0,6912,25088,32000,6928,0.2165,6908,0.9971131639722863,-0.3286068421489995,0.0,0.0,0.6850735999995342,0.6850735999995342,0.6884000000000013,32000,0.6860149770716237,8000,8000,0.4974992059137226,8000,0.4974992059137226,0.6408602304754571,0.35913976952454285,0.063,0.0,4.1903300285339355
True,32000,0,0,0,0,32000,0,0,8000,8000,0,0,0,8000,0,0.0,0.0,0.0,ccc6b9249845e0c37527cd7f55700cdf777d4a27e9f20114a03ae93070dd4f09,1000,8,1000,202,assigned_level_sensitivity,dynamic,periodic,0.0,False,True,,True,1.0,25.0,0.0,0.0,0.0,0,8000,0,0.0,0,0.0,58.19922834040365,0.8185200000000409,0,0,0,7024,24976,32000,7032,0.21975,7020,0.9982935153583617,-0.33463536308599906,0.0,0.0,0.6850196999995358,0.6850196999995358,0.6884000000000013,32000,0.6859803074416424,8000,8000,0.4969871941427752,8000,0.4969871941427752,0.6405724390706897,0.3594275609293103,0.061,0.0,4.222755193710327
True,32000,0,0,0,0,32000,0,0,8000,8000,0,0,0,8000,0,0.0,0.0,0.0,fa9104ce37d0bed494e8e68c544517eb6804845b3942c9a76815008d2e839fbe,1000,8,1000,303,assigned_level_sensitivity,dynamic,periodic,0.0,False,True,,True,1.0,25.0,0.0,0.0,0.0,0,8000,0,0.0,0,0.0,57.423288375879295,0.8200900000000447,0,0,0,6840,25160,32000,6864,0.2145,6838,0.9962121212121212,-0.33157226970656667,0.0,0.0,0.6851082499995331,0.6851082499995331,0.6884000000000013,32000,0.6860240348167314,8000,8000,0.4974799650988841,8000,0.4974799650988841,0.638814368650445,0.36118563134955495,0.063,0.0,4.4068193435668945
True,32000,0,0,0,0,32000,0,0,8000,8000,0,0,0,8000,0,0.0,0.0,0.0,99d5e8e815bdb3fbf83d5c6c396113c800c58dd835f25789869ab526d6252de9,1000,8,1000,404,assigned_level_sensitivity,dynamic,periodic,0.0,False,True,,True,1.0,25.0,0.0,0.0,0.0,0,8000,0,0.0,0,0.0,57.38082557171677,0.8187400000000412,0,0,0,6992,25008,32000,7024,0.2195,6988,0.994874715261959,-0.3306509976915249,0.0,0.0,0.6850350999995352,0.6850350999995352,0.6884000000000013,32000,0.6859884334314068,8000,8000,0.49870910499345844,8000,0.49870910499345844,0.6405753652041193,0.3594246347958807,0.061,0.0,4.202263355255127
True,32000,0,0,0,0,32000,0,0,8000,8000,0,0,0,8000,0,0.0,0.0,0.0,4588989295f413c400eb038088125b0d970565a49c44e328a746779cb3728b26,1000,8,1000,505,assigned_level_sensitivity,dynamic,periodic,0.0,False,True,,True,1.0,25.0,0.0,0.0,0.0,0,8000,0,0.0,0,0.0,57.1677675064198,0.8192000000000424,0,0,0,6944,25056,32000,6960,0.2175,6938,0.9968390804597701,-0.33520948409039425,0.0,0.0,0.6850581999995348,0.6850581999995348,0.6884000000000013,32000,0.6860039910128048,8000,8000,0.4961614913927356,8000,0.4961614913927356,0.6398119740841841,0.3601880259158159,0.06,0.0,4.23558497428894
True,32000,0,0,0,0,32000,0,0,8000,8000,0,0,0,8000,0,0.0,0.0,0.0,7e1e83024ea6707492cc0cad7118863b8719120b04048e0fd2fb6fee034b85d1,1000,8,1000,606,assigned_level_sensitivity,dynamic,periodic,0.0,False,True,,True,1.0,25.0,0.0,0.0,0.0,0,8000,0,0.0,0,0.0,58.75250774373009,0.8221400000000498,0,0,0,6608,25392,32000,6624,0.207,6605,0.9971316425120773,-0.3314285217161615,0.0,0.0,0.6852198999995294,0.6852198999995294,0.6884000000000013,32000,0.6861224815994422,8000,8000,0.49723156479746133,8000,0.49723156479746133,0.6392704333339845,0.3607295666660155,0.063,0.0,4.346982717514038
True,32000,0,0,0,0,32000,0,0,8000,8000,0,0,0,8000,0,0.0,0.0,0.0,e76c763ac54dbd90337334399c4cb6ce71151db8139bf84da5628482de3caef7,1000,8,1000,707,assigned_level_sensitivity,dynamic,periodic,0.0,False,True,,True,1.0,25.0,0.0,0.0,0.0,0,8000,0,0.0,0,0.0,56.89994028034171,0.820720000000046,0,0,0,6768,25232,32000,6792,0.21225,6765,0.9960247349823321,-0.33231943369152755,0.0,0.0,0.6851428999995319,0.6851428999995319,0.6884000000000013,32000,0.6860818920615718,8000,8000,0.49645684866315853,8000,0.49645684866315853,0.6395613981510628,0.36043860184893717,0.065,0.0,4.178207159042358
True,32000,0,0,0,0,32000,0,0,8000,8000,0,0,0,8000,0,0.0,0.0,0.0,0772d1f8fc9f966e4e94191b3aa8b928ad6bfc7e1801f816c71cb45d696c0cd2,1000,8,1000,808,assigned_level_sensitivity,dynamic,periodic,0.0,False,True,,True,1.0,25.0,0.0,0.0,0.0,0,8000,0,0.0,0,0.0,57.678377208810595,0.8213000000000475,0,0,0,6704,25296,32000,6720,0.21,6703,0.997470238095238,-0.33187086120251014,0.0,0.0,0.6851736999995309,0.6851736999995309,0.6884000000000013,32000,0.6861233462972903,8000,8000,0.49651705000763857,8000,0.49651705000763857,0.6395036173191161,0.3604963826808839,0.065,0.0,4.1693150997161865
True,32000,0,0,0,0,32000,0,0,8000,8000,0,0,0,8000,0,0.0,0.0,0.0,983b9f3b193194087d652a9c34e48e04b604e5fa861df79d152f1f088392db9e,1000,8,1000,909,assigned_level_sensitivity,dynamic,periodic,0.0,False,True,,True,1.0,25.0,0.0,0.0,0.0,0,8000,0,0.0,0,0.0,58.301358734681614,0.8210900000000471,0,0,0,6728,25272,32000,6744,0.21075,6726,0.9973309608540926,-0.33000871756916816,0.0,0.0,0.6851621499995313,0.6851621499995313,0.6884000000000013,32000,0.6860990662874155,8000,8000,0.49555427765063736,8000,0.49555427765063736,0.6391440738256046,0.36085592617439544,0.063,0.0,4.2533886432647705
True,32000,0,0,0,0,32000,0,0,8000,8000,0,0,0,8000,0,0.0,0.0,0.0,4353217b20bf1fb3c1b81e0687963bca5950f5073a6b2b8cfed0dc39870a197c,1000,8,1000,1010,assigned_level_sensitivity,dynamic,periodic,0.0,False,True,,True,1.0,25.0,0.0,0.0,0.0,0,8000,0,0.0,0,0.0,59.431488521520734,0.8198800000000439,0,0,0,6864,25136,32000,6888,0.21525,6858,0.9956445993031359,-0.3253187403532527,0.0,0.0,0.6850966999995334,0.6850966999995334,0.6884000000000013,32000,0.6860545968005386,8000,8000,0.49573853803605256,8000,0.49573853803605256,0.6408060351872903,0.3591939648127097,0.063,0.0,4.72384786605835
True,40000,0,0,0,0,40000,0,0,10000,10000,0,0,0,10000,0,0.0,0.0,0.0,d5a0dcae89a5420d8212068bb711476587f7ed86ab0bfdbc6177a484d0e8c06b,1000,10,1000,101,assigned_level_sensitivity,dynamic,periodic,0.0,False,True,,True,1.0,25.0,0.0,0.0,0.0,0,10000,0,0.0,0,0.0,59.99513206888665,0.8208100000001214,159,40,100,8560,31141,40000,8400,0.21,8275,0.9851190476190477,-0.3892926866951113,0.0,0.0,0.684488684999443,0.684488684999443,0.6884000000000013,40000,0.6855142830213676,10000,10000,0.4983909687049245,10000,0.4983909687049245,0.6382006760439765,0.36179932395602354,0.062,0.0,6.345571994781494
True,40000,0,0,0,0,40000,0,0,10000,10000,0,0,0,10000,0,0.0,0.0,0.0,d420eab19fa032fa6554e958731a9cfe2ccaff0d3c8b7ccf0c1954812b70e159,1000,10,1000,202,assigned_level_sensitivity,dynamic,periodic,0.0,False,True,,True,1.0,25.0,0.0,0.0,0.0,0,10000,0,0.0,0,0.0,59.99920483342402,0.8216010000001251,116,103,60,8497,31224,40000,8360,0.209,8239,0.9855263157894737,-0.40341342598111224,0.0,0.0,0.6845644374994401,0.6845644374994401,0.6884000000000013,40000,0.6855646729678015,10000,10000,0.49827298176711027,10000,0.49827298176711027,0.6396110064159802,0.36038899358401977,0.06,0.0,6.100186347961426
True,40000,0,0,0,0,40000,0,0,10000,10000,0,0,0,10000,0,0.0,0.0,0.0,4fa73f83efb0b30e441d2058e80879f5ae8046cd50657c2997f903af7d406502,1000,10,1000,303,assigned_level_sensitivity,dynamic,periodic,0.0,False,True,,True,1.0,25.0,0.0,0.0,0.0,0,10000,0,0.0,0,0.0,59.99657165390831,0.8202310000001253,39,21,40,8539,31361,40000,8520,0.213,8438,0.9903755868544601,-0.37957478013394796,0.0,0.0,0.6849247174994373,0.6849247174994373,0.6884000000000013,40000,0.6859274719708685,10000,10000,0.49818356648724776,10000,0.49818356648724776,0.6424114850819536,0.35758851491804644,0.062,0.0,5.933431625366211
True,40000,0,0,0,0,40000,0,0,10000,10000,0,0,0,10000,0,0.0,0.0,0.0,acf8d3c54ffc0201e365efa1dab85427555f694c26f75454f107aa91ba8e2bda,1000,10,1000,404,assigned_level_sensitivity,dynamic,periodic,0.0,False,True,,True,1.0,25.0,0.0,0.0,0.0,0,10000,0,0.0,0,0.0,59.99702435349543,0.8212067500001227,77,21,60,8499,31343,40000,8420,0.2105,8237,0.9782660332541567,-0.4061336335382928,0.0,0.0,0.6848140374994388,0.6848140374994388,0.6884000000000013,40000,0.6858210063838855,10000,10000,0.5003389488563372,10000,0.5003389488563372,0.6400086514637962,0.35999134853620385,0.062,0.0,5.879080295562744
True,40000,0,0,0,0,40000,0,0,10000,10000,0,0,0,10000,0,0.0,0.0,0.0,a6977f57b44dcaf129dc8cb8da2775f7fb8a45cce309a8a15334e0d8cab9bcad,1000,10,1000,505,assigned_level_sensitivity,dynamic,periodic,0.0,False,True,,True,1.0,25.0,0.0,0.0,0.0,0,10000,0,0.0,0,0.0,59.9981095617664,0.819843250000125,21,0,21,8737,31221,40000,8600,0.215,8478,0.9858139534883721,-0.38127653335818024,0.0,0.0,0.684955562499438,0.684955562499438,0.6884000000000013,40000,0.685917350399354,10000,10000,0.49546233242055215,10000,0.49546233242055215,0.6411369355437098,0.35886306445629024,0.06,0.0,5.839250326156616
True,40000,0,0,0,0,40000,0,0,10000,10000,0,0,0,10000,0,0.0,0.0,0.0,85a33772ee292f10e8aef7fd5cee174f3e1376deb8ac3fb9b6760f9848146b7c,1000,10,1000,606,assigned_level_sensitivity,dynamic,periodic,0.0,False,True,,True,1.0,25.0,0.0,0.0,0.0,0,10000,0,0.0,0,0.0,59.998926884547856,0.8216050000001247,60,38,20,8439,31443,40000,8320,0.208,8217,0.9876201923076923,-0.38811729350948027,0.0,0.0,0.6848981399994366,0.6848981399994366,0.6884000000000013,40000,0.6858940123473228,10000,10000,0.4957499277385226,10000,0.4957499277385226,0.6392156610617611,0.3607843389382389,0.058,0.0,6.403515815734863
True,40000,0,0,0,0,40000,0,0,10000,10000,0,0,0,10000,0,0.0,0.0,0.0,7c1a19d9a1c3467d0687905c7ed2c445885dc020c9623304e3f2d9778bdd4a83,1000,10,1000,707,assigned_level_sensitivity,dynamic,periodic,0.0,False,True,,True,1.0,25.0,0.0,0.0,0.0,0,10000,0,0.0,0,0.0,59.99835536381151,0.8210432500001219,79,41,60,8516,31304,40000,8360,0.209,8259,0.9879186602870813,-0.40416939539536106,0.0,0.0,0.6847669724994391,0.6847669724994391,0.6884000000000013,40000,0.6857799544071042,10000,10000,0.4951063049072336,10000,0.4951063049072336,0.6381271847604333,0.3618728152395667,0.064,0.0,6.8424437046051025
True,40000,0,0,0,0,40000,0,0,10000,10000,0,0,0,10000,0,0.0,0.0,0.0,7c63d45d9ec5aab26bcbcab1b90489c75c8801d40cc0618700b789908e2cf09f,1000,10,1000,808,assigned_level_sensitivity,dynamic,periodic,0.0,False,True,,True,1.0,25.0,0.0,0.0,0.0,0,10000,0,0.0,0,0.0,59.998942206792655,0.8189000000001198,19,21,40,8841,31079,40000,8720,0.218,8537,0.9790137614678899,-0.3882518400468747,0.0,0.0,0.6848631474994393,0.6848631474994393,0.6884000000000013,40000,0.6858633578614046,10000,10000,0.4968299449294872,10000,0.4968299449294872,0.6382605587464147,0.36173944125358526,0.06,0.0,5.910414695739746
True,40000,0,0,0,0,40000,0,0,10000,10000,0,0,0,10000,0,0.0,0.0,0.0,eef449dd20942c378220d3adc9ae3b30fc789520b6b67ed578877c5612b469b0,1000,10,1000,909,assigned_level_sensitivity,dynamic,periodic,0.0,False,True,,True,1.0,25.0,0.0,0.0,0.0,0,10000,0,0.0,0,0.0,59.9999921353145,0.8198892500001184,179,83,59,8699,30980,40000,8460,0.2115,8378,0.990307328605201,-0.39082717714299314,0.0,0.0,0.6843505199994437,0.6843505199994437,0.6884000000000013,40000,0.6855227494644622,10000,10000,0.49518881861154923,10000,0.49518881861154923,0.6385805870746835,0.36141941292531654,0.064,0.0,5.965234279632568
True,40000,0,0,0,0,40000,0,0,10000,10000,0,0,0,10000,0,0.0,0.0,0.0,04934f877793a2796930a2bda98f59e881d2801d5332d809293e526026756d4f,1000,10,1000,1010,assigned_level_sensitivity,dynamic,periodic,0.0,False,True,,True,1.0,25.0,0.0,0.0,0.0,0,10000,0,0.0,0,0.0,59.99881265331903,0.8186430000001191,60,0,121,8900,30919,40000,8780,0.2195,8596,0.9790432801822323,-0.3916646294849483,0.0,0.0,0.6846753924994433,0.6846753924994433,0.6884000000000013,40000,0.6856789981727572,10000,10000,0.49714848624908975,10000,0.49714848624908975,0.6406974962436277,0.3593025037563723,0.066,0.0,6.098823547363281
