cooling_enabled,total_regions,mandatory_infeasible,optional_skipped,dispatch_infeasible,expired_waiting,completed,deadline_misses,thermal_violations,period_ms,lines,epochs,seed,budget_mode,network_mode,release_mode,priority_overhead_ms,all_regions_mandatory,enable_productive_cooling,overrun_probability,overrun_min_extra,overrun_max_extra,forced_overrun_count,total_mandatory,mandatory_pre_execution_rejections,mandatory_rejection_ratio,admitted_mandatory_deadline_violations,admitted_mandatory_violation_ratio,peak_modeled_temperature,mean_voltage,completed_l1,completed_l2,completed_l3,completed_l4,completed_l5,historical_completed_only_dice,historical_coverage_adjusted_dice,historical_mandatory_effective_dice,on_time_completed_regions,historical_weighted_coverage_utility,images,defective_images,mean_complete_image_dice,completed_only_images,mean_completed_only_dice,pixel_defect_recall,pixel_missed_detection_rate,image_complete_miss_rate,optimism_gap,runtime_seconds,hardware_input_gpu0,hardware_input_gpu1,simulation_host
False,16000,1000,8000,0,0,7000,0,0,60,4,1000,101,assigned_level_sensitivity,dynamic,periodic,0.0,False,False,0.0,0.0,0.0,0,4000,1000,0.25,0,0.0,59.999737642771876,0.8141585714286701,3478,522,0,0,3000,0.6288163714286001,0.2751071625000126,0.516300000000001,7000,0.3290811107499417,4000,4000,0.17483990831012708,2376,0.3742014179404109,0.27775446830877976,0.7222455316912202,0.555,0.19936150963028382,1.6486191749572754,T4_measured_input,degraded_T4_simulation_input,T4_execution_environment
False,16000,1000,8000,0,0,7000,0,0,60,4,1000,202,assigned_level_sensitivity,dynamic,periodic,0.0,False,False,0.0,0.0,0.0,0,4000,1000,0.25,0,0.0,59.999737642771876,0.8141585714286701,3478,522,0,0,3000,0.6288163714286001,0.2751071625000126,0.516300000000001,7000,0.3296885998945286,4000,4000,0.17381506506666927,2424,0.38139141613280464,0.24149152521696454,0.7585084747830355,0.55,0.20757635106613537,1.6121468544006348,T4_measured_input,degraded_T4_simulation_input,T4_execution_environment
False,16000,1000,8000,0,0,7000,0,0,60,4,1000,303,assigned_level_sensitivity,dynamic,periodic,0.0,False,False,0.0,0.0,0.0,0,4000,1000,0.25,0,0.0,59.999737642771876,0.8141585714286701,3478,522,0,0,3000,0.6288163714286001,0.2751071625000126,0.516300000000001,7000,0.32955579425305576,4000,4000,0.17174430904380916,2328,0.3829929806286521,0.23845444599598206,0.7615455540040179,0.562,0.21124867158484295,1.6777544021606445,T4_measured_input,degraded_T4_simulation_input,T4_execution_environment
False,16000,1000,8000,0,0,7000,0,0,60,4,1000,404,assigned_level_sensitivity,dynamic,periodic,0.0,False,False,0.0,0.0,0.0,0,4000,1000,0.25,0,0.0,59.999737642771876,0.8141585714286701,3478,522,0,0,3000,0.6288163714286001,0.2751071625000126,0.516300000000001,7000,0.32903935458477246,4000,4000,0.1758375718205164,2460,0.3717250473822411,0.24339537684106338,0.7566046231589366,0.54775,0.1958874755617247,1.6312415599822998,T4_measured_input,degraded_T4_simulation_input,T4_execution_environment
False,16000,1000,8000,0,0,7000,0,0,60,4,1000,505,assigned_level_sensitivity,dynamic,periodic,0.0,False,False,0.0,0.0,0.0,0,4000,1000,0.25,0,0.0,59.999737642771876,0.8141585714286701,3478,522,0,0,3000,0.6288163714286001,0.2751071625000126,0.516300000000001,7000,0.32984507048779493,4000,4000,0.17762940908939054,2432,0.3819765530390318,0.26196304318206376,0.7380369568179362,0.545,0.20434714394964124,1.6212940216064453,T4_measured_input,degraded_T4_simulation_input,T4_execution_environment
False,16000,1000,8000,0,0,7000,0,0,60,4,1000,606,assigned_level_sensitivity,dynamic,periodic,0.0,False,False,0.0,0.0,0.0,0,4000,1000,0.25,0,0.0,59.999737642771876,0.8141585714286701,3478,522,0,0,3000,0.6288163714286001,0.2751071625000126,0.516300000000001,7000,0.32739540944345125,4000,4000,0.17106911906429573,2384,0.3666328534907528,0.24629117739449002,0.75370882260551,0.561,0.19556373442645708,1.6963562965393066,T4_measured_input,degraded_T4_simulation_input,T4_execution_environment
False,16000,1000,8000,0,0,7000,0,0,60,4,1000,707,assigned_level_sensitivity,dynamic,periodic,0.0,False,False,0.0,0.0,0.0,0,4000,1000,0.25,0,0.0,59.999737642771876,0.8141585714286701,3478,522,0,0,3000,0.6288163714286001,0.2751071625000126,0.516300000000001,7000,0.32762403985485833,4000,4000,0.17531253707900618,2472,0.3730581831761281,0.2542047404020969,0.7457952595979032,0.544,0.19774564609712192,1.6666643619537354,T4_measured_input,degraded_T4_simulation_input,T4_execution_environment
False,16000,1000,8000,0,0,7000,0,0,60,4,1000,808,assigned_level_sensitivity,dynamic,periodic,0.0,False,False,0.0,0.0,0.0,0,4000,1000,0.25,0,0.0,59.999737642771876,0.8141585714286701,3478,522,0,0,3000,0.6288163714286001,0.2751071625000126,0.516300000000001,7000,0.3283023280966469,4000,4000,0.17129767113946212,2360,0.3712993146897362,0.2554825231117146,0.7445174768882854,0.563,0.20000164355027408,1.628974199295044,T4_measured_input,degraded_T4_simulation_input,T4_execution_environment
False,16000,1000,8000,0,0,7000,0,0,60,4,1000,909,assigned_level_sensitivity,dynamic,periodic,0.0,False,False,0.0,0.0,0.0,0,4000,1000,0.25,0,0.0,59.999737642771876,0.8141585714286701,3478,522,0,0,3000,0.6288163714286001,0.2751071625000126,0.516300000000001,7000,0.3284085520330089,4000,4000,0.17451312754778694,2304,0.39003460551488184,0.254462147414316,0.745537852585684,0.556,0.2155214779670949,1.6310949325561523,T4_measured_input,degraded_T4_simulation_input,T4_execution_environment
False,16000,1000,8000,0,0,7000,0,0,60,4,1000,1010,assigned_level_sensitivity,dynamic,periodic,0.0,False,False,0.0,0.0,0.0,0,4000,1000,0.25,0,0.0,59.999737642771876,0.8141585714286701,3478,522,0,0,3000,0.6288163714286001,0.2751071625000126,0.516300000000001,7000,0.33052986987898825,4000,4000,0.17339351074538037,2392,0.37356087590288156,0.22723001452928282,0.7727699854707172,0.555,0.2001673651575012,1.6424708366394043,T4_measured_input,degraded_T4_simulation_input,T4_execution_environment
False,24000,3000,14000,0,0,7000,0,0,60,6,1000,101,assigned_level_sensitivity,dynamic,periodic,0.0,False,False,0.0,0.0,0.0,0,6000,3000,0.5,0,0.0,59.999737642771876,0.8141585714286701,3478,522,0,0,3000,0.6288163714286001,0.18340477500000837,0.34420000000000067,7000,0.22456536488737844,6000,6000,0.12157770305540841,2833,0.36460227838182874,0.1711776104469063,0.8288223895530937,0.6631666666666667,0.24302457532642033,2.2654902935028076,T4_measured_input,degraded_T4_simulation_input,T4_execution_environment
False,24000,3000,14000,0,0,7000,0,0,60,6,1000,202,assigned_level_sensitivity,dynamic,periodic,0.0,False,False,0.0,0.0,0.0,0,6000,3000,0.5,0,0.0,59.999737642771876,0.8141585714286701,3478,522,0,0,3000,0.6288163714286001,0.18340477500000837,0.34420000000000067,7000,0.22452893912244712,6000,6000,0.11565571762873553,2796,0.357200537449539,0.15320361605249874,0.8467963839475012,0.673,0.24154481982080347,2.2663581371307373,T4_measured_input,degraded_T4_simulation_input,T4_execution_environment
False,24000,3000,14000,0,0,7000,0,0,60,6,1000,303,assigned_level_sensitivity,dynamic,periodic,0.0,False,False,0.0,0.0,0.0,0,6000,3000,0.5,0,0.0,59.999737642771876,0.8141585714286701,3478,522,0,0,3000,0.6288163714286001,0.18340477500000837,0.34420000000000067,7000,0.22405374565362615,6000,6000,0.11902732357141743,2836,0.3632029847754052,0.15389189621221783,0.8461081037877822,0.6688333333333333,0.24417566120398776,2.3321242332458496,T4_measured_input,degraded_T4_simulation_input,T4_execution_environment
False,24000,3000,14000,0,0,7000,0,0,60,6,1000,404,assigned_level_sensitivity,dynamic,periodic,0.0,False,False,0.0,0.0,0.0,0,6000,3000,0.5,0,0.0,59.999737642771876,0.8141585714286701,3478,522,0,0,3000,0.6288163714286001,0.18340477500000837,0.34420000000000067,7000,0.22384429826306818,6000,6000,0.11711262305685241,2821,0.35441655504550135,0.15857298846941323,0.8414270115305867,0.6703333333333333,0.23730393198864894,2.3798470497131348,T4_measured_input,degraded_T4_simulation_input,T4_execution_environment
False,24000,3000,14000,0,0,7000,0,0,60,6,1000,505,assigned_level_sensitivity,dynamic,periodic,0.0,False,False,0.0,0.0,0.0,0,6000,3000,0.5,0,0.0,59.999737642771876,0.8141585714286701,3478,522,0,0,3000,0.6288163714286001,0.18340477500000837,0.34420000000000067,7000,0.22426477589157393,6000,6000,0.11472280930618174,2748,0.3590117289506411,0.15654701198777793,0.8434529880122221,0.6793333333333333,0.24428891964445937,2.420562505722046,T4_measured_input,degraded_T4_simulation_input,T4_execution_environment
False,24000,3000,14000,0,0,7000,0,0,60,6,1000,606,assigned_level_sensitivity,dynamic,periodic,0.0,False,False,0.0,0.0,0.0,0,6000,3000,0.5,0,0.0,59.999737642771876,0.8141585714286701,3478,522,0,0,3000,0.6288163714286001,0.18340477500000837,0.34420000000000067,7000,0.22415410551247167,6000,6000,0.11605205692028456,2808,0.35487394271225586,0.14802255337260506,0.8519774466273949,0.6716666666666666,0.2388218857919713,2.3758163452148438,T4_measured_input,degraded_T4_simulation_input,T4_execution_environment
False,24000,3000,14000,0,0,7000,0,0,60,6,1000,707,assigned_level_sensitivity,dynamic,periodic,0.0,False,False,0.0,0.0,0.0,0,6000,3000,0.5,0,0.0,59.999737642771876,0.8141585714286701,3478,522,0,0,3000,0.6288163714286001,0.18340477500000837,0.34420000000000067,7000,0.22349792777374583,6000,6000,0.11844809480469545,2841,0.3505988132266523,0.16092695978061197,0.839073040219388,0.6701666666666667,0.23215071842195686,2.236300468444824,T4_measured_input,degraded_T4_simulation_input,T4_execution_environment
False,24000,3000,14000,0,0,7000,0,0,60,6,1000,808,assigned_level_sensitivity,dynamic,periodic,0.0,False,False,0.0,0.0,0.0,0,6000,3000,0.5,0,0.0,59.999737642771876,0.8141585714286701,3478,522,0,0,3000,0.6288163714286001,0.18340477500000837,0.34420000000000067,7000,0.22391092713946825,6000,6000,0.11699736062465682,2800,0.35579830987148814,0.15493570158362616,0.8450642984163739,0.6738333333333333,0.23880094924683132,2.3082070350646973,T4_measured_input,degraded_T4_simulation_input,T4_execution_environment
False,24000,3000,14000,0,0,7000,0,0,60,6,1000,909,assigned_level_sensitivity,dynamic,periodic,0.0,False,False,0.0,0.0,0.0,0,6000,3000,0.5,0,0.0,59.999737642771876,0.8141585714286701,3478,522,0,0,3000,0.6288163714286001,0.18340477500000837,0.34420000000000067,7000,0.22411704062112756,6000,6000,0.11898511392465194,2820,0.358730400020519,0.1590891213145521,0.8409108786854479,0.6725,0.23974528609586704,2.255856990814209,T4_measured_input,degraded_T4_simulation_input,T4_execution_environment
False,24000,3000,14000,0,0,7000,0,0,60,6,1000,1010,assigned_level_sensitivity,dynamic,periodic,0.0,False,False,0.0,0.0,0.0,0,6000,3000,0.5,0,0.0,59.999737642771876,0.8141585714286701,3478,522,0,0,3000,0.6288163714286001,0.18340477500000837,0.34420000000000067,7000,0.2237079058659687,6000,6000,0.11512228600362952,2756,0.3560867954576374,0.156916941194307,0.843083058805693,0.675,0.24096450945400788,2.2369349002838135,T4_measured_input,degraded_T4_simulation_input,T4_execution_environment
False,32000,5000,20000,0,0,7000,0,0,60,8,1000,101,assigned_level_sensitivity,dynamic,periodic,0.0,False,False,0.0,0.0,0.0,0,8000,5000,0.625,0,0.0,59.999737642771876,0.8141585714286701,3478,522,0,0,3000,0.6288163714286001,0.1375535812500063,0.2581500000000005,7000,0.17074224753476644,8000,8000,0.08519553342877517,3016,0.33673069750316326,0.11516803712744036,0.8848319628725596,0.751,0.2515351640743881,3.1277387142181396,T4_measured_input,degraded_T4_simulation_input,T4_execution_environment
False,32000,5000,20000,0,0,7000,0,0,60,8,1000,202,assigned_level_sensitivity,dynamic,periodic,0.0,False,False,0.0,0.0,0.0,0,8000,5000,0.625,0,0.0,59.999737642771876,0.8141585714286701,3478,522,0,0,3000,0.6288163714286001,0.1375535812500063,0.2581500000000005,7000,0.1707257710960197,8000,8000,0.08523749439938373,3016,0.34317673942352306,0.1054443772532773,0.8945556227467227,0.747625,0.25793924502413934,3.047661781311035,T4_measured_input,degraded_T4_simulation_input,T4_execution_environment
False,32000,5000,20000,0,0,7000,0,0,60,8,1000,303,assigned_level_sensitivity,dynamic,periodic,0.0,False,False,0.0,0.0,0.0,0,8000,5000,0.625,0,0.0,59.999737642771876,0.8141585714286701,3478,522,0,0,3000,0.6288163714286001,0.1375535812500063,0.2581500000000005,7000,0.17074877873594932,8000,8000,0.08372575234250604,2971,0.3415112315439275,0.11048296780156958,0.8895170321984305,0.755,0.2577854792014215,3.09965443611145,T4_measured_input,degraded_T4_simulation_input,T4_execution_environment
False,32000,5000,20000,0,0,7000,0,0,60,8,1000,404,assigned_level_sensitivity,dynamic,periodic,0.0,False,False,0.0,0.0,0.0,0,8000,5000,0.625,0,0.0,59.999737642771876,0.8141585714286701,3478,522,0,0,3000,0.6288163714286001,0.1375535812500063,0.2581500000000005,7000,0.17030820261025378,8000,8000,0.08483130147565063,3000,0.336320895701,0.10579648692541764,0.8942035130745823,0.7515,0.25148959422534933,3.1154582500457764,T4_measured_input,degraded_T4_simulation_input,T4_execution_environment
False,32000,5000,20000,0,0,7000,0,0,60,8,1000,505,assigned_level_sensitivity,dynamic,periodic,0.0,False,False,0.0,0.0,0.0,0,8000,5000,0.625,0,0.0,59.999737642771876,0.8141585714286701,3478,522,0,0,3000,0.6288163714286001,0.1375535812500063,0.2581500000000005,7000,0.17069839586682645,8000,8000,0.08225705233222473,2964,0.3376794394818179,0.1058534383427831,0.8941465616572168,0.757,0.25542238714959314,3.071986436843872,T4_measured_input,degraded_T4_simulation_input,T4_execution_environment
False,32000,5000,20000,0,0,7000,0,0,60,8,1000,606,assigned_level_sensitivity,dynamic,periodic,0.0,False,False,0.0,0.0,0.0,0,8000,5000,0.625,0,0.0,59.999737642771876,0.8141585714286701,3478,522,0,0,3000,0.6288163714286001,0.1375535812500063,0.2581500000000005,7000,0.16983770551816038,8000,8000,0.08360659553270301,3004,0.34064706270895184,0.09605162803882047,0.9039483719611795,0.75,0.25704046717624884,3.0665650367736816,T4_measured_input,degraded_T4_simulation_input,T4_execution_environment
False,32000,5000,20000,0,0,7000,0,0,60,8,1000,707,assigned_level_sensitivity,dynamic,periodic,0.0,False,False,0.0,0.0,0.0,0,8000,5000,0.625,0,0.0,59.999737642771876,0.8141585714286701,3478,522,0,0,3000,0.6288163714286001,0.1375535812500063,0.2581500000000005,7000,0.16996576482674833,8000,8000,0.08626638225728521,3007,0.34058270408405217,0.111367855278551,0.888632144721449,0.745875,0.25431632182676694,3.0758275985717773,T4_measured_input,degraded_T4_simulation_input,T4_execution_environment
False,32000,5000,20000,0,0,7000,0,0,60,8,1000,808,assigned_level_sensitivity,dynamic,periodic,0.0,False,False,0.0,0.0,0.0,0,8000,5000,0.625,0,0.0,59.999737642771876,0.8141585714286701,3478,522,0,0,3000,0.6288163714286001,0.1375535812500063,0.2581500000000005,7000,0.16989803544389986,8000,8000,0.08441804920010486,3036,0.3363531722803955,0.10947388965806358,0.8905261103419364,0.747,0.25193512308029065,3.1199793815612793,T4_measured_input,degraded_T4_simulation_input,T4_execution_environment
False,32000,5000,20000,0,0,7000,0,0,60,8,1000,909,assigned_level_sensitivity,dynamic,periodic,0.0,False,False,0.0,0.0,0.0,0,8000,5000,0.625,0,0.0,59.999737642771876,0.8141585714286701,3478,522,0,0,3000,0.6288163714286001,0.1375535812500063,0.2581500000000005,7000,0.17051706117480658,8000,8000,0.08755128464419579,2956,0.35571555735341764,0.11214049874996404,0.887859501250036,0.745625,0.26816427270922183,3.287447690963745,T4_measured_input,degraded_T4_simulation_input,T4_execution_environment
False,32000,5000,20000,0,0,7000,0,0,60,8,1000,1010,assigned_level_sensitivity,dynamic,periodic,0.0,False,False,0.0,0.0,0.0,0,8000,5000,0.625,0,0.0,59.999737642771876,0.8141585714286701,3478,522,0,0,3000,0.6288163714286001,0.1375535812500063,0.2581500000000005,7000,0.17083576163337055,8000,8000,0.08265456438487617,2934,0.34274284048605813,0.10220430782890708,0.8977956921710929,0.753,0.26008827610118196,3.0750210285186768,T4_measured_input,degraded_T4_simulation_input,T4_execution_environment
False,40000,7000,26000,0,0,7000,0,0,60,10,1000,101,assigned_level_sensitivity,dynamic,periodic,0.0,False,False,0.0,0.0,0.0,0,10000,7000,0.7,0,0.0,59.999737642771876,0.8141585714286701,3478,522,0,0,3000,0.6288163714286001,0.11004286500000503,0.2065200000000004,7000,0.13816727248368535,10000,10000,0.06373386203565268,2940,0.3380788344348829,0.07074786447897392,0.929252135521026,0.803,0.2743449723992302,4.1092729568481445,T4_measured_input,degraded_T4_simulation_input,T4_execution_environment
False,40000,7000,26000,0,0,7000,0,0,60,10,1000,202,assigned_level_sensitivity,dynamic,periodic,0.0,False,False,0.0,0.0,0.0,0,10000,7000,0.7,0,0.0,59.999737642771876,0.8141585714286701,3478,522,0,0,3000,0.6288163714286001,0.11004286500000503,0.2065200000000004,7000,0.1389888288370493,10000,10000,0.06557506857662543,3200,0.3466538718725323,0.08610782298887468,0.9138921770111254,0.7909,0.2810788032959069,3.9932453632354736,T4_measured_input,degraded_T4_simulation_input,T4_execution_environment
False,40000,7000,26000,0,0,7000,0,0,60,10,1000,303,assigned_level_sensitivity,dynamic,periodic,0.0,False,False,0.0,0.0,0.0,0,10000,7000,0.7,0,0.0,59.999737642771876,0.8141585714286701,3478,522,0,0,3000,0.6288163714286001,0.11004286500000503,0.2065200000000004,7000,0.13746073454902577,10000,10000,0.06027555755629897,3080,0.30110261013301726,0.07248039511208781,0.9275196048879122,0.81,0.24082705257671827,4.170228719711304,T4_measured_input,degraded_T4_simulation_input,T4_execution_environment
False,40000,7000,26000,0,0,7000,0,0,60,10,1000,404,assigned_level_sensitivity,dynamic,periodic,0.0,False,False,0.0,0.0,0.0,0,10000,7000,0.7,0,0.0,59.999737642771876,0.8141585714286701,3478,522,0,0,3000,0.6288163714286001,0.11004286500000503,0.2065200000000004,7000,0.13745627215531442,10000,10000,0.07119611691835533,3190,0.32929498199233853,0.09058720574122216,0.9094127942587779,0.798,0.2580988650739832,4.169232130050659,T4_measured_input,degraded_T4_simulation_input,T4_execution_environment
False,40000,7000,26000,0,0,7000,0,0,60,10,1000,505,assigned_level_sensitivity,dynamic,periodic,0.0,False,False,0.0,0.0,0.0,0,10000,7000,0.7,0,0.0,59.999737642771876,0.8141585714286701,3478,522,0,0,3000,0.6288163714286001,0.11004286500000503,0.2065200000000004,7000,0.13795773286840696,10000,10000,0.07001582050644774,3070,0.3522892898596736,0.07694106297443029,0.9230589370255697,0.798,0.2822734693532259,4.072268962860107,T4_measured_input,degraded_T4_simulation_input,T4_execution_environment
False,40000,7000,26000,0,0,7000,0,0,60,10,1000,606,assigned_level_sensitivity,dynamic,periodic,0.0,False,False,0.0,0.0,0.0,0,10000,7000,0.7,0,0.0,59.999737642771876,0.8141585714286701,3478,522,0,0,3000,0.6288163714286001,0.11004286500000503,0.2065200000000004,7000,0.13757783460013187,10000,10000,0.061972795214463874,3150,0.29891521113491765,0.06718244920005693,0.9328175507999431,0.8091,0.23694241592045379,4.1083221435546875,T4_measured_input,degraded_T4_simulation_input,T4_execution_environment
False,40000,7000,26000,0,0,7000,0,0,60,10,1000,707,assigned_level_sensitivity,dynamic,periodic,0.0,False,False,0.0,0.0,0.0,0,10000,7000,0.7,0,0.0,59.999737642771876,0.8141585714286701,3478,522,0,0,3000,0.6288163714286001,0.11004286500000503,0.2065200000000004,7000,0.13698772041598542,10000,10000,0.07104636047655676,3109,0.3526830165672826,0.08648248758598195,0.913517512414018,0.796,0.28163665609072586,4.18157696723938,T4_measured_input,degraded_T4_simulation_input,T4_execution_environment
False,40000,7000,26000,0,0,7000,0,0,60,10,1000,808,assigned_level_sensitivity,dynamic,periodic,0.0,False,False,0.0,0.0,0.0,0,10000,7000,0.7,0,0.0,59.999737642771876,0.8141585714286701,3478,522,0,0,3000,0.6288163714286001,0.11004286500000503,0.2065200000000004,7000,0.13823979925887742,10000,10000,0.065641558727716,3010,0.3415261570573061,0.07421478033681198,0.925785219663188,0.806,0.2758845983295901,4.156636953353882,T4_measured_input,degraded_T4_simulation_input,T4_execution_environment
False,40000,7000,26000,0,0,7000,0,0,60,10,1000,909,assigned_level_sensitivity,dynamic,periodic,0.0,False,False,0.0,0.0,0.0,0,10000,7000,0.7,0,0.0,59.999737642771876,0.8141585714286701,3478,522,0,0,3000,0.6288163714286001,0.11004286500000503,0.2065200000000004,7000,0.13872953151731918,10000,10000,0.06550549039136658,2859,0.3606792269379822,0.08264634314511207,0.9173536568548879,0.7991,0.2951737365466156,4.054383993148804,T4_measured_input,degraded_T4_simulation_input,T4_execution_environment
False,40000,7000,26000,0,0,7000,0,0,60,10,1000,1010,assigned_level_sensitivity,dynamic,periodic,0.0,False,False,0.0,0.0,0.0,0,10000,7000,0.7,0,0.0,59.999737642771876,0.8141585714286701,3478,522,0,0,3000,0.6288163714286001,0.11004286500000503,0.2065200000000004,7000,0.13808901651555708,10000,10000,0.06705288534661456,3069,0.3349750790451954,0.07326735603073214,0.9267326439692678,0.8,0.26792219369858083,4.111475229263306,T4_measured_input,degraded_T4_simulation_input,T4_execution_environment
False,16000,0,6000,0,0,10000,0,0,80,4,1000,101,assigned_level_sensitivity,dynamic,periodic,0.0,False,False,0.0,0.0,0.0,0,4000,0,0.0,0,0.0,59.99999375193675,0.805973000000129,6000,0,0,0,4000,0.6227599999999719,0.3892249999999824,0.6884000000000013,10000,0.45282164294509525,4000,4000,0.2505293505097891,3160,0.3840028890950928,0.38189659769811385,0.6181034023018861,0.376,0.1334735385853037,1.755918264389038,T4_measured_input,degraded_T4_simulation_input,T4_execution_environment
False,16000,0,6000,0,0,10000,0,0,80,4,1000,202,assigned_level_sensitivity,dynamic,periodic,0.0,False,False,0.0,0.0,0.0,0,4000,0,0.0,0,0.0,59.99999375193675,0.805973000000129,6000,0,0,0,4000,0.6227599999999719,0.3892249999999824,0.6884000000000013,10000,0.45248877114686437,4000,4000,0.24549977741934495,3184,0.37331891207255086,0.35563871269581704,0.644361287304183,0.384,0.1278191346532059,1.764378547668457,T4_measured_input,degraded_T4_simulation_input,T4_execution_environment
False,16000,0,6000,0,0,10000,0,0,80,4,1000,303,assigned_level_sensitivity,dynamic,periodic,0.0,False,False,0.0,0.0,0.0,0,4000,0,0.0,0,0.0,59.99999375193675,0.805973000000129,6000,0,0,0,4000,0.6227599999999719,0.3892249999999824,0.6884000000000013,10000,0.4528563630452548,4000,4000,0.2529101826112055,3128,0.38896707110062695,0.3835091032835256,0.6164908967164744,0.386,0.13605688848942143,1.7805688381195068,T4_measured_input,degraded_T4_simulation_input,T4_execution_environment
False,16000,0,6000,0,0,10000,0,0,80,4,1000,404,assigned_level_sensitivity,dynamic,periodic,0.0,False,False,0.0,0.0,0.0,0,4000,0,0.0,0,0.0,59.99999375193675,0.805973000000129,6000,0,0,0,4000,0.6227599999999719,0.3892249999999824,0.6884000000000013,10000,0.45259234467843523,4000,4000,0.25087156239480757,3152,0.38417362115961673,0.3696692339984393,0.6303307660015607,0.384,0.13330205876480916,1.8545105457305908,T4_measured_input,degraded_T4_simulation_input,T4_execution_environment
False,16000,0,6000,0,0,10000,0,0,80,4,1000,505,assigned_level_sensitivity,dynamic,periodic,0.0,False,False,0.0,0.0,0.0,0,4000,0,0.0,0,0.0,59.99999375193675,0.805973000000129,6000,0,0,0,4000,0.6227599999999719,0.3892249999999824,0.6884000000000013,10000,0.4530560327010579,4000,4000,0.24692307834550148,3096,0.38595939717090594,0.3633517531372066,0.6366482468627934,0.388,0.13903631882540446,1.8014953136444092,T4_measured_input,degraded_T4_simulation_input,T4_execution_environment
False,16000,0,6000,0,0,10000,0,0,80,4,1000,606,assigned_level_sensitivity,dynamic,periodic,0.0,False,False,0.0,0.0,0.0,0,4000,0,0.0,0,0.0,59.99999375193675,0.805973000000129,6000,0,0,0,4000,0.6227599999999719,0.3892249999999824,0.6884000000000013,10000,0.45304138802254085,4000,4000,0.2528816881270559,3184,0.3825849375088103,0.36390986157245797,0.636090138427542,0.368,0.12970324938175437,1.7850291728973389,T4_measured_input,degraded_T4_simulation_input,T4_execution_environment
False,16000,0,6000,0,0,10000,0,0,80,4,1000,707,assigned_level_sensitivity,dynamic,periodic,0.0,False,False,0.0,0.0,0.0,0,4000,0,0.0,0,0.0,59.99999375193675,0.805973000000129,6000,0,0,0,4000,0.6227599999999719,0.3892249999999824,0.6884000000000013,10000,0.4523828813711613,4000,4000,0.2565100163616806,3152,0.3931517839845219,0.3803651995857914,0.6196348004142086,0.366,0.1366417676228413,1.8479201793670654,T4_measured_input,degraded_T4_simulation_input,T4_execution_environment
False,16000,0,6000,0,0,10000,0,0,80,4,1000,808,assigned_level_sensitivity,dynamic,periodic,0.0,False,False,0.0,0.0,0.0,0,4000,0,0.0,0,0.0,59.99999375193675,0.805973000000129,6000,0,0,0,4000,0.6227599999999719,0.3892249999999824,0.6884000000000013,10000,0.4528497499627675,4000,4000,0.24781460635729333,3144,0.3776469687260869,0.3731971617989407,0.6268028382010593,0.384,0.12983236236879356,1.7830283641815186,T4_measured_input,degraded_T4_simulation_input,T4_execution_environment
False,16000,0,6000,0,0,10000,0,0,80,4,1000,909,assigned_level_sensitivity,dynamic,periodic,0.0,False,False,0.0,0.0,0.0,0,4000,0,0.0,0,0.0,59.99999375193675,0.805973000000129,6000,0,0,0,4000,0.6227599999999719,0.3892249999999824,0.6884000000000013,10000,0.4524789267042146,4000,4000,0.24543632331518456,3144,0.38000680049964086,0.35475683377855893,0.6452431662214411,0.386,0.1345704771844563,1.7818803787231445,T4_measured_input,degraded_T4_simulation_input,T4_execution_environment
False,16000,0,6000,0,0,10000,0,0,80,4,1000,1010,assigned_level_sensitivity,dynamic,periodic,0.0,False,False,0.0,0.0,0.0,0,4000,0,0.0,0,0.0,59.99999375193675,0.805973000000129,6000,0,0,0,4000,0.6227599999999719,0.3892249999999824,0.6884000000000013,10000,0.4528674404121633,4000,4000,0.24545578854961567,3120,0.3817641221305438,0.3697415012515196,0.6302584987484804,0.382,0.13630833358092811,1.758023738861084,T4_measured_input,degraded_T4_simulation_input,T4_execution_environment
False,24000,1000,15000,0,0,8000,0,0,80,6,1000,101,assigned_level_sensitivity,dynamic,periodic,0.0,False,False,0.0,0.0,0.0,0,6000,1000,0.16666666666666666,0,0.0,59.99982601818884,0.8052575000001128,3000,0,0,0,5000,0.6473750000000005,0.21579166666666683,0.5736666666666678,8000,0.2739284258481554,6000,6000,0.12210689249399835,3120,0.3506638163810121,0.16494811965429423,0.8350518803457058,0.652,0.2285569238870137,2.3812131881713867,T4_measured_input,degraded_T4_simulation_input,T4_execution_environment
False,24000,1000,15000,0,0,8000,0,0,80,6,1000,202,assigned_level_sensitivity,dynamic,periodic,0.0,False,False,0.0,0.0,0.0,0,6000,1000,0.16666666666666666,0,0.0,59.99982601818884,0.8052575000001128,3000,0,0,0,5000,0.6473750000000005,0.21579166666666683,0.5736666666666678,8000,0.27372604325582,6000,6000,0.1194884628006864,3096,0.34949092046549884,0.14847044411534374,0.8515295558846563,0.66,0.23000245766481245,2.3757224082946777,T4_measured_input,degraded_T4_simulation_input,T4_execution_environment
False,24000,1000,15000,0,0,8000,0,0,80,6,1000,303,assigned_level_sensitivity,dynamic,periodic,0.0,False,False,0.0,0.0,0.0,0,6000,1000,0.16666666666666666,0,0.0,59.99982601818884,0.8052575000001128,3000,0,0,0,5000,0.6473750000000005,0.21579166666666683,0.5736666666666678,8000,0.2734772418739247,6000,6000,0.12004132233628671,3076,0.35346688692391665,0.15021568350918846,0.8497843164908115,0.6586666666666666,0.23342556458762992,2.374197483062744,T4_measured_input,degraded_T4_simulation_input,T4_execution_environment
False,24000,1000,15000,0,0,8000,0,0,80,6,1000,404,assigned_level_sensitivity,dynamic,periodic,0.0,False,False,0.0,0.0,0.0,0,6000,1000,0.16666666666666666,0,0.0,59.99982601818884,0.8052575000001128,3000,0,0,0,5000,0.6473750000000005,0.21579166666666683,0.5736666666666678,8000,0.2730411628195178,6000,6000,0.12104251648713983,3056,0.35478138953895605,0.15818987792473563,0.8418101220752644,0.6606666666666666,0.23373887305181623,2.393665075302124,T4_measured_input,degraded_T4_simulation_input,T4_execution_environment
False,24000,1000,15000,0,0,8000,0,0,80,6,1000,505,assigned_level_sensitivity,dynamic,periodic,0.0,False,False,0.0,0.0,0.0,0,6000,1000,0.16666666666666666,0,0.0,59.99982601818884,0.8052575000001128,3000,0,0,0,5000,0.6473750000000005,0.21579166666666683,0.5736666666666678,8000,0.27356343597400373,6000,6000,0.11739859004842276,3096,0.3475813952748944,0.15813116292812596,0.8418688370718741,0.6633333333333333,0.23018280522647164,2.418548107147217,T4_measured_input,degraded_T4_simulation_input,T4_execution_environment
False,24000,1000,15000,0,0,8000,0,0,80,6,1000,606,assigned_level_sensitivity,dynamic,periodic,0.0,False,False,0.0,0.0,0.0,0,6000,1000,0.16666666666666666,0,0.0,59.99982601818884,0.8052575000001128,3000,0,0,0,5000,0.6473750000000005,0.21579166666666683,0.5736666666666678,8000,0.27322007061975184,6000,6000,0.12311839796486468,3136,0.3597836073367961,0.14812474823918892,0.851875251760811,0.646,0.23666520937193142,2.402256727218628,T4_measured_input,degraded_T4_simulation_input,T4_execution_environment
False,24000,1000,15000,0,0,8000,0,0,80,6,1000,707,assigned_level_sensitivity,dynamic,periodic,0.0,False,False,0.0,0.0,0.0,0,6000,1000,0.16666666666666666,0,0.0,59.99982601818884,0.8052575000001128,3000,0,0,0,5000,0.6473750000000005,0.21579166666666683,0.5736666666666678,8000,0.2729754035233425,6000,6000,0.1229174776303292,3108,0.35394155898614016,0.158939572542186,0.841060427457814,0.652,0.23102408135581096,2.393233060836792,T4_measured_input,degraded_T4_simulation_input,T4_execution_environment
False,24000,1000,15000,0,0,8000,0,0,80,6,1000,808,assigned_level_sensitivity,dynamic,periodic,0.0,False,False,0.0,0.0,0.0,0,6000,1000,0.16666666666666666,0,0.0,59.99982601818884,0.8052575000001128,3000,0,0,0,5000,0.6473750000000005,0.21579166666666683,0.5736666666666678,8000,0.2731430142653728,6000,6000,0.12354578555651953,3104,0.3598893239872181,0.16012049405331383,0.8398795059466861,0.6473333333333333,0.2363435384306986,2.3758835792541504,T4_measured_input,degraded_T4_simulation_input,T4_execution_environment
False,24000,1000,15000,0,0,8000,0,0,80,6,1000,909,assigned_level_sensitivity,dynamic,periodic,0.0,False,False,0.0,0.0,0.0,0,6000,1000,0.16666666666666666,0,0.0,59.99982601818884,0.8052575000001128,3000,0,0,0,5000,0.6473750000000005,0.21579166666666683,0.5736666666666678,8000,0.27336690389489,6000,6000,0.11922395711640169,3108,0.349222519210387,0.14972640102925164,0.8502735989707484,0.6606666666666666,0.2299985620939853,2.3449759483337402,T4_measured_input,degraded_T4_simulation_input,T4_execution_environment
False,24000,1000,15000,0,0,8000,0,0,80,6,1000,1010,assigned_level_sensitivity,dynamic,periodic,0.0,False,False,0.0,0.0,0.0,0,6000,1000,0.16666666666666666,0,0.0,59.99982601818884,0.8052575000001128,3000,0,0,0,5000,0.6473750000000005,0.21579166666666683,0.5736666666666678,8000,0.2731805968995871,6000,6000,0.11851373235801128,3088,0.35444256741789315,0.14826185064119277,0.8517381493588072,0.6513333333333333,0.23592883505988188,2.3886055946350098,T4_measured_input,degraded_T4_simulation_input,T4_execution_environment
False,32000,3000,21000,0,0,8000,0,0,80,8,1000,101,assigned_level_sensitivity,dynamic,periodic,0.0,False,False,0.0,0.0,0.0,0,8000,3000,0.375,0,0.0,59.99982601818884,0.8052575000001128,3000,0,0,0,5000,0.6473750000000005,0.16184375000000012,0.43025000000000085,8000,0.20749701674442356,8000,8000,0.08608769503841161,3288,0.3365281472825579,0.10283347803269208,0.897166521967308,0.739,0.2504404522441463,3.2298545837402344,T4_measured_input,degraded_T4_simulation_input,T4_execution_environment
False,32000,3000,21000,0,0,8000,0,0,80,8,1000,202,assigned_level_sensitivity,dynamic,periodic,0.0,False,False,0.0,0.0,0.0,0,8000,3000,0.375,0,0.0,59.99982601818884,0.8052575000001128,3000,0,0,0,5000,0.6473750000000005,0.16184375000000012,0.43025000000000085,8000,0.20661560473053578,8000,8000,0.08514846434015687,3256,0.33097544398702516,0.10163759614924138,0.8983624038507586,0.75,0.24582697964686828,3.241635322570801,T4_measured_input,degraded_T4_simulation_input,T4_execution_environment
False,32000,3000,21000,0,0,8000,0,0,80,8,1000,303,assigned_level_sensitivity,dynamic,periodic,0.0,False,False,0.0,0.0,0.0,0,8000,3000,0.375,0,0.0,59.99982601818884,0.8052575000001128,3000,0,0,0,5000,0.6473750000000005,0.16184375000000012,0.43025000000000085,8000,0.20647902039858684,8000,8000,0.08846269350929527,3256,0.3428920583469355,0.11182177687845196,0.888178223121548,0.74,0.2544293648376402,3.211172580718994,T4_measured_input,degraded_T4_simulation_input,T4_execution_environment
False,32000,3000,21000,0,0,8000,0,0,80,8,1000,404,assigned_level_sensitivity,dynamic,periodic,0.0,False,False,0.0,0.0,0.0,0,8000,3000,0.375,0,0.0,59.99982601818884,0.8052575000001128,3000,0,0,0,5000,0.6473750000000005,0.16184375000000012,0.43025000000000085,8000,0.20662584858703015,8000,8000,0.08336321093153176,3200,0.3310367545872204,0.10241178511366297,0.897588214886337,0.752,0.24767354365568867,3.4918103218078613,T4_measured_input,degraded_T4_simulation_input,T4_execution_environment
False,32000,3000,21000,0,0,8000,0,0,80,8,1000,505,assigned_level_sensitivity,dynamic,periodic,0.0,False,False,0.0,0.0,0.0,0,8000,3000,0.375,0,0.0,59.99982601818884,0.8052575000001128,3000,0,0,0,5000,0.6473750000000005,0.16184375000000012,0.43025000000000085,8000,0.2069183457861538,8000,8000,0.0874269241231559,3264,0.3415881457788011,0.10976919731049598,0.890230802689504,0.738,0.2541612216556452,3.5157206058502197,T4_measured_input,degraded_T4_simulation_input,T4_execution_environment
False,32000,3000,21000,0,0,8000,0,0,80,8,1000,606,assigned_level_sensitivity,dynamic,periodic,0.0,False,False,0.0,0.0,0.0,0,8000,3000,0.375,0,0.0,59.99982601818884,0.8052575000001128,3000,0,0,0,5000,0.6473750000000005,0.16184375000000012,0.43025000000000085,8000,0.20657461759983325,8000,8000,0.08791325972017425,3304,0.3380825446870785,0.10367513291858071,0.8963248670814192,0.742,0.25016928496690427,3.5841493606567383,T4_measured_input,degraded_T4_simulation_input,T4_execution_environment
False,32000,3000,21000,0,0,8000,0,0,80,8,1000,707,assigned_level_sensitivity,dynamic,periodic,0.0,False,False,0.0,0.0,0.0,0,8000,3000,0.375,0,0.0,59.99982601818884,0.8052575000001128,3000,0,0,0,5000,0.6473750000000005,0.16184375000000012,0.43025000000000085,8000,0.2063222491242791,8000,8000,0.09079283546332463,3328,0.3378836776778607,0.10816592346998871,0.8918340765300112,0.732,0.2470908422145361,3.9396607875823975,T4_measured_input,degraded_T4_simulation_input,T4_execution_environment
False,32000,3000,21000,0,0,8000,0,0,80,8,1000,808,assigned_level_sensitivity,dynamic,periodic,0.0,False,False,0.0,0.0,0.0,0,8000,3000,0.375,0,0.0,59.99982601818884,0.8052575000001128,3000,0,0,0,5000,0.6473750000000005,0.16184375000000012,0.43025000000000085,8000,0.20586574140517364,8000,8000,0.09102420752274144,3336,0.347879595859441,0.10607897213752233,0.8939210278624776,0.728,0.2568553883366996,3.715508222579956,T4_measured_input,degraded_T4_simulation_input,T4_execution_environment
False,32000,3000,21000,0,0,8000,0,0,80,8,1000,909,assigned_level_sensitivity,dynamic,periodic,0.0,False,False,0.0,0.0,0.0,0,8000,3000,0.375,0,0.0,59.99982601818884,0.8052575000001128,3000,0,0,0,5000,0.6473750000000005,0.16184375000000012,0.43025000000000085,8000,0.20675571441170568,8000,8000,0.09434710010201279,3280,0.35295298178544765,0.11354118936690918,0.8864588106330908,0.728,0.25860588168343485,3.556989908218384,T4_measured_input,degraded_T4_simulation_input,T4_execution_environment
False,32000,3000,21000,0,0,8000,0,0,80,8,1000,1010,assigned_level_sensitivity,dynamic,periodic,0.0,False,False,0.0,0.0,0.0,0,8000,3000,0.375,0,0.0,59.99982601818884,0.8052575000001128,3000,0,0,0,5000,0.6473750000000005,0.16184375000000012,0.43025000000000085,8000,0.20661276711573207,8000,8000,0.08717878635946347,3176,0.3478624972898797,0.11131522608996616,0.8886847739100339,0.736,0.26068371093041626,3.657428026199341,T4_measured_input,degraded_T4_simulation_input,T4_execution_environment
False,40000,5000,27000,0,0,8000,0,0,80,10,1000,101,assigned_level_sensitivity,dynamic,periodic,0.0,False,False,0.0,0.0,0.0,0,10000,5000,0.5,0,0.0,59.99982601818884,0.8052575000001128,3000,0,0,0,5000,0.6473750000000005,0.1294750000000001,0.34420000000000067,8000,0.16732752255808767,10000,10000,0.06526516139914923,3300,0.33134060985525887,0.06484591929262414,0.9351540807073758,0.796,0.26607544845610964,4.563144683837891,T4_measured_input,degraded_T4_simulation_input,T4_execution_environment
False,40000,5000,27000,0,0,8000,0,0,80,10,1000,202,assigned_level_sensitivity,dynamic,periodic,0.0,False,False,0.0,0.0,0.0,0,10000,5000,0.5,0,0.0,59.99982601818884,0.8052575000001128,3000,0,0,0,5000,0.6473750000000005,0.1294750000000001,0.34420000000000067,8000,0.16862857750438537,10000,10000,0.06870775463736503,3420,0.3369867918357058,0.0801247868146944,0.9198752131853056,0.794,0.2682790371983408,4.864468336105347,T4_measured_input,degraded_T4_simulation_input,T4_execution_environment
False,40000,5000,27000,0,0,8000,0,0,80,10,1000,303,assigned_level_sensitivity,dynamic,periodic,0.0,False,False,0.0,0.0,0.0,0,10000,5000,0.5,0,0.0,59.99982601818884,0.8052575000001128,3000,0,0,0,5000,0.6473750000000005,0.1294750000000001,0.34420000000000067,8000,0.16663375811754966,10000,10000,0.06519204902595517,3360,0.31868726270773995,0.08000114737400955,0.9199988526259905,0.796,0.2534952136817848,5.442931890487671,T4_measured_input,degraded_T4_simulation_input,T4_execution_environment
False,40000,5000,27000,0,0,8000,0,0,80,10,1000,404,assigned_level_sensitivity,dynamic,periodic,0.0,False,False,0.0,0.0,0.0,0,10000,5000,0.5,0,0.0,59.99982601818884,0.8052575000001128,3000,0,0,0,5000,0.6473750000000005,0.1294750000000001,0.34420000000000067,8000,0.1658025770895636,10000,10000,0.0701232818852688,3540,0.322346504826026,0.09209242526263696,0.907907574737363,0.786,0.2522232229407572,5.890466213226318,T4_measured_input,degraded_T4_simulation_input,T4_execution_environment
False,40000,5000,27000,0,0,8000,0,0,80,10,1000,505,assigned_level_sensitivity,dynamic,periodic,0.0,False,False,0.0,0.0,0.0,0,10000,5000,0.5,0,0.0,59.99982601818884,0.8052575000001128,3000,0,0,0,5000,0.6473750000000005,0.1294750000000001,0.34420000000000067,8000,0.16645508795099867,10000,10000,0.0723584038313341,3500,0.3427796232051574,0.079633773382588,0.920366226617412,0.782,0.27042121937382335,6.1138551235198975,T4_measured_input,degraded_T4_simulation_input,T4_execution_environment
False,40000,5000,27000,0,0,8000,0,0,80,10,1000,606,assigned_level_sensitivity,dynamic,periodic,0.0,False,False,0.0,0.0,0.0,0,10000,5000,0.5,0,0.0,59.99982601818884,0.8052575000001128,3000,0,0,0,5000,0.6473750000000005,0.1294750000000001,0.34420000000000067,8000,0.16636741373669145,10000,10000,0.06663358814188157,3420,0.3138633060970138,0.06826306615427186,0.9317369338457282,0.792,0.2472297179551322,6.472721338272095,T4_measured_input,degraded_T4_simulation_input,T4_execution_environment
False,40000,5000,27000,0,0,8000,0,0,80,10,1000,707,assigned_level_sensitivity,dynamic,periodic,0.0,False,False,0.0,0.0,0.0,0,10000,5000,0.5,0,0.0,59.99982601818884,0.8052575000001128,3000,0,0,0,5000,0.6473750000000005,0.1294750000000001,0.34420000000000067,8000,0.16590366786549396,10000,10000,0.06806751821096088,3400,0.3275625184131889,0.07777250524251834,0.9222274947574817,0.79,0.25949500020222804,5.975811243057251,T4_measured_input,degraded_T4_simulation_input,T4_execution_environment
False,40000,5000,27000,0,0,8000,0,0,80,10,1000,808,assigned_level_sensitivity,dynamic,periodic,0.0,False,False,0.0,0.0,0.0,0,10000,5000,0.5,0,0.0,59.99982601818884,0.8052575000001128,3000,0,0,0,5000,0.6473750000000005,0.1294750000000001,0.34420000000000067,8000,0.16683836154726872,10000,10000,0.07206099818564297,3400,0.34596970704670993,0.07967581079242084,0.9203241892075792,0.782,0.27390870886106694,5.926875352859497,T4_measured_input,degraded_T4_simulation_input,T4_execution_environment
False,40000,5000,27000,0,0,8000,0,0,80,10,1000,909,assigned_level_sensitivity,dynamic,periodic,0.0,False,False,0.0,0.0,0.0,0,10000,5000,0.5,0,0.0,59.99982601818884,0.8052575000001128,3000,0,0,0,5000,0.6473750000000005,0.1294750000000001,0.34420000000000067,8000,0.16678252512675312,10000,10000,0.06964925150972898,3420,0.3376101697337563,0.07114361784334734,0.9288563821566527,0.784,0.26796091822402734,5.593634843826294,T4_measured_input,degraded_T4_simulation_input,T4_execution_environment
False,40000,5000,27000,0,0,8000,0,0,80,10,1000,1010,assigned_level_sensitivity,dynamic,periodic,0.0,False,False,0.0,0.0,0.0,0,10000,5000,0.5,0,0.0,59.99982601818884,0.8052575000001128,3000,0,0,0,5000,0.6473750000000005,0.1294750000000001,0.34420000000000067,8000,0.1669433831065205,10000,10000,0.06895269476941777,3320,0.3376728207102671,0.08315016150195874,0.9168498384980412,0.792,0.2687201259408493,5.680207252502441,T4_measured_input,degraded_T4_simulation_input,T4_execution_environment
False,16000,0,2000,0,0,14000,0,0,100,4,1000,101,assigned_level_sensitivity,dynamic,periodic,0.0,False,False,0.0,0.0,0.0,0,4000,0,0.0,0,0.0,59.9998894858132,0.8092635714284964,9171,829,0,0,4000,0.6125842642856355,0.536011231249931,0.6884000000000013,14000,0.5680181342535962,4000,4000,0.3714109879757091,3664,0.4232490796690905,0.5751784261375097,0.4248215738624903,0.172,0.05183809169338138,2.89626145362854,T4_measured_input,degraded_T4_simulation_input,T4_execution_environment
False,16000,0,2000,0,0,14000,0,0,100,4,1000,202,assigned_level_sensitivity,dynamic,periodic,0.0,False,False,0.0,0.0,0.0,0,4000,0,0.0,0,0.0,59.99977412384632,0.8093614285713522,9218,782,0,0,4000,0.612452328571349,0.5358957874999304,0.6884000000000013,14000,0.5676472412695251,4000,4000,0.3743258248444773,3696,0.4219869877942428,0.580409363594004,0.41959063640599603,0.166,0.04766116294976552,2.9035966396331787,T4_measured_input,degraded_T4_simulation_input,T4_execution_environment
False,16000,0,2000,0,0,14000,0,0,100,4,1000,303,assigned_level_sensitivity,dynamic,periodic,0.0,False,False,0.0,0.0,0.0,0,4000,0,0.0,0,0.0,59.999942966995654,0.8091778571427812,9183,817,0,0,4000,0.6125505785713496,0.5359817562499309,0.6884000000000013,14000,0.5674859028309841,4000,4000,0.3748238254613168,3696,0.42544633887153427,0.5766081926295892,0.4233918073704108,0.16,0.05062251341021745,3.0717997550964355,T4_measured_input,degraded_T4_simulation_input,T4_execution_environment
False,16000,0,2000,0,0,14000,0,0,100,4,1000,404,assigned_level_sensitivity,dynamic,periodic,0.0,False,False,0.0,0.0,0.0,0,4000,0,0.0,0,0.0,59.99998485292726,0.809560714285637,9244,756,0,0,4000,0.6123793428570632,0.5358319249999303,0.6884000000000013,14000,0.5676477005614158,4000,4000,0.37928799061148466,3712,0.4300932084111001,0.5770121329855933,0.4229878670144067,0.148,0.05080521779961544,2.8726439476013184,T4_measured_input,degraded_T4_simulation_input,T4_execution_environment
False,16000,0,2000,0,0,14000,0,0,100,4,1000,505,assigned_level_sensitivity,dynamic,periodic,0.0,False,False,0.0,0.0,0.0,0,4000,0,0.0,0,0.0,59.99971513960691,0.8091978571427809,9180,820,0,0,4000,0.612558999999921,0.5359891249999309,0.6884000000000013,14000,0.5671412726052302,4000,4000,0.3739605945338042,3680,0.42384903532641677,0.5783269663142695,0.4216730336857305,0.168,0.049888440792612565,2.9634432792663574,T4_measured_input,degraded_T4_simulation_input,T4_execution_environment
False,16000,0,2000,0,0,14000,0,0,100,4,1000,606,assigned_level_sensitivity,dynamic,periodic,0.0,False,False,0.0,0.0,0.0,0,4000,0,0.0,0,0.0,59.99993892305791,0.8093707142856383,9212,788,0,0,4000,0.612469171428492,0.5359105249999305,0.6884000000000013,14000,0.5674336837148845,4000,4000,0.375654251821996,3736,0.4227874843837675,0.5744604931185997,0.4255395068814003,0.16,0.04713323256177149,3.018778085708618,T4_measured_input,degraded_T4_simulation_input,T4_execution_environment
False,16000,0,2000,0,0,14000,0,0,100,4,1000,707,assigned_level_sensitivity,dynamic,periodic,0.0,False,False,0.0,0.0,0.0,0,4000,0,0.0,0,0.0,59.99999978898316,0.8090742857142098,9148,852,0,0,4000,0.6126488285713501,0.5360677249999314,0.6884000000000013,14000,0.5674254072468515,4000,4000,0.3802124396614146,3712,0.42792781172236877,0.5971884617860574,0.40281153821394255,0.162,0.047715372060954164,2.9251296520233154,T4_measured_input,degraded_T4_simulation_input,T4_execution_environment
False,16000,0,2000,0,0,14000,0,0,100,4,1000,808,assigned_level_sensitivity,dynamic,periodic,0.0,False,False,0.0,0.0,0.0,0,4000,0,0.0,0,0.0,59.99996323277523,0.8090335714284964,9152,848,0,0,4000,0.6126375999999213,0.5360578999999311,0.6884000000000013,14000,0.5680420307843127,4000,4000,0.37108038909712054,3656,0.4207852634586655,0.5869576174712751,0.41304238252872494,0.18,0.04970487436154497,2.969345808029175,T4_measured_input,degraded_T4_simulation_input,T4_execution_environment
False,16000,0,2000,0,0,14000,0,0,100,4,1000,909,assigned_level_sensitivity,dynamic,periodic,0.0,False,False,0.0,0.0,0.0,0,4000,0,0.0,0,0.0,59.9999695555785,0.8091464285713522,9179,821,0,0,4000,0.6125618071427781,0.5359915812499308,0.6884000000000013,14000,0.5688818663889165,4000,4000,0.3812128045388743,3704,0.4307352059286248,0.5787085382347964,0.4212914617652036,0.16025,0.0495224013897505,2.8754169940948486,T4_measured_input,degraded_T4_simulation_input,T4_execution_environment
False,16000,0,2000,0,0,14000,0,0,100,4,1000,1010,assigned_level_sensitivity,dynamic,periodic,0.0,False,False,0.0,0.0,0.0,0,4000,0,0.0,0,0.0,59.999630556598305,0.8092435714284956,9190,810,0,0,4000,0.6125309285713495,0.5359645624999309,0.6884000000000013,14000,0.5672404862670912,4000,4000,0.37723649444526497,3720,0.4275110990225899,0.5820955788926374,0.4179044211073626,0.15,0.05027460457732491,2.931391477584839,T4_measured_input,degraded_T4_simulation_input,T4_execution_environment
False,24000,0,14000,0,0,10000,0,0,100,6,1000,101,assigned_level_sensitivity,dynamic,periodic,0.0,False,False,0.0,0.0,0.0,0,6000,0,0.0,0,0.0,59.999966110652515,0.8093570000001271,3550,450,0,0,6000,0.646408499999984,0.2693368749999933,0.6884000000000013,10000,0.33784346701071943,6000,6000,0.15934521696635628,3802,0.3626673848022709,0.2183639435739266,0.7816360564260734,0.566,0.2033221678359146,3.392636299133301,T4_measured_input,degraded_T4_simulation_input,T4_execution_environment
False,24000,0,14000,0,0,10000,0,0,100,6,1000,202,assigned_level_sensitivity,dynamic,periodic,0.0,False,False,0.0,0.0,0.0,0,6000,0,0.0,0,0.0,59.999966110652515,0.8093570000001271,3550,450,0,0,6000,0.646408499999984,0.2693368749999933,0.6884000000000013,10000,0.3379490684115903,6000,6000,0.15326842311581196,3770,0.3624870138381803,0.20165175836028604,0.798348241639714,0.57,0.20921859072236837,3.398810863494873,T4_measured_input,degraded_T4_simulation_input,T4_execution_environment
False,24000,0,14000,0,0,10000,0,0,100,6,1000,303,assigned_level_sensitivity,dynamic,periodic,0.0,False,False,0.0,0.0,0.0,0,6000,0,0.0,0,0.0,59.999966110652515,0.8093570000001271,3550,450,0,0,6000,0.646408499999984,0.2693368749999933,0.6884000000000013,10000,0.3376630100193502,6000,6000,0.15731858507436217,3800,0.35988759516398733,0.2077671711622929,0.7922328288377071,0.5678333333333333,0.20256901008962516,3.465491533279419,T4_measured_input,degraded_T4_simulation_input,T4_execution_environment
False,24000,0,14000,0,0,10000,0,0,100,6,1000,404,assigned_level_sensitivity,dynamic,periodic,0.0,False,False,0.0,0.0,0.0,0,6000,0,0.0,0,0.0,59.999966110652515,0.8093570000001271,3550,450,0,0,6000,0.646408499999984,0.2693368749999933,0.6884000000000013,10000,0.3374564318047999,6000,6000,0.15529868188941648,3761,0.3611754815430464,0.20629933746019807,0.793700662539802,0.568,0.20587679965362993,3.915137767791748,T4_measured_input,degraded_T4_simulation_input,T4_execution_environment
False,24000,0,14000,0,0,10000,0,0,100,6,1000,505,assigned_level_sensitivity,dynamic,periodic,0.0,False,False,0.0,0.0,0.0,0,6000,0,0.0,0,0.0,59.999966110652515,0.8093570000001271,3550,450,0,0,6000,0.646408499999984,0.2693368749999933,0.6884000000000013,10000,0.3376519748796493,6000,6000,0.15596155875038256,3760,0.36306079517125095,0.21026027118855117,0.7897397288114488,0.5728333333333333,0.2070992364208684,6.495718002319336,T4_measured_input,degraded_T4_simulation_input,T4_execution_environment
False,24000,0,14000,0,0,10000,0,0,100,6,1000,606,assigned_level_sensitivity,dynamic,periodic,0.0,False,False,0.0,0.0,0.0,0,6000,0,0.0,0,0.0,59.999966110652515,0.8093570000001271,3550,450,0,0,6000,0.646408499999984,0.2693368749999933,0.6884000000000013,10000,0.33802242100027446,6000,6000,0.1577674633744411,3816,0.36379119352027744,0.1955557569504667,0.8044442430495333,0.5666666666666667,0.20602373014583633,5.000175476074219,T4_measured_input,degraded_T4_simulation_input,T4_execution_environment
False,24000,0,14000,0,0,10000,0,0,100,6,1000,707,assigned_level_sensitivity,dynamic,periodic,0.0,False,False,0.0,0.0,0.0,0,6000,0,0.0,0,0.0,59.999966110652515,0.8093570000001271,3550,450,0,0,6000,0.646408499999984,0.2693368749999933,0.6884000000000013,10000,0.33777864002727015,6000,6000,0.15580501717285414,3784,0.358228524431242,0.2072281581517695,0.7927718418482305,0.569,0.20242350725838784,3.3508527278900146,T4_measured_input,degraded_T4_simulation_input,T4_execution_environment
False,24000,0,14000,0,0,10000,0,0,100,6,1000,808,assigned_level_sensitivity,dynamic,periodic,0.0,False,False,0.0,0.0,0.0,0,6000,0,0.0,0,0.0,59.999966110652515,0.8093570000001271,3550,450,0,0,6000,0.646408499999984,0.2693368749999933,0.6884000000000013,10000,0.3378189042471865,6000,6000,0.1576947158201911,3739,0.3643586827824411,0.2045946311963245,0.7954053688036755,0.5696666666666667,0.20666396696225,3.320537567138672,T4_measured_input,degraded_T4_simulation_input,T4_execution_environment
False,24000,0,14000,0,0,10000,0,0,100,6,1000,909,assigned_level_sensitivity,dynamic,periodic,0.0,False,False,0.0,0.0,0.0,0,6000,0,0.0,0,0.0,59.999966110652515,0.8093570000001271,3550,450,0,0,6000,0.646408499999984,0.2693368749999933,0.6884000000000013,10000,0.3377886016872207,6000,6000,0.15798022317895344,3816,0.36423062799046707,0.20540574714036397,0.794594252859636,0.5658333333333333,0.20625040481151363,3.3623387813568115,T4_measured_input,degraded_T4_simulation_input,T4_execution_environment
False,24000,0,14000,0,0,10000,0,0,100,6,1000,1010,assigned_level_sensitivity,dynamic,periodic,0.0,False,False,0.0,0.0,0.0,0,6000,0,0.0,0,0.0,59.999966110652515,0.8093570000001271,3550,450,0,0,6000,0.646408499999984,0.2693368749999933,0.6884000000000013,10000,0.33760382647090487,6000,6000,0.15560509766007843,3755,0.3637985878545309,0.20348329121487096,0.796516708785129,0.5691666666666667,0.20819349019445246,3.265918016433716,T4_measured_input,degraded_T4_simulation_input,T4_execution_environment
False,32000,2000,20000,0,0,10000,0,0,100,8,1000,101,assigned_level_sensitivity,dynamic,periodic,0.0,False,False,0.0,0.0,0.0,0,8000,2000,0.25,0,0.0,59.999966110652515,0.8093570000001271,3550,450,0,0,6000,0.646408499999984,0.20200265624999497,0.516300000000001,10000,0.25574991085196813,8000,8000,0.11740141660552454,4067,0.3528791119594823,0.1532709205558071,0.8467290794441928,0.666375,0.23547769535395774,4.6109397411346436,T4_measured_input,degraded_T4_simulation_input,T4_execution_environment
False,32000,2000,20000,0,0,10000,0,0,100,8,1000,202,assigned_level_sensitivity,dynamic,periodic,0.0,False,False,0.0,0.0,0.0,0,8000,2000,0.25,0,0.0,59.999966110652515,0.8093570000001271,3550,450,0,0,6000,0.646408499999984,0.20200265624999497,0.516300000000001,10000,0.2558449358462316,8000,8000,0.11242883847251141,3976,0.3483526276288206,0.1426264507955003,0.8573735492044997,0.673375,0.23592378915630918,4.491535902023315,T4_measured_input,degraded_T4_simulation_input,T4_execution_environment
False,32000,2000,20000,0,0,10000,0,0,100,8,1000,303,assigned_level_sensitivity,dynamic,periodic,0.0,False,False,0.0,0.0,0.0,0,8000,2000,0.25,0,0.0,59.999966110652515,0.8093570000001271,3550,450,0,0,6000,0.646408499999984,0.20200265624999497,0.516300000000001,10000,0.25574481425924006,8000,8000,0.11343812711846427,3963,0.3496396583241262,0.1483293869684524,0.8516706130315476,0.675875,0.23620153120566192,4.581007480621338,T4_measured_input,degraded_T4_simulation_input,T4_execution_environment
False,32000,2000,20000,0,0,10000,0,0,100,8,1000,404,assigned_level_sensitivity,dynamic,periodic,0.0,False,False,0.0,0.0,0.0,0,8000,2000,0.25,0,0.0,59.999966110652515,0.8093570000001271,3550,450,0,0,6000,0.646408499999984,0.20200265624999497,0.516300000000001,10000,0.2558570780408955,8000,8000,0.11253156788317553,3888,0.3487663831690203,0.14083596108357935,0.8591640389164207,0.677125,0.23623481528584478,4.4907002449035645,T4_measured_input,degraded_T4_simulation_input,T4_execution_environment
False,32000,2000,20000,0,0,10000,0,0,100,8,1000,505,assigned_level_sensitivity,dynamic,periodic,0.0,False,False,0.0,0.0,0.0,0,8000,2000,0.25,0,0.0,59.999966110652515,0.8093570000001271,3550,450,0,0,6000,0.646408499999984,0.20200265624999497,0.516300000000001,10000,0.25608743593171934,8000,8000,0.11134859702749542,3952,0.3495902844275431,0.14113347879101398,0.858866521208986,0.676,0.23824168740004767,4.4600279331207275,T4_measured_input,degraded_T4_simulation_input,T4_execution_environment
False,32000,2000,20000,0,0,10000,0,0,100,8,1000,606,assigned_level_sensitivity,dynamic,periodic,0.0,False,False,0.0,0.0,0.0,0,8000,2000,0.25,0,0.0,59.999966110652515,0.8093570000001271,3550,450,0,0,6000,0.646408499999984,0.20200265624999497,0.516300000000001,10000,0.25529247943610534,8000,8000,0.11263928590430394,3925,0.3522984554777604,0.13008115857739141,0.8699188414226086,0.677,0.23965916957345645,4.387489557266235,T4_measured_input,degraded_T4_simulation_input,T4_execution_environment
False,32000,2000,20000,0,0,10000,0,0,100,8,1000,707,assigned_level_sensitivity,dynamic,periodic,0.0,False,False,0.0,0.0,0.0,0,8000,2000,0.25,0,0.0,59.999966110652515,0.8093570000001271,3550,450,0,0,6000,0.646408499999984,0.20200265624999497,0.516300000000001,10000,0.25556411889558767,8000,8000,0.11570733645178526,3891,0.3565289084485571,0.14394187656316315,0.8560581234368368,0.670875,0.24082157199677184,4.491981744766235,T4_measured_input,degraded_T4_simulation_input,T4_execution_environment
False,32000,2000,20000,0,0,10000,0,0,100,8,1000,808,assigned_level_sensitivity,dynamic,periodic,0.0,False,False,0.0,0.0,0.0,0,8000,2000,0.25,0,0.0,59.999966110652515,0.8093570000001271,3550,450,0,0,6000,0.646408499999984,0.20200265624999497,0.516300000000001,10000,0.25487764736883844,8000,8000,0.11561420387033956,3902,0.35572996447211197,0.1438443508026796,0.8561556491973203,0.669125,0.24011576060177242,4.17611289024353,T4_measured_input,degraded_T4_simulation_input,T4_execution_environment
False,32000,2000,20000,0,0,10000,0,0,100,8,1000,909,assigned_level_sensitivity,dynamic,periodic,0.0,False,False,0.0,0.0,0.0,0,8000,2000,0.25,0,0.0,59.999966110652515,0.8093570000001271,3550,450,0,0,6000,0.646408499999984,0.20200265624999497,0.516300000000001,10000,0.2558739201307602,8000,8000,0.11861765368206616,3920,0.3641458862108147,0.14648894177085145,0.8535110582291485,0.66825,0.2455282325287485,4.381856679916382,T4_measured_input,degraded_T4_simulation_input,T4_execution_environment
False,32000,2000,20000,0,0,10000,0,0,100,8,1000,1010,assigned_level_sensitivity,dynamic,periodic,0.0,False,False,0.0,0.0,0.0,0,8000,2000,0.25,0,0.0,59.999966110652515,0.8093570000001271,3550,450,0,0,6000,0.646408499999984,0.20200265624999497,0.516300000000001,10000,0.2563801293005639,8000,8000,0.11234253887435126,3791,0.36186497304882304,0.14079340335776697,0.8592065966422331,0.678125,0.24952243417447179,3.544095516204834,T4_measured_input,degraded_T4_simulation_input,T4_execution_environment
False,40000,4000,26000,0,0,10000,0,0,100,10,1000,101,assigned_level_sensitivity,dynamic,periodic,0.0,False,False,0.0,0.0,0.0,0,10000,4000,0.4,0,0.0,59.999966110652515,0.8093570000001271,3550,450,0,0,6000,0.646408499999984,0.161602124999996,0.4130400000000008,10000,0.2066418258908995,10000,10000,0.0904404686802235,4020,0.35287387768677847,0.09761354860773334,0.9023864513922667,0.7388,0.262433409006555,4.752147197723389,T4_measured_input,degraded_T4_simulation_input,T4_execution_environment
False,40000,4000,26000,0,0,10000,0,0,100,10,1000,202,assigned_level_sensitivity,dynamic,periodic,0.0,False,False,0.0,0.0,0.0,0,10000,4000,0.4,0,0.0,59.999966110652515,0.8093570000001271,3550,450,0,0,6000,0.646408499999984,0.161602124999996,0.4130400000000008,10000,0.20757728421467117,10000,10000,0.09008901997074965,4160,0.35778537353936507,0.1086485912398489,0.8913514087601511,0.733,0.26769635356861543,5.000224590301514,T4_measured_input,degraded_T4_simulation_input,T4_execution_environment
False,40000,4000,26000,0,0,10000,0,0,100,10,1000,303,assigned_level_sensitivity,dynamic,periodic,0.0,False,False,0.0,0.0,0.0,0,10000,4000,0.4,0,0.0,59.999966110652515,0.8093570000001271,3550,450,0,0,6000,0.646408499999984,0.161602124999996,0.4130400000000008,10000,0.20540090469008954,10000,10000,0.08409130781249805,4220,0.32079145819455557,0.10566856337811306,0.894331436621887,0.736,0.23670015038205752,5.115126609802246,T4_measured_input,degraded_T4_simulation_input,T4_execution_environment
False,40000,4000,26000,0,0,10000,0,0,100,10,1000,404,assigned_level_sensitivity,dynamic,periodic,0.0,False,False,0.0,0.0,0.0,0,10000,4000,0.4,0,0.0,59.999966110652515,0.8093570000001271,3550,450,0,0,6000,0.646408499999984,0.161602124999996,0.4130400000000008,10000,0.20615942463101444,10000,10000,0.09222096188130414,4340,0.3313814157760197,0.1160961571955146,0.8839038428044854,0.73,0.23916045389471557,4.6365015506744385,T4_measured_input,degraded_T4_simulation_input,T4_execution_environment
False,40000,4000,26000,0,0,10000,0,0,100,10,1000,505,assigned_level_sensitivity,dynamic,periodic,0.0,False,False,0.0,0.0,0.0,0,10000,4000,0.4,0,0.0,59.999966110652515,0.8093570000001271,3550,450,0,0,6000,0.646408499999984,0.161602124999996,0.4130400000000008,10000,0.20645359114261969,10000,10000,0.09174577164982174,4192,0.3532202423744401,0.10281031624413713,0.8971896837558628,0.728,0.2614744707246184,4.593975305557251,T4_measured_input,degraded_T4_simulation_input,T4_execution_environment
False,40000,4000,26000,0,0,10000,0,0,100,10,1000,606,assigned_level_sensitivity,dynamic,periodic,0.0,False,False,0.0,0.0,0.0,0,10000,4000,0.4,0,0.0,59.999966110652515,0.8093570000001271,3550,450,0,0,6000,0.646408499999984,0.161602124999996,0.4130400000000008,10000,0.20603884411997161,10000,10000,0.0913625978418671,4230,0.33697588727672445,0.0964563699905317,0.9035436300094684,0.731,0.24561328943485736,4.4954187870025635,T4_measured_input,degraded_T4_simulation_input,T4_execution_environment
False,40000,4000,26000,0,0,10000,0,0,100,10,1000,707,assigned_level_sensitivity,dynamic,periodic,0.0,False,False,0.0,0.0,0.0,0,10000,4000,0.4,0,0.0,59.999966110652515,0.8093570000001271,3550,450,0,0,6000,0.646408499999984,0.161602124999996,0.4130400000000008,10000,0.20483880927863307,10000,10000,0.09136121569993334,4160,0.35315296279180797,0.11697074138577228,0.8830292586142278,0.7302,0.26179174709187464,4.588352203369141,T4_measured_input,degraded_T4_simulation_input,T4_execution_environment
False,40000,4000,26000,0,0,10000,0,0,100,10,1000,808,assigned_level_sensitivity,dynamic,periodic,0.0,False,False,0.0,0.0,0.0,0,10000,4000,0.4,0,0.0,59.999966110652515,0.8093570000001271,3550,450,0,0,6000,0.646408499999984,0.161602124999996,0.4130400000000008,10000,0.20708693975672812,10000,10000,0.08728000404949936,4040,0.34223759262695735,0.09734450094217376,0.9026554990578263,0.74,0.254957588577458,4.673193693161011,T4_measured_input,degraded_T4_simulation_input,T4_execution_environment
False,40000,4000,26000,0,0,10000,0,0,100,10,1000,909,assigned_level_sensitivity,dynamic,periodic,0.0,False,False,0.0,0.0,0.0,0,10000,4000,0.4,0,0.0,59.999966110652515,0.8093570000001271,3550,450,0,0,6000,0.646408499999984,0.161602124999996,0.4130400000000008,10000,0.20632598232892155,10000,10000,0.08696354694995376,4122,0.33813483260492755,0.10560449754126487,0.8943955024587351,0.7317,0.2511712856549738,4.621362686157227,T4_measured_input,degraded_T4_simulation_input,T4_execution_environment
False,40000,4000,26000,0,0,10000,0,0,100,10,1000,1010,assigned_level_sensitivity,dynamic,periodic,0.0,False,False,0.0,0.0,0.0,0,10000,4000,0.4,0,0.0,59.999966110652515,0.8093570000001271,3550,450,0,0,6000,0.646408499999984,0.161602124999996,0.4130400000000008,10000,0.20626118153705458,10000,10000,0.09246775034094894,4140,0.3543388182231551,0.09980237059669465,0.9001976294033054,0.7251,0.26187106788220615,4.900472402572632,T4_measured_input,degraded_T4_simulation_input,T4_execution_environment
False,16000,0,587,0,0,15413,0,0,150,4,1000,101,assigned_level_sensitivity,dynamic,periodic,0.0,False,False,0.0,0.0,0.0,0,4000,0,0.0,0,0.0,59.99998508555376,0.8118348147666048,1416,4909,95,3942,5051,0.6518109777460147,0.6278976624999578,0.6884000000000013,15413,0.6397850710232837,4000,4000,0.4839246900301845,3933,0.5001094043599014,0.6298314893335019,0.37016851066649814,0.086,0.016184714329716854,3.1391077041625977,T4_measured_input,degraded_T4_simulation_input,T4_execution_environment
False,16000,0,675,0,0,15325,0,0,150,4,1000,202,assigned_level_sensitivity,dynamic,periodic,0.0,False,False,0.0,0.0,0.0,0,4000,0,0.0,0,0.0,59.99997821136897,0.8121161500814128,1408,4783,119,3952,5063,0.65215491027728,0.6246421249999572,0.6884000000000013,15325,0.6371581430350622,4000,4000,0.47324269827542276,3912,0.4895940864452485,0.6204955472903964,0.37950445270960365,0.10325,0.01635138816982573,3.5221095085144043,T4_measured_input,degraded_T4_simulation_input,T4_execution_environment
False,16000,0,612,0,0,15388,0,0,150,4,1000,303,assigned_level_sensitivity,dynamic,periodic,0.0,False,False,0.0,0.0,0.0,0,4000,0,0.0,0,0.0,59.99995757640868,0.8122959448919709,1457,4802,98,4021,5010,0.6518597868468486,0.6269261499999567,0.6884000000000013,15388,0.6393182617501767,4000,4000,0.48518876880728234,3936,0.49908023033588145,0.6288529964966353,0.3711470035033647,0.08075,0.013891461528599103,3.4229345321655273,T4_measured_input,degraded_T4_simulation_input,T4_execution_environment
False,16000,0,544,0,0,15456,0,0,150,4,1000,404,assigned_level_sensitivity,dynamic,periodic,0.0,False,False,0.0,0.0,0.0,0,4000,0,0.0,0,0.0,59.99997560328443,0.812107272256573,1392,4999,66,4086,4913,0.6516140980848433,0.6294592187499586,0.6884000000000013,15456,0.6412792853040359,4000,4000,0.4828021280910155,3952,0.49630654626159243,0.6284872710310895,0.3715127289689105,0.08775,0.013504418170576904,3.483766794204712,T4_measured_input,degraded_T4_simulation_input,T4_execution_environment
False,16000,0,552,0,0,15448,0,0,150,4,1000,505,assigned_level_sensitivity,dynamic,periodic,0.0,False,False,0.0,0.0,0.0,0,4000,0,0.0,0,0.0,59.99998707450773,0.8118151216984457,1477,4835,109,4059,4968,0.6516408984981433,0.6291592874999574,0.6884000000000013,15448,0.6408538796834056,4000,4000,0.48012391154590184,3952,0.4930354709556493,0.6262363944068484,0.3737636055931516,0.089,0.012911559409747475,3.4850707054138184,T4_measured_input,degraded_T4_simulation_input,T4_execution_environment
False,16000,0,656,0,0,15344,0,0,150,4,1000,606,assigned_level_sensitivity,dynamic,periodic,0.0,False,False,0.0,0.0,0.0,0,4000,0,0.0,0,0.0,59.99999562383473,0.8116038842542775,1300,4763,88,4187,5006,0.652914826642291,0.626145318749957,0.6884000000000013,15344,0.6396710434313421,4000,4000,0.4720592427881518,3880,0.4936227764243734,0.6200972531355168,0.3799027468644832,0.10025,0.0215635336362216,3.539761781692505,T4_measured_input,degraded_T4_simulation_input,T4_execution_environment
False,16000,0,568,0,0,15432,0,0,150,4,1000,707,assigned_level_sensitivity,dynamic,periodic,0.0,False,False,0.0,0.0,0.0,0,4000,0,0.0,0,0.0,59.999954164920126,0.8112662001035273,1372,4800,77,4235,4948,0.6524223626230775,0.6292613687499583,0.6884000000000013,15432,0.6411515394047655,4000,4000,0.47664964190249187,3936,0.4923195836106341,0.6227498136959695,0.3772501863040305,0.086,0.015669941708142232,3.5650219917297363,T4_measured_input,degraded_T4_simulation_input,T4_execution_environment
False,16000,0,711,0,0,15289,0,0,150,4,1000,808,assigned_level_sensitivity,dynamic,periodic,0.0,False,False,0.0,0.0,0.0,0,4000,0,0.0,0,0.0,59.9998601223541,0.8123624828306457,1363,4827,73,3928,5098,0.6523472823598225,0.6233585999999579,0.6884000000000013,15289,0.6371783545550558,4000,4000,0.4798672887191222,3920,0.4956123140965141,0.6260241776101996,0.3739758223898004,0.09975,0.015745025377391864,3.671565532684326,T4_measured_input,degraded_T4_simulation_input,T4_execution_environment
False,16000,0,636,0,0,15364,0,0,150,4,1000,909,assigned_level_sensitivity,dynamic,periodic,0.0,False,False,0.0,0.0,0.0,0,4000,0,0.0,0,0.0,59.999999551895066,0.8119233272583768,1379,4830,76,4027,5052,0.6522877766206273,0.6263593374999574,0.6884000000000013,15364,0.6392029352285958,4000,4000,0.47697478135395804,3941,0.493828301227898,0.614218032878365,0.38578196712163504,0.0915,0.01685351987393996,3.6658668518066406,T4_measured_input,degraded_T4_simulation_input,T4_execution_environment
False,16000,0,584,0,0,15416,0,0,150,4,1000,1010,assigned_level_sensitivity,dynamic,periodic,0.0,False,False,0.0,0.0,0.0,0,4000,0,0.0,0,0.0,59.9999846826879,0.8122826933055038,1496,4808,95,4060,4957,0.6515917682926383,0.6278086687499571,0.6884000000000013,15416,0.6395776136064473,4000,4000,0.48243320367919273,3928,0.4971775619656109,0.6265111521539103,0.3734888478460897,0.084,0.01474435828641818,3.365835666656494,T4_measured_input,degraded_T4_simulation_input,T4_execution_environment
False,24000,0,2004,0,0,21996,0,0,150,6,1000,101,assigned_level_sensitivity,dynamic,periodic,0.0,False,False,0.0,0.0,0.0,0,6000,0,0.0,0,0.0,59.999873707908066,0.8046517548642026,15987,9,0,0,6000,0.6088578696124374,0.5580182374997988,0.6884000000000013,21996,0.5830874492516862,6000,6000,0.3861195742605795,5625,0.4228694296719207,0.6163330847081558,0.38366691529184416,0.14016666666666666,0.03674985541134118,4.387117147445679,T4_measured_input,degraded_T4_simulation_input,T4_execution_environment
False,24000,0,2000,0,0,22000,0,0,150,6,1000,202,assigned_level_sensitivity,dynamic,periodic,0.0,False,False,0.0,0.0,0.0,0,6000,0,0.0,0,0.0,59.999873707908066,0.8046490909087726,16000,0,0,0,6000,0.6088363636361441,0.5580999999997988,0.6884000000000013,22000,0.5827035599766293,6000,6000,0.39185267945676894,5656,0.42549312698343916,0.6147019026983429,0.3852980973016571,0.12866666666666668,0.033640447526670225,4.265355587005615,T4_measured_input,degraded_T4_simulation_input,T4_execution_environment
False,24000,0,2008,0,0,21992,0,0,150,6,1000,303,assigned_level_sensitivity,dynamic,periodic,0.0,False,False,0.0,0.0,0.0,0,6000,0,0.0,0,0.0,59.999979591232666,0.8046471444158331,15972,20,0,0,6000,0.6088829574388495,0.5579397499997991,0.6884000000000013,21992,0.5829438271964577,6000,6000,0.3862697164309674,5668,0.4208623678545376,0.6080251805733424,0.3919748194266576,0.133,0.03459265142357021,4.266277551651001,T4_measured_input,degraded_T4_simulation_input,T4_execution_environment
False,24000,0,2000,0,0,22000,0,0,150,6,1000,404,assigned_level_sensitivity,dynamic,periodic,0.0,False,False,0.0,0.0,0.0,0,6000,0,0.0,0,0.0,59.999873707908066,0.8046490909087726,16000,0,0,0,6000,0.6088363636361441,0.5580999999997988,0.6884000000000013,22000,0.5829575563101425,6000,6000,0.3891644507065571,5660,0.4238661936354657,0.6135706498980813,0.3864293501019187,0.13083333333333333,0.0347017429289086,4.287660837173462,T4_measured_input,degraded_T4_simulation_input,T4_execution_environment
False,24000,0,2012,0,0,21988,0,0,150,6,1000,505,assigned_level_sensitivity,dynamic,periodic,0.0,False,False,0.0,0.0,0.0,0,6000,0,0.0,0,0.0,59.999873707908066,0.8046498089864017,15959,29,0,0,6000,0.6089044797159896,0.5578579874997991,0.6884000000000013,21988,0.5830104559518593,6000,6000,0.3891558875767148,5672,0.42499789176432146,0.6108057629057665,0.3891942370942335,0.12933333333333333,0.035842004187606635,4.18684458732605,T4_measured_input,degraded_T4_simulation_input,T4_execution_environment
False,24000,0,2004,0,0,21996,0,0,150,6,1000,606,assigned_level_sensitivity,dynamic,periodic,0.0,False,False,0.0,0.0,0.0,0,6000,0,0.0,0,0.0,59.999873707908066,0.8046517548642026,15987,9,0,0,6000,0.6088578696124374,0.5580182374997988,0.6884000000000013,21996,0.5829210672736014,6000,6000,0.3866744555571083,5700,0.4195122209489354,0.6004000752497112,0.3995999247502888,0.12866666666666668,0.032837765391827145,3.860037088394165,T4_measured_input,degraded_T4_simulation_input,T4_execution_environment
False,24000,0,2008,0,0,21992,0,0,150,6,1000,707,assigned_level_sensitivity,dynamic,periodic,0.0,False,False,0.0,0.0,0.0,0,6000,0,0.0,0,0.0,59.999873707908066,0.8046544197886957,15974,18,0,0,6000,0.6088793834119306,0.557936474999799,0.6884000000000013,21992,0.582716421359465,6000,6000,0.388859673562669,5647,0.4250478620936803,0.6060486049171185,0.39395139508288146,0.13433333333333333,0.0361881885310113,4.064481019973755,T4_measured_input,degraded_T4_simulation_input,T4_execution_environment
False,24000,0,2000,0,0,22000,0,0,150,6,1000,808,assigned_level_sensitivity,dynamic,periodic,0.0,False,False,0.0,0.0,0.0,0,6000,0,0.0,0,0.0,59.999873707908066,0.8046490909087726,16000,0,0,0,6000,0.6088363636361441,0.5580999999997988,0.6884000000000013,22000,0.5830212350051353,6000,6000,0.384560397352733,5656,0.42069641044626765,0.6047445179164952,0.3952554820835048,0.13633333333333333,0.03613601309353465,3.9026291370391846,T4_measured_input,degraded_T4_simulation_input,T4_execution_environment
False,24000,0,2016,0,0,21984,0,0,150,6,1000,909,assigned_level_sensitivity,dynamic,periodic,0.0,False,False,0.0,0.0,0.0,0,6000,0,0.0,0,0.0,59.99998217093023,0.8046538391554315,15945,39,0,0,6000,0.6089277974888638,0.5577778624997992,0.6884000000000013,21984,0.5831122678689861,6000,6000,0.3896227722975844,5656,0.42666943187932527,0.6124022571836095,0.3875977428163905,0.12733333333333333,0.03704665958174086,3.835401773452759,T4_measured_input,degraded_T4_simulation_input,T4_execution_environment
False,24000,0,2000,0,0,22000,0,0,150,6,1000,1010,assigned_level_sensitivity,dynamic,periodic,0.0,False,False,0.0,0.0,0.0,0,6000,0,0.0,0,0.0,59.999873707908066,0.8046490909087726,16000,0,0,0,6000,0.6088363636361441,0.5580999999997988,0.6884000000000013,22000,0.5836087735800848,6000,6000,0.38436710421010806,5664,0.41922823887839306,0.606247183596574,0.39375281640342596,0.135,0.034861134668285,3.98061466217041,T4_measured_input,degraded_T4_simulation_input,T4_execution_environment
False,32000,0,15000,0,0,17000,0,0,150,8,1000,101,assigned_level_sensitivity,dynamic,periodic,0.0,False,False,0.0,0.0,0.0,0,8000,0,0.0,0,0.0,59.999907564141665,0.8043941176468684,7001,1999,0,0,8000,0.6351035705880826,0.3373987718749189,0.6884000000000013,17000,0.40493239082641486,8000,8000,0.21019409566350658,5672,0.3815056876280924,0.30095842821630076,0.6990415717836993,0.471,0.1713115919645858,4.310441970825195,T4_measured_input,degraded_T4_simulation_input,T4_execution_environment
False,32000,0,15000,0,0,17000,0,0,150,8,1000,202,assigned_level_sensitivity,dynamic,periodic,0.0,False,False,0.0,0.0,0.0,0,8000,0,0.0,0,0.0,59.999907564141665,0.8043958823527507,7000,2000,0,0,8000,0.6351058823527885,0.33739999999991893,0.6884000000000013,17000,0.40506314892677037,8000,8000,0.2092892067571365,5712,0.38310441985256216,0.2969140584720589,0.7030859415279411,0.469,0.17381521309542566,4.306167840957642,T4_measured_input,degraded_T4_simulation_input,T4_execution_environment
False,32000,0,15000,0,0,17000,0,0,150,8,1000,303,assigned_level_sensitivity,dynamic,periodic,0.0,False,False,0.0,0.0,0.0,0,8000,0,0.0,0,0.0,59.999907564141665,0.8043929411762801,7000,2000,0,0,8000,0.6351058823527885,0.33739999999991893,0.6884000000000013,17000,0.4053623291951982,8000,8000,0.2126961095377647,5584,0.3920598682011622,0.307826145801728,0.692173854198272,0.468,0.1793637586633975,4.174565076828003,T4_measured_input,degraded_T4_simulation_input,T4_execution_environment
False,32000,0,15000,0,0,17000,0,0,150,8,1000,404,assigned_level_sensitivity,dynamic,periodic,0.0,False,False,0.0,0.0,0.0,0,8000,0,0.0,0,0.0,59.999907564141665,0.8043941176468684,7001,1999,0,0,8000,0.6351035705880828,0.33739877187491896,0.6884000000000013,17000,0.4057472813406935,8000,8000,0.20587578065587053,5728,0.3763236460841901,0.28256813295624955,0.7174318670437505,0.473,0.17044786542831958,4.300440311431885,T4_measured_input,degraded_T4_simulation_input,T4_execution_environment
False,32000,0,15000,0,0,17000,0,0,150,8,1000,505,assigned_level_sensitivity,dynamic,periodic,0.0,False,False,0.0,0.0,0.0,0,8000,0,0.0,0,0.0,59.999907564141665,0.8043958823527507,7000,2000,0,0,8000,0.6351058823527885,0.33739999999991893,0.6884000000000013,17000,0.4052973010169989,8000,8000,0.2131978851584284,5576,0.3885992768946796,0.30579454372554155,0.6942054562744584,0.472,0.1754013917362512,4.183512926101685,T4_measured_input,degraded_T4_simulation_input,T4_execution_environment
False,32000,0,15000,0,0,17000,0,0,150,8,1000,606,assigned_level_sensitivity,dynamic,periodic,0.0,False,False,0.0,0.0,0.0,0,8000,0,0.0,0,0.0,59.999907564141665,0.8043958823527507,7000,2000,0,0,8000,0.6351058823527885,0.33739999999991893,0.6884000000000013,17000,0.40514549198005617,8000,8000,0.2067989090653784,5632,0.3833591899878343,0.29116610208776733,0.7088338979122326,0.465,0.1765602809224559,4.290549039840698,T4_measured_input,degraded_T4_simulation_input,T4_execution_environment
False,32000,0,15000,0,0,17000,0,0,150,8,1000,707,assigned_level_sensitivity,dynamic,periodic,0.0,False,False,0.0,0.0,0.0,0,8000,0,0.0,0,0.0,59.999907564141665,0.8043958823527507,7000,2000,0,0,8000,0.6351058823527885,0.33739999999991893,0.6884000000000013,17000,0.40517598212613876,8000,8000,0.20869900001320946,5672,0.3815468265167706,0.29493314856655317,0.7050668514334468,0.473,0.17284782650356112,4.558251619338989,T4_measured_input,degraded_T4_simulation_input,T4_execution_environment
False,32000,0,15000,0,0,17000,0,0,150,8,1000,808,assigned_level_sensitivity,dynamic,periodic,0.0,False,False,0.0,0.0,0.0,0,8000,0,0.0,0,0.0,59.999907564141665,0.8043929411762801,7000,2000,0,0,8000,0.6351058823527885,0.33739999999991893,0.6884000000000013,17000,0.4050503198423662,8000,8000,0.20902050612276044,5640,0.3797217751940537,0.30313320476480027,0.6968667952351997,0.478,0.17070126907129327,4.592461585998535,T4_measured_input,degraded_T4_simulation_input,T4_execution_environment
False,32000,0,15000,0,0,17000,0,0,150,8,1000,909,assigned_level_sensitivity,dynamic,periodic,0.0,False,False,0.0,0.0,0.0,0,8000,0,0.0,0,0.0,59.999907564141665,0.8043929411762801,7000,2000,0,0,8000,0.6351058823527885,0.33739999999991893,0.6884000000000013,17000,0.40536719827638673,8000,8000,0.21154433085579927,5576,0.39002043269607295,0.3023995695369233,0.6976004304630767,0.474,0.17847610184027368,4.5992591381073,T4_measured_input,degraded_T4_simulation_input,T4_execution_environment
False,32000,0,15000,0,0,17000,0,0,150,8,1000,1010,assigned_level_sensitivity,dynamic,periodic,0.0,False,False,0.0,0.0,0.0,0,8000,0,0.0,0,0.0,59.999907564141665,0.8043958823527507,7000,2000,0,0,8000,0.6351058823527885,0.33739999999991893,0.6884000000000013,17000,0.4057803263987735,8000,8000,0.20382671951130718,5576,0.3764021388187125,0.2954288190842587,0.7045711809157413,0.489,0.1725754193074053,4.777700185775757,T4_measured_input,degraded_T4_simulation_input,T4_execution_environment
False,40000,0,27000,0,0,13000,0,0,150,10,1000,101,assigned_level_sensitivity,dynamic,periodic,0.0,False,False,0.0,0.0,0.0,0,10000,0,0.0,0,0.0,59.99992606659082,0.8062123076922719,2115,885,0,0,10000,0.66582926923072,0.21639451249998395,0.6884000000000013,13000,0.2818250772167253,10000,10000,0.11025022076230925,5580,0.34016776850223296,0.12319437166889588,0.8768056283311041,0.666,0.2299175477399237,5.529815196990967,T4_measured_input,degraded_T4_simulation_input,T4_execution_environment
False,40000,0,27000,0,0,13000,0,0,150,10,1000,202,assigned_level_sensitivity,dynamic,periodic,0.0,False,False,0.0,0.0,0.0,0,10000,0,0.0,0,0.0,59.99992606659082,0.8062123076922719,2115,885,0,0,10000,0.66582926923072,0.21639451249998395,0.6884000000000013,13000,0.2809294637282948,10000,10000,0.11213500190704337,5680,0.338824174622231,0.12461574304295292,0.8753842569570471,0.6598,0.22668917271518765,4.549607038497925,T4_measured_input,degraded_T4_simulation_input,T4_execution_environment
False,40000,0,27000,0,0,13000,0,0,150,10,1000,303,assigned_level_sensitivity,dynamic,periodic,0.0,False,False,0.0,0.0,0.0,0,10000,0,0.0,0,0.0,59.99992606659082,0.8062123076922719,2115,885,0,0,10000,0.66582926923072,0.21639451249998395,0.6884000000000013,13000,0.2809269639378916,10000,10000,0.11466777265200596,5580,0.34899039026101164,0.12980329541971097,0.870196704580289,0.66,0.2343226176090057,4.5899457931518555,T4_measured_input,degraded_T4_simulation_input,T4_execution_environment
False,40000,0,27000,0,0,13000,0,0,150,10,1000,404,assigned_level_sensitivity,dynamic,periodic,0.0,False,False,0.0,0.0,0.0,0,10000,0,0.0,0,0.0,59.99992606659082,0.8062123076922719,2115,885,0,0,10000,0.66582926923072,0.21639451249998395,0.6884000000000013,13000,0.28129581133154236,10000,10000,0.1124867263070121,5600,0.3398207305495946,0.13396066749142416,0.8660393325085758,0.668,0.2273340042425825,4.501485109329224,T4_measured_input,degraded_T4_simulation_input,T4_execution_environment
False,40000,0,27000,0,0,13000,0,0,150,10,1000,505,assigned_level_sensitivity,dynamic,periodic,0.0,False,False,0.0,0.0,0.0,0,10000,0,0.0,0,0.0,59.99992606659082,0.8062123076922719,2115,885,0,0,10000,0.66582926923072,0.21639451249998395,0.6884000000000013,13000,0.2810086306717018,10000,10000,0.11218041313809424,5600,0.34066652323443575,0.13801642442815315,0.8619835755718468,0.6662,0.2284861100963415,4.443514823913574,T4_measured_input,degraded_T4_simulation_input,T4_execution_environment
False,40000,0,27000,0,0,13000,0,0,150,10,1000,606,assigned_level_sensitivity,dynamic,periodic,0.0,False,False,0.0,0.0,0.0,0,10000,0,0.0,0,0.0,59.99992606659082,0.8062123076922719,2115,885,0,0,10000,0.66582926923072,0.21639451249998395,0.6884000000000013,13000,0.28095594986733796,10000,10000,0.11530700912820006,5660,0.3431827691464535,0.12251797738074131,0.8774820226192587,0.656,0.22787576001825344,4.648324251174927,T4_measured_input,degraded_T4_simulation_input,T4_execution_environment
False,40000,0,27000,0,0,13000,0,0,150,10,1000,707,assigned_level_sensitivity,dynamic,periodic,0.0,False,False,0.0,0.0,0.0,0,10000,0,0.0,0,0.0,59.99992606659082,0.8062123076922719,2115,885,0,0,10000,0.66582926923072,0.21639451249998395,0.6884000000000013,13000,0.28098361434714,10000,10000,0.11294791573480088,5520,0.34599875517909084,0.12166398327867234,0.8783360167213277,0.6638,0.23305083944428995,4.727111577987671,T4_measured_input,degraded_T4_simulation_input,T4_execution_environment
False,40000,0,27000,0,0,13000,0,0,150,10,1000,808,assigned_level_sensitivity,dynamic,periodic,0.0,False,False,0.0,0.0,0.0,0,10000,0,0.0,0,0.0,59.99992606659082,0.8062123076922719,2115,885,0,0,10000,0.66582926923072,0.21639451249998395,0.6884000000000013,13000,0.2811945323335265,10000,10000,0.11736676097202137,5660,0.3438170896485715,0.13047235376771826,0.8695276462322817,0.654,0.22645032867655013,4.884940147399902,T4_measured_input,degraded_T4_simulation_input,T4_execution_environment
False,40000,0,27000,0,0,13000,0,0,150,10,1000,909,assigned_level_sensitivity,dynamic,periodic,0.0,False,False,0.0,0.0,0.0,0,10000,0,0.0,0,0.0,59.99992606659082,0.8062123076922719,2115,885,0,0,10000,0.66582926923072,0.21639451249998395,0.6884000000000013,13000,0.2812874196703834,10000,10000,0.12180701893936628,5760,0.3548273177434481,0.12555786733834204,0.8744421326616579,0.642,0.23302029880408182,4.460764169692993,T4_measured_input,degraded_T4_simulation_input,T4_execution_environment
False,40000,0,27000,0,0,13000,0,0,150,10,1000,1010,assigned_level_sensitivity,dynamic,periodic,0.0,False,False,0.0,0.0,0.0,0,10000,0,0.0,0,0.0,59.99992606659082,0.8062123076922719,2115,885,0,0,10000,0.66582926923072,0.21639451249998395,0.6884000000000013,13000,0.28099300598091187,10000,10000,0.11578709488169124,5560,0.35178628366166476,0.13760674102012924,0.8623932589798707,0.654,0.2359991887799735,4.514831781387329,T4_measured_input,degraded_T4_simulation_input,T4_execution_environment
False,16000,0,88,0,0,15912,0,0,200,4,1000,101,assigned_level_sensitivity,dynamic,periodic,0.0,False,False,0.0,0.0,0.0,0,4000,0,0.0,0,0.0,59.99998786248342,0.8163951734538198,772,1014,7,3223,10896,0.6754863185016183,0.6717711437498595,0.6884000000000013,15912,0.6741276272336586,4000,4000,0.4920169481434078,3992,0.4936943413638753,0.6401239782127524,0.35987602178724765,0.065,0.0016773932204675046,2.429872751235962,T4_measured_input,degraded_T4_simulation_input,T4_execution_environment
False,16000,0,72,0,0,15928,0,0,200,4,1000,202,assigned_level_sensitivity,dynamic,periodic,0.0,False,False,0.0,0.0,0.0,0,4000,0,0.0,0,0.0,59.999973342020255,0.8175320190857047,794,1100,0,3294,10740,0.6749205173278363,0.6718833749998611,0.6884000000000013,15928,0.6738423806679474,4000,4000,0.49146909650202386,4000,0.49187229269277194,0.6399222089488413,0.36007779105115867,0.058,0.00040319619074807855,2.477848768234253,T4_measured_input,degraded_T4_simulation_input,T4_execution_environment
False,16000,0,88,0,0,15912,0,0,200,4,1000,303,assigned_level_sensitivity,dynamic,periodic,0.0,False,False,0.0,0.0,0.0,0,4000,0,0.0,0,0.0,59.99998664650097,0.815021367521188,715,894,8,3286,11009,0.6763431121164982,0.6726232249998575,0.6884000000000013,15912,0.6752204238164649,4000,4000,0.4944099838017836,3992,0.49605311311985106,0.6416169965820289,0.35838300341797114,0.06975,0.0016431293180674822,2.5149765014648438,T4_measured_input,degraded_T4_simulation_input,T4_execution_environment
False,16000,0,104,0,0,15896,0,0,200,4,1000,404,assigned_level_sensitivity,dynamic,periodic,0.0,False,False,0.0,0.0,0.0,0,4000,0,0.0,0,0.0,59.9999826874094,0.817003648716479,814,967,0,3310,10805,0.6753267551583894,0.6709371312498598,0.6884000000000013,15896,0.6732168217669919,4000,4000,0.48964411297752747,3992,0.49151244939293803,0.6413299161040454,0.35867008389595456,0.06275,0.0018683364154105653,2.4841148853302,T4_measured_input,degraded_T4_simulation_input,T4_execution_environment
False,16000,0,64,0,0,15936,0,0,200,4,1000,505,assigned_level_sensitivity,dynamic,periodic,0.0,False,False,0.0,0.0,0.0,0,4000,0,0.0,0,0.0,59.999825870694146,0.8121435742970103,563,728,0,3421,11224,0.6780267319275636,0.6753146249998533,0.6884000000000013,15936,0.6771644624499173,4000,4000,0.49601662128270035,4000,0.496271160892014,0.6429901465135615,0.35700985348643854,0.062,0.00025453960931365316,2.479731321334839,T4_measured_input,degraded_T4_simulation_input,T4_execution_environment
False,16000,0,112,0,0,15888,0,0,200,4,1000,606,assigned_level_sensitivity,dynamic,periodic,0.0,False,False,0.0,0.0,0.0,0,4000,0,0.0,0,0.0,59.99998112536579,0.8124748237661897,587,832,7,3067,11395,0.6776948829303635,0.672951018749851,0.6884000000000013,15888,0.6754219081170499,4000,4000,0.4922574422205591,4000,0.49433947201035217,0.6371283697208329,0.36287163027916713,0.06375,0.0020820297897930495,2.6047556400299072,T4_measured_input,degraded_T4_simulation_input,T4_execution_environment
False,16000,0,104,0,0,15896,0,0,200,4,1000,707,assigned_level_sensitivity,dynamic,periodic,0.0,False,False,0.0,0.0,0.0,0,4000,0,0.0,0,0.0,59.999987194827334,0.8126774031201061,600,800,0,3182,11314,0.6776600150979887,0.6732552249998518,0.6884000000000013,15896,0.6755237632723349,4000,4000,0.49280322839169965,4000,0.493541661431083,0.6407264422973494,0.35927355770265057,0.064,0.0007384330393833682,2.570789337158203,T4_measured_input,degraded_T4_simulation_input,T4_execution_environment
False,16000,0,72,0,0,15928,0,0,200,4,1000,808,assigned_level_sensitivity,dynamic,periodic,0.0,False,False,0.0,0.0,0.0,0,4000,0,0.0,0,0.0,59.999983743292034,0.8168897538923392,761,1074,2,3300,10791,0.6752502385734419,0.6722116124998614,0.6884000000000013,15928,0.6744464134830613,4000,4000,0.49359173899937525,3992,0.49576565843187914,0.6381668585962917,0.36183314140370826,0.06025,0.00217391943250389,2.5228209495544434,T4_measured_input,degraded_T4_simulation_input,T4_execution_environment
False,16000,0,72,0,0,15928,0,0,200,4,1000,909,assigned_level_sensitivity,dynamic,periodic,0.0,False,False,0.0,0.0,0.0,0,4000,0,0.0,0,0.0,59.999967861618124,0.8130085384227275,580,843,0,3332,11173,0.6774846873428969,0.6744360062498539,0.6884000000000013,15928,0.6767100681445467,4000,4000,0.49597649857223214,3992,0.4969704394511344,0.6411928823906197,0.35880711760938033,0.06775,0.0009939408789022552,2.5089528560638428,T4_measured_input,degraded_T4_simulation_input,T4_execution_environment
False,16000,0,88,0,0,15912,0,0,200,4,1000,1010,assigned_level_sensitivity,dynamic,periodic,0.0,False,False,0.0,0.0,0.0,0,4000,0,0.0,0,0.0,59.999984161328534,0.8166993464050482,780,996,1,3297,10838,0.6754557001004126,0.6717406937498602,0.6884000000000013,15912,0.6739730526311678,4000,4000,0.4915970291037789,3992,0.4940793759751747,0.6380354813872774,0.3619645186127226,0.064,0.002482346871395813,2.540271282196045,T4_measured_input,degraded_T4_simulation_input,T4_execution_environment
False,24000,0,520,0,0,23480,0,0,200,6,1000,101,assigned_level_sensitivity,dynamic,periodic,0.0,False,False,0.0,0.0,0.0,0,6000,0,0.0,0,0.0,59.99995182938668,0.8073258091989879,3648,10232,76,3102,6422,0.6386771720612523,0.6248391666665918,0.6884000000000013,23480,0.6369452964217525,6000,6000,0.48079003107508395,5924,0.4896680114725719,0.6344723300838965,0.3655276699161035,0.08033333333333334,0.008877980397487939,3.8117692470550537,T4_measured_input,degraded_T4_simulation_input,T4_execution_environment
False,24000,0,564,0,0,23436,0,0,200,6,1000,202,assigned_level_sensitivity,dynamic,periodic,0.0,False,False,0.0,0.0,0.0,0,6000,0,0.0,0,0.0,59.99989349269393,0.8076455026451729,3588,10305,65,3012,6466,0.6387254821641144,0.6237154333332577,0.6884000000000013,23436,0.6354269338037422,6000,6000,0.4784001592826033,5952,0.4875483130893051,0.6270449517013515,0.37295504829864845,0.07366666666666667,0.009148153806701753,3.8740434646606445,T4_measured_input,degraded_T4_simulation_input,T4_execution_environment
False,24000,0,516,0,0,23484,0,0,200,6,1000,303,assigned_level_sensitivity,dynamic,periodic,0.0,False,False,0.0,0.0,0.0,0,6000,0,0.0,0,0.0,59.99994446412696,0.80744251405179,3587,10275,108,3167,6347,0.6387384644863843,0.6250055874999271,0.6884000000000013,23484,0.6367792063707101,6000,6000,0.48059024095016045,5948,0.4887904042587451,0.6274684442611284,0.37253155573887164,0.0735,0.00820016330858464,3.7873754501342773,T4_measured_input,degraded_T4_simulation_input,T4_execution_environment
False,24000,0,588,0,0,23412,0,0,200,6,1000,404,assigned_level_sensitivity,dynamic,periodic,0.0,False,False,0.0,0.0,0.0,0,6000,0,0.0,0,0.0,59.9999717158647,0.8075858534081796,3582,10205,96,3088,6441,0.6388933666495048,0.6232404791665919,0.6884000000000013,23412,0.6352040148696754,6000,6000,0.4816843893771334,5928,0.4921113374579583,0.6320433027633442,0.3679566972366558,0.07,0.010426948080824894,3.8183627128601074,T4_measured_input,degraded_T4_simulation_input,T4_execution_environment
False,24000,0,614,0,0,23386,0,0,200,6,1000,505,assigned_level_sensitivity,dynamic,periodic,0.0,False,False,0.0,0.0,0.0,0,6000,0,0.0,0,0.0,59.9999898904434,0.8075968528175959,3519,10302,56,3054,6455,0.6389404430000105,0.6225942166665935,0.6884000000000013,23386,0.6347897159058231,6000,6000,0.4778825423173478,5934,0.4898330010677659,0.628796276903221,0.37120372309677896,0.07416666666666667,0.011950458750418114,3.8085079193115234,T4_measured_input,degraded_T4_simulation_input,T4_execution_environment
False,24000,0,580,0,0,23420,0,0,200,6,1000,606,assigned_level_sensitivity,dynamic,periodic,0.0,False,False,0.0,0.0,0.0,0,6000,0,0.0,0,0.0,59.99995148721492,0.8073680614855804,3587,10218,56,3102,6457,0.6389144662680711,0.6234740333332595,0.6884000000000013,23420,0.6359682103498353,6000,6000,0.4788131894745525,5928,0.48799043366824196,0.6343923422346313,0.36560765776536874,0.076,0.009177244193689482,3.806687355041504,T4_measured_input,degraded_T4_simulation_input,T4_execution_environment
False,24000,0,635,0,0,23365,0,0,200,6,1000,707,assigned_level_sensitivity,dynamic,periodic,0.0,False,False,0.0,0.0,0.0,0,6000,0,0.0,0,0.0,59.99994917081929,0.8078061202650269,3598,10239,77,2911,6540,0.6387695441899474,0.6218687666665883,0.6884000000000013,23365,0.6344006703069487,6000,6000,0.4767208290026662,5912,0.4890770646286486,0.6259786714271698,0.3740213285728302,0.07616666666666666,0.01235623562598237,3.768819808959961,T4_measured_input,degraded_T4_simulation_input,T4_execution_environment
False,24000,0,632,0,0,23368,0,0,200,6,1000,808,assigned_level_sensitivity,dynamic,periodic,0.0,False,False,0.0,0.0,0.0,0,6000,0,0.0,0,0.0,59.99996867289512,0.8075932899688603,3519,10305,77,2955,6512,0.6389187778157384,0.6220939166665905,0.6884000000000013,23368,0.6345433009348804,6000,6000,0.4793235046345712,5924,0.48965332454800586,0.6305760941273106,0.36942390587268936,0.0785,0.010329819913434679,3.8122901916503906,T4_measured_input,degraded_T4_simulation_input,T4_execution_environment
False,24000,0,596,0,0,23404,0,0,200,6,1000,909,assigned_level_sensitivity,dynamic,periodic,0.0,False,False,0.0,0.0,0.0,0,6000,0,0.0,0,0.0,59.999998654769016,0.8076115193980649,3665,10144,64,3049,6482,0.638757408989838,0.6228949333332571,0.6884000000000013,23404,0.6355886721706296,6000,6000,0.47980210830548353,5900,0.4926185197087487,0.6335003660963838,0.3664996339036162,0.07733333333333334,0.012816411403265171,3.806011438369751,T4_measured_input,degraded_T4_simulation_input,T4_execution_environment
False,24000,0,640,0,0,23360,0,0,200,6,1000,1010,assigned_level_sensitivity,dynamic,periodic,0.0,False,False,0.0,0.0,0.0,0,6000,0,0.0,0,0.0,59.99999587818344,0.8077367294517271,3453,10325,88,3048,6446,0.6390687371574587,0.6220269041665931,0.6884000000000013,23360,0.6344400068850038,6000,6000,0.4776750638321713,5920,0.4895293405350381,0.6253240692773216,0.37467593072267835,0.07666666666666666,0.011854276702866817,3.776880979537964,T4_measured_input,degraded_T4_simulation_input,T4_execution_environment
False,32000,0,3000,0,0,29000,0,0,200,8,1000,101,assigned_level_sensitivity,dynamic,periodic,0.0,False,False,0.0,0.0,0.0,0,8000,0,0.0,0,0.0,59.9999975392896,0.8041175862064832,20053,947,0,0,8000,0.610462658620512,0.553231784374839,0.6884000000000013,29000,0.5829085181882419,8000,8000,0.3765615118770994,7440,0.41996505258112105,0.6037383693408477,0.3962616306591523,0.155,0.04340354070402164,4.729724407196045,T4_measured_input,degraded_T4_simulation_input,T4_execution_environment
False,32000,0,3000,0,0,29000,0,0,200,8,1000,202,assigned_level_sensitivity,dynamic,periodic,0.0,False,False,0.0,0.0,0.0,0,8000,0,0.0,0,0.0,59.999982855802266,0.8041855172409662,20079,921,0,0,8000,0.6104274241377534,0.553199853124839,0.6884000000000013,29000,0.583243133937705,8000,8000,0.3791697511131061,7424,0.41993397309357533,0.6092688748588346,0.39073112514116537,0.149,0.04076422198046925,4.750892162322998,T4_measured_input,degraded_T4_simulation_input,T4_execution_environment
False,32000,0,3000,0,0,29000,0,0,200,8,1000,303,assigned_level_sensitivity,dynamic,periodic,0.0,False,False,0.0,0.0,0.0,0,8000,0,0.0,0,0.0,59.999982855802266,0.8041262068961383,20061,939,0,0,8000,0.6104518172412018,0.5532219593748391,0.6884000000000013,29000,0.5824645620972354,8000,8000,0.37863586684049144,7465,0.4214278088134987,0.5916176085972603,0.4083823914027397,0.150125,0.042791941973007286,4.786920070648193,T4_measured_input,degraded_T4_simulation_input,T4_execution_environment
False,32000,0,3000,0,0,29000,0,0,200,8,1000,404,assigned_level_sensitivity,dynamic,periodic,0.0,False,False,0.0,0.0,0.0,0,8000,0,0.0,0,0.0,59.999993799342825,0.8041410344823453,20069,931,0,0,8000,0.6104409758618914,0.5532121343748391,0.6884000000000013,29000,0.5827686056525895,8000,8000,0.37953429785105147,7424,0.4217021382103515,0.5954730727310659,0.40452692726893413,0.157,0.042167840359300046,4.87865138053894,T4_measured_input,degraded_T4_simulation_input,T4_execution_environment
False,32000,0,3000,0,0,29000,0,0,200,8,1000,505,assigned_level_sensitivity,dynamic,periodic,0.0,False,False,0.0,0.0,0.0,0,8000,0,0.0,0,0.0,59.999982855802266,0.8042206896547596,20100,900,0,0,8000,0.6103989655170636,0.5531740624998389,0.6884000000000013,29000,0.5824541569383991,8000,8000,0.38158648644445414,7486,0.4224286034716447,0.6040073417924141,0.3959926582075859,0.14925,0.04084211702719054,4.773332595825195,T4_measured_input,degraded_T4_simulation_input,T4_execution_environment
False,32000,0,3000,0,0,29000,0,0,200,8,1000,606,assigned_level_sensitivity,dynamic,periodic,0.0,False,False,0.0,0.0,0.0,0,8000,0,0.0,0,0.0,59.999982855802266,0.8041399999995863,20069,931,0,0,8000,0.6104409758618914,0.5532121343748391,0.6884000000000013,29000,0.5834987988109586,8000,8000,0.37810021880014855,7448,0.4189072492634737,0.5937841682745976,0.40621583172540243,0.15,0.04080703046332518,4.821317195892334,T4_measured_input,degraded_T4_simulation_input,T4_execution_environment
False,32000,0,3000,0,0,29000,0,0,200,8,1000,707,assigned_level_sensitivity,dynamic,periodic,0.0,False,False,0.0,0.0,0.0,0,8000,0,0.0,0,0.0,59.99998328531461,0.8041865517237244,20086,914,0,0,8000,0.6104179379308567,0.5531912562498389,0.6884000000000013,29000,0.5827897433949341,8000,8000,0.38202882055218546,7424,0.4251164807154641,0.6046553361010434,0.3953446638989566,0.151,0.04308766016327864,4.706366777420044,T4_measured_input,degraded_T4_simulation_input,T4_execution_environment
False,32000,0,3000,0,0,29000,0,0,200,8,1000,808,assigned_level_sensitivity,dynamic,periodic,0.0,False,False,0.0,0.0,0.0,0,8000,0,0.0,0,0.0,59.9999845078225,0.8041451724133797,20072,928,0,0,8000,0.6104369103446502,0.5532084499998392,0.6884000000000013,29000,0.5826732289655944,8000,8000,0.3808458318301334,7464,0.42170373529177557,0.6041302600030284,0.3958697399969716,0.153,0.0408579034616422,4.628045558929443,T4_measured_input,degraded_T4_simulation_input,T4_execution_environment
False,32000,0,3000,0,0,29000,0,0,200,8,1000,909,assigned_level_sensitivity,dynamic,periodic,0.0,False,False,0.0,0.0,0.0,0,8000,0,0.0,0,0.0,59.99999395255929,0.8040837931030343,20050,950,0,0,8000,0.6104667241377535,0.5532354687498391,0.6884000000000013,29000,0.5835379232778397,8000,8000,0.3795073526943799,7379,0.4270117433545102,0.6029031643124481,0.39709683568755194,0.1505,0.04750439066013029,4.701942443847656,T4_measured_input,degraded_T4_simulation_input,T4_execution_environment
False,32000,0,3000,0,0,29000,0,0,200,8,1000,1010,assigned_level_sensitivity,dynamic,periodic,0.0,False,False,0.0,0.0,0.0,0,8000,0,0.0,0,0.0,59.99999395255927,0.8041289655168282,20063,937,0,0,8000,0.6104491068963742,0.5532195031248391,0.6884000000000013,29000,0.5829792046590613,8000,8000,0.3847934811384784,7520,0.42346082282364367,0.6044519646760469,0.3955480353239531,0.141,0.03866734168516528,4.626028776168823,T4_measured_input,degraded_T4_simulation_input,T4_execution_environment
False,40000,0,15000,0,0,25000,0,0,200,10,1000,101,assigned_level_sensitivity,dynamic,periodic,0.0,False,False,0.0,0.0,0.0,0,10000,0,0.0,0,0.0,59.999982855802266,0.8047499999996385,15000,0,0,0,10000,0.6227599999997173,0.38922499999982335,0.6884000000000013,25000,0.4561448544475961,10000,10000,0.2419440457851575,7600,0.38479822501235544,0.37468792374842474,0.6253120762515753,0.4,0.14285417922719795,5.085884094238281,T4_measured_input,degraded_T4_simulation_input,T4_execution_environment
False,40000,0,15000,0,0,25000,0,0,200,10,1000,202,assigned_level_sensitivity,dynamic,periodic,0.0,False,False,0.0,0.0,0.0,0,10000,0,0.0,0,0.0,59.999982855802266,0.8047499999996385,15000,0,0,0,10000,0.6227599999997173,0.38922499999982335,0.6884000000000013,25000,0.45561865286941233,10000,10000,0.24264214720331015,7700,0.38255676004426714,0.3731675707594701,0.6268324292405298,0.402,0.139914612840957,5.090403318405151,T4_measured_input,degraded_T4_simulation_input,T4_execution_environment
False,40000,0,15000,0,0,25000,0,0,200,10,1000,303,assigned_level_sensitivity,dynamic,periodic,0.0,False,False,0.0,0.0,0.0,0,10000,0,0.0,0,0.0,59.999982855802266,0.8047499999996385,15000,0,0,0,10000,0.6227599999997173,0.38922499999982335,0.6884000000000013,25000,0.4561738367299262,10000,10000,0.24151526067544032,7600,0.38635671990864623,0.371483024593286,0.6285169754067139,0.392,0.1448414592332059,5.096924066543579,T4_measured_input,degraded_T4_simulation_input,T4_execution_environment
False,40000,0,15000,0,0,25000,0,0,200,10,1000,404,assigned_level_sensitivity,dynamic,periodic,0.0,False,False,0.0,0.0,0.0,0,10000,0,0.0,0,0.0,59.999982855802266,0.8047499999996385,15000,0,0,0,10000,0.6227599999997173,0.38922499999982335,0.6884000000000013,25000,0.4558360085760425,10000,10000,0.2443881632709019,7660,0.38219639340259515,0.37703427062744793,0.6229657293725521,0.402,0.13780823013169324,5.127935409545898,T4_measured_input,degraded_T4_simulation_input,T4_execution_environment
False,40000,0,15000,0,0,25000,0,0,200,10,1000,505,assigned_level_sensitivity,dynamic,periodic,0.0,False,False,0.0,0.0,0.0,0,10000,0,0.0,0,0.0,59.999982855802266,0.8047499999996385,15000,0,0,0,10000,0.6227599999997173,0.38922499999982335,0.6884000000000013,25000,0.4561893131620697,10000,10000,0.24330903593498415,7560,0.38665022379430053,0.37225445227686565,0.6277455477231344,0.4,0.14334118785931638,5.139032602310181,T4_measured_input,degraded_T4_simulation_input,T4_execution_environment
False,40000,0,15000,0,0,25000,0,0,200,10,1000,606,assigned_level_sensitivity,dynamic,periodic,0.0,False,False,0.0,0.0,0.0,0,10000,0,0.0,0,0.0,59.999982855802266,0.8047499999996385,15000,0,0,0,10000,0.6227599999997173,0.38922499999982335,0.6884000000000013,25000,0.45608701647014843,10000,10000,0.24449109108953127,7600,0.3835352168063745,0.3707350389476602,0.6292649610523398,0.4039,0.13904412571684321,5.126946449279785,T4_measured_input,degraded_T4_simulation_input,T4_execution_environment
False,40000,0,15000,0,0,25000,0,0,200,10,1000,707,assigned_level_sensitivity,dynamic,periodic,0.0,False,False,0.0,0.0,0.0,0,10000,0,0.0,0,0.0,59.999982855802266,0.8047499999996385,15000,0,0,0,10000,0.6227599999997173,0.38922499999982335,0.6884000000000013,25000,0.45567541736160866,10000,10000,0.2397486971076762,7640,0.3777846201077809,0.3673388778204114,0.6326611221795886,0.404,0.1380359230001047,5.109982490539551,T4_measured_input,degraded_T4_simulation_input,T4_execution_environment
False,40000,0,15000,0,0,25000,0,0,200,10,1000,808,assigned_level_sensitivity,dynamic,periodic,0.0,False,False,0.0,0.0,0.0,0,10000,0,0.0,0,0.0,59.999982855802266,0.8047499999996385,15000,0,0,0,10000,0.6227599999997173,0.38922499999982335,0.6884000000000013,25000,0.45629494621947886,10000,10000,0.24276841611295713,7640,0.3791561986652029,0.37454532626016823,0.6254546737398318,0.408,0.13638778255224576,5.078030824661255,T4_measured_input,degraded_T4_simulation_input,T4_execution_environment
False,40000,0,15000,0,0,25000,0,0,200,10,1000,909,assigned_level_sensitivity,dynamic,periodic,0.0,False,False,0.0,0.0,0.0,0,10000,0,0.0,0,0.0,59.999982855802266,0.8047499999996385,15000,0,0,0,10000,0.6227599999997173,0.38922499999982335,0.6884000000000013,25000,0.4561771811763278,10000,10000,0.2458962655392338,7720,0.38714303875047723,0.36619644938848345,0.6338035506115165,0.386,0.14124677321124343,5.12214207649231,T4_measured_input,degraded_T4_simulation_input,T4_execution_environment
False,40000,0,15000,0,0,25000,0,0,200,10,1000,1010,assigned_level_sensitivity,dynamic,periodic,0.0,False,False,0.0,0.0,0.0,0,10000,0,0.0,0,0.0,59.999982855802266,0.8047499999996385,15000,0,0,0,10000,0.6227599999997173,0.38922499999982335,0.6884000000000013,25000,0.4557700247759445,10000,10000,0.2392728105539958,7660,0.3779567685665731,0.35621446035793947,0.6437855396420605,0.404,0.13868395801257732,5.023513555526733,T4_measured_input,degraded_T4_simulation_input,T4_execution_environment
False,16000,0,56,0,0,15944,0,0,250,4,1000,101,assigned_level_sensitivity,dynamic,periodic,0.0,False,False,0.0,0.0,0.0,0,4000,0,0.0,0,0.0,59.99998554462928,0.8433291520318974,313,602,404,363,14262,0.682132451078579,0.6797449874998039,0.6884000000000013,15944,0.6804134847313268,4000,4000,0.49379128038658887,4000,0.4948497366007685,0.6297662695285405,0.37023373047145947,0.06175,0.001058456214179604,2.3216397762298584,T4_measured_input,degraded_T4_simulation_input,T4_execution_environment
False,16000,0,0,0,0,16000,0,0,250,4,1000,202,assigned_level_sensitivity,dynamic,periodic,0.0,False,False,0.0,0.0,0.0,0,4000,0,0.0,0,0.0,59.99984771665883,0.8443712499997861,199,1002,427,249,14123,0.6812274062498073,0.6812274062498073,0.6884000000000013,16000,0.6820255333311773,4000,4000,0.49560669623126624,4000,0.49560669623126624,0.6343634106055109,0.36563658939448906,0.068,0.0,2.3454699516296387,T4_measured_input,degraded_T4_simulation_input,T4_execution_environment
False,16000,0,16,0,0,15984,0,0,250,4,1000,303,assigned_level_sensitivity,dynamic,periodic,0.0,False,False,0.0,0.0,0.0,0,4000,0,0.0,0,0.0,59.99984771665883,0.841114239239021,253,406,527,298,14500,0.6831401088586555,0.6824569687497968,0.6884000000000013,15984,0.6828303554512235,4000,4000,0.49721410700127994,4000,0.49742629484248835,0.6331696924122723,0.3668303075877277,0.06575,0.00021218784120841105,2.3370070457458496,T4_measured_input,degraded_T4_simulation_input,T4_execution_environment
False,16000,0,24,0,0,15976,0,0,250,4,1000,404,assigned_level_sensitivity,dynamic,periodic,0.0,False,False,0.0,0.0,0.0,0,4000,0,0.0,0,0.0,59.99984771665883,0.840851276915155,256,346,536,309,14529,0.6833446419627411,0.682319624999797,0.6884000000000013,15976,0.6828093804046144,4000,4000,0.4939894006745285,4000,0.49473172382614455,0.6337851283348546,0.36621487166514544,0.0695,0.0007423231516160422,2.31177020072937,T4_measured_input,degraded_T4_simulation_input,T4_execution_environment
False,16000,0,0,0,0,16000,0,0,250,4,1000,505,assigned_level_sensitivity,dynamic,periodic,0.0,False,False,0.0,0.0,0.0,0,4000,0,0.0,0,0.0,59.99984771665883,0.8443712499997861,199,1002,427,249,14123,0.6812274062498073,0.6812274062498073,0.6884000000000013,16000,0.68212015615548,4000,4000,0.49661155787476746,4000,0.49661155787476746,0.6348742887744208,0.36512571122557924,0.062,0.0,2.2957563400268555,T4_measured_input,degraded_T4_simulation_input,T4_execution_environment
False,16000,0,24,0,0,15976,0,0,250,4,1000,606,assigned_level_sensitivity,dynamic,periodic,0.0,False,False,0.0,0.0,0.0,0,4000,0,0.0,0,0.0,59.99984771665883,0.8413294942411441,307,355,501,333,14480,0.6830298322481697,0.6820052874997974,0.6884000000000013,15976,0.6826757517744722,4000,4000,0.4952650121768236,4000,0.4952650121768236,0.6347748620575366,0.36522513794246336,0.067,0.0,2.3579089641571045,T4_measured_input,degraded_T4_simulation_input,T4_execution_environment
False,16000,0,32,0,0,15968,0,0,250,4,1000,707,assigned_level_sensitivity,dynamic,periodic,0.0,False,False,0.0,0.0,0.0,0,4000,0,0.0,0,0.0,59.99984771665883,0.8421749749496833,263,525,479,314,14387,0.6826616482963933,0.6812963249998005,0.6884000000000013,15968,0.6819683914026013,4000,4000,0.49484453057918776,4000,0.4957209618818609,0.6344750261105893,0.36552497388941074,0.066,0.0008764313026731196,2.397611141204834,T4_measured_input,degraded_T4_simulation_input,T4_execution_environment
False,16000,0,16,0,0,15984,0,0,250,4,1000,808,assigned_level_sensitivity,dynamic,periodic,0.0,False,False,0.0,0.0,0.0,0,4000,0,0.0,0,0.0,59.99984771665883,0.844329329329115,202,972,405,267,14138,0.6813748936434508,0.6806935187498073,0.6884000000000013,15984,0.6814698301641058,4000,4000,0.4987127878623038,4000,0.49879332723101744,0.6368739403584769,0.3631260596415231,0.06125,8.05393687136613e-05,2.315929651260376,T4_measured_input,degraded_T4_simulation_input,T4_execution_environment
False,16000,0,0,0,0,16000,0,0,250,4,1000,909,assigned_level_sensitivity,dynamic,periodic,0.0,False,False,0.0,0.0,0.0,0,4000,0,0.0,0,0.0,59.99984771665883,0.8443712499997861,199,1002,427,249,14123,0.6812274062498073,0.6812274062498073,0.6884000000000013,16000,0.6821461165467355,4000,4000,0.49515584655045575,4000,0.49515584655045575,0.6327334924655361,0.3672665075344639,0.06475,0.0,2.4182655811309814,T4_measured_input,degraded_T4_simulation_input,T4_execution_environment
False,16000,0,24,0,0,15976,0,0,250,4,1000,1010,assigned_level_sensitivity,dynamic,periodic,0.0,False,False,0.0,0.0,0.0,0,4000,0,0.0,0,0.0,59.99989346334265,0.8431409614419481,260,707,421,317,14271,0.6820444166247399,0.6810213499998029,0.6884000000000013,15976,0.6819266926391345,4000,4000,0.49415709277958836,4000,0.49450945203028285,0.6317151259090487,0.36828487409095134,0.067,0.0003523592506944895,2.533442497253418,T4_measured_input,degraded_T4_simulation_input,T4_execution_environment
False,24000,0,324,0,0,23676,0,0,250,6,1000,101,assigned_level_sensitivity,dynamic,periodic,0.0,False,False,0.0,0.0,0.0,0,6000,0,0.0,0,0.0,59.99999565006851,0.8066987666832265,1236,1684,656,13271,6829,0.6678432758912,0.6588273916666687,0.6884000000000013,23676,0.6650167150733096,6000,6000,0.49105609827776336,5948,0.49741801818220693,0.6447995822525528,0.35520041774744715,0.07533333333333334,0.006361919904443569,4.177055597305298,T4_measured_input,degraded_T4_simulation_input,T4_execution_environment
False,24000,0,332,0,0,23668,0,0,250,6,1000,202,assigned_level_sensitivity,dynamic,periodic,0.0,False,False,0.0,0.0,0.0,0,6000,0,0.0,0,0.0,59.99998767736274,0.8069207368595652,1313,1708,628,13110,6909,0.6675664948453602,0.6583318249999994,0.6884000000000013,23668,0.6643206248439779,6000,6000,0.4907070696351261,5956,0.496245768854636,0.6429996461439208,0.3570003538560792,0.0785,0.0055386992195098905,4.1421895027160645,T4_measured_input,degraded_T4_simulation_input,T4_execution_environment
False,24000,0,360,0,0,23640,0,0,250,6,1000,303,assigned_level_sensitivity,dynamic,periodic,0.0,False,False,0.0,0.0,0.0,0,6000,0,0.0,0,0.0,59.99996893799074,0.8066653976308032,1342,1621,621,13024,7032,0.6677347377326512,0.6577187166666615,0.6884000000000013,23640,0.6641233667994132,6000,6000,0.4924331511705416,5980,0.49671260782889176,0.6412813189349984,0.3587186810650016,0.07383333333333333,0.004279456658350167,3.9937384128570557,T4_measured_input,degraded_T4_simulation_input,T4_execution_environment
False,24000,0,372,0,0,23628,0,0,250,6,1000,404,assigned_level_sensitivity,dynamic,periodic,0.0,False,False,0.0,0.0,0.0,0,6000,0,0.0,0,0.0,59.99999830602492,0.8066014897575814,1321,1575,631,13083,7018,0.6679007448789537,0.6575482833333299,0.6884000000000013,23628,0.6638541695619183,6000,6000,0.4858394826109379,5952,0.4924411609768023,0.6372844267359795,0.3627155732640205,0.0805,0.006601678365864394,4.0274107456207275,T4_measured_input,degraded_T4_simulation_input,T4_execution_environment
False,24000,0,348,0,0,23652,0,0,250,6,1000,505,assigned_level_sensitivity,dynamic,periodic,0.0,False,False,0.0,0.0,0.0,0,6000,0,0.0,0,0.0,59.9998486750051,0.8067203619140931,1215,1689,673,13196,6879,0.6679217233214966,0.6582368583333349,0.6884000000000013,23652,0.6644544221224618,6000,6000,0.49061649469069457,5956,0.49670230631237877,0.6401275843631056,0.3598724156368944,0.0785,0.006085811621684201,3.962428331375122,T4_measured_input,degraded_T4_simulation_input,T4_execution_environment
False,24000,0,360,0,0,23640,0,0,250,6,1000,606,assigned_level_sensitivity,dynamic,periodic,0.0,False,False,0.0,0.0,0.0,0,6000,0,0.0,0,0.0,59.99999178155675,0.8069686971231879,1280,1664,665,13135,6896,0.6677393866328251,0.6577232958333327,0.6884000000000013,23640,0.6640273940152244,6000,6000,0.4912051519155565,5936,0.49828283079484154,0.6455768759407072,0.35442312405929277,0.084,0.00707767887928501,4.012009382247925,T4_measured_input,degraded_T4_simulation_input,T4_execution_environment
False,24000,0,352,0,0,23648,0,0,250,6,1000,707,assigned_level_sensitivity,dynamic,periodic,0.0,False,False,0.0,0.0,0.0,0,6000,0,0.0,0,0.0,59.99999601823534,0.807025118402919,1339,1696,664,12968,6981,0.6674891999323364,0.6576993583333287,0.6884000000000013,23648,0.6639657234139622,6000,6000,0.49018011979557496,5964,0.49578464617460455,0.6417232543780108,0.3582767456219892,0.07283333333333333,0.005604526379029584,3.873687267303467,T4_measured_input,degraded_T4_simulation_input,T4_execution_environment
False,24000,0,416,0,0,23584,0,0,250,6,1000,808,assigned_level_sensitivity,dynamic,periodic,0.0,False,False,0.0,0.0,0.0,0,6000,0,0.0,0,0.0,59.99999511044906,0.806836414517987,1226,1678,684,12955,7041,0.6679810549525049,0.6564027166666615,0.6884000000000013,23584,0.6626232710793547,6000,6000,0.49025750213648184,5956,0.4969743934920697,0.6458480103652713,0.3541519896347287,0.08066666666666666,0.0067168913555878396,3.8068177700042725,T4_measured_input,degraded_T4_simulation_input,T4_execution_environment
False,24000,0,404,0,0,23596,0,0,250,6,1000,909,assigned_level_sensitivity,dynamic,periodic,0.0,False,False,0.0,0.0,0.0,0,6000,0,0.0,0,0.0,59.99997072842252,0.8068380233934633,1188,1676,721,13059,6952,0.6680362222410556,0.6567909458333312,0.6884000000000013,23596,0.6633348870248549,6000,6000,0.4898031423730447,5936,0.4981319408698745,0.6401890675094151,0.35981093249058493,0.08066666666666666,0.008328798496829826,3.7531797885894775,T4_measured_input,degraded_T4_simulation_input,T4_execution_environment
False,24000,0,396,0,0,23604,0,0,250,6,1000,1010,assigned_level_sensitivity,dynamic,periodic,0.0,False,False,0.0,0.0,0.0,0,6000,0,0.0,0,0.0,59.99999982357435,0.8062684290794859,1160,1638,701,13081,7024,0.6683089349262806,0.657281837499997,0.6884000000000013,23604,0.6644201968144717,6000,6000,0.4901407990976925,5932,0.4981677261017078,0.6433985001107122,0.3566014998892878,0.08533333333333333,0.008026927004015305,3.855003595352173,T4_measured_input,degraded_T4_simulation_input,T4_execution_environment
False,32000,0,856,0,0,31144,0,0,250,8,1000,101,assigned_level_sensitivity,dynamic,periodic,0.0,False,False,0.0,0.0,0.0,0,8000,0,0.0,0,0.0,59.99985461996221,0.804771384535921,6404,14119,80,2348,8193,0.6328502087077207,0.6159214656247891,0.6884000000000013,31144,0.6283486925776115,8000,8000,0.4732495641620564,7936,0.4822633472215827,0.6330923971552708,0.36690760284472923,0.065875,0.009013783059526326,5.312532901763916,T4_measured_input,degraded_T4_simulation_input,T4_execution_environment
False,32000,0,832,0,0,31168,0,0,250,8,1000,202,assigned_level_sensitivity,dynamic,periodic,0.0,False,False,0.0,0.0,0.0,0,8000,0,0.0,0,0.0,59.99999992441195,0.8045402335724667,6234,14346,151,2221,8216,0.6329409747174387,0.6164845093747853,0.6884000000000013,31168,0.6288951190959532,8000,8000,0.4721661508586885,7904,0.4816539205808662,0.6318086694492135,0.36819133055078646,0.08,0.009487769722177686,5.379374027252197,T4_measured_input,degraded_T4_simulation_input,T4_execution_environment
False,32000,0,928,0,0,31072,0,0,250,8,1000,303,assigned_level_sensitivity,dynamic,periodic,0.0,False,False,0.0,0.0,0.0,0,8000,0,0.0,0,0.0,59.99999062030304,0.804501802265278,6067,14352,185,2214,8254,0.6332990699019415,0.6149333968747852,0.6884000000000013,31072,0.6280524325976465,8000,8000,0.47569808619156273,7912,0.485380601109361,0.6333928358444916,0.3666071641555084,0.068,0.009682514917798257,5.414376258850098,T4_measured_input,degraded_T4_simulation_input,T4_execution_environment
False,32000,0,912,0,0,31088,0,0,250,8,1000,404,assigned_level_sensitivity,dynamic,periodic,0.0,False,False,0.0,0.0,0.0,0,8000,0,0.0,0,0.0,59.999988961232326,0.8048369145646804,6360,14101,96,2315,8216,0.6329391179874316,0.6149003531247899,0.6884000000000013,31088,0.6275428848649325,8000,8000,0.4721781009959993,7920,0.48232776662336846,0.6286260975164051,0.3713739024835949,0.072,0.010149665627369187,5.415117025375366,T4_measured_input,degraded_T4_simulation_input,T4_execution_environment
False,32000,0,888,0,0,31112,0,0,250,8,1000,505,assigned_level_sensitivity,dynamic,periodic,0.0,False,False,0.0,0.0,0.0,0,8000,0,0.0,0,0.0,59.999955259163954,0.8047402931340566,6364,14100,152,2256,8240,0.6329195551553479,0.6153560374997871,0.6884000000000013,31112,0.62788181840389,8000,8000,0.4699009935765263,7936,0.47892524491420274,0.6336441742208304,0.3663558257791696,0.078,0.009024251337676426,5.493642091751099,T4_measured_input,degraded_T4_simulation_input,T4_execution_environment
False,32000,0,848,0,0,31152,0,0,250,8,1000,606,assigned_level_sensitivity,dynamic,periodic,0.0,False,False,0.0,0.0,0.0,0,8000,0,0.0,0,0.0,59.99998088078313,0.8046074088336761,6258,14310,121,2272,8191,0.6329266660244355,0.616154109374788,0.6884000000000013,31152,0.6292370229086076,8000,8000,0.4688820637032382,7872,0.479954138466372,0.6327639695876649,0.3672360304123351,0.081,0.011072074763133821,5.370636224746704,T4_measured_input,degraded_T4_simulation_input,T4_execution_environment
False,32000,0,864,0,0,31136,0,0,250,8,1000,707,assigned_level_sensitivity,dynamic,periodic,0.0,False,False,0.0,0.0,0.0,0,8000,0,0.0,0,0.0,59.999950434658565,0.8044864465566117,6089,14466,152,2221,8208,0.6331218589411982,0.6160275687497858,0.6884000000000013,31136,0.6291328399845451,8000,8000,0.471868643235734,7904,0.4831671474308483,0.6337952461624172,0.3662047538375828,0.073,0.0112985041951143,5.381250619888306,T4_measured_input,degraded_T4_simulation_input,T4_execution_environment
False,32000,0,912,0,0,31088,0,0,250,8,1000,808,assigned_level_sensitivity,dynamic,periodic,0.0,False,False,0.0,0.0,0.0,0,8000,0,0.0,0,0.0,59.999928388584735,0.8046680391143443,6081,14408,152,2206,8241,0.6332028757074469,0.6151565937497847,0.6884000000000013,31088,0.6278200505176489,8000,8000,0.4740190614052138,7904,0.48348399673709613,0.6326177711006985,0.3673822288993015,0.079,0.009464935331882307,5.375179767608643,T4_measured_input,degraded_T4_simulation_input,T4_execution_environment
False,32000,0,872,0,0,31128,0,0,250,8,1000,909,assigned_level_sensitivity,dynamic,periodic,0.0,False,False,0.0,0.0,0.0,0,8000,0,0.0,0,0.0,59.999731939025196,0.8045014135179478,6228,14304,151,2205,8240,0.6329932954251204,0.6157442281247859,0.6884000000000013,31128,0.6286739218621779,8000,8000,0.4733538535428735,7920,0.48289254089537226,0.6295008517108938,0.37049914828910624,0.075,0.009538687352498743,5.435941934585571,T4_measured_input,degraded_T4_simulation_input,T4_execution_environment
False,32000,0,840,0,0,31160,0,0,250,8,1000,1010,assigned_level_sensitivity,dynamic,periodic,0.0,False,False,0.0,0.0,0.0,0,8000,0,0.0,0,0.0,59.999948396790415,0.8045205391523323,6333,14188,136,2309,8194,0.6329124390241727,0.6162984874997882,0.6884000000000013,31160,0.6283434640479474,8000,8000,0.4737879083597434,7928,0.48303723402149756,0.6326856749118512,0.36731432508814876,0.068,0.009249325661754182,5.640009880065918,T4_measured_input,degraded_T4_simulation_input,T4_execution_environment
False,40000,0,3000,0,0,37000,0,0,250,10,1000,101,assigned_level_sensitivity,dynamic,periodic,0.0,False,False,0.0,0.0,0.0,0,10000,0,0.0,0,0.0,59.99982601818884,0.8023656756751885,27000,0,0,0,10000,0.6085675675676178,0.5629250000000465,0.6884000000000013,37000,0.5896652740081315,10000,10000,0.3862734634192393,9380,0.42159694665522124,0.6176903641437049,0.38230963585629507,0.138,0.035323483235981945,6.488201141357422,T4_measured_input,degraded_T4_simulation_input,T4_execution_environment
False,40000,0,3000,0,0,37000,0,0,250,10,1000,202,assigned_level_sensitivity,dynamic,periodic,0.0,False,False,0.0,0.0,0.0,0,10000,0,0.0,0,0.0,59.99982601818884,0.8023656756751885,27000,0,0,0,10000,0.6085675675676178,0.5629250000000465,0.6884000000000013,37000,0.589381725649193,10000,10000,0.39174757969865126,9480,0.42316694511481684,0.6201165821014105,0.3798834178985895,0.124,0.03141936541616558,6.466994047164917,T4_measured_input,degraded_T4_simulation_input,T4_execution_environment
False,40000,0,3000,0,0,37000,0,0,250,10,1000,303,assigned_level_sensitivity,dynamic,periodic,0.0,False,False,0.0,0.0,0.0,0,10000,0,0.0,0,0.0,59.99982601818884,0.8023656756751885,27000,0,0,0,10000,0.6085675675676178,0.5629250000000465,0.6884000000000013,37000,0.5899325664745512,10000,10000,0.38367139610290196,9420,0.41836234546842044,0.6026277832165394,0.3973722167834606,0.138,0.034690949365518475,6.641825199127197,T4_measured_input,degraded_T4_simulation_input,T4_execution_environment
False,40000,0,3000,0,0,37000,0,0,250,10,1000,404,assigned_level_sensitivity,dynamic,periodic,0.0,False,False,0.0,0.0,0.0,0,10000,0,0.0,0,0.0,59.99982601818884,0.8023656756751885,27000,0,0,0,10000,0.6085675675676178,0.5629250000000465,0.6884000000000013,37000,0.5900191661851996,10000,10000,0.3883026616327625,9360,0.42657921180637803,0.6117557534171263,0.3882442465828737,0.134,0.03827655017361553,6.416907548904419,T4_measured_input,degraded_T4_simulation_input,T4_execution_environment
False,40000,0,3000,0,0,37000,0,0,250,10,1000,505,assigned_level_sensitivity,dynamic,periodic,0.0,False,False,0.0,0.0,0.0,0,10000,0,0.0,0,0.0,59.99982601818884,0.8023656756751885,27000,0,0,0,10000,0.6085675675676178,0.5629250000000465,0.6884000000000013,37000,0.5901335531630474,10000,10000,0.3873463550752839,9360,0.42670314951314325,0.6104859763612929,0.38951402363870713,0.13,0.03935679443785933,6.412060022354126,T4_measured_input,degraded_T4_simulation_input,T4_execution_environment
False,40000,0,3000,0,0,37000,0,0,250,10,1000,606,assigned_level_sensitivity,dynamic,periodic,0.0,False,False,0.0,0.0,0.0,0,10000,0,0.0,0,0.0,59.99982601818884,0.8023656756751885,27000,0,0,0,10000,0.6085675675676178,0.5629250000000465,0.6884000000000013,37000,0.5894859022324738,10000,10000,0.37981961061214886,9420,0.41487696466166085,0.60520113210866,0.39479886789134,0.146,0.03505735404951199,6.34470009803772,T4_measured_input,degraded_T4_simulation_input,T4_execution_environment
False,40000,0,3000,0,0,37000,0,0,250,10,1000,707,assigned_level_sensitivity,dynamic,periodic,0.0,False,False,0.0,0.0,0.0,0,10000,0,0.0,0,0.0,59.99982601818884,0.8023656756751885,27000,0,0,0,10000,0.6085675675676178,0.5629250000000465,0.6884000000000013,37000,0.5900772649018342,10000,10000,0.3780245994502006,9300,0.4167471252975785,0.6169071495001134,0.3830928504998866,0.156,0.0387225258473779,6.475273370742798,T4_measured_input,degraded_T4_simulation_input,T4_execution_environment
False,40000,0,3000,0,0,37000,0,0,250,10,1000,808,assigned_level_sensitivity,dynamic,periodic,0.0,False,False,0.0,0.0,0.0,0,10000,0,0.0,0,0.0,59.99982601818884,0.8023656756751885,27000,0,0,0,10000,0.6085675675676178,0.5629250000000465,0.6884000000000013,37000,0.5900400972691556,10000,10000,0.39128734887739564,9480,0.42227556563331414,0.6209271622745404,0.37907283772545963,0.13,0.030988216755918507,6.387138843536377,T4_measured_input,degraded_T4_simulation_input,T4_execution_environment
False,40000,0,3000,0,0,37000,0,0,250,10,1000,909,assigned_level_sensitivity,dynamic,periodic,0.0,False,False,0.0,0.0,0.0,0,10000,0,0.0,0,0.0,59.99982601818884,0.8023656756751885,27000,0,0,0,10000,0.6085675675676178,0.5629250000000465,0.6884000000000013,37000,0.5905580517716691,10000,10000,0.3861662758730705,9360,0.42400857159415173,0.610943771997002,0.389056228002998,0.138,0.03784229572108122,6.320126533508301,T4_measured_input,degraded_T4_simulation_input,T4_execution_environment
False,40000,0,3000,0,0,37000,0,0,250,10,1000,1010,assigned_level_sensitivity,dynamic,periodic,0.0,False,False,0.0,0.0,0.0,0,10000,0,0.0,0,0.0,59.99982601818884,0.8023656756751885,27000,0,0,0,10000,0.6085675675676178,0.5629250000000465,0.6884000000000013,37000,0.5897717321606318,10000,10000,0.39091581704377093,9460,0.42200445931819913,0.6185646598419344,0.3814353401580656,0.132,0.031088642274428202,6.369860887527466,T4_measured_input,degraded_T4_simulation_input,T4_execution_environment
False,16000,0,0,0,0,16000,0,0,300,4,1000,101,assigned_level_sensitivity,dynamic,periodic,0.0,False,False,0.0,0.0,0.0,0,4000,0,0.0,0,0.0,59.99624490666592,0.860188124999745,330,660,0,0,15010,0.6832519999997879,0.6832519999997879,0.6884000000000013,16000,0.6841314786338344,4000,4000,0.49505669025584614,4000,0.49505669025584614,0.635460782764596,0.36453921723540395,0.06725,0.0,2.3509035110473633,T4_measured_input,degraded_T4_simulation_input,T4_execution_environment
False,16000,0,0,0,0,16000,0,0,300,4,1000,202,assigned_level_sensitivity,dynamic,periodic,0.0,False,False,0.0,0.0,0.0,0,4000,0,0.0,0,0.0,59.99624490666592,0.860188124999745,330,660,0,0,15010,0.6832519999997879,0.6832519999997879,0.6884000000000013,16000,0.684296643119016,4000,4000,0.4959875944851666,4000,0.4959875944851666,0.6364282510846682,0.36357174891533184,0.06675,0.0,2.31551194190979,T4_measured_input,degraded_T4_simulation_input,T4_execution_environment
False,16000,0,0,0,0,16000,0,0,300,4,1000,303,assigned_level_sensitivity,dynamic,periodic,0.0,False,False,0.0,0.0,0.0,0,4000,0,0.0,0,0.0,59.99624490666592,0.860188124999745,330,660,0,0,15010,0.6832519999997879,0.6832519999997879,0.6884000000000013,16000,0.6841138070701003,4000,4000,0.4953641029763186,4000,0.4953641029763186,0.6333410051606279,0.36665899483937214,0.06725,0.0,2.306194305419922,T4_measured_input,degraded_T4_simulation_input,T4_execution_environment
False,16000,0,0,0,0,16000,0,0,300,4,1000,404,assigned_level_sensitivity,dynamic,periodic,0.0,False,False,0.0,0.0,0.0,0,4000,0,0.0,0,0.0,59.99624490666592,0.860188124999745,330,660,0,0,15010,0.6832519999997879,0.6832519999997879,0.6884000000000013,16000,0.6841503575961918,4000,4000,0.4966476495085912,4000,0.4966476495085912,0.6353039049209404,0.36469609507905965,0.064,0.0,2.339550256729126,T4_measured_input,degraded_T4_simulation_input,T4_execution_environment
False,16000,0,0,0,0,16000,0,0,300,4,1000,505,assigned_level_sensitivity,dynamic,periodic,0.0,False,False,0.0,0.0,0.0,0,4000,0,0.0,0,0.0,59.99624490666592,0.860188124999745,330,660,0,0,15010,0.6832519999997879,0.6832519999997879,0.6884000000000013,16000,0.6841693648919872,4000,4000,0.4942714482582839,4000,0.4942714482582839,0.6322821363840294,0.3677178636159706,0.0675,0.0,2.355564832687378,T4_measured_input,degraded_T4_simulation_input,T4_execution_environment
False,16000,0,0,0,0,16000,0,0,300,4,1000,606,assigned_level_sensitivity,dynamic,periodic,0.0,False,False,0.0,0.0,0.0,0,4000,0,0.0,0,0.0,59.99624490666592,0.860188124999745,330,660,0,0,15010,0.6832519999997879,0.6832519999997879,0.6884000000000013,16000,0.6839986591751532,4000,4000,0.4962549582916443,4000,0.4962549582916443,0.6341815678981237,0.36581843210187626,0.06675,0.0,2.3451058864593506,T4_measured_input,degraded_T4_simulation_input,T4_execution_environment
False,16000,0,0,0,0,16000,0,0,300,4,1000,707,assigned_level_sensitivity,dynamic,periodic,0.0,False,False,0.0,0.0,0.0,0,4000,0,0.0,0,0.0,59.99624490666592,0.860188124999745,330,660,0,0,15010,0.6832519999997879,0.6832519999997879,0.6884000000000013,16000,0.68397761920074,4000,4000,0.4966662752259644,4000,0.4966662752259644,0.6343641112290082,0.36563588877099185,0.0675,0.0,2.357034921646118,T4_measured_input,degraded_T4_simulation_input,T4_execution_environment
False,16000,0,0,0,0,16000,0,0,300,4,1000,808,assigned_level_sensitivity,dynamic,periodic,0.0,False,False,0.0,0.0,0.0,0,4000,0,0.0,0,0.0,59.99990933097756,0.8585468749997472,416,275,144,15,15150,0.6839376187497838,0.6839376187497838,0.6884000000000013,16000,0.6844916501175765,4000,4000,0.49329113095626975,4000,0.49329113095626975,0.6345762868125101,0.3654237131874899,0.066,0.0,2.3207571506500244,T4_measured_input,degraded_T4_simulation_input,T4_execution_environment
False,16000,0,0,0,0,16000,0,0,300,4,1000,909,assigned_level_sensitivity,dynamic,periodic,0.0,False,False,0.0,0.0,0.0,0,4000,0,0.0,0,0.0,59.99624490666592,0.860188124999745,330,660,0,0,15010,0.6832519999997879,0.6832519999997879,0.6884000000000013,16000,0.6840270962745714,4000,4000,0.4936582928741047,4000,0.4936582928741047,0.6327986813606372,0.3672013186393628,0.0675,0.0,2.326470136642456,T4_measured_input,degraded_T4_simulation_input,T4_execution_environment
False,16000,0,0,0,0,16000,0,0,300,4,1000,1010,assigned_level_sensitivity,dynamic,periodic,0.0,False,False,0.0,0.0,0.0,0,4000,0,0.0,0,0.0,59.99624490666592,0.860188124999745,330,660,0,0,15010,0.6832519999997879,0.6832519999997879,0.6884000000000013,16000,0.6839262750799381,4000,4000,0.49551524809577263,4000,0.49551524809577263,0.6336502995247877,0.3663497004752123,0.0655,0.0,2.3269221782684326,T4_measured_input,degraded_T4_simulation_input,T4_execution_environment
False,24000,0,224,0,0,23776,0,0,300,6,1000,101,assigned_level_sensitivity,dynamic,periodic,0.0,False,False,0.0,0.0,0.0,0,6000,0,0.0,0,0.0,59.99997710619057,0.8121256729471887,769,1559,10,4368,17070,0.6774172989566566,0.6710947374997277,0.6884000000000013,23776,0.6743640094573499,6000,6000,0.4907173499277083,5984,0.4942349281519379,0.6353432325663649,0.36465676743363507,0.06983333333333333,0.0035175782242296005,3.759723424911499,T4_measured_input,degraded_T4_simulation_input,T4_execution_environment
False,24000,0,223,0,0,23777,0,0,300,6,1000,202,assigned_level_sensitivity,dynamic,periodic,0.0,False,False,0.0,0.0,0.0,0,6000,0,0.0,0,0.0,59.99998159219386,0.8118976321652166,723,1646,9,4197,17202,0.6774855322367577,0.6711905624997244,0.6884000000000013,23777,0.6740806774929476,6000,6000,0.491555752243475,5972,0.4958315400295211,0.6346838222160457,0.3653161777839543,0.06716666666666667,0.004275787786046148,3.7940776348114014,T4_measured_input,degraded_T4_simulation_input,T4_execution_environment
False,24000,0,257,0,0,23743,0,0,300,6,1000,303,assigned_level_sensitivity,dynamic,periodic,0.0,False,False,0.0,0.0,0.0,0,6000,0,0.0,0,0.0,59.99998588649927,0.8116884976621452,739,1497,24,4246,17237,0.6777763256535977,0.6705184708330572,0.6884000000000013,23743,0.6740069998878762,6000,6000,0.49363729728417016,5980,0.49704286778242807,0.6351741418935127,0.36482585810648727,0.06733333333333333,0.003405570498257904,3.8177037239074707,T4_measured_input,degraded_T4_simulation_input,T4_execution_environment
False,24000,0,248,0,0,23752,0,0,300,6,1000,404,assigned_level_sensitivity,dynamic,periodic,0.0,False,False,0.0,0.0,0.0,0,6000,0,0.0,0,0.0,59.999993834633315,0.8118061636911569,760,1540,16,4188,17248,0.6776092455369384,0.6706072833330566,0.6884000000000013,23752,0.6740843441073461,6000,6000,0.4909063108726177,5976,0.4944185760117323,0.6333923739138034,0.36660762608619657,0.07466666666666667,0.0035122651391145676,3.9097440242767334,T4_measured_input,degraded_T4_simulation_input,T4_execution_environment
False,24000,0,240,0,0,23760,0,0,300,6,1000,505,assigned_level_sensitivity,dynamic,periodic,0.0,False,False,0.0,0.0,0.0,0,6000,0,0.0,0,0.0,59.99998357137876,0.8122361111107919,766,1515,19,4453,17007,0.6774816582488858,0.670706841666397,0.6884000000000013,23760,0.6741687585516852,6000,6000,0.4897284386721901,5958,0.4957673510342033,0.633611572904422,0.36638842709557795,0.07,0.006038912362013149,3.7991111278533936,T4_measured_input,degraded_T4_simulation_input,T4_execution_environment
False,24000,0,205,0,0,23795,0,0,300,6,1000,606,assigned_level_sensitivity,dynamic,periodic,0.0,False,False,0.0,0.0,0.0,0,6000,0,0.0,0,0.0,59.9999972871683,0.812326118932228,784,1595,11,4394,17011,0.6772323597391681,0.671447666666396,0.6884000000000013,23795,0.6747926876438044,6000,6000,0.49180814948648544,5981,0.4950287819441662,0.6360071626251269,0.3639928373748731,0.0685,0.003220632457680783,3.8445091247558594,T4_measured_input,degraded_T4_simulation_input,T4_execution_environment
False,24000,0,254,0,0,23746,0,0,300,6,1000,707,assigned_level_sensitivity,dynamic,periodic,0.0,False,False,0.0,0.0,0.0,0,6000,0,0.0,0,0.0,59.999987041709325,0.8113930767283879,713,1480,15,4268,17270,0.6779501600266722,0.6707751874997233,0.6884000000000013,23746,0.6742695179349676,6000,6000,0.4904986988160055,5967,0.49450744568492305,0.6334918074995454,0.36650819250045463,0.07266666666666667,0.0040087468689175565,3.8357961177825928,T4_measured_input,degraded_T4_simulation_input,T4_execution_environment
False,24000,0,250,0,0,23750,0,0,300,6,1000,808,assigned_level_sensitivity,dynamic,periodic,0.0,False,False,0.0,0.0,0.0,0,6000,0,0.0,0,0.0,59.99999748696164,0.8121229473680981,733,1568,20,4314,17115,0.6775609010523559,0.6705029749997272,0.6884000000000013,23750,0.6740152939551762,6000,6000,0.4914383743171833,5968,0.4958107446222377,0.6356615835195549,0.36433841648044507,0.0685,0.004372370305054385,3.8003103733062744,T4_measured_input,degraded_T4_simulation_input,T4_execution_environment
False,24000,0,244,0,0,23756,0,0,300,6,1000,909,assigned_level_sensitivity,dynamic,periodic,0.0,False,False,0.0,0.0,0.0,0,6000,0,0.0,0,0.0,59.99999871059795,0.8120963125102021,727,1561,16,4405,17047,0.6775603931635591,0.6706718624997295,0.6884000000000013,23756,0.6744609255352166,6000,6000,0.49145858474365506,5962,0.49701122869375686,0.6362919729456022,0.36370802705439775,0.07133333333333333,0.005552643950101799,3.818053722381592,T4_measured_input,degraded_T4_simulation_input,T4_execution_environment
False,24000,0,273,0,0,23727,0,0,300,6,1000,1010,assigned_level_sensitivity,dynamic,periodic,0.0,False,False,0.0,0.0,0.0,0,6000,0,0.0,0,0.0,59.99999039854573,0.8121768449442589,783,1497,12,4300,17135,0.6775536435281938,0.6698464708330606,0.6884000000000013,23727,0.67364085386429,6000,6000,0.48796635780768316,5972,0.491930011113055,0.6340506715091565,0.3659493284908435,0.074,0.00396365330537185,3.8264753818511963,T4_measured_input,degraded_T4_simulation_input,T4_execution_environment
False,32000,0,417,0,0,31583,0,0,300,8,1000,101,assigned_level_sensitivity,dynamic,periodic,0.0,False,False,0.0,0.0,0.0,0,8000,0,0.0,0,0.0,59.99991148941106,0.8054795301265436,2702,8420,152,11760,8549,0.6544045467496115,0.6458768374997805,0.6884000000000013,31583,0.6559957284131284,8000,8000,0.49259886361028615,7944,0.49864973414902325,0.644293239247016,0.355706760752984,0.076,0.0060508705387370965,5.422945499420166,T4_measured_input,degraded_T4_simulation_input,T4_execution_environment
False,32000,0,391,0,0,31609,0,0,300,8,1000,202,assigned_level_sensitivity,dynamic,periodic,0.0,False,False,0.0,0.0,0.0,0,8000,0,0.0,0,0.0,59.99998600733804,0.80552184504371,2771,8338,92,11924,8484,0.6543797399472627,0.6463840374997821,0.6884000000000013,31609,0.6565133874558684,8000,8000,0.49282018859666304,7960,0.4981731476483357,0.6438287619298666,0.3561712380701334,0.070875,0.005352959051672657,5.440189361572266,T4_measured_input,degraded_T4_simulation_input,T4_execution_environment
False,32000,0,536,0,0,31464,0,0,300,8,1000,303,assigned_level_sensitivity,dynamic,periodic,0.0,False,False,0.0,0.0,0.0,0,8000,0,0.0,0,0.0,59.999974212977506,0.8055736714971631,2596,8445,144,11558,8721,0.6546989670732571,0.6437327593747801,0.6884000000000013,31464,0.6545819462710604,8000,8000,0.492711926412443,7944,0.4988161894472601,0.6403003395716025,0.3596996604283975,0.073125,0.006104263034817092,5.441907167434692,T4_measured_input,degraded_T4_simulation_input,T4_execution_environment
False,32000,0,506,0,0,31494,0,0,300,8,1000,404,assigned_level_sensitivity,dynamic,periodic,0.0,False,False,0.0,0.0,0.0,0,8000,0,0.0,0,0.0,59.999984365048974,0.8056766368192898,2639,8590,88,11387,8790,0.6544213437477884,0.6440733062497764,0.6884000000000013,31494,0.654541572978329,8000,8000,0.4960576964649192,7944,0.5024647913014006,0.6460943516475491,0.35390564835245086,0.070625,0.006407094836481442,5.490149736404419,T4_measured_input,degraded_T4_simulation_input,T4_execution_environment
False,32000,0,515,0,0,31485,0,0,300,8,1000,505,assigned_level_sensitivity,dynamic,periodic,0.0,False,False,0.0,0.0,0.0,0,8000,0,0.0,0,0.0,59.999998375936784,0.8056430046049454,2664,8540,125,11340,8816,0.6544070160391577,0.6438751531247775,0.6884000000000013,31485,0.6547643734046031,8000,8000,0.49125075376135696,7952,0.4990535978582288,0.6382410061991991,0.3617589938008009,0.0715,0.007802844096871819,5.514928340911865,T4_measured_input,degraded_T4_simulation_input,T4_execution_environment
False,32000,0,688,0,0,31312,0,0,300,8,1000,606,assigned_level_sensitivity,dynamic,periodic,0.0,False,False,0.0,0.0,0.0,0,8000,0,0.0,0,0.0,59.99986659570727,0.8056946218697899,2552,8384,120,11296,8960,0.6549884772608899,0.6409062249997808,0.6884000000000013,31312,0.6530330188230347,8000,8000,0.4864174077316106,7888,0.49591648597094407,0.6367191489303828,0.36328085106961716,0.081125,0.009499078239333492,5.51906418800354,T4_measured_input,degraded_T4_simulation_input,T4_execution_environment
False,32000,0,559,0,0,31441,0,0,300,8,1000,707,assigned_level_sensitivity,dynamic,periodic,0.0,False,False,0.0,0.0,0.0,0,8000,0,0.0,0,0.0,59.99999352457846,0.8056709392190686,2600,8533,95,11381,8832,0.6546199293913327,0.6431845374997779,0.6884000000000013,31441,0.6542501625125752,8000,8000,0.48790216623372407,7909,0.49852800351604154,0.6283906313532642,0.37160936864673577,0.077375,0.010625837282317474,5.575976848602295,T4_measured_input,degraded_T4_simulation_input,T4_execution_environment
False,32000,0,482,0,0,31518,0,0,300,8,1000,808,assigned_level_sensitivity,dynamic,periodic,0.0,False,False,0.0,0.0,0.0,0,8000,0,0.0,0,0.0,59.99994730267663,0.8058741036863627,2647,8648,152,11333,8738,0.6542268798779378,0.6443725874997764,0.6884000000000013,31518,0.6550102875333471,8000,8000,0.49244683832065,7933,0.49929692845580204,0.6407436384828913,0.3592563615171087,0.0755,0.006850090135152032,5.466090679168701,T4_measured_input,degraded_T4_simulation_input,T4_execution_environment
False,32000,0,575,0,0,31425,0,0,300,8,1000,909,assigned_level_sensitivity,dynamic,periodic,0.0,False,False,0.0,0.0,0.0,0,8000,0,0.0,0,0.0,59.99999313504794,0.8055143993631423,2569,8469,104,11504,8779,0.6547804518693049,0.6430148656247783,0.6884000000000013,31425,0.6540472627519278,8000,8000,0.4887044437025049,7944,0.49570208374960867,0.6357128217644321,0.3642871782355679,0.07825,0.0069976400471037925,5.484124183654785,T4_measured_input,degraded_T4_simulation_input,T4_execution_environment
False,32000,0,519,0,0,31481,0,0,300,8,1000,1010,assigned_level_sensitivity,dynamic,periodic,0.0,False,False,0.0,0.0,0.0,0,8000,0,0.0,0,0.0,59.999955826935796,0.8056745338453896,2578,8449,121,11718,8615,0.6547249070865931,0.6441060874997825,0.6884000000000013,31481,0.6543514300067533,8000,8000,0.49407201864725175,7930,0.5018938336052063,0.6435920954338223,0.35640790456617766,0.074625,0.007821814957954587,5.4414122104644775,T4_measured_input,degraded_T4_simulation_input,T4_execution_environment
False,40000,0,720,0,0,39280,0,0,300,10,1000,101,assigned_level_sensitivity,dynamic,periodic,0.0,False,False,0.0,0.0,0.0,0,10000,0,0.0,0,0.0,59.999972744938376,0.8025341140524586,10674,16926,60,1620,10000,0.6277621639508384,0.6164624449997232,0.6884000000000013,39280,0.62820580038411,10000,10000,0.4678030401467379,9940,0.4731939421678813,0.6413838599920162,0.3586161400079838,0.059,0.0053909020211433956,7.302529335021973,T4_measured_input,degraded_T4_simulation_input,T4_execution_environment
False,40000,0,550,0,0,39450,0,0,300,10,1000,202,assigned_level_sensitivity,dynamic,periodic,0.0,False,False,0.0,0.0,0.0,0,10000,0,0.0,0,0.0,59.999963609792246,0.8024430925216818,10675,17328,20,1427,10000,0.6274266261087122,0.6187995099997174,0.6884000000000013,39450,0.6298214529151518,10000,10000,0.46854187779654666,9960,0.47269432187414145,0.6450931091535965,0.3549068908464035,0.0628,0.004152444077594797,7.221574783325195,T4_measured_input,degraded_T4_simulation_input,T4_execution_environment
False,40000,0,828,0,0,39172,0,0,300,10,1000,303,assigned_level_sensitivity,dynamic,periodic,0.0,False,False,0.0,0.0,0.0,0,10000,0,0.0,0,0.0,59.99966498576778,0.8026827836204624,10302,17227,60,1583,10000,0.6281098003673198,0.6151079274997162,0.6884000000000013,39172,0.6275029380465731,10000,10000,0.4660778889707166,9900,0.4746982357065728,0.6389500464513379,0.3610499535486621,0.0698,0.00862034673585621,7.295982599258423,T4_measured_input,degraded_T4_simulation_input,T4_execution_environment
False,40000,0,628,0,0,39372,0,0,300,10,1000,404,assigned_level_sensitivity,dynamic,periodic,0.0,False,False,0.0,0.0,0.0,0,10000,0,0.0,0,0.0,59.9999388054493,0.802569084628174,10696,17115,20,1541,10000,0.6275821268919245,0.6177290874997213,0.6884000000000013,39372,0.6295439294010736,10000,10000,0.4639775751878833,9900,0.4717141797699217,0.6380730348067281,0.36192696519327194,0.074,0.007736604582038398,7.107462406158447,T4_measured_input,degraded_T4_simulation_input,T4_execution_environment
False,40000,0,700,0,0,39300,0,0,300,10,1000,505,assigned_level_sensitivity,dynamic,periodic,0.0,False,False,0.0,0.0,0.0,0,10000,0,0.0,0,0.0,59.999809135134136,0.802892111958798,10536,17224,40,1500,10000,0.6277151959284664,0.6167301799997181,0.6884000000000013,39300,0.6281687811084721,10000,10000,0.46480078001771846,9940,0.4695055557121263,0.6395525084752776,0.36044749152472244,0.064,0.004704775694407859,7.070497751235962,T4_measured_input,degraded_T4_simulation_input,T4_execution_environment
False,40000,0,727,0,0,39273,0,0,300,10,1000,606,assigned_level_sensitivity,dynamic,periodic,0.0,False,False,0.0,0.0,0.0,0,10000,0,0.0,0,0.0,59.99999967812184,0.802442135818003,10340,17388,20,1525,10000,0.6279394851421731,0.6165266849997142,0.6884000000000013,39273,0.6282817920714382,10000,10000,0.4686470898831589,9920,0.4761215750353393,0.6447975449493247,0.35520245505067527,0.06,0.00747448515218041,7.417980432510376,T4_measured_input,degraded_T4_simulation_input,T4_execution_environment
False,40000,0,400,0,0,39600,0,0,300,10,1000,707,assigned_level_sensitivity,dynamic,periodic,0.0,False,False,0.0,0.0,0.0,0,10000,0,0.0,0,0.0,59.99987752474531,0.8024224747469769,10779,17580,0,1241,10000,0.6270188888886012,0.6207486999997153,0.6884000000000013,39600,0.6314893061304009,10000,10000,0.46945946965685,9960,0.47334213858045465,0.6495777795526907,0.3504222204473093,0.056,0.0038826689236046708,7.0466835498809814,T4_measured_input,degraded_T4_simulation_input,T4_execution_environment
False,40000,0,660,0,0,39340,0,0,300,10,1000,808,assigned_level_sensitivity,dynamic,periodic,0.0,False,False,0.0,0.0,0.0,0,10000,0,0.0,0,0.0,59.99983324157211,0.8028922216568515,10453,17599,20,1268,10000,0.6274528393489708,0.6170998674997128,0.6884000000000013,39340,0.6280472699506862,10000,10000,0.4691205412830349,9980,0.4731509919600939,0.6396826348652837,0.36031736513471635,0.062,0.004030450677059039,6.975340843200684,T4_measured_input,degraded_T4_simulation_input,T4_execution_environment
False,40000,0,839,0,0,39161,0,0,300,10,1000,909,assigned_level_sensitivity,dynamic,periodic,0.0,False,False,0.0,0.0,0.0,0,10000,0,0.0,0,0.0,59.99999131372064,0.8031207068251779,10437,17146,40,1538,10000,0.6279010444061373,0.6147308199997186,0.6884000000000013,39161,0.6267853620583187,10000,10000,0.46336915979839294,9920,0.4707930610587801,0.6335394773727872,0.36646052262721285,0.064,0.007423901260387167,7.144367456436157,T4_measured_input,degraded_T4_simulation_input,T4_execution_environment
False,40000,0,680,0,0,39320,0,0,300,10,1000,1010,assigned_level_sensitivity,dynamic,periodic,0.0,False,False,0.0,0.0,0.0,0,10000,0,0.0,0,0.0,59.9999820563825,0.8026635300096788,10439,17401,33,1447,10000,0.6277290335704123,0.6170576399997153,0.6884000000000013,39320,0.6296190253556363,10000,10000,0.46551910045910055,9880,0.47349489047007626,0.641265442257043,0.35873455774295704,0.0701,0.007975790010975703,7.167847394943237,T4_measured_input,degraded_T4_simulation_input,T4_execution_environment
True,16000,1000,8000,0,0,7000,0,0,60,4,1000,101,assigned_level_sensitivity,dynamic,periodic,0.0,False,True,0.0,0.0,0.0,0,4000,1000,0.25,0,0.0,59.998905007546206,0.8137700000000987,3476,524,0,0,3000,0.6288276000000287,0.27511207500001256,0.516300000000001,7000,0.3290899690997335,4000,4000,0.174909839621258,2376,0.3743487324353218,0.2777084435269848,0.7222915564730152,0.555,0.1994388928140638,1.6144957542419434,T4_measured_input,degraded_T4_simulation_input,T4_execution_environment
True,16000,1000,8000,0,0,7000,0,0,60,4,1000,202,assigned_level_sensitivity,dynamic,periodic,0.0,False,True,0.0,0.0,0.0,0,4000,1000,0.25,0,0.0,59.99879275716154,0.8138014285715272,3478,522,0,0,3000,0.6288163714286001,0.2751071625000126,0.516300000000001,7000,0.3296882061033013,4000,4000,0.17385064755239435,2424,0.3814451471953304,0.24149852114864997,0.75850147885135,0.55,0.20759449964293605,1.5870931148529053,T4_measured_input,degraded_T4_simulation_input,T4_execution_environment
True,16000,1000,8000,0,0,7000,0,0,60,4,1000,303,assigned_level_sensitivity,dynamic,periodic,0.0,False,True,0.0,0.0,0.0,0,4000,1000,0.25,0,0.0,59.998309767178,0.8137857142858129,3475,525,0,0,3000,0.628833214285743,0.2751145312500126,0.516300000000001,7000,0.3295666035167457,4000,4000,0.17171714511527383,2328,0.3831509640468957,0.23846027765626768,0.7615397223437324,0.562,0.21143381893162186,1.6072649955749512,T4_measured_input,degraded_T4_simulation_input,T4_execution_environment
True,16000,1000,8000,0,0,7000,0,0,60,4,1000,404,assigned_level_sensitivity,dynamic,periodic,0.0,False,True,0.0,0.0,0.0,0,4000,1000,0.25,0,0.0,59.99529439194299,0.81378857142867,3476,524,0,0,3000,0.6288276000000289,0.2751120750000126,0.516300000000001,7000,0.3290436516582384,4000,4000,0.17582304741797838,2459,0.37170400775760304,0.24342395815843504,0.756576041841565,0.548,0.19588096033962465,1.5876455307006836,T4_measured_input,degraded_T4_simulation_input,T4_execution_environment
True,16000,1000,8000,0,0,7000,0,0,60,4,1000,505,assigned_level_sensitivity,dynamic,periodic,0.0,False,True,0.0,0.0,0.0,0,4000,1000,0.25,0,0.0,59.9999310089837,0.8138200000000986,3476,524,0,0,3000,0.6288276000000289,0.2751120750000126,0.516300000000001,7000,0.329849851692699,4000,4000,0.17775761745175694,2431,0.38243128160922707,0.2620169190683422,0.7379830809316579,0.545,0.20467366415747013,1.5817761421203613,T4_measured_input,degraded_T4_simulation_input,T4_execution_environment
True,16000,1000,8000,0,0,7000,0,0,60,4,1000,606,assigned_level_sensitivity,dynamic,periodic,0.0,False,True,0.0,0.0,0.0,0,4000,1000,0.25,0,0.0,59.996150375759996,0.8137957142858129,3475,525,0,0,3000,0.628833214285743,0.2751145312500126,0.516300000000001,7000,0.3274049570799899,4000,4000,0.1710930122311362,2384,0.3668796759905365,0.2462417216182161,0.7537582783817839,0.561,0.1957866637594003,1.575606346130371,T4_measured_input,degraded_T4_simulation_input,T4_execution_environment
True,16000,1000,8000,0,0,7000,0,0,60,4,1000,707,assigned_level_sensitivity,dynamic,periodic,0.0,False,True,0.0,0.0,0.0,0,4000,1000,0.25,0,0.0,59.99529439194299,0.8138628571429556,3474,526,0,0,3000,0.6288388285714575,0.2751169875000126,0.516300000000001,7000,0.32763899108532324,4000,4000,0.17529125917452593,2472,0.3730652722839776,0.2541207995251586,0.7458792004748414,0.544,0.1977740131094517,1.5869405269622803,T4_measured_input,degraded_T4_simulation_input,T4_execution_environment
True,16000,1000,8000,0,0,7000,0,0,60,4,1000,808,assigned_level_sensitivity,dynamic,periodic,0.0,False,True,0.0,0.0,0.0,0,4000,1000,0.25,0,0.0,59.99529439194299,0.8138428571429557,3475,525,0,0,3000,0.628833214285743,0.2751145312500126,0.516300000000001,7000,0.3283125506504316,4000,4000,0.17127448313317942,2360,0.371329093056092,0.25537567802838945,0.7446243219716105,0.563,0.2000546099229126,1.5847363471984863,T4_measured_input,degraded_T4_simulation_input,T4_execution_environment
True,16000,1000,8000,0,0,7000,0,0,60,4,1000,909,assigned_level_sensitivity,dynamic,periodic,0.0,False,True,0.0,0.0,0.0,0,4000,1000,0.25,0,0.0,59.99529439194299,0.8138114285715272,3476,524,0,0,3000,0.6288276000000287,0.27511207500001256,0.516300000000001,7000,0.32841450486696244,4000,4000,0.17456744976040564,2304,0.390099577715491,0.25445082410220665,0.7455491758977933,0.556,0.21553212795508533,1.5995640754699707,T4_measured_input,degraded_T4_simulation_input,T4_execution_environment
True,16000,1000,8000,0,0,7000,0,0,60,4,1000,1010,assigned_level_sensitivity,dynamic,periodic,0.0,False,True,0.0,0.0,0.0,0,4000,1000,0.25,0,0.0,59.9976913518891,0.8138142857143843,3476,524,0,0,3000,0.6288276000000287,0.27511207500001256,0.516300000000001,7000,0.3305351561032866,4000,4000,0.17342741990572613,2392,0.37365535378278275,0.22724357365461123,0.7727564263453888,0.555,0.20022793387705662,1.6183202266693115,T4_measured_input,degraded_T4_simulation_input,T4_execution_environment
True,24000,3000,14000,0,0,7000,0,0,60,6,1000,101,assigned_level_sensitivity,dynamic,periodic,0.0,False,True,0.0,0.0,0.0,0,6000,3000,0.5,0,0.0,59.995294391943006,0.8137585714286699,3476,524,0,0,3000,0.6288276000000287,0.18340805000000837,0.34420000000000067,7000,0.22456913133902928,6000,6000,0.12158233024287889,2833,0.3646174203536153,0.1711784347098442,0.8288215652901558,0.6631666666666667,0.24303509011073637,2.2070813179016113,T4_measured_input,degraded_T4_simulation_input,T4_execution_environment
True,24000,3000,14000,0,0,7000,0,0,60,6,1000,202,assigned_level_sensitivity,dynamic,periodic,0.0,False,True,0.0,0.0,0.0,0,6000,3000,0.5,0,0.0,59.99529439194299,0.8138171428572414,3476,524,0,0,3000,0.6288276000000289,0.18340805000000843,0.34420000000000067,7000,0.22453373699473247,6000,6000,0.11579167333926248,2796,0.35744093761440476,0.153217182046685,0.846782817953315,0.673,0.24164926427514227,2.2172510623931885,T4_measured_input,degraded_T4_simulation_input,T4_execution_environment
True,24000,3000,14000,0,0,7000,0,0,60,6,1000,303,assigned_level_sensitivity,dynamic,periodic,0.0,False,True,0.0,0.0,0.0,0,6000,3000,0.5,0,0.0,59.99808038543199,0.8138228571429557,3476,524,0,0,3000,0.6288276000000289,0.18340805000000843,0.34420000000000067,7000,0.22405776450735987,6000,6000,0.11898986091476216,2836,0.36296580886453067,0.15382181325592295,0.8461781867440771,0.6691666666666667,0.2439759479497685,2.212554693222046,T4_measured_input,degraded_T4_simulation_input,T4_execution_environment
True,24000,3000,14000,0,0,7000,0,0,60,6,1000,404,assigned_level_sensitivity,dynamic,periodic,0.0,False,True,0.0,0.0,0.0,0,6000,3000,0.5,0,0.0,59.99757721395565,0.8136942857143842,3476,524,0,0,3000,0.6288276000000289,0.18340805000000843,0.34420000000000067,7000,0.22384979458817533,6000,6000,0.11706550769503707,2821,0.35433042186752667,0.15853950965641891,0.8414604903435811,0.6703333333333333,0.2372649141724896,2.290332794189453,T4_measured_input,degraded_T4_simulation_input,T4_execution_environment
True,24000,3000,14000,0,0,7000,0,0,60,6,1000,505,assigned_level_sensitivity,dynamic,periodic,0.0,False,True,0.0,0.0,0.0,0,6000,3000,0.5,0,0.0,59.99988273287977,0.81383857142867,3477,523,0,0,3000,0.6288219857143145,0.1834064125000084,0.34420000000000067,7000,0.22426682856917762,6000,6000,0.11474820755210681,2748,0.35897665331297496,0.1565431379519698,0.8434568620480302,0.6793333333333333,0.24422844576086816,2.283158302307129,T4_measured_input,degraded_T4_simulation_input,T4_execution_environment
True,24000,3000,14000,0,0,7000,0,0,60,6,1000,606,assigned_level_sensitivity,dynamic,periodic,0.0,False,True,0.0,0.0,0.0,0,6000,3000,0.5,0,0.0,59.999843221657464,0.81377857142867,3475,525,0,0,3000,0.628833214285743,0.18340968750000838,0.34420000000000067,7000,0.22416054272949398,6000,6000,0.1159675532712331,2808,0.35450549814099297,0.14795035480810292,0.8520496451918971,0.6716666666666666,0.23853794486975988,2.3140487670898438,T4_measured_input,degraded_T4_simulation_input,T4_execution_environment
True,24000,3000,14000,0,0,7000,0,0,60,6,1000,707,assigned_level_sensitivity,dynamic,periodic,0.0,False,True,0.0,0.0,0.0,0,6000,3000,0.5,0,0.0,59.99692975136983,0.8137442857143842,3476,524,0,0,3000,0.6288276000000289,0.18340805000000843,0.34420000000000067,7000,0.2235029190541241,6000,6000,0.11844563207677426,2839,0.35088476426249987,0.16091981616848353,0.8390801838315165,0.67,0.2324391321857256,2.307027578353882,T4_measured_input,degraded_T4_simulation_input,T4_execution_environment
True,24000,3000,14000,0,0,7000,0,0,60,6,1000,808,assigned_level_sensitivity,dynamic,periodic,0.0,False,True,0.0,0.0,0.0,0,6000,3000,0.5,0,0.0,59.996988084757646,0.8137742857143843,3478,522,0,0,3000,0.6288163714286004,0.18340477500000843,0.34420000000000067,7000,0.2239103600074091,6000,6000,0.1170778023628689,2800,0.3560855654914371,0.15498078876632923,0.8450192112336707,0.6736666666666666,0.2390077631285682,2.3091256618499756,T4_measured_input,degraded_T4_simulation_input,T4_execution_environment
True,24000,3000,14000,0,0,7000,0,0,60,6,1000,909,assigned_level_sensitivity,dynamic,periodic,0.0,False,True,0.0,0.0,0.0,0,6000,3000,0.5,0,0.0,59.99724740858015,0.8136842857143843,3473,527,0,0,3000,0.6288444428571716,0.18341296250000838,0.34420000000000067,7000,0.22412730281302146,6000,6000,0.11900733313915748,2820,0.35866237574680526,0.15908554950848788,0.8409144504915121,0.6725,0.23965504260764778,2.2748208045959473,T4_measured_input,degraded_T4_simulation_input,T4_execution_environment
True,24000,3000,14000,0,0,7000,0,0,60,6,1000,1010,assigned_level_sensitivity,dynamic,periodic,0.0,False,True,0.0,0.0,0.0,0,6000,3000,0.5,0,0.0,59.99793290407186,0.81380857142867,3477,523,0,0,3000,0.6288219857143145,0.1834064125000084,0.34420000000000067,7000,0.2237103466495712,6000,6000,0.1151249136134339,2755,0.356189786701178,0.15687084428950498,0.843129155710495,0.675,0.2410648730877441,2.237328290939331,T4_measured_input,degraded_T4_simulation_input,T4_execution_environment
True,32000,5000,20000,0,0,7000,0,0,60,8,1000,101,assigned_level_sensitivity,dynamic,periodic,0.0,False,True,0.0,0.0,0.0,0,8000,5000,0.625,0,0.0,59.99897654970245,0.8137057142858128,3475,525,0,0,3000,0.628833214285743,0.1375572656250063,0.2581500000000005,7000,0.17074658307708554,8000,8000,0.08515199221663555,3016,0.33666476253106037,0.11515773384071663,0.8848422661592834,0.751,0.2515127703144248,2.975630044937134,T4_measured_input,degraded_T4_simulation_input,T4_execution_environment
True,32000,5000,20000,0,0,7000,0,0,60,8,1000,202,assigned_level_sensitivity,dynamic,periodic,0.0,False,True,0.0,0.0,0.0,0,8000,5000,0.625,0,0.0,59.99781544885883,0.8137242857143843,3476,524,0,0,3000,0.6288276000000287,0.13755603750000628,0.2581500000000005,7000,0.17072848579545646,8000,8000,0.08517617008206865,3016,0.3429482757503506,0.1054291902086465,0.8945708097913535,0.747625,0.2577721056682819,2.957285165786743,T4_measured_input,degraded_T4_simulation_input,T4_execution_environment
True,32000,5000,20000,0,0,7000,0,0,60,8,1000,303,assigned_level_sensitivity,dynamic,periodic,0.0,False,True,0.0,0.0,0.0,0,8000,5000,0.625,0,0.0,59.99936243570206,0.8137057142858128,3476,524,0,0,3000,0.6288276000000287,0.13755603750000628,0.2581500000000005,7000,0.1707525615186373,8000,8000,0.08371913851574378,2971,0.34149342251865045,0.11048514694671165,0.8895148530532884,0.755,0.2577742840029067,3.0054028034210205,T4_measured_input,degraded_T4_simulation_input,T4_execution_environment
True,32000,5000,20000,0,0,7000,0,0,60,8,1000,404,assigned_level_sensitivity,dynamic,periodic,0.0,False,True,0.0,0.0,0.0,0,8000,5000,0.625,0,0.0,59.99799227353145,0.8137214285715271,3476,524,0,0,3000,0.6288276000000289,0.1375560375000063,0.2581500000000005,7000,0.17031112456891337,8000,8000,0.08482207382228968,3000,0.3363786501236506,0.10573949944654865,0.8942605005534514,0.7515,0.2515565763013609,3.027799129486084,T4_measured_input,degraded_T4_simulation_input,T4_execution_environment
True,32000,5000,20000,0,0,7000,0,0,60,8,1000,505,assigned_level_sensitivity,dynamic,periodic,0.0,False,True,0.0,0.0,0.0,0,8000,5000,0.625,0,0.0,59.997238574461285,0.81378857142867,3476,524,0,0,3000,0.6288276000000287,0.13755603750000628,0.2581500000000005,7000,0.17070156794532815,8000,8000,0.08225705233222473,2964,0.3376794394818179,0.1058534383427831,0.8941465616572168,0.757,0.25542238714959314,3.124386787414551,T4_measured_input,degraded_T4_simulation_input,T4_execution_environment
True,32000,5000,20000,0,0,7000,0,0,60,8,1000,606,assigned_level_sensitivity,dynamic,periodic,0.0,False,True,0.0,0.0,0.0,0,8000,5000,0.625,0,0.0,59.99529439194299,0.8136800000000985,3475,525,0,0,3000,0.628833214285743,0.1375572656250063,0.2581500000000005,7000,0.16984325009508916,8000,8000,0.08359980908202941,3004,0.34062394680348435,0.09606406410589603,0.9039359358941039,0.75,0.25702413772145494,3.113935947418213,T4_measured_input,degraded_T4_simulation_input,T4_execution_environment
True,32000,5000,20000,0,0,7000,0,0,60,8,1000,707,assigned_level_sensitivity,dynamic,periodic,0.0,False,True,0.0,0.0,0.0,0,8000,5000,0.625,0,0.0,59.998377562235284,0.813741428571527,3475,525,0,0,3000,0.628833214285743,0.1375572656250063,0.2581500000000005,7000,0.16997022692089117,8000,8000,0.08634008430987528,3007,0.34074523364660864,0.11134801629996445,0.8886519837000355,0.746,0.25440514933673336,3.1281163692474365,T4_measured_input,degraded_T4_simulation_input,T4_execution_environment
True,32000,5000,20000,0,0,7000,0,0,60,8,1000,808,assigned_level_sensitivity,dynamic,periodic,0.0,False,True,0.0,0.0,0.0,0,8000,5000,0.625,0,0.0,59.99800874884672,0.813751428571527,3476,524,0,0,3000,0.6288276000000289,0.1375560375000063,0.2581500000000005,7000,0.1699005212436733,8000,8000,0.08442642857744856,3036,0.3363693091916539,0.10950980691558253,0.8904901930844175,0.747,0.25194288061420533,3.1193864345550537,T4_measured_input,degraded_T4_simulation_input,T4_execution_environment
True,32000,5000,20000,0,0,7000,0,0,60,8,1000,909,assigned_level_sensitivity,dynamic,periodic,0.0,False,True,0.0,0.0,0.0,0,8000,5000,0.625,0,0.0,59.998736350529946,0.8137271428572413,3476,524,0,0,3000,0.6288276000000289,0.1375560375000063,0.2581500000000005,7000,0.17051988835986326,8000,8000,0.0875185050672598,2956,0.35552898200063604,0.11212491502879439,0.8878750849712056,0.745625,0.2680104769333762,3.111370801925659,T4_measured_input,degraded_T4_simulation_input,T4_execution_environment
True,32000,5000,20000,0,0,7000,0,0,60,8,1000,1010,assigned_level_sensitivity,dynamic,periodic,0.0,False,True,0.0,0.0,0.0,0,8000,5000,0.625,0,0.0,59.99780737756382,0.8137328571429556,3475,525,0,0,3000,0.628833214285743,0.1375572656250063,0.2581500000000005,7000,0.1708393610310424,8000,8000,0.08258481464584419,2934,0.3425821401010669,0.10219410242340722,0.8978058975765928,0.753125,0.2599973254552227,3.0309231281280518,T4_measured_input,degraded_T4_simulation_input,T4_execution_environment
True,40000,7000,26000,0,0,7000,0,0,60,10,1000,101,assigned_level_sensitivity,dynamic,periodic,0.0,False,True,0.0,0.0,0.0,0,10000,7000,0.7,0,0.0,59.996608784870205,0.8137414285715271,3474,526,0,0,3000,0.6288388285714575,0.11004679500000504,0.2065200000000004,7000,0.13817089533728344,10000,10000,0.06373450079812591,2940,0.33818213023129495,0.07072767827962477,0.9292723217203752,0.803,0.274447629433169,3.975736379623413,T4_measured_input,degraded_T4_simulation_input,T4_execution_environment
True,40000,7000,26000,0,0,7000,0,0,60,10,1000,202,assigned_level_sensitivity,dynamic,periodic,0.0,False,True,0.0,0.0,0.0,0,10000,7000,0.7,0,0.0,59.998720524987704,0.8137557142858127,3475,525,0,0,3000,0.628833214285743,0.11004581250000503,0.2065200000000004,7000,0.13899311025315805,10000,10000,0.0655785731103829,3199,0.3467841369561465,0.08605803750742558,0.9139419624925744,0.7909,0.2812055638457636,4.00519585609436,T4_measured_input,degraded_T4_simulation_input,T4_execution_environment
True,40000,7000,26000,0,0,7000,0,0,60,10,1000,303,assigned_level_sensitivity,dynamic,periodic,0.0,False,True,0.0,0.0,0.0,0,10000,7000,0.7,0,0.0,59.99990022711738,0.8137042857143842,3476,524,0,0,3000,0.6288276000000287,0.11004483000000502,0.2065200000000004,7000,0.13746254810432004,10000,10000,0.060266667221325586,3080,0.3010485299391697,0.07248021789555616,0.9275197821044439,0.81,0.2407818627178441,3.994145631790161,T4_measured_input,degraded_T4_simulation_input,T4_execution_environment
True,40000,7000,26000,0,0,7000,0,0,60,10,1000,404,assigned_level_sensitivity,dynamic,periodic,0.0,False,True,0.0,0.0,0.0,0,10000,7000,0.7,0,0.0,59.999561381070706,0.8137714285715272,3478,522,0,0,3000,0.6288163714286001,0.11004286500000503,0.2065200000000004,7000,0.13745587687975494,10000,10000,0.0711445293759615,3190,0.32910283562441484,0.09054021038981784,0.9094597896101821,0.798,0.25795830624845334,4.046841144561768,T4_measured_input,degraded_T4_simulation_input,T4_execution_environment
True,40000,7000,26000,0,0,7000,0,0,60,10,1000,505,assigned_level_sensitivity,dynamic,periodic,0.0,False,True,0.0,0.0,0.0,0,10000,7000,0.7,0,0.0,59.9996983632319,0.8136871428572414,3473,527,0,0,3000,0.6288444428571718,0.11004777750000505,0.2065200000000004,7000,0.13796459968580388,10000,10000,0.06999488517800538,3070,0.35209531387637427,0.07691797124822505,0.9230820287517749,0.798,0.2821004286983689,4.0419065952301025,T4_measured_input,degraded_T4_simulation_input,T4_execution_environment
True,40000,7000,26000,0,0,7000,0,0,60,10,1000,606,assigned_level_sensitivity,dynamic,periodic,0.0,False,True,0.0,0.0,0.0,0,10000,7000,0.7,0,0.0,59.9963497084304,0.81366857142867,3474,526,0,0,3000,0.6288388285714575,0.11004679500000504,0.2065200000000004,7000,0.1375825194861427,10000,10000,0.061992169214008186,3149,0.29933973396728136,0.06714776833694484,0.9328522316630552,0.809,0.23734756475327318,4.170214414596558,T4_measured_input,degraded_T4_simulation_input,T4_execution_environment
True,40000,7000,26000,0,0,7000,0,0,60,10,1000,707,assigned_level_sensitivity,dynamic,periodic,0.0,False,True,0.0,0.0,0.0,0,10000,7000,0.7,0,0.0,59.99940575386716,0.8137257142858128,3473,527,0,0,3000,0.6288444428571718,0.11004777750000505,0.2065200000000004,7000,0.13699306175849985,10000,10000,0.0710587677886529,3110,0.35255953358098974,0.08645840262293655,0.9135415973770634,0.7962,0.28150076579233685,4.1225550174713135,T4_measured_input,degraded_T4_simulation_input,T4_execution_environment
True,40000,7000,26000,0,0,7000,0,0,60,10,1000,808,assigned_level_sensitivity,dynamic,periodic,0.0,False,True,0.0,0.0,0.0,0,10000,7000,0.7,0,0.0,59.99852446349839,0.8136657142858128,3474,526,0,0,3000,0.6288388285714575,0.11004679500000504,0.2065200000000004,7000,0.13824544742886358,10000,10000,0.06567136989175461,3009,0.3418493650474077,0.0742379173974788,0.9257620826025212,0.806,0.2761779951556531,4.025627851486206,T4_measured_input,degraded_T4_simulation_input,T4_execution_environment
True,40000,7000,26000,0,0,7000,0,0,60,10,1000,909,assigned_level_sensitivity,dynamic,periodic,0.0,False,True,0.0,0.0,0.0,0,10000,7000,0.7,0,0.0,59.997947449355806,0.8136871428572414,3474,526,0,0,3000,0.6288388285714575,0.11004679500000504,0.2065200000000004,7000,0.13873538724287443,10000,10000,0.06554953299419378,2859,0.36087299559635766,0.08264869641579976,0.9173513035842003,0.799,0.2953234626021639,4.054521560668945,T4_measured_input,degraded_T4_simulation_input,T4_execution_environment
True,40000,7000,26000,0,0,7000,0,0,60,10,1000,1010,assigned_level_sensitivity,dynamic,periodic,0.0,False,True,0.0,0.0,0.0,0,10000,7000,0.7,0,0.0,59.99988199792112,0.81372857142867,3477,523,0,0,3000,0.6288219857143145,0.11004384750000504,0.2065200000000004,7000,0.13809019134683542,10000,10000,0.06704823981576968,3069,0.3349743219456464,0.073285621697436,0.926714378302564,0.8,0.26792608212987673,4.1641905307769775,T4_measured_input,degraded_T4_simulation_input,T4_execution_environment
True,16000,0,6000,0,0,10000,0,0,80,4,1000,101,assigned_level_sensitivity,dynamic,periodic,0.0,False,True,0.0,0.0,0.0,0,4000,0,0.0,0,0.0,59.99994943958694,0.8055700000001288,6000,0,0,0,4000,0.6227599999999719,0.3892249999999824,0.6884000000000013,10000,0.45282164294509525,4000,4000,0.2505293505097891,3160,0.3840028890950928,0.38189659769811385,0.6181034023018861,0.376,0.1334735385853037,1.8116674423217773,T4_measured_input,degraded_T4_simulation_input,T4_execution_environment
True,16000,0,6000,0,0,10000,0,0,80,4,1000,202,assigned_level_sensitivity,dynamic,periodic,0.0,False,True,0.0,0.0,0.0,0,4000,0,0.0,0,0.0,59.99999838570606,0.8056140000001288,6000,0,0,0,4000,0.6227599999999719,0.3892249999999824,0.6884000000000013,10000,0.4524887711468644,4000,4000,0.24549977741934495,3184,0.37331891207255086,0.35563871269581704,0.644361287304183,0.384,0.1278191346532059,1.7827129364013672,T4_measured_input,degraded_T4_simulation_input,T4_execution_environment
True,16000,0,6000,0,0,10000,0,0,80,4,1000,303,assigned_level_sensitivity,dynamic,periodic,0.0,False,True,0.0,0.0,0.0,0,4000,0,0.0,0,0.0,59.99999793753698,0.8055690000001289,6000,0,0,0,4000,0.6227599999999719,0.3892249999999824,0.6884000000000013,10000,0.4528563630452548,4000,4000,0.2529101826112055,3128,0.38896707110062695,0.3835091032835256,0.6164908967164744,0.386,0.13605688848942143,1.8419795036315918,T4_measured_input,degraded_T4_simulation_input,T4_execution_environment
True,16000,0,6000,0,0,10000,0,0,80,4,1000,404,assigned_level_sensitivity,dynamic,periodic,0.0,False,True,0.0,0.0,0.0,0,4000,0,0.0,0,0.0,59.999999485492125,0.8056230000001289,6000,0,0,0,4000,0.6227599999999719,0.3892249999999824,0.6884000000000013,10000,0.45259234467843523,4000,4000,0.25087156239480757,3152,0.38417362115961673,0.3696692339984393,0.6303307660015607,0.384,0.13330205876480916,1.8100481033325195,T4_measured_input,degraded_T4_simulation_input,T4_execution_environment
True,16000,0,6000,0,0,10000,0,0,80,4,1000,505,assigned_level_sensitivity,dynamic,periodic,0.0,False,True,0.0,0.0,0.0,0,4000,0,0.0,0,0.0,59.99999907425306,0.8056520000001288,6000,0,0,0,4000,0.6227599999999719,0.3892249999999824,0.6884000000000013,10000,0.45305603270105793,4000,4000,0.24692307834550148,3096,0.38595939717090594,0.3633517531372066,0.6366482468627934,0.388,0.13903631882540446,1.824455976486206,T4_measured_input,degraded_T4_simulation_input,T4_execution_environment
True,16000,0,6000,0,0,10000,0,0,80,4,1000,606,assigned_level_sensitivity,dynamic,periodic,0.0,False,True,0.0,0.0,0.0,0,4000,0,0.0,0,0.0,59.999995274840145,0.8056440000001288,6000,0,0,0,4000,0.6227599999999719,0.3892249999999824,0.6884000000000013,10000,0.45304138802254085,4000,4000,0.2528816881270559,3184,0.3825849375088103,0.36390986157245797,0.636090138427542,0.368,0.12970324938175437,1.8071463108062744,T4_measured_input,degraded_T4_simulation_input,T4_execution_environment
True,16000,0,6000,0,0,10000,0,0,80,4,1000,707,assigned_level_sensitivity,dynamic,periodic,0.0,False,True,0.0,0.0,0.0,0,4000,0,0.0,0,0.0,59.999964714405344,0.8056230000001289,6000,0,0,0,4000,0.6227599999999719,0.3892249999999824,0.6884000000000013,10000,0.4523828813711613,4000,4000,0.2565100163616806,3152,0.3931517839845219,0.3803651995857914,0.6196348004142086,0.366,0.1366417676228413,1.7754123210906982,T4_measured_input,degraded_T4_simulation_input,T4_execution_environment
True,16000,0,6000,0,0,10000,0,0,80,4,1000,808,assigned_level_sensitivity,dynamic,periodic,0.0,False,True,0.0,0.0,0.0,0,4000,0,0.0,0,0.0,59.999998164900475,0.8056570000001289,6000,0,0,0,4000,0.6227599999999719,0.3892249999999824,0.6884000000000013,10000,0.4528497499627675,4000,4000,0.24781460635729333,3144,0.3776469687260869,0.3731971617989407,0.6268028382010593,0.384,0.12983236236879356,1.822707176208496,T4_measured_input,degraded_T4_simulation_input,T4_execution_environment
True,16000,0,6000,0,0,10000,0,0,80,4,1000,909,assigned_level_sensitivity,dynamic,periodic,0.0,False,True,0.0,0.0,0.0,0,4000,0,0.0,0,0.0,59.99999792624347,0.8056300000001289,6000,0,0,0,4000,0.6227599999999719,0.3892249999999824,0.6884000000000013,10000,0.45247892670421463,4000,4000,0.24543632331518456,3144,0.38000680049964086,0.35475683377855893,0.6452431662214411,0.386,0.1345704771844563,1.8079285621643066,T4_measured_input,degraded_T4_simulation_input,T4_execution_environment
True,16000,0,6000,0,0,10000,0,0,80,4,1000,1010,assigned_level_sensitivity,dynamic,periodic,0.0,False,True,0.0,0.0,0.0,0,4000,0,0.0,0,0.0,59.99999977997723,0.8056460000001288,6000,0,0,0,4000,0.6227599999999719,0.3892249999999824,0.6884000000000013,10000,0.4528674404121633,4000,4000,0.24545578854961567,3120,0.3817641221305438,0.3697415012515196,0.6302584987484804,0.382,0.13630833358092811,1.7975530624389648,T4_measured_input,degraded_T4_simulation_input,T4_execution_environment
True,24000,1000,15000,0,0,8000,0,0,80,6,1000,101,assigned_level_sensitivity,dynamic,periodic,0.0,False,True,0.0,0.0,0.0,0,6000,1000,0.16666666666666666,0,0.0,59.99998855592431,0.8048887500001127,3000,0,0,0,5000,0.6473750000000005,0.21579166666666683,0.5736666666666678,8000,0.2739284258481554,6000,6000,0.12210689249399835,3120,0.3506638163810121,0.16494811965429423,0.8350518803457058,0.652,0.2285569238870137,2.3329555988311768,T4_measured_input,degraded_T4_simulation_input,T4_execution_environment
True,24000,1000,15000,0,0,8000,0,0,80,6,1000,202,assigned_level_sensitivity,dynamic,periodic,0.0,False,True,0.0,0.0,0.0,0,6000,1000,0.16666666666666666,0,0.0,59.99999718159256,0.8048825000001127,3000,0,0,0,5000,0.6473750000000005,0.21579166666666683,0.5736666666666678,8000,0.27372604325582,6000,6000,0.1194884628006864,3096,0.34949092046549884,0.14847044411534374,0.8515295558846563,0.66,0.23000245766481245,2.349041223526001,T4_measured_input,degraded_T4_simulation_input,T4_execution_environment
True,24000,1000,15000,0,0,8000,0,0,80,6,1000,303,assigned_level_sensitivity,dynamic,periodic,0.0,False,True,0.0,0.0,0.0,0,6000,1000,0.16666666666666666,0,0.0,59.9999970090554,0.8049150000001127,3000,0,0,0,5000,0.6473750000000005,0.21579166666666683,0.5736666666666678,8000,0.2734772418739247,6000,6000,0.12004132233628671,3076,0.35346688692391665,0.15021568350918846,0.8497843164908115,0.6586666666666666,0.23342556458762992,2.3179163932800293,T4_measured_input,degraded_T4_simulation_input,T4_execution_environment
True,24000,1000,15000,0,0,8000,0,0,80,6,1000,404,assigned_level_sensitivity,dynamic,periodic,0.0,False,True,0.0,0.0,0.0,0,6000,1000,0.16666666666666666,0,0.0,59.99998516910519,0.8048625000001126,3000,0,0,0,5000,0.6473750000000005,0.21579166666666683,0.5736666666666678,8000,0.2730411628195178,6000,6000,0.12104251648713983,3056,0.35478138953895605,0.15818987792473563,0.8418101220752644,0.6606666666666666,0.23373887305181623,2.3360185623168945,T4_measured_input,degraded_T4_simulation_input,T4_execution_environment
True,24000,1000,15000,0,0,8000,0,0,80,6,1000,505,assigned_level_sensitivity,dynamic,periodic,0.0,False,True,0.0,0.0,0.0,0,6000,1000,0.16666666666666666,0,0.0,59.99998961848665,0.8048550000001127,3000,0,0,0,5000,0.6473750000000005,0.21579166666666683,0.5736666666666678,8000,0.27356343597400373,6000,6000,0.11739859004842276,3096,0.3475813952748944,0.15813116292812596,0.8418688370718741,0.6633333333333333,0.23018280522647164,2.425645112991333,T4_measured_input,degraded_T4_simulation_input,T4_execution_environment
True,24000,1000,15000,0,0,8000,0,0,80,6,1000,606,assigned_level_sensitivity,dynamic,periodic,0.0,False,True,0.0,0.0,0.0,0,6000,1000,0.16666666666666666,0,0.0,59.99995706269369,0.8048987500001127,3000,0,0,0,5000,0.6473750000000005,0.21579166666666683,0.5736666666666678,8000,0.27322007061975184,6000,6000,0.12311839796486468,3136,0.3597836073367961,0.14812474823918892,0.851875251760811,0.646,0.23666520937193142,2.4162302017211914,T4_measured_input,degraded_T4_simulation_input,T4_execution_environment
True,24000,1000,15000,0,0,8000,0,0,80,6,1000,707,assigned_level_sensitivity,dynamic,periodic,0.0,False,True,0.0,0.0,0.0,0,6000,1000,0.16666666666666666,0,0.0,59.99998063615986,0.8048662500001127,3000,0,0,0,5000,0.6473750000000005,0.21579166666666683,0.5736666666666678,8000,0.2729754035233425,6000,6000,0.1229174776303292,3108,0.35394155898614016,0.158939572542186,0.841060427457814,0.652,0.23102408135581096,2.400131940841675,T4_measured_input,degraded_T4_simulation_input,T4_execution_environment
True,24000,1000,15000,0,0,8000,0,0,80,6,1000,808,assigned_level_sensitivity,dynamic,periodic,0.0,False,True,0.0,0.0,0.0,0,6000,1000,0.16666666666666666,0,0.0,59.99999636989255,0.8049325000001126,3000,0,0,0,5000,0.6473750000000005,0.21579166666666683,0.5736666666666678,8000,0.2731430142653728,6000,6000,0.12354578555651953,3104,0.3598893239872181,0.16012049405331383,0.8398795059466861,0.6473333333333333,0.2363435384306986,2.321552038192749,T4_measured_input,degraded_T4_simulation_input,T4_execution_environment
True,24000,1000,15000,0,0,8000,0,0,80,6,1000,909,assigned_level_sensitivity,dynamic,periodic,0.0,False,True,0.0,0.0,0.0,0,6000,1000,0.16666666666666666,0,0.0,59.99999683978196,0.8048712500001127,3000,0,0,0,5000,0.6473750000000005,0.21579166666666683,0.5736666666666678,8000,0.27336690389489,6000,6000,0.11922395711640169,3108,0.349222519210387,0.14972640102925164,0.8502735989707484,0.6606666666666666,0.2299985620939853,2.3841824531555176,T4_measured_input,degraded_T4_simulation_input,T4_execution_environment
True,24000,1000,15000,0,0,8000,0,0,80,6,1000,1010,assigned_level_sensitivity,dynamic,periodic,0.0,False,True,0.0,0.0,0.0,0,6000,1000,0.16666666666666666,0,0.0,59.99999736382816,0.8049387500001127,3000,0,0,0,5000,0.6473750000000005,0.21579166666666683,0.5736666666666678,8000,0.2731805968995871,6000,6000,0.11851373235801128,3088,0.35444256741789315,0.14826185064119277,0.8517381493588072,0.6513333333333333,0.23592883505988188,2.291961908340454,T4_measured_input,degraded_T4_simulation_input,T4_execution_environment
True,32000,3000,21000,0,0,8000,0,0,80,8,1000,101,assigned_level_sensitivity,dynamic,periodic,0.0,False,True,0.0,0.0,0.0,0,8000,3000,0.375,0,0.0,59.999986625300025,0.8048787500001128,3000,0,0,0,5000,0.6473750000000005,0.16184375000000012,0.43025000000000085,8000,0.20749701674442356,8000,8000,0.08608769503841161,3288,0.3365281472825579,0.10283347803269208,0.897166521967308,0.739,0.2504404522441463,3.16259765625,T4_measured_input,degraded_T4_simulation_input,T4_execution_environment
True,32000,3000,21000,0,0,8000,0,0,80,8,1000,202,assigned_level_sensitivity,dynamic,periodic,0.0,False,True,0.0,0.0,0.0,0,8000,3000,0.375,0,0.0,59.999988207464995,0.8048825000001127,3000,0,0,0,5000,0.6473750000000005,0.16184375000000012,0.43025000000000085,8000,0.20661560473053578,8000,8000,0.08514846434015687,3256,0.33097544398702516,0.10163759614924138,0.8983624038507586,0.75,0.24582697964686828,3.105851888656616,T4_measured_input,degraded_T4_simulation_input,T4_execution_environment
True,32000,3000,21000,0,0,8000,0,0,80,8,1000,303,assigned_level_sensitivity,dynamic,periodic,0.0,False,True,0.0,0.0,0.0,0,8000,3000,0.375,0,0.0,59.99999242523541,0.8048625000001127,3000,0,0,0,5000,0.6473750000000005,0.16184375000000012,0.43025000000000085,8000,0.20647902039858684,8000,8000,0.08846269350929527,3256,0.3428920583469355,0.11182177687845196,0.888178223121548,0.74,0.2544293648376402,3.1178205013275146,T4_measured_input,degraded_T4_simulation_input,T4_execution_environment
True,32000,3000,21000,0,0,8000,0,0,80,8,1000,404,assigned_level_sensitivity,dynamic,periodic,0.0,False,True,0.0,0.0,0.0,0,8000,3000,0.375,0,0.0,59.99999617714256,0.8048987500001126,3000,0,0,0,5000,0.6473750000000005,0.16184375000000012,0.43025000000000085,8000,0.20662584858703015,8000,8000,0.08336321093153176,3200,0.3310367545872204,0.10241178511366297,0.897588214886337,0.752,0.24767354365568867,3.0988757610321045,T4_measured_input,degraded_T4_simulation_input,T4_execution_environment
True,32000,3000,21000,0,0,8000,0,0,80,8,1000,505,assigned_level_sensitivity,dynamic,periodic,0.0,False,True,0.0,0.0,0.0,0,8000,3000,0.375,0,0.0,59.99999417828079,0.8049087500001126,3000,0,0,0,5000,0.6473750000000005,0.16184375000000012,0.43025000000000085,8000,0.2069183457861538,8000,8000,0.0874269241231559,3264,0.3415881457788011,0.10976919731049598,0.890230802689504,0.738,0.2541612216556452,3.098590850830078,T4_measured_input,degraded_T4_simulation_input,T4_execution_environment
True,32000,3000,21000,0,0,8000,0,0,80,8,1000,606,assigned_level_sensitivity,dynamic,periodic,0.0,False,True,0.0,0.0,0.0,0,8000,3000,0.375,0,0.0,59.99998149597975,0.8048962500001127,3000,0,0,0,5000,0.6473750000000005,0.16184375000000012,0.43025000000000085,8000,0.20657461759983325,8000,8000,0.08791325972017425,3304,0.3380825446870785,0.10367513291858071,0.8963248670814192,0.742,0.25016928496690427,3.1528546810150146,T4_measured_input,degraded_T4_simulation_input,T4_execution_environment
True,32000,3000,21000,0,0,8000,0,0,80,8,1000,707,assigned_level_sensitivity,dynamic,periodic,0.0,False,True,0.0,0.0,0.0,0,8000,3000,0.375,0,0.0,59.99999812331525,0.8048687500001126,3000,0,0,0,5000,0.6473750000000005,0.16184375000000012,0.43025000000000085,8000,0.2063222491242791,8000,8000,0.09079283546332463,3328,0.3378836776778607,0.10816592346998871,0.8918340765300112,0.732,0.2470908422145361,3.276657819747925,T4_measured_input,degraded_T4_simulation_input,T4_execution_environment
True,32000,3000,21000,0,0,8000,0,0,80,8,1000,808,assigned_level_sensitivity,dynamic,periodic,0.0,False,True,0.0,0.0,0.0,0,8000,3000,0.375,0,0.0,59.99999081167519,0.8049187500001127,3000,0,0,0,5000,0.6473750000000005,0.16184375000000012,0.43025000000000085,8000,0.20586574140517364,8000,8000,0.09102420752274144,3336,0.347879595859441,0.10607897213752233,0.8939210278624776,0.728,0.2568553883366996,3.32232666015625,T4_measured_input,degraded_T4_simulation_input,T4_execution_environment
True,32000,3000,21000,0,0,8000,0,0,80,8,1000,909,assigned_level_sensitivity,dynamic,periodic,0.0,False,True,0.0,0.0,0.0,0,8000,3000,0.375,0,0.0,59.99999455179966,0.8049225000001127,3000,0,0,0,5000,0.6473750000000005,0.16184375000000012,0.43025000000000085,8000,0.20675571441170568,8000,8000,0.09434710010201279,3280,0.35295298178544765,0.11354118936690918,0.8864588106330908,0.728,0.25860588168343485,3.1867105960845947,T4_measured_input,degraded_T4_simulation_input,T4_execution_environment
True,32000,3000,21000,0,0,8000,0,0,80,8,1000,1010,assigned_level_sensitivity,dynamic,periodic,0.0,False,True,0.0,0.0,0.0,0,8000,3000,0.375,0,0.0,59.999990810572,0.8048725000001127,3000,0,0,0,5000,0.6473750000000005,0.16184375000000012,0.43025000000000085,8000,0.20661276711573207,8000,8000,0.08717878635946347,3176,0.3478624972898797,0.11131522608996616,0.8886847739100339,0.736,0.26068371093041626,3.1461682319641113,T4_measured_input,degraded_T4_simulation_input,T4_execution_environment
True,40000,5000,27000,0,0,8000,0,0,80,10,1000,101,assigned_level_sensitivity,dynamic,periodic,0.0,False,True,0.0,0.0,0.0,0,10000,5000,0.5,0,0.0,59.999994240906965,0.8048762500001126,3000,0,0,0,5000,0.6473750000000005,0.1294750000000001,0.34420000000000067,8000,0.16732752255808767,10000,10000,0.06526516139914923,3300,0.33134060985525887,0.06484591929262414,0.9351540807073758,0.796,0.26607544845610964,4.176699638366699,T4_measured_input,degraded_T4_simulation_input,T4_execution_environment
True,40000,5000,27000,0,0,8000,0,0,80,10,1000,202,assigned_level_sensitivity,dynamic,periodic,0.0,False,True,0.0,0.0,0.0,0,10000,5000,0.5,0,0.0,59.99999586481421,0.8048450000001127,3000,0,0,0,5000,0.6473750000000005,0.1294750000000001,0.34420000000000067,8000,0.16862857750438537,10000,10000,0.06870775463736503,3420,0.3369867918357058,0.0801247868146944,0.9198752131853056,0.794,0.2682790371983408,4.295277118682861,T4_measured_input,degraded_T4_simulation_input,T4_execution_environment
True,40000,5000,27000,0,0,8000,0,0,80,10,1000,303,assigned_level_sensitivity,dynamic,periodic,0.0,False,True,0.0,0.0,0.0,0,10000,5000,0.5,0,0.0,59.99999503205612,0.8048350000001127,3000,0,0,0,5000,0.6473750000000005,0.1294750000000001,0.34420000000000067,8000,0.16663375811754966,10000,10000,0.06519204902595517,3360,0.31868726270773995,0.08000114737400955,0.9199988526259905,0.796,0.2534952136817848,4.3015296459198,T4_measured_input,degraded_T4_simulation_input,T4_execution_environment
True,40000,5000,27000,0,0,8000,0,0,80,10,1000,404,assigned_level_sensitivity,dynamic,periodic,0.0,False,True,0.0,0.0,0.0,0,10000,5000,0.5,0,0.0,59.99999974571599,0.8048925000001127,3000,0,0,0,5000,0.6473750000000005,0.1294750000000001,0.34420000000000067,8000,0.1658025770895636,10000,10000,0.0701232818852688,3540,0.322346504826026,0.09209242526263696,0.907907574737363,0.786,0.2522232229407572,4.392517328262329,T4_measured_input,degraded_T4_simulation_input,T4_execution_environment
True,40000,5000,27000,0,0,8000,0,0,80,10,1000,505,assigned_level_sensitivity,dynamic,periodic,0.0,False,True,0.0,0.0,0.0,0,10000,5000,0.5,0,0.0,59.99998228551253,0.8048587500001128,3000,0,0,0,5000,0.6473750000000005,0.1294750000000001,0.34420000000000067,8000,0.16645508795099867,10000,10000,0.0723584038313341,3500,0.3427796232051574,0.079633773382588,0.920366226617412,0.782,0.27042121937382335,4.375539779663086,T4_measured_input,degraded_T4_simulation_input,T4_execution_environment
True,40000,5000,27000,0,0,8000,0,0,80,10,1000,606,assigned_level_sensitivity,dynamic,periodic,0.0,False,True,0.0,0.0,0.0,0,10000,5000,0.5,0,0.0,59.999989853362536,0.8048762500001126,3000,0,0,0,5000,0.6473750000000005,0.1294750000000001,0.34420000000000067,8000,0.16636741373669145,10000,10000,0.06663358814188157,3420,0.3138633060970138,0.06826306615427186,0.9317369338457282,0.792,0.2472297179551322,4.329444169998169,T4_measured_input,degraded_T4_simulation_input,T4_execution_environment
True,40000,5000,27000,0,0,8000,0,0,80,10,1000,707,assigned_level_sensitivity,dynamic,periodic,0.0,False,True,0.0,0.0,0.0,0,10000,5000,0.5,0,0.0,59.99998772772138,0.8048787500001127,3000,0,0,0,5000,0.6473750000000005,0.1294750000000001,0.34420000000000067,8000,0.16590366786549396,10000,10000,0.06806751821096088,3400,0.3275625184131889,0.07777250524251834,0.9222274947574817,0.79,0.25949500020222804,4.385670900344849,T4_measured_input,degraded_T4_simulation_input,T4_execution_environment
True,40000,5000,27000,0,0,8000,0,0,80,10,1000,808,assigned_level_sensitivity,dynamic,periodic,0.0,False,True,0.0,0.0,0.0,0,10000,5000,0.5,0,0.0,59.9999714968924,0.8048825000001127,3000,0,0,0,5000,0.6473750000000005,0.1294750000000001,0.34420000000000067,8000,0.16683836154726872,10000,10000,0.07206099818564297,3400,0.34596970704670993,0.07967581079242084,0.9203241892075792,0.782,0.27390870886106694,4.373253345489502,T4_measured_input,degraded_T4_simulation_input,T4_execution_environment
True,40000,5000,27000,0,0,8000,0,0,80,10,1000,909,assigned_level_sensitivity,dynamic,periodic,0.0,False,True,0.0,0.0,0.0,0,10000,5000,0.5,0,0.0,59.99999134088499,0.8048850000001128,3000,0,0,0,5000,0.6473750000000005,0.1294750000000001,0.34420000000000067,8000,0.16678252512675312,10000,10000,0.06964925150972898,3420,0.3376101697337563,0.07114361784334734,0.9288563821566527,0.784,0.26796091822402734,4.428988456726074,T4_measured_input,degraded_T4_simulation_input,T4_execution_environment
True,40000,5000,27000,0,0,8000,0,0,80,10,1000,1010,assigned_level_sensitivity,dynamic,periodic,0.0,False,True,0.0,0.0,0.0,0,10000,5000,0.5,0,0.0,59.999975249445214,0.8048725000001126,3000,0,0,0,5000,0.6473750000000005,0.1294750000000001,0.34420000000000067,8000,0.1669433831065205,10000,10000,0.06895269476941777,3320,0.3376728207102671,0.08315016150195874,0.9168498384980412,0.792,0.2687201259408493,4.186089038848877,T4_measured_input,degraded_T4_simulation_input,T4_execution_environment
True,16000,0,2000,0,0,14000,0,0,100,4,1000,101,assigned_level_sensitivity,dynamic,periodic,0.0,False,True,0.0,0.0,0.0,0,4000,0,0.0,0,0.0,59.99999236815212,0.8088671428570686,9167,833,0,0,4000,0.6125954928570643,0.5360210562499312,0.6884000000000013,14000,0.5680472421052932,4000,4000,0.37234560552728824,3664,0.42424317147639123,0.5754005546959867,0.4245994453040133,0.172,0.051897565949103,2.01145601272583,T4_measured_input,degraded_T4_simulation_input,T4_execution_environment
True,16000,0,2000,0,0,14000,0,0,100,4,1000,202,assigned_level_sensitivity,dynamic,periodic,0.0,False,True,0.0,0.0,0.0,0,4000,0,0.0,0,0.0,59.99999424525093,0.8093099999999223,9268,732,0,0,4000,0.6123119714284913,0.5357729749999298,0.6884000000000013,14000,0.5675156263608979,4000,4000,0.37341967831969486,3696,0.4208704432184704,0.5805540938626124,0.41944590613738764,0.166,0.04745076489877553,1.994683027267456,T4_measured_input,degraded_T4_simulation_input,T4_execution_environment
True,16000,0,2000,0,0,14000,0,0,100,4,1000,303,assigned_level_sensitivity,dynamic,periodic,0.0,False,True,0.0,0.0,0.0,0,4000,0,0.0,0,0.0,59.99999855966834,0.8093457142856367,9284,716,0,0,4000,0.612267057142777,0.5357336749999299,0.6884000000000013,14000,0.5672294843540727,4000,4000,0.3754308911001156,3696,0.42610480937450523,0.577142974423698,0.422857025576302,0.16,0.05067391827438961,2.031909227371216,T4_measured_input,degraded_T4_simulation_input,T4_execution_environment
True,16000,0,2000,0,0,14000,0,0,100,4,1000,404,assigned_level_sensitivity,dynamic,periodic,0.0,False,True,0.0,0.0,0.0,0,4000,0,0.0,0,0.0,59.99997010163274,0.8092878571427787,9272,728,0,0,4000,0.6123007428570627,0.5357631499999298,0.6884000000000013,14000,0.567567041745407,4000,4000,0.3787523765710724,3712,0.42965682082640355,0.576939010559715,0.42306098944028503,0.14975,0.05090444425533114,1.9632682800292969,T4_measured_input,degraded_T4_simulation_input,T4_execution_environment
True,16000,0,2000,0,0,14000,0,0,100,4,1000,505,assigned_level_sensitivity,dynamic,periodic,0.0,False,True,0.0,0.0,0.0,0,4000,0,0.0,0,0.0,59.999988996096384,0.8090457142856373,9232,768,0,0,4000,0.612413028571349,0.5358613999999304,0.6884000000000013,14000,0.5670022161402198,4000,4000,0.3732743382944434,3680,0.4230927737884646,0.5779452604510152,0.42205473954898476,0.168,0.04981843549402121,2.104473829269409,T4_measured_input,degraded_T4_simulation_input,T4_execution_environment
True,16000,0,2000,0,0,14000,0,0,100,4,1000,606,assigned_level_sensitivity,dynamic,periodic,0.0,False,True,0.0,0.0,0.0,0,4000,0,0.0,0,0.0,59.99999909729459,0.8090428571427805,9224,776,0,0,4000,0.6124354857142061,0.5358810499999304,0.6884000000000013,14000,0.5674042707786401,4000,4000,0.37541074666466545,3736,0.4225504488510914,0.5745652363314332,0.4254347636685668,0.16,0.047139702186425936,2.1113317012786865,T4_measured_input,degraded_T4_simulation_input,T4_execution_environment
True,16000,0,2000,0,0,14000,0,0,100,4,1000,707,assigned_level_sensitivity,dynamic,periodic,0.0,False,True,0.0,0.0,0.0,0,4000,0,0.0,0,0.0,59.99996225671746,0.8087957142856385,9180,820,0,0,4000,0.6125589999999212,0.535989124999931,0.6884000000000013,14000,0.5673495229922192,4000,4000,0.3795255227672971,3712,0.4271494024127549,0.5971501335594451,0.40284986644055487,0.162,0.04762387964545778,1.9970331192016602,T4_measured_input,degraded_T4_simulation_input,T4_execution_environment
True,16000,0,2000,0,0,14000,0,0,100,4,1000,808,assigned_level_sensitivity,dynamic,periodic,0.0,False,True,0.0,0.0,0.0,0,4000,0,0.0,0,0.0,59.99997658647821,0.8093749999999221,9281,719,0,0,4000,0.6122754785713483,0.5357410437499298,0.6884000000000013,14000,0.5676521234168243,4000,4000,0.3703017045276364,3656,0.41992886244717376,0.5867211055245317,0.4132788944754683,0.18,0.04962715791953737,1.9860177040100098,T4_measured_input,degraded_T4_simulation_input,T4_execution_environment
True,16000,0,2000,0,0,14000,0,0,100,4,1000,909,assigned_level_sensitivity,dynamic,periodic,0.0,False,True,0.0,0.0,0.0,0,4000,0,0.0,0,0.0,59.99994295165466,0.8091571428570652,9262,738,0,0,4000,0.6123288142856342,0.53578771249993,0.6884000000000013,14000,0.5686447340713152,4000,4000,0.3804479126743611,3704,0.4297934935124676,0.5788420688307361,0.4211579311692639,0.161,0.04934558083810647,1.9899840354919434,T4_measured_input,degraded_T4_simulation_input,T4_execution_environment
True,16000,0,2000,0,0,14000,0,0,100,4,1000,1010,assigned_level_sensitivity,dynamic,periodic,0.0,False,True,0.0,0.0,0.0,0,4000,0,0.0,0,0.0,59.99997442643853,0.8086628571427815,9164,836,0,0,4000,0.6126039142856355,0.5360284249999311,0.6884000000000013,14000,0.5673239166991241,4000,4000,0.37709629600682865,3720,0.42752910227484353,0.5815490513516635,0.41845094864833654,0.15,0.050432806268014885,1.9819488525390625,T4_measured_input,degraded_T4_simulation_input,T4_execution_environment
True,24000,0,14000,0,0,10000,0,0,100,6,1000,101,assigned_level_sensitivity,dynamic,periodic,0.0,False,True,0.0,0.0,0.0,0,6000,0,0.0,0,0.0,59.999974528780406,0.809065000000127,3547,453,0,0,6000,0.6464202899999839,0.2693417874999933,0.6884000000000013,10000,0.337845793601885,6000,6000,0.15930839146057257,3802,0.3627959012065277,0.2183181351611529,0.781681864838847,0.5656666666666667,0.20348750974595514,2.3516969680786133,T4_measured_input,degraded_T4_simulation_input,T4_execution_environment
True,24000,0,14000,0,0,10000,0,0,100,6,1000,202,assigned_level_sensitivity,dynamic,periodic,0.0,False,True,0.0,0.0,0.0,0,6000,0,0.0,0,0.0,59.99997928164333,0.8091070000001271,3548,452,0,0,6000,0.6464163599999839,0.26934014999999334,0.6884000000000013,10000,0.3379504978553719,6000,6000,0.15323348095173123,3769,0.3624252144701747,0.20164576871627066,0.7983542312837293,0.5701666666666667,0.20919173351844345,2.3826799392700195,T4_measured_input,degraded_T4_simulation_input,T4_execution_environment
True,24000,0,14000,0,0,10000,0,0,100,6,1000,303,assigned_level_sensitivity,dynamic,periodic,0.0,False,True,0.0,0.0,0.0,0,6000,0,0.0,0,0.0,59.9999668264996,0.809097000000127,3548,452,0,0,6000,0.6464163599999839,0.26934014999999334,0.6884000000000013,10000,0.3376672848790262,6000,6000,0.15717780744194848,3800,0.3596328079145986,0.20773824640203045,0.7922617535979696,0.5681666666666667,0.20245500047265014,2.4245920181274414,T4_measured_input,degraded_T4_simulation_input,T4_execution_environment
True,24000,0,14000,0,0,10000,0,0,100,6,1000,404,assigned_level_sensitivity,dynamic,periodic,0.0,False,True,0.0,0.0,0.0,0,6000,0,0.0,0,0.0,59.99996917244251,0.8090540000001271,3547,453,0,0,6000,0.6464202899999839,0.2693417874999933,0.6884000000000013,10000,0.33746231516493724,6000,6000,0.15538473669784308,3762,0.3610838860980718,0.20622980401252847,0.7937701959874716,0.5681666666666667,0.2056991494002287,2.4069159030914307,T4_measured_input,degraded_T4_simulation_input,T4_execution_environment
True,24000,0,14000,0,0,10000,0,0,100,6,1000,505,assigned_level_sensitivity,dynamic,periodic,0.0,False,True,0.0,0.0,0.0,0,6000,0,0.0,0,0.0,59.9999958138587,0.8091180000001271,3550,450,0,0,6000,0.646408499999984,0.2693368749999933,0.6884000000000013,10000,0.3376518164036087,6000,6000,0.15597440404482837,3760,0.3630812929815368,0.21026695458720596,0.789733045412794,0.5728333333333333,0.20710688893670842,2.399336099624634,T4_measured_input,degraded_T4_simulation_input,T4_execution_environment
True,24000,0,14000,0,0,10000,0,0,100,6,1000,606,assigned_level_sensitivity,dynamic,periodic,0.0,False,True,0.0,0.0,0.0,0,6000,0,0.0,0,0.0,59.999979959841625,0.8091160000001271,3550,450,0,0,6000,0.646408499999984,0.2693368749999933,0.6884000000000013,10000,0.33802143617653546,6000,6000,0.15768568114354947,3816,0.3634210986770675,0.19543283187099472,0.8045671681290053,0.5675,0.20573541753351804,2.4775047302246094,T4_measured_input,degraded_T4_simulation_input,T4_execution_environment
True,24000,0,14000,0,0,10000,0,0,100,6,1000,707,assigned_level_sensitivity,dynamic,periodic,0.0,False,True,0.0,0.0,0.0,0,6000,0,0.0,0,0.0,59.99999949127937,0.8090560000001271,3547,453,0,0,6000,0.6464202899999839,0.2693417874999933,0.6884000000000013,10000,0.3377780136420188,6000,6000,0.1559024372880962,3784,0.3585948520039605,0.20728541695052222,0.7927145830494777,0.569,0.20269241471586433,2.4607150554656982,T4_measured_input,degraded_T4_simulation_input,T4_execution_environment
True,24000,0,14000,0,0,10000,0,0,100,6,1000,808,assigned_level_sensitivity,dynamic,periodic,0.0,False,True,0.0,0.0,0.0,0,6000,0,0.0,0,0.0,59.99996887410977,0.809076000000127,3548,452,0,0,6000,0.6464163599999839,0.26934014999999334,0.6884000000000013,10000,0.3378244503442739,6000,6000,0.15760130849462772,3739,0.3640732634942011,0.20461588344240667,0.7953841165575933,0.5696666666666667,0.20647195499957338,2.4743857383728027,T4_measured_input,degraded_T4_simulation_input,T4_execution_environment
True,24000,0,14000,0,0,10000,0,0,100,6,1000,909,assigned_level_sensitivity,dynamic,periodic,0.0,False,True,0.0,0.0,0.0,0,6000,0,0.0,0,0.0,59.99997061441174,0.8090810000001271,3548,452,0,0,6000,0.6464163599999839,0.26934014999999334,0.6884000000000013,10000,0.3377962439955574,6000,6000,0.15772952729633452,3816,0.3636917456685462,0.20528144828932882,0.7947185517106712,0.5655,0.20596221837221165,2.5154829025268555,T4_measured_input,degraded_T4_simulation_input,T4_execution_environment
True,24000,0,14000,0,0,10000,0,0,100,6,1000,1010,assigned_level_sensitivity,dynamic,periodic,0.0,False,True,0.0,0.0,0.0,0,6000,0,0.0,0,0.0,59.999988959534214,0.809126000000127,3550,450,0,0,6000,0.646408499999984,0.2693368749999933,0.6884000000000013,10000,0.33760663192520746,6000,6000,0.1556681178394223,3754,0.36386506987147454,0.20352546600186014,0.7964745339981398,0.5691666666666667,0.20819695203205224,2.496699333190918,T4_measured_input,degraded_T4_simulation_input,T4_execution_environment
True,32000,2000,20000,0,0,10000,0,0,100,8,1000,101,assigned_level_sensitivity,dynamic,periodic,0.0,False,True,0.0,0.0,0.0,0,8000,2000,0.25,0,0.0,59.99998707940129,0.8091050000001271,3549,451,0,0,6000,0.6464124299999839,0.20200388437499497,0.516300000000001,10000,0.25575214793803297,8000,8000,0.11722667895596872,4069,0.35222966144845796,0.15324802665270695,0.846751973347293,0.666625,0.23500298249248924,3.25174880027771,T4_measured_input,degraded_T4_simulation_input,T4_execution_environment
True,32000,2000,20000,0,0,10000,0,0,100,8,1000,202,assigned_level_sensitivity,dynamic,periodic,0.0,False,True,0.0,0.0,0.0,0,8000,2000,0.25,0,0.0,59.999694675675485,0.8090540000001271,3548,452,0,0,6000,0.6464163599999839,0.202005112499995,0.516300000000001,10000,0.2558474864626612,8000,8000,0.11248977034011542,3976,0.34869442951901725,0.14263173122994618,0.8573682687700538,0.6735,0.23620465917890182,3.156651496887207,T4_measured_input,degraded_T4_simulation_input,T4_execution_environment
True,32000,2000,20000,0,0,10000,0,0,100,8,1000,303,assigned_level_sensitivity,dynamic,periodic,0.0,False,True,0.0,0.0,0.0,0,8000,2000,0.25,0,0.0,59.999971441404384,0.809091000000127,3549,451,0,0,6000,0.6464124299999839,0.20200388437499497,0.516300000000001,10000,0.25574395071625955,8000,8000,0.1134624259313306,3964,0.34942691702965795,0.1482038774812272,0.8517961225187728,0.676,0.23596449109832734,3.1247270107269287,T4_measured_input,degraded_T4_simulation_input,T4_execution_environment
True,32000,2000,20000,0,0,10000,0,0,100,8,1000,404,assigned_level_sensitivity,dynamic,periodic,0.0,False,True,0.0,0.0,0.0,0,8000,2000,0.25,0,0.0,59.99999683077759,0.8090700000001271,3547,453,0,0,6000,0.6464202899999839,0.20200634062499498,0.516300000000001,10000,0.2558665631536512,8000,8000,0.11276208482325686,3888,0.34927773233412374,0.1408442346228185,0.8591557653771815,0.676875,0.23651564751086687,3.1693596839904785,T4_measured_input,degraded_T4_simulation_input,T4_execution_environment
True,32000,2000,20000,0,0,10000,0,0,100,8,1000,505,assigned_level_sensitivity,dynamic,periodic,0.0,False,True,0.0,0.0,0.0,0,8000,2000,0.25,0,0.0,59.999795967922566,0.8091210000001271,3548,452,0,0,6000,0.6464163599999839,0.202005112499995,0.516300000000001,10000,0.2560955653500604,8000,8000,0.11134066542137502,3952,0.349668618497137,0.14107906198218256,0.8589209380178174,0.676,0.23832795307576196,3.1933751106262207,T4_measured_input,degraded_T4_simulation_input,T4_execution_environment
True,32000,2000,20000,0,0,10000,0,0,100,8,1000,606,assigned_level_sensitivity,dynamic,periodic,0.0,False,True,0.0,0.0,0.0,0,8000,2000,0.25,0,0.0,59.99998989645594,0.8090630000001271,3548,452,0,0,6000,0.6464163599999839,0.202005112499995,0.516300000000001,10000,0.25528905829232,8000,8000,0.11243345138509042,3924,0.35213612782846776,0.1300011793141984,0.8699988206858016,0.677,0.23970267644337734,3.1543476581573486,T4_measured_input,degraded_T4_simulation_input,T4_execution_environment
True,32000,2000,20000,0,0,10000,0,0,100,8,1000,707,assigned_level_sensitivity,dynamic,periodic,0.0,False,True,0.0,0.0,0.0,0,8000,2000,0.25,0,0.0,59.999993941820215,0.809060000000127,3547,453,0,0,6000,0.6464202899999839,0.20200634062499498,0.516300000000001,10000,0.25556673129763746,8000,8000,0.1156031242438504,3891,0.3562115166118957,0.14377027017113594,0.856229729828864,0.670875,0.24060839236804532,3.1187944412231445,T4_measured_input,degraded_T4_simulation_input,T4_execution_environment
True,32000,2000,20000,0,0,10000,0,0,100,8,1000,808,assigned_level_sensitivity,dynamic,periodic,0.0,False,True,0.0,0.0,0.0,0,8000,2000,0.25,0,0.0,59.99997140878527,0.8090490000001271,3548,452,0,0,6000,0.6464163599999839,0.202005112499995,0.516300000000001,10000,0.25488187712172344,8000,8000,0.11564678447183724,3901,0.35579494512985305,0.14374879296996032,0.8562512070300397,0.669,0.2401481606580158,3.123556137084961,T4_measured_input,degraded_T4_simulation_input,T4_execution_environment
True,32000,2000,20000,0,0,10000,0,0,100,8,1000,909,assigned_level_sensitivity,dynamic,periodic,0.0,False,True,0.0,0.0,0.0,0,8000,2000,0.25,0,0.0,59.99995361740435,0.809073000000127,3548,452,0,0,6000,0.6464163599999839,0.202005112499995,0.516300000000001,10000,0.255873504293496,8000,8000,0.11871716022799995,3920,0.3643030265049522,0.14651480817217138,0.8534851918278286,0.668,0.24558586627695228,3.1740152835845947,T4_measured_input,degraded_T4_simulation_input,T4_execution_environment
True,32000,2000,20000,0,0,10000,0,0,100,8,1000,1010,assigned_level_sensitivity,dynamic,periodic,0.0,False,True,0.0,0.0,0.0,0,8000,2000,0.25,0,0.0,59.99994109072804,0.8090700000001271,3549,451,0,0,6000,0.6464124299999839,0.20200388437499497,0.516300000000001,10000,0.25638273253058314,8000,8000,0.1123184393346698,3792,0.3616736670033711,0.14078658258195584,0.8592134174180441,0.678,0.24935522766870133,3.154597520828247,T4_measured_input,degraded_T4_simulation_input,T4_execution_environment
True,40000,4000,26000,0,0,10000,0,0,100,10,1000,101,assigned_level_sensitivity,dynamic,periodic,0.0,False,True,0.0,0.0,0.0,0,10000,4000,0.4,0,0.0,59.999987475175125,0.809055000000127,3546,454,0,0,6000,0.646424219999984,0.161606054999996,0.4130400000000008,10000,0.20664641094792768,10000,10000,0.09042708994111263,4020,0.35279778390442834,0.09760312580288362,0.9023968741971163,0.7388,0.2623706939633157,4.1088807582855225,T4_measured_input,degraded_T4_simulation_input,T4_execution_environment
True,40000,4000,26000,0,0,10000,0,0,100,10,1000,202,assigned_level_sensitivity,dynamic,periodic,0.0,False,True,0.0,0.0,0.0,0,10000,4000,0.4,0,0.0,59.999988379867816,0.8090680000001271,3548,452,0,0,6000,0.6464163599999839,0.16160408999999598,0.4130400000000008,10000,0.20757920992676085,10000,10000,0.09023349792359374,4160,0.35826883581273333,0.10868467334995542,0.8913153266500445,0.7333,0.2680353378891396,4.186315298080444,T4_measured_input,degraded_T4_simulation_input,T4_execution_environment
True,40000,4000,26000,0,0,10000,0,0,100,10,1000,303,assigned_level_sensitivity,dynamic,periodic,0.0,False,True,0.0,0.0,0.0,0,10000,4000,0.4,0,0.0,59.99999030791989,0.809025000000127,3547,453,0,0,6000,0.6464202899999839,0.16160507249999598,0.4130400000000008,10000,0.20540490021487606,10000,10000,0.08407334931162028,4220,0.3207005282850244,0.10565469515418291,0.8943453048458171,0.736,0.2366271789734041,4.216944932937622,T4_measured_input,degraded_T4_simulation_input,T4_execution_environment
True,40000,4000,26000,0,0,10000,0,0,100,10,1000,404,assigned_level_sensitivity,dynamic,periodic,0.0,False,True,0.0,0.0,0.0,0,10000,4000,0.4,0,0.0,59.99996952361142,0.8090540000001271,3548,452,0,0,6000,0.6464163599999839,0.16160408999999598,0.4130400000000008,10000,0.20616191969654477,10000,10000,0.09215148109787054,4340,0.33120016591463547,0.11602162734066977,0.8839783726593302,0.73,0.23904868481676494,4.12138819694519,T4_measured_input,degraded_T4_simulation_input,T4_execution_environment
True,40000,4000,26000,0,0,10000,0,0,100,10,1000,505,assigned_level_sensitivity,dynamic,periodic,0.0,False,True,0.0,0.0,0.0,0,10000,4000,0.4,0,0.0,59.99912913160946,0.8090750000001271,3548,452,0,0,6000,0.6464163599999839,0.16160408999999598,0.4130400000000008,10000,0.20645634724716705,10000,10000,0.09188039489449151,4190,0.3538961350979316,0.10305865018206732,0.8969413498179327,0.728,0.2620157402034401,4.176342487335205,T4_measured_input,degraded_T4_simulation_input,T4_execution_environment
True,40000,4000,26000,0,0,10000,0,0,100,10,1000,606,assigned_level_sensitivity,dynamic,periodic,0.0,False,True,0.0,0.0,0.0,0,10000,4000,0.4,0,0.0,59.99985886760163,0.8090810000001271,3548,452,0,0,6000,0.6464163599999839,0.16160408999999598,0.4130400000000008,10000,0.20604355180374775,10000,10000,0.09133377346385384,4233,0.3369747622879172,0.09647803162053968,0.9035219683794603,0.7309,0.24564098882406332,4.164321660995483,T4_measured_input,degraded_T4_simulation_input,T4_execution_environment
True,40000,4000,26000,0,0,10000,0,0,100,10,1000,707,assigned_level_sensitivity,dynamic,periodic,0.0,False,True,0.0,0.0,0.0,0,10000,4000,0.4,0,0.0,59.9999824197065,0.809094000000127,3548,452,0,0,6000,0.6464163599999839,0.16160408999999598,0.4130400000000008,10000,0.2048413008481092,10000,10000,0.09136586031225434,4160,0.3532051825436059,0.1169279332900925,0.8830720667099075,0.7301,0.26183932223135153,4.141496181488037,T4_measured_input,degraded_T4_simulation_input,T4_execution_environment
True,40000,4000,26000,0,0,10000,0,0,100,10,1000,808,assigned_level_sensitivity,dynamic,periodic,0.0,False,True,0.0,0.0,0.0,0,10000,4000,0.4,0,0.0,59.99991540640781,0.8090670000001271,3548,452,0,0,6000,0.6464163599999839,0.16160408999999598,0.4130400000000008,10000,0.20709210796371613,10000,10000,0.0872374351749566,4040,0.34208049588739065,0.09735455695001612,0.9026454430499838,0.74,0.254843060712434,4.194044351577759,T4_measured_input,degraded_T4_simulation_input,T4_execution_environment
True,40000,4000,26000,0,0,10000,0,0,100,10,1000,909,assigned_level_sensitivity,dynamic,periodic,0.0,False,True,0.0,0.0,0.0,0,10000,4000,0.4,0,0.0,59.99947712382601,0.8090200000001271,3546,454,0,0,6000,0.646424219999984,0.161606054999996,0.4130400000000008,10000,0.2063299391758064,10000,10000,0.08700169866123812,4124,0.33785903631034836,0.10559773446385941,0.8944022655361406,0.7319,0.2508573376491102,4.131127119064331,T4_measured_input,degraded_T4_simulation_input,T4_execution_environment
True,40000,4000,26000,0,0,10000,0,0,100,10,1000,1010,assigned_level_sensitivity,dynamic,periodic,0.0,False,True,0.0,0.0,0.0,0,10000,4000,0.4,0,0.0,59.998902575621564,0.8090660000001271,3548,452,0,0,6000,0.6464163599999839,0.16160408999999598,0.4130400000000008,10000,0.20626615652876495,10000,10000,0.09245736695373713,4140,0.35432185606773353,0.09982431247610153,0.9001756875238984,0.7248,0.2618644891139964,4.146259307861328,T4_measured_input,degraded_T4_simulation_input,T4_execution_environment
True,16000,0,587,0,0,15413,0,0,150,4,1000,101,assigned_level_sensitivity,dynamic,periodic,0.0,False,True,0.0,0.0,0.0,0,4000,0,0.0,0,0.0,59.99994870671624,0.7952189709984359,3240,3805,137,3340,4891,0.644366288198212,0.6207260999999401,0.6884000000000013,15413,0.6342478531449267,4000,4000,0.4671521407429352,3933,0.4829437940990956,0.6311969014967049,0.36880309850329507,0.07875,0.015791653356160396,2.4329655170440674,T4_measured_input,degraded_T4_simulation_input,T4_execution_environment
True,16000,0,675,0,0,15325,0,0,150,4,1000,202,assigned_level_sensitivity,dynamic,periodic,0.0,False,True,0.0,0.0,0.0,0,4000,0,0.0,0,0.0,59.99997334685676,0.7955680261010744,3496,3543,132,3172,4982,0.6436676606850887,0.6165129312499366,0.6884000000000013,15325,0.6309007971221801,4000,4000,0.4580947252102594,3912,0.4737056960223984,0.6239181961071545,0.3760818038928455,0.09675,0.015610970812139024,2.562004566192627,T4_measured_input,degraded_T4_simulation_input,T4_execution_environment
True,16000,0,612,0,0,15388,0,0,150,4,1000,303,assigned_level_sensitivity,dynamic,periodic,0.0,False,True,0.0,0.0,0.0,0,4000,0,0.0,0,0.0,59.99999521799262,0.7963140109175207,3281,3747,149,3333,4878,0.6442399402130903,0.6195977624999396,0.6884000000000013,15388,0.6336166684681237,4000,4000,0.46532174394464515,3936,0.4779974208982518,0.6332686039648201,0.3667313960351799,0.08075,0.012675676953606663,2.5384480953216553,T4_measured_input,degraded_T4_simulation_input,T4_execution_environment
True,16000,0,544,0,0,15456,0,0,150,4,1000,404,assigned_level_sensitivity,dynamic,periodic,0.0,False,True,0.0,0.0,0.0,0,4000,0,0.0,0,0.0,59.9999530767594,0.7945419254657681,3356,3786,74,3394,4846,0.643880667701799,0.6219887249999378,0.6884000000000013,15456,0.6355893413573536,4000,4000,0.46903380473994294,3952,0.48236211526276884,0.6321086496421751,0.36789135035782494,0.08525,0.013328310522825904,2.405789375305176,T4_measured_input,degraded_T4_simulation_input,T4_execution_environment
True,16000,0,552,0,0,15448,0,0,150,4,1000,505,assigned_level_sensitivity,dynamic,periodic,0.0,False,True,0.0,0.0,0.0,0,4000,0,0.0,0,0.0,59.999981514867706,0.7952984205074358,3308,3863,165,3246,4866,0.643734709994758,0.6215258624999389,0.6884000000000013,15448,0.6347850989751569,4000,4000,0.46568482404950934,3952,0.4782940998753873,0.6315332832016615,0.36846671679833853,0.08575,0.012609275825877952,2.4729061126708984,T4_measured_input,degraded_T4_simulation_input,T4_execution_environment
True,16000,0,656,0,0,15344,0,0,150,4,1000,606,assigned_level_sensitivity,dynamic,periodic,0.0,False,True,0.0,0.0,0.0,0,4000,0,0.0,0,0.0,59.999910134083606,0.7949973931177644,3386,3583,121,3408,4846,0.6441194864441493,0.6177105874999391,0.6884000000000013,15344,0.6328619420077652,4000,4000,0.4613923860074439,3880,0.4823031486966891,0.625240962966608,0.374759037033392,0.092,0.020910762689245188,2.4717330932617188,T4_measured_input,degraded_T4_simulation_input,T4_execution_environment
True,16000,0,568,0,0,15432,0,0,150,4,1000,707,assigned_level_sensitivity,dynamic,periodic,0.0,False,True,0.0,0.0,0.0,0,4000,0,0.0,0,0.0,59.99993544635984,0.7957465007775295,3317,3750,82,3466,4817,0.6441566226023224,0.62128906249994,0.6884000000000013,15432,0.6348416559609462,4000,4000,0.46490376307584985,3936,0.47996111273679426,0.6279503770632022,0.3720496229367978,0.08175,0.015057349660944408,2.4592034816741943,T4_measured_input,degraded_T4_simulation_input,T4_execution_environment
True,16000,0,711,0,0,15289,0,0,150,4,1000,808,assigned_level_sensitivity,dynamic,periodic,0.0,False,True,0.0,0.0,0.0,0,4000,0,0.0,0,0.0,59.99992872945439,0.7957145660277941,3241,3589,159,3303,4997,0.644965883968803,0.6163052124999393,0.6884000000000013,15289,0.631712545761412,4000,4000,0.4662240646063807,3921,0.4812888707675234,0.6291606938513529,0.37083930614864713,0.09575,0.015064806161142696,2.4374802112579346,T4_measured_input,degraded_T4_simulation_input,T4_execution_environment
True,16000,0,636,0,0,15364,0,0,150,4,1000,909,assigned_level_sensitivity,dynamic,periodic,0.0,False,True,0.0,0.0,0.0,0,4000,0,0.0,0,0.0,59.99997801529649,0.7952896381150042,3289,3707,105,3359,4904,0.6443973053891568,0.6187825124999379,0.6884000000000013,15364,0.633208066777712,4000,4000,0.4657205261983378,3940,0.4822796478619045,0.6193468029437067,0.3806531970562933,0.0825,0.01655912166356671,2.425910234451294,T4_measured_input,degraded_T4_simulation_input,T4_execution_environment
True,16000,0,584,0,0,15416,0,0,150,4,1000,1010,assigned_level_sensitivity,dynamic,periodic,0.0,False,True,0.0,0.0,0.0,0,4000,0,0.0,0,0.0,59.999934362086364,0.7950395692786059,3392,3770,163,3196,4895,0.6435244745718107,0.6200358312499397,0.6884000000000013,15416,0.6334690381156526,4000,4000,0.4614589990510091,3928,0.47547055144343414,0.627124372869847,0.372875627130153,0.082,0.01401155239242502,2.449089288711548,T4_measured_input,degraded_T4_simulation_input,T4_execution_environment
True,24000,0,2004,0,0,21996,0,0,150,6,1000,101,assigned_level_sensitivity,dynamic,periodic,0.0,False,True,0.0,0.0,0.0,0,6000,0,0.0,0,0.0,59.99999632404947,0.8044235315508732,15988,8,0,0,6000,0.6088560829239485,0.5580165999997988,0.6884000000000013,21996,0.5830848959144221,6000,6000,0.3861195742605795,5625,0.4228694296719207,0.6163330847081558,0.38366691529184416,0.14016666666666666,0.03674985541134118,3.293384075164795,T4_measured_input,degraded_T4_simulation_input,T4_execution_environment
True,24000,0,2000,0,0,22000,0,0,150,6,1000,202,assigned_level_sensitivity,dynamic,periodic,0.0,False,True,0.0,0.0,0.0,0,6000,0,0.0,0,0.0,59.99999639057921,0.8044295454542273,16000,0,0,0,6000,0.6088363636361441,0.5580999999997988,0.6884000000000013,22000,0.5827035599766293,6000,6000,0.39185267945676894,5656,0.42549312698343916,0.6147019026983429,0.3852980973016571,0.12866666666666668,0.033640447526670225,3.250030517578125,T4_measured_input,degraded_T4_simulation_input,T4_execution_environment
True,24000,0,2008,0,0,21992,0,0,150,6,1000,303,assigned_level_sensitivity,dynamic,periodic,0.0,False,True,0.0,0.0,0.0,0,6000,0,0.0,0,0.0,59.99994501910692,0.804408421243771,15974,18,0,0,6000,0.6088793834119306,0.557936474999799,0.6884000000000013,21992,0.5829402106908543,6000,6000,0.38628193235460456,5668,0.4208752993192206,0.6080251805733424,0.3919748194266576,0.133,0.03459336696461601,3.267561912536621,T4_measured_input,degraded_T4_simulation_input,T4_execution_environment
True,24000,0,2000,0,0,22000,0,0,150,6,1000,404,assigned_level_sensitivity,dynamic,periodic,0.0,False,True,0.0,0.0,0.0,0,6000,0,0.0,0,0.0,59.99991822533748,0.8044281818178638,16000,0,0,0,6000,0.6088363636361441,0.5580999999997988,0.6884000000000013,22000,0.5829575563101425,6000,6000,0.3891644507065571,5660,0.4238661936354657,0.6135706498980813,0.3864293501019187,0.13083333333333333,0.0347017429289086,3.280513048171997,T4_measured_input,degraded_T4_simulation_input,T4_execution_environment
True,24000,0,2012,0,0,21988,0,0,150,6,1000,505,assigned_level_sensitivity,dynamic,periodic,0.0,False,True,0.0,0.0,0.0,0,6000,0,0.0,0,0.0,59.99999646514966,0.8044392395849104,15965,23,0,0,6000,0.6088937556846997,0.5578481624997991,0.6884000000000013,21988,0.5829998480811122,6000,6000,0.38912359337541547,5672,0.42496373005631805,0.6108051721839943,0.3891948278160057,0.12933333333333333,0.03584013668090258,3.296447992324829,T4_measured_input,degraded_T4_simulation_input,T4_execution_environment
True,24000,0,2004,0,0,21996,0,0,150,6,1000,606,assigned_level_sensitivity,dynamic,periodic,0.0,False,True,0.0,0.0,0.0,0,6000,0,0.0,0,0.0,59.99995313399209,0.8044267139476726,15987,9,0,0,6000,0.6088578696124374,0.5580182374997988,0.6884000000000013,21996,0.5829210672736014,6000,6000,0.3866744555571083,5700,0.4195122209489354,0.6004000752497112,0.3995999247502888,0.12866666666666668,0.032837765391827145,3.2414660453796387,T4_measured_input,degraded_T4_simulation_input,T4_execution_environment
True,24000,0,2008,0,0,21992,0,0,150,6,1000,707,assigned_level_sensitivity,dynamic,periodic,0.0,False,True,0.0,0.0,0.0,0,6000,0,0.0,0,0.0,59.99996430022593,0.8044420698432613,15975,17,0,0,6000,0.6088775963984712,0.557934837499799,0.6884000000000013,21992,0.5827139615604147,6000,6000,0.388859673562669,5647,0.4250478620936803,0.6060486049171185,0.39395139508288146,0.13433333333333333,0.0361881885310113,3.2649142742156982,T4_measured_input,degraded_T4_simulation_input,T4_execution_environment
True,24000,0,2000,0,0,22000,0,0,150,6,1000,808,assigned_level_sensitivity,dynamic,periodic,0.0,False,True,0.0,0.0,0.0,0,6000,0,0.0,0,0.0,59.999943715289106,0.8044318181815002,16000,0,0,0,6000,0.6088363636361441,0.5580999999997988,0.6884000000000013,22000,0.5830212350051349,6000,6000,0.384560397352733,5656,0.42069641044626765,0.6047445179164952,0.3952554820835048,0.13633333333333333,0.03613601309353465,3.2771084308624268,T4_measured_input,degraded_T4_simulation_input,T4_execution_environment
True,24000,0,2016,0,0,21984,0,0,150,6,1000,909,assigned_level_sensitivity,dynamic,periodic,0.0,False,True,0.0,0.0,0.0,0,6000,0,0.0,0,0.0,59.99996354124326,0.8043918304218075,15954,30,0,0,6000,0.6089117085150646,0.5577631249997992,0.6884000000000013,21984,0.58309847073479,6000,6000,0.3896408142196022,5656,0.4266885711176752,0.612479511227464,0.387520488772536,0.12733333333333333,0.03704775689807299,3.2404448986053467,T4_measured_input,degraded_T4_simulation_input,T4_execution_environment
True,24000,0,2000,0,0,22000,0,0,150,6,1000,1010,assigned_level_sensitivity,dynamic,periodic,0.0,False,True,0.0,0.0,0.0,0,6000,0,0.0,0,0.0,59.99994095185096,0.8044268181815002,16000,0,0,0,6000,0.6088363636361441,0.5580999999997988,0.6884000000000013,22000,0.5836087735800848,6000,6000,0.38436710421010806,5664,0.41922823887839306,0.606247183596574,0.39375281640342596,0.135,0.034861134668285,3.4243507385253906,T4_measured_input,degraded_T4_simulation_input,T4_execution_environment
True,32000,0,15000,0,0,17000,0,0,150,8,1000,101,assigned_level_sensitivity,dynamic,periodic,0.0,False,True,0.0,0.0,0.0,0,8000,0,0.0,0,0.0,59.99998649782647,0.8041899999998112,7032,1968,0,0,8000,0.6350319058821999,0.33736069999991875,0.6884000000000013,17000,0.40488778150694693,8000,8000,0.21023221894388694,5672,0.38159327981102853,0.3010185994107674,0.6989814005892325,0.471,0.1713610608671416,3.7535197734832764,T4_measured_input,degraded_T4_simulation_input,T4_execution_environment
True,32000,0,15000,0,0,17000,0,0,150,8,1000,202,assigned_level_sensitivity,dynamic,periodic,0.0,False,True,0.0,0.0,0.0,0,8000,0,0.0,0,0.0,59.99999328021727,0.8043429411762828,7088,1912,0,0,8000,0.6349024470586698,0.3372919249999184,0.6884000000000013,17000,0.4049377816098718,8000,8000,0.20920235475658294,5712,0.38272439974377376,0.29703629666574927,0.7029637033342507,0.469,0.17352204498719082,3.7729508876800537,T4_measured_input,degraded_T4_simulation_input,T4_execution_environment
True,32000,0,15000,0,0,17000,0,0,150,8,1000,303,assigned_level_sensitivity,dynamic,periodic,0.0,False,True,0.0,0.0,0.0,0,8000,0,0.0,0,0.0,59.99999605245161,0.8041247058821643,7049,1951,0,0,8000,0.6349926058821996,0.33733982187491857,0.6884000000000013,17000,0.4052874575425468,8000,8000,0.2125630735462735,5584,0.39155415796757725,0.30783471813628216,0.6921652818637178,0.468,0.17899108442130376,3.74564790725708,T4_measured_input,degraded_T4_simulation_input,T4_execution_environment
True,32000,0,15000,0,0,17000,0,0,150,8,1000,404,assigned_level_sensitivity,dynamic,periodic,0.0,False,True,0.0,0.0,0.0,0,8000,0,0.0,0,0.0,59.99999904078677,0.8042035294115764,7056,1944,0,0,8000,0.6349764235292584,0.3373312249999186,0.6884000000000013,17000,0.40566758774695577,8000,8000,0.20583365484135452,5728,0.3762437800883222,0.28254845883025054,0.7174515411697495,0.473,0.1704101252469677,3.5937724113464355,T4_measured_input,degraded_T4_simulation_input,T4_execution_environment
True,32000,0,15000,0,0,17000,0,0,150,8,1000,505,assigned_level_sensitivity,dynamic,periodic,0.0,False,True,0.0,0.0,0.0,0,8000,0,0.0,0,0.0,59.99999448946292,0.8041958823527526,7055,1945,0,0,8000,0.6349787352939643,0.3373324531249185,0.6884000000000013,17000,0.4052210399315867,8000,8000,0.21319530015048221,5576,0.38858094630275747,0.30587446116901423,0.6941255388309857,0.472,0.17538564615227525,3.7414679527282715,T4_measured_input,degraded_T4_simulation_input,T4_execution_environment
True,32000,0,15000,0,0,17000,0,0,150,8,1000,606,assigned_level_sensitivity,dynamic,periodic,0.0,False,True,0.0,0.0,0.0,0,8000,0,0.0,0,0.0,59.99999915281301,0.8041788235292254,7104,1896,0,0,8000,0.6348654588233755,0.33727227499991824,0.6884000000000013,17000,0.4049977744727087,8000,8000,0.2063706197766382,5632,0.3825690689929307,0.291223512001392,0.708776487998608,0.465,0.1761984492162925,3.6785027980804443,T4_measured_input,degraded_T4_simulation_input,T4_execution_environment
True,32000,0,15000,0,0,17000,0,0,150,8,1000,707,assigned_level_sensitivity,dynamic,periodic,0.0,False,True,0.0,0.0,0.0,0,8000,0,0.0,0,0.0,59.99998108365213,0.8042047058821642,7042,1958,0,0,8000,0.6350087882351411,0.33734841874991867,0.6884000000000013,17000,0.40511435992330824,8000,8000,0.20879336952591837,5672,0.38162867888496016,0.29495234874136284,0.7050476512586372,0.473,0.1728353093590418,3.655944585800171,T4_measured_input,degraded_T4_simulation_input,T4_execution_environment
True,32000,0,15000,0,0,17000,0,0,150,8,1000,808,assigned_level_sensitivity,dynamic,periodic,0.0,False,True,0.0,0.0,0.0,0,8000,0,0.0,0,0.0,59.99993448058344,0.8042941176468722,7112,1888,0,0,8000,0.6348469647057283,0.33726244999991817,0.6884000000000013,17000,0.4048857689089313,8000,8000,0.20887925541092944,5640,0.3790593965396435,0.303147052382157,0.696852947617843,0.478,0.17018014112871405,3.613611936569214,T4_measured_input,degraded_T4_simulation_input,T4_execution_environment
True,32000,0,15000,0,0,17000,0,0,150,8,1000,909,assigned_level_sensitivity,dynamic,periodic,0.0,False,True,0.0,0.0,0.0,0,8000,0,0.0,0,0.0,59.99998927778263,0.8042552941174584,7042,1958,0,0,8000,0.635008788235141,0.3373484187499186,0.6884000000000013,17000,0.4053107556197579,8000,8000,0.21145599129399822,5576,0.3896267284913871,0.30242645081198555,0.6975735491880144,0.474,0.17817073719738885,3.563511848449707,T4_measured_input,degraded_T4_simulation_input,T4_execution_environment
True,32000,0,15000,0,0,17000,0,0,150,8,1000,1010,assigned_level_sensitivity,dynamic,periodic,0.0,False,True,0.0,0.0,0.0,0,8000,0,0.0,0,0.0,59.999987280039946,0.8041923529409888,7066,1934,0,0,8000,0.6349533058821996,0.3373189437499185,0.6884000000000013,17000,0.40569033256160025,8000,8000,0.20372419382341708,5576,0.3761707562242217,0.29543973026489917,0.7045602697351008,0.489,0.1724465624008046,3.5711402893066406,T4_measured_input,degraded_T4_simulation_input,T4_execution_environment
True,40000,0,27000,0,0,13000,0,0,150,10,1000,101,assigned_level_sensitivity,dynamic,periodic,0.0,False,True,0.0,0.0,0.0,0,10000,0,0.0,0,0.0,59.999982226248235,0.811139999999953,2979,21,0,0,10000,0.6632173307691713,0.21554563249998068,0.6884000000000013,13000,0.2807820850305285,10000,10000,0.10940871935040047,5580,0.33712212809276576,0.12338637135633539,0.8766136286436647,0.666,0.2277134087423653,4.435629606246948,T4_measured_input,degraded_T4_simulation_input,T4_execution_environment
True,40000,0,27000,0,0,13000,0,0,150,10,1000,202,assigned_level_sensitivity,dynamic,periodic,0.0,False,True,0.0,0.0,0.0,0,10000,0,0.0,0,0.0,59.99998154501759,0.8059992307691953,2116,884,0,0,10000,0.6658262461537969,0.216393529999984,0.6884000000000013,13000,0.280928566089567,10000,10000,0.11217401104323574,5680,0.33890780742679877,0.1246325044297951,0.8753674955702049,0.6598,0.22673379638356303,4.2908923625946045,T4_measured_input,degraded_T4_simulation_input,T4_execution_environment
True,40000,0,27000,0,0,13000,0,0,150,10,1000,303,assigned_level_sensitivity,dynamic,periodic,0.0,False,True,0.0,0.0,0.0,0,10000,0,0.0,0,0.0,59.999994344179186,0.8059746153845802,2116,884,0,0,10000,0.6658262461537969,0.216393529999984,0.6884000000000013,13000,0.280925288719406,10000,10000,0.11465379079839835,5580,0.34892540635370994,0.1298311843562148,0.8701688156437852,0.66,0.2342716155553116,4.455186605453491,T4_measured_input,degraded_T4_simulation_input,T4_execution_environment
True,40000,0,27000,0,0,13000,0,0,150,10,1000,404,assigned_level_sensitivity,dynamic,periodic,0.0,False,True,0.0,0.0,0.0,0,10000,0,0.0,0,0.0,59.99995270084245,0.8060123076922723,2115,885,0,0,10000,0.66582926923072,0.21639451249998395,0.6884000000000013,13000,0.28129400271684035,10000,10000,0.11252143157658259,5600,0.33990524169853276,0.13397682716632167,0.8660231728336784,0.668,0.22738381012195016,4.290114164352417,T4_measured_input,degraded_T4_simulation_input,T4_execution_environment
True,40000,0,27000,0,0,13000,0,0,150,10,1000,505,assigned_level_sensitivity,dynamic,periodic,0.0,False,True,0.0,0.0,0.0,0,10000,0,0.0,0,0.0,59.999987493156596,0.8111107692307222,2978,22,0,0,10000,0.6632203538460945,0.2155466149999807,0.6884000000000013,13000,0.2799833603880987,10000,10000,0.11085455371252172,5600,0.33632638298209716,0.13816112378690132,0.8618388762130986,0.6679,0.22547182926957543,4.299281358718872,T4_measured_input,degraded_T4_simulation_input,T4_execution_environment
True,40000,0,27000,0,0,13000,0,0,150,10,1000,606,assigned_level_sensitivity,dynamic,periodic,0.0,False,True,0.0,0.0,0.0,0,10000,0,0.0,0,0.0,59.999992457051064,0.8060023076922722,2116,884,0,0,10000,0.6658262461537969,0.216393529999984,0.6884000000000013,13000,0.2809547947316414,10000,10000,0.11530461634770324,5660,0.3431785416190739,0.12251630412697738,0.8774836958730227,0.656,0.22787392527137068,4.294223070144653,T4_measured_input,degraded_T4_simulation_input,T4_execution_environment
True,40000,0,27000,0,0,13000,0,0,150,10,1000,707,assigned_level_sensitivity,dynamic,periodic,0.0,False,True,0.0,0.0,0.0,0,10000,0,0.0,0,0.0,59.99999631472902,0.811139999999953,2980,20,0,0,10000,0.6632143076922482,0.2155446499999807,0.6884000000000013,13000,0.2799544974438447,10000,10000,0.11154302366962333,5520,0.342287049123038,0.1218612129144528,0.8781387870855472,0.6621,0.23074402545341466,4.352749824523926,T4_measured_input,degraded_T4_simulation_input,T4_execution_environment
True,40000,0,27000,0,0,13000,0,0,150,10,1000,808,assigned_level_sensitivity,dynamic,periodic,0.0,False,True,0.0,0.0,0.0,0,10000,0,0.0,0,0.0,59.99999232976753,0.8059815384615032,2116,884,0,0,10000,0.6658262461537969,0.216393529999984,0.6884000000000013,13000,0.281193359808577,10000,10000,0.11738734835331135,5660,0.34385203798747976,0.13046537226063426,0.8695346277393657,0.654,0.2264646896341684,4.199812173843384,T4_measured_input,degraded_T4_simulation_input,T4_execution_environment
True,40000,0,27000,0,0,13000,0,0,150,10,1000,909,assigned_level_sensitivity,dynamic,periodic,0.0,False,True,0.0,0.0,0.0,0,10000,0,0.0,0,0.0,59.99997556176544,0.8059869230768878,2116,884,0,0,10000,0.6658262461537969,0.216393529999984,0.6884000000000013,13000,0.2812862607152109,10000,10000,0.12179804516627282,5760,0.3548147197521393,0.12560389418079432,0.8743961058192057,0.642,0.23301667458586647,4.273388862609863,T4_measured_input,degraded_T4_simulation_input,T4_execution_environment
True,40000,0,27000,0,0,13000,0,0,150,10,1000,1010,assigned_level_sensitivity,dynamic,periodic,0.0,False,True,0.0,0.0,0.0,0,10000,0,0.0,0,0.0,59.99999443191885,0.8060284615384262,2116,884,0,0,10000,0.6658262461537969,0.216393529999984,0.6884000000000013,13000,0.2809927229678384,10000,10000,0.11573555963964662,5560,0.35165054479474206,0.13755696378130952,0.8624430362186905,0.654,0.23591498515509546,4.214533805847168,T4_measured_input,degraded_T4_simulation_input,T4_execution_environment
True,16000,0,88,0,0,15912,0,0,200,4,1000,101,assigned_level_sensitivity,dynamic,periodic,0.0,False,True,0.0,0.0,0.0,0,4000,0,0.0,0,0.0,59.99998721942367,0.8049497234790373,843,2244,134,3277,9414,0.6691735922573021,0.665493137499887,0.6884000000000013,15912,0.6702543520690273,4000,4000,0.49528479398306263,3992,0.49694762294498085,0.6456227083944833,0.3543772916055167,0.06625,0.0016628289619182168,2.3655173778533936,T4_measured_input,degraded_T4_simulation_input,T4_execution_environment
True,16000,0,72,0,0,15928,0,0,200,4,1000,202,assigned_level_sensitivity,dynamic,periodic,0.0,False,True,0.0,0.0,0.0,0,4000,0,0.0,0,0.0,59.99994186340297,0.8049849321947794,834,2375,103,3218,9398,0.6688214465091803,0.665811749999889,0.6884000000000013,15928,0.6703584822384255,4000,4000,0.49412146452490335,4000,0.4945206525390808,0.6420820869447383,0.35791791305526166,0.065,0.00039918801417743177,2.382709503173828,T4_measured_input,degraded_T4_simulation_input,T4_execution_environment
True,16000,0,88,0,0,15912,0,0,200,4,1000,303,assigned_level_sensitivity,dynamic,periodic,0.0,False,True,0.0,0.0,0.0,0,4000,0,0.0,0,0.0,59.999999207126365,0.8062342885871295,923,2408,136,3151,9294,0.6680174459526286,0.6643433499998891,0.6884000000000013,15912,0.6695736445772492,4000,4000,0.49146060442464967,3992,0.49310354187091915,0.6433809913921397,0.35661900860786033,0.07475,0.0016429374462694768,2.3031022548675537,T4_measured_input,degraded_T4_simulation_input,T4_execution_environment
True,16000,0,104,0,0,15896,0,0,200,4,1000,404,assigned_level_sensitivity,dynamic,periodic,0.0,False,True,0.0,0.0,0.0,0,4000,0,0.0,0,0.0,59.99997944403692,0.805844866633018,946,2274,165,3148,9363,0.6683516545041657,0.6640073687498885,0.6884000000000013,15896,0.6688998132046925,4000,4000,0.49143707662393205,3992,0.4931141712961319,0.6449508001573683,0.3550491998426317,0.06775,0.0016770946721998414,2.338968515396118,T4_measured_input,degraded_T4_simulation_input,T4_execution_environment
True,16000,0,64,0,0,15936,0,0,200,4,1000,505,assigned_level_sensitivity,dynamic,periodic,0.0,False,True,0.0,0.0,0.0,0,4000,0,0.0,0,0.0,59.99998930976578,0.8053689759035183,842,2489,92,3219,9294,0.6683044992468771,0.6656312812498896,0.6884000000000013,15936,0.6702867709492937,4000,4000,0.4966481636747946,4000,0.49689858290900635,0.6464954895095644,0.35350451049043563,0.07,0.0002504192342117628,2.389676332473755,T4_measured_input,degraded_T4_simulation_input,T4_execution_environment
True,16000,0,112,0,0,15888,0,0,200,4,1000,606,assigned_level_sensitivity,dynamic,periodic,0.0,False,True,0.0,0.0,0.0,0,4000,0,0.0,0,0.0,59.99998260322262,0.8054235901308177,847,2366,126,3096,9453,0.6687764728095554,0.6640950374998886,0.6884000000000013,15888,0.66918386319452,4000,4000,0.4881671026805133,4000,0.49031709603904156,0.6383070451154549,0.3616929548845451,0.06475,0.0021499933585282793,2.3424158096313477,T4_measured_input,degraded_T4_simulation_input,T4_execution_environment
True,16000,0,104,0,0,15896,0,0,200,4,1000,707,assigned_level_sensitivity,dynamic,periodic,0.0,False,True,0.0,0.0,0.0,0,4000,0,0.0,0,0.0,59.99994618208159,0.8055932310014126,885,2324,111,3094,9482,0.6687537808252507,0.6644068812498867,0.6884000000000013,15896,0.669372594889121,4000,4000,0.49480405193351407,4000,0.4954249218966106,0.6404933819516585,0.3595066180483415,0.06425,0.0006208699630965153,2.3244822025299072,T4_measured_input,degraded_T4_simulation_input,T4_execution_environment
True,16000,0,72,0,0,15928,0,0,200,4,1000,808,assigned_level_sensitivity,dynamic,periodic,0.0,False,True,0.0,0.0,0.0,0,4000,0,0.0,0,0.0,59.99999884700787,0.8049510296332534,857,2495,100,2967,9509,0.668386369914502,0.6653786312498867,0.6884000000000013,15928,0.6703379636258688,4000,4000,0.4957639381459269,3992,0.4979558723757838,0.6423260172579228,0.3576739827420772,0.05975,0.0021919342298569178,2.3187270164489746,T4_measured_input,degraded_T4_simulation_input,T4_execution_environment
True,16000,0,72,0,0,15928,0,0,200,4,1000,909,assigned_level_sensitivity,dynamic,periodic,0.0,False,True,0.0,0.0,0.0,0,4000,0,0.0,0,0.0,59.99999059130012,0.8042516323454543,866,2157,95,3365,9445,0.6694412104468974,0.6664287249998864,0.6884000000000013,15928,0.6712981843688073,4000,4000,0.48872879546501696,3992,0.48970821188879454,0.6404855411504617,0.35951445884953825,0.07225,0.0009794164237775793,2.3573741912841797,T4_measured_input,degraded_T4_simulation_input,T4_execution_environment
True,16000,0,88,0,0,15912,0,0,200,4,1000,1010,assigned_level_sensitivity,dynamic,periodic,0.0,False,True,0.0,0.0,0.0,0,4000,0,0.0,0,0.0,59.99998064522435,0.8058433886374068,910,2270,154,3271,9307,0.6685485294116517,0.6648715124998875,0.6884000000000013,15912,0.6697823515203479,4000,4000,0.49437464966176525,3992,0.4968818589350241,0.6382541274348418,0.3617458725651582,0.066,0.0025072092732588702,2.3219871520996094,T4_measured_input,degraded_T4_simulation_input,T4_execution_environment
True,24000,0,520,0,0,23480,0,0,200,6,1000,101,assigned_level_sensitivity,dynamic,periodic,0.0,False,True,0.0,0.0,0.0,0,6000,0,0.0,0,0.0,59.999981422241405,0.8013854344120387,6418,8352,130,2278,6302,0.631822291311645,0.618132808333226,0.6884000000000013,23480,0.6309390083035525,6000,6000,0.46615442378168653,5924,0.47484777309117915,0.6392338291906839,0.36076617080931606,0.076,0.008693349309492615,3.673036813735962,T4_measured_input,degraded_T4_simulation_input,T4_execution_environment
True,24000,0,564,0,0,23436,0,0,200,6,1000,202,assigned_level_sensitivity,dynamic,periodic,0.0,False,True,0.0,0.0,0.0,0,6000,0,0.0,0,0.0,59.99995254957583,0.8010944700458567,6365,8194,112,2440,6325,0.6323636456732145,0.617503099999894,0.6884000000000013,23436,0.6300163567898934,6000,6000,0.46445349880134046,5952,0.47337787987403707,0.6305674050221737,0.3694325949778263,0.07183333333333333,0.008924381072696608,3.6491098403930664,T4_measured_input,degraded_T4_simulation_input,T4_execution_environment
True,24000,0,516,0,0,23484,0,0,200,6,1000,303,assigned_level_sensitivity,dynamic,periodic,0.0,False,True,0.0,0.0,0.0,0,6000,0,0.0,0,0.0,59.99999758245076,0.8008248168963849,6418,8256,150,2403,6257,0.6319987906658768,0.6184108166665605,0.6884000000000013,23484,0.6308980583729661,6000,6000,0.46470630067530777,5948,0.4727281248508249,0.6306572634201203,0.3693427365798797,0.07066666666666667,0.008021824175517112,3.7121388912200928,T4_measured_input,degraded_T4_simulation_input,T4_execution_environment
True,24000,0,588,0,0,23412,0,0,200,6,1000,404,assigned_level_sensitivity,dynamic,periodic,0.0,False,True,0.0,0.0,0.0,0,6000,0,0.0,0,0.0,59.999992635644446,0.8009076541942044,6226,8350,158,2383,6295,0.6324390825216772,0.6169443249998962,0.6884000000000013,23412,0.6295946379844376,6000,6000,0.46685314586216003,5932,0.4767601655827509,0.6350866944646595,0.3649133055353405,0.06916666666666667,0.009907019720590882,3.617799758911133,T4_measured_input,degraded_T4_simulation_input,T4_execution_environment
True,24000,0,614,0,0,23386,0,0,200,6,1000,505,assigned_level_sensitivity,dynamic,periodic,0.0,False,True,0.0,0.0,0.0,0,6000,0,0.0,0,0.0,59.99999800281084,0.8012759770800771,6196,8342,106,2413,6329,0.6326199350037429,0.6164354083332305,0.6884000000000013,23386,0.629433279299918,6000,6000,0.46429654505954243,5934,0.4758465978774184,0.6326442797402242,0.3673557202597758,0.07116666666666667,0.011550052817875966,3.622823476791382,T4_measured_input,degraded_T4_simulation_input,T4_execution_environment
True,24000,0,580,0,0,23420,0,0,200,6,1000,606,assigned_level_sensitivity,dynamic,periodic,0.0,False,True,0.0,0.0,0.0,0,6000,0,0.0,0,0.0,59.99996829545473,0.8011981212636493,6203,8326,123,2469,6299,0.6326471263875975,0.6173581541665638,0.6884000000000013,23420,0.6305763178281419,6000,6000,0.46591445720622604,5928,0.47487531944623973,0.6397469122629527,0.36025308773704734,0.0765,0.00896086224001369,3.7467398643493652,T4_measured_input,degraded_T4_simulation_input,T4_execution_environment
True,24000,0,635,0,0,23365,0,0,200,6,1000,707,assigned_level_sensitivity,dynamic,periodic,0.0,False,True,0.0,0.0,0.0,0,6000,0,0.0,0,0.0,59.99998701078688,0.8013884014549421,6312,8247,111,2281,6414,0.6323892060773558,0.6156572416665591,0.6884000000000013,23365,0.6289563169215096,6000,6000,0.46113702913883275,5912,0.4731297968997259,0.6290721989216828,0.37092780107831724,0.075,0.011992767760893142,3.6412606239318848,T4_measured_input,degraded_T4_simulation_input,T4_execution_environment
True,24000,0,632,0,0,23368,0,0,200,6,1000,808,assigned_level_sensitivity,dynamic,periodic,0.0,False,True,0.0,0.0,0.0,0,6000,0,0.0,0,0.0,59.999980391140696,0.8011370249912145,6127,8461,136,2283,6361,0.6325718204380986,0.6159140958332285,0.6884000000000013,23368,0.6291130397997626,6000,6000,0.46551625698314686,5924,0.47559481145615684,0.6336447220122412,0.3663552779877588,0.07466666666666667,0.010078554473009982,3.596609354019165,T4_measured_input,degraded_T4_simulation_input,T4_execution_environment
True,24000,0,596,0,0,23404,0,0,200,6,1000,909,assigned_level_sensitivity,dynamic,periodic,0.0,False,True,0.0,0.0,0.0,0,6000,0,0.0,0,0.0,59.99999706145241,0.8007062895229317,6334,8133,103,2478,6356,0.6326066740726997,0.616896941666561,0.6884000000000013,23404,0.6303421510244334,6000,6000,0.4636297681431696,5900,0.47614714568250693,0.6363248198236775,0.3636751801763225,0.07416666666666667,0.012517377539337349,3.726489305496216,T4_measured_input,degraded_T4_simulation_input,T4_execution_environment
True,24000,0,640,0,0,23360,0,0,200,6,1000,1010,assigned_level_sensitivity,dynamic,periodic,0.0,False,True,0.0,0.0,0.0,0,6000,0,0.0,0,0.0,59.99998300651522,0.8015890410956649,6300,8247,123,2339,6351,0.6323724229450965,0.6155091583332273,0.6884000000000013,23360,0.628653049612517,6000,6000,0.46309409054161993,5920,0.4747312615902321,0.6299998931205724,0.37000010687942764,0.074,0.011637171048612172,3.6310346126556396,T4_measured_input,degraded_T4_simulation_input,T4_execution_environment
True,32000,0,3000,0,0,29000,0,0,200,8,1000,101,assigned_level_sensitivity,dynamic,periodic,0.0,False,True,0.0,0.0,0.0,0,8000,0,0.0,0,0.0,59.999999970610645,0.8039382758616552,20054,946,0,0,8000,0.610461303448098,0.5532305562498389,0.6884000000000013,29000,0.5829063393391294,8000,8000,0.37670445289355203,7440,0.42011875259881204,0.6037524230239388,0.39624757697606117,0.155,0.04341429970526001,4.531705617904663,T4_measured_input,degraded_T4_simulation_input,T4_execution_environment
True,32000,0,3000,0,0,29000,0,0,200,8,1000,202,assigned_level_sensitivity,dynamic,periodic,0.0,False,True,0.0,0.0,0.0,0,8000,0,0.0,0,0.0,59.99996797105293,0.8040303448271728,20078,922,0,0,8000,0.610428779310167,0.5532010812498389,0.6884000000000013,29000,0.5832453898080203,8000,8000,0.3791799601901774,7424,0.41990944065189423,0.6092780499356621,0.39072195006433785,0.149,0.040729480461716816,4.63633918762207,T4_measured_input,degraded_T4_simulation_input,T4_execution_environment
True,32000,0,3000,0,0,29000,0,0,200,8,1000,303,assigned_level_sensitivity,dynamic,periodic,0.0,False,True,0.0,0.0,0.0,0,8000,0,0.0,0,0.0,59.99999822377118,0.8040144827582074,20080,920,0,0,8000,0.6104260689653398,0.5531986249998393,0.6884000000000013,29000,0.5824375102303756,8000,8000,0.3786439132042865,7465,0.4214368862762432,0.5916176085972603,0.4083823914027397,0.150125,0.04279297307195673,4.569903612136841,T4_measured_input,degraded_T4_simulation_input,T4_execution_environment
True,32000,0,3000,0,0,29000,0,0,200,8,1000,404,assigned_level_sensitivity,dynamic,periodic,0.0,False,True,0.0,0.0,0.0,0,8000,0,0.0,0,0.0,59.999997166500535,0.8039817241375176,20071,929,0,0,8000,0.6104382655170638,0.5532096781248391,0.6884000000000013,29000,0.5827616876801545,8000,8000,0.37953429785105147,7424,0.4217021382103515,0.5954730727310659,0.40452692726893413,0.157,0.042167840359300046,4.578762054443359,T4_measured_input,degraded_T4_simulation_input,T4_execution_environment
True,32000,0,3000,0,0,29000,0,0,200,8,1000,505,assigned_level_sensitivity,dynamic,periodic,0.0,False,True,0.0,0.0,0.0,0,8000,0,0.0,0,0.0,59.99999207147543,0.8040462068961386,20096,904,0,0,8000,0.6104043862067187,0.5531789749998388,0.6884000000000013,29000,0.5824608662182296,8000,8000,0.38158586430310637,7486,0.4224279386131378,0.6040111385535718,0.3959888614464282,0.14925,0.04084207431003145,4.623418569564819,T4_measured_input,degraded_T4_simulation_input,T4_execution_environment
True,32000,0,3000,0,0,29000,0,0,200,8,1000,606,assigned_level_sensitivity,dynamic,periodic,0.0,False,True,0.0,0.0,0.0,0,8000,0,0.0,0,0.0,59.99999496785907,0.8040131034478627,20080,920,0,0,8000,0.6104260689653395,0.5531986249998389,0.6884000000000013,29000,0.5834808374584857,8000,8000,0.37799242208660916,7448,0.4187914633198225,0.5937789032950818,0.40622109670491824,0.15,0.04079904123321332,4.5776941776275635,T4_measured_input,degraded_T4_simulation_input,T4_execution_environment
True,32000,0,3000,0,0,29000,0,0,200,8,1000,707,assigned_level_sensitivity,dynamic,periodic,0.0,False,True,0.0,0.0,0.0,0,8000,0,0.0,0,0.0,59.999993067510935,0.8040886206892425,20110,890,0,0,8000,0.6103854137929255,0.5531617812498388,0.6884000000000013,29000,0.582758012396244,8000,8000,0.3817462923222888,7424,0.42479578515533156,0.604594428221576,0.39540557177842395,0.151,0.04304949283304277,4.637455224990845,T4_measured_input,degraded_T4_simulation_input,T4_execution_environment
True,32000,0,3000,0,0,29000,0,0,200,8,1000,808,assigned_level_sensitivity,dynamic,periodic,0.0,False,True,0.0,0.0,0.0,0,8000,0,0.0,0,0.0,59.999998708957264,0.8040489655168284,20096,904,0,0,8000,0.610404386206719,0.553178974999839,0.6884000000000013,29000,0.5826375806349338,8000,8000,0.3807669213298787,7464,0.4215946779539559,0.604131336696491,0.395868663303509,0.153,0.04082775662407717,4.642197132110596,T4_measured_input,degraded_T4_simulation_input,T4_execution_environment
True,32000,0,3000,0,0,29000,0,0,200,8,1000,909,assigned_level_sensitivity,dynamic,periodic,0.0,False,True,0.0,0.0,0.0,0,8000,0,0.0,0,0.0,59.99998313182145,0.804048275861656,20088,912,0,0,8000,0.6104152275860291,0.5531887999998388,0.6884000000000013,29000,0.5834745441774309,8000,8000,0.379509975322087,7379,0.427014586696651,0.6028986566245065,0.3971013433754935,0.1505,0.047504611374563965,4.59535813331604,T4_measured_input,degraded_T4_simulation_input,T4_execution_environment
True,32000,0,3000,0,0,29000,0,0,200,8,1000,1010,assigned_level_sensitivity,dynamic,periodic,0.0,False,True,0.0,0.0,0.0,0,8000,0,0.0,0,0.0,59.99999519982164,0.8039634482754492,20071,929,0,0,8000,0.6104382655170638,0.5532096781248391,0.6884000000000013,29000,0.582967639294476,8000,8000,0.3845170960004045,7520,0.4231667960810119,0.6044230072887099,0.3955769927112901,0.141,0.03864970008060736,4.639171838760376,T4_measured_input,degraded_T4_simulation_input,T4_execution_environment
True,40000,0,15000,0,0,25000,0,0,200,10,1000,101,assigned_level_sensitivity,dynamic,periodic,0.0,False,True,0.0,0.0,0.0,0,10000,0,0.0,0,0.0,59.999989695908816,0.8045791999996386,15000,0,0,0,10000,0.6227599999997173,0.38922499999982335,0.6884000000000013,25000,0.4561448544475961,10000,10000,0.2419440457851575,7600,0.38479822501235544,0.37468792374842474,0.6253120762515753,0.4,0.14285417922719795,5.005812644958496,T4_measured_input,degraded_T4_simulation_input,T4_execution_environment
True,40000,0,15000,0,0,25000,0,0,200,10,1000,202,assigned_level_sensitivity,dynamic,periodic,0.0,False,True,0.0,0.0,0.0,0,10000,0,0.0,0,0.0,59.99996123048669,0.8045951999996385,15000,0,0,0,10000,0.6227599999997173,0.38922499999982335,0.6884000000000013,25000,0.45561865286941233,10000,10000,0.24264214720331015,7700,0.38255676004426714,0.3731675707594701,0.6268324292405298,0.402,0.139914612840957,5.050320148468018,T4_measured_input,degraded_T4_simulation_input,T4_execution_environment
True,40000,0,15000,0,0,25000,0,0,200,10,1000,303,assigned_level_sensitivity,dynamic,periodic,0.0,False,True,0.0,0.0,0.0,0,10000,0,0.0,0,0.0,59.999992914967436,0.8045991999996385,15000,0,0,0,10000,0.6227599999997173,0.38922499999982335,0.6884000000000013,25000,0.4561738367299262,10000,10000,0.24151526067544032,7600,0.38635671990864623,0.371483024593286,0.6285169754067139,0.392,0.1448414592332059,4.989656209945679,T4_measured_input,degraded_T4_simulation_input,T4_execution_environment
True,40000,0,15000,0,0,25000,0,0,200,10,1000,404,assigned_level_sensitivity,dynamic,periodic,0.0,False,True,0.0,0.0,0.0,0,10000,0,0.0,0,0.0,59.99998439949822,0.8045667999996384,15000,0,0,0,10000,0.6227599999997173,0.38922499999982335,0.6884000000000013,25000,0.4558360085760425,10000,10000,0.2443881632709019,7660,0.38219639340259515,0.37703427062744793,0.6229657293725521,0.402,0.13780823013169324,5.144659519195557,T4_measured_input,degraded_T4_simulation_input,T4_execution_environment
True,40000,0,15000,0,0,25000,0,0,200,10,1000,505,assigned_level_sensitivity,dynamic,periodic,0.0,False,True,0.0,0.0,0.0,0,10000,0,0.0,0,0.0,59.99999566368555,0.8046039999996386,15000,0,0,0,10000,0.6227599999997173,0.38922499999982335,0.6884000000000013,25000,0.4561893131620697,10000,10000,0.24330903593498415,7560,0.38665022379430053,0.37225445227686565,0.6277455477231344,0.4,0.14334118785931638,5.072465658187866,T4_measured_input,degraded_T4_simulation_input,T4_execution_environment
True,40000,0,15000,0,0,25000,0,0,200,10,1000,606,assigned_level_sensitivity,dynamic,periodic,0.0,False,True,0.0,0.0,0.0,0,10000,0,0.0,0,0.0,59.999991326958195,0.8046011999996386,15000,0,0,0,10000,0.6227599999997173,0.38922499999982335,0.6884000000000013,25000,0.45608701647014843,10000,10000,0.24449109108953127,7600,0.3835352168063745,0.3707350389476602,0.6292649610523398,0.4039,0.13904412571684321,5.072136402130127,T4_measured_input,degraded_T4_simulation_input,T4_execution_environment
True,40000,0,15000,0,0,25000,0,0,200,10,1000,707,assigned_level_sensitivity,dynamic,periodic,0.0,False,True,0.0,0.0,0.0,0,10000,0,0.0,0,0.0,59.999998756965645,0.8046119999996385,15000,0,0,0,10000,0.6227599999997173,0.38922499999982335,0.6884000000000013,25000,0.45567541736160866,10000,10000,0.2397486971076762,7640,0.3777846201077809,0.3673388778204114,0.6326611221795886,0.404,0.1380359230001047,5.42387056350708,T4_measured_input,degraded_T4_simulation_input,T4_execution_environment
True,40000,0,15000,0,0,25000,0,0,200,10,1000,808,assigned_level_sensitivity,dynamic,periodic,0.0,False,True,0.0,0.0,0.0,0,10000,0,0.0,0,0.0,59.999996064037035,0.8046067999996386,15000,0,0,0,10000,0.6227599999997173,0.38922499999982335,0.6884000000000013,25000,0.45629494621947886,10000,10000,0.24276841611295713,7640,0.3791561986652029,0.37454532626016823,0.6254546737398318,0.408,0.13638778255224576,5.341228485107422,T4_measured_input,degraded_T4_simulation_input,T4_execution_environment
True,40000,0,15000,0,0,25000,0,0,200,10,1000,909,assigned_level_sensitivity,dynamic,periodic,0.0,False,True,0.0,0.0,0.0,0,10000,0,0.0,0,0.0,59.99997038650861,0.8045663999996385,15000,0,0,0,10000,0.6227599999997173,0.38922499999982335,0.6884000000000013,25000,0.4561771811763278,10000,10000,0.2458962655392338,7720,0.38714303875047723,0.36619644938848345,0.6338035506115165,0.386,0.14124677321124343,5.12823486328125,T4_measured_input,degraded_T4_simulation_input,T4_execution_environment
True,40000,0,15000,0,0,25000,0,0,200,10,1000,1010,assigned_level_sensitivity,dynamic,periodic,0.0,False,True,0.0,0.0,0.0,0,10000,0,0.0,0,0.0,59.999997867208904,0.8046035999996387,15000,0,0,0,10000,0.6227599999997173,0.38922499999982335,0.6884000000000013,25000,0.4557700247759445,10000,10000,0.2392728105539958,7660,0.3779567685665731,0.35621446035793947,0.6437855396420605,0.404,0.13868395801257732,5.108519792556763,T4_measured_input,degraded_T4_simulation_input,T4_execution_environment
True,16000,0,56,0,0,15944,0,0,250,4,1000,101,assigned_level_sensitivity,dynamic,periodic,0.0,False,True,0.0,0.0,0.0,0,4000,0,0.0,0,0.0,59.999813085058065,0.8189908429501892,70,83,37,3633,12121,0.6839429252381732,0.6815491249998396,0.6884000000000013,15944,0.6826043826119819,4000,4000,0.4973579266974317,4000,0.49838915821950286,0.6389651675549336,0.3610348324450664,0.062,0.0010312315220711854,2.2748188972473145,T4_measured_input,degraded_T4_simulation_input,T4_execution_environment
True,16000,0,0,0,0,16000,0,0,250,4,1000,202,assigned_level_sensitivity,dynamic,periodic,0.0,False,True,0.0,0.0,0.0,0,4000,0,0.0,0,0.0,59.99947443308518,0.8204599999998586,171,98,32,3552,12147,0.6832940249998372,0.6832940249998372,0.6884000000000013,16000,0.6842237238845225,4000,4000,0.49554720106026473,4000,0.49554720106026473,0.6397417674884486,0.3602582325115514,0.06,0.0,2.2660787105560303,T4_measured_input,degraded_T4_simulation_input,T4_execution_environment
True,16000,0,16,0,0,15984,0,0,250,4,1000,303,assigned_level_sensitivity,dynamic,periodic,0.0,False,True,0.0,0.0,0.0,0,4000,0,0.0,0,0.0,59.99995657619775,0.8220783283281833,167,122,52,3641,12002,0.6830698573571975,0.6823867874998404,0.6884000000000013,15984,0.6833487055548377,4000,4000,0.49730675659497603,4000,0.497511853907172,0.6400800656047357,0.35991993439526426,0.062,0.0002050973121959787,2.332023859024048,T4_measured_input,degraded_T4_simulation_input,T4_execution_environment
True,16000,0,24,0,0,15976,0,0,250,4,1000,404,assigned_level_sensitivity,dynamic,periodic,0.0,False,True,0.0,0.0,0.0,0,4000,0,0.0,0,0.0,59.99957459394974,0.8207674011015115,131,133,75,3577,12060,0.683263357536144,0.6822384624998398,0.6884000000000013,15976,0.6833053658739858,4000,4000,0.4973255226332016,4000,0.4980587959101225,0.6402842046245931,0.3597157953754069,0.064,0.0007332732769208539,2.2728981971740723,T4_measured_input,degraded_T4_simulation_input,T4_execution_environment
True,16000,0,0,0,0,16000,0,0,250,4,1000,505,assigned_level_sensitivity,dynamic,periodic,0.0,False,True,0.0,0.0,0.0,0,4000,0,0.0,0,0.0,59.99978006600176,0.8200768749998602,145,75,55,3567,12158,0.683494449999837,0.683494449999837,0.6884000000000013,16000,0.6844679413576765,4000,4000,0.4948519775695572,4000,0.4948519775695572,0.6402684302926192,0.35973156970738085,0.06,0.0,2.3085689544677734,T4_measured_input,degraded_T4_simulation_input,T4_execution_environment
True,16000,0,24,0,0,15976,0,0,250,4,1000,606,assigned_level_sensitivity,dynamic,periodic,0.0,False,True,0.0,0.0,0.0,0,4000,0,0.0,0,0.0,59.999972503501056,0.820969579368913,123,69,48,3581,12155,0.6836699737104035,0.6826444687498379,0.6884000000000013,15976,0.6839380596981346,4000,4000,0.49676070936302935,4000,0.49676070936302935,0.6395249348193476,0.3604750651806524,0.062,0.0,2.305811882019043,T4_measured_input,degraded_T4_simulation_input,T4_execution_environment
True,16000,0,32,0,0,15968,0,0,250,4,1000,707,assigned_level_sensitivity,dynamic,periodic,0.0,False,True,0.0,0.0,0.0,0,4000,0,0.0,0,0.0,59.99973302539882,0.8236761022042615,167,83,69,3484,12165,0.683339979959757,0.6819732999998376,0.6884000000000013,15968,0.6831328720322442,4000,4000,0.49610266928834174,4000,0.49698367680365146,0.6375681243014887,0.3624318756985113,0.064,0.0008810075153097285,2.404218912124634,T4_measured_input,degraded_T4_simulation_input,T4_execution_environment
True,16000,0,16,0,0,15984,0,0,250,4,1000,808,assigned_level_sensitivity,dynamic,periodic,0.0,False,True,0.0,0.0,0.0,0,4000,0,0.0,0,0.0,59.99936884991677,0.8220082582581137,110,123,42,3517,12192,0.6836027840338716,0.6829191812498377,0.6884000000000013,15984,0.6838559304457776,4000,4000,0.4963307924336035,4000,0.4964113318023172,0.6382605875956175,0.36173941240438245,0.05975,8.053936871371681e-05,2.3452911376953125,T4_measured_input,degraded_T4_simulation_input,T4_execution_environment
True,16000,0,0,0,0,16000,0,0,250,4,1000,909,assigned_level_sensitivity,dynamic,periodic,0.0,False,True,0.0,0.0,0.0,0,4000,0,0.0,0,0.0,59.99994523430672,0.8190868749998611,82,106,41,3567,12204,0.6838281562498373,0.6838281562498373,0.6884000000000013,16000,0.6847962332748734,4000,4000,0.49994518167828106,4000,0.49994518167828106,0.6412876829317647,0.35871231706823525,0.06225,0.0,2.339185953140259,T4_measured_input,degraded_T4_simulation_input,T4_execution_environment
True,16000,0,24,0,0,15976,0,0,250,4,1000,1010,assigned_level_sensitivity,dynamic,periodic,0.0,False,True,0.0,0.0,0.0,0,4000,0,0.0,0,0.0,59.99970639467735,0.820711066599759,123,56,55,3579,12163,0.6837095330494116,0.6826839687498375,0.6884000000000013,15976,0.6838328081506801,4000,4000,0.4971295757260406,4000,0.4974819349767351,0.6420744316027026,0.3579255683972974,0.066,0.0003523592506944895,2.3537654876708984,T4_measured_input,degraded_T4_simulation_input,T4_execution_environment
True,24000,0,324,0,0,23676,0,0,250,6,1000,101,assigned_level_sensitivity,dynamic,periodic,0.0,False,True,0.0,0.0,0.0,0,6000,0,0.0,0,0.0,59.999997832872296,0.8021942051020459,2049,6325,397,8122,6783,0.6541793123838101,0.6453478916666286,0.6884000000000013,23676,0.6541309295369898,6000,6000,0.491197810687199,5948,0.4975051582469846,0.6452443133206963,0.3547556866793037,0.0745,0.0063073475597856254,3.788376808166504,T4_measured_input,degraded_T4_simulation_input,T4_execution_environment
True,24000,0,332,0,0,23668,0,0,250,6,1000,202,assigned_level_sensitivity,dynamic,periodic,0.0,False,True,0.0,0.0,0.0,0,6000,0,0.0,0,0.0,59.99997113904119,0.8033986817642442,2152,6399,415,7881,6821,0.6535955974310883,0.644554191666625,0.6884000000000013,23668,0.6530495688411132,6000,6000,0.493119307784623,5960,0.4982618680164037,0.6437100234192333,0.35628997658076667,0.07483333333333334,0.005142560231780724,3.7445900440216064,T4_measured_input,degraded_T4_simulation_input,T4_execution_environment
True,24000,0,360,0,0,23640,0,0,250,6,1000,303,assigned_level_sensitivity,dynamic,periodic,0.0,False,True,0.0,0.0,0.0,0,6000,0,0.0,0,0.0,59.999998731189606,0.8028536379016971,2261,6213,396,7849,6921,0.6536579483925093,0.6438530791666217,0.6884000000000013,23640,0.6526741243615534,6000,6000,0.4916404975518591,5976,0.49610542819218556,0.6397719011676866,0.36022809883231344,0.0675,0.004464930640326437,3.707141399383545,T4_measured_input,degraded_T4_simulation_input,T4_execution_environment
True,24000,0,372,0,0,23628,0,0,250,6,1000,404,assigned_level_sensitivity,dynamic,periodic,0.0,False,True,0.0,0.0,0.0,0,6000,0,0.0,0,0.0,59.999985112877134,0.8029355002537686,2153,6218,411,7978,6868,0.6540133189435839,0.6438761124999584,0.6884000000000013,23628,0.6525845239823805,6000,6000,0.48524127267388456,5944,0.4925445481029489,0.6340666759478674,0.36593332405213264,0.07666666666666666,0.007303275429064338,3.7652244567871094,T4_measured_input,degraded_T4_simulation_input,T4_execution_environment
True,24000,0,348,0,0,23652,0,0,250,6,1000,505,assigned_level_sensitivity,dynamic,periodic,0.0,False,True,0.0,0.0,0.0,0,6000,0,0.0,0,0.0,59.99997947550294,0.8027963808555778,2144,6259,460,8028,6761,0.6538439920513717,0.6443632541666268,0.6884000000000013,23652,0.65307753785327,6000,6000,0.48836649634235385,5956,0.4944179303298892,0.6365318403293887,0.3634681596706113,0.07266666666666667,0.006051433987535326,3.7814297676086426,T4_measured_input,degraded_T4_simulation_input,T4_execution_environment
True,24000,0,360,0,0,23640,0,0,250,6,1000,606,assigned_level_sensitivity,dynamic,periodic,0.0,False,True,0.0,0.0,0.0,0,6000,0,0.0,0,0.0,59.9999624368203,0.8020672588830836,2092,6336,379,8013,6820,0.6540003257190801,0.6441903208332939,0.6884000000000013,23640,0.6531213020027025,6000,6000,0.4878494046759535,5932,0.49529898608447837,0.64152793153716,0.35847206846283997,0.08033333333333334,0.0074495814085248635,3.700880289077759,T4_measured_input,degraded_T4_simulation_input,T4_execution_environment
True,24000,0,352,0,0,23648,0,0,250,6,1000,707,assigned_level_sensitivity,dynamic,periodic,0.0,False,True,0.0,0.0,0.0,0,6000,0,0.0,0,0.0,59.99999258391026,0.8035178450607273,2212,6294,461,7811,6870,0.6535592565967071,0.6439737208332887,0.6884000000000013,23648,0.6527183035778772,6000,6000,0.49543404830467,5964,0.5010927401757318,0.6414111060034284,0.35858889399657157,0.0695,0.005658691871061772,3.717329740524292,T4_measured_input,degraded_T4_simulation_input,T4_execution_environment
True,24000,0,416,0,0,23584,0,0,250,6,1000,808,assigned_level_sensitivity,dynamic,periodic,0.0,False,True,0.0,0.0,0.0,0,6000,0,0.0,0,0.0,59.999997469222635,0.8025678426049883,2159,6105,427,7961,6932,0.6542382547489375,0.6428981249999559,0.6884000000000013,23584,0.6515955533960365,6000,6000,0.4872211682504614,5956,0.4939033591251823,0.642548588857729,0.35745141114227097,0.07666666666666666,0.006682190874720884,3.8037033081054688,T4_measured_input,degraded_T4_simulation_input,T4_execution_environment
True,24000,0,404,0,0,23596,0,0,250,6,1000,909,assigned_level_sensitivity,dynamic,periodic,0.0,False,True,0.0,0.0,0.0,0,6000,0,0.0,0,0.0,59.99999998031801,0.8014294795726445,2007,6276,467,7977,6869,0.6543668036955002,0.6433516291666259,0.6884000000000013,23596,0.6524890736989153,6000,6000,0.48723142102641864,5928,0.4961605493889666,0.637262329620386,0.362737670379614,0.07733333333333334,0.008929128362547945,3.7384281158447266,T4_measured_input,degraded_T4_simulation_input,T4_execution_environment
True,24000,0,396,0,0,23604,0,0,250,6,1000,1010,assigned_level_sensitivity,dynamic,periodic,0.0,False,True,0.0,0.0,0.0,0,6000,0,0.0,0,0.0,59.99999792687744,0.8028240976104112,2156,6398,467,7708,6875,0.6535009362819404,0.6427181708332884,0.6884000000000013,23604,0.6524652057678771,6000,6000,0.49015892242001774,5928,0.4984458227133782,0.6420439132674269,0.35795608673257306,0.07916666666666666,0.008286900293360433,3.7204465866088867,T4_measured_input,degraded_T4_simulation_input,T4_execution_environment
True,32000,0,856,0,0,31144,0,0,250,8,1000,101,assigned_level_sensitivity,dynamic,periodic,0.0,False,True,0.0,0.0,0.0,0,8000,0,0.0,0,0.0,59.99998448356525,0.798729450295105,9941,11250,74,1688,8191,0.6272182699715616,0.6104401812498224,0.6884000000000013,31144,0.6232629142110134,8000,8000,0.4597166814214477,7936,0.4684031665737313,0.6352867808584055,0.3647132191415945,0.064,0.008686485152283596,5.361674070358276,T4_measured_input,degraded_T4_simulation_input,T4_execution_environment
True,32000,0,832,0,0,31168,0,0,250,8,1000,202,assigned_level_sensitivity,dynamic,periodic,0.0,False,True,0.0,0.0,0.0,0,8000,0,0.0,0,0.0,59.99988203006709,0.7989101001023704,9960,11282,145,1556,8225,0.6270910260521779,0.6107866593748212,0.6884000000000013,31168,0.6236146992245161,8000,8000,0.45812322657581295,7912,0.46707556090654423,0.6341079921276296,0.3658920078723704,0.073,0.008952334330731282,5.272398233413696,T4_measured_input,degraded_T4_simulation_input,T4_execution_environment
True,32000,0,928,0,0,31072,0,0,250,8,1000,303,assigned_level_sensitivity,dynamic,periodic,0.0,False,True,0.0,0.0,0.0,0,8000,0,0.0,0,0.0,59.999957180702864,0.7986450823890026,10043,11066,201,1545,8217,0.6270222933829276,0.6088386468748227,0.6884000000000013,31072,0.6223460389055038,8000,8000,0.46026576917651424,7912,0.4695721037686066,0.6377058122736213,0.36229418772637867,0.069125,0.009306334592092347,5.459392547607422,T4_measured_input,degraded_T4_simulation_input,T4_execution_environment
True,32000,0,912,0,0,31088,0,0,250,8,1000,404,assigned_level_sensitivity,dynamic,periodic,0.0,False,True,0.0,0.0,0.0,0,8000,0,0.0,0,0.0,59.99992634237246,0.7994110267624357,9854,11233,111,1667,8223,0.6274102290270954,0.6095290374998231,0.6884000000000013,31088,0.6225731638033233,8000,8000,0.45885691379620874,7920,0.46883497203079555,0.6307394716276745,0.3692605283723255,0.071125,0.009978058234586806,5.557876110076904,T4_measured_input,degraded_T4_simulation_input,T4_execution_environment
True,32000,0,888,0,0,31112,0,0,250,8,1000,505,assigned_level_sensitivity,dynamic,periodic,0.0,False,True,0.0,0.0,0.0,0,8000,0,0.0,0,0.0,59.99999669712916,0.7988827462069502,9755,11368,168,1602,8219,0.6274522306503693,0.6100404312498215,0.6884000000000013,31112,0.622922013166112,8000,8000,0.45726530940303106,7936,0.46586335705930315,0.6342883872232321,0.3657116127767679,0.077,0.00859804765627209,5.453783273696899,T4_measured_input,degraded_T4_simulation_input,T4_execution_environment
True,32000,0,848,0,0,31152,0,0,250,8,1000,606,assigned_level_sensitivity,dynamic,periodic,0.0,False,True,0.0,0.0,0.0,0,8000,0,0.0,0,0.0,59.99999787048712,0.7988690934768502,9948,11269,95,1654,8186,0.6271535888544661,0.6105340187498228,0.6884000000000013,31152,0.6240428002875552,8000,8000,0.4558656677223356,7872,0.46671629240136586,0.6366423585344309,0.36335764146556915,0.078,0.010850624679030252,5.422875165939331,T4_measured_input,degraded_T4_simulation_input,T4_execution_environment
True,32000,0,864,0,0,31136,0,0,250,8,1000,707,assigned_level_sensitivity,dynamic,periodic,0.0,False,True,0.0,0.0,0.0,0,8000,0,0.0,0,0.0,59.99998922426191,0.798925359711931,9713,11434,150,1677,8162,0.6274867034941639,0.6105445624998215,0.6884000000000013,31136,0.6239960365701835,8000,8000,0.45797918500092555,7904,0.4690307451385456,0.6362024030396839,0.3637975969603161,0.071,0.011051560137620042,5.625066518783569,T4_measured_input,degraded_T4_simulation_input,T4_execution_environment
True,32000,0,912,0,0,31088,0,0,250,8,1000,808,assigned_level_sensitivity,dynamic,periodic,0.0,False,True,0.0,0.0,0.0,0,8000,0,0.0,0,0.0,59.9999936451534,0.7982517370043356,9649,11407,129,1694,8209,0.6277002573338347,0.6098107999998205,0.6884000000000013,31088,0.622920334366006,8000,8000,0.46068752487585796,7896,0.47033713726563753,0.6361376365793385,0.36386236342066147,0.077125,0.009649612389779572,5.356428146362305,T4_measured_input,degraded_T4_simulation_input,T4_execution_environment
True,32000,0,872,0,0,31128,0,0,250,8,1000,909,assigned_level_sensitivity,dynamic,periodic,0.0,False,True,0.0,0.0,0.0,0,8000,0,0.0,0,0.0,59.9999928135424,0.7984223207398743,10006,11083,143,1680,8216,0.6272402210226926,0.6101479249998242,0.6884000000000013,31128,0.6235175202348132,8000,8000,0.46077972977947546,7920,0.46998535475642156,0.6315862008822746,0.3684137991177254,0.069875,0.009205624976946103,5.4485814571380615,T4_measured_input,degraded_T4_simulation_input,T4_execution_environment
True,32000,0,840,0,0,31160,0,0,250,8,1000,1010,assigned_level_sensitivity,dynamic,periodic,0.0,False,True,0.0,0.0,0.0,0,8000,0,0.0,0,0.0,59.99995097128783,0.7992413350446372,10096,11155,121,1594,8194,0.6268988510909612,0.6104427562498235,0.6884000000000013,31160,0.6228704066477935,8000,8000,0.4594405704463979,7928,0.4683129725890737,0.6363764358557346,0.36362356414426544,0.067125,0.008872402142675762,5.33273720741272,T4_measured_input,degraded_T4_simulation_input,T4_execution_environment
True,40000,0,3000,0,0,37000,0,0,250,10,1000,101,assigned_level_sensitivity,dynamic,periodic,0.0,False,True,0.0,0.0,0.0,0,10000,0,0.0,0,0.0,59.99997185072043,0.8022532432427562,27000,0,0,0,10000,0.6085675675676178,0.5629250000000465,0.6884000000000013,37000,0.5896652740081315,10000,10000,0.3862734634192393,9380,0.42159694665522124,0.6176903641437049,0.38230963585629507,0.138,0.035323483235981945,6.163825988769531,T4_measured_input,degraded_T4_simulation_input,T4_execution_environment
True,40000,0,3000,0,0,37000,0,0,250,10,1000,202,assigned_level_sensitivity,dynamic,periodic,0.0,False,True,0.0,0.0,0.0,0,10000,0,0.0,0,0.0,59.99982601818884,0.8022489189184318,27000,0,0,0,10000,0.6085675675676178,0.5629250000000465,0.6884000000000013,37000,0.589381725649193,10000,10000,0.39174757969865126,9480,0.42316694511481684,0.6201165821014105,0.3798834178985895,0.124,0.03141936541616558,6.225121259689331,T4_measured_input,degraded_T4_simulation_input,T4_execution_environment
True,40000,0,3000,0,0,37000,0,0,250,10,1000,303,assigned_level_sensitivity,dynamic,periodic,0.0,False,True,0.0,0.0,0.0,0,10000,0,0.0,0,0.0,59.99982601818884,0.8022532432427562,27000,0,0,0,10000,0.6085675675676178,0.5629250000000465,0.6884000000000013,37000,0.5899325664745512,10000,10000,0.38367139610290196,9420,0.41836234546842044,0.6026277832165394,0.3973722167834606,0.138,0.034690949365518475,6.148917198181152,T4_measured_input,degraded_T4_simulation_input,T4_execution_environment
True,40000,0,3000,0,0,37000,0,0,250,10,1000,404,assigned_level_sensitivity,dynamic,periodic,0.0,False,True,0.0,0.0,0.0,0,10000,0,0.0,0,0.0,59.99982601818884,0.8022597297292425,27000,0,0,0,10000,0.6085675675676178,0.5629250000000465,0.6884000000000013,37000,0.5900191661851996,10000,10000,0.3883026616327625,9360,0.42657921180637803,0.6117557534171263,0.3882442465828737,0.134,0.03827655017361553,6.143057823181152,T4_measured_input,degraded_T4_simulation_input,T4_execution_environment
True,40000,0,3000,0,0,37000,0,0,250,10,1000,505,assigned_level_sensitivity,dynamic,periodic,0.0,False,True,0.0,0.0,0.0,0,10000,0,0.0,0,0.0,59.99982601818884,0.8022459459454588,27000,0,0,0,10000,0.6085675675676178,0.5629250000000465,0.6884000000000013,37000,0.5901335531630474,10000,10000,0.3873463550752839,9360,0.42670314951314325,0.6104859763612929,0.38951402363870713,0.13,0.03935679443785933,6.121105909347534,T4_measured_input,degraded_T4_simulation_input,T4_execution_environment
True,40000,0,3000,0,0,37000,0,0,250,10,1000,606,assigned_level_sensitivity,dynamic,periodic,0.0,False,True,0.0,0.0,0.0,0,10000,0,0.0,0,0.0,59.99982601818884,0.8022602702697831,27000,0,0,0,10000,0.6085675675676178,0.5629250000000465,0.6884000000000013,37000,0.5894859022324738,10000,10000,0.37981961061214886,9420,0.41487696466166085,0.60520113210866,0.39479886789134,0.146,0.03505735404951199,6.089060306549072,T4_measured_input,degraded_T4_simulation_input,T4_execution_environment
True,40000,0,3000,0,0,37000,0,0,250,10,1000,707,assigned_level_sensitivity,dynamic,periodic,0.0,False,True,0.0,0.0,0.0,0,10000,0,0.0,0,0.0,59.99983205528339,0.8022518918914047,27000,0,0,0,10000,0.6085675675676178,0.5629250000000465,0.6884000000000013,37000,0.5900772649018342,10000,10000,0.3780245994502006,9300,0.4167471252975785,0.6169071495001134,0.3830928504998866,0.156,0.0387225258473779,6.0797858238220215,T4_measured_input,degraded_T4_simulation_input,T4_execution_environment
True,40000,0,3000,0,0,37000,0,0,250,10,1000,808,assigned_level_sensitivity,dynamic,periodic,0.0,False,True,0.0,0.0,0.0,0,10000,0,0.0,0,0.0,59.99982601818884,0.802246216215729,27000,0,0,0,10000,0.6085675675676178,0.5629250000000465,0.6884000000000013,37000,0.5900400972691556,10000,10000,0.39128734887739564,9480,0.42227556563331414,0.6209271622745404,0.37907283772545963,0.13,0.030988216755918507,6.116465330123901,T4_measured_input,degraded_T4_simulation_input,T4_execution_environment
True,40000,0,3000,0,0,37000,0,0,250,10,1000,909,assigned_level_sensitivity,dynamic,periodic,0.0,False,True,0.0,0.0,0.0,0,10000,0,0.0,0,0.0,59.99982601818884,0.8022594594589724,27000,0,0,0,10000,0.6085675675676178,0.5629250000000465,0.6884000000000013,37000,0.5905580517716691,10000,10000,0.3861662758730705,9360,0.42400857159415173,0.610943771997002,0.389056228002998,0.138,0.03784229572108122,6.138778448104858,T4_measured_input,degraded_T4_simulation_input,T4_execution_environment
True,40000,0,3000,0,0,37000,0,0,250,10,1000,1010,assigned_level_sensitivity,dynamic,periodic,0.0,False,True,0.0,0.0,0.0,0,10000,0,0.0,0,0.0,59.99982601818884,0.8022527027022156,27000,0,0,0,10000,0.6085675675676178,0.5629250000000465,0.6884000000000013,37000,0.5897717321606318,10000,10000,0.39091581704377093,9460,0.42200445931819913,0.6185646598419344,0.3814353401580656,0.132,0.031088642274428202,6.112891435623169,T4_measured_input,degraded_T4_simulation_input,T4_execution_environment
True,16000,0,0,0,0,16000,0,0,300,4,1000,101,assigned_level_sensitivity,dynamic,periodic,0.0,False,True,0.0,0.0,0.0,0,4000,0,0.0,0,0.0,59.99990913166363,0.8178406249998643,90,133,48,3609,12120,0.6835953562498381,0.6835953562498381,0.6884000000000013,16000,0.6847548452374953,4000,4000,0.4987303933530774,4000,0.4987303933530774,0.6400077262286484,0.35999227377135157,0.06025,0.0,2.2926583290100098,T4_measured_input,degraded_T4_simulation_input,T4_execution_environment
True,16000,0,0,0,0,16000,0,0,300,4,1000,202,assigned_level_sensitivity,dynamic,periodic,0.0,False,True,0.0,0.0,0.0,0,4000,0,0.0,0,0.0,59.999979807732466,0.8184406249998631,129,59,55,3658,12099,0.6835863624998382,0.6835863624998382,0.6884000000000013,16000,0.684797816965902,4000,4000,0.4972711126515867,4000,0.4972711126515867,0.6423731444913973,0.35762685550860274,0.062,0.0,2.2364253997802734,T4_measured_input,degraded_T4_simulation_input,T4_execution_environment
True,16000,0,0,0,0,16000,0,0,300,4,1000,303,assigned_level_sensitivity,dynamic,periodic,0.0,False,True,0.0,0.0,0.0,0,4000,0,0.0,0,0.0,59.9995477061429,0.8197906249998603,110,168,53,3560,12109,0.6833385812498386,0.6833385812498386,0.6884000000000013,16000,0.6845145352962789,4000,4000,0.49633581465634363,4000,0.49633581465634363,0.6416423220607959,0.35835767793920414,0.062,0.0,2.2249302864074707,T4_measured_input,degraded_T4_simulation_input,T4_execution_environment
True,16000,0,0,0,0,16000,0,0,300,4,1000,404,assigned_level_sensitivity,dynamic,periodic,0.0,False,True,0.0,0.0,0.0,0,4000,0,0.0,0,0.0,59.999967214880456,0.8191906249998622,142,80,54,3576,12148,0.6834871624998372,0.6834871624998372,0.6884000000000013,16000,0.6846929559169377,4000,4000,0.49845465033606157,4000,0.49845465033606157,0.642544931190942,0.357455068809058,0.062,0.0,2.230638027191162,T4_measured_input,degraded_T4_simulation_input,T4_execution_environment
True,16000,0,0,0,0,16000,0,0,300,4,1000,505,assigned_level_sensitivity,dynamic,periodic,0.0,False,True,0.0,0.0,0.0,0,4000,0,0.0,0,0.0,59.999465202049585,0.8173199999998648,65,89,43,3747,12056,0.6838400874998396,0.6838400874998396,0.6884000000000013,16000,0.6850407525134824,4000,4000,0.4978842597565228,4000,0.4978842597565228,0.6391775801140301,0.36082241988596986,0.058,0.0,2.28113055229187,T4_measured_input,degraded_T4_simulation_input,T4_execution_environment
True,16000,0,0,0,0,16000,0,0,300,4,1000,606,assigned_level_sensitivity,dynamic,periodic,0.0,False,True,0.0,0.0,0.0,0,4000,0,0.0,0,0.0,59.999846769877024,0.8206762499998571,139,94,55,3485,12227,0.6835311562498362,0.6835311562498362,0.6884000000000013,16000,0.6846691132303468,4000,4000,0.4966556502640665,4000,0.4966556502640665,0.6404663461272954,0.35953365387270464,0.06575,0.0,2.2491161823272705,T4_measured_input,degraded_T4_simulation_input,T4_execution_environment
True,16000,0,0,0,0,16000,0,0,300,4,1000,707,assigned_level_sensitivity,dynamic,periodic,0.0,False,True,0.0,0.0,0.0,0,4000,0,0.0,0,0.0,59.999882957494634,0.8188431249998609,88,63,32,3556,12261,0.6840110312498358,0.6840110312498358,0.6884000000000013,16000,0.685023091739799,4000,4000,0.4972929500235866,4000,0.4972929500235866,0.6404228147408876,0.3595771852591124,0.064,0.0,2.2962234020233154,T4_measured_input,degraded_T4_simulation_input,T4_execution_environment
True,16000,0,0,0,0,16000,0,0,300,4,1000,808,assigned_level_sensitivity,dynamic,periodic,0.0,False,True,0.0,0.0,0.0,0,4000,0,0.0,0,0.0,59.99999044247375,0.817044999999865,44,98,56,3694,12108,0.6839592624998387,0.6839592624998387,0.6884000000000013,16000,0.6850064338024399,4000,4000,0.4952559509280807,4000,0.4952559509280807,0.6394831034752492,0.36051689652475083,0.062,0.0,2.368945837020874,T4_measured_input,degraded_T4_simulation_input,T4_execution_environment
True,16000,0,0,0,0,16000,0,0,300,4,1000,909,assigned_level_sensitivity,dynamic,periodic,0.0,False,True,0.0,0.0,0.0,0,4000,0,0.0,0,0.0,59.99937259224664,0.8170487499998654,141,101,62,3615,12081,0.6833423062498384,0.6833423062498384,0.6884000000000013,16000,0.6845308061886057,4000,4000,0.4970332527676609,4000,0.4970332527676609,0.6398426469687607,0.3601573530312393,0.06,0.0,2.3657212257385254,T4_measured_input,degraded_T4_simulation_input,T4_execution_environment
True,16000,0,0,0,0,16000,0,0,300,4,1000,1010,assigned_level_sensitivity,dynamic,periodic,0.0,False,True,0.0,0.0,0.0,0,4000,0,0.0,0,0.0,59.99872336284433,0.8168249999998664,93,63,39,3699,12106,0.6838198249998385,0.6838198249998385,0.6884000000000013,16000,0.6850348605144571,4000,4000,0.49835111826982,4000,0.49835111826982,0.6412440485124897,0.35875595148751027,0.06,0.0,2.3688244819641113,T4_measured_input,degraded_T4_simulation_input,T4_execution_environment
True,24000,0,224,0,0,23776,0,0,300,6,1000,101,assigned_level_sensitivity,dynamic,periodic,0.0,False,True,0.0,0.0,0.0,0,6000,0,0.0,0,0.0,59.999982749092624,0.8061360195153292,1100,4072,145,4379,14080,0.6682264089836405,0.6619896291664599,0.6884000000000013,23776,0.668094682738867,6000,6000,0.4959985822688679,5983,0.49960286652399083,0.6390687018487915,0.3609312981512085,0.06766666666666667,0.003604284255122936,3.7613422870635986,T4_measured_input,degraded_T4_simulation_input,T4_execution_environment
True,24000,0,223,0,0,23777,0,0,300,6,1000,202,assigned_level_sensitivity,dynamic,periodic,0.0,False,True,0.0,0.0,0.0,0,6000,0,0.0,0,0.0,59.99999249435438,0.8071771039238093,1155,3839,163,4606,14014,0.6684805736634168,0.6622692749997943,0.6884000000000013,23777,0.6679156306781163,6000,6000,0.4939738951579715,5972,0.498265672672566,0.6384141409120904,0.36158585908790963,0.071,0.004291777514594475,3.6693649291992188,T4_measured_input,degraded_T4_simulation_input,T4_execution_environment
True,24000,0,257,0,0,23743,0,0,300,6,1000,303,assigned_level_sensitivity,dynamic,periodic,0.0,False,True,0.0,0.0,0.0,0,6000,0,0.0,0,0.0,59.999988633027186,0.8064991787051555,1106,3875,146,4588,14028,0.6686149307162145,0.6614551791664617,0.6884000000000013,23743,0.6676718748243606,6000,6000,0.4955149095407108,5980,0.49892008562522244,0.6416342408495755,0.35836575915042446,0.07033333333333333,0.0034051760845116297,3.545039415359497,T4_measured_input,degraded_T4_simulation_input,T4_execution_environment
True,24000,0,248,0,0,23752,0,0,300,6,1000,404,assigned_level_sensitivity,dynamic,periodic,0.0,False,True,0.0,0.0,0.0,0,6000,0,0.0,0,0.0,59.999980348331384,0.8071050858873596,1196,3882,162,4564,13948,0.6681729538563108,0.6612684999997956,0.6884000000000013,23752,0.6674324537223061,6000,6000,0.4934064911734574,5976,0.49689750299765284,0.6400168171619677,0.3599831828380323,0.07133333333333333,0.0034910118241954224,3.5815939903259277,T4_measured_input,degraded_T4_simulation_input,T4_execution_environment
True,24000,0,240,0,0,23760,0,0,300,6,1000,505,assigned_level_sensitivity,dynamic,periodic,0.0,False,True,0.0,0.0,0.0,0,6000,0,0.0,0,0.0,59.999992975340646,0.8061102693601224,1035,4068,135,4545,13977,0.6684349621210046,0.6617506124997945,0.6884000000000013,23760,0.6681271420166425,6000,6000,0.49149651172165737,5958,0.49749913779264404,0.6364346322535791,0.3635653677464209,0.07433333333333333,0.006002626070986672,3.609234571456909,T4_measured_input,degraded_T4_simulation_input,T4_execution_environment
True,24000,0,205,0,0,23795,0,0,300,6,1000,606,assigned_level_sensitivity,dynamic,periodic,0.0,False,True,0.0,0.0,0.0,0,6000,0,0.0,0,0.0,59.999999197710295,0.8061622189534119,1105,4061,136,4443,14050,0.6682272704347565,0.6625194958331263,0.6884000000000013,23795,0.6687663581868815,6000,6000,0.49191081235316353,5981,0.4951128027623672,0.6395280086332201,0.3604719913667799,0.07166666666666667,0.003201990409203659,3.6401207447052,T4_measured_input,degraded_T4_simulation_input,T4_execution_environment
True,24000,0,254,0,0,23746,0,0,300,6,1000,707,assigned_level_sensitivity,dynamic,periodic,0.0,False,True,0.0,0.0,0.0,0,6000,0,0.0,0,0.0,59.999979034815965,0.806687442095361,1120,3982,172,4393,14079,0.6683150172658568,0.6612420166664599,0.6884000000000013,23746,0.6675549293456785,6000,6000,0.49402999332989955,5967,0.49805499541567094,0.6388667986421532,0.36113320135784677,0.07416666666666667,0.00402500208577139,3.547118663787842,T4_measured_input,degraded_T4_simulation_input,T4_execution_environment
True,24000,0,250,0,0,23750,0,0,300,6,1000,808,assigned_level_sensitivity,dynamic,periodic,0.0,False,True,0.0,0.0,0.0,0,6000,0,0.0,0,0.0,59.99999890074713,0.8061448421051152,1038,4013,190,4483,14026,0.6685126863155825,0.6615490124997951,0.6884000000000013,23750,0.6678528491688308,6000,6000,0.4949179793907548,5968,0.49932271489361074,0.6417404196536926,0.35825958034630745,0.07116666666666667,0.0044047355028559165,3.5889954566955566,T4_measured_input,degraded_T4_simulation_input,T4_execution_environment
True,24000,0,244,0,0,23756,0,0,300,6,1000,909,assigned_level_sensitivity,dynamic,periodic,0.0,False,True,0.0,0.0,0.0,0,6000,0,0.0,0,0.0,59.99999891869538,0.8062316888363606,1159,4023,138,4480,13956,0.6680298913956527,0.6612382541664636,0.6884000000000013,23756,0.6678410791238658,6000,6000,0.4910350227071063,5962,0.49659513703123237,0.6361076334083989,0.36389236659160107,0.07066666666666667,0.005560114324126064,3.616964340209961,T4_measured_input,degraded_T4_simulation_input,T4_execution_environment
True,24000,0,273,0,0,23727,0,0,300,6,1000,1010,assigned_level_sensitivity,dynamic,periodic,0.0,False,True,0.0,0.0,0.0,0,6000,0,0.0,0,0.0,59.999999328581055,0.8060108736880583,1103,3989,158,4399,14078,0.6683788805999509,0.6607760708331264,0.6884000000000013,23727,0.667417884074151,6000,6000,0.4911225043385573,5971,0.49518181414187795,0.6369056504405837,0.36309434955941633,0.076,0.004059309803320643,3.6156997680664062,T4_measured_input,degraded_T4_simulation_input,T4_execution_environment
True,32000,0,417,0,0,31583,0,0,300,8,1000,101,assigned_level_sensitivity,dynamic,periodic,0.0,False,True,0.0,0.0,0.0,0,8000,0,0.0,0,0.0,59.99999777198407,0.7937475857262779,7193,6653,215,9082,8440,0.6439876009243776,0.6355956374998318,0.6884000000000013,31583,0.647130720553292,8000,8000,0.47329787783783145,7944,0.4791392000289174,0.647347195251652,0.35265280474834804,0.071625,0.0058413221910859625,5.181538105010986,T4_measured_input,degraded_T4_simulation_input,T4_execution_environment
True,32000,0,391,0,0,31609,0,0,300,8,1000,202,assigned_level_sensitivity,dynamic,periodic,0.0,False,True,0.0,0.0,0.0,0,8000,0,0.0,0,0.0,59.99999840409113,0.7945999557086009,7386,6630,137,9086,8370,0.6435145275078209,0.6356515843748347,0.6884000000000013,31609,0.647122448373951,8000,8000,0.47357863608067163,7960,0.47884325617633294,0.6446562600997968,0.3553437399002032,0.06775,0.00526462009566131,5.145625591278076,T4_measured_input,degraded_T4_simulation_input,T4_execution_environment
True,32000,0,536,0,0,31464,0,0,300,8,1000,303,assigned_level_sensitivity,dynamic,periodic,0.0,False,True,0.0,0.0,0.0,0,8000,0,0.0,0,0.0,59.99998118973258,0.7942680523771071,7196,6679,219,8771,8599,0.6438978578691384,0.6331125687498305,0.6884000000000013,31464,0.6453819623850312,8000,8000,0.4767471177674961,7944,0.4825585934557821,0.6450760108492785,0.35492398915072154,0.069875,0.005811475688285994,5.2733848094940186,T4_measured_input,degraded_T4_simulation_input,T4_execution_environment
True,32000,0,506,0,0,31494,0,0,300,8,1000,404,assigned_level_sensitivity,dynamic,periodic,0.0,False,True,0.0,0.0,0.0,0,8000,0,0.0,0,0.0,59.99999970241332,0.7939086810183961,7616,6264,131,8851,8632,0.6434896837491174,0.6333145031248345,0.6884000000000013,31494,0.6452676488436458,8000,8000,0.47691651174612343,7944,0.4830608914224295,0.648171659103642,0.35182834089635795,0.068625,0.006144379676306044,5.574432611465454,T4_measured_input,degraded_T4_simulation_input,T4_execution_environment
True,32000,0,515,0,0,31485,0,0,300,8,1000,505,assigned_level_sensitivity,dynamic,periodic,0.0,False,True,0.0,0.0,0.0,0,8000,0,0.0,0,0.0,59.99999912651501,0.794312212164308,7486,6387,223,8760,8629,0.6435697633792169,0.6332123124998326,0.6884000000000013,31485,0.6455576742259429,8000,8000,0.47203457425733836,7948,0.47986425834134433,0.6426830003846835,0.3573169996153165,0.065875,0.007829684084005972,5.546085596084595,T4_measured_input,degraded_T4_simulation_input,T4_execution_environment
True,32000,0,688,0,0,31312,0,0,300,8,1000,606,assigned_level_sensitivity,dynamic,periodic,0.0,False,True,0.0,0.0,0.0,0,8000,0,0.0,0,0.0,59.99997927947985,0.7936088400611045,7162,6343,199,8858,8750,0.6445383495143945,0.630680774999835,0.6884000000000013,31312,0.6442735332091177,8000,8000,0.4704097284282679,7888,0.4796765083994922,0.6406294523077755,0.35937054769222454,0.076875,0.009266779971224326,5.324190616607666,T4_measured_input,degraded_T4_simulation_input,T4_execution_environment
True,32000,0,559,0,0,31441,0,0,300,8,1000,707,assigned_level_sensitivity,dynamic,periodic,0.0,False,True,0.0,0.0,0.0,0,8000,0,0.0,0,0.0,59.999979074602386,0.7940189561398578,7222,6536,155,8866,8662,0.6441373079734942,0.6328850343748322,0.6884000000000013,31441,0.6453840109415218,8000,8000,0.47083629124006693,7909,0.4812583625508217,0.6347765414932727,0.3652234585067273,0.0705,0.010422071310754788,5.221487522125244,T4_measured_input,degraded_T4_simulation_input,T4_execution_environment
True,32000,0,482,0,0,31518,0,0,300,8,1000,808,assigned_level_sensitivity,dynamic,periodic,0.0,False,True,0.0,0.0,0.0,0,8000,0,0.0,0,0.0,59.99997658412482,0.7937200964526074,7445,6515,217,8706,8635,0.6435091439810442,0.6338162874998298,0.6884000000000013,31518,0.6458940086763004,8000,8000,0.47562335361568125,7933,0.4823179136993797,0.6448864612834219,0.35511353871657814,0.071875,0.006694560083698453,5.243905544281006,T4_measured_input,degraded_T4_simulation_input,T4_execution_environment
True,32000,0,575,0,0,31425,0,0,300,8,1000,909,assigned_level_sensitivity,dynamic,periodic,0.0,False,True,0.0,0.0,0.0,0,8000,0,0.0,0,0.0,59.99996847924652,0.7940229116942928,7229,6466,150,8940,8640,0.6442173365153386,0.6326415562498287,0.6884000000000013,31425,0.6450149401345264,8000,8000,0.4696477969324681,7944,0.4765346150432348,0.6399474880628181,0.3600525119371819,0.07,0.00688681811076669,5.217367649078369,T4_measured_input,degraded_T4_simulation_input,T4_execution_environment
True,32000,0,519,0,0,31481,0,0,300,8,1000,1010,assigned_level_sensitivity,dynamic,periodic,0.0,False,True,0.0,0.0,0.0,0,8000,0,0.0,0,0.0,59.99987615077535,0.7937832343316115,7325,6560,190,8926,8480,0.64370356723086,0.6332634999998344,0.6884000000000013,31481,0.6449357700085873,8000,8000,0.47165537597098156,7930,0.47924628087460636,0.6455300303304033,0.35446996966959665,0.070125,0.0075909049036247955,5.240872621536255,T4_measured_input,degraded_T4_simulation_input,T4_execution_environment
True,40000,0,720,0,0,39280,0,0,300,10,1000,101,assigned_level_sensitivity,dynamic,periodic,0.0,False,True,0.0,0.0,0.0,0,10000,0,0.0,0,0.0,59.99979950763802,0.7982696028509307,14252,13486,40,1502,10000,0.624004882891858,0.6127727949998045,0.6884000000000013,39280,0.6247232568518145,10000,10000,0.45840325207967825,9940,0.4637374149374388,0.6426129679144936,0.3573870320855064,0.058,0.00533416285776056,7.114031076431274,T4_measured_input,degraded_T4_simulation_input,T4_execution_environment
True,40000,0,550,0,0,39450,0,0,300,10,1000,202,assigned_level_sensitivity,dynamic,periodic,0.0,False,True,0.0,0.0,0.0,0,10000,0,0.0,0,0.0,59.99998911476712,0.7987449936624829,14755,13319,8,1368,10000,0.6232724841569709,0.6147024874998126,0.6884000000000013,39450,0.6260052411044982,10000,10000,0.45911156943049336,9960,0.4632261407837268,0.647238884010626,0.352761115989374,0.0607,0.004114571353233454,6.928726434707642,T4_measured_input,degraded_T4_simulation_input,T4_execution_environment
True,40000,0,828,0,0,39172,0,0,300,10,1000,303,assigned_level_sensitivity,dynamic,periodic,0.0,False,True,0.0,0.0,0.0,0,10000,0,0.0,0,0.0,59.99998495969533,0.7985864903498813,14467,13357,94,1254,10000,0.6234941667515671,0.6105878374998097,0.6884000000000013,39172,0.623135380308283,10000,10000,0.4568210571014789,9920,0.46418725766477575,0.6403054149706426,0.35969458502935736,0.0678,0.007366200563296843,7.014331579208374,T4_measured_input,degraded_T4_simulation_input,T4_execution_environment
True,40000,0,628,0,0,39372,0,0,300,10,1000,404,assigned_level_sensitivity,dynamic,periodic,0.0,False,True,0.0,0.0,0.0,0,10000,0,0.0,0,0.0,59.999897483600954,0.798775779741564,14505,13497,0,1370,10000,0.6235294143043866,0.6137400024998078,0.6884000000000013,39372,0.6257541966916016,10000,10000,0.4537911440066533,9900,0.46143074861117367,0.6396416689972702,0.36035833100272985,0.0661,0.007639604604520345,7.037346839904785,T4_measured_input,degraded_T4_simulation_input,T4_execution_environment
True,40000,0,700,0,0,39300,0,0,300,10,1000,505,assigned_level_sensitivity,dynamic,periodic,0.0,False,True,0.0,0.0,0.0,0,10000,0,0.0,0,0.0,59.999993500827316,0.7987862595415984,14124,13873,20,1283,10000,0.6238120330786758,0.6128953224997991,0.6884000000000013,39300,0.6245128380647593,10000,10000,0.4564272145473707,9940,0.4611809415407909,0.6420792741474628,0.3579207258525372,0.064,0.004753726993420249,7.006614685058594,T4_measured_input,degraded_T4_simulation_input,T4_execution_environment
True,40000,0,727,0,0,39273,0,0,300,10,1000,606,assigned_level_sensitivity,dynamic,periodic,0.0,False,True,0.0,0.0,0.0,0,10000,0,0.0,0,0.0,59.99999125159258,0.7988602856920702,14061,13762,27,1423,10000,0.624078458482721,0.6127358324997976,0.6884000000000013,39273,0.6247342530506059,10000,10000,0.45877723316207686,9920,0.4661076762890752,0.6456427482871611,0.35435725171283894,0.058,0.007330443126998321,7.0381622314453125,T4_measured_input,degraded_T4_simulation_input,T4_execution_environment
True,40000,0,400,0,0,39600,0,0,300,10,1000,707,assigned_level_sensitivity,dynamic,periodic,0.0,False,True,0.0,0.0,0.0,0,10000,0,0.0,0,0.0,59.999967374383395,0.7990426767672846,14494,13903,0,1203,10000,0.6232795429290928,0.6170467474998018,0.6884000000000013,39600,0.6280626470627659,10000,10000,0.46194993514968946,9960,0.465802445300173,0.6522135210278954,0.3477864789721046,0.056,0.0038525101504835457,6.90822958946228,T4_measured_input,degraded_T4_simulation_input,T4_execution_environment
True,40000,0,660,0,0,39340,0,0,300,10,1000,808,assigned_level_sensitivity,dynamic,periodic,0.0,False,True,0.0,0.0,0.0,0,10000,0,0.0,0,0.0,59.999877174526205,0.79943924758477,14186,13912,0,1242,10000,0.6236743670562281,0.6133837399998004,0.6884000000000013,39340,0.6245888934170192,10000,10000,0.45927098572622443,9980,0.4632269286540793,0.6392108514875184,0.36078914851248156,0.062,0.003955942927854839,6.89736795425415,T4_measured_input,degraded_T4_simulation_input,T4_execution_environment
True,40000,0,839,0,0,39161,0,0,300,10,1000,909,assigned_level_sensitivity,dynamic,periodic,0.0,False,True,0.0,0.0,0.0,0,10000,0,0.0,0,0.0,59.999996754557515,0.7986169913941209,14403,13325,20,1413,10000,0.6237331911849117,0.6106503874998082,0.6884000000000013,39161,0.6229075847856499,10000,10000,0.45507123852823217,9920,0.4625222089830667,0.6335795860073453,0.3664204139926547,0.064,0.007450970454834505,7.072515487670898,T4_measured_input,degraded_T4_simulation_input,T4_execution_environment
True,40000,0,680,0,0,39320,0,0,300,10,1000,1010,assigned_level_sensitivity,dynamic,periodic,0.0,False,True,0.0,0.0,0.0,0,10000,0,0.0,0,0.0,59.99987614559806,0.7985325534075575,14449,13487,32,1352,10000,0.623588257883831,0.6129872574998059,0.6884000000000013,39320,0.6257943778973025,10000,10000,0.45486536350871376,9880,0.46263366645770787,0.642262796290586,0.357737203709414,0.0681,0.00776830294899411,6.968121528625488,T4_measured_input,degraded_T4_simulation_input,T4_execution_environment
