configuration,total_regions,completed,expired_waiting,admission_infeasible,deadline_misses,thermal_violations,period_ms,lines,epochs,seed,scheduler,total_mandatory,missed_mandatory,mandatory_dmr,historical_completed_only_dice,historical_coverage_adjusted_dice,historical_mandatory_effective_dice,on_time_completed_regions,historical_weighted_coverage_utility,images,defective_images,mean_complete_image_dice,completed_only_images,mean_completed_only_dice,pixel_defect_recall,pixel_missed_detection_rate,image_complete_miss_rate,optimism_gap,runtime_seconds,release_mode,wcet_scale,mandatory_infeasible,optional_skipped,dispatch_infeasible,budget_mode,network_mode,priority_overhead_ms,all_regions_mandatory,enable_productive_cooling,overrun_probability,overrun_min_extra,overrun_max_extra,forced_overrun_count
EDF-Dynamic-Reservation,16000,5760,0,10240,0,0,50,4,1000,101,edf_dynamic_reservation,4000,2888,0.722,0.6347352777777991,0.2285047000000077,0.19137520000000038,5760,0.22304306449964462,4000,4000,0.19526289946022352,1880,0.4588187410943072,0.21990115273996128,0.7800988472600388,0.598,0.2635558416340837,0.3453245162963867,periodic,1.0,,,,,,,,,,,,
EDF-Dynamic-Reservation,16000,5744,0,10256,0,0,50,4,1000,202,edf_dynamic_reservation,4000,2832,0.708,0.6354142061281568,0.2281137000000083,0.2010128000000004,5744,0.22751576441686358,4000,4000,0.19467476193991434,1888,0.44921239798876283,0.24555106139926383,0.7544489386007361,0.592,0.2545376360488485,0.34472060203552246,periodic,1.0,,,,,,,,,,,,
EDF-Dynamic-Reservation,16000,5808,0,10192,0,0,50,4,1000,303,edf_dynamic_reservation,4000,2904,0.726,0.6351078512396892,0.23054415000000716,0.18862160000000036,5808,0.22828464048430516,4000,4000,0.19007931093845573,1896,0.432898384401847,0.2555562946446565,0.7444437053553434,0.594,0.2428190734633913,0.38610196113586426,periodic,1.0,,,,,,,,,,,,
EDF-Dynamic-Reservation,16000,5816,0,10184,0,0,50,4,1000,404,edf_dynamic_reservation,4000,2864,0.716,0.6355055020632955,0.2310062500000079,0.1955056000000004,5816,0.22945999911469536,4000,4000,0.1942183390942436,1872,0.4536708988647196,0.2586924502707745,0.7413075497292255,0.588,0.259452559770476,0.3869173526763916,periodic,1.0,,,,,,,,,,,,
EDF-Dynamic-Reservation,16000,5744,0,10256,0,0,50,4,1000,505,edf_dynamic_reservation,4000,2864,0.716,0.6357855153203553,0.22824700000000755,0.1955056000000004,5744,0.2259990918806558,4000,4000,0.19893306922817539,1864,0.4735019310313964,0.22942773649731607,0.7705722635026839,0.582,0.274568861803221,0.3515596389770508,periodic,1.0,,,,,,,,,,,,
EDF-Dynamic-Reservation,16000,5704,0,10296,0,0,50,4,1000,606,edf_dynamic_reservation,4000,2896,0.724,0.6369412342216185,0.227069550000007,0.18999840000000037,5704,0.22310718469970173,4000,4000,0.19214582049432533,1856,0.4600051580797519,0.2623457484641303,0.7376542515358697,0.604,0.26785933758542657,0.36069583892822266,periodic,1.0,,,,,,,,,,,,
EDF-Dynamic-Reservation,16000,5888,0,10112,0,0,50,4,1000,707,edf_dynamic_reservation,4000,2872,0.718,0.6341456521739353,0.23336560000000817,0.19412880000000038,5888,0.23076147242780845,4000,4000,0.19923899299777464,1880,0.4618848331951227,0.2322974079156113,0.7677025920843887,0.594,0.26264584019734805,0.39887070655822754,periodic,1.0,,,,,,,,,,,,
EDF-Dynamic-Reservation,16000,5752,0,10248,0,0,50,4,1000,808,edf_dynamic_reservation,4000,2880,0.72,0.6360012517385462,0.22864245000000732,0.19275200000000037,5752,0.22676301074478747,4000,4000,0.18876094373002583,1880,0.4410296336585112,0.2236192380002359,0.7763807619997641,0.6,0.2522686899284854,0.3867614269256592,periodic,1.0,,,,,,,,,,,,
EDF-Dynamic-Reservation,16000,5848,0,10152,0,0,50,4,1000,909,edf_dynamic_reservation,4000,2920,0.73,0.6339852257182159,0.23172160000000794,0.18586800000000037,5848,0.22863339036720437,4000,4000,0.18166351077717177,1816,0.43363881572526203,0.2364106448283147,0.7635893551716852,0.616,0.2519753049480903,0.3637230396270752,periodic,1.0,,,,,,,,,,,,
EDF-Dynamic-Reservation,16000,5872,0,10128,0,0,50,4,1000,1010,edf_dynamic_reservation,4000,2840,0.71,0.6333553133515214,0.23244140000000837,0.1996360000000004,5872,0.22875482494952834,4000,4000,0.20069040930267554,1872,0.4648864521065569,0.2576523952957336,0.7423476047042664,0.598,0.2641960428038813,0.4053182601928711,periodic,1.0,,,,,,,,,,,,
EDF-Dynamic-Reservation,20000,5820,0,14180,0,0,50,5,1000,101,edf_dynamic_reservation,5000,3950,0.79,0.6351084192440081,0.18481655000000635,0.14456400000000028,5820,0.17921892124996555,5000,5000,0.15462857486913167,1910,0.43848120946230373,0.1939026632842213,0.8060973367157787,0.694,0.28385263459317206,0.45793867111206055,periodic,1.0,,,,,,,,,,,,
EDF-Dynamic-Reservation,20000,5840,0,14160,0,0,50,5,1000,202,edf_dynamic_reservation,5000,3830,0.766,0.6338159246575559,0.18507425000000632,0.16108560000000033,5840,0.18357874000445476,5000,5000,0.15043401576427481,1850,0.43661737221025565,0.16105520822489125,0.8389447917751087,0.68,0.2861833564459808,0.46359705924987793,periodic,1.0,,,,,,,,,,,,
EDF-Dynamic-Reservation,20000,5880,0,14120,0,0,50,5,1000,303,edf_dynamic_reservation,5000,3830,0.766,0.6339777210884577,0.1863894500000066,0.16108560000000033,5880,0.18133983201744655,5000,5000,0.16847241867930807,1910,0.48056830249617766,0.24091994008267853,0.7590800599173215,0.664,0.3120958838168696,0.46532225608825684,periodic,1.0,,,,,,,,,,,,
EDF-Dynamic-Reservation,20000,5690,0,14310,0,0,50,5,1000,404,edf_dynamic_reservation,5000,3860,0.772,0.6371715289982636,0.18127530000000597,0.15695520000000032,5690,0.1802283019690556,5000,5000,0.16388863162520034,1870,0.47609862341302933,0.21589688338764815,0.7841031166123519,0.674,0.312209991787829,0.4994814395904541,periodic,1.0,,,,,,,,,,,,
EDF-Dynamic-Reservation,20000,5740,0,14260,0,0,50,5,1000,505,edf_dynamic_reservation,5000,3790,0.758,0.6350271777003716,0.18225280000000665,0.16659280000000032,5740,0.18469928750597797,5000,5000,0.1506699211490958,1940,0.43274943906117036,0.20378977965061307,0.7962102203493869,0.664,0.28207951791207453,0.4780445098876953,periodic,1.0,,,,,,,,,,,,
EDF-Dynamic-Reservation,20000,5840,0,14160,0,0,50,5,1000,606,edf_dynamic_reservation,5000,3890,0.778,0.6347289383561858,0.18534085000000627,0.1528248000000003,5840,0.18244302860177466,5000,5000,0.15172293756095118,1840,0.4527751362773562,0.15774373187188218,0.8422562681281178,0.674,0.30105219871640504,0.4604325294494629,periodic,1.0,,,,,,,,,,,,
EDF-Dynamic-Reservation,20000,5880,0,14120,0,0,50,5,1000,707,edf_dynamic_reservation,5000,3850,0.77,0.6355646258503607,0.18685600000000602,0.1583320000000003,5880,0.18317364441098807,5000,5000,0.16136712108927648,1900,0.4671749712576341,0.18960124714279555,0.8103987528572044,0.668,0.3058078501683576,0.45734190940856934,periodic,1.0,,,,,,,,,,,,
EDF-Dynamic-Reservation,20000,5840,0,14160,0,0,50,5,1000,808,edf_dynamic_reservation,5000,3740,0.748,0.6338159246575585,0.1850742500000071,0.17347680000000035,5840,0.18527834533952112,5000,5000,0.14163677574441516,1880,0.42071822694694705,0.16681433337199125,0.8331856666280087,0.682,0.2790814512025319,0.5148983001708984,periodic,1.0,,,,,,,,,,,,
EDF-Dynamic-Reservation,20000,5770,0,14230,0,0,50,5,1000,909,edf_dynamic_reservation,5000,3870,0.774,0.633989428076278,0.1829059500000062,0.1555784000000003,5770,0.18073300341886528,5000,5000,0.15102887254552633,1900,0.43328494535125944,0.19125883991091036,0.8087411600890897,0.688,0.2822560728057331,0.4704098701477051,periodic,1.0,,,,,,,,,,,,
EDF-Dynamic-Reservation,20000,5810,0,14190,0,0,50,5,1000,1010,edf_dynamic_reservation,5000,3810,0.762,0.6346108433735175,0.18435445000000683,0.16383920000000032,5810,0.1841223094178676,5000,5000,0.15693774136186844,1900,0.4522964536067303,0.19891764385098612,0.8010823561490139,0.67,0.2953587122448619,0.4658219814300537,periodic,1.0,,,,,,,,,,,,
EDF-Dynamic-Reservation,24000,5788,0,18212,0,0,50,6,1000,101,edf_dynamic_reservation,6000,4900,0.8166666666666667,0.6354907394609741,0.15325918333333827,0.1262066666666669,5788,0.15014339038561947,6000,6000,0.12897680106153991,1888,0.4497048027138368,0.1542650949950672,0.8457349050049328,0.732,0.32072800165229687,0.5825185775756836,periodic,1.0,,,,,,,,,,,,
EDF-Dynamic-Reservation,24000,5752,0,18248,0,0,50,6,1000,202,edf_dynamic_reservation,6000,4808,0.8013333333333333,0.6350742698192164,0.15220613333333888,0.1367621333333336,5752,0.15225443409219855,6000,6000,0.1302384381218505,1880,0.45234080517110214,0.1601253022537849,0.839874697746215,0.734,0.32210236704925166,0.5700328350067139,periodic,1.0,,,,,,,,,,,,
EDF-Dynamic-Reservation,24000,5804,0,18196,0,0,50,6,1000,303,edf_dynamic_reservation,6000,4888,0.8146666666666667,0.6352760854583259,0.1536309333333385,0.12758346666666692,5804,0.15112718493236463,6000,6000,0.12910710117995186,1876,0.4429704990763431,0.16982580549103637,0.8301741945089636,0.7306666666666667,0.3138633978963913,0.5762710571289062,periodic,1.0,,,,,,,,,,,,
EDF-Dynamic-Reservation,24000,5820,0,18180,0,0,50,6,1000,404,edf_dynamic_reservation,6000,4844,0.8073333333333333,0.634787766323046,0.15393603333333866,0.13263173333333358,5820,0.15269685065330246,6000,6000,0.12712742907023883,1860,0.44603054281143245,0.16012054900417635,0.8398794509958236,0.7326666666666667,0.3189031137411936,0.5911469459533691,periodic,1.0,,,,,,,,,,,,
EDF-Dynamic-Reservation,24000,5772,0,18228,0,0,50,6,1000,505,edf_dynamic_reservation,6000,4848,0.808,0.6353370755370981,0.15279856666667208,0.13217280000000026,5772,0.15195907873992212,6000,6000,0.12606938463002343,1876,0.4428709499282086,0.15638427500840543,0.8436157249915945,0.7313333333333333,0.31680156529818515,0.5765604972839355,periodic,1.0,,,,,,,,,,,,
EDF-Dynamic-Reservation,24000,5780,0,18220,0,0,50,6,1000,606,edf_dynamic_reservation,6000,4876,0.8126666666666666,0.6358291349481183,0.15312885000000517,0.12896026666666693,5780,0.15007679668749546,6000,6000,0.12538684191385163,1856,0.4493113838732052,0.15047623302385832,0.8495237669761417,0.7353333333333333,0.32392454195935355,0.5764961242675781,periodic,1.0,,,,,,,,,,,,
EDF-Dynamic-Reservation,24000,5868,0,18132,0,0,50,6,1000,707,edf_dynamic_reservation,6000,4812,0.802,0.6344291751874801,0.15511793333333887,0.13630320000000026,5868,0.15415605823228296,6000,6000,0.1284178384534368,1876,0.4508443789134096,0.15731091140319142,0.8426890885968086,0.7326666666666667,0.3224265404599728,0.5869193077087402,periodic,1.0,,,,,,,,,,,,
EDF-Dynamic-Reservation,24000,5748,0,18252,0,0,50,6,1000,808,edf_dynamic_reservation,6000,4884,0.814,0.6365427974948006,0.15245200000000472,0.12804240000000025,5748,0.1495319532035765,6000,6000,0.12470029208875631,1872,0.4396183288649081,0.147791251454515,0.852208748545485,0.738,0.31491803677615177,0.5878262519836426,periodic,1.0,,,,,,,,,,,,
EDF-Dynamic-Reservation,24000,5816,0,18184,0,0,50,6,1000,909,edf_dynamic_reservation,6000,4896,0.816,0.6347720770289075,0.1538264333333386,0.12666560000000024,5816,0.15073759506858414,6000,6000,0.12765679010993158,1844,0.45002452593852443,0.15685100015927508,0.8431489998407249,0.736,0.32236773582859285,0.6076986789703369,periodic,1.0,,,,,,,,,,,,
EDF-Dynamic-Reservation,24000,5840,0,18160,0,0,50,6,1000,1010,edf_dynamic_reservation,6000,4868,0.8113333333333334,0.6344093835616661,0.15437295000000542,0.1298781333333336,5840,0.15142627789080515,6000,6000,0.12851190577125324,1880,0.44829283842305073,0.16083389362606537,0.8391661063739346,0.734,0.3197809326517975,0.5799214839935303,periodic,1.0,,,,,,,,,,,,
EDF-Dynamic-Reservation,28000,5792,0,22208,0,0,50,7,1000,101,edf_dynamic_reservation,7000,5840,0.8342857142857143,0.6346774861878678,0.13128757142857608,0.1140777142857145,5792,0.13002189302753578,7000,7000,0.11100170511328114,1888,0.4495754563026485,0.13688698284757103,0.8631130171524289,0.7688571428571429,0.3385737511893674,0.6896815299987793,periodic,1.0,,,,,,,,,,,,
EDF-Dynamic-Reservation,28000,5796,0,22204,0,0,50,7,1000,202,edf_dynamic_reservation,7000,5836,0.8337142857142857,0.6345093167702086,0.1313434285714332,0.11447108571428594,5796,0.1304270342400364,7000,7000,0.11084703279515305,1880,0.4503696533888084,0.13662715161917563,0.8633728483808244,0.7697142857142857,0.33952262059365534,0.6960544586181641,periodic,1.0,,,,,,,,,,,,
EDF-Dynamic-Reservation,28000,5776,0,22224,0,0,50,7,1000,303,edf_dynamic_reservation,7000,5856,0.8365714285714285,0.6350755540166424,0.1310070142857188,0.11250422857142879,5776,0.1297658532072966,7000,7000,0.11026914436209521,1862,0.4531511841218872,0.138450974671495,0.861549025328505,0.7705714285714286,0.342882039759792,0.6845190525054932,periodic,1.0,,,,,,,,,,,,
EDF-Dynamic-Reservation,28000,5784,0,22216,0,0,50,7,1000,404,edf_dynamic_reservation,7000,5848,0.8354285714285714,0.6351528008298974,0.13120442142857594,0.11329097142857165,5784,0.13037508782038632,7000,7000,0.11131282062069131,1872,0.45434213713682947,0.13769172252902662,0.8623082774709734,0.7682857142857142,0.34302931651613816,0.6852891445159912,periodic,1.0,,,,,,,,,,,,
EDF-Dynamic-Reservation,28000,5776,0,22224,0,0,50,7,1000,505,edf_dynamic_reservation,7000,5856,0.8365714285714285,0.6355832756232911,0.1311117500000046,0.11250422857142879,5776,0.12948781616540928,7000,7000,0.10956104729110105,1874,0.448389593069437,0.13585560618374773,0.8641443938162523,0.77,0.33882854577833593,0.6924891471862793,periodic,1.0,,,,,,,,,,,,
EDF-Dynamic-Reservation,28000,5780,0,22220,0,0,50,7,1000,606,edf_dynamic_reservation,7000,5852,0.836,0.6354140138408516,0.13116760714286152,0.11289760000000022,5780,0.12956282281115927,7000,7000,0.11050266597714563,1872,0.4529120295660239,0.13630578327487367,0.8636942167251264,0.7688571428571429,0.34240936358887825,0.7156682014465332,periodic,1.0,,,,,,,,,,,,
EDF-Dynamic-Reservation,28000,5776,0,22224,0,0,50,7,1000,707,edf_dynamic_reservation,7000,5856,0.8365714285714285,0.6358602146814616,0.13116887857143295,0.11250422857142879,5776,0.1296542537246151,7000,7000,0.10961580811307435,1866,0.4504666126256314,0.13682413868614865,0.8631758613138514,0.7711428571428571,0.34085080451255706,0.7132418155670166,periodic,1.0,,,,,,,,,,,,
EDF-Dynamic-Reservation,28000,5788,0,22212,0,0,50,7,1000,808,edf_dynamic_reservation,7000,5844,0.8348571428571429,0.6349380096752116,0.1312507571428616,0.11368434285714309,5788,0.12964136919619645,7000,7000,0.11014501265136385,1884,0.4492278532781752,0.1362936901600562,0.8637063098399438,0.7674285714285715,0.3390828406268114,0.6938910484313965,periodic,1.0,,,,,,,,,,,,
EDF-Dynamic-Reservation,28000,5786,0,22214,0,0,50,7,1000,909,edf_dynamic_reservation,7000,5846,0.8351428571428572,0.6346537158659055,0.13114665714286175,0.11348765714285737,5786,0.13011017712817266,7000,7000,0.11008730475794823,1874,0.4471877937637607,0.13669629550448054,0.8633037044955194,0.7708571428571429,0.33710048900581246,0.6998641490936279,periodic,1.0,,,,,,,,,,,,
EDF-Dynamic-Reservation,28000,5772,0,22228,0,0,50,7,1000,1010,edf_dynamic_reservation,7000,5860,0.8371428571428572,0.6352446985447197,0.13095115714286149,0.11211085714285736,5772,0.1296002893603819,7000,7000,0.10935161350671921,1878,0.44631571014364974,0.13426633303799992,0.865733666962,0.7714285714285715,0.3369640966369305,0.7147347927093506,periodic,1.0,,,,,,,,,,,,
EDF-Dynamic-Reservation,32000,5760,0,26240,0,0,50,8,1000,101,edf_dynamic_reservation,8000,6888,0.861,0.6347352777777994,0.11425235000000389,0.09568760000000019,5760,0.111521532249822,8000,8000,0.09763144973011186,1880,0.45881874109430715,0.10995057636998064,0.8900494236300194,0.799,0.3611872913641953,0.8239097595214844,periodic,1.0,,,,,,,,,,,,
EDF-Dynamic-Reservation,32000,5744,0,26256,0,0,50,8,1000,202,edf_dynamic_reservation,8000,6832,0.854,0.6354142061281572,0.11405685000000423,0.1005064000000002,5744,0.11375788220843161,8000,8000,0.09733738096995713,1888,0.4492123979887629,0.12277553069963192,0.8772244693003681,0.796,0.35187501701880575,0.8384463787078857,periodic,1.0,,,,,,,,,,,,
EDF-Dynamic-Reservation,32000,5808,0,26192,0,0,50,8,1000,303,edf_dynamic_reservation,8000,6904,0.863,0.635107851239689,0.11527207500000357,0.09431080000000018,5808,0.11414232024215208,8000,8000,0.09503965546922782,1896,0.43289838440184647,0.12777814732232826,0.8722218526776717,0.797,0.33785872893261865,0.8562502861022949,periodic,1.0,,,,,,,,,,,,
EDF-Dynamic-Reservation,32000,5816,0,26184,0,0,50,8,1000,404,edf_dynamic_reservation,8000,6864,0.858,0.6355055020632955,0.11550312500000397,0.0977528000000002,5816,0.1147299995573475,8000,8000,0.09710916954712186,1872,0.45367089886471945,0.12934622513538724,0.8706537748646128,0.794,0.3565617293175976,0.8847193717956543,periodic,1.0,,,,,,,,,,,,
EDF-Dynamic-Reservation,32000,5744,0,26256,0,0,50,8,1000,505,edf_dynamic_reservation,8000,6864,0.858,0.635785515320356,0.1141235000000039,0.0977528000000002,5744,0.11299954594032767,8000,8000,0.09946653461408753,1864,0.4735019310313963,0.11471386824865804,0.885286131751342,0.791,0.37403539641730876,0.8224852085113525,periodic,1.0,,,,,,,,,,,,
EDF-Dynamic-Reservation,32000,5704,0,26296,0,0,50,8,1000,606,edf_dynamic_reservation,8000,6896,0.862,0.6369412342216186,0.11353477500000352,0.09499920000000019,5704,0.1115535923498506,8000,8000,0.09607291024716237,1856,0.4600051580797515,0.13117287423206514,0.8688271257679349,0.802,0.36393224783258915,0.8220365047454834,periodic,1.0,,,,,,,,,,,,
EDF-Dynamic-Reservation,32000,5888,0,26112,0,0,50,8,1000,707,edf_dynamic_reservation,8000,6872,0.859,0.6341456521739353,0.11668280000000408,0.09706440000000019,5888,0.11538073621390413,8000,8000,0.09961949649888723,1880,0.4618848331951226,0.11614870395780565,0.8838512960421944,0.797,0.36226533669623534,0.8851034641265869,periodic,1.0,,,,,,,,,,,,
EDF-Dynamic-Reservation,32000,5752,0,26248,0,0,50,8,1000,808,edf_dynamic_reservation,8000,6880,0.86,0.636001251738546,0.11432122500000365,0.09637600000000018,5752,0.11338150537239353,8000,8000,0.09438047186501276,1880,0.4410296336585112,0.11180961900011795,0.888190380999882,0.8,0.3466491617934985,0.8209571838378906,periodic,1.0,,,,,,,,,,,,
EDF-Dynamic-Reservation,32000,5848,0,26152,0,0,50,8,1000,909,edf_dynamic_reservation,8000,6920,0.865,0.6339852257182158,0.11586080000000396,0.09293400000000018,5848,0.11431669518360181,8000,8000,0.09083175538858586,1816,0.43363881572526125,0.11820532241415735,0.8817946775858426,0.808,0.3428070603366754,0.8295795917510986,periodic,1.0,,,,,,,,,,,,
EDF-Dynamic-Reservation,32000,5872,0,26128,0,0,50,8,1000,1010,edf_dynamic_reservation,8000,6840,0.855,0.6333553133515216,0.11622070000000422,0.0998180000000002,5872,0.11437741247476367,8000,8000,0.10034520465133781,1872,0.4648864521065572,0.1288261976478668,0.8711738023521332,0.799,0.36454124745521943,0.80977463722229,periodic,1.0,,,,,,,,,,,,
EDF-Dynamic-Reservation,36000,5792,0,30208,0,0,50,9,1000,101,edf_dynamic_reservation,9000,7840,0.8711111111111111,0.6346774861878679,0.10211255555555919,0.08872711111111128,5792,0.10112813902141647,9000,9000,0.08633465953255205,1888,0.4495754563026483,0.10646765332588859,0.8935323466741114,0.8202222222222222,0.36324079677009624,0.9601435661315918,periodic,1.0,,,,,,,,,,,,
EDF-Dynamic-Reservation,36000,5796,0,30204,0,0,50,9,1000,202,edf_dynamic_reservation,9000,7836,0.8706666666666667,0.6345093167702096,0.10215600000000376,0.08903306666666684,5796,0.10144324885336146,9000,9000,0.08621435884067455,1880,0.4503696533888079,0.10626556237046994,0.8937344376295301,0.8208888888888889,0.36415529454813333,0.956456184387207,periodic,1.0,,,,,,,,,,,,
EDF-Dynamic-Reservation,36000,5776,0,30224,0,0,50,9,1000,303,edf_dynamic_reservation,9000,7856,0.8728888888888889,0.6350755540166428,0.10189434444444803,0.08750328888888906,5776,0.10092899693900845,9000,9000,0.08576489005940724,1862,0.453151184121887,0.10768409141116278,0.8923159085888372,0.8215555555555556,0.36738629406247975,0.9700512886047363,periodic,1.0,,,,,,,,,,,,
EDF-Dynamic-Reservation,36000,5784,0,30216,0,0,50,9,1000,404,edf_dynamic_reservation,9000,7848,0.872,0.6351528008298978,0.10204788333333692,0.08811520000000017,5784,0.10140284608252229,9000,9000,0.08657663826053758,1872,0.454342137136829,0.1070935619670207,0.8929064380329793,0.8197777777777778,0.36776549887629145,0.9696412086486816,periodic,1.0,,,,,,,,,,,,
EDF-Dynamic-Reservation,36000,5776,0,30224,0,0,50,9,1000,505,edf_dynamic_reservation,9000,7856,0.8728888888888889,0.6355832756232905,0.10197580555555906,0.08750328888888906,5776,0.10071274590642937,9000,9000,0.08521414789307852,1874,0.44838959306943693,0.10566547147624823,0.8943345285237517,0.8211111111111111,0.3631754451763584,0.9944319725036621,periodic,1.0,,,,,,,,,,,,
EDF-Dynamic-Reservation,36000,5780,0,30220,0,0,50,9,1000,606,edf_dynamic_reservation,9000,7852,0.8724444444444445,0.6354140138408525,0.10201925000000354,0.08780924444444461,5780,0.10077108440867909,9000,9000,0.08594651798222452,1872,0.4529120295660243,0.10601560921379062,0.8939843907862094,0.8202222222222222,0.36696551158379975,0.9529469013214111,periodic,1.0,,,,,,,,,,,,
EDF-Dynamic-Reservation,36000,5776,0,30224,0,0,50,9,1000,707,edf_dynamic_reservation,9000,7856,0.8728888888888889,0.6358602146814621,0.10202023888889238,0.08750328888888906,5776,0.10084219734136711,9000,9000,0.08525673964350228,1866,0.45046661262563137,0.10641877453367118,0.8935812254663288,0.822,0.3652098729821291,0.9751756191253662,periodic,1.0,,,,,,,,,,,,
EDF-Dynamic-Reservation,36000,5788,0,30212,0,0,50,9,1000,808,edf_dynamic_reservation,9000,7844,0.8715555555555555,0.634938009675212,0.10208392222222575,0.08842115555555573,5788,0.10083217604148606,9000,9000,0.08566834317328292,1884,0.449227853278175,0.1060062034578215,0.8939937965421785,0.8191111111111111,0.36355951010489207,0.963470458984375,periodic,1.0,,,,,,,,,,,,
EDF-Dynamic-Reservation,36000,5786,0,30214,0,0,50,9,1000,909,edf_dynamic_reservation,9000,7846,0.8717777777777778,0.634653715865905,0.10200295555555908,0.08826817777777796,5786,0.10119680443302302,9000,9000,0.08562345925618196,1874,0.44718779376376083,0.1063193409479293,0.8936806590520707,0.8217777777777778,0.36156433450757886,1.0361354351043701,periodic,1.0,,,,,,,,,,,,
EDF-Dynamic-Reservation,36000,5772,0,30228,0,0,50,9,1000,1010,edf_dynamic_reservation,9000,7860,0.8733333333333333,0.6352446985447199,0.10185090000000342,0.0871973333333335,5772,0.10080022505807446,9000,9000,0.08505125494967043,1878,0.44631571014364957,0.10442937014066661,0.8955706298593333,0.8222222222222222,0.36126445519397915,0.969348669052124,periodic,1.0,,,,,,,,,,,,
EDF-Dynamic-Reservation,40000,5760,0,34240,0,0,50,10,1000,101,edf_dynamic_reservation,10000,9180,0.918,0.6378826388889071,0.09185510000000262,0.05644880000000011,5760,0.08474276547147377,10000,10000,0.07428105561075969,1880,0.43828275081710694,0.11377911286393372,0.8862208871360663,0.846,0.36400169520634723,1.1028807163238525,periodic,1.0,,,,,,,,,,,,
EDF-Dynamic-Reservation,40000,5800,0,34200,0,0,50,10,1000,202,edf_dynamic_reservation,10000,8840,0.884,0.6343413793103659,0.09197950000000306,0.07985440000000016,5800,0.09250479268652584,10000,10000,0.06949229882130556,1840,0.4037701688434516,0.0804323193168245,0.9195676806831755,0.85,0.33427787002214604,1.1084179878234863,periodic,1.0,,,,,,,,,,,,
EDF-Dynamic-Reservation,40000,5820,0,34180,0,0,50,10,1000,303,edf_dynamic_reservation,10000,8680,0.868,0.6353374570446971,0.09244160000000344,0.09086880000000018,5820,0.09238808990016086,10000,10000,0.08167010195996105,1940,0.455463488220949,0.11774694979439174,0.8822530502056083,0.838,0.37379338626098796,1.1300725936889648,periodic,1.0,,,,,,,,,,,,
EDF-Dynamic-Reservation,40000,5840,0,34160,0,0,50,10,1000,404,edf_dynamic_reservation,10000,8760,0.876,0.6354136986301602,0.09277040000000339,0.08536160000000016,5840,0.09272851880742362,10000,10000,0.08281083632506972,1880,0.46869219171088033,0.1152051701727927,0.8847948298272073,0.834,0.3858813553858106,1.140333890914917,periodic,1.0,,,,,,,,,,,,
EDF-Dynamic-Reservation,40000,5640,0,34360,0,0,50,10,1000,505,edf_dynamic_reservation,10000,8740,0.874,0.6365177304964778,0.08974900000000337,0.08673840000000017,5640,0.09238856130464151,10000,10000,0.070423264192724,1920,0.4163699183061299,0.08991529956476445,0.9100847004352356,0.84,0.3459466541134059,1.1036436557769775,periodic,1.0,,,,,,,,,,,,
EDF-Dynamic-Reservation,40000,5760,0,34240,0,0,50,10,1000,606,edf_dynamic_reservation,10000,8900,0.89,0.636031250000021,0.09158850000000303,0.07572400000000015,5760,0.08913288371640811,10000,10000,0.07553829569397848,1780,0.4769427494935176,0.09242666388395498,0.907573336116045,0.84,0.40140445379953915,1.0978212356567383,periodic,1.0,,,,,,,,,,,,
EDF-Dynamic-Reservation,40000,5880,0,34120,0,0,50,10,1000,707,edf_dynamic_reservation,10000,8700,0.87,0.6360180272109072,0.09349465000000336,0.08949200000000018,5880,0.09319806689494906,10000,10000,0.0822455863224011,1940,0.4742163230871261,0.08700078824264751,0.9129992117573524,0.836,0.391970736764725,1.1336779594421387,periodic,1.0,,,,,,,,,,,,
EDF-Dynamic-Reservation,40000,5880,0,34120,0,0,50,10,1000,808,edf_dynamic_reservation,10000,8820,0.882,0.6342044217687317,0.09322805000000356,0.08123120000000016,5880,0.0917519407481441,10000,10000,0.07182127823649899,1900,0.42273345046293503,0.07378727636407068,0.9262127236359293,0.842,0.35091217222643606,1.102034568786621,periodic,1.0,,,,,,,,,,,,
EDF-Dynamic-Reservation,40000,5780,0,34220,0,0,50,10,1000,909,edf_dynamic_reservation,10000,8960,0.896,0.6347221453287389,0.09171735000000278,0.07159360000000015,5780,0.0894281786618828,10000,10000,0.0802450165174265,1880,0.4571572251902896,0.11214262122702913,0.8878573787729709,0.842,0.3769122086728631,1.1805002689361572,periodic,1.0,,,,,,,,,,,,
EDF-Dynamic-Reservation,40000,5900,0,34100,0,0,50,10,1000,1010,edf_dynamic_reservation,10000,8740,0.874,0.6333800000000255,0.09342355000000375,0.08673840000000017,5900,0.09351302300745941,10000,10000,0.08245154011074357,1920,0.47310169163673466,0.10420158965701677,0.8957984103429832,0.826,0.3906501515259911,1.2040154933929443,periodic,1.0,,,,,,,,,,,,
EDF-Dynamic-Reservation,16000,8352,0,7648,0,0,60,4,1000,101,edf_dynamic_reservation,4000,2176,0.544,0.6144179118774041,0.320726150000005,0.3139104000000006,8352,0.318057297248132,4000,4000,0.23783920367323733,2304,0.42759605475106666,0.3439646767063541,0.6560353232936459,0.492,0.18975685107782933,0.4390697479248047,periodic,1.0,,,,,,,,,,,,
EDF-Dynamic-Reservation,16000,8448,0,7552,0,0,60,4,1000,202,edf_dynamic_reservation,4000,2152,0.538,0.6132406250000079,0.32379105000000413,0.3180408000000006,8448,0.32330369908591944,4000,4000,0.2420197533260995,2376,0.4211658309911326,0.34494793996497375,0.6550520600350263,0.476,0.17914607766503307,0.4550614356994629,periodic,1.0,,,,,,,,,,,,
EDF-Dynamic-Reservation,16000,8376,0,7624,0,0,60,4,1000,303,edf_dynamic_reservation,4000,2176,0.544,0.6136037249283749,0.32122155000000424,0.3139104000000006,8376,0.32058225262705137,4000,4000,0.2322213704680849,2312,0.419029491355487,0.34497011263800326,0.6550298873619967,0.49,0.18680812088740212,0.41280531883239746,periodic,1.0,,,,,,,,,,,,
EDF-Dynamic-Reservation,16000,8456,0,7544,0,0,60,4,1000,404,edf_dynamic_reservation,4000,2120,0.53,0.6131214758751272,0.3240347000000048,0.3235480000000006,8456,0.3244861917526028,4000,4000,0.2514021469232643,2352,0.44850145108008294,0.36765737301961554,0.6323426269803845,0.468,0.19709930415681864,0.4056851863861084,periodic,1.0,,,,,,,,,,,,
EDF-Dynamic-Reservation,16000,8496,0,7504,0,0,60,4,1000,505,edf_dynamic_reservation,4000,2136,0.534,0.6126586629001983,0.3253217500000053,0.32079440000000065,8496,0.32316892158844523,4000,4000,0.2475483292060853,2408,0.42957141514562835,0.35402521799487985,0.6459747820051202,0.484,0.18202308593954306,0.4118032455444336,periodic,1.0,,,,,,,,,,,,
EDF-Dynamic-Reservation,16000,8408,0,7592,0,0,60,4,1000,606,edf_dynamic_reservation,4000,2176,0.544,0.6136556612749868,0.32247605000000557,0.3139104000000006,8408,0.32154396757910864,4000,4000,0.24714125227649644,2320,0.4460329364337575,0.3894991869058249,0.6105008130941751,0.48,0.19889168415726108,0.41774439811706543,periodic,1.0,,,,,,,,,,,,
EDF-Dynamic-Reservation,16000,8496,0,7504,0,0,60,4,1000,707,edf_dynamic_reservation,4000,2104,0.526,0.6124794726930409,0.32522660000000475,0.32630160000000064,8496,0.3250825933306344,4000,4000,0.2428478303849529,2320,0.4393302989986748,0.3492973282093852,0.6507026717906148,0.476,0.19648246861372193,0.42749452590942383,periodic,1.0,,,,,,,,,,,,
EDF-Dynamic-Reservation,16000,8320,0,7680,0,0,60,4,1000,808,edf_dynamic_reservation,4000,2216,0.554,0.6146685576923187,0.3196276500000057,0.3070264000000006,8320,0.3143260964712752,4000,4000,0.2359902087987672,2264,0.4323584330041798,0.33106529143341057,0.6689347085665894,0.502,0.1963682242054126,0.42423033714294434,periodic,1.0,,,,,,,,,,,,
EDF-Dynamic-Reservation,16000,8416,0,7584,0,0,60,4,1000,909,edf_dynamic_reservation,4000,2136,0.534,0.6133403992395529,0.3226170500000048,0.32079440000000065,8416,0.32237941932668057,4000,4000,0.23263497889964685,2336,0.41207694005378875,0.3404514207861474,0.6595485792138527,0.5,0.1794419611541419,0.41246485710144043,periodic,1.0,,,,,,,,,,,,
EDF-Dynamic-Reservation,16000,8448,0,7552,0,0,60,4,1000,1010,edf_dynamic_reservation,4000,2088,0.522,0.6130421401515247,0.323686250000005,0.32905520000000066,8448,0.32484284266457775,4000,4000,0.2417934565018479,2312,0.42690184914822543,0.35202984227481404,0.647970157725186,0.496,0.18510839264637755,0.4500002861022949,periodic,1.0,,,,,,,,,,,,
EDF-Dynamic-Reservation,20000,8380,0,11620,0,0,60,5,1000,101,edf_dynamic_reservation,5000,3190,0.638,0.6137577565632546,0.2571645000000037,0.24920080000000047,8380,0.25582922457340496,5000,5000,0.18831801137733245,2290,0.4241843502499423,0.26654264806503036,0.7334573519349696,0.604,0.23586633887260983,0.5714626312255859,periodic,1.0,,,,,,,,,,,,
EDF-Dynamic-Reservation,20000,8380,0,11620,0,0,60,5,1000,202,edf_dynamic_reservation,5000,3130,0.626,0.6134989260143292,0.2570560500000039,0.2574616000000005,8380,0.2572870044212166,5000,5000,0.1874694047194232,2270,0.4258571528903154,0.22322153113269966,0.7767784688673003,0.596,0.2383877481708922,0.6303985118865967,periodic,1.0,,,,,,,,,,,,
EDF-Dynamic-Reservation,20000,8490,0,11510,0,0,60,5,1000,303,edf_dynamic_reservation,5000,3110,0.622,0.6127702002355803,0.2601209500000038,0.2602152000000005,8490,0.25905800066723483,5000,5000,0.19644553585338353,2310,0.4404148765997435,0.30910428912638105,0.6908957108736189,0.59,0.24396934074635995,0.6035213470458984,periodic,1.0,,,,,,,,,,,,
EDF-Dynamic-Reservation,20000,8450,0,11550,0,0,60,5,1000,404,edf_dynamic_reservation,5000,3120,0.624,0.6132172781065184,0.25908430000000404,0.2588384000000005,8450,0.2588667371718319,5000,5000,0.19858494320812126,2260,0.45299463113383176,0.2947476894055259,0.7052523105944741,0.59,0.2544096879257105,0.5429151058197021,periodic,1.0,,,,,,,,,,,,
EDF-Dynamic-Reservation,20000,8520,0,11480,0,0,60,5,1000,505,edf_dynamic_reservation,5000,3130,0.626,0.6127444835680828,0.26102915000000326,0.2574616000000005,8520,0.2595298203951831,5000,5000,0.18941631464207764,2340,0.41661052036494806,0.3064921174498854,0.6935078825501146,0.594,0.2271942057228704,0.5840787887573242,periodic,1.0,,,,,,,,,,,,
EDF-Dynamic-Reservation,20000,8440,0,11560,0,0,60,5,1000,606,edf_dynamic_reservation,5000,3130,0.626,0.6132883886256024,0.2588077000000042,0.2574616000000005,8440,0.25582812597283267,5000,5000,0.18981325762957293,2370,0.4150499919808458,0.23571265897250185,0.7642873410274982,0.592,0.22523673435127287,0.5392732620239258,periodic,1.0,,,,,,,,,,,,
EDF-Dynamic-Reservation,20000,8400,0,11600,0,0,60,5,1000,707,edf_dynamic_reservation,5000,3120,0.624,0.6130627380952481,0.25748635000000425,0.2588384000000005,8400,0.25711438730973063,5000,5000,0.19382223660333542,2290,0.4364222118664212,0.2539233473383849,0.7460766526616152,0.592,0.2425999752630858,0.5370991230010986,periodic,1.0,,,,,,,,,,,,
EDF-Dynamic-Reservation,20000,8440,0,11560,0,0,60,5,1000,808,edf_dynamic_reservation,5000,3120,0.624,0.6131181279620953,0.2587358500000042,0.2588384000000005,8440,0.2582882695815978,5000,5000,0.18235523456567918,2340,0.40384212041990486,0.2577185836096469,0.742281416390353,0.6,0.22148688585422568,0.5307834148406982,periodic,1.0,,,,,,,,,,,,
EDF-Dynamic-Reservation,20000,8450,0,11550,0,0,60,5,1000,909,edf_dynamic_reservation,5000,3190,0.638,0.6128990532544466,0.2589498500000037,0.24920080000000047,8450,0.2564023343173463,5000,5000,0.1914631608911327,2350,0.42816349283587096,0.2695103243466418,0.7304896756533582,0.584,0.23670033194473827,0.5615096092224121,periodic,1.0,,,,,,,,,,,,
EDF-Dynamic-Reservation,20000,8460,0,11540,0,0,60,5,1000,1010,edf_dynamic_reservation,5000,3110,0.622,0.6131768321513098,0.25937380000000404,0.2602152000000005,8460,0.2587890785967572,5000,5000,0.18469020656513527,2300,0.417647318552452,0.27950063843285855,0.7204993615671414,0.596,0.23295711198731675,0.5395486354827881,periodic,1.0,,,,,,,,,,,,
EDF-Dynamic-Reservation,24000,8352,0,15648,0,0,60,6,1000,101,edf_dynamic_reservation,6000,4176,0.696,0.6139073754789373,0.21363976666667017,0.2092736000000004,8352,0.21265929748671075,6000,6000,0.16096876547050817,2308,0.4320735834532524,0.22231860603509387,0.7776813939649061,0.6606666666666666,0.2711048179827442,0.6788938045501709,periodic,1.0,,,,,,,,,,,,
EDF-Dynamic-Reservation,24000,8456,0,15544,0,0,60,6,1000,202,edf_dynamic_reservation,6000,4156,0.6926666666666667,0.6130055818353919,0.21598230000000307,0.2115682666666671,8456,0.21493561565970717,6000,6000,0.1621649639102507,2380,0.42549423844364764,0.22528144664080293,0.774718553359197,0.652,0.26332927453339694,0.6816983222961426,periodic,1.0,,,,,,,,,,,,
EDF-Dynamic-Reservation,24000,8412,0,15588,0,0,60,6,1000,303,edf_dynamic_reservation,6000,4152,0.692,0.6133911554921637,0.2149936000000034,0.21202720000000042,8412,0.21425501946602338,6000,6000,0.1576374116290535,2312,0.4260876134232337,0.22322551507023283,0.7767744849297672,0.662,0.2684502017941802,0.6743683815002441,periodic,1.0,,,,,,,,,,,,
EDF-Dynamic-Reservation,24000,8456,0,15544,0,0,60,6,1000,404,edf_dynamic_reservation,6000,4116,0.686,0.6129820719016162,0.2159740166666695,0.21615760000000042,8456,0.21583742598524486,6000,6000,0.1626715438096306,2336,0.43476136519042485,0.22769464124408972,0.7723053587559103,0.6526666666666666,0.2720898213807943,0.6786799430847168,periodic,1.0,,,,,,,,,,,,
EDF-Dynamic-Reservation,24000,8476,0,15524,0,0,60,6,1000,505,edf_dynamic_reservation,6000,4132,0.6886666666666666,0.6129733364794808,0.2164817500000033,0.21432186666666708,8476,0.21551947950820008,6000,6000,0.1625074662770072,2352,0.43195770432192315,0.22857396494624033,0.7714260350537596,0.654,0.26945023804491597,0.700096845626831,periodic,1.0,,,,,,,,,,,,
EDF-Dynamic-Reservation,24000,8408,0,15592,0,0,60,6,1000,606,edf_dynamic_reservation,6000,4144,0.6906666666666667,0.6134505708848813,0.21491218333333678,0.21294506666666707,8408,0.21406967337566252,6000,6000,0.16067631975161306,2308,0.43526449464187167,0.22444602867781108,0.775553971322189,0.6573333333333333,0.2745881748902586,0.7022039890289307,periodic,1.0,,,,,,,,,,,,
EDF-Dynamic-Reservation,24000,8484,0,15516,0,0,60,6,1000,707,edf_dynamic_reservation,6000,4108,0.6846666666666666,0.612559877416322,0.21653991666666983,0.21707546666666708,8484,0.21668996813051036,6000,6000,0.16076041697774168,2320,0.43279358254163797,0.22763007398062096,0.772369926019379,0.6533333333333333,0.2720331655638963,0.6831285953521729,periodic,1.0,,,,,,,,,,,,
EDF-Dynamic-Reservation,24000,8332,0,15668,0,0,60,6,1000,808,edf_dynamic_reservation,6000,4204,0.7006666666666667,0.6142739318291035,0.21325543333333707,0.20606106666666707,8332,0.21073237239798281,6000,6000,0.15895382951521458,2268,0.43519614772956744,0.2213783967772638,0.7786216032227362,0.6653333333333333,0.27624231821435286,0.6808042526245117,periodic,1.0,,,,,,,,,,,,
EDF-Dynamic-Reservation,24000,8424,0,15576,0,0,60,6,1000,909,edf_dynamic_reservation,6000,4132,0.6886666666666666,0.613089553656229,0.21519443333333638,0.21432186666666708,8424,0.2148963910632049,6000,6000,0.16222069363136457,2360,0.4272761093794595,0.22503408533313946,0.7749659146668606,0.6586666666666666,0.2650554157480949,0.6933977603912354,periodic,1.0,,,,,,,,,,,,
EDF-Dynamic-Reservation,24000,8428,0,15572,0,0,60,6,1000,1010,edf_dynamic_reservation,6000,4100,0.6833333333333333,0.6130631229235975,0.21528733333333666,0.21799333333333376,8428,0.21551834194267067,6000,6000,0.1598942069380091,2292,0.43114645699133824,0.2264145883769639,0.7735854116230361,0.6606666666666666,0.27125225005332915,0.6806867122650146,periodic,1.0,,,,,,,,,,,,
EDF-Dynamic-Reservation,28000,8444,0,19556,0,0,60,7,1000,101,edf_dynamic_reservation,7000,5138,0.734,0.6131080056845186,0.18489585714285983,0.18311440000000034,8444,0.1843014873465579,7000,7000,0.1395182377908209,2340,0.4334791729270117,0.19447152246321983,0.8055284775367801,0.7034285714285714,0.2939609351361908,0.7944285869598389,periodic,1.0,,,,,,,,,,,,
EDF-Dynamic-Reservation,28000,8440,0,19560,0,0,60,7,1000,202,edf_dynamic_reservation,7000,5134,0.7334285714285714,0.613041824644558,0.1847883214285739,0.18350777142857178,8440,0.1840385604208264,7000,7000,0.1384901805451821,2326,0.4325970250487955,0.1937695094941961,0.8062304905058039,0.7048571428571428,0.29410684450361335,0.8099069595336914,periodic,1.0,,,,,,,,,,,,
EDF-Dynamic-Reservation,28000,8446,0,19554,0,0,60,7,1000,303,edf_dynamic_reservation,7000,5140,0.7342857142857143,0.6131090457021166,0.18493996428571702,0.18291771428571463,8446,0.18414288814334337,7000,7000,0.13739357026197918,2326,0.43010919679164344,0.19363314107871316,0.8063668589212869,0.706,0.29271562652966426,0.8123445510864258,periodic,1.0,,,,,,,,,,,,
EDF-Dynamic-Reservation,28000,8454,0,19546,0,0,60,7,1000,404,edf_dynamic_reservation,7000,5132,0.7331428571428571,0.6130987461556757,0.18511202857143153,0.1837044571428575,8454,0.18460548731965704,7000,7000,0.13894793260908928,2332,0.43469198625258776,0.19418765808259225,0.8058123419174077,0.7028571428571428,0.2957440536434985,0.8443517684936523,periodic,1.0,,,,,,,,,,,,
EDF-Dynamic-Reservation,28000,8456,0,19544,0,0,60,7,1000,505,edf_dynamic_reservation,7000,5144,0.7348571428571429,0.6131560075685991,0.18517311428571692,0.18252434285714322,8456,0.18429077268982938,7000,7000,0.13861070763802283,2344,0.43004993665342883,0.19497425220422923,0.8050257477957707,0.7042857142857143,0.291439229015406,0.8223469257354736,periodic,1.0,,,,,,,,,,,,
EDF-Dynamic-Reservation,28000,8432,0,19568,0,0,60,7,1000,606,edf_dynamic_reservation,7000,5148,0.7354285714285714,0.6132924098671827,0.1846886285714316,0.1821309714285718,8432,0.18371252813785466,7000,7000,0.137832851841366,2320,0.4326712420769553,0.19218902063632934,0.8078109793636706,0.7057142857142857,0.2948383902355893,0.8676576614379883,periodic,1.0,,,,,,,,,,,,
EDF-Dynamic-Reservation,28000,8442,0,19558,0,0,60,7,1000,707,edf_dynamic_reservation,7000,5158,0.7368571428571429,0.6132203032456868,0.18488592142857455,0.1811475428571432,8442,0.18384383726595296,7000,7000,0.1381906853780506,2352,0.42874080374705953,0.19317476845894754,0.8068252315410525,0.7037142857142857,0.2905501183690089,0.9152088165283203,periodic,1.0,,,,,,,,,,,,
EDF-Dynamic-Reservation,28000,8440,0,19560,0,0,60,7,1000,808,edf_dynamic_reservation,7000,5152,0.736,0.6130899289099623,0.18480282142857432,0.18173760000000036,8440,0.18366853653706813,7000,7000,0.1377814943305237,2320,0.43286574967385066,0.19282287883557364,0.8071771211644263,0.7071428571428572,0.29508425534332694,0.8537082672119141,periodic,1.0,,,,,,,,,,,,
EDF-Dynamic-Reservation,28000,8448,0,19552,0,0,60,7,1000,909,edf_dynamic_reservation,7000,5142,0.7345714285714285,0.6129429214015241,0.1849336357142884,0.1827210285714289,8448,0.1842078820412179,7000,7000,0.1392913608883852,2350,0.4309530025348909,0.19475934330594932,0.8052406566940506,0.7042857142857143,0.29166164164650565,0.9023022651672363,periodic,1.0,,,,,,,,,,,,
EDF-Dynamic-Reservation,28000,8442,0,19558,0,0,60,7,1000,1010,edf_dynamic_reservation,7000,5140,0.7342857142857143,0.6131753139066669,0.18487235714286007,0.18291771428571463,8442,0.18429428702467535,7000,7000,0.1387816286683704,2330,0.4320741153206548,0.19428574537220222,0.8057142546277978,0.706,0.2932924866522844,0.8182964324951172,periodic,1.0,,,,,,,,,,,,
EDF-Dynamic-Reservation,32000,8352,0,23648,0,0,60,8,1000,101,edf_dynamic_reservation,8000,6176,0.772,0.6144179118774037,0.16036307500000238,0.1569552000000003,8352,0.15902864862406543,8000,8000,0.11891960183661866,2304,0.4275960547510668,0.17198233835317706,0.8280176616468229,0.746,0.3086764529144482,0.9470510482788086,periodic,1.0,,,,,,,,,,,,
EDF-Dynamic-Reservation,32000,8448,0,23552,0,0,60,8,1000,202,edf_dynamic_reservation,8000,6152,0.769,0.6132406250000082,0.16189552500000215,0.1590204000000003,8448,0.16165184954295936,8000,8000,0.12100987666304969,2376,0.4211658309911326,0.17247396998248687,0.8275260300175131,0.738,0.3001559543280829,0.9648311138153076,periodic,1.0,,,,,,,,,,,,
EDF-Dynamic-Reservation,32000,8376,0,23624,0,0,60,8,1000,303,edf_dynamic_reservation,8000,6176,0.772,0.6136037249283752,0.1606107750000022,0.1569552000000003,8376,0.1602911263135252,8000,8000,0.11611068523404235,2312,0.41902949135548634,0.17248505631900163,0.8275149436809983,0.745,0.302918806121444,0.9634261131286621,periodic,1.0,,,,,,,,,,,,
EDF-Dynamic-Reservation,32000,8456,0,23544,0,0,60,8,1000,404,edf_dynamic_reservation,8000,6120,0.765,0.6131214758751269,0.16201735000000228,0.1617740000000003,8456,0.16224309587630076,8000,8000,0.12570107346163212,2352,0.44850145108008316,0.18382868650980777,0.8161713134901922,0.734,0.32280037761845104,0.9492032527923584,periodic,1.0,,,,,,,,,,,,
EDF-Dynamic-Reservation,32000,8496,0,23504,0,0,60,8,1000,505,edf_dynamic_reservation,8000,6136,0.767,0.612658662900198,0.16266087500000256,0.16039720000000032,8496,0.16158446079422192,8000,8000,0.12377416460304279,2408,0.4295714151456281,0.17701260899743992,0.82298739100256,0.742,0.3057972505425853,0.9717516899108887,periodic,1.0,,,,,,,,,,,,
EDF-Dynamic-Reservation,32000,8408,0,23592,0,0,60,8,1000,606,edf_dynamic_reservation,8000,6176,0.772,0.613655661274987,0.16123802500000284,0.1569552000000003,8408,0.16077198378955415,8000,8000,0.12357062613824824,2320,0.4460329364337575,0.19474959345291246,0.8052504065470876,0.74,0.3224623102955093,0.9502997398376465,periodic,1.0,,,,,,,,,,,,
EDF-Dynamic-Reservation,32000,8496,0,23504,0,0,60,8,1000,707,edf_dynamic_reservation,8000,6104,0.763,0.6124794726930411,0.16261330000000243,0.16315080000000032,8496,0.16254129666531705,8000,8000,0.12142391519247651,2320,0.4393302989986749,0.1746486641046926,0.8253513358953074,0.738,0.31790638380619834,0.976431131362915,periodic,1.0,,,,,,,,,,,,
EDF-Dynamic-Reservation,32000,8320,0,23680,0,0,60,8,1000,808,edf_dynamic_reservation,8000,6216,0.777,0.6146685576923182,0.15981382500000274,0.1535132000000003,8320,0.15716304823563643,8000,8000,0.11799510439938372,2264,0.4323584330041802,0.16553264571670528,0.8344673542832948,0.751,0.3143633286047965,0.9576818943023682,periodic,1.0,,,,,,,,,,,,
EDF-Dynamic-Reservation,32000,8416,0,23584,0,0,60,8,1000,909,edf_dynamic_reservation,8000,6136,0.767,0.6133403992395527,0.16130852500000237,0.16039720000000032,8416,0.16118970966333981,8000,8000,0.11631748944982338,2336,0.41207694005378886,0.1702257103930737,0.8297742896069263,0.75,0.29575945060396547,0.9568130970001221,periodic,1.0,,,,,,,,,,,,
EDF-Dynamic-Reservation,32000,8448,0,23552,0,0,60,8,1000,1010,edf_dynamic_reservation,8000,6088,0.761,0.6130421401515237,0.16184312500000225,0.16452760000000033,8448,0.16242142133228787,8000,8000,0.12089672825092387,2312,0.4269018491482254,0.17601492113740702,0.823985078862593,0.748,0.3060051208973015,1.0709288120269775,periodic,1.0,,,,,,,,,,,,
EDF-Dynamic-Reservation,36000,8444,0,27556,0,0,60,9,1000,101,edf_dynamic_reservation,9000,7138,0.7931111111111111,0.6131080056845184,0.14380788888889093,0.1424223111111114,8444,0.1433456012695444,9000,9000,0.1085141849484163,2340,0.4334791729270118,0.1512556285825043,0.8487443714174957,0.7693333333333333,0.3249649879785955,1.1386470794677734,periodic,1.0,,,,,,,,,,,,
EDF-Dynamic-Reservation,36000,8440,0,27560,0,0,60,9,1000,202,edf_dynamic_reservation,9000,7134,0.7926666666666666,0.6130418246445585,0.14372425000000205,0.14272826666666694,8440,0.14314110254953127,9000,9000,0.10771458486847486,2326,0.43259702504879505,0.15070961849548586,0.8492903815045141,0.7704444444444445,0.3248824401803202,1.1210086345672607,periodic,1.0,,,,,,,,,,,,
EDF-Dynamic-Reservation,36000,8446,0,27554,0,0,60,9,1000,303,edf_dynamic_reservation,9000,7140,0.7933333333333333,0.6131090457021175,0.14384219444444682,0.1422693333333336,8446,0.1432222463337113,9000,9000,0.10686166575931716,2326,0.43010919679164344,0.15060355417233245,0.8493964458276675,0.7713333333333333,0.3232475310323263,1.146575689315796,periodic,1.0,,,,,,,,,,,,
EDF-Dynamic-Reservation,36000,8454,0,27546,0,0,60,9,1000,404,edf_dynamic_reservation,9000,7132,0.7924444444444444,0.6130987461556756,0.1439760222222245,0.14288124444444472,8454,0.143582045693066,9000,9000,0.10807061425151396,2332,0.4346919862525881,0.15103484517534954,0.8489651548246504,0.7688888888888888,0.3266213720010741,1.1227996349334717,periodic,1.0,,,,,,,,,,,,
EDF-Dynamic-Reservation,36000,8456,0,27544,0,0,60,9,1000,505,edf_dynamic_reservation,9000,7144,0.7937777777777778,0.613156007568599,0.14402353333333537,0.14196337777777807,8456,0.14333726764764518,9000,9000,0.10780832816290668,2344,0.4300499366534292,0.1516466406032894,0.8483533593967106,0.77,0.3222416084905225,1.137972354888916,periodic,1.0,,,,,,,,,,,,
EDF-Dynamic-Reservation,36000,8432,0,27568,0,0,60,9,1000,606,edf_dynamic_reservation,9000,7148,0.7942222222222223,0.6132924098671836,0.14364671111111366,0.1416574222222225,8432,0.1428875218849977,9000,9000,0.1072033292099512,2320,0.43267124207695506,0.14948034938381172,0.8505196506161883,0.7711111111111111,0.3254679128670039,1.0907607078552246,periodic,1.0,,,,,,,,,,,,
EDF-Dynamic-Reservation,36000,8442,0,27558,0,0,60,9,1000,707,edf_dynamic_reservation,9000,7158,0.7953333333333333,0.613220303245686,0.14380016111111335,0.1408925333333336,8442,0.14298965120685178,9000,9000,0.10748164418292835,2352,0.4287408037470601,0.15024704213473697,0.8497529578652631,0.7695555555555555,0.32125915956413176,1.1030118465423584,periodic,1.0,,,,,,,,,,,,
EDF-Dynamic-Reservation,36000,8440,0,27560,0,0,60,9,1000,808,edf_dynamic_reservation,9000,7152,0.7946666666666666,0.6130899289099624,0.14373552777778006,0.14135146666666695,8440,0.14285330619549813,9000,9000,0.1071633844792962,2320,0.43286574967385105,0.14997335020544617,0.8500266497945539,0.7722222222222223,0.32570236519455487,1.1248948574066162,periodic,1.0,,,,,,,,,,,,
EDF-Dynamic-Reservation,36000,8448,0,27552,0,0,60,9,1000,909,edf_dynamic_reservation,9000,7142,0.7935555555555556,0.6129429214015231,0.1438372722222241,0.14211635555555582,8448,0.1432727971431685,9000,9000,0.10833772513541073,2350,0.430953002534891,0.1514794892379606,0.8485205107620394,0.77,0.32261527739948026,1.1315655708312988,periodic,1.0,,,,,,,,,,,,
EDF-Dynamic-Reservation,36000,8442,0,27558,0,0,60,9,1000,1010,edf_dynamic_reservation,9000,7140,0.7933333333333333,0.6131753139066657,0.1437896111111131,0.1422693333333336,8442,0.14334000101919214,9000,9000,0.10794126674206586,2330,0.4320741153206543,0.15111113528949063,0.8488888647105094,0.7713333333333333,0.3241328485785885,1.1530797481536865,periodic,1.0,,,,,,,,,,,,
EDF-Dynamic-Reservation,40000,8240,0,31760,0,0,60,10,1000,101,edf_dynamic_reservation,10000,8300,0.83,0.6156512135922447,0.1268241500000024,0.11702800000000023,8240,0.12504932929925366,10000,10000,0.09249804386278146,2280,0.4191964081565245,0.15390720002743147,0.8460927999725685,0.802,0.326698364293743,1.2985906600952148,periodic,1.0,,,,,,,,,,,,
EDF-Dynamic-Reservation,40000,8340,0,31660,0,0,60,10,1000,202,edf_dynamic_reservation,10000,8180,0.818,0.6146815347721919,0.128161100000002,0.12528880000000026,8340,0.12765821505532146,10000,10000,0.088183467952689,2340,0.38769606681650887,0.10381402122361669,0.8961859787763833,0.8,0.29951259886381987,1.2926840782165527,periodic,1.0,,,,,,,,,,,,
EDF-Dynamic-Reservation,40000,8500,0,31500,0,0,60,10,1000,303,edf_dynamic_reservation,10000,8080,0.808,0.6124327058823624,0.13014195000000203,0.13217280000000026,8500,0.13079574363409455,10000,10000,0.09810031507032511,2240,0.45598692945496655,0.15065729611588347,0.8493427038841166,0.798,0.3578866143846414,1.2720613479614258,periodic,1.0,,,,,,,,,,,,
EDF-Dynamic-Reservation,40000,8560,0,31440,0,0,60,10,1000,404,edf_dynamic_reservation,10000,8060,0.806,0.6117420560747742,0.1309128000000017,0.13354960000000027,8560,0.13114846954892145,10000,10000,0.10094225383793169,2340,0.44721864943284106,0.14713225323566476,0.8528677467643353,0.788,0.34627639559490936,1.3017628192901611,periodic,1.0,,,,,,,,,,,,
EDF-Dynamic-Reservation,40000,8540,0,31460,0,0,60,10,1000,505,edf_dynamic_reservation,10000,8140,0.814,0.6125035128805704,0.13076950000000176,0.12804240000000025,8540,0.13034280180039776,10000,10000,0.09786024476978003,2380,0.42855354597736284,0.15867498413912043,0.8413250158608796,0.792,0.3306933012075828,1.2961342334747314,periodic,1.0,,,,,,,,,,,,
EDF-Dynamic-Reservation,40000,8440,0,31560,0,0,60,10,1000,606,edf_dynamic_reservation,10000,8140,0.814,0.6132016587677831,0.12938555000000224,0.12804240000000025,8440,0.12701999938519667,10000,10000,0.09718391003558631,2400,0.42166043662867997,0.14060549201449946,0.8593945079855005,0.796,0.3244765265930937,1.342766523361206,periodic,1.0,,,,,,,,,,,,
EDF-Dynamic-Reservation,40000,8400,0,31600,0,0,60,10,1000,707,edf_dynamic_reservation,10000,8080,0.808,0.6128600000000111,0.12870060000000233,0.13217280000000026,8400,0.12986118240616557,10000,10000,0.09848442942629027,2260,0.44974429507558294,0.12907149829818554,0.8709285017018145,0.792,0.3512598656492927,1.2888567447662354,periodic,1.0,,,,,,,,,,,,
EDF-Dynamic-Reservation,40000,8360,0,31640,0,0,60,10,1000,808,edf_dynamic_reservation,10000,8160,0.816,0.6143270334928338,0.12839435000000227,0.12666560000000024,8360,0.1278638849611899,10000,10000,0.09087101817298046,2320,0.4047811954187021,0.12169574625098427,0.8783042537490158,0.808,0.3139101772457217,1.28802490234375,periodic,1.0,,,,,,,,,,,,
EDF-Dynamic-Reservation,40000,8480,0,31520,0,0,60,10,1000,909,edf_dynamic_reservation,10000,8140,0.814,0.6121917452830268,0.12978465000000167,0.12804240000000025,8480,0.12821684160926436,10000,10000,0.10233549335479536,2360,0.4523464316069954,0.1496942272992423,0.8503057727007577,0.788,0.35001093825220003,1.2656097412109375,periodic,1.0,,,,,,,,,,,,
EDF-Dynamic-Reservation,40000,8440,0,31560,0,0,60,10,1000,1010,edf_dynamic_reservation,10000,8100,0.81,0.6130838862559341,0.1293607000000021,0.13079600000000025,8440,0.1285152220519599,10000,10000,0.0916395527162092,2200,0.4262734109005102,0.14190164548434556,0.8580983545156544,0.8,0.33463385818430097,1.2723193168640137,periodic,1.0,,,,,,,,,,,,
EDF-Dynamic-Reservation,16000,9424,0,6576,0,0,70,4,1000,101,edf_dynamic_reservation,4000,1976,0.494,0.6178253820033748,0.36389914999998774,0.3483304000000007,9424,0.36187816059963424,4000,4000,0.28689579008578825,2712,0.44949896315459703,0.41314218016393106,0.586857819836069,0.392,0.16260317306880878,0.4390256404876709,periodic,1.0,,,,,,,,,,,,
EDF-Dynamic-Reservation,16000,9536,0,6464,0,0,70,4,1000,202,edf_dynamic_reservation,4000,1976,0.494,0.6166739093959513,0.367537649999987,0.3483304000000007,9536,0.36370126937449915,4000,4000,0.2891444779524583,2800,0.4418779112228178,0.39805132701799556,0.6019486729820045,0.372,0.1527334332703595,0.5257847309112549,periodic,1.0,,,,,,,,,,,,
EDF-Dynamic-Reservation,16000,9448,0,6552,0,0,70,4,1000,303,edf_dynamic_reservation,4000,2024,0.506,0.6175428450465497,0.3646590499999876,0.34006960000000064,9448,0.3631035582760916,4000,4000,0.27105475327088696,2648,0.4394454315756434,0.3898448003556859,0.6101551996443141,0.418,0.16839067830475646,0.46688294410705566,periodic,1.0,,,,,,,,,,,,
EDF-Dynamic-Reservation,16000,9496,0,6504,0,0,70,4,1000,404,edf_dynamic_reservation,4000,2024,0.506,0.6172947767480806,0.36636444999998585,0.34006960000000064,9496,0.36490998456235985,4000,4000,0.2986853064429087,2768,0.4534782891039192,0.4234025227886035,0.5765974772113964,0.38,0.1547929826610105,0.44258546829223633,periodic,1.0,,,,,,,,,,,,
EDF-Dynamic-Reservation,16000,9544,0,6456,0,0,70,4,1000,505,edf_dynamic_reservation,4000,2048,0.512,0.6168012573344283,0.36792194999998645,0.33593920000000066,9544,0.36435288480518413,4000,4000,0.2870907513222109,2712,0.4375699884442618,0.41305175851964354,0.5869482414803564,0.42,0.1504792371220509,0.4449334144592285,periodic,1.0,,,,,,,,,,,,
EDF-Dynamic-Reservation,16000,9504,0,6496,0,0,70,4,1000,606,edf_dynamic_reservation,4000,2024,0.506,0.6174149831649611,0.3667444999999869,0.34006960000000064,9504,0.3655305650161225,4000,4000,0.2921887197020999,2752,0.4477297407935173,0.43097321302061786,0.5690267869793821,0.394,0.15554102109141738,0.43226051330566406,periodic,1.0,,,,,,,,,,,,
EDF-Dynamic-Reservation,16000,9592,0,6408,0,0,70,4,1000,707,edf_dynamic_reservation,4000,1960,0.49,0.6165407839866316,0.3696161999999857,0.3510840000000007,9592,0.3689821176521805,4000,4000,0.29234085375590935,2728,0.4536479942935742,0.41647212000674905,0.583527879993251,0.38,0.16130714053766487,0.45575642585754395,periodic,1.0,,,,,,,,,,,,
EDF-Dynamic-Reservation,16000,9448,0,6552,0,0,70,4,1000,808,edf_dynamic_reservation,4000,2032,0.508,0.6177744284504435,0.3647957999999869,0.3386928000000007,9448,0.36216864981719143,4000,4000,0.2837146237597832,2704,0.4402228391854716,0.38862942465375394,0.6113705753462461,0.4,0.15650821542568844,0.4431591033935547,periodic,1.0,,,,,,,,,,,,
EDF-Dynamic-Reservation,16000,9384,0,6616,0,0,70,4,1000,909,edf_dynamic_reservation,4000,1984,0.496,0.6181176470588041,0.3625259999999886,0.3469536000000007,9384,0.36201675221450336,4000,4000,0.28017622336758796,2808,0.42289130420646376,0.3811734718226951,0.6188265281773049,0.4,0.1427150808388758,0.4451181888580322,periodic,1.0,,,,,,,,,,,,
EDF-Dynamic-Reservation,16000,9432,0,6568,0,0,70,4,1000,1010,edf_dynamic_reservation,4000,1896,0.474,0.6174735368956543,0.36400064999998827,0.3620984000000007,9432,0.3682814253170554,4000,4000,0.28621163441670394,2696,0.443968712245674,0.39642464411005196,0.603575355889948,0.4,0.15775707782897008,0.426999568939209,periodic,1.0,,,,,,,,,,,,
EDF-Dynamic-Reservation,20000,9490,0,10510,0,0,70,5,1000,101,edf_dynamic_reservation,5000,3010,0.602,0.6171385669125168,0.2928322499999892,0.27398320000000054,9490,0.2894606272640671,5000,5000,0.22461741094970547,2700,0.4391537140971721,0.32006616193749926,0.6799338380625007,0.524,0.2145363031474666,0.624896764755249,periodic,1.0,,,,,,,,,,,,
EDF-Dynamic-Reservation,20000,9420,0,10580,0,0,70,5,1000,202,edf_dynamic_reservation,5000,2960,0.592,0.6181041401273673,0.29112704999998995,0.28086720000000054,9420,0.29075743233594165,5000,5000,0.22148587912505355,2750,0.4258277258186,0.26455798776315725,0.7354420122368428,0.518,0.20434184669354646,0.6181595325469971,periodic,1.0,,,,,,,,,,,,
EDF-Dynamic-Reservation,20000,9680,0,10320,0,0,70,5,1000,303,edf_dynamic_reservation,5000,3040,0.608,0.6156411157024545,0.297970299999988,0.2698528000000005,9680,0.2959184105830156,5000,5000,0.23796716755510425,2770,0.4526640958438382,0.34316472952512317,0.6568352704748768,0.508,0.21469692828873396,0.6007204055786133,periodic,1.0,,,,,,,,,,,,
EDF-Dynamic-Reservation,20000,9560,0,10440,0,0,70,5,1000,404,edf_dynamic_reservation,5000,2990,0.598,0.6167787656903544,0.2948202499999894,0.27673680000000056,9560,0.2912020260301399,5000,5000,0.2369611935200277,2740,0.45558230645398123,0.3264238668301015,0.6735761331698985,0.512,0.21862111293395353,0.5836749076843262,periodic,1.0,,,,,,,,,,,,
EDF-Dynamic-Reservation,20000,9570,0,10430,0,0,70,5,1000,505,edf_dynamic_reservation,5000,2990,0.598,0.6167714733542089,0.29512514999998896,0.27673680000000056,9570,0.2939602111421362,5000,5000,0.23541783212294526,2800,0.44147729525470075,0.35147536059648943,0.6485246394035106,0.504,0.2060594631317555,0.5819485187530518,periodic,1.0,,,,,,,,,,,,
EDF-Dynamic-Reservation,20000,9470,0,10530,0,0,70,5,1000,606,edf_dynamic_reservation,5000,3020,0.604,0.6175258711721019,0.29239849999999024,0.2726064000000005,9470,0.28790949700122365,5000,5000,0.22197405615692056,2780,0.42309230704022965,0.2780303182042344,0.7219696817957656,0.52,0.2011182508833091,0.5736138820648193,periodic,1.0,,,,,,,,,,,,
EDF-Dynamic-Reservation,20000,9640,0,10360,0,0,70,5,1000,707,edf_dynamic_reservation,5000,2980,0.596,0.6156548755186498,0.29674564999998926,0.2781136000000005,9640,0.2946135664516291,5000,5000,0.2308313829195206,2690,0.4483066085948848,0.3041845933552373,0.6958154066447627,0.512,0.2174752256753642,0.5929262638092041,periodic,1.0,,,,,,,,,,,,
EDF-Dynamic-Reservation,20000,9600,0,10400,0,0,70,5,1000,808,edf_dynamic_reservation,5000,2910,0.582,0.616074791666646,0.2957158999999901,0.28775120000000054,9600,0.2967427422005401,5000,5000,0.2237284177475125,2810,0.4221845343401454,0.31292779761641293,0.6870722023835871,0.51,0.1984561165926329,0.5969290733337402,periodic,1.0,,,,,,,,,,,,
EDF-Dynamic-Reservation,20000,9470,0,10530,0,0,70,5,1000,909,edf_dynamic_reservation,5000,3020,0.604,0.6174843717000856,0.29237884999999053,0.2726064000000005,9470,0.2902530888525395,5000,5000,0.2261893137175335,2740,0.4341470024580334,0.30242520411429197,0.697574795885708,0.514,0.20795768874049989,0.6365606784820557,periodic,1.0,,,,,,,,,,,,
EDF-Dynamic-Reservation,20000,9570,0,10430,0,0,70,5,1000,1010,edf_dynamic_reservation,5000,3010,0.602,0.6166088819226505,0.2950473499999883,0.27398320000000054,9570,0.29091779462871353,5000,5000,0.2281836116981909,2750,0.4392424483798077,0.32073851321594343,0.6792614867840565,0.506,0.2110588366816168,0.5953507423400879,periodic,1.0,,,,,,,,,,,,
EDF-Dynamic-Reservation,24000,9472,0,14528,0,0,70,6,1000,101,edf_dynamic_reservation,6000,4004,0.6673333333333333,0.6174516891891662,0.24368759999999093,0.22900773333333377,9472,0.24151453687398616,6000,6000,0.1900959796852081,2716,0.44338649067417146,0.2595552887141671,0.7404447112858329,0.5993333333333334,0.2532905109889634,0.737764835357666,periodic,1.0,,,,,,,,,,,,
EDF-Dynamic-Reservation,24000,9604,0,14396,0,0,70,6,1000,202,edf_dynamic_reservation,6000,4008,0.668,0.6162917117867328,0.2466193999999909,0.22854880000000044,9604,0.24390219202573302,6000,6000,0.19220376473333262,2804,0.4392547490556339,0.26133948826954323,0.7386605117304568,0.5853333333333334,0.24705098432230127,0.7312541007995605,periodic,1.0,,,,,,,,,,,,
EDF-Dynamic-Reservation,24000,9500,0,14500,0,0,70,6,1000,303,edf_dynamic_reservation,6000,4008,0.668,0.6169130526315579,0.2441947499999917,0.22854880000000044,9500,0.24283737269739078,6000,6000,0.18653623010894857,2688,0.44465419894128566,0.2531789280037371,0.7468210719962629,0.6026666666666667,0.25811796883233706,0.733295202255249,periodic,1.0,,,,,,,,,,,,
EDF-Dynamic-Reservation,24000,9552,0,14448,0,0,70,6,1000,404,edf_dynamic_reservation,6000,3976,0.6626666666666666,0.616838316582891,0.2455016499999906,0.23222026666666712,9552,0.24487872534236366,6000,6000,0.19556976148146707,2772,0.44390322900013357,0.26746461363650165,0.7325353863634984,0.5886666666666667,0.2483334675186665,0.7927665710449219,periodic,1.0,,,,,,,,,,,,
EDF-Dynamic-Reservation,24000,9564,0,14436,0,0,70,6,1000,505,edf_dynamic_reservation,6000,4004,0.6673333333333333,0.6164727728983467,0.24566439999999112,0.22900773333333377,9564,0.2436144852860421,6000,6000,0.19384714587587443,2744,0.44376129450315344,0.2696560815094936,0.7303439184905064,0.596,0.249914148627279,0.7322988510131836,periodic,1.0,,,,,,,,,,,,
EDF-Dynamic-Reservation,24000,9540,0,14460,0,0,70,6,1000,606,edf_dynamic_reservation,6000,3968,0.6613333333333333,0.6167906079664355,0.2451742666666581,0.23313813333333377,9540,0.24453884431119444,6000,6000,0.1935432007847335,2776,0.443217321007391,0.262811127318868,0.737188872681132,0.5926666666666667,0.24967412022265748,0.7687351703643799,periodic,1.0,,,,,,,,,,,,
EDF-Dynamic-Reservation,24000,9552,0,14448,0,0,70,6,1000,707,edf_dynamic_reservation,6000,3984,0.664,0.6167402428810489,0.24546261666665745,0.23130240000000046,9552,0.2444172252003279,6000,6000,0.19406106192681477,2744,0.4495048533642502,0.2673348196992138,0.7326651803007862,0.586,0.25544379143743545,0.7477960586547852,periodic,1.0,,,,,,,,,,,,
EDF-Dynamic-Reservation,24000,9512,0,14488,0,0,70,6,1000,808,edf_dynamic_reservation,6000,4040,0.6733333333333333,0.6172877628258804,0.24465171666665728,0.22487733333333376,9512,0.24227165853543453,6000,6000,0.1936889192562822,2744,0.4469237870121501,0.26280423098562095,0.7371957690143791,0.5893333333333334,0.2532348677558679,0.7428994178771973,periodic,1.0,,,,,,,,,,,,
EDF-Dynamic-Reservation,24000,9488,0,14512,0,0,70,6,1000,909,edf_dynamic_reservation,6000,3980,0.6633333333333333,0.6171757166947516,0.24399013333332512,0.2317613333333338,9488,0.2437699352516791,6000,6000,0.19081539058843158,2768,0.43597459258832794,0.25556599347189246,0.7444340065281075,0.5993333333333334,0.24515920199989635,0.7701871395111084,periodic,1.0,,,,,,,,,,,,
EDF-Dynamic-Reservation,24000,9520,0,14480,0,0,70,6,1000,1010,edf_dynamic_reservation,6000,3932,0.6553333333333333,0.6167249579831711,0.24463423333332454,0.2372685333333338,9520,0.24531170180727221,6000,6000,0.19186326873412732,2704,0.4473366754160189,0.25766245130357596,0.7423375486964241,0.5966666666666667,0.25547340668189156,0.7373738288879395,periodic,1.0,,,,,,,,,,,,
EDF-Dynamic-Reservation,28000,9562,0,18438,0,0,70,7,1000,101,edf_dynamic_reservation,7000,4988,0.7125714285714285,0.6166006902321461,0.2105691357142779,0.19786582857142895,9562,0.20952378899419583,7000,7000,0.16548039405041806,2760,0.44349360028916723,0.2222304609265396,0.7777695390734604,0.6488571428571429,0.27801320623874914,0.9743101596832275,periodic,1.0,,,,,,,,,,,,
EDF-Dynamic-Reservation,28000,9560,0,18440,0,0,70,7,1000,202,edf_dynamic_reservation,7000,4990,0.7128571428571429,0.6165988912133673,0.21052447857142112,0.19766914285714324,9560,0.2087945496019744,7000,7000,0.16492397679741094,2752,0.4429287172336825,0.2250037171314703,0.7749962828685297,0.6497142857142857,0.27800474043627155,0.8914742469787598,periodic,1.0,,,,,,,,,,,,
EDF-Dynamic-Reservation,28000,9568,0,18432,0,0,70,7,1000,303,edf_dynamic_reservation,7000,4994,0.7134285714285714,0.6164052675585061,0.21063448571427806,0.1972757714285718,9568,0.20968078549675784,7000,7000,0.16506714352084073,2748,0.44393368910305636,0.22297481746020167,0.7770251825397984,0.65,0.27886654558221563,0.9214529991149902,periodic,1.0,,,,,,,,,,,,
EDF-Dynamic-Reservation,28000,9578,0,18422,0,0,70,7,1000,404,edf_dynamic_reservation,7000,4992,0.7131428571428572,0.6164954061390456,0.21088546428570643,0.19747245714285752,9578,0.2097895933058776,7000,7000,0.16568012581177036,2752,0.4432050987495049,0.22464279594133402,0.775357204058666,0.6502857142857142,0.2775249729377346,0.8740580081939697,periodic,1.0,,,,,,,,,,,,
EDF-Dynamic-Reservation,28000,9544,0,18456,0,0,70,7,1000,505,edf_dynamic_reservation,7000,5012,0.716,0.6167071039396247,0.21020902142856351,0.1955056000000004,9544,0.208876559959623,7000,7000,0.1654573090961644,2742,0.4452824167435316,0.22581878365001928,0.7741812163499807,0.6511428571428571,0.2798251076473672,0.8891875743865967,periodic,1.0,,,,,,,,,,,,
EDF-Dynamic-Reservation,28000,9560,0,18440,0,0,70,7,1000,606,edf_dynamic_reservation,7000,4996,0.7137142857142857,0.6166822175731995,0.21055292857142097,0.1970790857142861,9560,0.2092256667026294,7000,7000,0.1650761864029285,2764,0.44220292878515166,0.22309826849792927,0.7769017315020708,0.6505714285714286,0.2771267423822231,0.8908383846282959,periodic,1.0,,,,,,,,,,,,
EDF-Dynamic-Reservation,28000,9556,0,18444,0,0,70,7,1000,707,edf_dynamic_reservation,7000,5014,0.7162857142857143,0.6166833193804716,0.21046520714284953,0.19530891428571467,9556,0.20879907965788752,7000,7000,0.16521424347079397,2754,0.4434708613375127,0.22427159501484362,0.7757284049851564,0.6488571428571429,0.27825661786671874,0.9306468963623047,periodic,1.0,,,,,,,,,,,,
EDF-Dynamic-Reservation,28000,9534,0,18466,0,0,70,7,1000,808,edf_dynamic_reservation,7000,5032,0.7188571428571429,0.6169774910845177,0.21008083571427827,0.19353874285714323,9534,0.20842058018433116,7000,7000,0.16449074607896919,2748,0.44239009436619725,0.22492664854677674,0.7750733514532233,0.6508571428571429,0.27789934828722807,0.9024996757507324,periodic,1.0,,,,,,,,,,,,
EDF-Dynamic-Reservation,28000,9554,0,18446,0,0,70,7,1000,909,edf_dynamic_reservation,7000,5000,0.7142857142857143,0.616604605400858,0.2103942999999928,0.19668571428571466,9554,0.20921862636029728,7000,7000,0.1659478065051951,2760,0.44401751342190543,0.22390399729491034,0.7760960027050896,0.6508571428571429,0.2780697069167103,0.9219951629638672,periodic,1.0,,,,,,,,,,,,
EDF-Dynamic-Reservation,28000,9560,0,18440,0,0,70,7,1000,1010,edf_dynamic_reservation,7000,4994,0.7134285714285714,0.6164608995815669,0.2104773642857064,0.1972757714285718,9560,0.20949410885374195,7000,7000,0.16585937451950344,2746,0.44454907624798967,0.22518016827610482,0.7748198317238952,0.6508571428571429,0.2786897017284862,0.9002039432525635,periodic,1.0,,,,,,,,,,,,
EDF-Dynamic-Reservation,32000,9424,0,22576,0,0,70,8,1000,101,edf_dynamic_reservation,8000,5976,0.747,0.6178253820033751,0.18194957499999395,0.17416520000000035,9424,0.18093908029981617,8000,8000,0.14344789504289418,2712,0.44949896315459736,0.20657109008196553,0.7934289099180345,0.696,0.3060510681117032,1.0645434856414795,periodic,1.0,,,,,,,,,,,,
EDF-Dynamic-Reservation,32000,9536,0,22464,0,0,70,8,1000,202,edf_dynamic_reservation,8000,5976,0.747,0.6166739093959512,0.18376882499999347,0.17416520000000035,9536,0.18185063468724955,8000,8000,0.14457223897622926,2800,0.44187791122281816,0.19902566350899778,0.8009743364910022,0.686,0.2973056722465889,1.0534038543701172,periodic,1.0,,,,,,,,,,,,
EDF-Dynamic-Reservation,32000,9448,0,22552,0,0,70,8,1000,303,edf_dynamic_reservation,8000,6024,0.753,0.6175428450465497,0.1823295249999938,0.17003480000000032,9448,0.18155177913804518,8000,8000,0.1355273766354435,2648,0.43944543157564325,0.19492240017784296,0.8050775998221571,0.709,0.30391805494019974,1.0713355541229248,periodic,1.0,,,,,,,,,,,,
EDF-Dynamic-Reservation,32000,9496,0,22504,0,0,70,8,1000,404,edf_dynamic_reservation,8000,6024,0.753,0.6172947767480801,0.18318222499999276,0.17003480000000032,9496,0.18245499228117903,8000,8000,0.14934265322145437,2768,0.45347828910391896,0.21170126139430176,0.7882987386056982,0.69,0.3041356358824646,1.0560064315795898,periodic,1.0,,,,,,,,,,,,
EDF-Dynamic-Reservation,32000,9544,0,22456,0,0,70,8,1000,505,edf_dynamic_reservation,8000,6048,0.756,0.6168012573344281,0.1839609749999932,0.16796960000000033,9544,0.18217644240259157,8000,8000,0.14354537566110553,2712,0.4375699884442618,0.20652587925982177,0.7934741207401782,0.71,0.2940246127831563,1.0642671585083008,periodic,1.0,,,,,,,,,,,,
EDF-Dynamic-Reservation,32000,9504,0,22496,0,0,70,8,1000,606,edf_dynamic_reservation,8000,6024,0.753,0.6174149831649611,0.18337224999999346,0.17003480000000032,9504,0.1827652825080609,8000,8000,0.14609435985105018,2752,0.4477297407935177,0.21548660651030893,0.7845133934896911,0.697,0.3016353809424675,1.1040458679199219,periodic,1.0,,,,,,,,,,,,
EDF-Dynamic-Reservation,32000,9592,0,22408,0,0,70,8,1000,707,edf_dynamic_reservation,8000,5960,0.745,0.6165407839866317,0.18480809999999287,0.17554200000000034,9592,0.18449105882608993,8000,8000,0.14617042687795456,2728,0.45364799429357416,0.20823606000337452,0.7917639399966254,0.69,0.3074775674156196,1.0774433612823486,periodic,1.0,,,,,,,,,,,,
EDF-Dynamic-Reservation,32000,9448,0,22552,0,0,70,8,1000,808,edf_dynamic_reservation,8000,6032,0.754,0.6177744284504435,0.18239789999999345,0.16934640000000034,9448,0.18108432490859477,8000,8000,0.14185731187989145,2704,0.4402228391854713,0.19431471232687697,0.8056852876731231,0.7,0.29836552730557986,1.0842547416687012,periodic,1.0,,,,,,,,,,,,
EDF-Dynamic-Reservation,32000,9384,0,22616,0,0,70,8,1000,909,edf_dynamic_reservation,8000,5984,0.748,0.6181176470588041,0.18126299999999432,0.17347680000000035,9384,0.18100837610725123,8000,8000,0.14008811168379423,2808,0.4228913042064642,0.19058673591134756,0.8094132640886524,0.7,0.28280319252266994,1.0487658977508545,periodic,1.0,,,,,,,,,,,,
EDF-Dynamic-Reservation,32000,9432,0,22568,0,0,70,8,1000,1010,edf_dynamic_reservation,8000,5896,0.737,0.6174735368956545,0.1820003249999942,0.18104920000000035,9432,0.18414071265852722,8000,8000,0.14310581720835203,2696,0.4439687122456738,0.19821232205502598,0.801787677944974,0.7,0.3008628950373218,1.0784294605255127,periodic,1.0,,,,,,,,,,,,
EDF-Dynamic-Reservation,36000,9562,0,26438,0,0,70,9,1000,101,edf_dynamic_reservation,9000,6988,0.7764444444444445,0.6166006902321468,0.16377599444443855,0.15389564444444476,9562,0.1629629469954849,9000,9000,0.12870697315032537,2760,0.443493600289168,0.17284591405397526,0.8271540859460247,0.7268888888888889,0.31478662713884265,1.2209980487823486,periodic,1.0,,,,,,,,,,,,
EDF-Dynamic-Reservation,36000,9560,0,26440,0,0,70,9,1000,202,edf_dynamic_reservation,9000,6990,0.7766666666666666,0.6165988912133671,0.16374126111110526,0.15374266666666697,9560,0.16239576080153542,9000,9000,0.12827420417576404,2752,0.44292871723368316,0.17500289110225467,0.8249971088977454,0.7275555555555555,0.31465451305791914,1.2450296878814697,periodic,1.0,,,,,,,,,,,,
EDF-Dynamic-Reservation,36000,9568,0,26432,0,0,70,9,1000,303,edf_dynamic_reservation,9000,6994,0.7771111111111111,0.6164052675585069,0.1638268222222165,0.1534367111111114,9568,0.16308505538636747,9000,9000,0.12838555607176502,2748,0.44393368910305603,0.1734248580246013,0.8265751419753987,0.7277777777777777,0.31554813303129103,1.2260942459106445,periodic,1.0,,,,,,,,,,,,
EDF-Dynamic-Reservation,36000,9578,0,26422,0,0,70,9,1000,404,edf_dynamic_reservation,9000,6992,0.7768888888888889,0.6164954061390463,0.1640220277777718,0.1535896888888892,9578,0.16316968368234916,9000,9000,0.12886232007582157,2752,0.44320509874950514,0.17472217462103756,0.8252778253789624,0.728,0.31434277867368354,1.2597076892852783,periodic,1.0,,,,,,,,,,,,
EDF-Dynamic-Reservation,36000,9544,0,26456,0,0,70,9,1000,505,edf_dynamic_reservation,9000,7012,0.7791111111111111,0.6167071039396258,0.1634959055555497,0.15205991111111142,9544,0.1624595466352618,9000,9000,0.12868901818590583,2742,0.4452824167435319,0.17563683172779276,0.8243631682722072,0.7286666666666667,0.3165933985576261,1.2544233798980713,periodic,1.0,,,,,,,,,,,,
EDF-Dynamic-Reservation,36000,9560,0,26440,0,0,70,9,1000,606,edf_dynamic_reservation,9000,6996,0.7773333333333333,0.6166822175731989,0.1637633888888828,0.15328373333333364,9560,0.162731074102045,9000,9000,0.12839258942449966,2764,0.4422029287851503,0.17352087549838943,0.8264791245016105,0.7282222222222222,0.3138103393606506,1.244201421737671,periodic,1.0,,,,,,,,,,,,
EDF-Dynamic-Reservation,36000,9556,0,26444,0,0,70,9,1000,707,edf_dynamic_reservation,9000,7014,0.7793333333333333,0.6166833193804714,0.16369516111110513,0.15190693333333363,9556,0.16239928417835608,9000,9000,0.12849996714395065,2754,0.4434708613375117,0.1744334627893228,0.8255665372106772,0.7268888888888889,0.31497089419356106,1.242293357849121,periodic,1.0,,,,,,,,,,,,
EDF-Dynamic-Reservation,36000,9534,0,26466,0,0,70,9,1000,808,edf_dynamic_reservation,9000,7032,0.7813333333333333,0.616977491084517,0.1633962055555496,0.15053013333333362,9534,0.16210489569892414,9000,9000,0.12793724695030945,2748,0.44239009436619814,0.17494294886971526,0.8250570511302847,0.7284444444444444,0.3144528474158887,1.2258026599884033,periodic,1.0,,,,,,,,,,,,
EDF-Dynamic-Reservation,36000,9554,0,26446,0,0,70,9,1000,909,edf_dynamic_reservation,9000,7000,0.7777777777777778,0.6166046054008577,0.1636400111111054,0.15297777777777807,9554,0.16272559828023092,9000,9000,0.12907051617070742,2760,0.4440175134219061,0.17414755345159694,0.8258524465484031,0.7284444444444444,0.3149469972511987,1.2606947422027588,periodic,1.0,,,,,,,,,,,,
EDF-Dynamic-Reservation,36000,9560,0,26440,0,0,70,9,1000,1010,edf_dynamic_reservation,9000,6994,0.7771111111111111,0.6164608995815677,0.16370461666666075,0.1534367111111114,9560,0.1629398624417991,9000,9000,0.12900173573739165,2746,0.44454907624799006,0.17514013088141486,0.8248598691185851,0.7284444444444444,0.3155473405105984,1.230132818222046,periodic,1.0,,,,,,,,,,,,
EDF-Dynamic-Reservation,40000,9400,0,30600,0,0,70,10,1000,101,edf_dynamic_reservation,10000,8060,0.806,0.6180438297872122,0.14524029999999485,0.13354960000000027,9400,0.14158315313330017,10000,10000,0.11098758503787493,2660,0.43706740457347587,0.19107296861841416,0.8089270313815858,0.766,0.32607981953560095,1.4059491157531738,periodic,1.0,,,,,,,,,,,,
EDF-Dynamic-Reservation,40000,9480,0,30520,0,0,70,10,1000,202,edf_dynamic_reservation,10000,7960,0.796,0.6177827004219201,0.14641449999999506,0.14043360000000027,9480,0.14547085055205197,10000,10000,0.10415375359008779,2840,0.3862941373445149,0.12481071831959822,0.8751892816804018,0.762,0.2821403837544271,1.4232759475708008,periodic,1.0,,,,,,,,,,,,
EDF-Dynamic-Reservation,40000,9680,0,30320,0,0,70,10,1000,303,edf_dynamic_reservation,10000,7980,0.798,0.6150249999999763,0.14883604999999425,0.13905680000000026,9680,0.1489097685942542,10000,10000,0.11151019907479695,2680,0.44400122817865617,0.16454423081472375,0.8354557691852762,0.77,0.3324910291038592,1.4047458171844482,periodic,1.0,,,,,,,,,,,,
EDF-Dynamic-Reservation,40000,9780,0,30220,0,0,70,10,1000,404,edf_dynamic_reservation,10000,8040,0.804,0.6149955010224691,0.1503663999999937,0.13492640000000025,9780,0.14762694831065248,10000,10000,0.12108618014962562,2760,0.45598142877546605,0.16914600837071983,0.8308539916292802,0.75,0.3348952486258404,1.4301183223724365,periodic,1.0,,,,,,,,,,,,
EDF-Dynamic-Reservation,40000,9540,0,30460,0,0,70,10,1000,505,edf_dynamic_reservation,10000,7980,0.798,0.6168150943396007,0.14711039999999478,0.13905680000000026,9540,0.14735895291185278,10000,10000,0.12505868557255861,2820,0.4664174273231913,0.18520429892686735,0.8147957010731326,0.742,0.3413587417506327,1.4305860996246338,periodic,1.0,,,,,,,,,,,,
EDF-Dynamic-Reservation,40000,9440,0,30560,0,0,70,10,1000,606,edf_dynamic_reservation,10000,8000,0.8,0.617697245762693,0.14577654999999556,0.13768000000000027,9440,0.14344348187422348,10000,10000,0.11101143812017793,2840,0.41179395509059347,0.16422202643229905,0.8357779735677009,0.766,0.3007825169704155,1.4163784980773926,periodic,1.0,,,,,,,,,,,,
EDF-Dynamic-Reservation,40000,9600,0,30400,0,0,70,10,1000,707,edf_dynamic_reservation,10000,7880,0.788,0.6156670833333093,0.14776009999999423,0.1459408000000003,9600,0.14809546401052248,10000,10000,0.12161840388057278,2700,0.4758956062903584,0.1631283943662947,0.8368716056337053,0.742,0.3542772024097856,1.4533796310424805,periodic,1.0,,,,,,,,,,,,
EDF-Dynamic-Reservation,40000,9580,0,30420,0,0,70,10,1000,808,edf_dynamic_reservation,10000,7900,0.79,0.616200417536513,0.14757999999999485,0.14456400000000028,9580,0.14888546099467495,10000,10000,0.10925441471199733,2800,0.42020607532021637,0.1455198300765468,0.8544801699234532,0.758,0.31095166060821905,1.4292035102844238,periodic,1.0,,,,,,,,,,,,
EDF-Dynamic-Reservation,40000,9620,0,30380,0,0,70,10,1000,909,edf_dynamic_reservation,10000,7980,0.798,0.6158856548856342,0.14812049999999502,0.13905680000000026,9620,0.1461438063446649,10000,10000,0.12033028027645552,2820,0.44409258479490415,0.16884902643419483,0.8311509735658051,0.75,0.3237623045184486,1.4352021217346191,periodic,1.0,,,,,,,,,,,,
EDF-Dynamic-Reservation,40000,9480,0,30520,0,0,70,10,1000,1010,edf_dynamic_reservation,10000,7980,0.798,0.6175014767932233,0.14634784999999392,0.13905680000000026,9480,0.14440550579609177,10000,10000,0.11383219523456041,2660,0.4552779934933964,0.1588570638221023,0.8411429361778977,0.75,0.34144579825883603,1.5594992637634277,periodic,1.0,,,,,,,,,,,,
EDF-Dynamic-Reservation,16000,11416,0,4584,0,0,80,4,1000,101,edf_dynamic_reservation,4000,1400,0.35,0.610039593552864,0.43526324999996846,0.4474600000000009,11416,0.43829243402804796,4000,4000,0.3214737435363306,2984,0.43843119292465316,0.4861359385976864,0.5138640614023136,0.308,0.11695744938832253,0.6256356239318848,periodic,1.0,,,,,,,,,,,,
EDF-Dynamic-Reservation,16000,11496,0,4504,0,0,80,4,1000,202,edf_dynamic_reservation,4000,1424,0.356,0.6097244258872198,0.4380869999999674,0.4433296000000009,11496,0.4396437656762975,4000,4000,0.32859786600569674,2984,0.447448949454127,0.4755222344515367,0.5244777655484634,0.304,0.11885108344843026,0.5565145015716553,periodic,1.0,,,,,,,,,,,,
EDF-Dynamic-Reservation,16000,11352,0,4648,0,0,80,4,1000,303,edf_dynamic_reservation,4000,1464,0.366,0.6109964059196203,0.43350194999997066,0.4364456000000009,11352,0.4338444819928558,4000,4000,0.3223850619311572,2952,0.450935133247746,0.493114148629939,0.5068858513700609,0.308,0.1285500713165888,0.5388879776000977,periodic,1.0,,,,,,,,,,,,
EDF-Dynamic-Reservation,16000,11344,0,4656,0,0,80,4,1000,404,edf_dynamic_reservation,4000,1456,0.364,0.6110521156558111,0.43323594999997006,0.4378224000000009,11344,0.4352003873270053,4000,4000,0.32883821834659227,2960,0.4524134267720655,0.5004994621272199,0.49950053787278015,0.312,0.1235752084254732,0.5662145614624023,periodic,1.0,,,,,,,,,,,,
EDF-Dynamic-Reservation,16000,11464,0,4536,0,0,80,4,1000,505,edf_dynamic_reservation,4000,1336,0.334,0.6102168876482448,0.43722039999996737,0.4584744000000009,11464,0.440557784172366,4000,4000,0.3258372241063497,2976,0.4434068690396728,0.4981120669538893,0.5018879330461107,0.32,0.11756964493332311,0.5035140514373779,periodic,1.0,,,,,,,,,,,,
EDF-Dynamic-Reservation,16000,11416,0,4584,0,0,80,4,1000,606,edf_dynamic_reservation,4000,1344,0.336,0.6108302733005873,0.435827399999969,0.45709760000000094,11416,0.4410004576408765,4000,4000,0.333211459534688,2968,0.45573794365167314,0.49149026821598424,0.5085097317840157,0.308,0.12252648411698513,0.5305378437042236,periodic,1.0,,,,,,,,,,,,
EDF-Dynamic-Reservation,16000,11496,0,4504,0,0,80,4,1000,707,edf_dynamic_reservation,4000,1296,0.324,0.6100032011133858,0.4382872999999677,0.46535840000000095,11496,0.4428030381333525,4000,4000,0.3290528823501238,2976,0.4470482300583462,0.49786495292510724,0.5021350470748928,0.318,0.1179953477082224,0.5131866931915283,periodic,1.0,,,,,,,,,,,,
EDF-Dynamic-Reservation,16000,11384,0,4616,0,0,80,4,1000,808,edf_dynamic_reservation,4000,1432,0.358,0.6106354884047357,0.4344671499999695,0.44195280000000087,11384,0.43728968302141763,4000,4000,0.32654415341086607,2984,0.44593485510467756,0.4559110409278695,0.5440889590721305,0.316,0.1193907016938115,0.5125315189361572,periodic,1.0,,,,,,,,,,,,
EDF-Dynamic-Reservation,16000,11408,0,4592,0,0,80,4,1000,909,edf_dynamic_reservation,4000,1424,0.356,0.6104941093968707,0.43528229999996876,0.4433296000000009,11408,0.4361580102436478,4000,4000,0.32065709126167746,2968,0.44086984112483224,0.4625682829721042,0.5374317170278957,0.312,0.12021274986315478,0.5078961849212646,periodic,1.0,,,,,,,,,,,,
EDF-Dynamic-Reservation,16000,11472,0,4528,0,0,80,4,1000,1010,edf_dynamic_reservation,4000,1376,0.344,0.6099842398883784,0.43735869999996724,0.4515904000000009,11472,0.440266226392244,4000,4000,0.33128177931830644,2960,0.4531724298571282,0.466521695301149,0.5334783046988509,0.308,0.12189065053882175,0.47826480865478516,periodic,1.0,,,,,,,,,,,,
EDF-Dynamic-Reservation,20000,11320,0,8680,0,0,80,5,1000,101,edf_dynamic_reservation,5000,2530,0.506,0.6109054770317605,0.3457724999999764,0.3400696000000007,11320,0.3477121556213955,5000,5000,0.25422178152841796,2960,0.43888648608031905,0.3819686382788862,0.6180313617211137,0.458,0.1846647045519011,0.642366886138916,periodic,1.0,,,,,,,,,,,,
EDF-Dynamic-Reservation,20000,11330,0,8670,0,0,80,5,1000,202,edf_dynamic_reservation,5000,2470,0.494,0.610891615180893,0.34607009999997584,0.3483304000000007,11330,0.3467403523542773,5000,5000,0.26057539040832023,2970,0.4490757298377324,0.3254279099222382,0.6745720900777619,0.44,0.1885003394294122,0.6515095233917236,periodic,1.0,,,,,,,,,,,,
EDF-Dynamic-Reservation,20000,11310,0,8690,0,0,80,5,1000,303,edf_dynamic_reservation,5000,2490,0.498,0.6113941644561933,0.34574339999997733,0.3455768000000007,11310,0.3453601697195353,5000,5000,0.2600358984773471,2920,0.45510120525618,0.39279368344231325,0.6072063165576868,0.448,0.19506530677883288,0.6558916568756104,periodic,1.0,,,,,,,,,,,,
EDF-Dynamic-Reservation,20000,11480,0,8520,0,0,80,5,1000,404,edf_dynamic_reservation,5000,2370,0.474,0.6102363240417663,0.35027564999997385,0.3620984000000007,11480,0.35234903704859516,5000,5000,0.27296055158768984,2940,0.46925515745257673,0.38999976178801093,0.6100002382119891,0.446,0.1962946058648869,0.6684770584106445,periodic,1.0,,,,,,,,,,,,
EDF-Dynamic-Reservation,20000,11470,0,8530,0,0,80,5,1000,505,edf_dynamic_reservation,5000,2360,0.472,0.6103159546642967,0.35001619999997413,0.3634752000000007,11470,0.3523412006181918,5000,5000,0.26160971828846136,2970,0.44711514458049023,0.39213386096052516,0.6078661390394748,0.442,0.18550542629202887,0.6588869094848633,periodic,1.0,,,,,,,,,,,,
EDF-Dynamic-Reservation,20000,11430,0,8570,0,0,80,5,1000,606,edf_dynamic_reservation,5000,2370,0.474,0.6103503937007424,0.34881524999997426,0.3620984000000007,11430,0.35100561020446797,5000,5000,0.251537031317031,2980,0.43117890495644107,0.35499603488313725,0.6450039651168628,0.464,0.1796418736394101,0.6834254264831543,periodic,1.0,,,,,,,,,,,,
EDF-Dynamic-Reservation,20000,11470,0,8530,0,0,80,5,1000,707,edf_dynamic_reservation,5000,2310,0.462,0.6099616390583664,0.3498129999999731,0.3703592000000007,11470,0.3519271631902785,5000,5000,0.26742891272008573,2980,0.4531961998886177,0.35343842520938956,0.6465615747906104,0.44,0.18576728716853197,0.6935679912567139,periodic,1.0,,,,,,,,,,,,
EDF-Dynamic-Reservation,20000,11470,0,8530,0,0,80,5,1000,808,edf_dynamic_reservation,5000,2360,0.472,0.610281691368743,0.3499965499999741,0.3634752000000007,11470,0.3526849962222879,5000,5000,0.2524640619212181,2980,0.43050216993298435,0.36349303180476245,0.6365069681952376,0.446,0.17803810801176623,0.6860818862915039,periodic,1.0,,,,,,,,,,,,
EDF-Dynamic-Reservation,20000,11410,0,8590,0,0,80,5,1000,909,edf_dynamic_reservation,5000,2410,0.482,0.6104600350569239,0.3482674499999751,0.3565912000000007,11410,0.35167796336560986,5000,5000,0.2584537107305263,2980,0.44155170540554023,0.3672289211444957,0.6327710788555043,0.452,0.18309799467501392,0.657604455947876,periodic,1.0,,,,,,,,,,,,
EDF-Dynamic-Reservation,20000,11380,0,8620,0,0,80,5,1000,1010,edf_dynamic_reservation,5000,2450,0.49,0.6109684534270226,0.34764104999997586,0.3510840000000007,11380,0.3490219346008216,5000,5000,0.25239638289650035,2960,0.4322949989892008,0.38071485192404814,0.6192851480759518,0.452,0.17989861609270047,0.6419694423675537,periodic,1.0,,,,,,,,,,,,
EDF-Dynamic-Reservation,24000,11348,0,12652,0,0,80,6,1000,101,edf_dynamic_reservation,6000,3448,0.5746666666666667,0.6107645047585046,0.28878981666664627,0.29279946666666723,11348,0.2904138021693118,6000,6000,0.21666479655743504,2952,0.447841352513911,0.30682860905656706,0.6931713909434329,0.544,0.23117655595647596,0.8159976005554199,periodic,1.0,,,,,,,,,,,,
EDF-Dynamic-Reservation,24000,11448,0,12552,0,0,80,6,1000,202,edf_dynamic_reservation,6000,3420,0.57,0.6102990216631279,0.291112633333312,0.2960120000000006,11448,0.29193503517555697,6000,6000,0.21942862007067962,2976,0.45194455332247496,0.31291705472278897,0.687082945277211,0.538,0.23251593325179534,0.8571581840515137,periodic,1.0,,,,,,,,,,,,
EDF-Dynamic-Reservation,24000,11328,0,12672,0,0,80,6,1000,303,edf_dynamic_reservation,6000,3460,0.5766666666666667,0.6112105579095631,0.2884913833333138,0.2914226666666672,11328,0.28925480934997866,6000,6000,0.21543827480512387,2956,0.448724798470986,0.3178041921078857,0.6821958078921143,0.5446666666666666,0.23328652366586214,0.8527324199676514,periodic,1.0,,,,,,,,,,,,
EDF-Dynamic-Reservation,24000,11400,0,12600,0,0,80,6,1000,404,edf_dynamic_reservation,6000,3420,0.57,0.610603263157851,0.2900365499999792,0.2960120000000006,11400,0.29181429285284893,6000,6000,0.2164465805093529,2960,0.4465891296776917,0.3186001004007209,0.6813998995992792,0.5413333333333333,0.23014254916833882,0.854682207107544,periodic,1.0,,,,,,,,,,,,
EDF-Dynamic-Reservation,24000,11464,0,12536,0,0,80,6,1000,505,edf_dynamic_reservation,6000,3368,0.5613333333333334,0.6101768318213092,0.29146113333331203,0.30197813333333395,11464,0.29361163369957183,6000,6000,0.21955517940525562,2968,0.4499829973290529,0.3216860034630583,0.6783139965369417,0.5406666666666666,0.23042781792379727,0.8119029998779297,periodic,1.0,,,,,,,,,,,,
EDF-Dynamic-Reservation,24000,11408,0,12592,0,0,80,6,1000,606,edf_dynamic_reservation,6000,3416,0.5693333333333334,0.6107190042075297,0.2902950999999791,0.2964709333333339,11408,0.29239973561833327,6000,6000,0.22134702213940893,2968,0.4547135840203506,0.3142228520690085,0.6857771479309915,0.5393333333333333,0.23336656188094168,0.8094041347503662,periodic,1.0,,,,,,,,,,,,
EDF-Dynamic-Reservation,24000,11452,0,12548,0,0,80,6,1000,707,edf_dynamic_reservation,6000,3332,0.5553333333333333,0.6103550820816878,0.29124109999997866,0.30610853333333393,11452,0.29274366607780267,6000,6000,0.21878642648122718,2972,0.44768549412304487,0.31796819295709633,0.6820318070429037,0.5433333333333333,0.2288990676418177,0.8647150993347168,periodic,1.0,,,,,,,,,,,,
EDF-Dynamic-Reservation,24000,11344,0,12656,0,0,80,6,1000,808,edf_dynamic_reservation,6000,3456,0.576,0.6110117771508744,0.28880489999998,0.2918816000000006,11344,0.29043664163419697,6000,6000,0.21707938612955577,2976,0.4447761043790011,0.3059090887984782,0.6940909112015218,0.544,0.22769671824944535,0.8130483627319336,periodic,1.0,,,,,,,,,,,,
EDF-Dynamic-Reservation,24000,11420,0,12580,0,0,80,6,1000,909,edf_dynamic_reservation,6000,3388,0.5646666666666667,0.6104228371278008,0.29045953333331187,0.2996834666666673,11420,0.2921496799669483,6000,6000,0.21848922683681424,2972,0.44834813302005383,0.30719812613162717,0.6928018738683728,0.54,0.2298589061832396,0.818526029586792,periodic,1.0,,,,,,,,,,,,
EDF-Dynamic-Reservation,24000,11420,0,12580,0,0,80,6,1000,1010,edf_dynamic_reservation,6000,3408,0.568,0.6103843782836683,0.2904412333333122,0.29738880000000056,11420,0.29213658427359485,6000,6000,0.2201675949716487,2956,0.45369505705336705,0.3164496533466051,0.683550346653395,0.5393333333333333,0.23352746208171835,0.8787984848022461,periodic,1.0,,,,,,,,,,,,
EDF-Dynamic-Reservation,28000,11392,0,16608,0,0,80,7,1000,101,edf_dynamic_reservation,7000,4436,0.6337142857142857,0.6106368855336645,0.2484419785714109,0.25215108571428624,11392,0.24989522122718366,7000,7000,0.18603103364908527,2958,0.44874210097794326,0.2662019330920574,0.7337980669079426,0.6065714285714285,0.26271106732885796,0.982086181640625,periodic,1.0,,,,,,,,,,,,
EDF-Dynamic-Reservation,28000,11410,0,16590,0,0,80,7,1000,202,edf_dynamic_reservation,7000,4418,0.6311428571428571,0.6104181770376425,0.24874540714283927,0.2539212571428576,11410,0.24967957893488898,7000,7000,0.1866930115145891,2976,0.4477758248152751,0.2686590844603039,0.7313409155396962,0.6048571428571429,0.261082813300686,0.9819738864898682,periodic,1.0,,,,,,,,,,,,
EDF-Dynamic-Reservation,28000,11372,0,16628,0,0,80,7,1000,303,edf_dynamic_reservation,7000,4446,0.6351428571428571,0.6108668308124795,0.24809919999998276,0.25116765714285766,11372,0.24906587747230655,7000,7000,0.18601435229661914,2954,0.44985638724391613,0.26809057853685014,0.7319094214631499,0.606,0.26384203494729697,0.9825575351715088,periodic,1.0,,,,,,,,,,,,
EDF-Dynamic-Reservation,28000,11436,0,16564,0,0,80,7,1000,404,edf_dynamic_reservation,7000,4372,0.6245714285714286,0.6103725428471052,0.24929358571426768,0.2584450285714291,11436,0.2514848036610233,7000,7000,0.18773066682572923,2964,0.45145677657303585,0.27029542301980575,0.7297045769801942,0.6054285714285714,0.2637261097473066,0.9791197776794434,periodic,1.0,,,,,,,,,,,,
EDF-Dynamic-Reservation,28000,11436,0,16564,0,0,80,7,1000,505,edf_dynamic_reservation,7000,4390,0.6271428571428571,0.6103550891919808,0.249286457142839,0.25667485714285765,11436,0.2509812720467682,7000,7000,0.18615709869885144,2956,0.4484800510958563,0.27050920150034224,0.7294907984996577,0.6065714285714285,0.26232295239700487,0.9639058113098145,periodic,1.0,,,,,,,,,,,,
EDF-Dynamic-Reservation,28000,11408,0,16592,0,0,80,7,1000,606,edf_dynamic_reservation,7000,4420,0.6314285714285715,0.6106185834501666,0.24878345714283928,0.2537245714285719,11408,0.2501680310565834,7000,7000,0.1875826778875769,2964,0.45070169935858406,0.2693422924591587,0.7306577075408414,0.6062857142857143,0.2631190214710072,0.997882604598999,periodic,1.0,,,,,,,,,,,,
EDF-Dynamic-Reservation,28000,11434,0,16566,0,0,80,7,1000,707,edf_dynamic_reservation,7000,4380,0.6257142857142857,0.6104503935630136,0.2492817785714106,0.25765828571428623,11434,0.25025632609676957,7000,7000,0.18824486020400572,2974,0.44987651241012283,0.2692083379565653,0.7307916620434347,0.6048571428571429,0.2616316522061171,0.9784772396087646,periodic,1.0,,,,,,,,,,,,
EDF-Dynamic-Reservation,28000,11388,0,16612,0,0,80,7,1000,808,edf_dynamic_reservation,7000,4428,0.6325714285714286,0.610662276080041,0.24836507142855382,0.25293782857142905,11388,0.24980097222864628,7000,7000,0.18555315684567533,2978,0.44499706197580063,0.2661994367528741,0.7338005632471258,0.6062857142857143,0.2594439051301253,1.001596450805664,periodic,1.0,,,,,,,,,,,,
EDF-Dynamic-Reservation,28000,11428,0,16572,0,0,80,7,1000,909,edf_dynamic_reservation,7000,4396,0.628,0.6104305740286571,0.2491428785714105,0.2560848000000005,11428,0.25055663743224615,7000,7000,0.18786832954111785,2970,0.44965832359179253,0.26990003586368044,0.7300999641363195,0.6051428571428571,0.2617899940506747,1.0611507892608643,periodic,1.0,,,,,,,,,,,,
EDF-Dynamic-Reservation,28000,11400,0,16600,0,0,80,7,1000,1010,edf_dynamic_reservation,7000,4430,0.6328571428571429,0.6105395964911845,0.24857683571426797,0.2527411428571434,11400,0.2500570306807539,7000,7000,0.1864879317957657,2966,0.4482810200433998,0.2675839041089237,0.7324160958910764,0.6054285714285714,0.26179308824763414,1.0089380741119385,periodic,1.0,,,,,,,,,,,,
EDF-Dynamic-Reservation,32000,11416,0,20584,0,0,80,8,1000,101,edf_dynamic_reservation,8000,5400,0.675,0.6100395935528643,0.2176316249999843,0.22373000000000046,11416,0.21914621701402276,8000,8000,0.1607368717681653,2984,0.43843119292465305,0.2430679692988432,0.7569320307011568,0.654,0.27769432115648773,1.1563475131988525,periodic,1.0,,,,,,,,,,,,
EDF-Dynamic-Reservation,32000,11496,0,20504,0,0,80,8,1000,202,edf_dynamic_reservation,8000,5424,0.678,0.6097244258872193,0.21904349999998354,0.22166480000000044,11496,0.21982188283814857,8000,8000,0.16429893300284842,2984,0.4474489494541272,0.23776111722576834,0.7622388827742317,0.652,0.2831500164512788,1.139073133468628,periodic,1.0,,,,,,,,,,,,
EDF-Dynamic-Reservation,32000,11352,0,20648,0,0,80,8,1000,303,edf_dynamic_reservation,8000,5464,0.683,0.6109964059196205,0.21675097499998536,0.21822280000000044,11352,0.21692224099642726,8000,8000,0.16119253096557848,2952,0.45093513324774565,0.2465570743149695,0.7534429256850305,0.654,0.2897426022821672,1.2058429718017578,periodic,1.0,,,,,,,,,,,,
EDF-Dynamic-Reservation,32000,11344,0,20656,0,0,80,8,1000,404,edf_dynamic_reservation,8000,5456,0.682,0.6110521156558114,0.21661797499998517,0.21891120000000044,11344,0.21760019366350195,8000,8000,0.16441910917329614,2960,0.45241342677206586,0.2502497310636099,0.7497502689363901,0.656,0.2879943175987697,1.1687686443328857,periodic,1.0,,,,,,,,,,,,
EDF-Dynamic-Reservation,32000,11464,0,20536,0,0,80,8,1000,505,edf_dynamic_reservation,8000,5336,0.667,0.6102168876482446,0.21861019999998363,0.22923720000000045,11464,0.22027889208618284,8000,8000,0.1629186120531744,2976,0.4434068690396716,0.24905603347694466,0.7509439665230553,0.66,0.28048825698649715,1.16371750831604,periodic,1.0,,,,,,,,,,,,
EDF-Dynamic-Reservation,32000,11416,0,20584,0,0,80,8,1000,606,edf_dynamic_reservation,8000,5344,0.668,0.6108302733005873,0.21791369999998453,0.22854880000000047,11416,0.22050022882043804,8000,8000,0.166605729767344,2968,0.4557379436516727,0.24574513410799212,0.7542548658920079,0.654,0.2891322138843287,1.158912181854248,periodic,1.0,,,,,,,,,,,,
EDF-Dynamic-Reservation,32000,11496,0,20504,0,0,80,8,1000,707,edf_dynamic_reservation,8000,5296,0.662,0.610003201113386,0.21914364999998392,0.23267920000000047,11496,0.22140151906667577,8000,8000,0.164526441175062,2976,0.4470482300583464,0.24893247646255362,0.7510675235374464,0.659,0.2825217888832844,1.1574296951293945,periodic,1.0,,,,,,,,,,,,
EDF-Dynamic-Reservation,32000,11384,0,20616,0,0,80,8,1000,808,edf_dynamic_reservation,8000,5432,0.679,0.6106354884047358,0.21723357499998477,0.22097640000000043,11384,0.21864484151070787,8000,8000,0.16327207670543292,2984,0.44593485510467695,0.22795552046393475,0.7720444795360653,0.658,0.28266277839924403,1.158874750137329,periodic,1.0,,,,,,,,,,,,
EDF-Dynamic-Reservation,32000,11408,0,20592,0,0,80,8,1000,909,edf_dynamic_reservation,8000,5424,0.678,0.6104941093968703,0.21764114999998427,0.22166480000000044,11408,0.21807900512182332,8000,8000,0.16032854563083887,2968,0.44086984112483285,0.2312841414860521,0.7687158585139479,0.656,0.280541295493994,1.1646995544433594,periodic,1.0,,,,,,,,,,,,
EDF-Dynamic-Reservation,32000,11472,0,20528,0,0,80,8,1000,1010,edf_dynamic_reservation,8000,5376,0.672,0.6099842398883786,0.2186793499999837,0.22579520000000045,11472,0.22013311319612155,8000,8000,0.16564088965915352,2960,0.45317242985712897,0.2332608476505745,0.7667391523494255,0.654,0.28753154019797544,1.198749303817749,periodic,1.0,,,,,,,,,,,,
EDF-Dynamic-Reservation,36000,11392,0,24608,0,0,80,9,1000,101,edf_dynamic_reservation,9000,6436,0.7151111111111111,0.6106368855336639,0.1932326499999861,0.1961175111111115,11392,0.1943629498433643,9000,9000,0.14469080394928865,2958,0.44874210097794337,0.2070459479604891,0.7929540520395109,0.694,0.30405129702865474,1.3551483154296875,periodic,1.0,,,,,,,,,,,,
EDF-Dynamic-Reservation,36000,11410,0,24590,0,0,80,9,1000,202,edf_dynamic_reservation,9000,6418,0.7131111111111111,0.6104181770376421,0.193468649999986,0.19749431111111151,11410,0.1941952280604688,9000,9000,0.14520567562245812,2976,0.44777582481527534,0.20895706569134748,0.7910429343086525,0.6926666666666667,0.3025701491928172,1.367427110671997,periodic,1.0,,,,,,,,,,,,
EDF-Dynamic-Reservation,36000,11372,0,24628,0,0,80,9,1000,303,edf_dynamic_reservation,9000,6446,0.7162222222222222,0.6108668308124791,0.19296604444443088,0.1953526222222226,11372,0.1937179047006831,9000,9000,0.14467782956403724,2954,0.44985638724391636,0.2085148944175501,0.7914851055824499,0.6935555555555556,0.3051785576798791,1.360600471496582,periodic,1.0,,,,,,,,,,,,
EDF-Dynamic-Reservation,36000,11436,0,24564,0,0,80,9,1000,404,edf_dynamic_reservation,9000,6372,0.708,0.610372542847105,0.19389501111109703,0.2010128000000004,11436,0.19559929173635132,9000,9000,0.1460127408644557,2964,0.45145677657303446,0.2102297734598489,0.7897702265401512,0.6931111111111111,0.30544403570857875,1.3411352634429932,periodic,1.0,,,,,,,,,,,,
EDF-Dynamic-Reservation,36000,11436,0,24564,0,0,80,9,1000,505,edf_dynamic_reservation,9000,6390,0.71,0.6103550891919808,0.19388946666665255,0.1996360000000004,11436,0.1952076560363751,9000,9000,0.14478885454355134,2956,0.44848005109585637,0.21039604561137729,0.7896039543886227,0.694,0.30369119655230503,1.3668384552001953,periodic,1.0,,,,,,,,,,,,
EDF-Dynamic-Reservation,36000,11408,0,24592,0,0,80,9,1000,606,edf_dynamic_reservation,9000,6420,0.7133333333333334,0.6106185834501664,0.1934982444444305,0.19734133333333373,11408,0.19457513526623063,9000,9000,0.14589763835700403,2964,0.45070169935858334,0.20948844969045674,0.7905115503095432,0.6937777777777778,0.3048040610015793,1.3973801136016846,periodic,1.0,,,,,,,,,,,,
EDF-Dynamic-Reservation,36000,11434,0,24566,0,0,80,9,1000,707,edf_dynamic_reservation,9000,6380,0.7088888888888889,0.6104503935630131,0.19388582777776364,0.2004008888888893,11434,0.19464380918637578,9000,9000,0.14641266904755987,2974,0.4498765124101222,0.20938426285510633,0.7906157371448936,0.6926666666666667,0.3034638433625624,1.3599638938903809,periodic,1.0,,,,,,,,,,,,
EDF-Dynamic-Reservation,36000,11388,0,24612,0,0,80,9,1000,808,edf_dynamic_reservation,9000,6428,0.7142222222222222,0.6106622760800403,0.19317283333331942,0.19672942222222262,11388,0.19428964506672472,9000,9000,0.14431912199108118,2978,0.44499706197580163,0.20704400636334652,0.7929559936366535,0.6937777777777778,0.3006779399847205,1.3498001098632812,periodic,1.0,,,,,,,,,,,,
EDF-Dynamic-Reservation,36000,11428,0,24572,0,0,80,9,1000,909,edf_dynamic_reservation,9000,6396,0.7106666666666667,0.6104305740286573,0.19377779444443044,0.19917706666666707,11428,0.19487738466952528,9000,9000,0.14611981186531411,2970,0.4496583235917931,0.2099222501161959,0.7900777498838041,0.6928888888888889,0.30353851172647894,1.349006175994873,periodic,1.0,,,,,,,,,,,,
EDF-Dynamic-Reservation,36000,11400,0,24600,0,0,80,9,1000,1010,edf_dynamic_reservation,9000,6430,0.7144444444444444,0.6105395964911852,0.19333753888887528,0.19657644444444483,11400,0.19448880164058596,9000,9000,0.14504616917448448,2966,0.44828102004339976,0.20812081430694063,0.7918791856930594,0.6931111111111111,0.3032348508689153,1.3531341552734375,periodic,1.0,,,,,,,,,,,,
EDF-Dynamic-Reservation,40000,11300,0,28700,0,0,80,10,1000,101,edf_dynamic_reservation,10000,7540,0.754,0.6110815929203127,0.17263054999998836,0.16934640000000034,11300,0.17356440272569254,10000,10000,0.13161557077790975,2980,0.45061621880386626,0.2243257961906029,0.7756742038093971,0.722,0.3190006480259565,1.5350172519683838,periodic,1.0,,,,,,,,,,,,
EDF-Dynamic-Reservation,40000,11420,0,28580,0,0,80,10,1000,202,edf_dynamic_reservation,10000,7480,0.748,0.6105401050787655,0.17430919999998756,0.17347680000000035,11420,0.17447777233766087,10000,10000,0.12563180656647308,2960,0.43201052023367986,0.15444330064224096,0.845556699357759,0.722,0.3063787136672068,1.5484697818756104,periodic,1.0,,,,,,,,,,,,
EDF-Dynamic-Reservation,40000,11240,0,28760,0,0,80,10,1000,303,edf_dynamic_reservation,10000,7520,0.752,0.6118320284697123,0.17192479999998916,0.17072320000000032,11240,0.17124715243504837,10000,10000,0.1298900411164134,2940,0.454994362349509,0.19255763102215775,0.8074423689778423,0.724,0.32510432123309563,1.558112382888794,periodic,1.0,,,,,,,,,,,,
EDF-Dynamic-Reservation,40000,11400,0,28600,0,0,80,10,1000,404,edf_dynamic_reservation,10000,7440,0.744,0.6108778947367992,0.1741001999999878,0.17623040000000034,11400,0.17412937248784474,10000,10000,0.13084276039363274,2900,0.4546806220498689,0.18322054531422594,0.8167794546857741,0.726,0.3238378616562362,1.6315219402313232,periodic,1.0,,,,,,,,,,,,
EDF-Dynamic-Reservation,40000,11580,0,28420,0,0,80,10,1000,505,edf_dynamic_reservation,10000,7260,0.726,0.6096905008635112,0.1765053999999865,0.1886216000000004,11580,0.17828071112987828,10000,10000,0.13961457509335498,2980,0.4722064593215052,0.2070208079408832,0.7929791920591168,0.712,0.3325918842281502,1.5500025749206543,periodic,1.0,,,,,,,,,,,,
EDF-Dynamic-Reservation,40000,11520,0,28480,0,0,80,10,1000,606,edf_dynamic_reservation,10000,7300,0.73,0.6099319444443964,0.17566039999998614,0.18586800000000037,11520,0.17813421697670456,10000,10000,0.13043310526698543,3000,0.4439334509333218,0.20164290440256144,0.7983570955974386,0.726,0.3135003456663364,1.5300774574279785,periodic,1.0,,,,,,,,,,,,
EDF-Dynamic-Reservation,40000,11420,0,28580,0,0,80,10,1000,707,edf_dynamic_reservation,10000,7340,0.734,0.6103295971978528,0.174249099999987,0.18311440000000037,11420,0.1748688359601991,10000,10000,0.13499146652040647,2980,0.4586043635724629,0.19330977095299057,0.8066902290470095,0.718,0.3236128970520564,1.560260534286499,periodic,1.0,,,,,,,,,,,,
EDF-Dynamic-Reservation,40000,11400,0,28600,0,0,80,10,1000,808,edf_dynamic_reservation,10000,7420,0.742,0.6109556140350445,0.17412234999998769,0.17760720000000035,11400,0.17560200315461505,10000,10000,0.1257649929891443,2960,0.43087339089936794,0.178873712284922,0.821126287715078,0.73,0.30510839791022365,1.5566737651824951,periodic,1.0,,,,,,,,,,,,
EDF-Dynamic-Reservation,40000,11460,0,28540,0,0,80,10,1000,909,edf_dynamic_reservation,10000,7400,0.74,0.6098746945898325,0.17472909999998698,0.17898400000000037,11460,0.1768686786826143,10000,10000,0.13859796495447974,3000,0.4706201132252518,0.19122314932569934,0.8087768506743007,0.716,0.3320221482707721,1.5485572814941406,periodic,1.0,,,,,,,,,,,,
EDF-Dynamic-Reservation,40000,11320,0,28680,0,0,80,10,1000,1010,edf_dynamic_reservation,10000,7560,0.756,0.6112549469964258,0.17298514999998849,0.16796960000000033,11320,0.1720611324799323,10000,10000,0.12820788784037032,2940,0.4427481672756922,0.201491652153457,0.798508347846543,0.718,0.3145402794353219,1.555734395980835,periodic,1.0,,,,,,,,,,,,
EDF-Dynamic-Reservation,16000,12352,0,3648,0,0,90,4,1000,101,edf_dynamic_reservation,4000,1296,0.324,0.6194326424870195,0.47820199999997903,0.46535840000000095,12352,0.47708647172849306,4000,4000,0.36059083257335,3352,0.448339995854306,0.5262204428583428,0.4737795571416572,0.25,0.087749163280956,0.4906032085418701,periodic,1.0,,,,,,,,,,,,
EDF-Dynamic-Reservation,16000,12328,0,3672,0,0,90,4,1000,202,edf_dynamic_reservation,4000,1224,0.306,0.61958208955221,0.4773879999999778,0.47774960000000094,12328,0.47759634701489945,4000,4000,0.36681397171658586,3296,0.46633319026313275,0.49415857219855075,0.5058414278014493,0.248,0.09951921854654688,0.4720344543457031,periodic,1.0,,,,,,,,,,,,
EDF-Dynamic-Reservation,16000,12296,0,3704,0,0,90,4,1000,303,edf_dynamic_reservation,4000,1256,0.314,0.6195265452179294,0.47610614999997874,0.47224240000000095,12296,0.4753706145784159,4000,4000,0.3634073445661809,3328,0.454312628492349,0.5197691635157156,0.48023083648428444,0.24,0.09090528392616809,0.4846465587615967,periodic,1.0,,,,,,,,,,,,
EDF-Dynamic-Reservation,16000,12320,0,3680,0,0,90,4,1000,404,edf_dynamic_reservation,4000,1224,0.306,0.6192181818181538,0.47679799999997846,0.47774960000000094,12320,0.4764986216306362,4000,4000,0.35953150473984885,3304,0.45007291127979454,0.5115513856643036,0.4884486143356964,0.256,0.09054140653994569,0.5069050788879395,periodic,1.0,,,,,,,,,,,,
EDF-Dynamic-Reservation,16000,12376,0,3624,0,0,90,4,1000,505,edf_dynamic_reservation,4000,1144,0.286,0.6187916612798675,0.47863534999997753,0.491517600000001,12376,0.48133046265761426,4000,4000,0.36735506751054386,3360,0.4533738889671166,0.5186025841797072,0.48139741582029283,0.244,0.08601882145657275,0.4978024959564209,periodic,1.0,,,,,,,,,,,,
EDF-Dynamic-Reservation,16000,12232,0,3768,0,0,90,4,1000,606,edf_dynamic_reservation,4000,1280,0.32,0.6199320470895718,0.4739380499999777,0.4681120000000009,12232,0.4720108840975916,4000,4000,0.36104724197656074,3296,0.4527760953635575,0.5071229093910008,0.4928770906089992,0.256,0.09172885338699677,0.5348641872406006,periodic,1.0,,,,,,,,,,,,
EDF-Dynamic-Reservation,16000,12336,0,3664,0,0,90,4,1000,707,edf_dynamic_reservation,4000,1176,0.294,0.6192254863812944,0.4774228499999779,0.48601040000000095,12336,0.4783471344410083,4000,4000,0.36562019874794066,3272,0.4600559311533549,0.5227389828809654,0.47726101711903457,0.264,0.09443573240541425,0.5252158641815186,periodic,1.0,,,,,,,,,,,,
EDF-Dynamic-Reservation,16000,12272,0,3728,0,0,90,4,1000,808,edf_dynamic_reservation,4000,1272,0.318,0.6197220338982772,0.4753267999999786,0.4694888000000009,12272,0.4732387797271632,4000,4000,0.3549922011878235,3320,0.44289142135230497,0.4722042464213182,0.5277957535786818,0.256,0.08789922016448148,0.5393378734588623,periodic,1.0,,,,,,,,,,,,
EDF-Dynamic-Reservation,16000,12280,0,3720,0,0,90,4,1000,909,edf_dynamic_reservation,4000,1288,0.322,0.6199304234527409,0.47579659999997864,0.4667352000000009,12280,0.4719619040214947,4000,4000,0.3548725014250247,3280,0.45194150202363115,0.48212375632116944,0.5178762436788306,0.25,0.09706900059860646,0.5132083892822266,periodic,1.0,,,,,,,,,,,,
EDF-Dynamic-Reservation,16000,12408,0,3592,0,0,90,4,1000,1010,edf_dynamic_reservation,4000,1208,0.302,0.6189744680850788,0.48001469999997864,0.48050320000000096,12408,0.48086427451726715,4000,4000,0.3654767987502499,3384,0.45033168422703695,0.4911220699616248,0.5088779300383752,0.244,0.08485488547678705,0.500298023223877,periodic,1.0,,,,,,,,,,,,
EDF-Dynamic-Reservation,20000,12320,0,7680,0,0,90,5,1000,101,edf_dynamic_reservation,5000,2240,0.448,0.6195318181817904,0.38163159999998286,0.37999680000000075,12320,0.37919814978333544,5000,5000,0.28370600039023286,3260,0.45509534243117045,0.40624087386378444,0.5937591261362156,0.416,0.1713893420409376,0.6328177452087402,periodic,1.0,,,,,,,,,,,,
EDF-Dynamic-Reservation,20000,12230,0,7770,0,0,90,5,1000,202,edf_dynamic_reservation,5000,2280,0.456,0.6201340147178799,0.3792119499999836,0.37448960000000076,12230,0.37622280944348685,5000,5000,0.28772056609500435,3270,0.4578556529308316,0.3465529117871331,0.6534470882128669,0.392,0.17013508683582723,0.6348452568054199,periodic,1.0,,,,,,,,,,,,
EDF-Dynamic-Reservation,20000,12260,0,7740,0,0,90,5,1000,303,edf_dynamic_reservation,5000,2200,0.44,0.6192858075040498,0.37962219999998253,0.3855040000000008,12260,0.3808487221052367,5000,5000,0.29124303940843294,3250,0.4643537587737397,0.4170502580313914,0.5829497419686086,0.404,0.17311071936530675,0.6514382362365723,periodic,1.0,,,,,,,,,,,,
EDF-Dynamic-Reservation,20000,12350,0,7650,0,0,90,5,1000,404,edf_dynamic_reservation,5000,2200,0.44,0.6191782186234521,0.3823425499999817,0.3855040000000008,12350,0.38387627007679603,5000,5000,0.3010136906299673,3330,0.4672808296243762,0.40516496345094494,0.5948350365490551,0.392,0.16626713899440893,0.6247916221618652,periodic,1.0,,,,,,,,,,,,
EDF-Dynamic-Reservation,20000,12380,0,7620,0,0,90,5,1000,505,edf_dynamic_reservation,5000,2200,0.44,0.6188673667204884,0.3830788999999823,0.3855040000000008,12380,0.38340478363004377,5000,5000,0.29268786299957894,3350,0.4523916517199434,0.40961721971000614,0.5903827802899939,0.392,0.15970378872036445,0.6172013282775879,periodic,1.0,,,,,,,,,,,,
EDF-Dynamic-Reservation,20000,12300,0,7700,0,0,90,5,1000,606,edf_dynamic_reservation,5000,2260,0.452,0.6198185365853374,0.3811883999999825,0.3772432000000008,12300,0.3802166268130843,5000,5000,0.2801419412401968,3310,0.4417719187532386,0.37327843412461753,0.6267215658753824,0.406,0.1616299775130418,0.6497557163238525,periodic,1.0,,,,,,,,,,,,
EDF-Dynamic-Reservation,20000,12250,0,7750,0,0,90,5,1000,707,edf_dynamic_reservation,5000,2190,0.438,0.6197055510203776,0.37956964999998133,0.38688080000000075,12250,0.37831318743144543,5000,5000,0.28580678057214476,3240,0.4575558135321817,0.36805224442264545,0.6319477555773545,0.412,0.17174903296003696,0.6294043064117432,periodic,1.0,,,,,,,,,,,,
EDF-Dynamic-Reservation,20000,12400,0,7600,0,0,90,5,1000,808,edf_dynamic_reservation,5000,2200,0.44,0.6189985483870697,0.3837790999999832,0.3855040000000008,12400,0.38315744052877476,5000,5000,0.2749907490739173,3310,0.4383973402470685,0.38779568269206915,0.6122043173079308,0.396,0.1634065911731512,0.6522424221038818,periodic,1.0,,,,,,,,,,,,
EDF-Dynamic-Reservation,20000,12320,0,7680,0,0,90,5,1000,909,edf_dynamic_reservation,5000,2220,0.444,0.6196553571428304,0.3817076999999835,0.38275040000000077,12320,0.3827814659868116,5000,5000,0.28557647638753086,3270,0.45481805004447273,0.3790551078296654,0.6209448921703347,0.402,0.16924157365694187,0.6206400394439697,periodic,1.0,,,,,,,,,,,,
EDF-Dynamic-Reservation,20000,12350,0,7650,0,0,90,5,1000,1010,edf_dynamic_reservation,5000,2200,0.44,0.6191846963562466,0.3823465499999823,0.3855040000000008,12350,0.3829393510016385,5000,5000,0.2780343695910895,3290,0.43695783624622586,0.3999001487877029,0.600099851212297,0.408,0.15892346665513635,0.624443531036377,periodic,1.0,,,,,,,,,,,,
EDF-Dynamic-Reservation,24000,12284,0,11716,0,0,90,6,1000,101,edf_dynamic_reservation,6000,3248,0.5413333333333333,0.6196140345164161,0.3171391166666523,0.31574613333333396,12284,0.3172987788845139,6000,6000,0.24087901778258322,3308,0.45354361132092097,0.3287903669379563,0.6712096330620436,0.5006666666666667,0.21266459353833775,0.8193135261535645,periodic,1.0,,,,,,,,,,,,
EDF-Dynamic-Reservation,24000,12332,0,11668,0,0,90,6,1000,202,edf_dynamic_reservation,6000,3196,0.5326666666666666,0.6194272137528101,0.31828234999998556,0.3217122666666673,12332,0.31832955864326534,6000,6000,0.24211165709048874,3296,0.4574377065991205,0.33054362228887213,0.6694563777111279,0.5013333333333333,0.21532604950863174,0.8279094696044922,periodic,1.0,,,,,,,,,,,,
EDF-Dynamic-Reservation,24000,12320,0,11680,0,0,90,6,1000,303,edf_dynamic_reservation,6000,3232,0.5386666666666666,0.6194248376623103,0.31797141666665263,0.3175818666666673,12320,0.3169031743349119,6000,6000,0.24305987717638172,3360,0.4518021716189231,0.3422819645252068,0.6577180354747931,0.498,0.2087422944425414,0.8309388160705566,periodic,1.0,,,,,,,,,,,,
EDF-Dynamic-Reservation,24000,12328,0,11672,0,0,90,6,1000,404,edf_dynamic_reservation,6000,3224,0.5373333333333333,0.6192727449707705,0.3180997666666524,0.318499733333334,12328,0.31727256958808947,6000,6000,0.23859723763528515,3328,0.445363772476564,0.3319632984288202,0.6680367015711798,0.5033333333333333,0.20676653484127885,0.8430078029632568,periodic,1.0,,,,,,,,,,,,
EDF-Dynamic-Reservation,24000,12336,0,11664,0,0,90,6,1000,505,edf_dynamic_reservation,6000,3176,0.5293333333333333,0.6190737029831099,0.3182038833333185,0.32400693333333397,12336,0.31950953440184765,6000,6000,0.24200860076433744,3340,0.4510584307124522,0.33336394096376065,0.6666360590362393,0.49733333333333335,0.20904982994811477,0.8315892219543457,periodic,1.0,,,,,,,,,,,,
EDF-Dynamic-Reservation,24000,12300,0,11700,0,0,90,6,1000,606,edf_dynamic_reservation,6000,3252,0.542,0.6195094634146056,0.31749859999998536,0.31528720000000066,12300,0.3172434104091154,6000,6000,0.23966112628156772,3300,0.45237796089463794,0.32828986074434846,0.6717101392556515,0.5046666666666667,0.21271683461307023,0.8119256496429443,periodic,1.0,,,,,,,,,,,,
EDF-Dynamic-Reservation,24000,12308,0,11692,0,0,90,6,1000,707,edf_dynamic_reservation,6000,3200,0.5333333333333333,0.6194294117646778,0.3176640499999856,0.321253333333334,12308,0.31782696620746964,6000,6000,0.23958890471882358,3292,0.4507890141941945,0.33126230401328405,0.668737695986716,0.5093333333333333,0.2112001094753709,0.8180303573608398,periodic,1.0,,,,,,,,,,,,
EDF-Dynamic-Reservation,24000,12260,0,11740,0,0,90,6,1000,808,edf_dynamic_reservation,6000,3240,0.54,0.6196512887438539,0.3165385333333187,0.3166640000000006,12260,0.3162368277380865,6000,6000,0.2375764635637199,3296,0.44821010652358884,0.3180383377331115,0.6819616622668885,0.5053333333333333,0.21063364295986894,0.8417787551879883,periodic,1.0,,,,,,,,,,,,
EDF-Dynamic-Reservation,24000,12296,0,11704,0,0,90,6,1000,909,edf_dynamic_reservation,6000,3236,0.5393333333333333,0.6196678919973696,0.3174765166666524,0.31712293333333397,12296,0.3161988176233984,6000,6000,0.23970342723538188,3288,0.45316303267926183,0.32192580215826655,0.6780741978417335,0.5033333333333333,0.21345960544387996,0.8535802364349365,periodic,1.0,,,,,,,,,,,,
EDF-Dynamic-Reservation,24000,12340,0,11660,0,0,90,6,1000,1010,edf_dynamic_reservation,6000,3216,0.536,0.6192424311182861,0.3183938166666521,0.31941760000000063,12340,0.3186891724374314,6000,6000,0.2429978258112229,3336,0.4547710132956552,0.33375164677431707,0.6662483532256829,0.49733333333333335,0.21177318748443233,0.8057820796966553,periodic,1.0,,,,,,,,,,,,
EDF-Dynamic-Reservation,28000,12298,0,15702,0,0,90,7,1000,101,edf_dynamic_reservation,7000,4244,0.6062857142857143,0.6196727435355063,0.27216912142855915,0.2710329142857148,12298,0.2721945687310827,7000,7000,0.20699239469907438,3322,0.45302803875042663,0.28398698385199433,0.7160130161480056,0.572,0.24603564405135225,0.9936132431030273,periodic,1.0,,,,,,,,,,,,
EDF-Dynamic-Reservation,28000,12332,0,15668,0,0,90,7,1000,202,edf_dynamic_reservation,7000,4214,0.602,0.6194055465455442,0.27280389999998755,0.27398320000000054,12332,0.2725370183952156,7000,7000,0.2067296442280196,3302,0.45363777370570396,0.2838428614773027,0.7161571385226972,0.5728571428571428,0.24690812947768437,1.0125811100006104,periodic,1.0,,,,,,,,,,,,
EDF-Dynamic-Reservation,28000,12288,0,15712,0,0,90,7,1000,303,edf_dynamic_reservation,7000,4264,0.6091428571428571,0.6197391276041395,0.2719769428571309,0.2690660571428577,12288,0.2710995872213267,7000,7000,0.20660099286996783,3344,0.45034330826928765,0.28362052832498924,0.7163794716750107,0.5711428571428572,0.24374231539931981,1.0295634269714355,periodic,1.0,,,,,,,,,,,,
EDF-Dynamic-Reservation,28000,12302,0,15698,0,0,90,7,1000,404,edf_dynamic_reservation,7000,4236,0.6051428571428571,0.6195833035278538,0.2722183499999878,0.27181965714285766,12302,0.27216221277495806,7000,7000,0.2074606818114574,3338,0.45077121570545636,0.2837096311485761,0.7162903688514239,0.5714285714285714,0.24331053389399895,1.0066418647766113,periodic,1.0,,,,,,,,,,,,
EDF-Dynamic-Reservation,28000,12340,0,15660,0,0,90,7,1000,505,edf_dynamic_reservation,7000,4190,0.5985714285714285,0.6190806320907326,0.2728376785714157,0.27634342857142913,12340,0.2734157472101011,7000,7000,0.20698953518436172,3330,0.45067932535841093,0.28457480107856453,0.7154251989214355,0.5708571428571428,0.2436897901740492,0.9883151054382324,periodic,1.0,,,,,,,,,,,,
EDF-Dynamic-Reservation,28000,12286,0,15714,0,0,90,7,1000,606,edf_dynamic_reservation,7000,4248,0.6068571428571429,0.6196311085788421,0.2718852785714162,0.2706395428571434,12286,0.271669567103395,7000,7000,0.20633242889221154,3316,0.45271354859811713,0.28296052921542875,0.7170394707845713,0.5711428571428572,0.2463811197059056,1.012193202972412,periodic,1.0,,,,,,,,,,,,
EDF-Dynamic-Reservation,28000,12300,0,15700,0,0,90,7,1000,707,edf_dynamic_reservation,7000,4220,0.6028571428571429,0.6196176910568821,0.2721891999999875,0.2733931428571434,12300,0.2724753401885443,7000,7000,0.20490281736761654,3300,0.45049803878134015,0.2821422539590144,0.7178577460409856,0.5748571428571428,0.2455952214137236,0.9932136535644531,periodic,1.0,,,,,,,,,,,,
EDF-Dynamic-Reservation,28000,12282,0,15718,0,0,90,7,1000,808,edf_dynamic_reservation,7000,4256,0.608,0.6196025728708408,0.27178424285713093,0.26985280000000056,12282,0.2709977592994137,7000,7000,0.20585635571631417,3310,0.45229157811817605,0.28126374863220927,0.7187362513677907,0.5731428571428572,0.2464352224018619,0.9930782318115234,periodic,1.0,,,,,,,,,,,,
EDF-Dynamic-Reservation,28000,12288,0,15712,0,0,90,7,1000,909,edf_dynamic_reservation,7000,4238,0.6054285714285714,0.6197025716145551,0.2719608999999876,0.27162297142857195,12288,0.27190616645848165,7000,7000,0.20519387059261943,3320,0.4509378154776444,0.2802921545817533,0.7197078454182467,0.5728571428571428,0.24574394488502496,0.987123966217041,periodic,1.0,,,,,,,,,,,,
EDF-Dynamic-Reservation,28000,12304,0,15696,0,0,90,7,1000,1010,edf_dynamic_reservation,7000,4242,0.606,0.6196170838751339,0.27227744999998743,0.2712296000000005,12304,0.2719640446061787,7000,7000,0.20718737623117034,3326,0.452140902433568,0.28322134955934963,0.7167786504406504,0.5702857142857143,0.2449535262023977,1.010847806930542,periodic,1.0,,,,,,,,,,,,
EDF-Dynamic-Reservation,32000,12352,0,19648,0,0,90,8,1000,101,edf_dynamic_reservation,8000,5296,0.662,0.6194326424870198,0.23910099999998963,0.23267920000000047,12352,0.23854410489206743,8000,8000,0.18030489004096287,3352,0.4483626062464013,0.26310627011871285,0.7368937298812872,0.625,0.2680577162054384,1.1803033351898193,periodic,1.0,,,,,,,,,,,,
EDF-Dynamic-Reservation,32000,12328,0,19672,0,0,90,8,1000,202,edf_dynamic_reservation,8000,5224,0.653,0.61958208955221,0.2386939999999889,0.23887480000000047,12328,0.23879753012899685,8000,8000,0.18340248325765257,3296,0.4663222616208021,0.2470797291406045,0.7529202708593955,0.624,0.2829197783631495,1.215287446975708,periodic,1.0,,,,,,,,,,,,
EDF-Dynamic-Reservation,32000,12296,0,19704,0,0,90,8,1000,303,edf_dynamic_reservation,8000,5256,0.657,0.6195265452179294,0.23805307499998934,0.23612120000000048,12296,0.23768530728920703,8000,8000,0.18170367228309028,3328,0.45431262849234877,0.2598845817578578,0.7401154182421422,0.62,0.2726089562092585,1.1819748878479004,periodic,1.0,,,,,,,,,,,,
EDF-Dynamic-Reservation,32000,12320,0,19680,0,0,90,8,1000,404,edf_dynamic_reservation,8000,5224,0.653,0.6192181818181539,0.23839899999998926,0.23887480000000047,12320,0.238249879000843,8000,8000,0.1797672661969355,3304,0.4500765767204993,0.2557760431439004,0.7442239568560995,0.628,0.2703093105235638,1.224067211151123,periodic,1.0,,,,,,,,,,,,
EDF-Dynamic-Reservation,32000,12376,0,19624,0,0,90,8,1000,505,edf_dynamic_reservation,8000,5144,0.643,0.6187916612798675,0.23931767499998877,0.2457588000000005,12376,0.2406654720589134,8000,8000,0.18368373452117082,3360,0.45338865269544726,0.25929743350897555,0.7407025664910245,0.622,0.26970491817427644,1.1880772113800049,periodic,1.0,,,,,,,,,,,,
EDF-Dynamic-Reservation,32000,12232,0,19768,0,0,90,8,1000,606,edf_dynamic_reservation,8000,5280,0.66,0.6199320470895721,0.2369690249999889,0.23405600000000046,12232,0.23600549758666617,8000,8000,0.18051585904274756,3296,0.4527572556899343,0.25356041921518463,0.7464395807848154,0.628,0.2722413966471867,1.1949520111083984,periodic,1.0,,,,,,,,,,,,
EDF-Dynamic-Reservation,32000,12336,0,19664,0,0,90,8,1000,707,edf_dynamic_reservation,8000,5176,0.647,0.6192254863812945,0.238711424999989,0.24300520000000048,12336,0.23917173493292224,8000,8000,0.18279338886947533,3272,0.46001507417415,0.2613716860405549,0.7386283139594452,0.632,0.27722168530467467,1.224743366241455,periodic,1.0,,,,,,,,,,,,
EDF-Dynamic-Reservation,32000,12272,0,19728,0,0,90,8,1000,808,edf_dynamic_reservation,8000,5272,0.659,0.6197220338982772,0.2376633999999893,0.23474440000000046,12272,0.23661915405696157,8000,8000,0.17755455981917284,3320,0.44303228695534336,0.23610144319373533,0.7638985568062646,0.628,0.2654777271361705,1.1749837398529053,periodic,1.0,,,,,,,,,,,,
EDF-Dynamic-Reservation,32000,12280,0,19720,0,0,90,8,1000,909,edf_dynamic_reservation,8000,5288,0.661,0.6199304234527409,0.23789829999998932,0.23336760000000045,12280,0.23598082594792613,8000,8000,0.17743958260120887,3280,0.4519496285814274,0.24106357820289415,0.7589364217971059,0.625,0.27451004598021855,1.1635100841522217,periodic,1.0,,,,,,,,,,,,
EDF-Dynamic-Reservation,32000,12408,0,19592,0,0,90,8,1000,1010,edf_dynamic_reservation,8000,5208,0.651,0.6189744680850787,0.2400073499999893,0.24025160000000048,12408,0.2404321372586323,8000,8000,0.1827383993751251,3384,0.450331684227038,0.2455610349808124,0.7544389650191876,0.622,0.2675932848519129,1.1824076175689697,periodic,1.0,,,,,,,,,,,,
EDF-Dynamic-Reservation,36000,12298,0,23702,0,0,90,9,1000,101,edf_dynamic_reservation,9000,6244,0.6937777777777778,0.6196727435355065,0.21168709444443498,0.2108033777777782,12298,0.21170740195007307,9000,9000,0.16099076951592464,3322,0.4530190570375436,0.2208785866279146,0.7791214133720854,0.6671111111111111,0.2920282875216189,1.3323204517364502,periodic,1.0,,,,,,,,,,,,
EDF-Dynamic-Reservation,36000,12332,0,23668,0,0,90,9,1000,202,edf_dynamic_reservation,9000,6214,0.6904444444444444,0.6194055465455444,0.21218081111110146,0.21309804444444486,12332,0.21197450827725625,9000,9000,0.1607945179969099,3302,0.4536508422629578,0.22076357905188496,0.7792364209481151,0.6677777777777778,0.2928563242660479,1.3457145690917969,periodic,1.0,,,,,,,,,,,,
EDF-Dynamic-Reservation,36000,12288,0,23712,0,0,90,9,1000,303,edf_dynamic_reservation,9000,6264,0.696,0.6197391276041397,0.21153762222221303,0.20927360000000042,12288,0.21085568120509765,9000,9000,0.16068782130410167,3344,0.45033835660874394,0.22059374425276942,0.7794062557472305,0.6664444444444444,0.28965053530464224,1.3677630424499512,periodic,1.0,,,,,,,,,,,,
EDF-Dynamic-Reservation,36000,12302,0,23698,0,0,90,9,1000,404,edf_dynamic_reservation,9000,6236,0.6928888888888889,0.6195833035278536,0.21172538333332377,0.2114152888888893,12302,0.2116820649303961,9000,9000,0.16135816273684656,3338,0.4507708238394937,0.22066304644889256,0.7793369535511074,0.6666666666666666,0.28941266110264713,1.3460884094238281,periodic,1.0,,,,,,,,,,,,
EDF-Dynamic-Reservation,36000,12340,0,23660,0,0,90,9,1000,505,edf_dynamic_reservation,9000,6190,0.6877777777777778,0.6190806320907328,0.21220708333332342,0.2149337777777782,12340,0.2126577720253863,9000,9000,0.16099170299325594,3330,0.450678899126811,0.22131336243146357,0.7786866375685364,0.6662222222222223,0.28968719613355504,1.3446424007415771,periodic,1.0,,,,,,,,,,,,
EDF-Dynamic-Reservation,36000,12286,0,23714,0,0,90,9,1000,606,edf_dynamic_reservation,9000,6248,0.6942222222222222,0.6196311085788418,0.21146632777776808,0.21049742222222265,12286,0.21129797458401553,9000,9000,0.16047055362537802,3316,0.4526857984120252,0.22007899204805154,0.7799210079519485,0.6664444444444444,0.2922152447866472,1.338341236114502,periodic,1.0,,,,,,,,,,,,
EDF-Dynamic-Reservation,36000,12300,0,23700,0,0,90,9,1000,707,edf_dynamic_reservation,9000,6220,0.6911111111111111,0.6196176910568824,0.21170271111110145,0.21263911111111153,12300,0.2119249738223853,9000,9000,0.15937028963069294,3300,0.4505019433579829,0.2194406004026488,0.7805593995973512,0.6693333333333333,0.29113165372728994,1.3430845737457275,periodic,1.0,,,,,,,,,,,,
EDF-Dynamic-Reservation,36000,12282,0,23718,0,0,90,9,1000,808,edf_dynamic_reservation,9000,6256,0.6951111111111111,0.6196025728708409,0.2113877444444352,0.20988551111111153,12282,0.21077603501065484,9000,9000,0.16011049889046616,3310,0.45229157811817544,0.2187606933806072,0.7812393066193928,0.668,0.2921810792277093,1.3542745113372803,periodic,1.0,,,,,,,,,,,,
EDF-Dynamic-Reservation,36000,12288,0,23712,0,0,90,9,1000,909,edf_dynamic_reservation,9000,6238,0.6931111111111111,0.6197025716145552,0.21152514444443485,0.21126231111111154,12288,0.2114825739121527,9000,9000,0.15959523268314874,3320,0.450937815477645,0.21800500911914142,0.7819949908808586,0.6677777777777778,0.29134258279449626,1.3399615287780762,periodic,1.0,,,,,,,,,,,,
EDF-Dynamic-Reservation,36000,12304,0,23696,0,0,90,9,1000,1010,edf_dynamic_reservation,9000,6242,0.6935555555555556,0.6196170838751343,0.21177134999999034,0.21095635555555597,12304,0.21152754089406856,9000,9000,0.16113129142263824,3326,0.45210181319290427,0.22028384886355068,0.7797161511364493,0.6657777777777778,0.29097052177026606,1.3564708232879639,periodic,1.0,,,,,,,,,,,,
EDF-Dynamic-Reservation,40000,12260,0,27740,0,0,90,10,1000,101,edf_dynamic_reservation,10000,7280,0.728,0.6199127243066592,0.19000324999999105,0.18724480000000038,12260,0.18797017733094656,10000,10000,0.1452665331409251,3240,0.47169293984117733,0.23809387217379815,0.7619061278262018,0.702,0.32642640670025225,1.5395336151123047,periodic,1.0,,,,,,,,,,,,
EDF-Dynamic-Reservation,40000,12180,0,27820,0,0,90,10,1000,202,edf_dynamic_reservation,10000,7320,0.732,0.6207463054186918,0.18901724999999164,0.18449120000000035,12180,0.18666565202024735,10000,10000,0.1348529943001088,3240,0.43700875225468555,0.15673433947813112,0.8432656605218689,0.702,0.3021557579545767,1.5322506427764893,periodic,1.0,,,,,,,,,,,,
EDF-Dynamic-Reservation,40000,12240,0,27760,0,0,90,10,1000,303,edf_dynamic_reservation,10000,7160,0.716,0.6188653594770944,0.18937279999999088,0.1955056000000004,12240,0.18981320645183128,10000,10000,0.15257000370835164,3240,0.4881622360466115,0.21881767559335186,0.7811823244066481,0.696,0.33559223233825985,1.5506587028503418,periodic,1.0,,,,,,,,,,,,
EDF-Dynamic-Reservation,40000,12360,0,27640,0,0,90,10,1000,404,edf_dynamic_reservation,10000,7140,0.714,0.618467152103531,0.19110634999999107,0.1968824000000004,12360,0.19162877722680344,10000,10000,0.14312015876563358,3280,0.44889641287342796,0.18349172782079468,0.8165082721792053,0.704,0.3057762541077944,1.5558686256408691,periodic,1.0,,,,,,,,,,,,
EDF-Dynamic-Reservation,40000,12420,0,27580,0,0,90,10,1000,505,edf_dynamic_reservation,10000,7160,0.716,0.6185959742350767,0.19207404999999134,0.1955056000000004,12420,0.1926012888031889,10000,10000,0.15497871447617384,3400,0.4691756973626668,0.21426713010026088,0.7857328698997391,0.69,0.31419698288649295,1.538926124572754,periodic,1.0,,,,,,,,,,,,
EDF-Dynamic-Reservation,40000,12280,0,27720,0,0,90,10,1000,606,edf_dynamic_reservation,10000,7320,0.732,0.6198680781758665,0.19029949999999102,0.18449120000000035,12280,0.18904671936289807,10000,10000,0.14032954824490135,3340,0.4415321931193729,0.20558733226558312,0.7944126677344169,0.704,0.30120264487447157,1.5526938438415527,periodic,1.0,,,,,,,,,,,,
EDF-Dynamic-Reservation,40000,12300,0,27700,0,0,90,10,1000,707,edf_dynamic_reservation,10000,7100,0.71,0.6192842276422467,0.19042989999999085,0.1996360000000004,12300,0.19064983141321887,10000,10000,0.15112037063603045,3280,0.47520903150910043,0.20414099808845182,0.7958590019115481,0.7,0.32408866087307,1.5457112789154053,periodic,1.0,,,,,,,,,,,,
EDF-Dynamic-Reservation,40000,12380,0,27620,0,0,90,10,1000,808,edf_dynamic_reservation,10000,7200,0.72,0.6191764135702474,0.1916350999999916,0.1927520000000004,12380,0.1913898530411103,10000,10000,0.13471699451728014,3380,0.41951184722137586,0.1873290015018895,0.8126709984981105,0.702,0.2847948527040957,1.5564098358154297,periodic,1.0,,,,,,,,,,,,
EDF-Dynamic-Reservation,40000,12300,0,27700,0,0,90,10,1000,909,edf_dynamic_reservation,10000,7280,0.728,0.6197634146341199,0.19057724999999187,0.18724480000000038,12300,0.1897748509593153,10000,10000,0.14861438969581933,3260,0.4809537371208589,0.1910411355837525,0.8089588644162475,0.696,0.33233934742503957,1.538383960723877,periodic,1.0,,,,,,,,,,,,
EDF-Dynamic-Reservation,40000,12420,0,27580,0,0,90,10,1000,1010,edf_dynamic_reservation,10000,7220,0.722,0.6183545893719535,0.19199909999999157,0.19137520000000038,12420,0.1909873372927508,10000,10000,0.1398246207104656,3280,0.4388881544753934,0.21472758398394468,0.7852724160160554,0.7,0.2990635337649278,1.623643398284912,periodic,1.0,,,,,,,,,,,,
HBTASP-Dynamic,16000,4000,0,,0,0,50,4,1000,101,,4000,1000,0.25,0.6655793250000083,0.16639483125000207,0.516300000000001,4000,0.2370727326301733,4000,4000,0.17868200596226932,2451,0.3934332351949077,0.1793952955687377,0.8206047044312623,0.55,0.21475122923263837,1.580815315246582,periodic,1.0,1000,11000,0,assigned_level_sensitivity,dynamic,0.0,False,True,0.0,0.0,0.0,0
HBTASP-Dynamic,16000,4000,0,,0,0,50,4,1000,202,,4000,1000,0.25,0.6656088000000083,0.16640220000000208,0.516300000000001,4000,0.24038048674960194,4000,4000,0.17671291924000032,2460,0.3875517220907066,0.1643919379336602,0.8356080620663398,0.551,0.21083880285070628,1.5756864547729492,periodic,1.0,1000,11000,0,assigned_level_sensitivity,dynamic,0.0,False,True,0.0,0.0,0.0,0
HBTASP-Dynamic,16000,4000,0,,0,0,50,4,1000,303,,4000,1000,0.25,0.6655989750000082,0.16639974375000205,0.516300000000001,4000,0.23965405491325822,4000,4000,0.18242336808955767,2468,0.3995105004489068,0.1830037229484116,0.8169962770515884,0.54725,0.21708713235934912,1.610741138458252,periodic,1.0,1000,11000,0,assigned_level_sensitivity,dynamic,0.0,False,True,0.0,0.0,0.0,0
HBTASP-Dynamic,16000,4000,0,,0,0,50,4,1000,404,,4000,1000,0.25,0.6655891500000082,0.16639728750000204,0.516300000000001,4000,0.2389355827227065,4000,4000,0.17816775534924026,2372,0.3978416196955978,0.1727458222026927,0.8272541777973073,0.55825,0.21967386434635752,1.569704294204712,periodic,1.0,1000,11000,0,assigned_level_sensitivity,dynamic,0.0,False,True,0.0,0.0,0.0,0
HBTASP-Dynamic,16000,4000,0,,0,0,50,4,1000,505,,4000,1000,0.25,0.6655793250000083,0.16639483125000207,0.516300000000001,4000,0.2382979187076841,4000,4000,0.18062191770933148,2426,0.4012505241703957,0.16945746642509169,0.8305425335749084,0.54025,0.22062860646106422,1.5463006496429443,periodic,1.0,1000,11000,0,assigned_level_sensitivity,dynamic,0.0,False,True,0.0,0.0,0.0,0
HBTASP-Dynamic,16000,4000,0,,0,0,50,4,1000,606,,4000,1000,0.25,0.6655891500000082,0.16639728750000204,0.516300000000001,4000,0.235692296804753,4000,4000,0.18606399294478884,2477,0.39969689978612516,0.17342092445869212,0.8265790755413078,0.541,0.21363290684133632,1.561452865600586,periodic,1.0,1000,11000,0,assigned_level_sensitivity,dynamic,0.0,False,True,0.0,0.0,0.0,0
HBTASP-Dynamic,16000,4000,0,,0,0,50,4,1000,707,,4000,1000,0.25,0.6655695000000083,0.16639237500000206,0.516300000000001,4000,0.23993726655627393,4000,4000,0.17836393645487564,2395,0.40388886280396336,0.17406672416724922,0.8259332758327508,0.554,0.22552492634908772,1.5820999145507812,periodic,1.0,1000,11000,0,assigned_level_sensitivity,dynamic,0.0,False,True,0.0,0.0,0.0,0
HBTASP-Dynamic,16000,4000,0,,0,0,50,4,1000,808,,4000,1000,0.25,0.6655891500000082,0.16639728750000204,0.516300000000001,4000,0.23621438246561963,4000,4000,0.19840861468850796,2496,0.4184927798532119,0.20418080998835234,0.7958191900116477,0.52975,0.22008416516470397,1.544281005859375,periodic,1.0,1000,11000,0,assigned_level_sensitivity,dynamic,0.0,False,True,0.0,0.0,0.0,0
HBTASP-Dynamic,16000,4000,0,,0,0,50,4,1000,909,,4000,1000,0.25,0.6655989750000082,0.16639974375000205,0.516300000000001,4000,0.2375906373453332,4000,4000,0.18366924464880435,2482,0.4031684762494616,0.17710890351515995,0.82289109648484,0.542,0.21949923160065726,1.5283896923065186,periodic,1.0,1000,11000,0,assigned_level_sensitivity,dynamic,0.0,False,True,0.0,0.0,0.0,0
HBTASP-Dynamic,16000,4000,0,,0,0,50,4,1000,1010,,4000,1000,0.25,0.6655891500000083,0.16639728750000207,0.516300000000001,4000,0.2408192265088398,4000,4000,0.1847879495299931,2378,0.4121028484089012,0.1842207883893663,0.8157792116106337,0.553,0.2273148988789081,1.5369822978973389,periodic,1.0,1000,11000,0,assigned_level_sensitivity,dynamic,0.0,False,True,0.0,0.0,0.0,0
HBTASP-Dynamic,20000,4000,0,,0,0,50,5,1000,101,,5000,2000,0.4,0.6655203750000083,0.13310407500000165,0.4130400000000008,4000,0.1926999892117019,5000,5000,0.1499083647782093,2448,0.41205032914656764,0.1450020693121056,0.8549979306878944,0.624,0.26214196436835835,1.8419363498687744,periodic,1.0,2000,14000,0,assigned_level_sensitivity,dynamic,0.0,False,True,0.0,0.0,0.0,0
HBTASP-Dynamic,20000,4000,0,,0,0,50,5,1000,202,,5000,2000,0.4,0.6656284500000083,0.13312569000000166,0.4130400000000008,4000,0.1902806201063602,5000,5000,0.1477193689031201,2540,0.4019652404951319,0.15059256674737026,0.8494074332526298,0.628,0.2542458715920118,1.8578321933746338,periodic,1.0,2000,14000,0,assigned_level_sensitivity,dynamic,0.0,False,True,0.0,0.0,0.0,0
HBTASP-Dynamic,20000,4000,0,,0,0,50,5,1000,303,,5000,2000,0.4,0.6655891500000082,0.13311783000000163,0.4130400000000008,4000,0.19088431206803352,5000,5000,0.1440742017998926,2430,0.3976592014811948,0.12942170289261065,0.8705782971073893,0.6402,0.2535849996813022,1.8675482273101807,periodic,1.0,2000,14000,0,assigned_level_sensitivity,dynamic,0.0,False,True,0.0,0.0,0.0,0
HBTASP-Dynamic,20000,4000,0,,0,0,50,5,1000,404,,5000,2000,0.4,0.6656186250000081,0.13312372500000164,0.4130400000000008,4000,0.19267811426580092,5000,5000,0.14714625100957468,2472,0.39478124625406147,0.13661760900939174,0.8633823909906082,0.6342,0.2476349952444868,1.8912982940673828,periodic,1.0,2000,14000,0,assigned_level_sensitivity,dynamic,0.0,False,True,0.0,0.0,0.0,0
HBTASP-Dynamic,20000,4000,0,,0,0,50,5,1000,505,,5000,2000,0.4,0.6655695000000083,0.13311390000000164,0.4130400000000008,4000,0.19226283014210624,5000,5000,0.14099102579072445,2451,0.3951942878366978,0.13134267239727232,0.8686573276027276,0.642,0.2542032620459733,1.848524808883667,periodic,1.0,2000,14000,0,assigned_level_sensitivity,dynamic,0.0,False,True,0.0,0.0,0.0,0
HBTASP-Dynamic,20000,4000,0,,0,0,50,5,1000,606,,5000,2000,0.4,0.6655989750000082,0.13311979500000162,0.4130400000000008,4000,0.19304128632760964,5000,5000,0.15360691024740142,2446,0.4253631935358664,0.15296631212644918,0.8470336878735508,0.6242,0.27175628328846496,1.860581874847412,periodic,1.0,2000,14000,0,assigned_level_sensitivity,dynamic,0.0,False,True,0.0,0.0,0.0,0
HBTASP-Dynamic,20000,4000,0,,0,0,50,5,1000,707,,5000,2000,0.4,0.6655695000000083,0.13311390000000164,0.4130400000000008,4000,0.19376534872463572,5000,5000,0.1391293199962078,2459,0.387249053137766,0.14536931966408648,0.8546306803359135,0.652,0.24811973314155816,1.8745720386505127,periodic,1.0,2000,14000,0,assigned_level_sensitivity,dynamic,0.0,False,True,0.0,0.0,0.0,0
HBTASP-Dynamic,20000,4000,0,,0,0,50,5,1000,808,,5000,2000,0.4,0.6655498500000083,0.13310997000000166,0.4130400000000008,4000,0.19264787180667464,5000,5000,0.16159240878806524,2533,0.4165489694412778,0.1745150345972004,0.8254849654027996,0.628,0.25495656065321254,1.8404157161712646,periodic,1.0,2000,14000,0,assigned_level_sensitivity,dynamic,0.0,False,True,0.0,0.0,0.0,0
HBTASP-Dynamic,20000,4000,0,,0,0,50,5,1000,909,,5000,2000,0.4,0.6655498500000083,0.13310997000000166,0.4130400000000008,4000,0.19368084823083126,5000,5000,0.15301166189049642,2540,0.41875548768439785,0.14539861396889942,0.8546013860311006,0.6136,0.26574382579390143,1.8589344024658203,periodic,1.0,2000,14000,0,assigned_level_sensitivity,dynamic,0.0,False,True,0.0,0.0,0.0,0
HBTASP-Dynamic,20000,4000,0,,0,0,50,5,1000,1010,,5000,2000,0.4,0.6655203750000083,0.13310407500000165,0.4130400000000008,4000,0.1919076958308895,5000,5000,0.1441450222614107,2420,0.40096402836138323,0.13049622030108513,0.8695037796989149,0.656,0.25681900609997255,1.8532297611236572,periodic,1.0,2000,14000,0,assigned_level_sensitivity,dynamic,0.0,False,True,0.0,0.0,0.0,0
HBTASP-Dynamic,24000,4000,0,,0,0,50,6,1000,101,,6000,3000,0.5,0.6655400250000083,0.11092333750000138,0.34420000000000067,4000,0.15925791986834217,6000,6000,0.12347549114919207,2482,0.406762378286126,0.12006736673516016,0.8799326332648398,0.6933333333333334,0.28328688713693395,2.212350606918335,periodic,1.0,3000,17000,0,assigned_level_sensitivity,dynamic,0.0,False,True,0.0,0.0,0.0,0
HBTASP-Dynamic,24000,4000,0,,0,0,50,6,1000,202,,6000,3000,0.5,0.6655891500000082,0.11093152500000136,0.34420000000000067,4000,0.1607528090517781,6000,6000,0.1210025414771064,2513,0.39201978074779925,0.11383428352991043,0.8861657164700896,0.6916666666666667,0.2710172392706929,2.2361793518066406,periodic,1.0,3000,17000,0,assigned_level_sensitivity,dynamic,0.0,False,True,0.0,0.0,0.0,0
HBTASP-Dynamic,24000,4000,0,,0,0,50,6,1000,303,,6000,3000,0.5,0.6655891500000082,0.11093152500000136,0.34420000000000067,4000,0.1606741574892621,6000,6000,0.12015543029468775,2504,0.3891762020970116,0.11609278458632702,0.883907215413673,0.6973333333333334,0.26902077180232387,2.2465627193450928,periodic,1.0,3000,17000,0,assigned_level_sensitivity,dynamic,0.0,False,True,0.0,0.0,0.0,0
HBTASP-Dynamic,24000,4000,0,,0,0,50,6,1000,404,,6000,3000,0.5,0.6656088000000083,0.11093480000000137,0.34420000000000067,4000,0.16012372164847408,6000,6000,0.12398564313913647,2469,0.4059867087277791,0.12225377225994187,0.8777462277400582,0.6928333333333333,0.28200106558864263,2.23128080368042,periodic,1.0,3000,17000,0,assigned_level_sensitivity,dynamic,0.0,False,True,0.0,0.0,0.0,0
HBTASP-Dynamic,24000,4000,0,,0,0,50,6,1000,505,,6000,3000,0.5,0.6655989750000083,0.11093316250000139,0.34420000000000067,4000,0.16108612086226787,6000,6000,0.12512384337497104,2482,0.40286964112514145,0.12140666350094748,0.8785933364990526,0.6951666666666667,0.2777457977501704,2.2126009464263916,periodic,1.0,3000,17000,0,assigned_level_sensitivity,dynamic,0.0,False,True,0.0,0.0,0.0,0
HBTASP-Dynamic,24000,4000,0,,0,0,50,6,1000,606,,6000,3000,0.5,0.6655891500000082,0.11093152500000136,0.34420000000000067,4000,0.15968185733538237,6000,6000,0.12160643587357334,2458,0.40793754445579317,0.11643340437655596,0.8835665956234441,0.696,0.28633110858221983,2.2035250663757324,periodic,1.0,3000,17000,0,assigned_level_sensitivity,dynamic,0.0,False,True,0.0,0.0,0.0,0
HBTASP-Dynamic,24000,4000,0,,0,0,50,6,1000,707,,6000,3000,0.5,0.6655891500000082,0.11093152500000136,0.34420000000000067,4000,0.1605431469313026,6000,6000,0.1206416839106838,2499,0.39461742366389907,0.11656524523347289,0.8834347547665271,0.6993333333333334,0.27397573975321526,2.2115519046783447,periodic,1.0,3000,17000,0,assigned_level_sensitivity,dynamic,0.0,False,True,0.0,0.0,0.0,0
HBTASP-Dynamic,24000,4000,0,,0,0,50,6,1000,808,,6000,3000,0.5,0.6655203750000083,0.11092006250000137,0.34420000000000067,4000,0.1587108253071138,6000,6000,0.12859040759877116,2530,0.41264372269687827,0.12608959661203753,0.8739104033879624,0.6831666666666667,0.2840533150981071,2.197787046432495,periodic,1.0,3000,17000,0,assigned_level_sensitivity,dynamic,0.0,False,True,0.0,0.0,0.0,0
HBTASP-Dynamic,24000,4000,0,,0,0,50,6,1000,909,,6000,3000,0.5,0.6655793250000083,0.11092988750000136,0.34420000000000067,4000,0.15989926343011845,6000,6000,0.12472164992570489,2523,0.4011248052310949,0.12357143212360933,0.8764285678763907,0.6903333333333334,0.27640315530539,2.2296485900878906,periodic,1.0,3000,17000,0,assigned_level_sensitivity,dynamic,0.0,False,True,0.0,0.0,0.0,0
HBTASP-Dynamic,24000,4000,0,,0,0,50,6,1000,1010,,6000,3000,0.5,0.6655695000000083,0.11092825000000138,0.34420000000000067,4000,0.16058990130449405,6000,6000,0.12201391156166633,2463,0.4032953768303751,0.12049946597378025,0.8795005340262197,0.6966666666666667,0.2812814652687088,2.2373170852661133,periodic,1.0,3000,17000,0,assigned_level_sensitivity,dynamic,0.0,False,True,0.0,0.0,0.0,0
HBTASP-Dynamic,28000,4000,0,,0,0,50,7,1000,101,,7000,4000,0.5714285714285714,0.6655891500000083,0.09508416428571548,0.295028571428572,4000,0.13777201137231038,7000,7000,0.10816294704325705,2539,0.40445690619800984,0.10249559499167006,0.89750440500833,0.7311428571428571,0.29629395915475276,2.637068510055542,periodic,1.0,4000,20000,0,assigned_level_sensitivity,dynamic,0.0,False,True,0.0,0.0,0.0,0
HBTASP-Dynamic,28000,4000,0,,0,0,50,7,1000,202,,7000,4000,0.5714285714285714,0.6655793250000083,0.0950827607142869,0.295028571428572,4000,0.137919182560965,7000,7000,0.1074572849457909,2548,0.4032934228216326,0.10274345674468868,0.8972565432553113,0.7308571428571429,0.29583613787584173,2.7023470401763916,periodic,1.0,4000,20000,0,assigned_level_sensitivity,dynamic,0.0,False,True,0.0,0.0,0.0,0
HBTASP-Dynamic,28000,4000,0,,0,0,50,7,1000,303,,7000,4000,0.5714285714285714,0.6655302000000082,0.09507574285714403,0.295028571428572,4000,0.13777832291541142,7000,7000,0.10593502548674925,2524,0.4023106683669634,0.10029963488566655,0.8997003651143335,0.7338571428571429,0.2963756428802141,2.6973302364349365,periodic,1.0,4000,20000,0,assigned_level_sensitivity,dynamic,0.0,False,True,0.0,0.0,0.0,0
HBTASP-Dynamic,28000,4000,0,,0,0,50,7,1000,404,,7000,4000,0.5714285714285714,0.6655793250000083,0.0950827607142869,0.295028571428572,4000,0.13773212812001356,7000,7000,0.10480572928945076,2516,0.3980485728519175,0.10318861760707826,0.8968113823929218,0.7365714285714285,0.29324284356246677,2.684783697128296,periodic,1.0,4000,20000,0,assigned_level_sensitivity,dynamic,0.0,False,True,0.0,0.0,0.0,0
HBTASP-Dynamic,28000,4000,0,,0,0,50,7,1000,505,,7000,4000,0.5714285714285714,0.6655498500000082,0.09507855000000116,0.295028571428572,4000,0.13783156003837288,7000,7000,0.10540086031880233,2543,0.39859268660292607,0.1003655935834757,0.8996344064165243,0.7362857142857143,0.29319182628412377,2.6664505004882812,periodic,1.0,4000,20000,0,assigned_level_sensitivity,dynamic,0.0,False,True,0.0,0.0,0.0,0
HBTASP-Dynamic,28000,4000,0,,0,0,50,7,1000,606,,7000,4000,0.5714285714285714,0.6655400250000083,0.09507714642857262,0.295028571428572,4000,0.1378401810016258,7000,7000,0.10489173322366435,2523,0.4035287558767278,0.09758700321981831,0.9024129967801817,0.735,0.29863702265306347,2.652921438217163,periodic,1.0,4000,20000,0,assigned_level_sensitivity,dynamic,0.0,False,True,0.0,0.0,0.0,0
HBTASP-Dynamic,28000,4000,0,,0,0,50,7,1000,707,,7000,4000,0.5714285714285714,0.6655105500000082,0.09507293571428689,0.295028571428572,4000,0.13790744898547583,7000,7000,0.105601235461065,2522,0.40227637856628956,0.10126806729899644,0.8987319327010036,0.7362857142857143,0.2966751431052246,2.6605072021484375,periodic,1.0,4000,20000,0,assigned_level_sensitivity,dynamic,0.0,False,True,0.0,0.0,0.0,0
HBTASP-Dynamic,28000,4000,0,,0,0,50,7,1000,808,,7000,4000,0.5714285714285714,0.6655400250000082,0.0950771464285726,0.295028571428572,4000,0.13778799964264707,7000,7000,0.1067127263742697,2540,0.4025204233024451,0.10224000871740484,0.8977599912825952,0.734,0.2958076969281754,2.8298935890197754,periodic,1.0,4000,20000,0,assigned_level_sensitivity,dynamic,0.0,False,True,0.0,0.0,0.0,0
HBTASP-Dynamic,28000,4000,0,,0,0,50,7,1000,909,,7000,4000,0.5714285714285714,0.6654909000000083,0.09507012857142975,0.295028571428572,4000,0.13767934887162095,7000,7000,0.1063297565978244,2549,0.40122071383677427,0.10118950915342226,0.8988104908465777,0.7305714285714285,0.29489095723894987,2.6690077781677246,periodic,1.0,4000,20000,0,assigned_level_sensitivity,dynamic,0.0,False,True,0.0,0.0,0.0,0
HBTASP-Dynamic,28000,4000,0,,0,0,50,7,1000,1010,,7000,4000,0.5714285714285714,0.6655203750000083,0.09507433928571546,0.295028571428572,4000,0.13799012896427923,7000,7000,0.10675508736472047,2534,0.40332658597534954,0.10252500351577581,0.8974749964842241,0.7322857142857143,0.29657149861062904,2.6961448192596436,periodic,1.0,4000,20000,0,assigned_level_sensitivity,dynamic,0.0,False,True,0.0,0.0,0.0,0
HBTASP-Dynamic,32000,4000,0,,0,0,50,8,1000,101,,8000,5000,0.625,0.6655891500000083,0.08319864375000104,0.2581500000000005,4000,0.12033244958465172,8000,8000,0.0913873631376247,2608,0.39158166220998225,0.0908343630438085,0.9091656369561915,0.762,0.30019429907235756,3.0793144702911377,periodic,1.0,5000,23000,0,assigned_level_sensitivity,dynamic,0.0,False,True,0.0,0.0,0.0,0
HBTASP-Dynamic,32000,4000,0,,0,0,50,8,1000,202,,8000,5000,0.625,0.6655891500000083,0.08319864375000104,0.2581500000000005,4000,0.12210859753231323,8000,8000,0.09115918531510396,2607,0.38703795673382396,0.07959860311335651,0.9204013968866435,0.762,0.29587877141872,3.119757652282715,periodic,1.0,5000,23000,0,assigned_level_sensitivity,dynamic,0.0,False,True,0.0,0.0,0.0,0
HBTASP-Dynamic,32000,4000,0,,0,0,50,8,1000,303,,8000,5000,0.625,0.6655105500000082,0.08318881875000103,0.2581500000000005,4000,0.12178106934726822,8000,8000,0.09208374227661335,2636,0.39064829606080925,0.08422963685200466,0.9157703631479953,0.75975,0.2985645537841959,3.0709495544433594,periodic,1.0,5000,23000,0,assigned_level_sensitivity,dynamic,0.0,False,True,0.0,0.0,0.0,0
HBTASP-Dynamic,32000,4000,0,,0,0,50,8,1000,404,,8000,5000,0.625,0.6655891500000082,0.08319864375000102,0.2581500000000005,4000,0.12130614183766943,8000,8000,0.0901501976961415,2513,0.38876956102762583,0.08678537742711434,0.9132146225728857,0.769,0.2986193633314843,3.1465818881988525,periodic,1.0,5000,23000,0,assigned_level_sensitivity,dynamic,0.0,False,True,0.0,0.0,0.0,0
HBTASP-Dynamic,32000,4000,0,,0,0,50,8,1000,505,,8000,5000,0.625,0.6656088000000083,0.08320110000000104,0.2581500000000005,4000,0.12093347253801284,8000,8000,0.08918028851754708,2535,0.3847432703929046,0.08736306210714083,0.9126369378928592,0.770625,0.29556298187535757,3.0931296348571777,periodic,1.0,5000,23000,0,assigned_level_sensitivity,dynamic,0.0,False,True,0.0,0.0,0.0,0
HBTASP-Dynamic,32000,4000,0,,0,0,50,8,1000,606,,8000,5000,0.625,0.6655793250000083,0.08319741562500103,0.2581500000000005,4000,0.12041286420687711,8000,8000,0.09076340440031308,2603,0.38641383910199084,0.08392777115757262,0.9160722288424273,0.769,0.29565043470167773,3.0592212677001953,periodic,1.0,5000,23000,0,assigned_level_sensitivity,dynamic,0.0,False,True,0.0,0.0,0.0,0
HBTASP-Dynamic,32000,4000,0,,0,0,50,8,1000,707,,8000,5000,0.625,0.6655695000000083,0.08319618750000103,0.2581500000000005,4000,0.12191483735418007,8000,8000,0.0922084252599695,2523,0.40840436732717594,0.087036983688908,0.912963016311092,0.766625,0.31619594206720647,3.0433309078216553,periodic,1.0,5000,23000,0,assigned_level_sensitivity,dynamic,0.0,False,True,0.0,0.0,0.0,0
HBTASP-Dynamic,32000,4000,0,,0,0,50,8,1000,808,,8000,5000,0.625,0.6656284500000081,0.08320355625000102,0.2581500000000005,4000,0.12038523400112923,8000,8000,0.09562016565987332,2564,0.4112611245020682,0.09296765855995824,0.9070323414400417,0.763,0.3156409588421949,3.1037590503692627,periodic,1.0,5000,23000,0,assigned_level_sensitivity,dynamic,0.0,False,True,0.0,0.0,0.0,0
HBTASP-Dynamic,32000,4000,0,,0,0,50,8,1000,909,,8000,5000,0.625,0.6656186250000081,0.08320232812500102,0.2581500000000005,4000,0.12100037591403844,8000,8000,0.09133029382205507,2626,0.3911005791550652,0.08053251878021284,0.9194674812197872,0.76075,0.2997702853330101,3.425759792327881,periodic,1.0,5000,23000,0,assigned_level_sensitivity,dynamic,0.0,False,True,0.0,0.0,0.0,0
HBTASP-Dynamic,32000,4000,0,,0,0,50,8,1000,1010,,8000,5000,0.625,0.6655400250000082,0.08319250312500102,0.2581500000000005,4000,0.12229907989701942,8000,8000,0.09654235376669947,2561,0.40930350202508237,0.09343537626078229,0.9065646237392178,0.756625,0.3127611482583829,3.3411805629730225,periodic,1.0,5000,23000,0,assigned_level_sensitivity,dynamic,0.0,False,True,0.0,0.0,0.0,0
HBTASP-Dynamic,36000,4000,0,,0,0,50,9,1000,101,,9000,6000,0.6666666666666666,0.6655891500000082,0.07395435000000092,0.2294666666666671,4000,0.10776711211732624,9000,9000,0.08340876112221289,2624,0.39679878489738457,0.07623623939962373,0.9237637606003762,0.7868888888888889,0.31339002377517167,3.678880214691162,periodic,1.0,6000,26000,0,assigned_level_sensitivity,dynamic,0.0,False,True,0.0,0.0,0.0,0
HBTASP-Dynamic,36000,4000,0,,0,0,50,9,1000,202,,9000,6000,0.6666666666666666,0.6656284500000081,0.07395871666666756,0.2294666666666671,4000,0.10809357501017117,9000,9000,0.0837412809281262,2633,0.39713355681881973,0.07776462437298433,0.9222353756270156,0.7875555555555556,0.3133922758906935,3.555649757385254,periodic,1.0,6000,26000,0,assigned_level_sensitivity,dynamic,0.0,False,True,0.0,0.0,0.0,0
HBTASP-Dynamic,36000,4000,0,,0,0,50,9,1000,303,,9000,6000,0.6666666666666666,0.6655989750000082,0.07395544166666758,0.2294666666666671,4000,0.10786300071693525,9000,9000,0.08453686723613232,2642,0.39993119011990313,0.07767276942703258,0.9223272305729674,0.7841111111111111,0.3153943228837708,3.5785088539123535,periodic,1.0,6000,26000,0,assigned_level_sensitivity,dynamic,0.0,False,True,0.0,0.0,0.0,0
HBTASP-Dynamic,36000,4000,0,,0,0,50,9,1000,404,,9000,6000,0.6666666666666666,0.6656186250000081,0.0739576250000009,0.2294666666666671,4000,0.10774982664643168,9000,9000,0.08313199643535271,2597,0.40083152817970624,0.07952888592374034,0.9204711140762597,0.7875555555555556,0.3176995317443535,3.6232590675354004,periodic,1.0,6000,26000,0,assigned_level_sensitivity,dynamic,0.0,False,True,0.0,0.0,0.0,0
HBTASP-Dynamic,36000,4000,0,,0,0,50,9,1000,505,,9000,6000,0.6666666666666666,0.6655302000000082,0.07394780000000091,0.2294666666666671,4000,0.10782703945726771,9000,9000,0.08204970034067137,2593,0.39672816344266415,0.07733101169602549,0.9226689883039745,0.7906666666666666,0.31467846310199277,3.557241678237915,periodic,1.0,6000,26000,0,assigned_level_sensitivity,dynamic,0.0,False,True,0.0,0.0,0.0,0
HBTASP-Dynamic,36000,4000,0,,0,0,50,9,1000,606,,9000,6000,0.6666666666666666,0.6655891500000082,0.07395435000000092,0.2294666666666671,4000,0.10808432714298188,9000,9000,0.08261217471897957,2609,0.39921698933329824,0.07507847051857376,0.9249215294814263,0.7886666666666666,0.31660481461431866,3.5664868354797363,periodic,1.0,6000,26000,0,assigned_level_sensitivity,dynamic,0.0,False,True,0.0,0.0,0.0,0
HBTASP-Dynamic,36000,4000,0,,0,0,50,9,1000,707,,9000,6000,0.6666666666666666,0.6656186250000082,0.07395762500000091,0.2294666666666671,4000,0.10802065912319862,9000,9000,0.08300406328957793,2575,0.40178315620496285,0.0792092642318544,0.9207907357681456,0.7911111111111111,0.3187790929153849,3.5946011543273926,periodic,1.0,6000,26000,0,assigned_level_sensitivity,dynamic,0.0,False,True,0.0,0.0,0.0,0
HBTASP-Dynamic,36000,4000,0,,0,0,50,9,1000,808,,9000,6000,0.6666666666666666,0.6655989750000083,0.07395544166666759,0.2294666666666671,4000,0.10783356716625402,9000,9000,0.08426036978307869,2636,0.4005949938626584,0.07939664667307009,0.9206033533269299,0.786,0.3163346240795797,3.606153964996338,periodic,1.0,6000,26000,0,assigned_level_sensitivity,dynamic,0.0,False,True,0.0,0.0,0.0,0
HBTASP-Dynamic,36000,4000,0,,0,0,50,9,1000,909,,9000,6000,0.6666666666666666,0.6655203750000083,0.07394670833333425,0.2294666666666671,4000,0.10781144723855457,9000,9000,0.08310240141066168,2642,0.39596950273058634,0.07635764417189915,0.9236423558281008,0.7852222222222223,0.3128671013199247,3.6409661769866943,periodic,1.0,6000,26000,0,assigned_level_sensitivity,dynamic,0.0,False,True,0.0,0.0,0.0,0
HBTASP-Dynamic,36000,4000,0,,0,0,50,9,1000,1010,,9000,6000,0.6666666666666666,0.6655989750000082,0.07395544166666758,0.2294666666666671,4000,0.10795937760976758,9000,9000,0.08350611035995893,2603,0.4009257191955353,0.07791061507700187,0.9220893849229981,0.7877777777777778,0.3174196088355764,3.6493730545043945,periodic,1.0,6000,26000,0,assigned_level_sensitivity,dynamic,0.0,False,True,0.0,0.0,0.0,0
HBTASP-Dynamic,40000,4000,0,,0,0,50,10,1000,101,,10000,7000,0.7,0.6655302000000082,0.06655302000000082,0.2065200000000004,4000,0.0962186992612404,10000,10000,0.07356610862076012,2589,0.4043948284456944,0.06384616253261712,0.9361538374673829,0.796,0.3308287198249343,4.160563230514526,periodic,1.0,7000,29000,0,assigned_level_sensitivity,dynamic,0.0,False,True,0.0,0.0,0.0,0
HBTASP-Dynamic,40000,4000,0,,0,0,50,10,1000,202,,10000,7000,0.7,0.6655596750000082,0.06655596750000083,0.2065200000000004,4000,0.09744400208382717,10000,10000,0.07750743839988428,2643,0.410883456951548,0.07472823020608799,0.925271769793912,0.802,0.3333760185516637,4.190488338470459,periodic,1.0,7000,29000,0,assigned_level_sensitivity,dynamic,0.0,False,True,0.0,0.0,0.0,0
HBTASP-Dynamic,40000,4000,0,,0,0,50,10,1000,303,,10000,7000,0.7,0.6655989750000082,0.06655989750000081,0.2065200000000004,4000,0.09620005498786534,10000,10000,0.07100959715497249,2597,0.36883979240543474,0.05474292434148192,0.9452570756585181,0.826,0.2978301952504623,4.139262914657593,periodic,1.0,7000,29000,0,assigned_level_sensitivity,dynamic,0.0,False,True,0.0,0.0,0.0,0
HBTASP-Dynamic,40000,4000,0,,0,0,50,10,1000,404,,10000,7000,0.7,0.6655695000000083,0.06655695000000082,0.2065200000000004,4000,0.09615496006193698,10000,10000,0.0771916975036582,2685,0.40438569654813705,0.07371222722357497,0.926287772776425,0.804,0.3271939990444789,4.20270299911499,periodic,1.0,7000,29000,0,assigned_level_sensitivity,dynamic,0.0,False,True,0.0,0.0,0.0,0
HBTASP-Dynamic,40000,4000,0,,0,0,50,10,1000,505,,10000,7000,0.7,0.6655989750000082,0.06655989750000081,0.2065200000000004,4000,0.09895948946170631,10000,10000,0.06374050338162152,2493,0.3633067932240486,0.06331690742150688,0.9366830925784931,0.83,0.29956628984242706,4.086929798126221,periodic,1.0,7000,29000,0,assigned_level_sensitivity,dynamic,0.0,False,True,0.0,0.0,0.0,0
HBTASP-Dynamic,40000,4000,0,,0,0,50,10,1000,606,,10000,7000,0.7,0.6655891500000082,0.06655891500000082,0.2065200000000004,4000,0.0978117682430941,10000,10000,0.07294322977476651,2626,0.37836001882323983,0.07060928527253965,0.9293907147274604,0.812,0.3054167890484733,4.141510963439941,periodic,1.0,7000,29000,0,assigned_level_sensitivity,dynamic,0.0,False,True,0.0,0.0,0.0,0
HBTASP-Dynamic,40000,4000,0,,0,0,50,10,1000,707,,10000,7000,0.7,0.6655400250000082,0.06655400250000082,0.2065200000000004,4000,0.09950947499000337,10000,10000,0.0719822767447802,2608,0.38130788484084915,0.0594509040557116,0.9405490959442884,0.822,0.30932560809606896,4.14204478263855,periodic,1.0,7000,29000,0,assigned_level_sensitivity,dynamic,0.0,False,True,0.0,0.0,0.0,0
HBTASP-Dynamic,40000,4000,0,,0,0,50,10,1000,808,,10000,7000,0.7,0.6656284500000081,0.06656284500000081,0.2065200000000004,4000,0.09492666748344099,10000,10000,0.08238807747095733,2692,0.41602627514755613,0.080271431433976,0.919728568566024,0.804,0.3336381976765988,4.14661717414856,periodic,1.0,7000,29000,0,assigned_level_sensitivity,dynamic,0.0,False,True,0.0,0.0,0.0,0
HBTASP-Dynamic,40000,4000,0,,0,0,50,10,1000,909,,10000,7000,0.7,0.6655498500000082,0.06655498500000082,0.2065200000000004,4000,0.09767731582208648,10000,10000,0.08029338283181321,2702,0.4102639645670868,0.07624761880740527,0.9237523811925947,0.7911,0.3299705817352736,4.174196481704712,periodic,1.0,7000,29000,0,assigned_level_sensitivity,dynamic,0.0,False,True,0.0,0.0,0.0,0
HBTASP-Dynamic,40000,4000,0,,0,0,50,10,1000,1010,,10000,7000,0.7,0.6656088000000081,0.06656088000000082,0.2065200000000004,4000,0.09836415328691894,10000,10000,0.07505936159454668,2628,0.3885489001600281,0.07202776760499935,0.9279722323950006,0.814,0.3134895385654814,4.209600925445557,periodic,1.0,7000,29000,0,assigned_level_sensitivity,dynamic,0.0,False,True,0.0,0.0,0.0,0
HBTASP-Dynamic,16000,7000,0,,0,0,60,4,1000,101,,4000,1000,0.25,0.6288276000000289,0.2751120750000126,0.516300000000001,7000,0.3523096169836731,4000,4000,0.26974605426562326,3040,0.4129192432580205,0.34852391199146787,0.6514760880085322,0.381,0.14317318899239723,1.7813656330108643,periodic,1.0,1000,8000,0,assigned_level_sensitivity,dynamic,0.0,False,True,0.0,0.0,0.0,0
HBTASP-Dynamic,16000,7000,0,,0,0,60,4,1000,202,,4000,1000,0.25,0.6288276000000289,0.2751120750000126,0.516300000000001,7000,0.3556067899762752,4000,4000,0.26785767895351476,3116,0.3995069310539789,0.32791430937769717,0.6720856906223028,0.385,0.13164925210046413,1.7895212173461914,periodic,1.0,1000,8000,0,assigned_level_sensitivity,dynamic,0.0,False,True,0.0,0.0,0.0,0
HBTASP-Dynamic,16000,7000,0,,0,0,60,4,1000,303,,4000,1000,0.25,0.6288276000000287,0.27511207500001256,0.516300000000001,7000,0.355962417849786,4000,4000,0.2786572518658313,3164,0.41401479193569957,0.3400849946971044,0.6599150053028956,0.343,0.13535754006986828,1.8318145275115967,periodic,1.0,1000,8000,0,assigned_level_sensitivity,dynamic,0.0,False,True,0.0,0.0,0.0,0
HBTASP-Dynamic,16000,7000,0,,0,0,60,4,1000,404,,4000,1000,0.25,0.628833214285743,0.2751145312500126,0.516300000000001,7000,0.3542590870813278,4000,4000,0.27182568735086343,3083,0.40929919737717396,0.3335230477517775,0.6664769522482226,0.386,0.13747351002631053,1.7571139335632324,periodic,1.0,1000,8000,0,assigned_level_sensitivity,dynamic,0.0,False,True,0.0,0.0,0.0,0
HBTASP-Dynamic,16000,7000,0,,0,0,60,4,1000,505,,4000,1000,0.25,0.628833214285743,0.2751145312500126,0.516300000000001,7000,0.3535392171362746,4000,4000,0.26931915765504955,3003,0.4110043682447292,0.3220875019401089,0.6779124980598912,0.378,0.14168521058967964,1.7694125175476074,periodic,1.0,1000,8000,0,assigned_level_sensitivity,dynamic,0.0,False,True,0.0,0.0,0.0,0
HBTASP-Dynamic,16000,7000,0,,0,0,60,4,1000,606,,4000,1000,0.25,0.6288219857143145,0.2751096187500126,0.516300000000001,7000,0.3515248142910799,4000,4000,0.26654439220360204,2979,0.41163597619771164,0.30778106892231166,0.6922189310776883,0.393,0.1450915839941096,1.782285213470459,periodic,1.0,1000,8000,0,assigned_level_sensitivity,dynamic,0.0,False,True,0.0,0.0,0.0,0
HBTASP-Dynamic,16000,7000,0,,0,0,60,4,1000,707,,4000,1000,0.25,0.6288276000000287,0.27511207500001256,0.516300000000001,7000,0.35577711524216715,4000,4000,0.2803734285410525,3027,0.43122403447987584,0.3441022667972629,0.6558977332027371,0.367,0.15085060593882332,1.7892587184906006,periodic,1.0,1000,8000,0,assigned_level_sensitivity,dynamic,0.0,False,True,0.0,0.0,0.0,0
HBTASP-Dynamic,16000,7000,0,,0,0,60,4,1000,808,,4000,1000,0.25,0.6288276000000287,0.27511207500001256,0.516300000000001,7000,0.35184961554029937,4000,4000,0.2835211188888222,3056,0.4306802874493347,0.3470493055955666,0.6529506944044334,0.364,0.14715916856051248,1.7927260398864746,periodic,1.0,1000,8000,0,assigned_level_sensitivity,dynamic,0.0,False,True,0.0,0.0,0.0,0
HBTASP-Dynamic,16000,7000,0,,0,0,60,4,1000,909,,4000,1000,0.25,0.6288276000000289,0.2751120750000126,0.516300000000001,7000,0.353519573308555,4000,4000,0.27102303563412133,3036,0.409299302321398,0.33415155854521217,0.6658484414547878,0.387,0.13827626668727666,1.7220091819763184,periodic,1.0,1000,8000,0,assigned_level_sensitivity,dynamic,0.0,False,True,0.0,0.0,0.0,0
HBTASP-Dynamic,16000,7000,0,,0,0,60,4,1000,1010,,4000,1000,0.25,0.6288219857143145,0.2751096187500126,0.516300000000001,7000,0.35578605986263123,4000,4000,0.2768582377528106,3048,0.41688882548973283,0.33229520507290977,0.6677047949270902,0.368,0.14003058773692223,1.7342004776000977,periodic,1.0,1000,8000,0,assigned_level_sensitivity,dynamic,0.0,False,True,0.0,0.0,0.0,0
HBTASP-Dynamic,20000,7000,0,,0,0,60,5,1000,101,,5000,2000,0.4,0.6288107571428859,0.2200837650000101,0.4130400000000008,7000,0.28806373153831577,5000,5000,0.2304264770897492,3360,0.41252639332352714,0.2807002789553061,0.7192997210446939,0.456,0.18209991623377794,2.0515928268432617,periodic,1.0,2000,11000,0,assigned_level_sensitivity,dynamic,0.0,False,True,0.0,0.0,0.0,0
HBTASP-Dynamic,20000,7000,0,,0,0,60,5,1000,202,,5000,2000,0.4,0.6288107571428859,0.2200837650000101,0.4130400000000008,7000,0.28589740425039434,5000,5000,0.230179006579533,3358,0.40482099295829044,0.2774266609990347,0.7225733390009653,0.464,0.17464198637875744,2.085151195526123,periodic,1.0,2000,11000,0,assigned_level_sensitivity,dynamic,0.0,False,True,0.0,0.0,0.0,0
HBTASP-Dynamic,20000,7000,0,,0,0,60,5,1000,303,,5000,2000,0.4,0.6288163714286001,0.22008573000001005,0.4130400000000008,7000,0.285571857991192,5000,5000,0.2305009382125455,3340,0.41695147518697795,0.27222533106726965,0.7277746689327304,0.45,0.18645053697443245,2.1848411560058594,periodic,1.0,2000,11000,0,assigned_level_sensitivity,dynamic,0.0,False,True,0.0,0.0,0.0,0
HBTASP-Dynamic,20000,7000,0,,0,0,60,5,1000,404,,5000,2000,0.4,0.6288219857143145,0.22008769500001008,0.4130400000000008,7000,0.2888890732905724,5000,5000,0.23107571414663372,3450,0.4022871987524763,0.2629412619515035,0.7370587380484965,0.452,0.1712114846058426,2.0792131423950195,periodic,1.0,2000,11000,0,assigned_level_sensitivity,dynamic,0.0,False,True,0.0,0.0,0.0,0
HBTASP-Dynamic,20000,7000,0,,0,0,60,5,1000,505,,5000,2000,0.4,0.6288219857143145,0.22008769500001008,0.4130400000000008,7000,0.2876686394325123,5000,5000,0.22720854068413487,3400,0.4064099305232876,0.25142136313142766,0.7485786368685723,0.464,0.17920138983915274,2.077678918838501,periodic,1.0,2000,11000,0,assigned_level_sensitivity,dynamic,0.0,False,True,0.0,0.0,0.0,0
HBTASP-Dynamic,20000,7000,0,,0,0,60,5,1000,606,,5000,2000,0.4,0.6288107571428859,0.2200837650000101,0.4130400000000008,7000,0.2877926175509081,5000,5000,0.2292947936476352,3371,0.4133466489222642,0.2785248100259387,0.7214751899740612,0.4602,0.184051855274629,2.073737382888794,periodic,1.0,2000,11000,0,assigned_level_sensitivity,dynamic,0.0,False,True,0.0,0.0,0.0,0
HBTASP-Dynamic,20000,7000,0,,0,0,60,5,1000,707,,5000,2000,0.4,0.6288276000000289,0.2200896600000101,0.4130400000000008,7000,0.28898410915521644,5000,5000,0.2237241988743649,3350,0.39797278101839373,0.2678530035852965,0.7321469964147035,0.476,0.17424858214402883,2.0678179264068604,periodic,1.0,2000,11000,0,assigned_level_sensitivity,dynamic,0.0,False,True,0.0,0.0,0.0,0
HBTASP-Dynamic,20000,7000,0,,0,0,60,5,1000,808,,5000,2000,0.4,0.6288163714286001,0.22008573000001005,0.4130400000000008,7000,0.2879327173522894,5000,5000,0.23931417249444617,3361,0.4244488143173831,0.29370902743485006,0.7062909725651499,0.454,0.18513464182293696,2.0840766429901123,periodic,1.0,2000,11000,0,assigned_level_sensitivity,dynamic,0.0,False,True,0.0,0.0,0.0,0
HBTASP-Dynamic,20000,7000,0,,0,0,60,5,1000,909,,5000,2000,0.4,0.6288219857143145,0.22008769500001008,0.4130400000000008,7000,0.28880990472726453,5000,5000,0.23383634231175585,3430,0.41203761238395925,0.269663637253091,0.730336362746909,0.458,0.1782012700722034,2.0756871700286865,periodic,1.0,2000,11000,0,assigned_level_sensitivity,dynamic,0.0,False,True,0.0,0.0,0.0,0
HBTASP-Dynamic,20000,7000,0,,0,0,60,5,1000,1010,,5000,2000,0.4,0.6288163714286001,0.22008573000001005,0.4130400000000008,7000,0.28723144741424,5000,5000,0.2235115544897883,3360,0.41414525433153326,0.24617134398792093,0.753828656012079,0.47,0.19063369984174497,2.0649051666259766,periodic,1.0,2000,11000,0,assigned_level_sensitivity,dynamic,0.0,False,True,0.0,0.0,0.0,0
HBTASP-Dynamic,24000,7000,0,,0,0,60,6,1000,101,,6000,3000,0.5,0.6288219857143145,0.1834064125000084,0.34420000000000067,7000,0.24144065098158088,6000,6000,0.19187436882031106,3634,0.39542452471662476,0.22188934363475174,0.7781106563652482,0.5356666666666666,0.2035501558963137,2.4399707317352295,periodic,1.0,3000,14000,0,assigned_level_sensitivity,dynamic,0.0,False,True,0.0,0.0,0.0,0
HBTASP-Dynamic,24000,7000,0,,0,0,60,6,1000,202,,6000,3000,0.5,0.6288219857143145,0.1834064125000084,0.34420000000000067,7000,0.24295271195271126,6000,6000,0.1949705351040497,3665,0.39814616924885077,0.22880850209636167,0.7711914979036383,0.5216666666666666,0.20317563414480105,2.5136871337890625,periodic,1.0,3000,14000,0,assigned_level_sensitivity,dynamic,0.0,False,True,0.0,0.0,0.0,0
HBTASP-Dynamic,24000,7000,0,,0,0,60,6,1000,303,,6000,3000,0.5,0.6288219857143145,0.1834064125000084,0.34420000000000067,7000,0.24254419919541337,6000,6000,0.19046121375009606,3656,0.3907493729792102,0.22321266343725943,0.7767873365627406,0.5325,0.20028815922911414,2.4322967529296875,periodic,1.0,3000,14000,0,assigned_level_sensitivity,dynamic,0.0,False,True,0.0,0.0,0.0,0
HBTASP-Dynamic,24000,7000,0,,0,0,60,6,1000,404,,6000,3000,0.5,0.6288388285714575,0.1834113250000084,0.34420000000000067,7000,0.2421411632309735,6000,6000,0.19704667122633024,3675,0.399131183835553,0.22670343071697716,0.7732965692830228,0.5243333333333333,0.20208451260922278,2.376553535461426,periodic,1.0,3000,14000,0,assigned_level_sensitivity,dynamic,0.0,False,True,0.0,0.0,0.0,0
HBTASP-Dynamic,24000,7000,0,,0,0,60,6,1000,505,,6000,3000,0.5,0.6288163714286001,0.18340477500000837,0.34420000000000067,7000,0.24280468552540804,6000,6000,0.1966453739372546,3648,0.4049751863436442,0.2314862301518515,0.7685137698481486,0.522,0.20832981240638962,2.3909597396850586,periodic,1.0,3000,14000,0,assigned_level_sensitivity,dynamic,0.0,False,True,0.0,0.0,0.0,0
HBTASP-Dynamic,24000,7000,0,,0,0,60,6,1000,606,,6000,3000,0.5,0.6288219857143145,0.1834064125000084,0.34420000000000067,7000,0.24152136787195316,6000,6000,0.19578892663131955,3642,0.40445699231957316,0.22507441239737616,0.7749255876026239,0.5253333333333333,0.2086680656882536,2.4238829612731934,periodic,1.0,3000,14000,0,assigned_level_sensitivity,dynamic,0.0,False,True,0.0,0.0,0.0,0
HBTASP-Dynamic,24000,7000,0,,0,0,60,6,1000,707,,6000,3000,0.5,0.6288276000000289,0.18340805000000843,0.34420000000000067,7000,0.2424422599628438,6000,6000,0.1931584806654591,3613,0.4004567345151979,0.22392582259998742,0.7760741774000126,0.5276666666666666,0.20729825384973882,2.394580602645874,periodic,1.0,3000,14000,0,assigned_level_sensitivity,dynamic,0.0,False,True,0.0,0.0,0.0,0
HBTASP-Dynamic,24000,7000,0,,0,0,60,6,1000,808,,6000,3000,0.5,0.6288276000000289,0.18340805000000843,0.34420000000000067,7000,0.24076620428060402,6000,6000,0.19979596150756596,3628,0.4077737564585431,0.23821124721615497,0.7617887527838451,0.525,0.20797779495097712,2.5242419242858887,periodic,1.0,3000,14000,0,assigned_level_sensitivity,dynamic,0.0,False,True,0.0,0.0,0.0,0
HBTASP-Dynamic,24000,7000,0,,0,0,60,6,1000,909,,6000,3000,0.5,0.6288276000000289,0.18340805000000843,0.34420000000000067,7000,0.2421738162275125,6000,6000,0.1912978631499262,3642,0.391195525080796,0.22650432313546984,0.7734956768645301,0.536,0.19989766193086983,2.4051129817962646,periodic,1.0,3000,14000,0,assigned_level_sensitivity,dynamic,0.0,False,True,0.0,0.0,0.0,0
HBTASP-Dynamic,24000,7000,0,,0,0,60,6,1000,1010,,6000,3000,0.5,0.6288163714286001,0.18340477500000837,0.34420000000000067,7000,0.24246086477382434,6000,6000,0.19438120809899734,3638,0.3964418097146016,0.22453531009170116,0.7754646899082989,0.5306666666666666,0.20206060161560424,2.401463508605957,periodic,1.0,3000,14000,0,assigned_level_sensitivity,dynamic,0.0,False,True,0.0,0.0,0.0,0
HBTASP-Dynamic,28000,7000,0,,0,0,60,7,1000,101,,7000,4000,0.5714285714285714,0.6288388285714575,0.15720970714286436,0.295028571428572,7000,0.20966554103892385,7000,7000,0.16934097789070646,3858,0.39371830042887374,0.1950060157653004,0.8049939842346996,0.5788571428571428,0.22437732253816728,2.85723614692688,periodic,1.0,4000,17000,0,assigned_level_sensitivity,dynamic,0.0,False,True,0.0,0.0,0.0,0
HBTASP-Dynamic,28000,7000,0,,0,0,60,7,1000,202,,7000,4000,0.5714285714285714,0.628833214285743,0.15720830357143575,0.295028571428572,7000,0.2096070876449555,7000,7000,0.17154729737562216,3866,0.39653978419593566,0.19610302730935014,0.8038969726906499,0.5722857142857143,0.2249924868203135,2.804292917251587,periodic,1.0,4000,17000,0,assigned_level_sensitivity,dynamic,0.0,False,True,0.0,0.0,0.0,0
HBTASP-Dynamic,28000,7000,0,,0,0,60,7,1000,303,,7000,4000,0.5714285714285714,0.6288276000000289,0.15720690000000723,0.295028571428572,7000,0.20952295254782338,7000,7000,0.16567961743145962,3781,0.3916671718540689,0.19673665589249031,0.8032633441075097,0.5885714285714285,0.2259875544226093,2.811633586883545,periodic,1.0,4000,17000,0,assigned_level_sensitivity,dynamic,0.0,False,True,0.0,0.0,0.0,0
HBTASP-Dynamic,28000,7000,0,,0,0,60,7,1000,404,,7000,4000,0.5714285714285714,0.6288388285714575,0.15720970714286436,0.295028571428572,7000,0.2095159323689668,7000,7000,0.16793239342946525,3856,0.39280257539927194,0.19204336748761017,0.8079566325123898,0.576,0.22487018196980668,2.8113391399383545,periodic,1.0,4000,17000,0,assigned_level_sensitivity,dynamic,0.0,False,True,0.0,0.0,0.0,0
HBTASP-Dynamic,28000,7000,0,,0,0,60,7,1000,505,,7000,4000,0.5714285714285714,0.6288219857143145,0.15720549642857862,0.295028571428572,7000,0.20987102398164803,7000,7000,0.16752875625715058,3782,0.39564629160501447,0.19169935546288563,0.8083006445371144,0.5848571428571429,0.2281175353478639,2.799381971359253,periodic,1.0,4000,17000,0,assigned_level_sensitivity,dynamic,0.0,False,True,0.0,0.0,0.0,0
HBTASP-Dynamic,28000,7000,0,,0,0,60,7,1000,606,,7000,4000,0.5714285714285714,0.628833214285743,0.15720830357143575,0.295028571428572,7000,0.20942077219759955,7000,7000,0.1699166841848716,3864,0.3966048858860669,0.18815686764634557,0.8118431323536545,0.5744285714285714,0.2266882017011953,2.799983024597168,periodic,1.0,4000,17000,0,assigned_level_sensitivity,dynamic,0.0,False,True,0.0,0.0,0.0,0
HBTASP-Dynamic,28000,7000,0,,0,0,60,7,1000,707,,7000,4000,0.5714285714285714,0.628833214285743,0.15720830357143575,0.295028571428572,7000,0.2098484165171756,7000,7000,0.1682714405288821,3838,0.3918248360117785,0.19190859460967127,0.8080914053903288,0.5818571428571429,0.22355339548289638,2.815560817718506,periodic,1.0,4000,17000,0,assigned_level_sensitivity,dynamic,0.0,False,True,0.0,0.0,0.0,0
HBTASP-Dynamic,28000,7000,0,,0,0,60,7,1000,808,,7000,4000,0.5714285714285714,0.6288276000000289,0.15720690000000723,0.295028571428572,7000,0.2095279728395349,7000,7000,0.17254958977416834,3864,0.39670915208951785,0.19649421072449216,0.8035057892755079,0.5787142857142857,0.2241595623153495,2.8827271461486816,periodic,1.0,4000,17000,0,assigned_level_sensitivity,dynamic,0.0,False,True,0.0,0.0,0.0,0
HBTASP-Dynamic,28000,7000,0,,0,0,60,7,1000,909,,7000,4000,0.5714285714285714,0.6288276000000289,0.15720690000000723,0.295028571428572,7000,0.20945820598269638,7000,7000,0.16843674848008594,3854,0.39301471765427337,0.19349325777055928,0.8065067422294407,0.5788571428571428,0.22457796917418743,2.8179092407226562,periodic,1.0,4000,17000,0,assigned_level_sensitivity,dynamic,0.0,False,True,0.0,0.0,0.0,0
HBTASP-Dynamic,28000,7000,0,,0,0,60,7,1000,1010,,7000,4000,0.5714285714285714,0.6288444428571718,0.15721111071429295,0.295028571428572,7000,0.2096592528512926,7000,7000,0.16813764444652732,3819,0.39309259162200527,0.19323364438308316,0.8067663556169169,0.5851428571428572,0.22495494717547795,2.812114953994751,periodic,1.0,4000,17000,0,assigned_level_sensitivity,dynamic,0.0,False,True,0.0,0.0,0.0,0
HBTASP-Dynamic,32000,7000,0,,0,0,60,8,1000,101,,8000,5000,0.625,0.6288219857143145,0.1375548093750063,0.2581500000000005,7000,0.1842463495313815,8000,8000,0.146704109669589,3932,0.3909358116574639,0.17118383363208745,0.8288161663679126,0.63,0.2442317019878749,3.2311694622039795,periodic,1.0,5000,20000,0,assigned_level_sensitivity,dynamic,0.0,False,True,0.0,0.0,0.0,0
HBTASP-Dynamic,32000,7000,0,,0,0,60,8,1000,202,,8000,5000,0.625,0.6288444428571716,0.13755972187500629,0.2581500000000005,7000,0.18552356800635583,8000,8000,0.14395471944564678,3911,0.3838479811268562,0.15863672288387182,0.8413632771161281,0.6305,0.23989326168120942,3.266308546066284,periodic,1.0,5000,20000,0,assigned_level_sensitivity,dynamic,0.0,False,True,0.0,0.0,0.0,0
HBTASP-Dynamic,32000,7000,0,,0,0,60,8,1000,303,,8000,5000,0.625,0.6288276000000287,0.13755603750000628,0.2581500000000005,7000,0.18573410635914347,8000,8000,0.14536284292466486,3983,0.38215721990448975,0.16611903667401332,0.8338809633259867,0.628,0.2367943769798249,3.2361667156219482,periodic,1.0,5000,20000,0,assigned_level_sensitivity,dynamic,0.0,False,True,0.0,0.0,0.0,0
HBTASP-Dynamic,32000,7000,0,,0,0,60,8,1000,404,,8000,5000,0.625,0.6288276000000289,0.1375560375000063,0.2581500000000005,7000,0.1847674391191417,8000,8000,0.14292367684065704,3856,0.38058969870374354,0.16501945961156939,0.8349805403884306,0.6345,0.2376660218630865,3.223158597946167,periodic,1.0,5000,20000,0,assigned_level_sensitivity,dynamic,0.0,False,True,0.0,0.0,0.0,0
HBTASP-Dynamic,32000,7000,0,,0,0,60,8,1000,505,,8000,5000,0.625,0.6288388285714575,0.1375584937500063,0.2581500000000005,7000,0.18483608513592673,8000,8000,0.14372288447670553,3850,0.38420404220133964,0.1637027665396395,0.8362972334603604,0.638,0.2404811577246341,3.237149953842163,periodic,1.0,5000,20000,0,assigned_level_sensitivity,dynamic,0.0,False,True,0.0,0.0,0.0,0
HBTASP-Dynamic,32000,7000,0,,0,0,60,8,1000,606,,8000,5000,0.625,0.6288276000000287,0.13755603750000628,0.2581500000000005,7000,0.18355317686000744,8000,8000,0.1507067978419407,4024,0.3909087371960583,0.16826020390122,0.83173979609878,0.6165,0.2402019393541176,3.2099506855010986,periodic,1.0,5000,20000,0,assigned_level_sensitivity,dynamic,0.0,False,True,0.0,0.0,0.0,0
HBTASP-Dynamic,32000,7000,0,,0,0,60,8,1000,707,,8000,5000,0.625,0.628833214285743,0.1375572656250063,0.2581500000000005,7000,0.18568845678286167,8000,8000,0.14632263949403854,3925,0.38771542072126314,0.16719194367877285,0.8328080563212271,0.627,0.2413927812272246,3.279663324356079,periodic,1.0,5000,20000,0,assigned_level_sensitivity,dynamic,0.0,False,True,0.0,0.0,0.0,0
HBTASP-Dynamic,32000,7000,0,,0,0,60,8,1000,808,,8000,5000,0.625,0.628833214285743,0.1375572656250063,0.2581500000000005,7000,0.1837277261079172,8000,8000,0.1531959715243884,3961,0.3941339510893093,0.1737006947547451,0.826299305245255,0.6295,0.2409379795649209,3.206625461578369,periodic,1.0,5000,20000,0,assigned_level_sensitivity,dynamic,0.0,False,True,0.0,0.0,0.0,0
HBTASP-Dynamic,32000,7000,0,,0,0,60,8,1000,909,,8000,5000,0.625,0.6288388285714575,0.1375584937500063,0.2581500000000005,7000,0.18458200582647646,8000,8000,0.15041140715429738,4003,0.3900365892994353,0.16484350523254476,0.8351564947674552,0.622,0.23962518214513792,3.27827525138855,periodic,1.0,5000,20000,0,assigned_level_sensitivity,dynamic,0.0,False,True,0.0,0.0,0.0,0
HBTASP-Dynamic,32000,7000,0,,0,0,60,8,1000,1010,,8000,5000,0.625,0.6288219857143145,0.1375548093750063,0.2581500000000005,7000,0.18568141451804152,8000,8000,0.14850287918596,3939,0.3913961542962232,0.17605196145317886,0.8239480385468212,0.6265,0.2428932751102632,3.23642897605896,periodic,1.0,5000,20000,0,assigned_level_sensitivity,dynamic,0.0,False,True,0.0,0.0,0.0,0
HBTASP-Dynamic,36000,7000,0,,0,0,60,9,1000,101,,9000,6000,0.6666666666666666,0.6288276000000287,0.12227203333333891,0.2294666666666671,7000,0.16551645658223352,9000,9000,0.13494217194972238,4100,0.38793814125003223,0.15382671991002272,0.8461732800899773,0.6582222222222223,0.2529959693003099,3.781337022781372,periodic,1.0,6000,23000,0,assigned_level_sensitivity,dynamic,0.0,False,True,0.0,0.0,0.0,0
HBTASP-Dynamic,36000,7000,0,,0,0,60,9,1000,202,,9000,6000,0.6666666666666666,0.6288276000000289,0.12227203333333894,0.2294666666666671,7000,0.16536838849130012,9000,9000,0.13308715451023603,4084,0.3860850062593366,0.14765551824483575,0.8523444817551642,0.6582222222222223,0.2529978517491006,3.7026820182800293,periodic,1.0,6000,23000,0,assigned_level_sensitivity,dynamic,0.0,False,True,0.0,0.0,0.0,0
HBTASP-Dynamic,36000,7000,0,,0,0,60,9,1000,303,,9000,6000,0.6666666666666666,0.6288388285714575,0.12227421666667228,0.2294666666666671,7000,0.1654728488662973,9000,9000,0.12948407674772994,4020,0.38559613767995116,0.1472955671990938,0.8527044328009061,0.6646666666666666,0.2561120609322212,3.81221079826355,periodic,1.0,6000,23000,0,assigned_level_sensitivity,dynamic,0.0,False,True,0.0,0.0,0.0,0
HBTASP-Dynamic,36000,7000,0,,0,0,60,9,1000,404,,9000,6000,0.6666666666666666,0.6288276000000287,0.12227203333333891,0.2294666666666671,7000,0.1654578956768319,9000,9000,0.12976404816200526,4017,0.38528550761428765,0.14669937323687296,0.853300626763127,0.6632222222222223,0.2555214594522824,3.848203182220459,periodic,1.0,6000,23000,0,assigned_level_sensitivity,dynamic,0.0,False,True,0.0,0.0,0.0,0
HBTASP-Dynamic,36000,7000,0,,0,0,60,9,1000,505,,9000,6000,0.6666666666666666,0.628833214285743,0.12227312500000559,0.2294666666666671,7000,0.165611123390232,9000,9000,0.1311057108090245,3977,0.3878778537600841,0.14764861275311159,0.8523513872468884,0.6706666666666666,0.2567721429510596,3.759523391723633,periodic,1.0,6000,23000,0,assigned_level_sensitivity,dynamic,0.0,False,True,0.0,0.0,0.0,0
HBTASP-Dynamic,36000,7000,0,,0,0,60,9,1000,606,,9000,6000,0.6666666666666666,0.628833214285743,0.12227312500000559,0.2294666666666671,7000,0.16520023812786644,9000,9000,0.13280883355441514,4090,0.38612838370006364,0.14029023433694582,0.8597097656630541,0.6566666666666666,0.2533195501456485,3.7709178924560547,periodic,1.0,6000,23000,0,assigned_level_sensitivity,dynamic,0.0,False,True,0.0,0.0,0.0,0
HBTASP-Dynamic,36000,7000,0,,0,0,60,9,1000,707,,9000,6000,0.6666666666666666,0.6288219857143145,0.12227094166667227,0.2294666666666671,7000,0.16556278674603736,9000,9000,0.13260942787158583,4076,0.38552795046715727,0.14942671276274722,0.8505732872372528,0.662,0.25291852259557146,3.7865090370178223,periodic,1.0,6000,23000,0,assigned_level_sensitivity,dynamic,0.0,False,True,0.0,0.0,0.0,0
HBTASP-Dynamic,36000,7000,0,,0,0,60,9,1000,808,,9000,6000,0.6666666666666666,0.628833214285743,0.12227312500000559,0.2294666666666671,7000,0.16556505259222068,9000,9000,0.13209058497534432,4106,0.38144486953956974,0.14646768208350663,0.8535323179164933,0.6637777777777778,0.24935428456422543,3.7653896808624268,periodic,1.0,6000,23000,0,assigned_level_sensitivity,dynamic,0.0,False,True,0.0,0.0,0.0,0
HBTASP-Dynamic,36000,7000,0,,0,0,60,9,1000,909,,9000,6000,0.6666666666666666,0.6288388285714575,0.12227421666667228,0.2294666666666671,7000,0.16541041565315917,9000,9000,0.13374490085875165,4077,0.3873802297149253,0.14655079068383958,0.8534492093161604,0.6591111111111111,0.2536353288561737,3.789107322692871,periodic,1.0,6000,23000,0,assigned_level_sensitivity,dynamic,0.0,False,True,0.0,0.0,0.0,0
HBTASP-Dynamic,36000,7000,0,,0,0,60,9,1000,1010,,9000,6000,0.6666666666666666,0.628833214285743,0.12227312500000559,0.2294666666666671,7000,0.16541692126004595,9000,9000,0.13368202179959052,4098,0.3850993492002776,0.15369884925292332,0.8463011507470767,0.6591111111111111,0.2514173274006871,3.733569860458374,periodic,1.0,6000,23000,0,assigned_level_sensitivity,dynamic,0.0,False,True,0.0,0.0,0.0,0
HBTASP-Dynamic,40000,7000,0,,0,0,60,10,1000,101,,10000,7000,0.7,0.6288444428571716,0.11004777750000504,0.2065200000000004,7000,0.14852025778990724,10000,10000,0.12380769002952625,4111,0.3968347658174796,0.13940235661719522,0.8605976433828048,0.682,0.2730270757879534,4.451387882232666,periodic,1.0,7000,26000,0,assigned_level_sensitivity,dynamic,0.0,False,True,0.0,0.0,0.0,0
HBTASP-Dynamic,40000,7000,0,,0,0,60,10,1000,202,,10000,7000,0.7,0.6288388285714575,0.11004679500000504,0.2065200000000004,7000,0.15014881968343446,10000,10000,0.1279894119473172,4159,0.4038284198822504,0.1399586269460951,0.8600413730539049,0.682,0.2758390079349332,4.398782253265381,periodic,1.0,7000,26000,0,assigned_level_sensitivity,dynamic,0.0,False,True,0.0,0.0,0.0,0
HBTASP-Dynamic,40000,7000,0,,0,0,60,10,1000,303,,10000,7000,0.7,0.628833214285743,0.11004581250000503,0.2065200000000004,7000,0.14855772870471431,10000,10000,0.10964763408774489,4109,0.3630155441717429,0.11357505420971277,0.8864249457902872,0.71,0.25336791008399806,4.453984260559082,periodic,1.0,7000,26000,0,assigned_level_sensitivity,dynamic,0.0,False,True,0.0,0.0,0.0,0
HBTASP-Dynamic,40000,7000,0,,0,0,60,10,1000,404,,10000,7000,0.7,0.6288219857143145,0.11004384750000504,0.2065200000000004,7000,0.14920408068707572,10000,10000,0.11505686713182033,4081,0.3797980391690849,0.14006301984718,0.85993698015282,0.69,0.26474117203726455,4.387604713439941,periodic,1.0,7000,26000,0,assigned_level_sensitivity,dynamic,0.0,False,True,0.0,0.0,0.0,0
HBTASP-Dynamic,40000,7000,0,,0,0,60,10,1000,505,,10000,7000,0.7,0.6288388285714575,0.11004679500000504,0.2065200000000004,7000,0.15108885083635593,10000,10000,0.10610441174933974,3990,0.3663485371967194,0.1164569247194889,0.8835430752805111,0.708,0.2602441254473796,4.3756396770477295,periodic,1.0,7000,26000,0,assigned_level_sensitivity,dynamic,0.0,False,True,0.0,0.0,0.0,0
HBTASP-Dynamic,40000,7000,0,,0,0,60,10,1000,606,,10000,7000,0.7,0.6288388285714575,0.11004679500000504,0.2065200000000004,7000,0.14986415745240783,10000,10000,0.11648139555904609,4130,0.3788497935332452,0.12282102177117456,0.8771789782288254,0.692,0.26236839797419914,4.335580587387085,periodic,1.0,7000,26000,0,assigned_level_sensitivity,dynamic,0.0,False,True,0.0,0.0,0.0,0
HBTASP-Dynamic,40000,7000,0,,0,0,60,10,1000,707,,10000,7000,0.7,0.628833214285743,0.11004581250000503,0.2065200000000004,7000,0.15200365880137892,10000,10000,0.11825562711553332,4219,0.36416437110145927,0.12784998183736615,0.8721500181626338,0.703,0.24590874398592594,4.302625417709351,periodic,1.0,7000,26000,0,assigned_level_sensitivity,dynamic,0.0,False,True,0.0,0.0,0.0,0
HBTASP-Dynamic,40000,7000,0,,0,0,60,10,1000,808,,10000,7000,0.7,0.628833214285743,0.11004581250000503,0.2065200000000004,7000,0.1483754149581992,10000,10000,0.12903679736418802,4209,0.3924021493331793,0.1433482805174492,0.8566517194825508,0.69,0.26336535196899125,4.182347059249878,periodic,1.0,7000,26000,0,assigned_level_sensitivity,dynamic,0.0,False,True,0.0,0.0,0.0,0
HBTASP-Dynamic,40000,7000,0,,0,0,60,10,1000,909,,10000,7000,0.7,0.6288388285714575,0.11004679500000504,0.2065200000000004,7000,0.15020726382948918,10000,10000,0.12473943903657048,4251,0.3784587100692719,0.14311432584647063,0.8568856741535293,0.6851,0.2537192710327014,4.166585445404053,periodic,1.0,7000,26000,0,assigned_level_sensitivity,dynamic,0.0,False,True,0.0,0.0,0.0,0
HBTASP-Dynamic,40000,7000,0,,0,0,60,10,1000,1010,,10000,7000,0.7,0.6288388285714575,0.11004679500000504,0.2065200000000004,7000,0.1509319822894736,10000,10000,0.12125862292206191,4219,0.3731739155904056,0.13498055687368937,0.8650194431263106,0.696,0.25191529266834367,4.178539991378784,periodic,1.0,7000,26000,0,assigned_level_sensitivity,dynamic,0.0,False,True,0.0,0.0,0.0,0
HBTASP-Dynamic,16000,7000,0,,0,0,70,4,1000,101,,4000,0,0.0,0.6439452714285907,0.2817260562500084,0.6884000000000013,7000,0.38265471073820495,4000,4000,0.293731127339897,3441,0.4160271934085035,0.33340917582690677,0.6665908241730932,0.31475,0.12229606606860655,1.660078525543213,periodic,1.0,0,9000,0,assigned_level_sensitivity,dynamic,0.0,False,True,0.0,0.0,0.0,0
HBTASP-Dynamic,16000,7000,0,,0,0,70,4,1000,202,,4000,0,0.0,0.6439396571428765,0.28172360000000846,0.6884000000000013,7000,0.3824812164508853,4000,4000,0.29286673367014787,3452,0.41774171905142954,0.3251068801145,0.6748931198854999,0.31175,0.12487498538128167,1.647857427597046,periodic,1.0,0,9000,0,assigned_level_sensitivity,dynamic,0.0,False,True,0.0,0.0,0.0,0
HBTASP-Dynamic,16000,7000,0,,0,0,70,4,1000,303,,4000,0,0.0,0.6439340428571622,0.2817211437500084,0.6884000000000013,7000,0.3825558225490613,4000,4000,0.30127534963760816,3468,0.4220558709940901,0.3385548020693286,0.6614451979306715,0.308,0.12078052135648193,1.6822288036346436,periodic,1.0,0,9000,0,assigned_level_sensitivity,dynamic,0.0,False,True,0.0,0.0,0.0,0
HBTASP-Dynamic,16000,7000,0,,0,0,70,4,1000,404,,4000,0,0.0,0.6439452714285907,0.2817260562500084,0.6884000000000013,7000,0.38269385023605035,4000,4000,0.28716680772313097,3448,0.4067312382442332,0.32132311140136155,0.6786768885986385,0.324,0.11956443052110222,1.6867659091949463,periodic,1.0,0,9000,0,assigned_level_sensitivity,dynamic,0.0,False,True,0.0,0.0,0.0,0
HBTASP-Dynamic,16000,7000,0,,0,0,70,4,1000,505,,4000,0,0.0,0.6439396571428763,0.2817236000000084,0.6884000000000013,7000,0.38235218684967603,4000,4000,0.2976081504323857,3468,0.42564289946698014,0.3266257391268797,0.6733742608731204,0.29575,0.12803474903459444,1.6857852935791016,periodic,1.0,0,9000,0,assigned_level_sensitivity,dynamic,0.0,False,True,0.0,0.0,0.0,0
HBTASP-Dynamic,16000,7000,0,,0,0,70,4,1000,606,,4000,0,0.0,0.6439396571428763,0.2817236000000084,0.6884000000000013,7000,0.3822843185649574,4000,4000,0.296319981576025,3512,0.41372423097478384,0.32249290536282776,0.6775070946371722,0.302,0.11740424939875882,1.6483869552612305,periodic,1.0,0,9000,0,assigned_level_sensitivity,dynamic,0.0,False,True,0.0,0.0,0.0,0
HBTASP-Dynamic,16000,7000,0,,0,0,70,4,1000,707,,4000,0,0.0,0.6439396571428765,0.28172360000000846,0.6884000000000013,7000,0.3822939479563845,4000,4000,0.2905903664869782,3431,0.4144290281175356,0.32043596750458764,0.6795640324954124,0.31275,0.1238386616305574,1.925812005996704,periodic,1.0,0,9000,0,assigned_level_sensitivity,dynamic,0.0,False,True,0.0,0.0,0.0,0
HBTASP-Dynamic,16000,7000,0,,0,0,70,4,1000,808,,4000,0,0.0,0.6439452714285907,0.2817260562500084,0.6884000000000013,7000,0.3822234340416511,4000,4000,0.29741454101401726,3495,0.41370038557724315,0.33576103496432713,0.6642389650356728,0.3015,0.11628584456322588,1.746199607849121,periodic,1.0,0,9000,0,assigned_level_sensitivity,dynamic,0.0,False,True,0.0,0.0,0.0,0
HBTASP-Dynamic,16000,7000,0,,0,0,70,4,1000,909,,4000,0,0.0,0.6439396571428763,0.2817236000000084,0.6884000000000013,7000,0.3820309227599382,4000,4000,0.2953283674118869,3500,0.4083223865067529,0.3240612613646283,0.6759387386353717,0.317,0.112994019094866,1.8467185497283936,periodic,1.0,0,9000,0,assigned_level_sensitivity,dynamic,0.0,False,True,0.0,0.0,0.0,0
HBTASP-Dynamic,16000,7000,0,,0,0,70,4,1000,1010,,4000,0,0.0,0.6439340428571622,0.2817211437500084,0.6884000000000013,7000,0.38357618607147753,4000,4000,0.2915933511154795,3484,0.40889194550209695,0.3301466297825487,0.6698533702174513,0.30675,0.11729859438661744,1.779332160949707,periodic,1.0,0,9000,0,assigned_level_sensitivity,dynamic,0.0,False,True,0.0,0.0,0.0,0
HBTASP-Dynamic,20000,7000,0,,0,0,70,5,1000,101,,5000,1000,0.2,0.6439396571428763,0.22537888000000672,0.5507200000000011,7000,0.30899601374809404,5000,5000,0.2364571473767644,3682,0.40398300805611337,0.27226515945242896,0.727734840547571,0.43,0.16752586067934896,2.399264097213745,periodic,1.0,1000,12000,0,assigned_level_sensitivity,dynamic,0.0,False,True,0.0,0.0,0.0,0
HBTASP-Dynamic,20000,7000,0,,0,0,70,5,1000,202,,5000,1000,0.2,0.6439452714285907,0.22538084500000674,0.5507200000000011,7000,0.30874804121203375,5000,5000,0.25271078317092305,3789,0.40830399381694593,0.27894531600633726,0.7210546839936627,0.404,0.15559321064602288,2.0036680698394775,periodic,1.0,1000,12000,0,assigned_level_sensitivity,dynamic,0.0,False,True,0.0,0.0,0.0,0
HBTASP-Dynamic,20000,7000,0,,0,0,70,5,1000,303,,5000,1000,0.2,0.6439396571428765,0.22537888000000675,0.5507200000000011,7000,0.3085710711796921,5000,5000,0.23120469917389005,3627,0.4040852125425493,0.2605039494146538,0.7394960505853462,0.4328,0.17288051336865926,2.0539636611938477,periodic,1.0,1000,12000,0,assigned_level_sensitivity,dynamic,0.0,False,True,0.0,0.0,0.0,0
HBTASP-Dynamic,20000,7000,0,,0,0,70,5,1000,404,,5000,1000,0.2,0.6439452714285907,0.22538084500000674,0.5507200000000011,7000,0.3102220576207067,5000,5000,0.23309580883610984,3653,0.4004934409281938,0.24953516928011596,0.750464830719884,0.426,0.16739763209208394,2.0006649494171143,periodic,1.0,1000,12000,0,assigned_level_sensitivity,dynamic,0.0,False,True,0.0,0.0,0.0,0
HBTASP-Dynamic,20000,7000,0,,0,0,70,5,1000,505,,5000,1000,0.2,0.6439452714285907,0.22538084500000674,0.5507200000000011,7000,0.3110230775904053,5000,5000,0.24075962064332398,3700,0.407022928563688,0.24346191752738264,0.7565380824726173,0.418,0.166263307920364,1.9934642314910889,periodic,1.0,1000,12000,0,assigned_level_sensitivity,dynamic,0.0,False,True,0.0,0.0,0.0,0
HBTASP-Dynamic,20000,7000,0,,0,0,70,5,1000,606,,5000,1000,0.2,0.6439508857143048,0.2253828100000067,0.5507200000000011,7000,0.31000187061285234,5000,5000,0.23453886783381436,3716,0.40240580623651756,0.2670017048230345,0.7329982951769656,0.4308,0.1678669384027032,2.0197417736053467,periodic,1.0,1000,12000,0,assigned_level_sensitivity,dynamic,0.0,False,True,0.0,0.0,0.0,0
HBTASP-Dynamic,20000,7000,0,,0,0,70,5,1000,707,,5000,1000,0.2,0.6439452714285907,0.22538084500000674,0.5507200000000011,7000,0.30955290684047704,5000,5000,0.23507385555254223,3662,0.40458657230036577,0.2600589133692234,0.7399410866307766,0.427,0.16951271674782353,2.0107386112213135,periodic,1.0,1000,12000,0,assigned_level_sensitivity,dynamic,0.0,False,True,0.0,0.0,0.0,0
HBTASP-Dynamic,20000,7000,0,,0,0,70,5,1000,808,,5000,1000,0.2,0.6439452714285907,0.22538084500000674,0.5507200000000011,7000,0.31221080398306456,5000,5000,0.24407251736198346,3618,0.4125434606672597,0.27829602760489547,0.7217039723951045,0.4358,0.16847094330527626,2.003659725189209,periodic,1.0,1000,12000,0,assigned_level_sensitivity,dynamic,0.0,False,True,0.0,0.0,0.0,0
HBTASP-Dynamic,20000,7000,0,,0,0,70,5,1000,909,,5000,1000,0.2,0.6439340428571619,0.2253769150000067,0.5507200000000011,7000,0.31179338661220957,5000,5000,0.24212509491563702,3737,0.4107384332279321,0.25860419643801363,0.7413958035619863,0.412,0.16861333831229505,2.0522959232330322,periodic,1.0,1000,12000,0,assigned_level_sensitivity,dynamic,0.0,False,True,0.0,0.0,0.0,0
HBTASP-Dynamic,20000,7000,0,,0,0,70,5,1000,1010,,5000,1000,0.2,0.6439452714285907,0.22538084500000674,0.5507200000000011,7000,0.3095403367053469,5000,5000,0.23248882825232103,3620,0.4063505644824202,0.24683933491542362,0.7531606650845764,0.4412,0.17386173623009915,1.9906659126281738,periodic,1.0,1000,12000,0,assigned_level_sensitivity,dynamic,0.0,False,True,0.0,0.0,0.0,0
HBTASP-Dynamic,24000,7000,0,,0,0,70,6,1000,101,,6000,2000,0.3333333333333333,0.643950885714305,0.18781900833333895,0.45893333333333425,7000,0.2595533535851716,6000,6000,0.19912464421380263,3795,0.39422775984975744,0.22177646082540647,0.7782235391745935,0.5226666666666666,0.1951031156359548,2.3093180656433105,periodic,1.0,2000,15000,0,assigned_level_sensitivity,dynamic,0.0,False,True,0.0,0.0,0.0,0
HBTASP-Dynamic,24000,7000,0,,0,0,70,6,1000,202,,6000,2000,0.3333333333333333,0.6439452714285907,0.18781737083333894,0.45893333333333425,7000,0.2594527855136238,6000,6000,0.1996996133180166,3774,0.4041803344578243,0.2177919669147451,0.7822080330852549,0.5116666666666667,0.2044807211398077,2.3084311485290527,periodic,1.0,2000,15000,0,assigned_level_sensitivity,dynamic,0.0,False,True,0.0,0.0,0.0,0
HBTASP-Dynamic,24000,7000,0,,0,0,70,6,1000,303,,6000,2000,0.3333333333333333,0.6439340428571622,0.18781409583333894,0.45893333333333425,7000,0.25948514944499634,6000,6000,0.1963744952179068,3778,0.39484208838213525,0.21949312197912785,0.7805068780208722,0.5255,0.19846759316422843,2.391810178756714,periodic,1.0,2000,15000,0,assigned_level_sensitivity,dynamic,0.0,False,True,0.0,0.0,0.0,0
HBTASP-Dynamic,24000,7000,0,,0,0,70,6,1000,404,,6000,2000,0.3333333333333333,0.643950885714305,0.18781900833333895,0.45893333333333425,7000,0.2595851034078564,6000,6000,0.1996257110898251,3771,0.4004626040089043,0.22004395629395226,0.7799560437060478,0.5176666666666667,0.20083689291907922,2.304123640060425,periodic,1.0,2000,15000,0,assigned_level_sensitivity,dynamic,0.0,False,True,0.0,0.0,0.0,0
HBTASP-Dynamic,24000,7000,0,,0,0,70,6,1000,505,,6000,2000,0.3333333333333333,0.6439396571428765,0.18781573333333895,0.45893333333333425,7000,0.2595232971381906,6000,6000,0.196686995726472,3735,0.4003788953847336,0.21789090594272423,0.7821090940572758,0.523,0.2036918996582616,2.2777016162872314,periodic,1.0,2000,15000,0,assigned_level_sensitivity,dynamic,0.0,False,True,0.0,0.0,0.0,0
HBTASP-Dynamic,24000,7000,0,,0,0,70,6,1000,606,,6000,2000,0.3333333333333333,0.643950885714305,0.18781900833333895,0.45893333333333425,7000,0.25928518847079013,6000,6000,0.20145652571077302,3801,0.40088648740063115,0.2119078903751174,0.7880921096248826,0.512,0.19942996168985813,2.2853779792785645,periodic,1.0,2000,15000,0,assigned_level_sensitivity,dynamic,0.0,False,True,0.0,0.0,0.0,0
HBTASP-Dynamic,24000,7000,0,,0,0,70,6,1000,707,,6000,2000,0.3333333333333333,0.643950885714305,0.18781900833333895,0.45893333333333425,7000,0.25960494108980414,6000,6000,0.19772551941022104,3731,0.39980810056280497,0.21946386751369026,0.7805361324863097,0.5253333333333333,0.20208258115258393,2.2912757396698,periodic,1.0,2000,15000,0,assigned_level_sensitivity,dynamic,0.0,False,True,0.0,0.0,0.0,0
HBTASP-Dynamic,24000,7000,0,,0,0,70,6,1000,808,,6000,2000,0.3333333333333333,0.6439396571428765,0.18781573333333895,0.45893333333333425,7000,0.25976812937835536,6000,6000,0.19983691740067025,3743,0.40338097268546497,0.2212282160699786,0.7787717839300214,0.522,0.20354405528479472,2.3145668506622314,periodic,1.0,2000,15000,0,assigned_level_sensitivity,dynamic,0.0,False,True,0.0,0.0,0.0,0
HBTASP-Dynamic,24000,7000,0,,0,0,70,6,1000,909,,6000,2000,0.3333333333333333,0.6439452714285907,0.18781737083333894,0.45893333333333425,7000,0.25936518210592296,6000,6000,0.1975485022200612,3735,0.4016786204575247,0.21194047623659568,0.7880595237634043,0.5228333333333334,0.20413011823746352,2.301596164703369,periodic,1.0,2000,15000,0,assigned_level_sensitivity,dynamic,0.0,False,True,0.0,0.0,0.0,0
HBTASP-Dynamic,24000,7000,0,,0,0,70,6,1000,1010,,6000,2000,0.3333333333333333,0.6439452714285907,0.18781737083333894,0.45893333333333425,7000,0.25942620441183617,6000,6000,0.19897940462128488,3733,0.40031955403805763,0.21839868625675907,0.7816013137432409,0.5218333333333334,0.20134014941677275,2.2787721157073975,periodic,1.0,2000,15000,0,assigned_level_sensitivity,dynamic,0.0,False,True,0.0,0.0,0.0,0
HBTASP-Dynamic,28000,7000,0,,0,0,70,7,1000,101,,7000,3000,0.42857142857142855,0.643950885714305,0.16098772142857626,0.3933714285714293,7000,0.22386147496783407,7000,7000,0.1731779214008542,3916,0.39678853677541,0.19095270276818227,0.8090472972318177,0.5781428571428572,0.2236106153745558,2.6642305850982666,periodic,1.0,3000,18000,0,assigned_level_sensitivity,dynamic,0.0,False,True,0.0,0.0,0.0,0
HBTASP-Dynamic,28000,7000,0,,0,0,70,7,1000,202,,7000,3000,0.42857142857142855,0.6439396571428765,0.16098491428571912,0.3933714285714293,7000,0.22377757397232975,7000,7000,0.17453313550562383,3959,0.40097724516824024,0.18851315530125237,0.8114868446987477,0.5672857142857143,0.2264441096626164,2.6974565982818604,periodic,1.0,3000,18000,0,assigned_level_sensitivity,dynamic,0.0,False,True,0.0,0.0,0.0,0
HBTASP-Dynamic,28000,7000,0,,0,0,70,7,1000,303,,7000,3000,0.42857142857142855,0.6439396571428763,0.16098491428571907,0.3933714285714293,7000,0.22402846037407056,7000,7000,0.17045660399950133,3908,0.3957021677586006,0.18794552074147586,0.8120544792585241,0.5804285714285714,0.2252455637590993,2.7057273387908936,periodic,1.0,3000,18000,0,assigned_level_sensitivity,dynamic,0.0,False,True,0.0,0.0,0.0,0
HBTASP-Dynamic,28000,7000,0,,0,0,70,7,1000,404,,7000,3000,0.42857142857142855,0.6439452714285907,0.16098631785714768,0.3933714285714293,7000,0.22371614992388975,7000,7000,0.17091899698704616,3959,0.3920387314924696,0.18681141147762825,0.8131885885223717,0.5745714285714286,0.22111973450542344,2.7216005325317383,periodic,1.0,3000,18000,0,assigned_level_sensitivity,dynamic,0.0,False,True,0.0,0.0,0.0,0
HBTASP-Dynamic,28000,7000,0,,0,0,70,7,1000,505,,7000,3000,0.42857142857142855,0.6439396571428765,0.16098491428571912,0.3933714285714293,7000,0.22400706989202315,7000,7000,0.1699239232198561,3860,0.39790556168475344,0.1807864438702786,0.8192135561297214,0.5828571428571429,0.22798163846489733,2.7726523876190186,periodic,1.0,3000,18000,0,assigned_level_sensitivity,dynamic,0.0,False,True,0.0,0.0,0.0,0
HBTASP-Dynamic,28000,7000,0,,0,0,70,7,1000,606,,7000,3000,0.42857142857142855,0.6439565000000194,0.16098912500000484,0.3933714285714293,7000,0.22355749060979394,7000,7000,0.17345290032953703,3943,0.398092174196094,0.17660033622627253,0.8233996637737275,0.5711428571428572,0.22463927386655697,2.690443277359009,periodic,1.0,3000,18000,0,assigned_level_sensitivity,dynamic,0.0,False,True,0.0,0.0,0.0,0
HBTASP-Dynamic,28000,7000,0,,0,0,70,7,1000,707,,7000,3000,0.42857142857142855,0.6439452714285907,0.16098631785714768,0.3933714285714293,7000,0.2237755102966221,7000,7000,0.16998029083573094,3914,0.3925096633224255,0.18562401950243793,0.8143759804975621,0.5818571428571429,0.22252937248669455,2.6968393325805664,periodic,1.0,3000,18000,0,assigned_level_sensitivity,dynamic,0.0,False,True,0.0,0.0,0.0,0
HBTASP-Dynamic,28000,7000,0,,0,0,70,7,1000,808,,7000,3000,0.42857142857142855,0.643950885714305,0.16098772142857626,0.3933714285714293,7000,0.224031512676722,7000,7000,0.17111874931531046,3902,0.3952116612892668,0.18613324325787947,0.8138667567421205,0.581,0.22409291197395637,2.7236075401306152,periodic,1.0,3000,18000,0,assigned_level_sensitivity,dynamic,0.0,False,True,0.0,0.0,0.0,0
HBTASP-Dynamic,28000,7000,0,,0,0,70,7,1000,909,,7000,3000,0.42857142857142855,0.6439396571428763,0.16098491428571907,0.3933714285714293,7000,0.22383087850714675,7000,7000,0.17368056873057236,3933,0.40246415985574746,0.18570585114939403,0.8142941488506059,0.5705714285714286,0.2287835911251751,2.6917405128479004,periodic,1.0,3000,18000,0,assigned_level_sensitivity,dynamic,0.0,False,True,0.0,0.0,0.0,0
HBTASP-Dynamic,28000,7000,0,,0,0,70,7,1000,1010,,7000,3000,0.42857142857142855,0.6439452714285907,0.16098631785714768,0.3933714285714293,7000,0.22402074465311564,7000,7000,0.17219988002146241,3915,0.3962676697444328,0.18924970488737405,0.810750295112626,0.5747142857142857,0.22406778972297037,2.672121524810791,periodic,1.0,3000,18000,0,assigned_level_sensitivity,dynamic,0.0,False,True,0.0,0.0,0.0,0
HBTASP-Dynamic,32000,7000,0,,0,0,70,8,1000,101,,8000,4000,0.5,0.6439396571428763,0.1408618000000042,0.34420000000000067,7000,0.19717642391422294,8000,8000,0.15497525272320645,4030,0.39711781014416503,0.1720673095587877,0.8279326904412123,0.622,0.24214255742095858,3.0909762382507324,periodic,1.0,4000,21000,0,assigned_level_sensitivity,dynamic,0.0,False,True,0.0,0.0,0.0,0
HBTASP-Dynamic,32000,7000,0,,0,0,70,8,1000,202,,8000,4000,0.5,0.643950885714305,0.1408642562500042,0.34420000000000067,7000,0.19689161136922573,8000,8000,0.15157702223618943,3993,0.39703694452980637,0.15739195190491698,0.842608048095083,0.622375,0.24545992229361693,3.116562843322754,periodic,1.0,4000,21000,0,assigned_level_sensitivity,dynamic,0.0,False,True,0.0,0.0,0.0,0
HBTASP-Dynamic,32000,7000,0,,0,0,70,8,1000,303,,8000,4000,0.5,0.6439565000000194,0.14086548437500424,0.34420000000000067,7000,0.19704727836814548,8000,8000,0.15145665473627462,4009,0.3942774245687794,0.16449933939446842,0.8355006606055315,0.6245,0.24282076983250478,3.108241081237793,periodic,1.0,4000,21000,0,assigned_level_sensitivity,dynamic,0.0,False,True,0.0,0.0,0.0,0
HBTASP-Dynamic,32000,7000,0,,0,0,70,8,1000,404,,8000,4000,0.5,0.6439565000000194,0.14086548437500424,0.34420000000000067,7000,0.19679057572536615,8000,8000,0.14930691022193907,3978,0.3880189640574318,0.16317505795186651,0.8368249420481335,0.63,0.23871205383549274,3.125732660293579,periodic,1.0,4000,21000,0,assigned_level_sensitivity,dynamic,0.0,False,True,0.0,0.0,0.0,0
HBTASP-Dynamic,32000,7000,0,,0,0,70,8,1000,505,,8000,4000,0.5,0.6439452714285907,0.1408630281250042,0.34420000000000067,7000,0.197535046519024,8000,8000,0.1487339195379187,3999,0.38814982883171506,0.15362158261616277,0.8463784173838372,0.633,0.23941590929379636,3.160569667816162,periodic,1.0,4000,21000,0,assigned_level_sensitivity,dynamic,0.0,False,True,0.0,0.0,0.0,0
HBTASP-Dynamic,32000,7000,0,,0,0,70,8,1000,606,,8000,4000,0.5,0.6439396571428763,0.1408618000000042,0.34420000000000067,7000,0.19678435803772482,8000,8000,0.14941799765099784,4029,0.3932389557520487,0.1523962951524025,0.8476037048475975,0.622,0.24382095810105087,3.099889039993286,periodic,1.0,4000,21000,0,assigned_level_sensitivity,dynamic,0.0,False,True,0.0,0.0,0.0,0
HBTASP-Dynamic,32000,7000,0,,0,0,70,8,1000,707,,8000,4000,0.5,0.6439340428571619,0.14086057187500417,0.34420000000000067,7000,0.19671310271851744,8000,8000,0.15111241625159674,3990,0.3958844214256337,0.16152787665498602,0.838472123345014,0.626,0.24477200517403694,3.0993587970733643,periodic,1.0,4000,21000,0,assigned_level_sensitivity,dynamic,0.0,False,True,0.0,0.0,0.0,0
HBTASP-Dynamic,32000,7000,0,,0,0,70,8,1000,808,,8000,4000,0.5,0.6439452714285907,0.1408630281250042,0.34420000000000067,7000,0.19701363292851773,8000,8000,0.15170384572298057,4061,0.3941430137537342,0.16411697927250718,0.8358830207274928,0.62,0.2424391680307536,3.2149150371551514,periodic,1.0,4000,21000,0,assigned_level_sensitivity,dynamic,0.0,False,True,0.0,0.0,0.0,0
HBTASP-Dynamic,32000,7000,0,,0,0,70,8,1000,909,,8000,4000,0.5,0.643950885714305,0.1408642562500042,0.34420000000000067,7000,0.1966617266085346,8000,8000,0.15247757071384863,4047,0.39812183410619323,0.159873611848483,0.840126388151517,0.617375,0.2456442633923446,3.14346981048584,periodic,1.0,4000,21000,0,assigned_level_sensitivity,dynamic,0.0,False,True,0.0,0.0,0.0,0
HBTASP-Dynamic,32000,7000,0,,0,0,70,8,1000,1010,,8000,4000,0.5,0.6439452714285907,0.1408630281250042,0.34420000000000067,7000,0.19699379322174898,8000,8000,0.15196335336531022,4008,0.39384196953213346,0.16122396060649596,0.838776039393504,0.622,0.24187861616682324,3.1766278743743896,periodic,1.0,4000,21000,0,assigned_level_sensitivity,dynamic,0.0,False,True,0.0,0.0,0.0,0
HBTASP-Dynamic,36000,7000,0,,0,0,70,9,1000,101,,9000,5000,0.5555555555555556,0.6439396571428763,0.1252104888888926,0.30595555555555615,7000,0.17572415730199428,9000,9000,0.13785684948636479,4120,0.3946332468653818,0.146813954943718,0.853186045056282,0.6576666666666666,0.25677639737901703,3.594290018081665,periodic,1.0,5000,24000,0,assigned_level_sensitivity,dynamic,0.0,False,True,0.0,0.0,0.0,0
HBTASP-Dynamic,36000,7000,0,,0,0,70,9,1000,202,,9000,5000,0.5555555555555556,0.643950885714305,0.12521267222222598,0.30595555555555615,7000,0.1756502359307877,9000,9000,0.13747131665582868,4144,0.3958862704492221,0.14590335504231267,0.8540966449576873,0.6525555555555556,0.2584149537933934,3.5814919471740723,periodic,1.0,5000,24000,0,assigned_level_sensitivity,dynamic,0.0,False,True,0.0,0.0,0.0,0
HBTASP-Dynamic,36000,7000,0,,0,0,70,9,1000,303,,9000,5000,0.5555555555555556,0.643950885714305,0.12521267222222598,0.30595555555555615,7000,0.17579688372186686,9000,9000,0.13597573428339696,4115,0.3953080965594835,0.14506939327717777,0.8549306067228222,0.6574444444444445,0.2593323622760866,3.5799384117126465,periodic,1.0,5000,24000,0,assigned_level_sensitivity,dynamic,0.0,False,True,0.0,0.0,0.0,0
HBTASP-Dynamic,36000,7000,0,,0,0,70,9,1000,404,,9000,5000,0.5555555555555556,0.643950885714305,0.12521267222222598,0.30595555555555615,7000,0.17565478919021305,9000,9000,0.1340287433473553,4119,0.38816090514179047,0.14517101115970507,0.8548289888402949,0.6588888888888889,0.2541321617944352,3.569302797317505,periodic,1.0,5000,24000,0,assigned_level_sensitivity,dynamic,0.0,False,True,0.0,0.0,0.0,0
HBTASP-Dynamic,36000,7000,0,,0,0,70,9,1000,505,,9000,5000,0.5555555555555556,0.6439452714285907,0.12521158055555928,0.30595555555555615,7000,0.17588000351012356,9000,9000,0.1349775623171435,4093,0.3912469739849613,0.14170233412672303,0.8582976658732769,0.6645555555555556,0.2562694116678178,3.589966297149658,periodic,1.0,5000,24000,0,assigned_level_sensitivity,dynamic,0.0,False,True,0.0,0.0,0.0,0
HBTASP-Dynamic,36000,7000,0,,0,0,70,9,1000,606,,9000,5000,0.5555555555555556,0.6439396571428763,0.1252104888888926,0.30595555555555615,7000,0.17560780451711722,9000,9000,0.13639341212409617,4163,0.39437599226003933,0.13481783363203248,0.8651821663679675,0.6553333333333333,0.25798258013594316,3.6569833755493164,periodic,1.0,5000,24000,0,assigned_level_sensitivity,dynamic,0.0,False,True,0.0,0.0,0.0,0
HBTASP-Dynamic,36000,7000,0,,0,0,70,9,1000,707,,9000,5000,0.5555555555555556,0.6439452714285907,0.12521158055555928,0.30595555555555615,7000,0.17580246158531865,9000,9000,0.13750920099638686,4162,0.3962559410367621,0.1487868328648177,0.8512131671351824,0.6537777777777778,0.25874674004037523,3.600987195968628,periodic,1.0,5000,24000,0,assigned_level_sensitivity,dynamic,0.0,False,True,0.0,0.0,0.0,0
HBTASP-Dynamic,36000,7000,0,,0,0,70,9,1000,808,,9000,5000,0.5555555555555556,0.6439452714285907,0.12521158055555928,0.30595555555555615,7000,0.17593220929025652,9000,9000,0.13549910679898927,4153,0.391827163166505,0.14370641040002222,0.8562935895999778,0.6591111111111111,0.25632805636751577,3.6227195262908936,periodic,1.0,5000,24000,0,assigned_level_sensitivity,dynamic,0.0,False,True,0.0,0.0,0.0,0
HBTASP-Dynamic,36000,7000,0,,0,0,70,9,1000,909,,9000,5000,0.5555555555555556,0.6439452714285907,0.12521158055555928,0.30595555555555615,7000,0.17579892340112555,9000,9000,0.13603435296291774,4193,0.38987127687349554,0.14352622194255896,0.8564737780574411,0.6548888888888889,0.25383692391057777,3.7752268314361572,periodic,1.0,5000,24000,0,assigned_level_sensitivity,dynamic,0.0,False,True,0.0,0.0,0.0,0
HBTASP-Dynamic,36000,7000,0,,0,0,70,9,1000,1010,,9000,5000,0.5555555555555556,0.6439565000000194,0.12521376388889266,0.30595555555555615,7000,0.17579046292106368,9000,9000,0.1382089830001095,4170,0.3930317668152055,0.1494201278177211,0.8505798721822789,0.6527777777777778,0.25482278381509604,3.811957597732544,periodic,1.0,5000,24000,0,assigned_level_sensitivity,dynamic,0.0,False,True,0.0,0.0,0.0,0
HBTASP-Dynamic,40000,7000,0,,0,0,70,10,1000,101,,10000,6000,0.6,0.643950885714305,0.11269140500000338,0.27536000000000055,7000,0.15803592484660603,10000,10000,0.11606209254889982,4151,0.37832861569004567,0.11430280007889845,0.8856971999211015,0.69,0.26226652314114585,4.1247313022613525,periodic,1.0,6000,27000,0,assigned_level_sensitivity,dynamic,0.0,False,True,0.0,0.0,0.0,0
HBTASP-Dynamic,40000,7000,0,,0,0,70,10,1000,202,,10000,6000,0.6,0.6439452714285907,0.11269042250000337,0.27536000000000055,7000,0.16092429931526595,10000,10000,0.13411987551815654,4209,0.414529808426035,0.13813030047433858,0.8618696995256614,0.678,0.2804099329078784,4.225584983825684,periodic,1.0,6000,27000,0,assigned_level_sensitivity,dynamic,0.0,False,True,0.0,0.0,0.0,0
HBTASP-Dynamic,40000,7000,0,,0,0,70,10,1000,303,,10000,6000,0.6,0.6439508857143048,0.11269140500000335,0.27536000000000055,7000,0.15843424806273865,10000,10000,0.11408736809555499,4251,0.3602880613897748,0.11227530283214272,0.8877246971678573,0.7069,0.24620069329421984,4.250262022018433,periodic,1.0,6000,27000,0,assigned_level_sensitivity,dynamic,0.0,False,True,0.0,0.0,0.0,0
HBTASP-Dynamic,40000,7000,0,,0,0,70,10,1000,404,,10000,6000,0.6,0.6439452714285907,0.11269042250000337,0.27536000000000055,7000,0.15741022353115525,10000,10000,0.12340600449108058,4140,0.4027453644818658,0.14616473752047365,0.8538352624795263,0.68,0.27933935999078524,4.195755243301392,periodic,1.0,6000,27000,0,assigned_level_sensitivity,dynamic,0.0,False,True,0.0,0.0,0.0,0
HBTASP-Dynamic,40000,7000,0,,0,0,70,10,1000,505,,10000,6000,0.6,0.6439452714285907,0.11269042250000337,0.27536000000000055,7000,0.16046917437523903,10000,10000,0.11352976760612606,4131,0.3715567752102051,0.11993391719174276,0.8800660828082573,0.7,0.25802700760407904,4.165096282958984,periodic,1.0,6000,27000,0,assigned_level_sensitivity,dynamic,0.0,False,True,0.0,0.0,0.0,0
HBTASP-Dynamic,40000,7000,0,,0,0,70,10,1000,606,,10000,6000,0.6,0.6439396571428763,0.11268944000000336,0.27536000000000055,7000,0.15923553540158908,10000,10000,0.11448969425737952,4260,0.36361886973925345,0.11417168457336686,0.8858283154266331,0.696,0.2491291754818739,4.153523921966553,periodic,1.0,6000,27000,0,assigned_level_sensitivity,dynamic,0.0,False,True,0.0,0.0,0.0,0
HBTASP-Dynamic,40000,7000,0,,0,0,70,10,1000,707,,10000,6000,0.6,0.643950885714305,0.11269140500000338,0.27536000000000055,7000,0.16064656343346084,10000,10000,0.1231991220817621,4220,0.3805595326803341,0.12278550428118049,0.8772144957188195,0.696,0.257360410598572,4.139505386352539,periodic,1.0,6000,27000,0,assigned_level_sensitivity,dynamic,0.0,False,True,0.0,0.0,0.0,0
HBTASP-Dynamic,40000,7000,0,,0,0,70,10,1000,808,,10000,6000,0.6,0.6439452714285907,0.11269042250000337,0.27536000000000055,7000,0.15766443742899647,10000,10000,0.11871815166176297,4162,0.37142961530822866,0.11935561431451286,0.8806443856854871,0.6988,0.2527114636464657,4.133872985839844,periodic,1.0,6000,27000,0,assigned_level_sensitivity,dynamic,0.0,False,True,0.0,0.0,0.0,0
HBTASP-Dynamic,40000,7000,0,,0,0,70,10,1000,909,,10000,6000,0.6,0.643950885714305,0.11269140500000338,0.27536000000000055,7000,0.15974279421668153,10000,10000,0.1297797205822387,4441,0.3886282582255805,0.14409570154296253,0.8559042984570375,0.67,0.2588485376433418,4.13863468170166,periodic,1.0,6000,27000,0,assigned_level_sensitivity,dynamic,0.0,False,True,0.0,0.0,0.0,0
HBTASP-Dynamic,40000,7000,0,,0,0,70,10,1000,1010,,10000,6000,0.6,0.6439452714285907,0.11269042250000337,0.27536000000000055,7000,0.16109400205195865,10000,10000,0.1274950359167865,4326,0.38482656635533663,0.13957116978819162,0.8604288302118084,0.682,0.25733153043855017,4.162546634674072,periodic,1.0,6000,27000,0,assigned_level_sensitivity,dynamic,0.0,False,True,0.0,0.0,0.0,0
HBTASP-Dynamic,16000,10000,0,,0,0,80,4,1000,101,,4000,0,0.0,0.6227599999999719,0.3892249999999824,0.6884000000000013,10000,0.4819470607742071,4000,4000,0.3575788030914131,3752,0.4268566398380753,0.44794561117489534,0.5520543888251046,0.19,0.06927783674666221,1.8170466423034668,periodic,1.0,0,6000,0,assigned_level_sensitivity,dynamic,0.0,False,True,0.0,0.0,0.0,0
HBTASP-Dynamic,16000,10000,0,,0,0,80,4,1000,202,,4000,0,0.0,0.6227599999999719,0.3892249999999824,0.6884000000000013,10000,0.4834574352405514,4000,4000,0.36021045479868913,3752,0.42700029327044964,0.4710294244559308,0.5289705755440692,0.2,0.06678983847176051,1.7992324829101562,periodic,1.0,0,6000,0,assigned_level_sensitivity,dynamic,0.0,False,True,0.0,0.0,0.0,0
HBTASP-Dynamic,16000,10000,0,,0,0,80,4,1000,303,,4000,0,0.0,0.6227599999999719,0.3892249999999824,0.6884000000000013,10000,0.4820844372193033,4000,4000,0.3647520273055543,3776,0.42932214034698357,0.45554894221925046,0.5444510577807495,0.182,0.06457011304142929,1.802694320678711,periodic,1.0,0,6000,0,assigned_level_sensitivity,dynamic,0.0,False,True,0.0,0.0,0.0,0
HBTASP-Dynamic,16000,10000,0,,0,0,80,4,1000,404,,4000,0,0.0,0.6227599999999719,0.3892249999999824,0.6884000000000013,10000,0.4826952138646925,4000,4000,0.3535565671757368,3736,0.4227924334532224,0.4375847084717992,0.5624152915282008,0.2,0.06923586627748562,1.7959208488464355,periodic,1.0,0,6000,0,assigned_level_sensitivity,dynamic,0.0,False,True,0.0,0.0,0.0,0
HBTASP-Dynamic,16000,10000,0,,0,0,80,4,1000,505,,4000,0,0.0,0.6227599999999719,0.3892249999999824,0.6884000000000013,10000,0.48254981009418213,4000,4000,0.35792698928054256,3720,0.4314556392101255,0.4507042543754556,0.5492957456245444,0.198,0.07352864992958291,1.8123109340667725,periodic,1.0,0,6000,0,assigned_level_sensitivity,dynamic,0.0,False,True,0.0,0.0,0.0,0
HBTASP-Dynamic,16000,10000,0,,0,0,80,4,1000,606,,4000,0,0.0,0.6227599999999719,0.3892249999999824,0.6884000000000013,10000,0.4824902035975007,4000,4000,0.359575001203827,3720,0.42915822709363943,0.46297349063237536,0.5370265093676246,0.198,0.06958322588981242,1.8009724617004395,periodic,1.0,0,6000,0,assigned_level_sensitivity,dynamic,0.0,False,True,0.0,0.0,0.0,0
HBTASP-Dynamic,16000,10000,0,,0,0,80,4,1000,707,,4000,0,0.0,0.6227599999999719,0.3892249999999824,0.6884000000000013,10000,0.48245854824686246,4000,4000,0.3593368148668047,3712,0.4307126893470437,0.4663936872668933,0.5336063127331068,0.196,0.07137587448023902,1.8122117519378662,periodic,1.0,0,6000,0,assigned_level_sensitivity,dynamic,0.0,False,True,0.0,0.0,0.0,0
HBTASP-Dynamic,16000,10000,0,,0,0,80,4,1000,808,,4000,0,0.0,0.6227599999999719,0.3892249999999824,0.6884000000000013,10000,0.4817698128942863,4000,4000,0.35769615398613697,3744,0.4249701274476068,0.46556843521346886,0.5344315647865312,0.2,0.06727397346146985,1.7982218265533447,periodic,1.0,0,6000,0,assigned_level_sensitivity,dynamic,0.0,False,True,0.0,0.0,0.0,0
HBTASP-Dynamic,16000,10000,0,,0,0,80,4,1000,909,,4000,0,0.0,0.6227599999999719,0.3892249999999824,0.6884000000000013,10000,0.4814920116649025,4000,4000,0.3575144439639094,3744,0.425751611503021,0.44892170334595527,0.5510782966540447,0.198,0.06823716753911158,1.8397328853607178,periodic,1.0,0,6000,0,assigned_level_sensitivity,dynamic,0.0,False,True,0.0,0.0,0.0,0
HBTASP-Dynamic,16000,10000,0,,0,0,80,4,1000,1010,,4000,0,0.0,0.6227599999999719,0.3892249999999824,0.6884000000000013,10000,0.4839978338187018,4000,4000,0.36311211417317385,3744,0.4305930424175977,0.46443622764197084,0.5355637723580291,0.192,0.06748092824442387,1.8155760765075684,periodic,1.0,0,6000,0,assigned_level_sensitivity,dynamic,0.0,False,True,0.0,0.0,0.0,0
HBTASP-Dynamic,20000,8000,0,,0,0,80,5,1000,101,,5000,0,0.0,0.6473750000000005,0.2589500000000002,0.6884000000000013,8000,0.3595430788260368,5000,5000,0.27667940744272346,4320,0.40028384401603995,0.3050279791932955,0.6949720208067045,0.338,0.12360443657331649,2.1393566131591797,periodic,1.0,0,12000,0,assigned_level_sensitivity,dynamic,0.0,False,True,0.0,0.0,0.0,0
HBTASP-Dynamic,20000,8000,0,,0,0,80,5,1000,202,,5000,0,0.0,0.6473750000000005,0.2589500000000002,0.6884000000000013,8000,0.35942633221303477,5000,5000,0.2845275902224821,4290,0.41088559994443763,0.3090680215571135,0.6909319784428865,0.322,0.12635800972195554,2.130777359008789,periodic,1.0,0,12000,0,assigned_level_sensitivity,dynamic,0.0,False,True,0.0,0.0,0.0,0
HBTASP-Dynamic,20000,8000,0,,0,0,80,5,1000,303,,5000,0,0.0,0.6473750000000005,0.2589500000000002,0.6884000000000013,8000,0.3597052785967583,5000,5000,0.2741541815988054,4260,0.40455682868950604,0.30090979670296475,0.6990902032970352,0.336,0.13040264709070065,2.1523826122283936,periodic,1.0,0,12000,0,assigned_level_sensitivity,dynamic,0.0,False,True,0.0,0.0,0.0,0
HBTASP-Dynamic,20000,8000,0,,0,0,80,5,1000,404,,5000,0,0.0,0.6473750000000005,0.2589500000000002,0.6884000000000013,8000,0.3603970177558399,5000,5000,0.27340718002391845,4250,0.4035220462177367,0.291255287337648,0.7087447126623521,0.338,0.13011486619381823,2.1317877769470215,periodic,1.0,0,12000,0,assigned_level_sensitivity,dynamic,0.0,False,True,0.0,0.0,0.0,0
HBTASP-Dynamic,20000,8000,0,,0,0,80,5,1000,505,,5000,0,0.0,0.6473750000000005,0.2589500000000002,0.6884000000000013,8000,0.3597181049580823,5000,5000,0.2763342725968827,4280,0.40918964768186433,0.28945732259120904,0.710542677408791,0.33,0.13285537508498163,2.095780849456787,periodic,1.0,0,12000,0,assigned_level_sensitivity,dynamic,0.0,False,True,0.0,0.0,0.0,0
HBTASP-Dynamic,20000,8000,0,,0,0,80,5,1000,606,,5000,0,0.0,0.6473750000000005,0.2589500000000002,0.6884000000000013,8000,0.35929226112126034,5000,5000,0.27268070381470805,4320,0.4009290368505929,0.2927193431679441,0.7072806568320559,0.34,0.12824833303588484,2.084779977798462,periodic,1.0,0,12000,0,assigned_level_sensitivity,dynamic,0.0,False,True,0.0,0.0,0.0,0
HBTASP-Dynamic,20000,8000,0,,0,0,80,5,1000,707,,5000,0,0.0,0.6473750000000005,0.2589500000000002,0.6884000000000013,8000,0.35969444222650976,5000,5000,0.2731100016051165,4270,0.40614585011647275,0.2904110772366519,0.7095889227633481,0.336,0.13303584851135625,2.0953168869018555,periodic,1.0,0,12000,0,assigned_level_sensitivity,dynamic,0.0,False,True,0.0,0.0,0.0,0
HBTASP-Dynamic,20000,8000,0,,0,0,80,5,1000,808,,5000,0,0.0,0.6473750000000005,0.2589500000000002,0.6884000000000013,8000,0.36023344335693325,5000,5000,0.2783838287425008,4240,0.4116944484723828,0.3101583565713662,0.6898416434286339,0.34,0.133310619729882,2.0866353511810303,periodic,1.0,0,12000,0,assigned_level_sensitivity,dynamic,0.0,False,True,0.0,0.0,0.0,0
HBTASP-Dynamic,20000,8000,0,,0,0,80,5,1000,909,,5000,0,0.0,0.6473750000000005,0.2589500000000002,0.6884000000000013,8000,0.35965921986247407,5000,5000,0.27329231351644706,4250,0.4029084078176849,0.3016183331243827,0.6983816668756173,0.346,0.12961609430123783,2.1509599685668945,periodic,1.0,0,12000,0,assigned_level_sensitivity,dynamic,0.0,False,True,0.0,0.0,0.0,0
HBTASP-Dynamic,20000,8000,0,,0,0,80,5,1000,1010,,5000,0,0.0,0.6473750000000005,0.2589500000000002,0.6884000000000013,8000,0.3594579311820758,5000,5000,0.27359146163909653,4270,0.40729461350954627,0.28840218360440456,0.7115978163955954,0.336,0.13370315187044973,2.1069648265838623,periodic,1.0,0,12000,0,assigned_level_sensitivity,dynamic,0.0,False,True,0.0,0.0,0.0,0
HBTASP-Dynamic,24000,8000,0,,0,0,80,6,1000,101,,6000,1000,0.16666666666666666,0.6473750000000005,0.21579166666666683,0.5736666666666678,8000,0.30094489564626187,6000,6000,0.226961047285982,4276,0.3992043868832936,0.25362664015617253,0.7463733598438275,0.454,0.17224333959731164,2.4391567707061768,periodic,1.0,1000,15000,0,assigned_level_sensitivity,dynamic,0.0,False,True,0.0,0.0,0.0,0
HBTASP-Dynamic,24000,8000,0,,0,0,80,6,1000,202,,6000,1000,0.16666666666666666,0.6473750000000005,0.21579166666666683,0.5736666666666678,8000,0.30217754706056293,6000,6000,0.22858563090737996,4320,0.40006061266854337,0.24911267407849397,0.7508873259215061,0.44,0.1714749817611634,2.441230058670044,periodic,1.0,1000,15000,0,assigned_level_sensitivity,dynamic,0.0,False,True,0.0,0.0,0.0,0
HBTASP-Dynamic,24000,8000,0,,0,0,80,6,1000,303,,6000,1000,0.16666666666666666,0.6473750000000005,0.21579166666666683,0.5736666666666678,8000,0.3021167305985742,6000,6000,0.22263617732295032,4300,0.3930884600566379,0.24505493753694244,0.7549450624630576,0.45866666666666667,0.17045228273368757,2.6301095485687256,periodic,1.0,1000,15000,0,assigned_level_sensitivity,dynamic,0.0,False,True,0.0,0.0,0.0,0
HBTASP-Dynamic,24000,8000,0,,0,0,80,6,1000,404,,6000,1000,0.16666666666666666,0.6473750000000005,0.21579166666666683,0.5736666666666678,8000,0.30161838363415816,6000,6000,0.23054325088648608,4280,0.40685776301574766,0.2539280731125622,0.7460719268874378,0.444,0.17631451212926158,2.4636847972869873,periodic,1.0,1000,15000,0,assigned_level_sensitivity,dynamic,0.0,False,True,0.0,0.0,0.0,0
HBTASP-Dynamic,24000,8000,0,,0,0,80,6,1000,505,,6000,1000,0.16666666666666666,0.6473750000000005,0.21579166666666683,0.5736666666666678,8000,0.30251083813645974,6000,6000,0.2259131060954118,4216,0.40257318252979546,0.24529161090184448,0.7547083890981555,0.45866666666666667,0.17666007643438367,2.4485018253326416,periodic,1.0,1000,15000,0,assigned_level_sensitivity,dynamic,0.0,False,True,0.0,0.0,0.0,0
HBTASP-Dynamic,24000,8000,0,,0,0,80,6,1000,606,,6000,1000,0.16666666666666666,0.6473750000000005,0.21579166666666683,0.5736666666666678,8000,0.3011734174939704,6000,6000,0.22871680256252686,4252,0.40582603752748203,0.2445747219493225,0.7554252780506775,0.448,0.17710923496495518,2.444913864135742,periodic,1.0,1000,15000,0,assigned_level_sensitivity,dynamic,0.0,False,True,0.0,0.0,0.0,0
HBTASP-Dynamic,24000,8000,0,,0,0,80,6,1000,707,,6000,1000,0.16666666666666666,0.6473750000000005,0.21579166666666683,0.5736666666666678,8000,0.3019809191828778,6000,6000,0.22609610023685606,4260,0.4022974516687195,0.24280082568067016,0.7571991743193298,0.452,0.17620135143186344,2.4334096908569336,periodic,1.0,1000,15000,0,assigned_level_sensitivity,dynamic,0.0,False,True,0.0,0.0,0.0,0
HBTASP-Dynamic,24000,8000,0,,0,0,80,6,1000,808,,6000,1000,0.16666666666666666,0.6473750000000005,0.21579166666666683,0.5736666666666678,8000,0.30060292563946095,6000,6000,0.23251656045210667,4296,0.407780473620903,0.25637863430236707,0.7436213656976329,0.44733333333333336,0.1752639131687963,2.4561879634857178,periodic,1.0,1000,15000,0,assigned_level_sensitivity,dynamic,0.0,False,True,0.0,0.0,0.0,0
HBTASP-Dynamic,24000,8000,0,,0,0,80,6,1000,909,,6000,1000,0.16666666666666666,0.6473750000000005,0.21579166666666683,0.5736666666666678,8000,0.3017078446791776,6000,6000,0.22827253873152073,4320,0.4015385426997799,0.24985396121397777,0.7501460387860223,0.44666666666666666,0.17326600396825917,2.4406871795654297,periodic,1.0,1000,15000,0,assigned_level_sensitivity,dynamic,0.0,False,True,0.0,0.0,0.0,0
HBTASP-Dynamic,24000,8000,0,,0,0,80,6,1000,1010,,6000,1000,0.16666666666666666,0.6473750000000005,0.21579166666666683,0.5736666666666678,8000,0.3019544658501732,6000,6000,0.2276583030273971,4304,0.40016456488610075,0.24990473581095232,0.7500952641890477,0.44866666666666666,0.17250626185870366,2.4363508224487305,periodic,1.0,1000,15000,0,assigned_level_sensitivity,dynamic,0.0,False,True,0.0,0.0,0.0,0
HBTASP-Dynamic,28000,8000,0,,0,0,80,7,1000,101,,7000,2000,0.2857142857142857,0.6473750000000005,0.18496428571428583,0.4917142857142867,8000,0.2600389315259164,7000,7000,0.19784496335277968,4422,0.3967496036084095,0.21856880235195658,0.7814311976480435,0.5211428571428571,0.19890464025562982,2.847914695739746,periodic,1.0,2000,18000,0,assigned_level_sensitivity,dynamic,0.0,False,True,0.0,0.0,0.0,0
HBTASP-Dynamic,28000,8000,0,,0,0,80,7,1000,202,,7000,2000,0.2857142857142857,0.6473750000000005,0.18496428571428583,0.4917142857142867,8000,0.2598240821852863,7000,7000,0.19904511377603715,4430,0.40356053383464846,0.21593133757845231,0.7840686624215477,0.5117142857142857,0.2045154200586113,2.820528268814087,periodic,1.0,2000,18000,0,assigned_level_sensitivity,dynamic,0.0,False,True,0.0,0.0,0.0,0
HBTASP-Dynamic,28000,8000,0,,0,0,80,7,1000,303,,7000,2000,0.2857142857142857,0.6473750000000005,0.18496428571428583,0.4917142857142867,8000,0.26013692664582283,7000,7000,0.194258683982122,4408,0.39534847278908825,0.2142811631767786,0.7857188368232214,0.5257142857142857,0.20108978880696624,2.837043523788452,periodic,1.0,2000,18000,0,assigned_level_sensitivity,dynamic,0.0,False,True,0.0,0.0,0.0,0
HBTASP-Dynamic,28000,8000,0,,0,0,80,7,1000,404,,7000,2000,0.2857142857142857,0.6473750000000005,0.18496428571428583,0.4917142857142867,8000,0.2598081165631272,7000,7000,0.19496841467373888,4426,0.39633112193457654,0.2114787045134766,0.7885212954865234,0.5182857142857142,0.20136270726083766,2.9384818077087402,periodic,1.0,2000,18000,0,assigned_level_sensitivity,dynamic,0.0,False,True,0.0,0.0,0.0,0
HBTASP-Dynamic,28000,8000,0,,0,0,80,7,1000,505,,7000,2000,0.2857142857142857,0.6473750000000005,0.18496428571428583,0.4917142857142867,8000,0.26014011845322627,7000,7000,0.19446190335501423,4370,0.3984826324849675,0.20940855636975855,0.7905914436302415,0.5274285714285715,0.20402072912995328,2.8661530017852783,periodic,1.0,2000,18000,0,assigned_level_sensitivity,dynamic,0.0,False,True,0.0,0.0,0.0,0
HBTASP-Dynamic,28000,8000,0,,0,0,80,7,1000,606,,7000,2000,0.2857142857142857,0.6473750000000005,0.18496428571428583,0.4917142857142867,8000,0.2596649124656575,7000,7000,0.19840094169166947,4432,0.39995796229752856,0.2044147475853129,0.7955852524146871,0.5151428571428571,0.2015570206058591,2.855053186416626,periodic,1.0,2000,18000,0,assigned_level_sensitivity,dynamic,0.0,False,True,0.0,0.0,0.0,0
HBTASP-Dynamic,28000,8000,0,,0,0,80,7,1000,707,,7000,2000,0.2857142857142857,0.6473750000000005,0.18496428571428583,0.4917142857142867,8000,0.25992950951331356,7000,7000,0.19571873620984745,4440,0.39537162411223653,0.2139054405793146,0.7860945594206854,0.5222857142857142,0.19965288790238908,2.8428664207458496,periodic,1.0,2000,18000,0,assigned_level_sensitivity,dynamic,0.0,False,True,0.0,0.0,0.0,0
HBTASP-Dynamic,28000,8000,0,,0,0,80,7,1000,808,,7000,2000,0.2857142857142857,0.6473750000000005,0.18496428571428583,0.4917142857142867,8000,0.2602316535222437,7000,7000,0.19651398425971486,4410,0.39779455241657435,0.21295265149902753,0.7870473485009725,0.5231428571428571,0.2012805681568595,2.889669179916382,periodic,1.0,2000,18000,0,assigned_level_sensitivity,dynamic,0.0,False,True,0.0,0.0,0.0,0
HBTASP-Dynamic,28000,8000,0,,0,0,80,7,1000,909,,7000,2000,0.2857142857142857,0.6473750000000005,0.18496428571428583,0.4917142857142867,8000,0.2599547461350247,7000,7000,0.1986849229781454,4454,0.4026534586984062,0.2114493489777026,0.7885506510222974,0.5117142857142857,0.20396853572026077,2.9765145778656006,periodic,1.0,2000,18000,0,assigned_level_sensitivity,dynamic,0.0,False,True,0.0,0.0,0.0,0
HBTASP-Dynamic,28000,8000,0,,0,0,80,7,1000,1010,,7000,2000,0.2857142857142857,0.6473750000000005,0.18496428571428583,0.4917142857142867,8000,0.2600475437099202,7000,7000,0.19781182841958797,4438,0.3985472064954241,0.21570646687380865,0.7842935331261913,0.5154285714285715,0.2007353780758361,3.0370099544525146,periodic,1.0,2000,18000,0,assigned_level_sensitivity,dynamic,0.0,False,True,0.0,0.0,0.0,0
HBTASP-Dynamic,32000,8000,0,,0,0,80,8,1000,101,,8000,3000,0.375,0.6473750000000005,0.16184375000000012,0.43025000000000085,8000,0.22811596810502352,8000,8000,0.1761063711757771,4560,0.3960176305905974,0.18827096918732042,0.8117290308126796,0.573,0.21991125941482031,3.482400417327881,periodic,1.0,3000,21000,0,assigned_level_sensitivity,dynamic,0.0,False,True,0.0,0.0,0.0,0
HBTASP-Dynamic,32000,8000,0,,0,0,80,8,1000,202,,8000,3000,0.375,0.6473750000000005,0.16184375000000012,0.43025000000000085,8000,0.22884263847284908,8000,8000,0.17093421027282366,4472,0.3941791766867844,0.17642107670005674,0.8235789232999433,0.576,0.22324496641396077,3.5295112133026123,periodic,1.0,3000,21000,0,assigned_level_sensitivity,dynamic,0.0,False,True,0.0,0.0,0.0,0
HBTASP-Dynamic,32000,8000,0,,0,0,80,8,1000,303,,8000,3000,0.375,0.6473750000000005,0.16184375000000012,0.43025000000000085,8000,0.22776836598980213,8000,8000,0.17069710923342216,4528,0.39071112463470103,0.17971474897360717,0.8202852510263928,0.574,0.22001401540127888,3.4736859798431396,periodic,1.0,3000,21000,0,assigned_level_sensitivity,dynamic,0.0,False,True,0.0,0.0,0.0,0
HBTASP-Dynamic,32000,8000,0,,0,0,80,8,1000,404,,8000,3000,0.375,0.6473750000000005,0.16184375000000012,0.43025000000000085,8000,0.22763180747098646,8000,8000,0.17119347915180347,4504,0.3888426056728796,0.18819950559060458,0.8118004944093954,0.577,0.21764912652107613,3.550384283065796,periodic,1.0,3000,21000,0,assigned_level_sensitivity,dynamic,0.0,False,True,0.0,0.0,0.0,0
HBTASP-Dynamic,32000,8000,0,,0,0,80,8,1000,505,,8000,3000,0.375,0.6473750000000005,0.16184375000000012,0.43025000000000085,8000,0.22957431091992958,8000,8000,0.1723553092567338,4496,0.3953796075474704,0.17925983825818076,0.8207401617418193,0.578,0.2230242982907366,3.4602787494659424,periodic,1.0,3000,21000,0,assigned_level_sensitivity,dynamic,0.0,False,True,0.0,0.0,0.0,0
HBTASP-Dynamic,32000,8000,0,,0,0,80,8,1000,606,,8000,3000,0.375,0.6473750000000005,0.16184375000000012,0.43025000000000085,8000,0.22790990140666165,8000,8000,0.16921127365684058,4488,0.393406968855758,0.17472412537665724,0.8252758746233427,0.579,0.2241956951989174,3.4354262351989746,periodic,1.0,3000,21000,0,assigned_level_sensitivity,dynamic,0.0,False,True,0.0,0.0,0.0,0
HBTASP-Dynamic,32000,8000,0,,0,0,80,8,1000,707,,8000,3000,0.375,0.6473750000000005,0.16184375000000012,0.43025000000000085,8000,0.22879654129625185,8000,8000,0.17114145659353017,4536,0.39177338429165576,0.18121498994687707,0.8187850100531229,0.574,0.2206319276981256,3.467231273651123,periodic,1.0,3000,21000,0,assigned_level_sensitivity,dynamic,0.0,False,True,0.0,0.0,0.0,0
HBTASP-Dynamic,32000,8000,0,,0,0,80,8,1000,808,,8000,3000,0.375,0.6473750000000005,0.16184375000000012,0.43025000000000085,8000,0.22786350785419807,8000,8000,0.1769519424119685,4512,0.40631569554365754,0.19214343889586352,0.8078565611041365,0.566,0.22936375313168905,3.5026512145996094,periodic,1.0,3000,21000,0,assigned_level_sensitivity,dynamic,0.0,False,True,0.0,0.0,0.0,0
HBTASP-Dynamic,32000,8000,0,,0,0,80,8,1000,909,,8000,3000,0.375,0.6473750000000005,0.16184375000000012,0.43025000000000085,8000,0.22888919522252882,8000,8000,0.173395164142605,4664,0.3901579053088935,0.17946219480943496,0.8205378051905651,0.569,0.2167627411662885,3.442767858505249,periodic,1.0,3000,21000,0,assigned_level_sensitivity,dynamic,0.0,False,True,0.0,0.0,0.0,0
HBTASP-Dynamic,32000,8000,0,,0,0,80,8,1000,1010,,8000,3000,0.375,0.6473750000000005,0.16184375000000012,0.43025000000000085,8000,0.22850301777901988,8000,8000,0.1786249294362453,4584,0.39887455383481607,0.1924836534234813,0.8075163465765187,0.563,0.22024962439857076,3.448801040649414,periodic,1.0,3000,21000,0,assigned_level_sensitivity,dynamic,0.0,False,True,0.0,0.0,0.0,0
HBTASP-Dynamic,36000,8000,0,,0,0,80,9,1000,101,,9000,4000,0.4444444444444444,0.6473750000000005,0.14386111111111122,0.3824444444444452,8000,0.20401161716877259,9000,9000,0.1558471638188642,4660,0.3926944006089653,0.16555840393351462,0.8344415960664854,0.6124444444444445,0.2368472367901011,4.025728940963745,periodic,1.0,4000,24000,0,assigned_level_sensitivity,dynamic,0.0,False,True,0.0,0.0,0.0,0
HBTASP-Dynamic,36000,8000,0,,0,0,80,9,1000,202,,9000,4000,0.4444444444444444,0.6473750000000005,0.14386111111111122,0.3824444444444452,8000,0.20387595019138768,9000,9000,0.1554275826204026,4686,0.39335680976962,0.16340061178077436,0.8365993882192256,0.61,0.2379292271492174,4.032914400100708,periodic,1.0,4000,24000,0,assigned_level_sensitivity,dynamic,0.0,False,True,0.0,0.0,0.0,0
HBTASP-Dynamic,36000,8000,0,,0,0,80,9,1000,303,,9000,4000,0.4444444444444444,0.6473750000000005,0.14386111111111122,0.3824444444444452,8000,0.20408114009314662,9000,9000,0.15377683802965308,4672,0.3913473999024697,0.16286747851254132,0.8371325214874586,0.6131111111111112,0.2375705618728166,3.9595859050750732,periodic,1.0,4000,24000,0,assigned_level_sensitivity,dynamic,0.0,False,True,0.0,0.0,0.0,0
HBTASP-Dynamic,36000,8000,0,,0,0,80,9,1000,404,,9000,4000,0.4444444444444444,0.6473750000000005,0.14386111111111122,0.3824444444444452,8000,0.20375910053568577,9000,9000,0.1525084115343467,4660,0.38813546666231824,0.16321817491718607,0.836781825082814,0.614,0.23562705512797155,4.066064119338989,periodic,1.0,4000,24000,0,assigned_level_sensitivity,dynamic,0.0,False,True,0.0,0.0,0.0,0
HBTASP-Dynamic,36000,8000,0,,0,0,80,9,1000,505,,9000,4000,0.4444444444444444,0.6473750000000005,0.14386111111111122,0.3824444444444452,8000,0.2040877081618206,9000,9000,0.15353990595555203,4646,0.39058508276887904,0.16013551395573775,0.8398644860442622,0.6193333333333333,0.237045176813327,4.042973518371582,periodic,1.0,4000,24000,0,assigned_level_sensitivity,dynamic,0.0,False,True,0.0,0.0,0.0,0
HBTASP-Dynamic,36000,8000,0,,0,0,80,9,1000,606,,9000,4000,0.4444444444444444,0.6473750000000005,0.14386111111111122,0.3824444444444452,8000,0.20378356965511815,9000,9000,0.15411875329903027,4706,0.39184873337181564,0.1541489838225485,0.8458510161774515,0.6104444444444445,0.23772998007278537,4.008444547653198,periodic,1.0,4000,24000,0,assigned_level_sensitivity,dynamic,0.0,False,True,0.0,0.0,0.0,0
HBTASP-Dynamic,36000,8000,0,,0,0,80,9,1000,707,,9000,4000,0.4444444444444444,0.6473750000000005,0.14386111111111122,0.3824444444444452,8000,0.2039787000888675,9000,9000,0.15590424390261146,4698,0.3941432507418131,0.16756605201287803,0.832433947987122,0.6102222222222222,0.23823900683920166,4.012465715408325,periodic,1.0,4000,24000,0,assigned_level_sensitivity,dynamic,0.0,False,True,0.0,0.0,0.0,0
HBTASP-Dynamic,36000,8000,0,,0,0,80,9,1000,808,,9000,4000,0.4444444444444444,0.6473750000000005,0.14386111111111122,0.3824444444444452,8000,0.2041778162181286,9000,9000,0.1544712181793863,4684,0.3929530091804705,0.1637084190372171,0.8362915809627829,0.6135555555555555,0.2384817910010842,4.112796783447266,periodic,1.0,4000,24000,0,assigned_level_sensitivity,dynamic,0.0,False,True,0.0,0.0,0.0,0
HBTASP-Dynamic,36000,8000,0,,0,0,80,9,1000,909,,9000,4000,0.4444444444444444,0.6473750000000005,0.14386111111111122,0.3824444444444452,8000,0.20404976871510677,9000,9000,0.15426685399614584,4730,0.39007057936225986,0.16015979307849743,0.8398402069215025,0.6095555555555555,0.23580372536611402,4.173369646072388,periodic,1.0,4000,24000,0,assigned_level_sensitivity,dynamic,0.0,False,True,0.0,0.0,0.0,0
HBTASP-Dynamic,36000,8000,0,,0,0,80,9,1000,1010,,9000,4000,0.4444444444444444,0.6473750000000005,0.14386111111111122,0.3824444444444452,8000,0.2040237445952073,9000,9000,0.15722399613832433,4732,0.3927482631500443,0.1683819807366271,0.8316180192633729,0.6051111111111112,0.23552426701171997,4.002990245819092,periodic,1.0,4000,24000,0,assigned_level_sensitivity,dynamic,0.0,False,True,0.0,0.0,0.0,0
HBTASP-Dynamic,40000,8000,0,,0,0,80,10,1000,101,,10000,5000,0.5,0.6473750000000005,0.1294750000000001,0.34420000000000067,8000,0.18290458130654927,10000,10000,0.13506358597754464,4800,0.3694636004909123,0.12990655908057097,0.870093440919429,0.652,0.23440001451336767,4.568090200424194,periodic,1.0,5000,27000,0,assigned_level_sensitivity,dynamic,0.0,False,True,0.0,0.0,0.0,0
HBTASP-Dynamic,40000,8000,0,,0,0,80,10,1000,202,,10000,5000,0.5,0.6473750000000005,0.1294750000000001,0.34420000000000067,8000,0.187347148127398,10000,10000,0.15151555281371723,4760,0.41184124620565093,0.153281254752391,0.846718745247609,0.638,0.2603256933919337,4.552610158920288,periodic,1.0,5000,27000,0,assigned_level_sensitivity,dynamic,0.0,False,True,0.0,0.0,0.0,0
HBTASP-Dynamic,40000,8000,0,,0,0,80,10,1000,303,,10000,5000,0.5,0.6473750000000005,0.1294750000000001,0.34420000000000067,8000,0.18390121228996423,10000,10000,0.1317022424172813,4700,0.371865779419133,0.13325026411445187,0.8667497358855482,0.668,0.24016353700185172,4.538999557495117,periodic,1.0,5000,27000,0,assigned_level_sensitivity,dynamic,0.0,False,True,0.0,0.0,0.0,0
HBTASP-Dynamic,40000,8000,0,,0,0,80,10,1000,404,,10000,5000,0.5,0.6473750000000005,0.1294750000000001,0.34420000000000067,8000,0.1819677111779579,10000,10000,0.13533291229863229,4680,0.39531829283114844,0.15788435112908775,0.8421156488709123,0.646,0.2599853805325162,4.598721027374268,periodic,1.0,5000,27000,0,assigned_level_sensitivity,dynamic,0.0,False,True,0.0,0.0,0.0,0
HBTASP-Dynamic,40000,8000,0,,0,0,80,10,1000,505,,10000,5000,0.5,0.6473750000000005,0.1294750000000001,0.34420000000000067,8000,0.18537558119273537,10000,10000,0.13010053316482448,4660,0.38017943892487327,0.13935310690665575,0.8606468930933442,0.658,0.25007890576004876,4.635812520980835,periodic,1.0,5000,27000,0,assigned_level_sensitivity,dynamic,0.0,False,True,0.0,0.0,0.0,0
HBTASP-Dynamic,40000,8000,0,,0,0,80,10,1000,606,,10000,5000,0.5,0.6473750000000005,0.1294750000000001,0.34420000000000067,8000,0.1844165833501743,10000,10000,0.13007235961979308,4820,0.35685142577008566,0.12250327665124389,0.8774967233487561,0.658,0.22677906615029259,4.525902271270752,periodic,1.0,5000,27000,0,assigned_level_sensitivity,dynamic,0.0,False,True,0.0,0.0,0.0,0
HBTASP-Dynamic,40000,8000,0,,0,0,80,10,1000,707,,10000,5000,0.5,0.6473750000000005,0.1294750000000001,0.34420000000000067,8000,0.18668003455339877,10000,10000,0.1383548404986322,4800,0.3754757344996765,0.13512777023439812,0.8648722297656019,0.654,0.23712089400104427,4.56561279296875,periodic,1.0,5000,27000,0,assigned_level_sensitivity,dynamic,0.0,False,True,0.0,0.0,0.0,0
HBTASP-Dynamic,40000,8000,0,,0,0,80,10,1000,808,,10000,5000,0.5,0.6473750000000005,0.1294750000000001,0.34420000000000067,8000,0.18228762881317215,10000,10000,0.13742749507574586,4740,0.3856645290120842,0.14163145209330227,0.8583685479066977,0.654,0.24823703393633834,4.54507040977478,periodic,1.0,5000,27000,0,assigned_level_sensitivity,dynamic,0.0,False,True,0.0,0.0,0.0,0
HBTASP-Dynamic,40000,8000,0,,0,0,80,10,1000,909,,10000,5000,0.5,0.6473750000000005,0.1294750000000001,0.34420000000000067,8000,0.18390301098539644,10000,10000,0.14091916486472092,4880,0.37903190097714856,0.15129939694450675,0.8487006030554932,0.642,0.23811273611242764,4.631519317626953,periodic,1.0,5000,27000,0,assigned_level_sensitivity,dynamic,0.0,False,True,0.0,0.0,0.0,0
HBTASP-Dynamic,40000,8000,0,,0,0,80,10,1000,1010,,10000,5000,0.5,0.6473750000000005,0.1294750000000001,0.34420000000000067,8000,0.18659968828880058,10000,10000,0.1369033784575617,4740,0.3745439037729953,0.1555318222780303,0.8444681777219697,0.656,0.2376405253154336,4.6520397663116455,periodic,1.0,5000,27000,0,assigned_level_sensitivity,dynamic,0.0,False,True,0.0,0.0,0.0,0
HBTASP-Dynamic,16000,11000,0,,0,0,90,4,1000,101,,4000,0,0.0,0.6272706181818054,0.43124854999999124,0.6884000000000013,11000,0.5081431711714631,4000,4000,0.37794850562363025,3727,0.4429970147400669,0.47662694255076904,0.523373057449231,0.192,0.06504850911643667,2.1081342697143555,periodic,1.0,0,5000,0,assigned_level_sensitivity,dynamic,0.0,False,True,0.0,0.0,0.0,0
HBTASP-Dynamic,16000,11000,0,,0,0,90,4,1000,202,,4000,0,0.0,0.6266346727272576,0.43081133749998957,0.6884000000000013,11000,0.5097070129800586,4000,4000,0.37891868094315223,3761,0.4451896158078127,0.5032274736563505,0.49677252634364955,0.186,0.06627093486466046,2.193181037902832,periodic,1.0,0,5000,0,assigned_level_sensitivity,dynamic,0.0,False,True,0.0,0.0,0.0,0
HBTASP-Dynamic,16000,11000,0,,0,0,90,4,1000,303,,4000,0,0.0,0.626498909090893,0.43071799999998894,0.6884000000000013,11000,0.5093125296850277,4000,4000,0.3846698302916719,3784,0.4443868368329055,0.48896734360908967,0.5110326563909103,0.18,0.059717006541233575,2.1067354679107666,periodic,1.0,0,5000,0,assigned_level_sensitivity,dynamic,0.0,False,True,0.0,0.0,0.0,0
HBTASP-Dynamic,16000,11000,0,,0,0,90,4,1000,404,,4000,0,0.0,0.6261237727272557,0.4304600937499883,0.6884000000000013,11000,0.5093414467280096,4000,4000,0.37531961925067103,3740,0.4403808341066236,0.47856944180336863,0.5214305581966314,0.202,0.06506121485595256,2.0551161766052246,periodic,1.0,0,5000,0,assigned_level_sensitivity,dynamic,0.0,False,True,0.0,0.0,0.0,0
HBTASP-Dynamic,16000,11000,0,,0,0,90,4,1000,505,,4000,0,0.0,0.6261059090908914,0.43044781249998776,0.6884000000000013,11000,0.5091235494544417,4000,4000,0.3788223917383541,3783,0.44565160260121617,0.4696767780649785,0.5303232219350216,0.182,0.06682921086286209,2.0543203353881836,periodic,1.0,0,5000,0,assigned_level_sensitivity,dynamic,0.0,False,True,0.0,0.0,0.0,0
HBTASP-Dynamic,16000,11000,0,,0,0,90,4,1000,606,,4000,0,0.0,0.6266025181818027,0.43078923124998936,0.6884000000000013,11000,0.5103801264952764,4000,4000,0.3778880132282966,3784,0.44772568022002895,0.4525504282004749,0.5474495717995251,0.176,0.06983766699173233,2.0854077339172363,periodic,1.0,0,5000,0,assigned_level_sensitivity,dynamic,0.0,False,True,0.0,0.0,0.0,0
HBTASP-Dynamic,16000,11000,0,,0,0,90,4,1000,707,,4000,0,0.0,0.6261880818181648,0.43050430624998826,0.6884000000000013,11000,0.5084615905356491,4000,4000,0.3775275290877196,3721,0.4473792643859825,0.48546999596358437,0.5145300040364156,0.194,0.06985173529826294,2.071317195892334,periodic,1.0,0,5000,0,assigned_level_sensitivity,dynamic,0.0,False,True,0.0,0.0,0.0,0
HBTASP-Dynamic,16000,11000,0,,0,0,90,4,1000,808,,4000,0,0.0,0.6265346363636201,0.4307425624999888,0.6884000000000013,11000,0.5063875500397504,4000,4000,0.38150119151757406,3744,0.44386677949347403,0.501270498285904,0.498729501714096,0.198,0.06236558797589997,2.0760750770568848,periodic,1.0,0,5000,0,assigned_level_sensitivity,dynamic,0.0,False,True,0.0,0.0,0.0,0
HBTASP-Dynamic,16000,11000,0,,0,0,90,4,1000,909,,4000,0,0.0,0.6263238454545291,0.43059764374998877,0.6884000000000013,11000,0.5092023229114778,4000,4000,0.38698830992696054,3759,0.44768595643087766,0.4875442845566673,0.5124557154433327,0.18825,0.060697646503917124,2.0716960430145264,periodic,1.0,0,5000,0,assigned_level_sensitivity,dynamic,0.0,False,True,0.0,0.0,0.0,0
HBTASP-Dynamic,16000,11000,0,,0,0,90,4,1000,1010,,4000,0,0.0,0.6265560727272574,0.4307572999999895,0.6884000000000013,11000,0.5089071495844599,4000,4000,0.37853018737544364,3792,0.44193602869299947,0.4863112902344377,0.5136887097655622,0.1805,0.06340584131755583,2.077786922454834,periodic,1.0,0,5000,0,assigned_level_sensitivity,dynamic,0.0,False,True,0.0,0.0,0.0,0
HBTASP-Dynamic,20000,9000,0,,0,0,90,5,1000,101,,5000,0,0.0,0.6428868444444396,0.2892990799999978,0.6884000000000013,9000,0.38873130485934476,5000,5000,0.300961283867658,4390,0.4098052893121815,0.3430443129525255,0.6569556870474744,0.304,0.1088440054445235,2.224855661392212,periodic,1.0,0,11000,0,assigned_level_sensitivity,dynamic,0.0,False,True,0.0,0.0,0.0,0
HBTASP-Dynamic,20000,9000,0,,0,0,90,5,1000,202,,5000,0,0.0,0.64299164444444,0.289346239999998,0.6884000000000013,9000,0.38883545647558093,5000,5000,0.30322925560722386,4321,0.4205077653603991,0.34675759275987217,0.6532424072401278,0.3,0.11727850975317522,2.205721139907837,periodic,1.0,0,11000,0,assigned_level_sensitivity,dynamic,0.0,False,True,0.0,0.0,0.0,0
HBTASP-Dynamic,20000,9000,0,,0,0,90,5,1000,303,,5000,0,0.0,0.6430920777777734,0.28939143499999803,0.6884000000000013,9000,0.3873040881842861,5000,5000,0.3028606344124415,4419,0.4208459687249044,0.33514948956281176,0.6648505104371882,0.2852,0.11798533431246289,2.2780921459198,periodic,1.0,0,11000,0,assigned_level_sensitivity,dynamic,0.0,False,True,0.0,0.0,0.0,0
HBTASP-Dynamic,20000,9000,0,,0,0,90,5,1000,404,,5000,0,0.0,0.6431357444444404,0.2894110849999982,0.6884000000000013,9000,0.38993653426755553,5000,5000,0.3008179805747145,4370,0.4149198600538384,0.3432015411079297,0.6567984588920703,0.304,0.11410187947912392,2.241316556930542,periodic,1.0,0,11000,0,assigned_level_sensitivity,dynamic,0.0,False,True,0.0,0.0,0.0,0
HBTASP-Dynamic,20000,9000,0,,0,0,90,5,1000,505,,5000,0,0.0,0.6429174111111065,0.2893128349999979,0.6884000000000013,9000,0.3888413635532373,5000,5000,0.2967320928535935,4359,0.41818920547398253,0.3116201951343594,0.6883798048656407,0.3058,0.12145711262038905,2.196420907974243,periodic,1.0,0,11000,0,assigned_level_sensitivity,dynamic,0.0,False,True,0.0,0.0,0.0,0
HBTASP-Dynamic,20000,9000,0,,0,0,90,5,1000,606,,5000,0,0.0,0.6431663111111071,0.28942483999999824,0.6884000000000013,9000,0.3887863949434137,5000,5000,0.2938228277641906,4400,0.40825164146683146,0.3433794582630752,0.6566205417369249,0.306,0.11442881370264085,2.2064757347106934,periodic,1.0,0,11000,0,assigned_level_sensitivity,dynamic,0.0,False,True,0.0,0.0,0.0,0
HBTASP-Dynamic,20000,9000,0,,0,0,90,5,1000,707,,5000,0,0.0,0.6428824777777727,0.2892971149999978,0.6884000000000013,9000,0.38942175353185404,5000,5000,0.2971869935229295,4335,0.41646914478877145,0.3399125259199784,0.6600874740800216,0.312,0.11928215126584196,2.230482816696167,periodic,1.0,0,11000,0,assigned_level_sensitivity,dynamic,0.0,False,True,0.0,0.0,0.0,0
HBTASP-Dynamic,20000,9000,0,,0,0,90,5,1000,808,,5000,0,0.0,0.6428300777777729,0.2892735349999978,0.6884000000000013,9000,0.38919144553209123,5000,5000,0.30134546854457295,4325,0.4225919955153562,0.34978046993043466,0.6502195300695653,0.302,0.12124652697078325,2.2108829021453857,periodic,1.0,0,11000,0,assigned_level_sensitivity,dynamic,0.0,False,True,0.0,0.0,0.0,0
HBTASP-Dynamic,20000,9000,0,,0,0,90,5,1000,909,,5000,0,0.0,0.6431488444444404,0.2894169799999982,0.6884000000000013,9000,0.3884149981771682,5000,5000,0.2992756607220647,4390,0.41224837713070894,0.3455372797229421,0.6544627202770579,0.312,0.11297271640864426,2.245178699493408,periodic,1.0,0,11000,0,assigned_level_sensitivity,dynamic,0.0,False,True,0.0,0.0,0.0,0
HBTASP-Dynamic,20000,9000,0,,0,0,90,5,1000,1010,,5000,0,0.0,0.6430964444444401,0.2893933999999981,0.6884000000000013,9000,0.38847194069072255,5000,5000,0.30248740755947867,4390,0.4219612455530636,0.3287496153783066,0.6712503846216934,0.292,0.11947383799358491,2.215205430984497,periodic,1.0,0,11000,0,assigned_level_sensitivity,dynamic,0.0,False,True,0.0,0.0,0.0,0
HBTASP-Dynamic,24000,7000,0,,0,0,90,6,1000,101,,6000,0,0.0,0.6752585571428644,0.19695041250000214,0.6884000000000013,7000,0.28959193145298795,6000,6000,0.22866326427725603,4757,0.40288043503059884,0.20920762559713385,0.7907923744028662,0.422,0.1742171707533428,2.4291508197784424,periodic,1.0,0,17000,0,assigned_level_sensitivity,dynamic,0.0,False,True,0.0,0.0,0.0,0
HBTASP-Dynamic,24000,7000,0,,0,0,90,6,1000,202,,6000,0,0.0,0.6752473285714358,0.1969471375000021,0.6884000000000013,7000,0.28942441948313213,6000,6000,0.22702899744580887,4752,0.40177170770758375,0.2090002547796741,0.7909997452203259,0.425,0.17474271026177488,2.4152917861938477,periodic,1.0,0,17000,0,assigned_level_sensitivity,dynamic,0.0,False,True,0.0,0.0,0.0,0
HBTASP-Dynamic,24000,7000,0,,0,0,90,6,1000,303,,6000,0,0.0,0.6752417142857216,0.19694550000000213,0.6884000000000013,7000,0.2896669306698269,6000,6000,0.22402827223939506,4711,0.39894048942467625,0.20770871031342242,0.7922912896865776,0.43166666666666664,0.1749122171852812,2.455108404159546,periodic,1.0,0,17000,0,assigned_level_sensitivity,dynamic,0.0,False,True,0.0,0.0,0.0,0
HBTASP-Dynamic,24000,7000,0,,0,0,90,6,1000,404,,6000,0,0.0,0.6752529428571501,0.1969487750000021,0.6884000000000013,7000,0.2894440748330372,6000,6000,0.22418441919487567,4714,0.39992600520073573,0.20934547670463963,0.7906545232953603,0.42983333333333335,0.17574158600586007,2.41711688041687,periodic,1.0,0,17000,0,assigned_level_sensitivity,dynamic,0.0,False,True,0.0,0.0,0.0,0
HBTASP-Dynamic,24000,7000,0,,0,0,90,6,1000,505,,6000,0,0.0,0.6752585571428643,0.1969504125000021,0.6884000000000013,7000,0.2898519145507385,6000,6000,0.22730592521645102,4749,0.4014290456302584,0.20978234979944171,0.7902176502005582,0.42533333333333334,0.17412312041380737,2.4363486766815186,periodic,1.0,0,17000,0,assigned_level_sensitivity,dynamic,0.0,False,True,0.0,0.0,0.0,0
HBTASP-Dynamic,24000,7000,0,,0,0,90,6,1000,606,,6000,0,0.0,0.6752473285714359,0.19694713750000215,0.6884000000000013,7000,0.2893082847943481,6000,6000,0.22529944819071016,4724,0.4033079771293553,0.20569532444816352,0.7943046755518365,0.426,0.17800852893864513,2.530513286590576,periodic,1.0,0,17000,0,assigned_level_sensitivity,dynamic,0.0,False,True,0.0,0.0,0.0,0
HBTASP-Dynamic,24000,7000,0,,0,0,90,6,1000,707,,6000,0,0.0,0.6752473285714358,0.1969471375000021,0.6884000000000013,7000,0.28967057274340163,6000,6000,0.225069557539965,4760,0.3991931065881721,0.2066416538583075,0.7933583461416925,0.426,0.1741235490482071,2.426605701446533,periodic,1.0,0,17000,0,assigned_level_sensitivity,dynamic,0.0,False,True,0.0,0.0,0.0,0
HBTASP-Dynamic,24000,7000,0,,0,0,90,6,1000,808,,6000,0,0.0,0.6752585571428644,0.19695041250000214,0.6884000000000013,7000,0.2894175798571782,6000,6000,0.22860192070139032,4774,0.4027455499334474,0.20986527065099436,0.7901347293490056,0.42,0.1741436292320571,2.4616734981536865,periodic,1.0,0,17000,0,assigned_level_sensitivity,dynamic,0.0,False,True,0.0,0.0,0.0,0
HBTASP-Dynamic,24000,7000,0,,0,0,90,6,1000,909,,6000,0,0.0,0.6752529428571502,0.19694877500000216,0.6884000000000013,7000,0.289223739062085,6000,6000,0.22830911240791893,4779,0.39997105170096375,0.21369998911698168,0.7863000108830183,0.42183333333333334,0.17166193929304482,2.414905548095703,periodic,1.0,0,17000,0,assigned_level_sensitivity,dynamic,0.0,False,True,0.0,0.0,0.0,0
HBTASP-Dynamic,24000,7000,0,,0,0,90,6,1000,1010,,6000,0,0.0,0.6752529428571501,0.1969487750000021,0.6884000000000013,7000,0.2898664624059465,6000,6000,0.22488048482522696,4706,0.4016831701665053,0.2059819275405288,0.7940180724594712,0.43066666666666664,0.17680268534127833,2.4264299869537354,periodic,1.0,0,17000,0,assigned_level_sensitivity,dynamic,0.0,False,True,0.0,0.0,0.0,0
HBTASP-Dynamic,28000,7000,0,,0,0,90,7,1000,101,,7000,1000,0.14285714285714285,0.6752585571428644,0.1688146392857161,0.590057142857144,7000,0.2485933910300903,7000,7000,0.19585393396980383,4769,0.40252564112486133,0.17833301934802992,0.8216669806519701,0.5028571428571429,0.2066717071550575,2.866554021835327,periodic,1.0,1000,20000,0,assigned_level_sensitivity,dynamic,0.0,False,True,0.0,0.0,0.0,0
HBTASP-Dynamic,28000,7000,0,,0,0,90,7,1000,202,,7000,1000,0.14285714285714285,0.6752473285714358,0.16881183214285894,0.590057142857144,7000,0.2487438515891765,7000,7000,0.19418225904027026,4748,0.4018156689236008,0.1785021698780716,0.8214978301219285,0.5071428571428571,0.20763340988333057,2.851132869720459,periodic,1.0,1000,20000,0,assigned_level_sensitivity,dynamic,0.0,False,True,0.0,0.0,0.0,0
HBTASP-Dynamic,28000,7000,0,,0,0,90,7,1000,303,,7000,1000,0.14285714285714285,0.6752473285714358,0.16881183214285894,0.590057142857144,7000,0.24860596270829716,7000,7000,0.192821467778907,4720,0.40111690003444816,0.17630106401629864,0.8236989359837014,0.5105714285714286,0.20829543225554117,2.827643871307373,periodic,1.0,1000,20000,0,assigned_level_sensitivity,dynamic,0.0,False,True,0.0,0.0,0.0,0
HBTASP-Dynamic,28000,7000,0,,0,0,90,7,1000,404,,7000,1000,0.14285714285714285,0.6752473285714358,0.16881183214285894,0.590057142857144,7000,0.24855227441958713,7000,7000,0.19243501987644615,4721,0.4008870371479598,0.17887484270266538,0.8211251572973346,0.5091428571428571,0.20845201727151366,2.8650190830230713,periodic,1.0,1000,20000,0,assigned_level_sensitivity,dynamic,0.0,False,True,0.0,0.0,0.0,0
HBTASP-Dynamic,28000,7000,0,,0,0,90,7,1000,505,,7000,1000,0.14285714285714285,0.6752529428571501,0.16881323571428752,0.590057142857144,7000,0.24867224003615876,7000,7000,0.19248605288684234,4742,0.3996602108725443,0.17592364579221953,0.8240763542077805,0.5108571428571429,0.20717415798570193,2.8737270832061768,periodic,1.0,1000,20000,0,assigned_level_sensitivity,dynamic,0.0,False,True,0.0,0.0,0.0,0
HBTASP-Dynamic,28000,7000,0,,0,0,90,7,1000,606,,7000,1000,0.14285714285714285,0.6752529428571501,0.16881323571428752,0.590057142857144,7000,0.24866975558334878,7000,7000,0.19237514404978137,4723,0.40271074956299624,0.17347345944579834,0.8265265405542017,0.5105714285714286,0.21033560551321487,2.8766839504241943,periodic,1.0,1000,20000,0,assigned_level_sensitivity,dynamic,0.0,False,True,0.0,0.0,0.0,0
HBTASP-Dynamic,28000,7000,0,,0,0,90,7,1000,707,,7000,1000,0.14285714285714285,0.6752417142857216,0.1688104285714304,0.590057142857144,7000,0.24873549538360654,7000,7000,0.19275989506484084,4739,0.40099930918543486,0.17691123054367075,0.8230887694563293,0.51,0.20823941412059402,2.8473219871520996,periodic,1.0,1000,20000,0,assigned_level_sensitivity,dynamic,0.0,False,True,0.0,0.0,0.0,0
HBTASP-Dynamic,28000,7000,0,,0,0,90,7,1000,808,,7000,1000,0.14285714285714285,0.6752529428571501,0.16881323571428752,0.590057142857144,7000,0.24861685961689997,7000,7000,0.19440659404719401,4763,0.4023326516687087,0.177953952598075,0.822046047401925,0.5055714285714286,0.20792605762151467,2.8384225368499756,periodic,1.0,1000,20000,0,assigned_level_sensitivity,dynamic,0.0,False,True,0.0,0.0,0.0,0
HBTASP-Dynamic,28000,7000,0,,0,0,90,7,1000,909,,7000,1000,0.14285714285714285,0.6752529428571501,0.16881323571428752,0.590057142857144,7000,0.24852101619244396,7000,7000,0.1937815584097215,4765,0.40115044818311585,0.17686569590394427,0.8231343040960557,0.5052857142857143,0.20736888977339435,2.872342109680176,periodic,1.0,1000,20000,0,assigned_level_sensitivity,dynamic,0.0,False,True,0.0,0.0,0.0,0
HBTASP-Dynamic,28000,7000,0,,0,0,90,7,1000,1010,,7000,1000,0.14285714285714285,0.6752473285714359,0.16881183214285897,0.590057142857144,7000,0.24881161227264817,7000,7000,0.19373854496305223,4730,0.40237638070396536,0.17826842068406829,0.8217315793159317,0.5074285714285715,0.20863783574091313,2.8846633434295654,periodic,1.0,1000,20000,0,assigned_level_sensitivity,dynamic,0.0,False,True,0.0,0.0,0.0,0
HBTASP-Dynamic,32000,7000,0,,0,0,90,8,1000,101,,8000,2000,0.25,0.6752473285714358,0.14771035312500158,0.516300000000001,7000,0.2180283232477725,8000,8000,0.17016259340308412,4798,0.3989303512751067,0.15315199486879835,0.8468480051312016,0.566,0.22876775787202255,3.224630355834961,periodic,1.0,2000,23000,0,assigned_level_sensitivity,dynamic,0.0,False,True,0.0,0.0,0.0,0
HBTASP-Dynamic,32000,7000,0,,0,0,90,8,1000,202,,8000,2000,0.25,0.6752473285714358,0.14771035312500158,0.516300000000001,7000,0.21890929262345568,8000,8000,0.1709464202251037,4707,0.40321987447707763,0.15178668058681916,0.8482133194131809,0.574,0.23227345425197393,3.163292646408081,periodic,1.0,2000,23000,0,assigned_level_sensitivity,dynamic,0.0,False,True,0.0,0.0,0.0,0
HBTASP-Dynamic,32000,7000,0,,0,0,90,8,1000,303,,8000,2000,0.25,0.6752473285714359,0.1477103531250016,0.516300000000001,7000,0.21760101426785516,8000,8000,0.16872277862975701,4707,0.4034204559967343,0.14836219778502416,0.8516378022149759,0.5705,0.2346976773669773,3.363443613052368,periodic,1.0,2000,23000,0,assigned_level_sensitivity,dynamic,0.0,False,True,0.0,0.0,0.0,0
HBTASP-Dynamic,32000,7000,0,,0,0,90,8,1000,404,,8000,2000,0.25,0.6752417142857216,0.14770912500000158,0.516300000000001,7000,0.21758860621088832,8000,8000,0.16335109625287061,4713,0.38531498634515465,0.15189626119276947,0.8481037388072306,0.58,0.22196389009228404,3.341789484024048,periodic,1.0,2000,23000,0,assigned_level_sensitivity,dynamic,0.0,False,True,0.0,0.0,0.0,0
HBTASP-Dynamic,32000,7000,0,,0,0,90,8,1000,505,,8000,2000,0.25,0.6752417142857216,0.14770912500000158,0.516300000000001,7000,0.21763832571607583,8000,8000,0.16403470236984807,4697,0.39262442400290615,0.15179938453934952,0.8482006154606505,0.5765,0.22858972163305807,3.190335273742676,periodic,1.0,2000,23000,0,assigned_level_sensitivity,dynamic,0.0,False,True,0.0,0.0,0.0,0
HBTASP-Dynamic,32000,7000,0,,0,0,90,8,1000,606,,8000,2000,0.25,0.6752529428571501,0.14771158125000158,0.516300000000001,7000,0.21737950875571377,8000,8000,0.16735364802189012,4744,0.39449343495705,0.1499638643128025,0.8500361356871975,0.577,0.2271397869351599,3.220674991607666,periodic,1.0,2000,23000,0,assigned_level_sensitivity,dynamic,0.0,False,True,0.0,0.0,0.0,0
HBTASP-Dynamic,32000,7000,0,,0,0,90,8,1000,707,,8000,2000,0.25,0.6752417142857216,0.14770912500000158,0.516300000000001,7000,0.219115994260758,8000,8000,0.16983152925311912,4801,0.40083768857133556,0.15312950279388043,0.8468704972061196,0.563875,0.23100615931821644,3.2120490074157715,periodic,1.0,2000,23000,0,assigned_level_sensitivity,dynamic,0.0,False,True,0.0,0.0,0.0,0
HBTASP-Dynamic,32000,7000,0,,0,0,90,8,1000,808,,8000,2000,0.25,0.6752473285714358,0.14771035312500158,0.516300000000001,7000,0.21878847083346117,8000,8000,0.17061669555090042,4772,0.4041565535321166,0.15631487206903433,0.8436851279309656,0.562,0.23353985798121618,3.1890933513641357,periodic,1.0,2000,23000,0,assigned_level_sensitivity,dynamic,0.0,False,True,0.0,0.0,0.0,0
HBTASP-Dynamic,32000,7000,0,,0,0,90,8,1000,909,,8000,2000,0.25,0.6752585571428644,0.14771280937500159,0.516300000000001,7000,0.21857911845697983,8000,8000,0.1689653439800433,4832,0.4000355247624518,0.1462882801102633,0.8537117198897367,0.5615,0.2310701807824085,3.175431251525879,periodic,1.0,2000,23000,0,assigned_level_sensitivity,dynamic,0.0,False,True,0.0,0.0,0.0,0
HBTASP-Dynamic,32000,7000,0,,0,0,90,8,1000,1010,,8000,2000,0.25,0.6752473285714359,0.1477103531250016,0.516300000000001,7000,0.21909802671037107,8000,8000,0.17736688506110573,4784,0.4091364584640709,0.16157213957475122,0.8384278604252487,0.555,0.23176957340296514,3.1685540676116943,periodic,1.0,2000,23000,0,assigned_level_sensitivity,dynamic,0.0,False,True,0.0,0.0,0.0,0
HBTASP-Dynamic,36000,7000,0,,0,0,90,9,1000,101,,9000,3000,0.3333333333333333,0.6752529428571501,0.13129918333333473,0.4589333333333342,7000,0.19395931780514467,9000,9000,0.15054916605592625,4789,0.39924115375291036,0.13518526257431657,0.8648147374256834,0.6137777777777778,0.2486919876969841,3.64737868309021,periodic,1.0,3000,26000,0,assigned_level_sensitivity,dynamic,0.0,False,True,0.0,0.0,0.0,0
HBTASP-Dynamic,36000,7000,0,,0,0,90,9,1000,202,,9000,3000,0.3333333333333333,0.6752473285714359,0.1312980916666681,0.4589333333333342,7000,0.19427536909498178,9000,9000,0.15043430881769077,4764,0.39956124234894214,0.13664292578760545,0.8633570742123946,0.6173333333333333,0.24912693353125137,3.6838817596435547,periodic,1.0,3000,26000,0,assigned_level_sensitivity,dynamic,0.0,False,True,0.0,0.0,0.0,0
HBTASP-Dynamic,36000,7000,0,,0,0,90,9,1000,303,,9000,3000,0.3333333333333333,0.6752585571428644,0.1313002750000014,0.4589333333333342,7000,0.19405426571432013,9000,9000,0.15077407712095747,4754,0.4008968480327533,0.13660520202048093,0.8633947979795191,0.6166666666666667,0.2501227709117958,3.6585886478424072,periodic,1.0,3000,26000,0,assigned_level_sensitivity,dynamic,0.0,False,True,0.0,0.0,0.0,0
HBTASP-Dynamic,36000,7000,0,,0,0,90,9,1000,404,,9000,3000,0.3333333333333333,0.6752529428571501,0.13129918333333473,0.4589333333333342,7000,0.19393728444419045,9000,9000,0.1502234938019687,4747,0.40141144740783286,0.13828123538221196,0.8617187646177881,0.6166666666666667,0.25118795360586416,3.6411972045898438,periodic,1.0,3000,26000,0,assigned_level_sensitivity,dynamic,0.0,False,True,0.0,0.0,0.0,0
HBTASP-Dynamic,36000,7000,0,,0,0,90,9,1000,505,,9000,3000,0.3333333333333333,0.6752473285714359,0.1312980916666681,0.4589333333333342,7000,0.19403028961966665,9000,9000,0.1493873193935508,4745,0.4004561150619618,0.1362931772853393,0.8637068227146607,0.6186666666666667,0.251068795668411,3.6679065227508545,periodic,1.0,3000,26000,0,assigned_level_sensitivity,dynamic,0.0,False,True,0.0,0.0,0.0,0
HBTASP-Dynamic,36000,7000,0,,0,0,90,9,1000,606,,9000,3000,0.3333333333333333,0.6752585571428643,0.13130027500000138,0.4589333333333342,7000,0.19428188109526928,9000,9000,0.14968788937472569,4747,0.40187563081808614,0.13410866985493403,0.8658913301450659,0.6177777777777778,0.2521877414433604,3.6521928310394287,periodic,1.0,3000,26000,0,assigned_level_sensitivity,dynamic,0.0,False,True,0.0,0.0,0.0,0
HBTASP-Dynamic,36000,7000,0,,0,0,90,9,1000,707,,9000,3000,0.3333333333333333,0.6752529428571501,0.13129918333333473,0.4589333333333342,7000,0.19421096887774525,9000,9000,0.15081034288449013,4765,0.4014464672099897,0.13805633981884477,0.8619436601811552,0.6175555555555555,0.2506361243254996,3.6614105701446533,periodic,1.0,3000,26000,0,assigned_level_sensitivity,dynamic,0.0,False,True,0.0,0.0,0.0,0
HBTASP-Dynamic,36000,7000,0,,0,0,90,9,1000,808,,9000,3000,0.3333333333333333,0.6752529428571501,0.13129918333333473,0.4589333333333342,7000,0.19403113052620719,9000,9000,0.1520044870874286,4798,0.40305658572508335,0.13829337494359178,0.8617066250564083,0.6117777777777778,0.25105209863765476,3.658167839050293,periodic,1.0,3000,26000,0,assigned_level_sensitivity,dynamic,0.0,False,True,0.0,0.0,0.0,0
HBTASP-Dynamic,36000,7000,0,,0,0,90,9,1000,909,,9000,3000,0.3333333333333333,0.6752529428571501,0.13129918333333473,0.4589333333333342,7000,0.1940154714271679,9000,9000,0.15010849164757498,4786,0.3994862450352428,0.13530721685521727,0.8646927831447827,0.6142222222222222,0.24937775338766785,3.6982953548431396,periodic,1.0,3000,26000,0,assigned_level_sensitivity,dynamic,0.0,False,True,0.0,0.0,0.0,0
HBTASP-Dynamic,36000,7000,0,,0,0,90,9,1000,1010,,9000,3000,0.3333333333333333,0.6752473285714359,0.1312980916666681,0.4589333333333342,7000,0.19415216636708604,9000,9000,0.15063749178580416,4750,0.40208536436148334,0.13677729896343715,0.8632227010365628,0.6166666666666667,0.2514478725756792,3.6425931453704834,periodic,1.0,3000,26000,0,assigned_level_sensitivity,dynamic,0.0,False,True,0.0,0.0,0.0,0
HBTASP-Dynamic,40000,7000,0,,0,0,90,10,1000,101,,10000,4000,0.4,0.6752585571428644,0.11817024750000128,0.4130400000000008,7000,0.17481088357054186,10000,10000,0.13505122046452434,5011,0.3780581201705437,0.11113868545392695,0.8888613145460731,0.64,0.24300689970601935,4.210066318511963,periodic,1.0,4000,29000,0,assigned_level_sensitivity,dynamic,0.0,False,True,0.0,0.0,0.0,0
HBTASP-Dynamic,40000,7000,0,,0,0,90,10,1000,202,,10000,4000,0.4,0.6752529428571501,0.11816926500000127,0.4130400000000008,7000,0.17724477977011754,10000,10000,0.14431807051280798,4771,0.4237628792257924,0.13286565478499884,0.8671343452150011,0.644,0.27944480871298444,4.196702480316162,periodic,1.0,4000,29000,0,assigned_level_sensitivity,dynamic,0.0,False,True,0.0,0.0,0.0,0
HBTASP-Dynamic,40000,7000,0,,0,0,90,10,1000,303,,10000,4000,0.4,0.6752529428571501,0.11816926500000127,0.4130400000000008,7000,0.17456347611873593,10000,10000,0.12820449475887502,4708,0.3887368217390696,0.10844046072671472,0.8915595392732852,0.672,0.2605323269801946,4.209528207778931,periodic,1.0,4000,29000,0,assigned_level_sensitivity,dynamic,0.0,False,True,0.0,0.0,0.0,0
HBTASP-Dynamic,40000,7000,0,,0,0,90,10,1000,404,,10000,4000,0.4,0.6752473285714358,0.11816828250000126,0.4130400000000008,7000,0.17425108708983264,10000,10000,0.13403034333390645,4902,0.3973813635890846,0.12323652859685473,0.8767634714031453,0.648,0.26335102025517815,4.2286412715911865,periodic,1.0,4000,29000,0,assigned_level_sensitivity,dynamic,0.0,False,True,0.0,0.0,0.0,0
HBTASP-Dynamic,40000,7000,0,,0,0,90,10,1000,505,,10000,4000,0.4,0.6752473285714358,0.11816828250000126,0.4130400000000008,7000,0.1766664466817145,10000,10000,0.1266157480783668,4722,0.3909315460696737,0.12650847329936216,0.8734915267006378,0.666,0.2643157979913069,4.253591299057007,periodic,1.0,4000,29000,0,assigned_level_sensitivity,dynamic,0.0,False,True,0.0,0.0,0.0,0
HBTASP-Dynamic,40000,7000,0,,0,0,90,10,1000,606,,10000,4000,0.4,0.6752529428571501,0.11816926500000127,0.4130400000000008,7000,0.17574623413792015,10000,10000,0.1302238596900008,4909,0.36752863207343506,0.11644571886484816,0.8835542811351519,0.664,0.23730477238343425,4.221796751022339,periodic,1.0,4000,29000,0,assigned_level_sensitivity,dynamic,0.0,False,True,0.0,0.0,0.0,0
HBTASP-Dynamic,40000,7000,0,,0,0,90,10,1000,707,,10000,4000,0.4,0.6752529428571502,0.11816926500000129,0.4130400000000008,7000,0.17619558689392573,10000,10000,0.13487511153602041,4809,0.39234156271384185,0.12142042594446727,0.8785795740555328,0.656,0.2574664511778214,4.21203351020813,periodic,1.0,4000,29000,0,assigned_level_sensitivity,dynamic,0.0,False,True,0.0,0.0,0.0,0
HBTASP-Dynamic,40000,7000,0,,0,0,90,10,1000,808,,10000,4000,0.4,0.6752361000000072,0.11816631750000127,0.4130400000000008,7000,0.17451553201505726,10000,10000,0.1393931546695955,4831,0.40544250039704655,0.1350644297489353,0.8649355702510647,0.654,0.26604934572745104,4.180436849594116,periodic,1.0,4000,29000,0,assigned_level_sensitivity,dynamic,0.0,False,True,0.0,0.0,0.0,0
HBTASP-Dynamic,40000,7000,0,,0,0,90,10,1000,909,,10000,4000,0.4,0.6752585571428644,0.11817024750000128,0.4130400000000008,7000,0.17497013442081882,10000,10000,0.13438080938598507,4811,0.3934072954676248,0.11742921703840513,0.8825707829615949,0.648,0.25902648608163975,4.256243944168091,periodic,1.0,4000,29000,0,assigned_level_sensitivity,dynamic,0.0,False,True,0.0,0.0,0.0,0
HBTASP-Dynamic,40000,7000,0,,0,0,90,10,1000,1010,,10000,4000,0.4,0.6752529428571501,0.11816926500000127,0.4130400000000008,7000,0.17712459032870367,10000,10000,0.12898716062924923,4744,0.3812324181020688,0.11843748019193127,0.8815625198080688,0.666,0.25224525747281956,4.27868390083313,periodic,1.0,4000,29000,0,assigned_level_sensitivity,dynamic,0.0,False,True,0.0,0.0,0.0,0
