configuration,mandatory_count,total_regions,mandatory_infeasible,optional_skipped,dispatch_infeasible,expired_waiting,completed,deadline_misses,thermal_violations,mandatory_released,mandatory_unique_terminal_uids,mandatory_pre_reject,mandatory_wait_expire,mandatory_late_complete,mandatory_on_time,mandatory_terminal_residual,mandatory_pre_rejection_rate,mandatory_admitted_dmr,mandatory_service_failure_rate,mandatory_terminal_table_sha256,period_ms,lines,epochs,seed,budget_mode,network_mode,release_mode,priority_overhead_ms,all_regions_mandatory,enable_productive_cooling,fixed_voltage_index,enforce_thermal_feasibility,plant_thermal_response_factor,plant_ambient_c,overrun_probability,overrun_min_extra,overrun_max_extra,forced_overrun_count,images,defective_images,mean_complete_image_dice,completed_only_images,mean_completed_only_dice,pixel_defect_recall,pixel_missed_detection_rate,image_complete_miss_rate,optimism_gap,optional_region_on_time_coverage,defect_region_mandatory_coverage,defect_region_on_time_coverage,all_defect_regions_on_time_image_rate,any_defect_region_on_time_image_rate,defect_positive_regions,defective_images_for_coverage
HBTASP-Top1,1,16000,0,2104,0,0,13896,0,0,4000,4000,0,0,0,4000,0,0.0,0.0,0.0,358345139b329c40140caebe1f44495eb1cb4ce7057ad9123725a473225c7759,100,4,1000,101,assigned_level_sensitivity,dynamic,periodic,0.0,False,True,,True,1.0,25.0,0.0,0.0,0.0,0,4000,4000,0.41462013365554384,3880,0.4415295231620432,0.5773967237691302,0.4226032762308698,0.122,0.026909389506499348,0.8246666666666667,0.31368631368631367,0.8831168831168831,0.776,0.93,8008,4000
HBTASP-Top1,1,16000,0,2072,0,0,13928,0,0,4000,4000,0,0,0,4000,0,0.0,0.0,0.0,34b8939f5e22fe77656bcf596b267a8e14848f4c8183e258a0aa6bf6964bce30,100,4,1000,202,assigned_level_sensitivity,dynamic,periodic,0.0,False,True,,True,1.0,25.0,0.0,0.0,0.0,0,4000,4000,0.4167691518719085,3913,0.4390796005044689,0.5906608350888073,0.4093391649111927,0.116,0.02231044863256043,0.8273333333333334,0.31368631368631367,0.8971028971028971,0.8,0.942,8008,4000
HBTASP-Top1,1,16000,0,2080,0,0,13920,0,0,4000,4000,0,0,0,4000,0,0.0,0.0,0.0,cb9cf6119f28cbbe2f515263b460577c6bf03d42557f7919b99931e42d877f4b,100,4,1000,303,assigned_level_sensitivity,dynamic,periodic,0.0,False,True,,True,1.0,25.0,0.0,0.0,0.0,0,4000,4000,0.4182390780854688,3904,0.4428923937876278,0.5956685621417187,0.4043314378582813,0.118,0.024653315702159007,0.8266666666666667,0.31368631368631367,0.8901098901098901,0.792,0.94,8008,4000
HBTASP-Top1,1,16000,0,2104,0,0,13896,0,0,4000,4000,0,0,0,4000,0,0.0,0.0,0.0,19660c8d7c38bf482c258d456033c0235b91bafa3f9150f8928502cb0b6a233e,100,4,1000,404,assigned_level_sensitivity,dynamic,periodic,0.0,False,True,,True,1.0,25.0,0.0,0.0,0.0,0,4000,4000,0.42319756944830667,3920,0.44717345360778377,0.5958497763486158,0.4041502236513842,0.112,0.0239758841594771,0.8246666666666667,0.31368631368631367,0.8871128871128872,0.78,0.95,8008,4000
HBTASP-Top1,1,16000,0,2088,0,0,13912,0,0,4000,4000,0,0,0,4000,0,0.0,0.0,0.0,73cdab68096cc443e0e24ada558429cabf1afc7f75cc16ce9d024a0d7cee62f9,100,4,1000,505,assigned_level_sensitivity,dynamic,periodic,0.0,False,True,,True,1.0,25.0,0.0,0.0,0.0,0,4000,4000,0.41250968792559917,3880,0.4419857660686206,0.5812431055556888,0.4187568944443112,0.12,0.029476078143021445,0.826,0.31368631368631367,0.8771228771228772,0.768,0.934,8008,4000
HBTASP-Top1,1,16000,0,2064,0,0,13936,0,0,4000,4000,0,0,0,4000,0,0.0,0.0,0.0,7833957291a032d51d81862cac99e9d8ccb12f68b533b2caf53ee51ae3f9dc9c,100,4,1000,606,assigned_level_sensitivity,dynamic,periodic,0.0,False,True,,True,1.0,25.0,0.0,0.0,0.0,0,4000,4000,0.4173614311483022,3904,0.4436000158983858,0.5809003976326839,0.41909960236731614,0.114,0.026238584750083616,0.828,0.31368631368631367,0.8841158841158842,0.778,0.95,8008,4000
HBTASP-Top1,1,16000,0,2080,0,0,13920,0,0,4000,4000,0,0,0,4000,0,0.0,0.0,0.0,7299403d9d2d4f4ccec9f76133c48d8d07e2ed601a2777f731db87ca14e66056,100,4,1000,707,assigned_level_sensitivity,dynamic,periodic,0.0,False,True,,True,1.0,25.0,0.0,0.0,0.0,0,4000,4000,0.4162747384082268,3888,0.44401374589293113,0.5930815201815423,0.40691847981845775,0.128,0.027739007484704314,0.8266666666666667,0.31368631368631367,0.8801198801198801,0.77,0.93,8008,4000
HBTASP-Top1,1,16000,0,2112,0,0,13888,0,0,4000,4000,0,0,0,4000,0,0.0,0.0,0.0,332b0fc25c5dccfb6fb5145b59221f17277c51b24f8c2d6148183eada1540c2c,100,4,1000,808,assigned_level_sensitivity,dynamic,periodic,0.0,False,True,,True,1.0,25.0,0.0,0.0,0.0,0,4000,4000,0.421019822565301,3888,0.44673692698582623,0.6083791499887364,0.39162085001126357,0.12,0.025717104420525216,0.824,0.31368631368631367,0.8951048951048951,0.796,0.932,8008,4000
HBTASP-Top1,1,16000,0,2080,0,0,13920,0,0,4000,4000,0,0,0,4000,0,0.0,0.0,0.0,3a15676bda67054cb5929717fc730bfa67cd49969827870cd1819db4b67b2b0f,100,4,1000,909,assigned_level_sensitivity,dynamic,periodic,0.0,False,True,,True,1.0,25.0,0.0,0.0,0.0,0,4000,4000,0.42449812562503575,3896,0.4485177040355556,0.5912721599999868,0.40872784000001317,0.114,0.024019578410519826,0.8266666666666667,0.31368631368631367,0.8901098901098901,0.79,0.938,8008,4000
HBTASP-Top1,1,16000,0,2112,0,0,13888,0,0,4000,4000,0,0,0,4000,0,0.0,0.0,0.0,f74ec5db6e908852b709fb2fc49501319e260c6bb970c5803f31b89af1514827,100,4,1000,1010,assigned_level_sensitivity,dynamic,periodic,0.0,False,True,,True,1.0,25.0,0.0,0.0,0.0,0,4000,4000,0.413572886096525,3880,0.4402725089394832,0.5995858099343632,0.40041419006563683,0.124,0.026699622842958237,0.824,0.31368631368631367,0.8881118881118881,0.79,0.934,8008,4000
HBTASP-Top1,1,24000,0,14000,0,0,10000,0,0,6000,6000,0,0,0,6000,0,0.0,0.0,0.0,368e16a18b5b73e12179e2ceeeef5d7bbd6d7e12c7147fe591b0919c4402b0f8,100,6,1000,101,assigned_level_sensitivity,dynamic,periodic,0.0,False,True,,True,1.0,25.0,0.0,0.0,0.0,0,6000,6000,0.28578430435337027,5177,0.4086263003069651,0.3145808225940802,0.6854191774059197,0.3265,0.12284199595359485,0.2222222222222222,0.31368631368631367,0.4945054945054945,0.31066666666666665,0.7413333333333333,12012,6000
HBTASP-Top1,1,24000,0,14000,0,0,10000,0,0,6000,6000,0,0,0,6000,0,0.0,0.0,0.0,1647dacc78c42fdbc64e7d28ec9e5575601944c739c0044734f158d076fd1351,100,6,1000,202,assigned_level_sensitivity,dynamic,periodic,0.0,False,True,,True,1.0,25.0,0.0,0.0,0.0,0,6000,6000,0.2905673048795344,5191,0.41365955498406326,0.32051787176518354,0.6794821282348165,0.31833333333333336,0.12309225010452884,0.2222222222222222,0.31368631368631367,0.4988344988344988,0.30933333333333335,0.7526666666666667,12012,6000
HBTASP-Top1,1,24000,0,14000,0,0,10000,0,0,6000,6000,0,0,0,6000,0,0.0,0.0,0.0,b40e3956fc736148fe48725c99a765faa7ca344bcdde335f7de5815dce321912,100,6,1000,303,assigned_level_sensitivity,dynamic,periodic,0.0,False,True,,True,1.0,25.0,0.0,0.0,0.0,0,6000,6000,0.2821434535175324,5156,0.4084657490131035,0.31034784088307354,0.6896521591169265,0.3305,0.1263222954955711,0.2222222222222222,0.31368631368631367,0.48917748917748916,0.306,0.736,12012,6000
HBTASP-Top1,1,24000,0,14000,0,0,10000,0,0,6000,6000,0,0,0,6000,0,0.0,0.0,0.0,90dd8c8ff63030dd9dbbd25c0b5e9d426cebafe711c88974834a56210f18bdc1,100,6,1000,404,assigned_level_sensitivity,dynamic,periodic,0.0,False,True,,True,1.0,25.0,0.0,0.0,0.0,0,6000,6000,0.28479682435344367,5171,0.40903936574021627,0.3108666182384715,0.6891333817615285,0.3268333333333333,0.1242425413867726,0.2222222222222222,0.31368631368631367,0.49417249417249415,0.30866666666666664,0.7433333333333333,12012,6000
HBTASP-Top1,1,24000,0,14000,0,0,10000,0,0,6000,6000,0,0,0,6000,0,0.0,0.0,0.0,64fec059e2099a382af339a6780c28497caac0c5ebb5f50adb7d0e94049738cd,100,6,1000,505,assigned_level_sensitivity,dynamic,periodic,0.0,False,True,,True,1.0,25.0,0.0,0.0,0.0,0,6000,6000,0.2864166223964191,5139,0.41403116816997165,0.3182156160844801,0.6817843839155199,0.32216666666666666,0.12761454577355258,0.2222222222222222,0.31368631368631367,0.49716949716949715,0.304,0.7426666666666667,12012,6000
HBTASP-Top1,1,24000,0,14000,0,0,10000,0,0,6000,6000,0,0,0,6000,0,0.0,0.0,0.0,ae880915da58fff9f20affe7a5a25900cde6365bd54144492baa5036a1d84adc,100,6,1000,606,assigned_level_sensitivity,dynamic,periodic,0.0,False,True,,True,1.0,25.0,0.0,0.0,0.0,0,6000,6000,0.28405797607567734,5176,0.41091295191337446,0.3091699691448159,0.690830030855184,0.32466666666666666,0.12685497583769711,0.2222222222222222,0.31368631368631367,0.49284049284049286,0.304,0.7453333333333333,12012,6000
HBTASP-Top1,1,24000,0,14000,0,0,10000,0,0,6000,6000,0,0,0,6000,0,0.0,0.0,0.0,c0f27110c744a3fc7a33aecc95f2268b53928f9aef18cbadd02b335ecd207f0e,100,6,1000,707,assigned_level_sensitivity,dynamic,periodic,0.0,False,True,,True,1.0,25.0,0.0,0.0,0.0,0,6000,6000,0.2861214934327028,5180,0.41084407270828843,0.3121903089593013,0.6878096910406988,0.3255,0.12472257927558561,0.2222222222222222,0.31368631368631367,0.49217449217449216,0.30866666666666664,0.746,12012,6000
HBTASP-Top1,1,24000,0,14000,0,0,10000,0,0,6000,6000,0,0,0,6000,0,0.0,0.0,0.0,063cb3f34bb5042d5a315795e5ea1e803957554d0c67c50190b2b486a6968f17,100,6,1000,808,assigned_level_sensitivity,dynamic,periodic,0.0,False,True,,True,1.0,25.0,0.0,0.0,0.0,0,6000,6000,0.2888231536111575,5190,0.41106484244000124,0.31992925186351423,0.6800707481364858,0.3253333333333333,0.12224168882884373,0.2222222222222222,0.31368631368631367,0.49417249417249415,0.30533333333333335,0.746,12012,6000
HBTASP-Top1,1,24000,0,14000,0,0,10000,0,0,6000,6000,0,0,0,6000,0,0.0,0.0,0.0,43ca3bc1908129b5c2ac96d7e4719f6173824add31150444bda10a9206dc8922,100,6,1000,909,assigned_level_sensitivity,dynamic,periodic,0.0,False,True,,True,1.0,25.0,0.0,0.0,0.0,0,6000,6000,0.28534504083987267,5188,0.4096745877736424,0.31492270625414726,0.6850772937458527,0.322,0.12432954693376974,0.2222222222222222,0.31368631368631367,0.49217449217449216,0.3006666666666667,0.7466666666666667,12012,6000
HBTASP-Top1,1,24000,0,14000,0,0,10000,0,0,6000,6000,0,0,0,6000,0,0.0,0.0,0.0,da29db140ec3433f5a7bef5bfca040b9d439fbd33929da0e9b1ac51f823030f9,100,6,1000,1010,assigned_level_sensitivity,dynamic,periodic,0.0,False,True,,True,1.0,25.0,0.0,0.0,0.0,0,6000,6000,0.28583979985161,5177,0.4089221702298334,0.3103548952000504,0.6896451047999497,0.32666666666666666,0.1230823703782234,0.2222222222222222,0.31368631368631367,0.4985014985014985,0.30666666666666664,0.7446666666666667,12012,6000
HBTASP-Top1,1,32000,2000,20000,0,0,10000,0,0,8000,8000,2000,0,0,6000,0,0.25,0.0,0.25,7cf8bd76105a69cbcfa528024b06ba0685b7cf989f92593219acc9df57a75972,100,8,1000,101,assigned_level_sensitivity,dynamic,periodic,0.0,False,True,,True,1.0,25.0,0.0,0.0,0.0,0,8000,8000,0.21638685118051704,5476,0.4016916167257847,0.23426989488422031,0.7657301051157797,0.478,0.18530476554526765,0.16666666666666666,0.31368631368631367,0.36813186813186816,0.221,0.577,16016,8000
HBTASP-Top1,1,32000,2000,20000,0,0,10000,0,0,8000,8000,2000,0,0,6000,0,0.25,0.0,0.25,cecd2e2b4015e0253a77c84bc8294dc40fcdb67626c85441a4885ac7e1e0a2cf,100,8,1000,202,assigned_level_sensitivity,dynamic,periodic,0.0,False,True,,True,1.0,25.0,0.0,0.0,0.0,0,8000,8000,0.21483148016426531,5361,0.4052169129396313,0.22780805467270127,0.7721919453272987,0.484375,0.190385432775366,0.16666666666666666,0.31368631368631367,0.36413586413586413,0.229,0.567,16016,8000
HBTASP-Top1,1,32000,2000,20000,0,0,10000,0,0,8000,8000,2000,0,0,6000,0,0.25,0.0,0.25,bd7b84aea338fe302b0ee7d2c48f979d735627420e20962c2e02d923a38d6eb4,100,8,1000,303,assigned_level_sensitivity,dynamic,periodic,0.0,False,True,,True,1.0,25.0,0.0,0.0,0.0,0,8000,8000,0.21398866596853583,5389,0.40403165913279954,0.22988599062928436,0.7701140093707156,0.482375,0.1900429931642637,0.16666666666666666,0.31368631368631367,0.36363636363636365,0.224,0.576,16016,8000
HBTASP-Top1,1,32000,2000,20000,0,0,10000,0,0,8000,8000,2000,0,0,6000,0,0.25,0.0,0.25,5ca264925b9e61abe6af384f83d2bd438e28677b091df6a9162c7f00606a3ba8,100,8,1000,404,assigned_level_sensitivity,dynamic,periodic,0.0,False,True,,True,1.0,25.0,0.0,0.0,0.0,0,8000,8000,0.20822008276993545,5370,0.390377256109193,0.22930155214481046,0.7706984478551895,0.49,0.18215717333925754,0.16666666666666666,0.31368631368631367,0.36563436563436563,0.226,0.57,16016,8000
HBTASP-Top1,1,32000,2000,20000,0,0,10000,0,0,8000,8000,2000,0,0,6000,0,0.25,0.0,0.25,e0562cda5afacd25e9cea92463a72bba01cebcb83b3a0e2cf87acf3c559f242f,100,8,1000,505,assigned_level_sensitivity,dynamic,periodic,0.0,False,True,,True,1.0,25.0,0.0,0.0,0.0,0,8000,8000,0.21082511057606257,5298,0.4024436209010948,0.2269121066174219,0.7730878933825781,0.486875,0.19161851032503224,0.16666666666666666,0.31368631368631367,0.36363636363636365,0.228,0.566,16016,8000
HBTASP-Top1,1,32000,2000,20000,0,0,10000,0,0,8000,8000,2000,0,0,6000,0,0.25,0.0,0.25,b3f7d87e9e930f58c751ea196132bfa7bbd098461be2f291f3de0fd681adfca1,100,8,1000,606,assigned_level_sensitivity,dynamic,periodic,0.0,False,True,,True,1.0,25.0,0.0,0.0,0.0,0,8000,8000,0.21682343884831684,5457,0.398675091689466,0.2293617903106408,0.7706382096893591,0.479,0.18185165284114918,0.16666666666666666,0.31368631368631367,0.3711288711288711,0.226,0.58,16016,8000
HBTASP-Top1,1,32000,2000,20000,0,0,10000,0,0,8000,8000,2000,0,0,6000,0,0.25,0.0,0.25,3229d72bc8e3fae88853d8b2ca6a7c360b501109e3ed6d246910f2374674f459,100,8,1000,707,assigned_level_sensitivity,dynamic,periodic,0.0,False,True,,True,1.0,25.0,0.0,0.0,0.0,0,8000,8000,0.21417608469128777,5467,0.39648243478381484,0.23275410625128432,0.7672458937487157,0.482,0.18230635009252708,0.16666666666666666,0.31368631368631367,0.3661338661338661,0.226,0.576,16016,8000
HBTASP-Top1,1,32000,2000,20000,0,0,10000,0,0,8000,8000,2000,0,0,6000,0,0.25,0.0,0.25,27de0289d48909259c3ec73273a30652238c998725af9bca56b9346640409341,100,8,1000,808,assigned_level_sensitivity,dynamic,periodic,0.0,False,True,,True,1.0,25.0,0.0,0.0,0.0,0,8000,8000,0.21582652930666002,5430,0.39914804716345526,0.23096947395786582,0.7690305260421342,0.48325,0.18332151785679524,0.16666666666666666,0.31368631368631367,0.3696303696303696,0.217,0.577,16016,8000
HBTASP-Top1,1,32000,2000,20000,0,0,10000,0,0,8000,8000,2000,0,0,6000,0,0.25,0.0,0.25,dc764352a55b9710473d6c335317ee1833e6e0e75afae6c4e03aa4de75f0bf00,100,8,1000,909,assigned_level_sensitivity,dynamic,periodic,0.0,False,True,,True,1.0,25.0,0.0,0.0,0.0,0,8000,8000,0.21711205462468974,5496,0.40183185070169875,0.22843574120319804,0.7715642587968019,0.476,0.184719796077009,0.16666666666666666,0.31368631368631367,0.37012987012987014,0.223,0.581,16016,8000
HBTASP-Top1,1,32000,2000,20000,0,0,10000,0,0,8000,8000,2000,0,0,6000,0,0.25,0.0,0.25,3e60c13bb053d2a15d370770980f7254e411ef520a9a5217c622de4cf4d89024,100,8,1000,1010,assigned_level_sensitivity,dynamic,periodic,0.0,False,True,,True,1.0,25.0,0.0,0.0,0.0,0,8000,8000,0.21933462973534854,5408,0.4062895902812889,0.2366149435491163,0.7633850564508837,0.475375,0.18695496054594038,0.16666666666666666,0.31368631368631367,0.3756243756243756,0.232,0.579,16016,8000
HBTASP-Top1,1,40000,4000,26000,0,0,10000,0,0,10000,10000,4000,0,0,6000,0,0.4,0.0,0.4,a925780f8b1d683f3eb6d71845f8efaf6bc3b25b7b67acfa41bcb9db8f32d6c4,100,10,1000,101,assigned_level_sensitivity,dynamic,periodic,0.0,False,True,,True,1.0,25.0,0.0,0.0,0.0,0,10000,10000,0.17819243826129696,5932,0.3885495086738688,0.18476021490513023,0.8152397850948698,0.557,0.21035707041257182,0.13333333333333333,0.31368631368631367,0.2997002997002997,0.174,0.492,20020,10000
HBTASP-Top1,1,40000,4000,26000,0,0,10000,0,0,10000,10000,4000,0,0,6000,0,0.4,0.0,0.4,7c19c4e792ca4dd66b416e493bc6af1289cd3d367758a27bcc3c2c322e41ad80,100,10,1000,202,assigned_level_sensitivity,dynamic,periodic,0.0,False,True,,True,1.0,25.0,0.0,0.0,0.0,0,10000,10000,0.18703609140732547,5763,0.4212704135995781,0.19469735578922312,0.8053026442107769,0.554,0.23423432219225265,0.13333333333333333,0.31368631368631367,0.3006993006993007,0.18,0.486,20020,10000
HBTASP-Top1,1,40000,4000,26000,0,0,10000,0,0,10000,10000,4000,0,0,6000,0,0.4,0.0,0.4,72f4a780a924c370b4e0f79ceff95e6c13e99e499ef58be4b869d68d4f51cd1c,100,10,1000,303,assigned_level_sensitivity,dynamic,periodic,0.0,False,True,,True,1.0,25.0,0.0,0.0,0.0,0,10000,10000,0.16073382209611345,5618,0.3747871739168514,0.1677025508712418,0.8322974491287582,0.598,0.21405335182073795,0.13333333333333333,0.31368631368631367,0.2777222777222777,0.17,0.462,20020,10000
HBTASP-Top1,1,40000,4000,26000,0,0,10000,0,0,10000,10000,4000,0,0,6000,0,0.4,0.0,0.4,adc4d22cc1b03f53d681c17d2bb0b0520921b513b27c41ce62fcd480deab5955,100,10,1000,404,assigned_level_sensitivity,dynamic,periodic,0.0,False,True,,True,1.0,25.0,0.0,0.0,0.0,0,10000,10000,0.16473602154273648,5649,0.39253201576792257,0.18893479346567205,0.811065206534328,0.5728,0.2277959942251861,0.13333333333333333,0.31368631368631367,0.2987012987012987,0.164,0.482,20020,10000
HBTASP-Top1,1,40000,4000,26000,0,0,10000,0,0,10000,10000,4000,0,0,6000,0,0.4,0.0,0.4,72371a6dc2392aa631a2f1a80556a510e93ef225cc1a7e07482cb1ad30663640,100,10,1000,505,assigned_level_sensitivity,dynamic,periodic,0.0,False,True,,True,1.0,25.0,0.0,0.0,0.0,0,10000,10000,0.16273698626663316,5709,0.3827345154436057,0.18128939204096653,0.8187106079590335,0.58,0.21999752917697254,0.13333333333333333,0.31368631368631367,0.2857142857142857,0.146,0.474,20020,10000
HBTASP-Top1,1,40000,4000,26000,0,0,10000,0,0,10000,10000,4000,0,0,6000,0,0.4,0.0,0.4,903a0f173f46d881f64c89dd6f644e1f36c9438a2dc8bf2dd26576201fbfc42f,100,10,1000,606,assigned_level_sensitivity,dynamic,periodic,0.0,False,True,,True,1.0,25.0,0.0,0.0,0.0,0,10000,10000,0.17255459082764002,5849,0.38139377949747627,0.17242279561798743,0.8275772043820125,0.5688,0.20883918866983625,0.13333333333333333,0.31368631368631367,0.2937062937062937,0.178,0.484,20020,10000
HBTASP-Top1,1,40000,4000,26000,0,0,10000,0,0,10000,10000,4000,0,0,6000,0,0.4,0.0,0.4,013c9d9f2e8835d1195b690780ad4a7dde5a40c816ed2c5eecc755fd9402198c,100,10,1000,707,assigned_level_sensitivity,dynamic,periodic,0.0,False,True,,True,1.0,25.0,0.0,0.0,0.0,0,10000,10000,0.17851813712622758,5921,0.38642279153697334,0.1901035900689834,0.8098964099310166,0.562,0.20790465441074577,0.13333333333333333,0.31368631368631367,0.29270729270729273,0.184,0.49,20020,10000
HBTASP-Top1,1,40000,4000,26000,0,0,10000,0,0,10000,10000,4000,0,0,6000,0,0.4,0.0,0.4,4802fffd4eb60a7f490c928b0e7b1988ba6d3b0af4fa286453bae90d24f9aa25,100,10,1000,808,assigned_level_sensitivity,dynamic,periodic,0.0,False,True,,True,1.0,25.0,0.0,0.0,0.0,0,10000,10000,0.18470946178832404,5890,0.40115590785508054,0.20604507020288657,0.7939549297971135,0.566,0.2164464460667565,0.13333333333333333,0.31368631368631367,0.2977022977022977,0.18,0.488,20020,10000
HBTASP-Top1,1,40000,4000,26000,0,0,10000,0,0,10000,10000,4000,0,0,6000,0,0.4,0.0,0.4,bcc4bd9bcf311ca8bd1be474f6e2d488cb7a8c39b1a2701ed39f21885120600c,100,10,1000,909,assigned_level_sensitivity,dynamic,periodic,0.0,False,True,,True,1.0,25.0,0.0,0.0,0.0,0,10000,10000,0.17603350519382555,5920,0.3865755430130528,0.18526598264382502,0.814734017356175,0.557,0.21054203781922726,0.13333333333333333,0.31368631368631367,0.29270729270729273,0.176,0.49,20020,10000
HBTASP-Top1,1,40000,4000,26000,0,0,10000,0,0,10000,10000,4000,0,0,6000,0,0.4,0.0,0.4,94917fed05a933472c176ccc8c4d3a3bfd4010636e8520465ce79b1a92644bd3,100,10,1000,1010,assigned_level_sensitivity,dynamic,periodic,0.0,False,True,,True,1.0,25.0,0.0,0.0,0.0,0,10000,10000,0.16738555768635888,5820,0.3738002124674786,0.1777560900461101,0.8222439099538899,0.58,0.2064146547811197,0.13333333333333333,0.31368631368631367,0.2867132867132867,0.176,0.47,20020,10000
HBTASP-Top1,1,16000,0,616,0,0,15384,0,0,4000,4000,0,0,0,4000,0,0.0,0.0,0.0,358345139b329c40140caebe1f44495eb1cb4ce7057ad9123725a473225c7759,150,4,1000,101,assigned_level_sensitivity,dynamic,periodic,0.0,False,True,,True,1.0,25.0,0.0,0.0,0.0,0,4000,4000,0.47305343388632043,3992,0.4809935161686101,0.6287099662703364,0.3712900337296636,0.074,0.007940082282289651,0.9486666666666667,0.31368631368631367,0.9630369630369631,0.926,0.99,8008,4000
HBTASP-Top1,1,16000,0,658,0,0,15342,0,0,4000,4000,0,0,0,4000,0,0.0,0.0,0.0,34b8939f5e22fe77656bcf596b267a8e14848f4c8183e258a0aa6bf6964bce30,150,4,1000,202,assigned_level_sensitivity,dynamic,periodic,0.0,False,True,,True,1.0,25.0,0.0,0.0,0.0,0,4000,4000,0.47546527876051586,3992,0.48236833892269215,0.6311553071282011,0.3688446928717989,0.078,0.006903060162176289,0.9451666666666667,0.31368631368631367,0.9647852147852148,0.9295,0.988,8008,4000
HBTASP-Top1,1,16000,0,680,0,0,15320,0,0,4000,4000,0,0,0,4000,0,0.0,0.0,0.0,cb9cf6119f28cbbe2f515263b460577c6bf03d42557f7919b99931e42d877f4b,150,4,1000,303,assigned_level_sensitivity,dynamic,periodic,0.0,False,True,,True,1.0,25.0,0.0,0.0,0.0,0,4000,4000,0.4803864463869333,4000,0.48526003012386193,0.6277184912921978,0.3722815087078022,0.07775,0.004873583736928644,0.9433333333333334,0.31368631368631367,0.965034965034965,0.93,0.986,8008,4000
HBTASP-Top1,1,16000,0,744,0,0,15256,0,0,4000,4000,0,0,0,4000,0,0.0,0.0,0.0,19660c8d7c38bf482c258d456033c0235b91bafa3f9150f8928502cb0b6a233e,150,4,1000,404,assigned_level_sensitivity,dynamic,periodic,0.0,False,True,,True,1.0,25.0,0.0,0.0,0.0,0,4000,4000,0.4776385352545064,3992,0.48565381128887164,0.6184517976391626,0.3815482023608374,0.082,0.008015276034365248,0.938,0.31368631368631367,0.955044955044955,0.91,0.982,8008,4000
HBTASP-Top1,1,16000,0,632,0,0,15368,0,0,4000,4000,0,0,0,4000,0,0.0,0.0,0.0,73cdab68096cc443e0e24ada558429cabf1afc7f75cc16ce9d024a0d7cee62f9,150,4,1000,505,assigned_level_sensitivity,dynamic,periodic,0.0,False,True,,True,1.0,25.0,0.0,0.0,0.0,0,4000,4000,0.4757946225542319,3984,0.48470040601479,0.6277983520675935,0.3722016479324065,0.072,0.008905783460558092,0.9473333333333334,0.31368631368631367,0.9590409590409591,0.92,0.986,8008,4000
HBTASP-Top1,1,16000,0,704,0,0,15296,0,0,4000,4000,0,0,0,4000,0,0.0,0.0,0.0,7833957291a032d51d81862cac99e9d8ccb12f68b533b2caf53ee51ae3f9dc9c,150,4,1000,606,assigned_level_sensitivity,dynamic,periodic,0.0,False,True,,True,1.0,25.0,0.0,0.0,0.0,0,4000,4000,0.47479938114019915,3984,0.4833944091936123,0.6259617396926538,0.3740382603073462,0.072,0.008595028053413167,0.9413333333333334,0.31368631368631367,0.9600399600399601,0.92,0.982,8008,4000
HBTASP-Top1,1,16000,0,624,0,0,15376,0,0,4000,4000,0,0,0,4000,0,0.0,0.0,0.0,7299403d9d2d4f4ccec9f76133c48d8d07e2ed601a2777f731db87ca14e66056,150,4,1000,707,assigned_level_sensitivity,dynamic,periodic,0.0,False,True,,True,1.0,25.0,0.0,0.0,0.0,0,4000,4000,0.47843985395833266,3976,0.48778609442818077,0.6272640854378209,0.37273591456217914,0.069,0.00934624046984811,0.948,0.31368631368631367,0.9660339660339661,0.934,0.986,8008,4000
HBTASP-Top1,1,16000,0,632,0,0,15368,0,0,4000,4000,0,0,0,4000,0,0.0,0.0,0.0,332b0fc25c5dccfb6fb5145b59221f17277c51b24f8c2d6148183eada1540c2c,150,4,1000,808,assigned_level_sensitivity,dynamic,periodic,0.0,False,True,,True,1.0,25.0,0.0,0.0,0.0,0,4000,4000,0.4749789445029068,3976,0.4844928133057453,0.6238679263712295,0.37613207362877055,0.07975,0.009513868802838499,0.9473333333333334,0.31368631368631367,0.9590409590409591,0.918,0.984,8008,4000
HBTASP-Top1,1,16000,0,640,0,0,15360,0,0,4000,4000,0,0,0,4000,0,0.0,0.0,0.0,3a15676bda67054cb5929717fc730bfa67cd49969827870cd1819db4b67b2b0f,150,4,1000,909,assigned_level_sensitivity,dynamic,periodic,0.0,False,True,,True,1.0,25.0,0.0,0.0,0.0,0,4000,4000,0.4751976629873165,3976,0.48606443507441316,0.6246011185577772,0.3753988814422228,0.074,0.010866772087096632,0.9466666666666667,0.31368631368631367,0.957042957042957,0.914,0.984,8008,4000
HBTASP-Top1,1,16000,0,576,0,0,15424,0,0,4000,4000,0,0,0,4000,0,0.0,0.0,0.0,f74ec5db6e908852b709fb2fc49501319e260c6bb970c5803f31b89af1514827,150,4,1000,1010,assigned_level_sensitivity,dynamic,periodic,0.0,False,True,,True,1.0,25.0,0.0,0.0,0.0,0,4000,4000,0.4759048880018052,3984,0.48372842643659203,0.6267477980433811,0.3732522019566189,0.06825,0.007823538434786836,0.952,0.31368631368631367,0.965034965034965,0.93,0.992,8008,4000
HBTASP-Top1,1,24000,0,2316,0,0,21684,0,0,6000,6000,0,0,0,6000,0,0.0,0.0,0.0,368e16a18b5b73e12179e2ceeeef5d7bbd6d7e12c7147fe591b0919c4402b0f8,150,6,1000,101,assigned_level_sensitivity,dynamic,periodic,0.0,False,True,,True,1.0,25.0,0.0,0.0,0.0,0,6000,6000,0.4200422586368906,5872,0.4397264490420965,0.610032762253747,0.38996723774625297,0.108,0.019684190405205915,0.8713333333333333,0.31368631368631367,0.9110889110889111,0.8286666666666667,0.95,12012,6000
HBTASP-Top1,1,24000,0,2316,0,0,21684,0,0,6000,6000,0,0,0,6000,0,0.0,0.0,0.0,1647dacc78c42fdbc64e7d28ec9e5575601944c739c0044734f158d076fd1351,150,6,1000,202,assigned_level_sensitivity,dynamic,periodic,0.0,False,True,,True,1.0,25.0,0.0,0.0,0.0,0,6000,6000,0.4248441530292723,5856,0.44373950555774483,0.6223738673699938,0.3776261326300062,0.108,0.01889535252847252,0.8713333333333333,0.31368631368631367,0.9187479187479187,0.8433333333333334,0.9486666666666667,12012,6000
HBTASP-Top1,1,24000,0,2256,0,0,21744,0,0,6000,6000,0,0,0,6000,0,0.0,0.0,0.0,b40e3956fc736148fe48725c99a765faa7ca344bcdde335f7de5815dce321912,150,6,1000,303,assigned_level_sensitivity,dynamic,periodic,0.0,False,True,,True,1.0,25.0,0.0,0.0,0.0,0,6000,6000,0.423069829454623,5896,0.4413664203522156,0.6113152535653974,0.3886847464346026,0.10333333333333333,0.018296590897592613,0.8746666666666667,0.31368631368631367,0.915001665001665,0.8365,0.9533333333333334,12012,6000
HBTASP-Top1,1,24000,0,2296,0,0,21704,0,0,6000,6000,0,0,0,6000,0,0.0,0.0,0.0,90dd8c8ff63030dd9dbbd25c0b5e9d426cebafe711c88974834a56210f18bdc1,150,6,1000,404,assigned_level_sensitivity,dynamic,periodic,0.0,False,True,,True,1.0,25.0,0.0,0.0,0.0,0,6000,6000,0.420664172550194,5876,0.4392512999303266,0.6106033445347919,0.3893966554652081,0.11333333333333333,0.018587127380132573,0.8724444444444445,0.31368631368631367,0.9117549117549117,0.8293333333333334,0.9473333333333334,12012,6000
HBTASP-Top1,1,24000,0,2292,0,0,21708,0,0,6000,6000,0,0,0,6000,0,0.0,0.0,0.0,64fec059e2099a382af339a6780c28497caac0c5ebb5f50adb7d0e94049738cd,150,6,1000,505,assigned_level_sensitivity,dynamic,periodic,0.0,False,True,,True,1.0,25.0,0.0,0.0,0.0,0,6000,6000,0.42141078862743536,5876,0.44172155409943276,0.6118739595912788,0.38812604040872123,0.10466666666666667,0.020310765471997394,0.8726666666666667,0.31368631368631367,0.9164169164169165,0.838,0.9513333333333334,12012,6000
HBTASP-Top1,1,24000,0,2301,0,0,21699,0,0,6000,6000,0,0,0,6000,0,0.0,0.0,0.0,ae880915da58fff9f20affe7a5a25900cde6365bd54144492baa5036a1d84adc,150,6,1000,606,assigned_level_sensitivity,dynamic,periodic,0.0,False,True,,True,1.0,25.0,0.0,0.0,0.0,0,6000,6000,0.4210612885164216,5868,0.4414564442003207,0.6067430876554454,0.3932569123445546,0.10866666666666666,0.020395155683899102,0.8721666666666666,0.31368631368631367,0.9100899100899101,0.8253333333333334,0.9506666666666667,12012,6000
HBTASP-Top1,1,24000,0,2264,0,0,21736,0,0,6000,6000,0,0,0,6000,0,0.0,0.0,0.0,c0f27110c744a3fc7a33aecc95f2268b53928f9aef18cbadd02b335ecd207f0e,150,6,1000,707,assigned_level_sensitivity,dynamic,periodic,0.0,False,True,,True,1.0,25.0,0.0,0.0,0.0,0,6000,6000,0.4241081768458016,5883,0.4442365587951584,0.6075831695728942,0.39241683042710584,0.10216666666666667,0.02012838194935679,0.8742222222222222,0.31368631368631367,0.9139194139194139,0.8336666666666667,0.9538333333333333,12012,6000
HBTASP-Top1,1,24000,0,2296,0,0,21704,0,0,6000,6000,0,0,0,6000,0,0.0,0.0,0.0,063cb3f34bb5042d5a315795e5ea1e803957554d0c67c50190b2b486a6968f17,150,6,1000,808,assigned_level_sensitivity,dynamic,periodic,0.0,False,True,,True,1.0,25.0,0.0,0.0,0.0,0,6000,6000,0.4238507520332626,5864,0.443592675373876,0.6192296683113735,0.3807703316886265,0.10333333333333333,0.019741923340613365,0.8724444444444445,0.31368631368631367,0.9172494172494172,0.8416666666666667,0.95,12012,6000
HBTASP-Top1,1,24000,0,2300,0,0,21700,0,0,6000,6000,0,0,0,6000,0,0.0,0.0,0.0,43ca3bc1908129b5c2ac96d7e4719f6173824add31150444bda10a9206dc8922,150,6,1000,909,assigned_level_sensitivity,dynamic,periodic,0.0,False,True,,True,1.0,25.0,0.0,0.0,0.0,0,6000,6000,0.4239250395581573,5880,0.4435724788985808,0.6169413014611737,0.38305869853882635,0.106,0.01964743934042351,0.8722222222222222,0.31368631368631367,0.9121711621711621,0.8321666666666667,0.9493333333333334,12012,6000
HBTASP-Top1,1,24000,0,2324,0,0,21676,0,0,6000,6000,0,0,0,6000,0,0.0,0.0,0.0,da29db140ec3433f5a7bef5bfca040b9d439fbd33929da0e9b1ac51f823030f9,150,6,1000,1010,assigned_level_sensitivity,dynamic,periodic,0.0,False,True,,True,1.0,25.0,0.0,0.0,0.0,0,6000,6000,0.4220797190208091,5872,0.4415997182425039,0.6124475160877579,0.38755248391224206,0.10866666666666666,0.019519999221694784,0.8708888888888889,0.31368631368631367,0.9132534132534132,0.8336666666666667,0.9473333333333334,12012,6000
HBTASP-Top1,1,32000,0,15000,0,0,17000,0,0,8000,8000,0,0,0,8000,0,0.0,0.0,0.0,48536fc5e075a2292b527fb68f9e0371d396b2957068a8b27317e7a61bf9ac13,150,8,1000,101,assigned_level_sensitivity,dynamic,periodic,0.0,False,True,,True,1.0,25.0,0.0,0.0,0.0,0,8000,8000,0.3364774895519376,7224,0.4277114788339743,0.4042906265395686,0.5957093734604314,0.253,0.09123398928203669,0.375,0.31368631368631367,0.6143856143856143,0.409,0.816,16016,8000
HBTASP-Top1,1,32000,0,15000,0,0,17000,0,0,8000,8000,0,0,0,8000,0,0.0,0.0,0.0,570e9630deff505ba1c5363a004cd8917cdc4ddeaaa2dfbdb2999707f9626552,150,8,1000,202,assigned_level_sensitivity,dynamic,periodic,0.0,False,True,,True,1.0,25.0,0.0,0.0,0.0,0,8000,8000,0.3388341528697265,7272,0.4293097164223281,0.4079018770198048,0.5920981229801952,0.243,0.09047556355260161,0.375,0.31368631368631367,0.6153846153846154,0.41,0.82,16016,8000
HBTASP-Top1,1,32000,0,15000,0,0,17000,0,0,8000,8000,0,0,0,8000,0,0.0,0.0,0.0,7258aada57693e7fc41c3edb014bd97cd32dde8bd5dca77e2f1cb8b3ef00eaf8,150,8,1000,303,assigned_level_sensitivity,dynamic,periodic,0.0,False,True,,True,1.0,25.0,0.0,0.0,0.0,0,8000,8000,0.3444900937343058,7336,0.4328023209650542,0.4078930316481525,0.5921069683518475,0.233,0.08831222723074844,0.375,0.31368631368631367,0.6188811188811189,0.413,0.832,16016,8000
HBTASP-Top1,1,32000,0,15000,0,0,17000,0,0,8000,8000,0,0,0,8000,0,0.0,0.0,0.0,620f015056b4913eca566e19dd498b9d34ce3df10a7782d95a50b5b4aece1a2a,150,8,1000,404,assigned_level_sensitivity,dynamic,periodic,0.0,False,True,,True,1.0,25.0,0.0,0.0,0.0,0,8000,8000,0.33794473727734087,7280,0.4264586758455219,0.39962788443602815,0.6003721155639719,0.245,0.08851393856818102,0.375,0.31368631368631367,0.6178821178821179,0.417,0.819,16016,8000
HBTASP-Top1,1,32000,0,15000,0,0,17000,0,0,8000,8000,0,0,0,8000,0,0.0,0.0,0.0,4c81619bc200eebb3080c210bdc746b4414b0cc7c3fbb63c2a1ce3f91c436327,150,8,1000,505,assigned_level_sensitivity,dynamic,periodic,0.0,False,True,,True,1.0,25.0,0.0,0.0,0.0,0,8000,8000,0.33261863138693876,7248,0.4229094777124354,0.38952300295308684,0.6104769970469132,0.255,0.09029084632549667,0.375,0.31368631368631367,0.6113886113886113,0.408,0.809,16016,8000
HBTASP-Top1,1,32000,0,15000,0,0,17000,0,0,8000,8000,0,0,0,8000,0,0.0,0.0,0.0,820400f60474dd2d047d6af68da1f0bbcc78c2597c68a44e9fae693f09b01e62,150,8,1000,606,assigned_level_sensitivity,dynamic,periodic,0.0,False,True,,True,1.0,25.0,0.0,0.0,0.0,0,8000,8000,0.3347177288062254,7248,0.4238257160792845,0.39316072772855964,0.6068392722714404,0.251,0.08910798727305907,0.375,0.31368631368631367,0.6153846153846154,0.426,0.813,16016,8000
HBTASP-Top1,1,32000,0,15000,0,0,17000,0,0,8000,8000,0,0,0,8000,0,0.0,0.0,0.0,265cd3c30607304ee4b6dbfbe241a7f7f4ee382cc1c459bb4718426a447809b3,150,8,1000,707,assigned_level_sensitivity,dynamic,periodic,0.0,False,True,,True,1.0,25.0,0.0,0.0,0.0,0,8000,8000,0.33856359659179225,7248,0.42863018606945563,0.4024305432774722,0.5975694567225278,0.25,0.09006658947766338,0.375,0.31368631368631367,0.6133866133866134,0.41,0.814,16016,8000
HBTASP-Top1,1,32000,0,15000,0,0,17000,0,0,8000,8000,0,0,0,8000,0,0.0,0.0,0.0,f4866bde13e803cb907ec64e47284a1135ec88db541e26e30e289fa70c4a5ff8,150,8,1000,808,assigned_level_sensitivity,dynamic,periodic,0.0,False,True,,True,1.0,25.0,0.0,0.0,0.0,0,8000,8000,0.33789179815387266,7304,0.42780190138835295,0.40350390877849096,0.596496091221509,0.242,0.08991010323448029,0.375,0.31368631368631367,0.6203796203796204,0.415,0.819,16016,8000
HBTASP-Top1,1,32000,0,15000,0,0,17000,0,0,8000,8000,0,0,0,8000,0,0.0,0.0,0.0,a8c124acc17ac65b2cb1529125ce780607cdb86f117209ab5b3479ea9aad8a28,150,8,1000,909,assigned_level_sensitivity,dynamic,periodic,0.0,False,True,,True,1.0,25.0,0.0,0.0,0.0,0,8000,8000,0.33476006617192744,7224,0.4246367671705963,0.40149457725655785,0.5985054227434421,0.257,0.08987670099866885,0.375,0.31368631368631367,0.6138861138861139,0.422,0.809,16016,8000
HBTASP-Top1,1,32000,0,15000,0,0,17000,0,0,8000,8000,0,0,0,8000,0,0.0,0.0,0.0,d3b8735acadda44f30d6c9e91006c692298437fd0395e4753048eb08f289bf45,150,8,1000,1010,assigned_level_sensitivity,dynamic,periodic,0.0,False,True,,True,1.0,25.0,0.0,0.0,0.0,0,8000,8000,0.3307752325003349,7312,0.41893636476150303,0.3932866493472538,0.6067133506527462,0.254,0.08816113226116812,0.375,0.31368631368631367,0.6148851148851149,0.421,0.814,16016,8000
HBTASP-Top1,1,40000,0,27000,0,0,13000,0,0,10000,10000,0,0,0,10000,0,0.0,0.0,0.0,ba24034ae3cf4562ab6a0153556be98ed2c4b4bffe7e7bdc8e8a9fe95da3ae23,150,10,1000,101,assigned_level_sensitivity,dynamic,periodic,0.0,False,True,,True,1.0,25.0,0.0,0.0,0.0,0,10000,10000,0.24043939993758523,8060,0.40701109176566796,0.22885354669214628,0.7711464533078537,0.4,0.16657169182808274,0.1,0.31368631368631367,0.3876123876123876,0.234,0.672,20020,10000
HBTASP-Top1,1,40000,0,27000,0,0,13000,0,0,10000,10000,0,0,0,10000,0,0.0,0.0,0.0,a31dd7180ec5a17c6109cc36edd6a1a2865732b406c1cba67be0cad853f4b566,150,10,1000,202,assigned_level_sensitivity,dynamic,periodic,0.0,False,True,,True,1.0,25.0,0.0,0.0,0.0,0,10000,10000,0.24170569367095346,8080,0.4055259875783563,0.22774061038813634,0.7722593896118637,0.398,0.16382029390740283,0.1,0.31368631368631367,0.3906093906093906,0.234,0.67,20020,10000
HBTASP-Top1,1,40000,0,27000,0,0,13000,0,0,10000,10000,0,0,0,10000,0,0.0,0.0,0.0,50217851ecebf8d2338a275cd29e82ffabe16ff153d1881d800178b818384e08,150,10,1000,303,assigned_level_sensitivity,dynamic,periodic,0.0,False,True,,True,1.0,25.0,0.0,0.0,0.0,0,10000,10000,0.23956704213367117,8097,0.40180758937935496,0.23042241991894033,0.7695775800810597,0.3998,0.1622405472456838,0.1,0.31368631368631367,0.3916083916083916,0.228,0.676,20020,10000
HBTASP-Top1,1,40000,0,27000,0,0,13000,0,0,10000,10000,0,0,0,10000,0,0.0,0.0,0.0,666c91aca3d98fc592001468c87d42b3811143a5760cc295453880e244dc758a,150,10,1000,404,assigned_level_sensitivity,dynamic,periodic,0.0,False,True,,True,1.0,25.0,0.0,0.0,0.0,0,10000,10000,0.23687366377182997,8000,0.4046708106193535,0.23906864552415746,0.7609313544758425,0.404,0.16779714684752353,0.1,0.31368631368631367,0.3916083916083916,0.23,0.672,20020,10000
HBTASP-Top1,1,40000,0,27000,0,0,13000,0,0,10000,10000,0,0,0,10000,0,0.0,0.0,0.0,04672988e5cbc3ed558a7a8a37b1047a717d071003dab2e756353934eb08b021,150,10,1000,505,assigned_level_sensitivity,dynamic,periodic,0.0,False,True,,True,1.0,25.0,0.0,0.0,0.0,0,10000,10000,0.23704260260411705,8119,0.39605580985889927,0.23090890402620298,0.769091095973797,0.412,0.1590132072547822,0.1,0.31368631368631367,0.3886113886113886,0.232,0.67,20020,10000
HBTASP-Top1,1,40000,0,27000,0,0,13000,0,0,10000,10000,0,0,0,10000,0,0.0,0.0,0.0,4774fcd2535e12b211f86580e78668e1e9bd961da670be7bd6bd7a6c26dc59af,150,10,1000,606,assigned_level_sensitivity,dynamic,periodic,0.0,False,True,,True,1.0,25.0,0.0,0.0,0.0,0,10000,10000,0.23522491776702578,8040,0.3971132314572663,0.22568152738560035,0.7743184726143997,0.412,0.1618883136902405,0.1,0.31368631368631367,0.3906093906093906,0.228,0.67,20020,10000
HBTASP-Top1,1,40000,0,27000,0,0,13000,0,0,10000,10000,0,0,0,10000,0,0.0,0.0,0.0,c605b9756ab83b71cebd84bc5abee05ba757a64ae099f5222f6e8681ffb7d720,150,10,1000,707,assigned_level_sensitivity,dynamic,periodic,0.0,False,True,,True,1.0,25.0,0.0,0.0,0.0,0,10000,10000,0.24265360974322944,8060,0.4042233471089745,0.23941601465407622,0.7605839853459238,0.404,0.16156973736574506,0.1,0.31368631368631367,0.3856143856143856,0.23,0.67,20020,10000
HBTASP-Top1,1,40000,0,27000,0,0,13000,0,0,10000,10000,0,0,0,10000,0,0.0,0.0,0.0,e605a1726b1f4167ef338b823102f2cdcf91485c2169dd1f43f679edd32d0c6b,150,10,1000,808,assigned_level_sensitivity,dynamic,periodic,0.0,False,True,,True,1.0,25.0,0.0,0.0,0.0,0,10000,10000,0.23853269859742626,8160,0.4008392500315642,0.23094245564909016,0.7690575443509098,0.3998,0.1623065514341379,0.1,0.31368631368631367,0.3886113886113886,0.228,0.678,20020,10000
HBTASP-Top1,1,40000,0,27000,0,0,13000,0,0,10000,10000,0,0,0,10000,0,0.0,0.0,0.0,4aa46a36bd6ab7692e6e9b8d01c77bc74efc702a0031843df833c095ec32a39e,150,10,1000,909,assigned_level_sensitivity,dynamic,periodic,0.0,False,True,,True,1.0,25.0,0.0,0.0,0.0,0,10000,10000,0.24862792002039033,8201,0.40766706476161074,0.24656585271525813,0.7534341472847419,0.388,0.1590391447412204,0.1,0.31368631368631367,0.3956043956043956,0.224,0.69,20020,10000
HBTASP-Top1,1,40000,0,27000,0,0,13000,0,0,10000,10000,0,0,0,10000,0,0.0,0.0,0.0,59935886a4422cb71f0cc89a8bc7b0c529d05a68340841646e4c8885c5e0c9ac,150,10,1000,1010,assigned_level_sensitivity,dynamic,periodic,0.0,False,True,,True,1.0,25.0,0.0,0.0,0.0,0,10000,10000,0.24200511180746034,8101,0.39996316707598484,0.2484080020764832,0.7515919979235168,0.396,0.1579580552685245,0.1,0.31368631368631367,0.3996003996003996,0.242,0.678,20020,10000
HBTASP-Top1,1,16000,0,184,0,0,15816,0,0,4000,4000,0,0,0,4000,0,0.0,0.0,0.0,358345139b329c40140caebe1f44495eb1cb4ce7057ad9123725a473225c7759,200,4,1000,101,assigned_level_sensitivity,dynamic,periodic,0.0,False,True,,True,1.0,25.0,0.0,0.0,0.0,0,4000,4000,0.49224269884925687,4000,0.49306246484262006,0.6386219032544456,0.36137809674555443,0.069,0.0008197659933631973,0.9846666666666667,0.31368631368631367,0.9920079920079921,0.984,0.998,8008,4000
HBTASP-Top1,1,16000,0,104,0,0,15896,0,0,4000,4000,0,0,0,4000,0,0.0,0.0,0.0,34b8939f5e22fe77656bcf596b267a8e14848f4c8183e258a0aa6bf6964bce30,200,4,1000,202,assigned_level_sensitivity,dynamic,periodic,0.0,False,True,,True,1.0,25.0,0.0,0.0,0.0,0,4000,4000,0.49072024229380806,4000,0.4913397955864007,0.6315438646771268,0.36845613532287325,0.06,0.0006195532925926117,0.9913333333333333,0.31368631368631367,0.993006993006993,0.986,1.0,8008,4000
HBTASP-Top1,1,16000,0,88,0,0,15912,0,0,4000,4000,0,0,0,4000,0,0.0,0.0,0.0,cb9cf6119f28cbbe2f515263b460577c6bf03d42557f7919b99931e42d877f4b,200,4,1000,303,assigned_level_sensitivity,dynamic,periodic,0.0,False,True,,True,1.0,25.0,0.0,0.0,0.0,0,4000,4000,0.49430680076344824,4000,0.49467573170996354,0.6365931139755348,0.36340688602446525,0.06225,0.0003689309465153001,0.9926666666666667,0.31368631368631367,0.996003996003996,0.992,0.998,8008,4000
HBTASP-Top1,1,16000,0,120,0,0,15880,0,0,4000,4000,0,0,0,4000,0,0.0,0.0,0.0,19660c8d7c38bf482c258d456033c0235b91bafa3f9150f8928502cb0b6a233e,200,4,1000,404,assigned_level_sensitivity,dynamic,periodic,0.0,False,True,,True,1.0,25.0,0.0,0.0,0.0,0,4000,4000,0.4887032831612856,4000,0.48979460146772474,0.6340855103559984,0.36591448964400164,0.06575,0.0010913183064391596,0.99,0.31368631368631367,0.9920079920079921,0.984,0.996,8008,4000
HBTASP-Top1,1,16000,0,96,0,0,15904,0,0,4000,4000,0,0,0,4000,0,0.0,0.0,0.0,73cdab68096cc443e0e24ada558429cabf1afc7f75cc16ce9d024a0d7cee62f9,200,4,1000,505,assigned_level_sensitivity,dynamic,periodic,0.0,False,True,,True,1.0,25.0,0.0,0.0,0.0,0,4000,4000,0.49573228725878055,4000,0.49750454704586144,0.6355954364187886,0.3644045635812114,0.062,0.0017722597870808987,0.992,0.31368631368631367,0.9920079920079921,0.984,0.998,8008,4000
HBTASP-Top1,1,16000,0,120,0,0,15880,0,0,4000,4000,0,0,0,4000,0,0.0,0.0,0.0,7833957291a032d51d81862cac99e9d8ccb12f68b533b2caf53ee51ae3f9dc9c,200,4,1000,606,assigned_level_sensitivity,dynamic,periodic,0.0,False,True,,True,1.0,25.0,0.0,0.0,0.0,0,4000,4000,0.4883829550170742,3992,0.49053440096629175,0.6260669980698235,0.37393300193017653,0.06275,0.0021514459492175675,0.99,0.31368631368631367,0.9920079920079921,0.984,0.996,8008,4000
HBTASP-Top1,1,16000,0,124,0,0,15876,0,0,4000,4000,0,0,0,4000,0,0.0,0.0,0.0,7299403d9d2d4f4ccec9f76133c48d8d07e2ed601a2777f731db87ca14e66056,200,4,1000,707,assigned_level_sensitivity,dynamic,periodic,0.0,False,True,,True,1.0,25.0,0.0,0.0,0.0,0,4000,4000,0.4929001801906568,4000,0.49375373393208244,0.6388296690312297,0.36117033096877027,0.06075,0.00085355374142565,0.9896666666666667,0.31368631368631367,0.993006993006993,0.986,0.998,8008,4000
HBTASP-Top1,1,16000,0,128,0,0,15872,0,0,4000,4000,0,0,0,4000,0,0.0,0.0,0.0,332b0fc25c5dccfb6fb5145b59221f17277c51b24f8c2d6148183eada1540c2c,200,4,1000,808,assigned_level_sensitivity,dynamic,periodic,0.0,False,True,,True,1.0,25.0,0.0,0.0,0.0,0,4000,4000,0.49293851178308845,3992,0.4950081666448595,0.6364990346644602,0.36350096533553977,0.066,0.0020696548617710753,0.9893333333333333,0.31368631368631367,0.993006993006993,0.986,0.994,8008,4000
HBTASP-Top1,1,16000,0,120,0,0,15880,0,0,4000,4000,0,0,0,4000,0,0.0,0.0,0.0,3a15676bda67054cb5929717fc730bfa67cd49969827870cd1819db4b67b2b0f,200,4,1000,909,assigned_level_sensitivity,dynamic,periodic,0.0,False,True,,True,1.0,25.0,0.0,0.0,0.0,0,4000,4000,0.49024310656860537,3992,0.491919737123812,0.6351017956485676,0.3648982043514324,0.064,0.0016766305552066152,0.99,0.31368631368631367,0.993006993006993,0.986,0.998,8008,4000
HBTASP-Top1,1,16000,0,112,0,0,15888,0,0,4000,4000,0,0,0,4000,0,0.0,0.0,0.0,f74ec5db6e908852b709fb2fc49501319e260c6bb970c5803f31b89af1514827,200,4,1000,1010,assigned_level_sensitivity,dynamic,periodic,0.0,False,True,,True,1.0,25.0,0.0,0.0,0.0,0,4000,4000,0.4962290231434257,3992,0.4977726926302029,0.6353833947780141,0.3646166052219859,0.06175,0.0015436694867771994,0.9906666666666667,0.31368631368631367,0.995004995004995,0.99,0.996,8008,4000
HBTASP-Top1,1,24000,0,744,0,0,23256,0,0,6000,6000,0,0,0,6000,0,0.0,0.0,0.0,368e16a18b5b73e12179e2ceeeef5d7bbd6d7e12c7147fe591b0919c4402b0f8,200,6,1000,101,assigned_level_sensitivity,dynamic,periodic,0.0,False,True,,True,1.0,25.0,0.0,0.0,0.0,0,6000,6000,0.4731952814592339,5972,0.47988279452613414,0.6314383143734998,0.36856168562650016,0.07866666666666666,0.006687513066900241,0.9586666666666667,0.31368631368631367,0.9666999666999667,0.9366666666666666,0.9813333333333333,12012,6000
HBTASP-Top1,1,24000,0,748,0,0,23252,0,0,6000,6000,0,0,0,6000,0,0.0,0.0,0.0,1647dacc78c42fdbc64e7d28ec9e5575601944c739c0044734f158d076fd1351,200,6,1000,202,assigned_level_sensitivity,dynamic,periodic,0.0,False,True,,True,1.0,25.0,0.0,0.0,0.0,0,6000,6000,0.47442639915046886,5956,0.48249783256755086,0.6288147335241722,0.37118526647582784,0.074,0.008071433417081997,0.9584444444444444,0.31368631368631367,0.9673659673659674,0.9393333333333334,0.9846666666666667,12012,6000
HBTASP-Top1,1,24000,0,786,0,0,23214,0,0,6000,6000,0,0,0,6000,0,0.0,0.0,0.0,b40e3956fc736148fe48725c99a765faa7ca344bcdde335f7de5815dce321912,200,6,1000,303,assigned_level_sensitivity,dynamic,periodic,0.0,False,True,,True,1.0,25.0,0.0,0.0,0.0,0,6000,6000,0.474591042639003,5960,0.48295158099742247,0.6268735393545576,0.3731264606454424,0.07933333333333334,0.00836053835841949,0.9563333333333334,0.31368631368631367,0.9641192141192141,0.9328333333333333,0.982,12012,6000
HBTASP-Top1,1,24000,0,748,0,0,23252,0,0,6000,6000,0,0,0,6000,0,0.0,0.0,0.0,90dd8c8ff63030dd9dbbd25c0b5e9d426cebafe711c88974834a56210f18bdc1,200,6,1000,404,assigned_level_sensitivity,dynamic,periodic,0.0,False,True,,True,1.0,25.0,0.0,0.0,0.0,0,6000,6000,0.4761558529021801,5991,0.4814815251658199,0.6357067599974097,0.36429324000259034,0.07466666666666667,0.00532567226363978,0.9584444444444444,0.31368631368631367,0.971028971028971,0.9446666666666667,0.9846666666666667,12012,6000
HBTASP-Top1,1,24000,0,744,0,0,23256,0,0,6000,6000,0,0,0,6000,0,0.0,0.0,0.0,64fec059e2099a382af339a6780c28497caac0c5ebb5f50adb7d0e94049738cd,200,6,1000,505,assigned_level_sensitivity,dynamic,periodic,0.0,False,True,,True,1.0,25.0,0.0,0.0,0.0,0,6000,6000,0.47336964827132766,5980,0.47977491313749976,0.6319446384896777,0.36805536151032225,0.07733333333333334,0.0064052648661721,0.9586666666666667,0.31368631368631367,0.9660339660339661,0.938,0.9813333333333333,12012,6000
HBTASP-Top1,1,24000,0,824,0,0,23176,0,0,6000,6000,0,0,0,6000,0,0.0,0.0,0.0,ae880915da58fff9f20affe7a5a25900cde6365bd54144492baa5036a1d84adc,200,6,1000,606,assigned_level_sensitivity,dynamic,periodic,0.0,False,True,,True,1.0,25.0,0.0,0.0,0.0,0,6000,6000,0.4724689288825538,5948,0.4823209244344161,0.6265917856758103,0.3734082143241897,0.07816666666666666,0.00985199555186228,0.9542222222222222,0.31368631368631367,0.964035964035964,0.9373333333333334,0.98,12012,6000
HBTASP-Top1,1,24000,0,726,0,0,23274,0,0,6000,6000,0,0,0,6000,0,0.0,0.0,0.0,c0f27110c744a3fc7a33aecc95f2268b53928f9aef18cbadd02b335ecd207f0e,200,6,1000,707,assigned_level_sensitivity,dynamic,periodic,0.0,False,True,,True,1.0,25.0,0.0,0.0,0.0,0,6000,6000,0.4732552611902027,5960,0.48180287024541085,0.6348423348478616,0.36515766515213843,0.07533333333333334,0.008547609055208127,0.9596666666666667,0.31368631368631367,0.9676989676989677,0.942,0.9833333333333333,12012,6000
HBTASP-Top1,1,24000,0,799,0,0,23201,0,0,6000,6000,0,0,0,6000,0,0.0,0.0,0.0,063cb3f34bb5042d5a315795e5ea1e803957554d0c67c50190b2b486a6968f17,200,6,1000,808,assigned_level_sensitivity,dynamic,periodic,0.0,False,True,,True,1.0,25.0,0.0,0.0,0.0,0,6000,6000,0.47410501383927606,5972,0.48128591009843635,0.6310819580300149,0.3689180419699851,0.078,0.0071808962591602965,0.9556111111111111,0.31368631368631367,0.9666999666999667,0.9393333333333334,0.9826666666666667,12012,6000
HBTASP-Top1,1,24000,0,675,0,0,23325,0,0,6000,6000,0,0,0,6000,0,0.0,0.0,0.0,43ca3bc1908129b5c2ac96d7e4719f6173824add31150444bda10a9206dc8922,200,6,1000,909,assigned_level_sensitivity,dynamic,periodic,0.0,False,True,,True,1.0,25.0,0.0,0.0,0.0,0,6000,6000,0.4746950991386134,5980,0.4803925212628899,0.6395214420051482,0.36047855799485184,0.07816666666666666,0.0056974221242764855,0.9625,0.31368631368631367,0.9707792207792207,0.9428333333333333,0.984,12012,6000
HBTASP-Top1,1,24000,0,748,0,0,23252,0,0,6000,6000,0,0,0,6000,0,0.0,0.0,0.0,da29db140ec3433f5a7bef5bfca040b9d439fbd33929da0e9b1ac51f823030f9,200,6,1000,1010,assigned_level_sensitivity,dynamic,periodic,0.0,False,True,,True,1.0,25.0,0.0,0.0,0.0,0,6000,6000,0.4755610188872286,5960,0.4833595298602306,0.6331554464011623,0.3668445535988377,0.07683333333333334,0.007798510973001993,0.9584444444444444,0.31368631368631367,0.97002997002997,0.9473333333333334,0.982,12012,6000
HBTASP-Top1,1,32000,0,3328,0,0,28672,0,0,8000,8000,0,0,0,8000,0,0.0,0.0,0.0,48536fc5e075a2292b527fb68f9e0371d396b2957068a8b27317e7a61bf9ac13,200,8,1000,101,assigned_level_sensitivity,dynamic,periodic,0.0,False,True,,True,1.0,25.0,0.0,0.0,0.0,0,8000,8000,0.42336306015832337,7824,0.4414867990569587,0.6161611709347413,0.3838388290652587,0.111125,0.018123738898635333,0.8613333333333333,0.31368631368631367,0.9158966033966034,0.838625,0.944,16016,8000
HBTASP-Top1,1,32000,0,3232,0,0,28768,0,0,8000,8000,0,0,0,8000,0,0.0,0.0,0.0,570e9630deff505ba1c5363a004cd8917cdc4ddeaaa2dfbdb2999707f9626552,200,8,1000,202,assigned_level_sensitivity,dynamic,periodic,0.0,False,True,,True,1.0,25.0,0.0,0.0,0.0,0,8000,8000,0.4259450744664038,7800,0.44770855105214613,0.6152341481667032,0.3847658518332968,0.107,0.021763476585742347,0.8653333333333333,0.31368631368631367,0.9165834165834166,0.839,0.949,16016,8000
HBTASP-Top1,1,32000,0,3264,0,0,28736,0,0,8000,8000,0,0,0,8000,0,0.0,0.0,0.0,7258aada57693e7fc41c3edb014bd97cd32dde8bd5dca77e2f1cb8b3ef00eaf8,200,8,1000,303,assigned_level_sensitivity,dynamic,periodic,0.0,False,True,,True,1.0,25.0,0.0,0.0,0.0,0,8000,8000,0.42480500299721313,7824,0.4465902861375166,0.6030065887045809,0.3969934112954191,0.106,0.02178528314030348,0.864,0.31368631368631367,0.9085914085914086,0.826,0.95,16016,8000
HBTASP-Top1,1,32000,0,3328,0,0,28672,0,0,8000,8000,0,0,0,8000,0,0.0,0.0,0.0,620f015056b4913eca566e19dd498b9d34ce3df10a7782d95a50b5b4aece1a2a,200,8,1000,404,assigned_level_sensitivity,dynamic,periodic,0.0,False,True,,True,1.0,25.0,0.0,0.0,0.0,0,8000,8000,0.42369932794653037,7808,0.44627387989579825,0.5959892983057852,0.4040107016942148,0.109875,0.022574551949267885,0.8613333333333333,0.31368631368631367,0.9041583416583416,0.823,0.946125,16016,8000
HBTASP-Top1,1,32000,0,3304,0,0,28696,0,0,8000,8000,0,0,0,8000,0,0.0,0.0,0.0,4c81619bc200eebb3080c210bdc746b4414b0cc7c3fbb63c2a1ce3f91c436327,200,8,1000,505,assigned_level_sensitivity,dynamic,periodic,0.0,False,True,,True,1.0,25.0,0.0,0.0,0.0,0,8000,8000,0.42351953407607645,7839,0.44498229238415143,0.6053804711173734,0.39461952888262664,0.104,0.02146275830807498,0.8623333333333333,0.31368631368631367,0.9140859140859141,0.835,0.95,16016,8000
HBTASP-Top1,1,32000,0,3264,0,0,28736,0,0,8000,8000,0,0,0,8000,0,0.0,0.0,0.0,820400f60474dd2d047d6af68da1f0bbcc78c2597c68a44e9fae693f09b01e62,200,8,1000,606,assigned_level_sensitivity,dynamic,periodic,0.0,False,True,,True,1.0,25.0,0.0,0.0,0.0,0,8000,8000,0.42336576528772185,7792,0.4470105898925122,0.604053778705678,0.395946221294322,0.104875,0.023644824604790338,0.864,0.31368631368631367,0.9065934065934066,0.823875,0.949125,16016,8000
HBTASP-Top1,1,32000,0,3232,0,0,28768,0,0,8000,8000,0,0,0,8000,0,0.0,0.0,0.0,265cd3c30607304ee4b6dbfbe241a7f7f4ee382cc1c459bb4718426a447809b3,200,8,1000,707,assigned_level_sensitivity,dynamic,periodic,0.0,False,True,,True,1.0,25.0,0.0,0.0,0.0,0,8000,8000,0.4247138077957977,7808,0.44724371841414434,0.61593586381231,0.38406413618769,0.109,0.022529910618346638,0.8653333333333333,0.31368631368631367,0.9120879120879121,0.829,0.947,16016,8000
HBTASP-Top1,1,32000,0,3304,0,0,28696,0,0,8000,8000,0,0,0,8000,0,0.0,0.0,0.0,f4866bde13e803cb907ec64e47284a1135ec88db541e26e30e289fa70c4a5ff8,200,8,1000,808,assigned_level_sensitivity,dynamic,periodic,0.0,False,True,,True,1.0,25.0,0.0,0.0,0.0,0,8000,8000,0.42346113963965587,7816,0.44350571952551804,0.618527398005498,0.38147260199450195,0.111125,0.020044579885862168,0.8623333333333333,0.31368631368631367,0.915521978021978,0.839875,0.944875,16016,8000
HBTASP-Top1,1,32000,0,3200,0,0,28800,0,0,8000,8000,0,0,0,8000,0,0.0,0.0,0.0,a8c124acc17ac65b2cb1529125ce780607cdb86f117209ab5b3479ea9aad8a28,200,8,1000,909,assigned_level_sensitivity,dynamic,periodic,0.0,False,True,,True,1.0,25.0,0.0,0.0,0.0,0,8000,8000,0.4228962176637654,7824,0.4448880683741412,0.6100374742902086,0.3899625257097914,0.108,0.021991850710375793,0.8666666666666667,0.31368631368631367,0.9115884115884116,0.833,0.948,16016,8000
HBTASP-Top1,1,32000,0,3344,0,0,28656,0,0,8000,8000,0,0,0,8000,0,0.0,0.0,0.0,d3b8735acadda44f30d6c9e91006c692298437fd0395e4753048eb08f289bf45,200,8,1000,1010,assigned_level_sensitivity,dynamic,periodic,0.0,False,True,,True,1.0,25.0,0.0,0.0,0.0,0,8000,8000,0.42431234388703126,7815,0.4449469152693095,0.613727539762238,0.38627246023776196,0.112125,0.020634571382278255,0.8606666666666667,0.31368631368631367,0.912524975024975,0.829875,0.944875,16016,8000
HBTASP-Top1,1,40000,0,15000,0,0,25000,0,0,10000,10000,0,0,0,10000,0,0.0,0.0,0.0,ba24034ae3cf4562ab6a0153556be98ed2c4b4bffe7e7bdc8e8a9fe95da3ae23,200,10,1000,101,assigned_level_sensitivity,dynamic,periodic,0.0,False,True,,True,1.0,25.0,0.0,0.0,0.0,0,10000,10000,0.363719869356748,9340,0.4286007375912753,0.4614116772176444,0.5385883227823556,0.196,0.06488086823452732,0.5,0.31368631368631367,0.7112887112887113,0.518,0.866,20020,10000
HBTASP-Top1,1,40000,0,15000,0,0,25000,0,0,10000,10000,0,0,0,10000,0,0.0,0.0,0.0,a31dd7180ec5a17c6109cc36edd6a1a2865732b406c1cba67be0cad853f4b566,200,10,1000,202,assigned_level_sensitivity,dynamic,periodic,0.0,False,True,,True,1.0,25.0,0.0,0.0,0.0,0,10000,10000,0.36300487596816466,9320,0.42416115974675417,0.4718503079157844,0.5281496920842156,0.2,0.061156283778589504,0.5,0.31368631368631367,0.7172827172827173,0.518,0.858,20020,10000
HBTASP-Top1,1,40000,0,15000,0,0,25000,0,0,10000,10000,0,0,0,10000,0,0.0,0.0,0.0,50217851ecebf8d2338a275cd29e82ffabe16ff153d1881d800178b818384e08,200,10,1000,303,assigned_level_sensitivity,dynamic,periodic,0.0,False,True,,True,1.0,25.0,0.0,0.0,0.0,0,10000,10000,0.36075013325459665,9400,0.42066994293752186,0.4665535942768457,0.5334464057231543,0.204,0.05991980968292521,0.5,0.31368631368631367,0.7082917082917083,0.518,0.858,20020,10000
HBTASP-Top1,1,40000,0,15000,0,0,25000,0,0,10000,10000,0,0,0,10000,0,0.0,0.0,0.0,666c91aca3d98fc592001468c87d42b3811143a5760cc295453880e244dc758a,200,10,1000,404,assigned_level_sensitivity,dynamic,periodic,0.0,False,True,,True,1.0,25.0,0.0,0.0,0.0,0,10000,10000,0.36572471862630257,9460,0.42492686744559877,0.46261856301131604,0.537381436988684,0.192,0.059202148819296196,0.5,0.31368631368631367,0.7112887112887113,0.51,0.872,20020,10000
HBTASP-Top1,1,40000,0,15000,0,0,25000,0,0,10000,10000,0,0,0,10000,0,0.0,0.0,0.0,04672988e5cbc3ed558a7a8a37b1047a717d071003dab2e756353934eb08b021,200,10,1000,505,assigned_level_sensitivity,dynamic,periodic,0.0,False,True,,True,1.0,25.0,0.0,0.0,0.0,0,10000,10000,0.36342742236534864,9360,0.4279363550626093,0.4691364221927521,0.5308635778072479,0.196,0.06450893269726066,0.5,0.31368631368631367,0.7102897102897103,0.51,0.86,20020,10000
HBTASP-Top1,1,40000,0,15000,0,0,25000,0,0,10000,10000,0,0,0,10000,0,0.0,0.0,0.0,4774fcd2535e12b211f86580e78668e1e9bd961da670be7bd6bd7a6c26dc59af,200,10,1000,606,assigned_level_sensitivity,dynamic,periodic,0.0,False,True,,True,1.0,25.0,0.0,0.0,0.0,0,10000,10000,0.3542389556599362,9360,0.4203216278915283,0.4512354918389314,0.5487645081610686,0.21,0.06608267223159214,0.5,0.31368631368631367,0.6903096903096904,0.486,0.852,20020,10000
HBTASP-Top1,1,40000,0,15000,0,0,25000,0,0,10000,10000,0,0,0,10000,0,0.0,0.0,0.0,c605b9756ab83b71cebd84bc5abee05ba757a64ae099f5222f6e8681ffb7d720,200,10,1000,707,assigned_level_sensitivity,dynamic,periodic,0.0,False,True,,True,1.0,25.0,0.0,0.0,0.0,0,10000,10000,0.3578902625564541,9307,0.42465099380756205,0.4602129598696873,0.5397870401303126,0.2013,0.06676073125110793,0.5,0.31368631368631367,0.7006493506493506,0.4867,0.8587,20020,10000
HBTASP-Top1,1,40000,0,15000,0,0,25000,0,0,10000,10000,0,0,0,10000,0,0.0,0.0,0.0,e605a1726b1f4167ef338b823102f2cdcf91485c2169dd1f43f679edd32d0c6b,200,10,1000,808,assigned_level_sensitivity,dynamic,periodic,0.0,False,True,,True,1.0,25.0,0.0,0.0,0.0,0,10000,10000,0.3645792514983912,9460,0.42546695706840726,0.465766505597446,0.534233494402554,0.194,0.06088770557001605,0.5,0.31368631368631367,0.7052947052947053,0.51,0.87,20020,10000
HBTASP-Top1,1,40000,0,15000,0,0,25000,0,0,10000,10000,0,0,0,10000,0,0.0,0.0,0.0,4aa46a36bd6ab7692e6e9b8d01c77bc74efc702a0031843df833c095ec32a39e,200,10,1000,909,assigned_level_sensitivity,dynamic,periodic,0.0,False,True,,True,1.0,25.0,0.0,0.0,0.0,0,10000,10000,0.37006081777009653,9420,0.4286589228164076,0.46292716705526543,0.5370728329447345,0.192,0.05859810504631108,0.5,0.31368631368631367,0.7162837162837162,0.524,0.872,20020,10000
HBTASP-Top1,1,40000,0,15000,0,0,25000,0,0,10000,10000,0,0,0,10000,0,0.0,0.0,0.0,59935886a4422cb71f0cc89a8bc7b0c529d05a68340841646e4c8885c5e0c9ac,200,10,1000,1010,assigned_level_sensitivity,dynamic,periodic,0.0,False,True,,True,1.0,25.0,0.0,0.0,0.0,0,10000,10000,0.3633108773364362,9380,0.42697996546301803,0.4768707286179394,0.5231292713820606,0.204,0.06366908812658184,0.5,0.31368631368631367,0.7112887112887113,0.504,0.856,20020,10000
HBTASP-Top1,1,16000,0,208,0,0,15792,0,0,4000,4000,0,0,0,4000,0,0.0,0.0,0.0,358345139b329c40140caebe1f44495eb1cb4ce7057ad9123725a473225c7759,250,4,1000,101,assigned_level_sensitivity,dynamic,periodic,0.0,False,True,,True,1.0,25.0,0.0,0.0,0.0,0,4000,4000,0.4919614151036486,4000,0.4948085291458196,0.6314067073242603,0.3685932926757397,0.066,0.002847114042170973,0.9826666666666667,0.31368631368631367,0.989010989010989,0.978,0.996,8008,4000
HBTASP-Top1,1,16000,0,168,0,0,15832,0,0,4000,4000,0,0,0,4000,0,0.0,0.0,0.0,34b8939f5e22fe77656bcf596b267a8e14848f4c8183e258a0aa6bf6964bce30,250,4,1000,202,assigned_level_sensitivity,dynamic,periodic,0.0,False,True,,True,1.0,25.0,0.0,0.0,0.0,0,4000,4000,0.4950881309017435,4000,0.49675336812593823,0.6303862285939945,0.3696137714060055,0.062,0.00166523722419476,0.986,0.31368631368631367,0.989010989010989,0.978,1.0,8008,4000
HBTASP-Top1,1,16000,0,168,0,0,15832,0,0,4000,4000,0,0,0,4000,0,0.0,0.0,0.0,cb9cf6119f28cbbe2f515263b460577c6bf03d42557f7919b99931e42d877f4b,250,4,1000,303,assigned_level_sensitivity,dynamic,periodic,0.0,False,True,,True,1.0,25.0,0.0,0.0,0.0,0,4000,4000,0.49441389423393256,4000,0.4959888979326233,0.6320868478874677,0.3679131521125323,0.062,0.0015750036986907356,0.986,0.31368631368631367,0.994005994005994,0.988,0.998,8008,4000
HBTASP-Top1,1,16000,0,192,0,0,15808,0,0,4000,4000,0,0,0,4000,0,0.0,0.0,0.0,19660c8d7c38bf482c258d456033c0235b91bafa3f9150f8928502cb0b6a233e,250,4,1000,404,assigned_level_sensitivity,dynamic,periodic,0.0,False,True,,True,1.0,25.0,0.0,0.0,0.0,0,4000,4000,0.4938085475252438,4000,0.49576625308130806,0.6305042939565618,0.3694957060434382,0.064,0.001957705556064282,0.984,0.31368631368631367,0.988011988011988,0.976,0.998,8008,4000
HBTASP-Top1,1,16000,0,200,0,0,15800,0,0,4000,4000,0,0,0,4000,0,0.0,0.0,0.0,73cdab68096cc443e0e24ada558429cabf1afc7f75cc16ce9d024a0d7cee62f9,250,4,1000,505,assigned_level_sensitivity,dynamic,periodic,0.0,False,True,,True,1.0,25.0,0.0,0.0,0.0,0,4000,4000,0.49065830107917213,4000,0.49249861010187407,0.6216160400248895,0.37838395997511054,0.06425,0.0018403090227019359,0.9833333333333333,0.31368631368631367,0.988011988011988,0.976,0.996,8008,4000
HBTASP-Top1,1,16000,0,184,0,0,15816,0,0,4000,4000,0,0,0,4000,0,0.0,0.0,0.0,7833957291a032d51d81862cac99e9d8ccb12f68b533b2caf53ee51ae3f9dc9c,250,4,1000,606,assigned_level_sensitivity,dynamic,periodic,0.0,False,True,,True,1.0,25.0,0.0,0.0,0.0,0,4000,4000,0.49269074061891377,4000,0.49399872341088835,0.6232665750415984,0.37673342495840156,0.064,0.0013079827919745823,0.9846666666666667,0.31368631368631367,0.9920079920079921,0.984,0.998,8008,4000
HBTASP-Top1,1,16000,0,168,0,0,15832,0,0,4000,4000,0,0,0,4000,0,0.0,0.0,0.0,7299403d9d2d4f4ccec9f76133c48d8d07e2ed601a2777f731db87ca14e66056,250,4,1000,707,assigned_level_sensitivity,dynamic,periodic,0.0,False,True,,True,1.0,25.0,0.0,0.0,0.0,0,4000,4000,0.496196290791906,4000,0.4972700946472273,0.6338711401724243,0.3661288598275757,0.06,0.001073803855321298,0.986,0.31368631368631367,0.995004995004995,0.99,1.0,8008,4000
HBTASP-Top1,1,16000,0,128,0,0,15872,0,0,4000,4000,0,0,0,4000,0,0.0,0.0,0.0,332b0fc25c5dccfb6fb5145b59221f17277c51b24f8c2d6148183eada1540c2c,250,4,1000,808,assigned_level_sensitivity,dynamic,periodic,0.0,False,True,,True,1.0,25.0,0.0,0.0,0.0,0,4000,4000,0.4929358858183809,4000,0.4940236943805,0.6315431743569162,0.3684568256430838,0.066,0.001087808562119097,0.9893333333333333,0.31368631368631367,0.9920079920079921,0.984,0.998,8008,4000
HBTASP-Top1,1,16000,0,176,0,0,15824,0,0,4000,4000,0,0,0,4000,0,0.0,0.0,0.0,3a15676bda67054cb5929717fc730bfa67cd49969827870cd1819db4b67b2b0f,250,4,1000,909,assigned_level_sensitivity,dynamic,periodic,0.0,False,True,,True,1.0,25.0,0.0,0.0,0.0,0,4000,4000,0.49424753992342835,3992,0.49647778791246727,0.6297494957777543,0.3702505042222457,0.064,0.002230247989038925,0.9853333333333333,0.31368631368631367,0.989010989010989,0.978,0.996,8008,4000
HBTASP-Top1,1,16000,0,160,0,0,15840,0,0,4000,4000,0,0,0,4000,0,0.0,0.0,0.0,f74ec5db6e908852b709fb2fc49501319e260c6bb970c5803f31b89af1514827,250,4,1000,1010,assigned_level_sensitivity,dynamic,periodic,0.0,False,True,,True,1.0,25.0,0.0,0.0,0.0,0,4000,4000,0.4948576721388244,4000,0.49525924171989155,0.6340655837994746,0.36593441620052536,0.064,0.00040156958106712937,0.9866666666666667,0.31368631368631367,0.997002997002997,0.994,0.998,8008,4000
HBTASP-Top1,1,24000,0,328,0,0,23672,0,0,6000,6000,0,0,0,6000,0,0.0,0.0,0.0,368e16a18b5b73e12179e2ceeeef5d7bbd6d7e12c7147fe591b0919c4402b0f8,250,6,1000,101,assigned_level_sensitivity,dynamic,periodic,0.0,False,True,,True,1.0,25.0,0.0,0.0,0.0,0,6000,6000,0.49170688197917767,5988,0.4936801572033503,0.6455337463824817,0.35446625361751827,0.06716666666666667,0.0019732752241726215,0.9817777777777777,0.31368631368631367,0.99000999000999,0.98,0.994,12012,6000
HBTASP-Top1,1,24000,0,352,0,0,23648,0,0,6000,6000,0,0,0,6000,0,0.0,0.0,0.0,1647dacc78c42fdbc64e7d28ec9e5575601944c739c0044734f158d076fd1351,250,6,1000,202,assigned_level_sensitivity,dynamic,periodic,0.0,False,True,,True,1.0,25.0,0.0,0.0,0.0,0,6000,6000,0.4901101938311274,5988,0.4933540147372663,0.641889879130907,0.358110120869093,0.06716666666666667,0.0032438209061388945,0.9804444444444445,0.31368631368631367,0.9863469863469864,0.9726666666666667,0.9953333333333333,12012,6000
HBTASP-Top1,1,24000,0,316,0,0,23684,0,0,6000,6000,0,0,0,6000,0,0.0,0.0,0.0,b40e3956fc736148fe48725c99a765faa7ca344bcdde335f7de5815dce321912,250,6,1000,303,assigned_level_sensitivity,dynamic,periodic,0.0,False,True,,True,1.0,25.0,0.0,0.0,0.0,0,6000,6000,0.4916552946704342,5996,0.4935443568368961,0.6421568922407817,0.35784310775921835,0.0655,0.0018890621664619522,0.9824444444444445,0.31368631368631367,0.9893439893439894,0.9786666666666667,0.9966666666666667,12012,6000
HBTASP-Top1,1,24000,0,392,0,0,23608,0,0,6000,6000,0,0,0,6000,0,0.0,0.0,0.0,90dd8c8ff63030dd9dbbd25c0b5e9d426cebafe711c88974834a56210f18bdc1,250,6,1000,404,assigned_level_sensitivity,dynamic,periodic,0.0,False,True,,True,1.0,25.0,0.0,0.0,0.0,0,6000,6000,0.48629579890692354,5992,0.48907361325310456,0.6340676994076819,0.36593230059231807,0.07016666666666667,0.002777814346181018,0.9782222222222222,0.31368631368631367,0.984015984015984,0.9686666666666667,0.9926666666666667,12012,6000
HBTASP-Top1,1,24000,0,348,0,0,23652,0,0,6000,6000,0,0,0,6000,0,0.0,0.0,0.0,64fec059e2099a382af339a6780c28497caac0c5ebb5f50adb7d0e94049738cd,250,6,1000,505,assigned_level_sensitivity,dynamic,periodic,0.0,False,True,,True,1.0,25.0,0.0,0.0,0.0,0,6000,6000,0.48887641071044285,5988,0.49229481151199894,0.6373693601628722,0.36263063983712784,0.06816666666666667,0.0034184008015560874,0.9806666666666667,0.31368631368631367,0.9853479853479854,0.9706666666666667,0.9946666666666667,12012,6000
HBTASP-Top1,1,24000,0,372,0,0,23628,0,0,6000,6000,0,0,0,6000,0,0.0,0.0,0.0,ae880915da58fff9f20affe7a5a25900cde6365bd54144492baa5036a1d84adc,250,6,1000,606,assigned_level_sensitivity,dynamic,periodic,0.0,False,True,,True,1.0,25.0,0.0,0.0,0.0,0,6000,6000,0.4889883679442728,5992,0.49174914921550555,0.6385181628948532,0.3614818371051468,0.06866666666666667,0.0027607812712327484,0.9793333333333333,0.31368631368631367,0.9846819846819846,0.9693333333333334,0.9946666666666667,12012,6000
HBTASP-Top1,1,24000,0,360,0,0,23640,0,0,6000,6000,0,0,0,6000,0,0.0,0.0,0.0,c0f27110c744a3fc7a33aecc95f2268b53928f9aef18cbadd02b335ecd207f0e,250,6,1000,707,assigned_level_sensitivity,dynamic,periodic,0.0,False,True,,True,1.0,25.0,0.0,0.0,0.0,0,6000,6000,0.4887786060273365,5984,0.4918897050754656,0.6396283283016202,0.3603716716983798,0.06866666666666667,0.0031110990481290623,0.98,0.31368631368631367,0.9876789876789877,0.9753333333333334,0.9933333333333333,12012,6000
HBTASP-Top1,1,24000,0,412,0,0,23588,0,0,6000,6000,0,0,0,6000,0,0.0,0.0,0.0,063cb3f34bb5042d5a315795e5ea1e803957554d0c67c50190b2b486a6968f17,250,6,1000,808,assigned_level_sensitivity,dynamic,periodic,0.0,False,True,,True,1.0,25.0,0.0,0.0,0.0,0,6000,6000,0.48738352423331116,5992,0.4904833501302723,0.6399125685068968,0.3600874314931032,0.07066666666666667,0.003099825896961117,0.9771111111111112,0.31368631368631367,0.9843489843489843,0.9686666666666667,0.992,12012,6000
HBTASP-Top1,1,24000,0,348,0,0,23652,0,0,6000,6000,0,0,0,6000,0,0.0,0.0,0.0,43ca3bc1908129b5c2ac96d7e4719f6173824add31150444bda10a9206dc8922,250,6,1000,909,assigned_level_sensitivity,dynamic,periodic,0.0,False,True,,True,1.0,25.0,0.0,0.0,0.0,0,6000,6000,0.48928187676357476,5988,0.492833744177922,0.642267082457863,0.357732917542137,0.06666666666666667,0.0035518674143472095,0.9806666666666667,0.31368631368631367,0.986013986013986,0.972,0.994,12012,6000
HBTASP-Top1,1,24000,0,364,0,0,23636,0,0,6000,6000,0,0,0,6000,0,0.0,0.0,0.0,da29db140ec3433f5a7bef5bfca040b9d439fbd33929da0e9b1ac51f823030f9,250,6,1000,1010,assigned_level_sensitivity,dynamic,periodic,0.0,False,True,,True,1.0,25.0,0.0,0.0,0.0,0,6000,6000,0.4903700127746138,5992,0.4931001156800562,0.6382837493841725,0.36171625061582746,0.06883333333333333,0.0027301029054423998,0.9797777777777777,0.31368631368631367,0.987012987012987,0.974,0.994,12012,6000
HBTASP-Top1,1,32000,0,1472,0,0,30528,0,0,8000,8000,0,0,0,8000,0,0.0,0.0,0.0,48536fc5e075a2292b527fb68f9e0371d396b2957068a8b27317e7a61bf9ac13,250,8,1000,101,assigned_level_sensitivity,dynamic,periodic,0.0,False,True,,True,1.0,25.0,0.0,0.0,0.0,0,8000,8000,0.470024805668835,7915,0.4809914764074372,0.630869426983121,0.369130573016879,0.086,0.010966670738602247,0.9386666666666666,0.31368631368631367,0.9595404595404595,0.926,0.975,16016,8000
HBTASP-Top1,1,32000,0,1416,0,0,30584,0,0,8000,8000,0,0,0,8000,0,0.0,0.0,0.0,570e9630deff505ba1c5363a004cd8917cdc4ddeaaa2dfbdb2999707f9626552,250,8,1000,202,assigned_level_sensitivity,dynamic,periodic,0.0,False,True,,True,1.0,25.0,0.0,0.0,0.0,0,8000,8000,0.4708592227088121,7921,0.4806029416521382,0.6298905683795757,0.3701094316204243,0.085875,0.009743718943326096,0.941,0.31368631368631367,0.9595404595404595,0.926,0.977,16016,8000
HBTASP-Top1,1,32000,0,1352,0,0,30648,0,0,8000,8000,0,0,0,8000,0,0.0,0.0,0.0,7258aada57693e7fc41c3edb014bd97cd32dde8bd5dca77e2f1cb8b3ef00eaf8,250,8,1000,303,assigned_level_sensitivity,dynamic,periodic,0.0,False,True,,True,1.0,25.0,0.0,0.0,0.0,0,8000,8000,0.4669284200463647,7952,0.47572957367334023,0.6209398765303574,0.3790601234696426,0.087,0.008801153626975533,0.9436666666666667,0.31368631368631367,0.957042957042957,0.923,0.974,16016,8000
HBTASP-Top1,1,32000,0,1392,0,0,30608,0,0,8000,8000,0,0,0,8000,0,0.0,0.0,0.0,620f015056b4913eca566e19dd498b9d34ce3df10a7782d95a50b5b4aece1a2a,250,8,1000,404,assigned_level_sensitivity,dynamic,periodic,0.0,False,True,,True,1.0,25.0,0.0,0.0,0.0,0,8000,8000,0.47136196209217085,7968,0.4792094212459885,0.6256678538937893,0.3743321461062107,0.082,0.007847459153817626,0.942,0.31368631368631367,0.9585414585414586,0.924,0.979,16016,8000
HBTASP-Top1,1,32000,0,1272,0,0,30728,0,0,8000,8000,0,0,0,8000,0,0.0,0.0,0.0,4c81619bc200eebb3080c210bdc746b4414b0cc7c3fbb63c2a1ce3f91c436327,250,8,1000,505,assigned_level_sensitivity,dynamic,periodic,0.0,False,True,,True,1.0,25.0,0.0,0.0,0.0,0,8000,8000,0.47312182307779405,7952,0.48126833899204596,0.6330926444341521,0.36690735556584786,0.077,0.008146515914251917,0.947,0.31368631368631367,0.9635364635364635,0.932,0.981,16016,8000
HBTASP-Top1,1,32000,0,1304,0,0,30696,0,0,8000,8000,0,0,0,8000,0,0.0,0.0,0.0,820400f60474dd2d047d6af68da1f0bbcc78c2597c68a44e9fae693f09b01e62,250,8,1000,606,assigned_level_sensitivity,dynamic,periodic,0.0,False,True,,True,1.0,25.0,0.0,0.0,0.0,0,8000,8000,0.4716066196198606,7936,0.48062206856296874,0.6262593604329556,0.3737406395670444,0.081,0.009015448943108129,0.9456666666666667,0.31368631368631367,0.9600399600399601,0.923,0.978,16016,8000
HBTASP-Top1,1,32000,0,1440,0,0,30560,0,0,8000,8000,0,0,0,8000,0,0.0,0.0,0.0,265cd3c30607304ee4b6dbfbe241a7f7f4ee382cc1c459bb4718426a447809b3,250,8,1000,707,assigned_level_sensitivity,dynamic,periodic,0.0,False,True,,True,1.0,25.0,0.0,0.0,0.0,0,8000,8000,0.47084622377602425,7927,0.4812014908245399,0.6267471025715273,0.3732528974284727,0.083,0.010355267048515637,0.94,0.31368631368631367,0.958041958041958,0.922,0.977,16016,8000
HBTASP-Top1,1,32000,0,1336,0,0,30664,0,0,8000,8000,0,0,0,8000,0,0.0,0.0,0.0,f4866bde13e803cb907ec64e47284a1135ec88db541e26e30e289fa70c4a5ff8,250,8,1000,808,assigned_level_sensitivity,dynamic,periodic,0.0,False,True,,True,1.0,25.0,0.0,0.0,0.0,0,8000,8000,0.47361100755863705,7952,0.48015031713068995,0.6321908080505102,0.3678091919494898,0.083,0.006539309572052898,0.9443333333333334,0.31368631368631367,0.9660339660339661,0.936,0.979,16016,8000
HBTASP-Top1,1,32000,0,1320,0,0,30680,0,0,8000,8000,0,0,0,8000,0,0.0,0.0,0.0,a8c124acc17ac65b2cb1529125ce780607cdb86f117209ab5b3479ea9aad8a28,250,8,1000,909,assigned_level_sensitivity,dynamic,periodic,0.0,False,True,,True,1.0,25.0,0.0,0.0,0.0,0,8000,8000,0.47102087796029246,7936,0.4800775925785839,0.6325599593588915,0.36744004064110847,0.079,0.00905671461829144,0.945,0.31368631368631367,0.961038961038961,0.926,0.981,16016,8000
HBTASP-Top1,1,32000,0,1304,0,0,30696,0,0,8000,8000,0,0,0,8000,0,0.0,0.0,0.0,d3b8735acadda44f30d6c9e91006c692298437fd0395e4753048eb08f289bf45,250,8,1000,1010,assigned_level_sensitivity,dynamic,periodic,0.0,False,True,,True,1.0,25.0,0.0,0.0,0.0,0,8000,8000,0.4727578230432872,7944,0.48077388060181825,0.6299567154803422,0.37004328451965784,0.082,0.008016057558531076,0.9456666666666667,0.31368631368631367,0.9635364635364635,0.931,0.979,16016,8000
HBTASP-Top1,1,40000,0,3360,0,0,36640,0,0,10000,10000,0,0,0,10000,0,0.0,0.0,0.0,ba24034ae3cf4562ab6a0153556be98ed2c4b4bffe7e7bdc8e8a9fe95da3ae23,250,10,1000,101,assigned_level_sensitivity,dynamic,periodic,0.0,False,True,,True,1.0,25.0,0.0,0.0,0.0,0,10000,10000,0.42630152225086715,9780,0.44399817160296456,0.6246522537697872,0.37534774623021283,0.104,0.017696649352097416,0.888,0.31368631368631367,0.9280719280719281,0.862,0.95,20020,10000
HBTASP-Top1,1,40000,0,3280,0,0,36720,0,0,10000,10000,0,0,0,10000,0,0.0,0.0,0.0,a31dd7180ec5a17c6109cc36edd6a1a2865732b406c1cba67be0cad853f4b566,250,10,1000,202,assigned_level_sensitivity,dynamic,periodic,0.0,False,True,,True,1.0,25.0,0.0,0.0,0.0,0,10000,10000,0.4221130987554973,9740,0.4405667315907925,0.6309799967045968,0.3690200032954032,0.108,0.01845363283529522,0.8906666666666667,0.31368631368631367,0.932067932067932,0.866,0.948,20020,10000
HBTASP-Top1,1,40000,0,3260,0,0,36740,0,0,10000,10000,0,0,0,10000,0,0.0,0.0,0.0,50217851ecebf8d2338a275cd29e82ffabe16ff153d1881d800178b818384e08,250,10,1000,303,assigned_level_sensitivity,dynamic,periodic,0.0,False,True,,True,1.0,25.0,0.0,0.0,0.0,0,10000,10000,0.4270164259792129,9800,0.4441508133733191,0.610959845124291,0.389040154875709,0.098,0.017134387394106165,0.8913333333333333,0.31368631368631367,0.9300699300699301,0.864,0.96,20020,10000
HBTASP-Top1,1,40000,0,3500,0,0,36500,0,0,10000,10000,0,0,0,10000,0,0.0,0.0,0.0,666c91aca3d98fc592001468c87d42b3811143a5760cc295453880e244dc758a,250,10,1000,404,assigned_level_sensitivity,dynamic,periodic,0.0,False,True,,True,1.0,25.0,0.0,0.0,0.0,0,10000,10000,0.4227075588608759,9740,0.44343619519246086,0.6098556624926815,0.3901443375073185,0.112,0.02072863633158495,0.8833333333333333,0.31368631368631367,0.919080919080919,0.846,0.946,20020,10000
HBTASP-Top1,1,40000,0,3380,0,0,36620,0,0,10000,10000,0,0,0,10000,0,0.0,0.0,0.0,04672988e5cbc3ed558a7a8a37b1047a717d071003dab2e756353934eb08b021,250,10,1000,505,assigned_level_sensitivity,dynamic,periodic,0.0,False,True,,True,1.0,25.0,0.0,0.0,0.0,0,10000,10000,0.42687204204049156,9820,0.44382495735215466,0.6239904530569481,0.3760095469430519,0.098,0.016952915311663097,0.8873333333333333,0.31368631368631367,0.932067932067932,0.87,0.956,20020,10000
HBTASP-Top1,1,40000,0,3400,0,0,36600,0,0,10000,10000,0,0,0,10000,0,0.0,0.0,0.0,4774fcd2535e12b211f86580e78668e1e9bd961da670be7bd6bd7a6c26dc59af,250,10,1000,606,assigned_level_sensitivity,dynamic,periodic,0.0,False,True,,True,1.0,25.0,0.0,0.0,0.0,0,10000,10000,0.42750513762979336,9760,0.4462265300845254,0.6245465008348547,0.37545349916514525,0.102,0.018721392454732033,0.8866666666666667,0.31368631368631367,0.9250749250749251,0.854,0.952,20020,10000
HBTASP-Top1,1,40000,0,3420,0,0,36580,0,0,10000,10000,0,0,0,10000,0,0.0,0.0,0.0,c605b9756ab83b71cebd84bc5abee05ba757a64ae099f5222f6e8681ffb7d720,250,10,1000,707,assigned_level_sensitivity,dynamic,periodic,0.0,False,True,,True,1.0,25.0,0.0,0.0,0.0,0,10000,10000,0.421590847180761,9720,0.44418169923166906,0.6244979723543859,0.37550202764561413,0.114,0.02259085205090805,0.886,0.31368631368631367,0.9150849150849151,0.834,0.942,20020,10000
HBTASP-Top1,1,40000,0,3380,0,0,36620,0,0,10000,10000,0,0,0,10000,0,0.0,0.0,0.0,e605a1726b1f4167ef338b823102f2cdcf91485c2169dd1f43f679edd32d0c6b,250,10,1000,808,assigned_level_sensitivity,dynamic,periodic,0.0,False,True,,True,1.0,25.0,0.0,0.0,0.0,0,10000,10000,0.4252033871156465,9800,0.44414447320984296,0.6168639210303353,0.38313607896966473,0.1,0.01894108609419648,0.8873333333333333,0.31368631368631367,0.9210789210789211,0.848,0.952,20020,10000
HBTASP-Top1,1,40000,0,3300,0,0,36700,0,0,10000,10000,0,0,0,10000,0,0.0,0.0,0.0,4aa46a36bd6ab7692e6e9b8d01c77bc74efc702a0031843df833c095ec32a39e,250,10,1000,909,assigned_level_sensitivity,dynamic,periodic,0.0,False,True,,True,1.0,25.0,0.0,0.0,0.0,0,10000,10000,0.4206925412728475,9780,0.4382902416055371,0.6234972965412031,0.3765027034587969,0.114,0.017597700332689592,0.89,0.31368631368631367,0.922077922077922,0.846,0.94,20020,10000
HBTASP-Top1,1,40000,0,3500,0,0,36500,0,0,10000,10000,0,0,0,10000,0,0.0,0.0,0.0,59935886a4422cb71f0cc89a8bc7b0c529d05a68340841646e4c8885c5e0c9ac,250,10,1000,1010,assigned_level_sensitivity,dynamic,periodic,0.0,False,True,,True,1.0,25.0,0.0,0.0,0.0,0,10000,10000,0.42679926060222206,9780,0.44362401922311023,0.6242187738907461,0.3757812261092539,0.108,0.01682475862088817,0.8833333333333333,0.31368631368631367,0.922077922077922,0.852,0.946,20020,10000
HBTASP-Top1,1,16000,0,0,0,0,16000,0,0,4000,4000,0,0,0,4000,0,0.0,0.0,0.0,358345139b329c40140caebe1f44495eb1cb4ce7057ad9123725a473225c7759,300,4,1000,101,assigned_level_sensitivity,dynamic,periodic,0.0,False,True,,True,1.0,25.0,0.0,0.0,0.0,0,4000,4000,0.49422103622030267,4000,0.49422103622030267,0.6343798443478353,0.36562015565216466,0.06,0.0,1.0,0.31368631368631367,1.0,1.0,1.0,8008,4000
HBTASP-Top1,1,16000,0,0,0,0,16000,0,0,4000,4000,0,0,0,4000,0,0.0,0.0,0.0,34b8939f5e22fe77656bcf596b267a8e14848f4c8183e258a0aa6bf6964bce30,300,4,1000,202,assigned_level_sensitivity,dynamic,periodic,0.0,False,True,,True,1.0,25.0,0.0,0.0,0.0,0,4000,4000,0.49377424203865544,4000,0.49377424203865544,0.6347656303126322,0.3652343696873678,0.062,0.0,1.0,0.31368631368631367,1.0,1.0,1.0,8008,4000
HBTASP-Top1,1,16000,0,0,0,0,16000,0,0,4000,4000,0,0,0,4000,0,0.0,0.0,0.0,cb9cf6119f28cbbe2f515263b460577c6bf03d42557f7919b99931e42d877f4b,300,4,1000,303,assigned_level_sensitivity,dynamic,periodic,0.0,False,True,,True,1.0,25.0,0.0,0.0,0.0,0,4000,4000,0.4933532910277673,4000,0.4933532910277673,0.6316779619538362,0.3683220380461638,0.062,0.0,1.0,0.31368631368631367,1.0,1.0,1.0,8008,4000
HBTASP-Top1,1,16000,0,0,0,0,16000,0,0,4000,4000,0,0,0,4000,0,0.0,0.0,0.0,19660c8d7c38bf482c258d456033c0235b91bafa3f9150f8928502cb0b6a233e,300,4,1000,404,assigned_level_sensitivity,dynamic,periodic,0.0,False,True,,True,1.0,25.0,0.0,0.0,0.0,0,4000,4000,0.49712132651850294,4000,0.49712132651850294,0.6373392676967811,0.36266073230321894,0.06375,0.0,1.0,0.31368631368631367,1.0,1.0,1.0,8008,4000
HBTASP-Top1,1,16000,0,0,0,0,16000,0,0,4000,4000,0,0,0,4000,0,0.0,0.0,0.0,73cdab68096cc443e0e24ada558429cabf1afc7f75cc16ce9d024a0d7cee62f9,300,4,1000,505,assigned_level_sensitivity,dynamic,periodic,0.0,False,True,,True,1.0,25.0,0.0,0.0,0.0,0,4000,4000,0.4950360653124071,4000,0.4950360653124071,0.6383446830218568,0.36165531697814324,0.062,0.0,1.0,0.31368631368631367,1.0,1.0,1.0,8008,4000
HBTASP-Top1,1,16000,0,0,0,0,16000,0,0,4000,4000,0,0,0,4000,0,0.0,0.0,0.0,7833957291a032d51d81862cac99e9d8ccb12f68b533b2caf53ee51ae3f9dc9c,300,4,1000,606,assigned_level_sensitivity,dynamic,periodic,0.0,False,True,,True,1.0,25.0,0.0,0.0,0.0,0,4000,4000,0.4944495985180446,4000,0.4944495985180446,0.6325778407130006,0.3674221592869994,0.064,0.0,1.0,0.31368631368631367,1.0,1.0,1.0,8008,4000
HBTASP-Top1,1,16000,0,0,0,0,16000,0,0,4000,4000,0,0,0,4000,0,0.0,0.0,0.0,7299403d9d2d4f4ccec9f76133c48d8d07e2ed601a2777f731db87ca14e66056,300,4,1000,707,assigned_level_sensitivity,dynamic,periodic,0.0,False,True,,True,1.0,25.0,0.0,0.0,0.0,0,4000,4000,0.49256001199576194,4000,0.49256001199576194,0.6326269667840994,0.36737303321590065,0.062,0.0,1.0,0.31368631368631367,1.0,1.0,1.0,8008,4000
HBTASP-Top1,1,16000,0,0,0,0,16000,0,0,4000,4000,0,0,0,4000,0,0.0,0.0,0.0,332b0fc25c5dccfb6fb5145b59221f17277c51b24f8c2d6148183eada1540c2c,300,4,1000,808,assigned_level_sensitivity,dynamic,periodic,0.0,False,True,,True,1.0,25.0,0.0,0.0,0.0,0,4000,4000,0.49351640136875874,4000,0.49351640136875874,0.6326826560488412,0.3673173439511588,0.062,0.0,1.0,0.31368631368631367,1.0,1.0,1.0,8008,4000
HBTASP-Top1,1,16000,0,0,0,0,16000,0,0,4000,4000,0,0,0,4000,0,0.0,0.0,0.0,3a15676bda67054cb5929717fc730bfa67cd49969827870cd1819db4b67b2b0f,300,4,1000,909,assigned_level_sensitivity,dynamic,periodic,0.0,False,True,,True,1.0,25.0,0.0,0.0,0.0,0,4000,4000,0.49392910996663153,4000,0.49392910996663153,0.6327568500165388,0.3672431499834612,0.064,0.0,1.0,0.31368631368631367,1.0,1.0,1.0,8008,4000
HBTASP-Top1,1,16000,0,0,0,0,16000,0,0,4000,4000,0,0,0,4000,0,0.0,0.0,0.0,f74ec5db6e908852b709fb2fc49501319e260c6bb970c5803f31b89af1514827,300,4,1000,1010,assigned_level_sensitivity,dynamic,periodic,0.0,False,True,,True,1.0,25.0,0.0,0.0,0.0,0,4000,4000,0.4980972102769603,4000,0.4980972102769603,0.6345342494026772,0.3654657505973228,0.059,0.0,1.0,0.31368631368631367,1.0,1.0,1.0,8008,4000
HBTASP-Top1,1,24000,0,198,0,0,23802,0,0,6000,6000,0,0,0,6000,0,0.0,0.0,0.0,368e16a18b5b73e12179e2ceeeef5d7bbd6d7e12c7147fe591b0919c4402b0f8,300,6,1000,101,assigned_level_sensitivity,dynamic,periodic,0.0,False,True,,True,1.0,25.0,0.0,0.0,0.0,0,6000,6000,0.4905490549888406,5996,0.4917437315591332,0.6347099238757459,0.3652900761242541,0.0685,0.0011946765702925966,0.989,0.31368631368631367,0.9932567432567433,0.9865,0.9973333333333333,12012,6000
HBTASP-Top1,1,24000,0,164,0,0,23836,0,0,6000,6000,0,0,0,6000,0,0.0,0.0,0.0,1647dacc78c42fdbc64e7d28ec9e5575601944c739c0044734f158d076fd1351,300,6,1000,202,assigned_level_sensitivity,dynamic,periodic,0.0,False,True,,True,1.0,25.0,0.0,0.0,0.0,0,6000,6000,0.49094133542164564,6000,0.4914914634980935,0.6349211549912981,0.3650788450087019,0.066,0.0005501280764478311,0.9908888888888889,0.31368631368631367,0.9946719946719946,0.9893333333333333,0.9986666666666667,12012,6000
HBTASP-Top1,1,24000,0,143,0,0,23857,0,0,6000,6000,0,0,0,6000,0,0.0,0.0,0.0,b40e3956fc736148fe48725c99a765faa7ca344bcdde335f7de5815dce321912,300,6,1000,303,assigned_level_sensitivity,dynamic,periodic,0.0,False,True,,True,1.0,25.0,0.0,0.0,0.0,0,6000,6000,0.4953403063242354,6000,0.49611782754353734,0.6390036881095648,0.36099631189043524,0.06233333333333333,0.0007775212193019132,0.9920555555555556,0.31368631368631367,0.9953379953379954,0.9906666666666667,0.9993333333333333,12012,6000
HBTASP-Top1,1,24000,0,174,0,0,23826,0,0,6000,6000,0,0,0,6000,0,0.0,0.0,0.0,90dd8c8ff63030dd9dbbd25c0b5e9d426cebafe711c88974834a56210f18bdc1,300,6,1000,404,assigned_level_sensitivity,dynamic,periodic,0.0,False,True,,True,1.0,25.0,0.0,0.0,0.0,0,6000,6000,0.4914889346104532,5996,0.49224488826093904,0.6355556039123146,0.3644443960876854,0.0675,0.0007559536504858633,0.9903333333333333,0.31368631368631367,0.9955044955044955,0.991,0.998,12012,6000
HBTASP-Top1,1,24000,0,180,0,0,23820,0,0,6000,6000,0,0,0,6000,0,0.0,0.0,0.0,64fec059e2099a382af339a6780c28497caac0c5ebb5f50adb7d0e94049738cd,300,6,1000,505,assigned_level_sensitivity,dynamic,periodic,0.0,False,True,,True,1.0,25.0,0.0,0.0,0.0,0,6000,6000,0.4927894989967792,5992,0.49408972637538046,0.63556621629764,0.36443378370236,0.06333333333333334,0.0013002273786012486,0.99,0.31368631368631367,0.9936729936729937,0.9873333333333333,0.998,12012,6000
HBTASP-Top1,1,24000,0,175,0,0,23825,0,0,6000,6000,0,0,0,6000,0,0.0,0.0,0.0,ae880915da58fff9f20affe7a5a25900cde6365bd54144492baa5036a1d84adc,300,6,1000,606,assigned_level_sensitivity,dynamic,periodic,0.0,False,True,,True,1.0,25.0,0.0,0.0,0.0,0,6000,6000,0.4933823123542263,5988,0.4947547539227151,0.6373343289880115,0.36266567101198854,0.06816666666666667,0.0013724415684888136,0.9902777777777778,0.31368631368631367,0.9933399933399933,0.9866666666666667,0.9946666666666667,12012,6000
HBTASP-Top1,1,24000,0,135,0,0,23865,0,0,6000,6000,0,0,0,6000,0,0.0,0.0,0.0,c0f27110c744a3fc7a33aecc95f2268b53928f9aef18cbadd02b335ecd207f0e,300,6,1000,707,assigned_level_sensitivity,dynamic,periodic,0.0,False,True,,True,1.0,25.0,0.0,0.0,0.0,0,6000,6000,0.49406159548808987,5988,0.4955249435081961,0.6382044484206889,0.3617955515793111,0.06383333333333334,0.0014633480201062254,0.9925,0.31368631368631367,0.9956709956709957,0.9913333333333333,0.998,12012,6000
HBTASP-Top1,1,24000,0,204,0,0,23796,0,0,6000,6000,0,0,0,6000,0,0.0,0.0,0.0,063cb3f34bb5042d5a315795e5ea1e803957554d0c67c50190b2b486a6968f17,300,6,1000,808,assigned_level_sensitivity,dynamic,periodic,0.0,False,True,,True,1.0,25.0,0.0,0.0,0.0,0,6000,6000,0.4903006521005571,5980,0.4927598327485014,0.6331720621682188,0.36682793783178125,0.06366666666666666,0.002459180647944259,0.9886666666666667,0.31368631368631367,0.9923409923409924,0.9846666666666667,0.9953333333333333,12012,6000
HBTASP-Top1,1,24000,0,167,0,0,23833,0,0,6000,6000,0,0,0,6000,0,0.0,0.0,0.0,43ca3bc1908129b5c2ac96d7e4719f6173824add31150444bda10a9206dc8922,300,6,1000,909,assigned_level_sensitivity,dynamic,periodic,0.0,False,True,,True,1.0,25.0,0.0,0.0,0.0,0,6000,6000,0.49139475335629595,5992,0.4931685000538949,0.6360118677927308,0.3639881322072692,0.06366666666666666,0.0017737466975989435,0.9907222222222222,0.31368631368631367,0.9925907425907425,0.9851666666666666,0.9966666666666667,12012,6000
HBTASP-Top1,1,24000,0,167,0,0,23833,0,0,6000,6000,0,0,0,6000,0,0.0,0.0,0.0,da29db140ec3433f5a7bef5bfca040b9d439fbd33929da0e9b1ac51f823030f9,300,6,1000,1010,assigned_level_sensitivity,dynamic,periodic,0.0,False,True,,True,1.0,25.0,0.0,0.0,0.0,0,6000,6000,0.49168781544695206,5996,0.49297014822077,0.6357154078893997,0.36428459211060027,0.06483333333333334,0.0012823327738179513,0.9907222222222222,0.31368631368631367,0.9927572427572428,0.9855,0.9975,12012,6000
HBTASP-Top1,1,32000,0,721,0,0,31279,0,0,8000,8000,0,0,0,8000,0,0.0,0.0,0.0,48536fc5e075a2292b527fb68f9e0371d396b2957068a8b27317e7a61bf9ac13,300,8,1000,101,assigned_level_sensitivity,dynamic,periodic,0.0,False,True,,True,1.0,25.0,0.0,0.0,0.0,0,8000,8000,0.4832541541466341,7976,0.48730405311891506,0.6455051221347486,0.35449487786525136,0.068125,0.004049898972280974,0.9699583333333334,0.31368631368631367,0.9814560439560439,0.962875,0.99,16016,8000
HBTASP-Top1,1,32000,0,648,0,0,31352,0,0,8000,8000,0,0,0,8000,0,0.0,0.0,0.0,570e9630deff505ba1c5363a004cd8917cdc4ddeaaa2dfbdb2999707f9626552,300,8,1000,202,assigned_level_sensitivity,dynamic,periodic,0.0,False,True,,True,1.0,25.0,0.0,0.0,0.0,0,8000,8000,0.482014537634388,8000,0.48380321380755364,0.6436902084816492,0.35630979151835085,0.073,0.0017886761731656375,0.973,0.31368631368631367,0.9845154845154845,0.969,0.991,16016,8000
HBTASP-Top1,1,32000,0,661,0,0,31339,0,0,8000,8000,0,0,0,8000,0,0.0,0.0,0.0,7258aada57693e7fc41c3edb014bd97cd32dde8bd5dca77e2f1cb8b3ef00eaf8,300,8,1000,303,assigned_level_sensitivity,dynamic,periodic,0.0,False,True,,True,1.0,25.0,0.0,0.0,0.0,0,8000,8000,0.47847753795353803,7984,0.48234103023464636,0.6387363161018693,0.3612636838981307,0.079125,0.003863492281108327,0.9724583333333333,0.31368631368631367,0.9765234765234765,0.957,0.984,16016,8000
HBTASP-Top1,1,32000,0,666,0,0,31334,0,0,8000,8000,0,0,0,8000,0,0.0,0.0,0.0,620f015056b4913eca566e19dd498b9d34ce3df10a7782d95a50b5b4aece1a2a,300,8,1000,404,assigned_level_sensitivity,dynamic,periodic,0.0,False,True,,True,1.0,25.0,0.0,0.0,0.0,0,8000,8000,0.47891353525245584,7984,0.48354740125329654,0.6350183596326787,0.3649816403673213,0.077125,0.004633866000840703,0.97225,0.31368631368631367,0.9768356643356644,0.954,0.987,16016,8000
HBTASP-Top1,1,32000,0,625,0,0,31375,0,0,8000,8000,0,0,0,8000,0,0.0,0.0,0.0,4c81619bc200eebb3080c210bdc746b4414b0cc7c3fbb63c2a1ce3f91c436327,300,8,1000,505,assigned_level_sensitivity,dynamic,periodic,0.0,False,True,,True,1.0,25.0,0.0,0.0,0.0,0,8000,8000,0.4813820370401044,7976,0.48520770447561257,0.6462085584292384,0.3537914415707616,0.077,0.003825667435508162,0.9739583333333334,0.31368631368631367,0.980457042957043,0.962875,0.986,16016,8000
HBTASP-Top1,1,32000,0,648,0,0,31352,0,0,8000,8000,0,0,0,8000,0,0.0,0.0,0.0,820400f60474dd2d047d6af68da1f0bbcc78c2597c68a44e9fae693f09b01e62,300,8,1000,606,assigned_level_sensitivity,dynamic,periodic,0.0,False,True,,True,1.0,25.0,0.0,0.0,0.0,0,8000,8000,0.48034459442867733,7984,0.48397386792018565,0.640985863602123,0.35901413639787705,0.072625,0.0036292734915083225,0.973,0.31368631368631367,0.9820179820179821,0.965,0.991,16016,8000
HBTASP-Top1,1,32000,0,600,0,0,31400,0,0,8000,8000,0,0,0,8000,0,0.0,0.0,0.0,265cd3c30607304ee4b6dbfbe241a7f7f4ee382cc1c459bb4718426a447809b3,300,8,1000,707,assigned_level_sensitivity,dynamic,periodic,0.0,False,True,,True,1.0,25.0,0.0,0.0,0.0,0,8000,8000,0.4812446608530214,7968,0.485488837143215,0.6362892082303314,0.3637107917696686,0.0745,0.00424417629019358,0.975,0.31368631368631367,0.98001998001998,0.962,0.988,16016,8000
HBTASP-Top1,1,32000,0,551,0,0,31449,0,0,8000,8000,0,0,0,8000,0,0.0,0.0,0.0,f4866bde13e803cb907ec64e47284a1135ec88db541e26e30e289fa70c4a5ff8,300,8,1000,808,assigned_level_sensitivity,dynamic,periodic,0.0,False,True,,True,1.0,25.0,0.0,0.0,0.0,0,8000,8000,0.48447166242281897,7976,0.4883608315312092,0.6435422996490865,0.3564577003509135,0.069875,0.0038891691083902113,0.9770416666666667,0.31368631368631367,0.9837662337662337,0.9675,0.992,16016,8000
HBTASP-Top1,1,32000,0,614,0,0,31386,0,0,8000,8000,0,0,0,8000,0,0.0,0.0,0.0,a8c124acc17ac65b2cb1529125ce780607cdb86f117209ab5b3479ea9aad8a28,300,8,1000,909,assigned_level_sensitivity,dynamic,periodic,0.0,False,True,,True,1.0,25.0,0.0,0.0,0.0,0,8000,8000,0.48047819923536794,7981,0.4846384976916942,0.6439638019573113,0.3560361980426887,0.06925,0.004160298456326261,0.9744166666666667,0.31368631368631367,0.9795829170829171,0.959125,0.989,16016,8000
HBTASP-Top1,1,32000,0,568,0,0,31432,0,0,8000,8000,0,0,0,8000,0,0.0,0.0,0.0,d3b8735acadda44f30d6c9e91006c692298437fd0395e4753048eb08f289bf45,300,8,1000,1010,assigned_level_sensitivity,dynamic,periodic,0.0,False,True,,True,1.0,25.0,0.0,0.0,0.0,0,8000,8000,0.47980995815364746,8000,0.48162911770305294,0.6435419029725477,0.35645809702745235,0.07225,0.0018191595494054802,0.9763333333333334,0.31368631368631367,0.9845154845154845,0.969,0.99,16016,8000
HBTASP-Top1,1,40000,0,1400,0,0,38600,0,0,10000,10000,0,0,0,10000,0,0.0,0.0,0.0,ba24034ae3cf4562ab6a0153556be98ed2c4b4bffe7e7bdc8e8a9fe95da3ae23,300,10,1000,101,assigned_level_sensitivity,dynamic,periodic,0.0,False,True,,True,1.0,25.0,0.0,0.0,0.0,0,10000,10000,0.47028297122065077,9880,0.4802675230570685,0.6304543353798958,0.3695456646201042,0.082,0.009984551836417721,0.9533333333333334,0.31368631368631367,0.9630369630369631,0.928,0.976,20020,10000
HBTASP-Top1,1,40000,0,1320,0,0,38680,0,0,10000,10000,0,0,0,10000,0,0.0,0.0,0.0,a31dd7180ec5a17c6109cc36edd6a1a2865732b406c1cba67be0cad853f4b566,300,10,1000,202,assigned_level_sensitivity,dynamic,periodic,0.0,False,True,,True,1.0,25.0,0.0,0.0,0.0,0,10000,10000,0.47111178968156603,9900,0.47938490464489497,0.6407760402589802,0.35922395974101984,0.0819,0.008273114963328942,0.956,0.31368631368631367,0.971028971028971,0.944,0.978,20020,10000
HBTASP-Top1,1,40000,0,1320,0,0,38680,0,0,10000,10000,0,0,0,10000,0,0.0,0.0,0.0,50217851ecebf8d2338a275cd29e82ffabe16ff153d1881d800178b818384e08,300,10,1000,303,assigned_level_sensitivity,dynamic,periodic,0.0,False,True,,True,1.0,25.0,0.0,0.0,0.0,0,10000,10000,0.46786474777427295,9920,0.47549068448093024,0.6332671697473082,0.36673283025269177,0.078,0.007625936706657288,0.956,0.31368631368631367,0.9660339660339661,0.934,0.978,20020,10000
HBTASP-Top1,1,40000,0,1358,0,0,38642,0,0,10000,10000,0,0,0,10000,0,0.0,0.0,0.0,666c91aca3d98fc592001468c87d42b3811143a5760cc295453880e244dc758a,300,10,1000,404,assigned_level_sensitivity,dynamic,periodic,0.0,False,True,,True,1.0,25.0,0.0,0.0,0.0,0,10000,10000,0.46575665349413803,9900,0.4762398468438305,0.6244572455226244,0.3755427544773756,0.0899,0.010483193349692499,0.9547333333333333,0.31368631368631367,0.9591408591408591,0.9242,0.976,20020,10000
HBTASP-Top1,1,40000,0,1480,0,0,38520,0,0,10000,10000,0,0,0,10000,0,0.0,0.0,0.0,04672988e5cbc3ed558a7a8a37b1047a717d071003dab2e756353934eb08b021,300,10,1000,505,assigned_level_sensitivity,dynamic,periodic,0.0,False,True,,True,1.0,25.0,0.0,0.0,0.0,0,10000,10000,0.4685191294851509,9900,0.4766942883372682,0.6392209858003399,0.3607790141996601,0.084,0.008175158852117281,0.9506666666666667,0.31368631368631367,0.968031968031968,0.938,0.98,20020,10000
HBTASP-Top1,1,40000,0,1440,0,0,38560,0,0,10000,10000,0,0,0,10000,0,0.0,0.0,0.0,4774fcd2535e12b211f86580e78668e1e9bd961da670be7bd6bd7a6c26dc59af,300,10,1000,606,assigned_level_sensitivity,dynamic,periodic,0.0,False,True,,True,1.0,25.0,0.0,0.0,0.0,0,10000,10000,0.4648914402646923,9900,0.4733509669167532,0.633030993687712,0.366969006312288,0.084,0.0084595266520609,0.952,0.31368631368631367,0.962037962037962,0.928,0.976,20020,10000
HBTASP-Top1,1,40000,0,1300,0,0,38700,0,0,10000,10000,0,0,0,10000,0,0.0,0.0,0.0,c605b9756ab83b71cebd84bc5abee05ba757a64ae099f5222f6e8681ffb7d720,300,10,1000,707,assigned_level_sensitivity,dynamic,periodic,0.0,False,True,,True,1.0,25.0,0.0,0.0,0.0,0,10000,10000,0.46855673192741826,9900,0.47769558604289386,0.6370659791984059,0.3629340208015941,0.082,0.009138854115475603,0.9566666666666667,0.31368631368631367,0.965034965034965,0.934,0.98,20020,10000
HBTASP-Top1,1,40000,0,1400,0,0,38600,0,0,10000,10000,0,0,0,10000,0,0.0,0.0,0.0,e605a1726b1f4167ef338b823102f2cdcf91485c2169dd1f43f679edd32d0c6b,300,10,1000,808,assigned_level_sensitivity,dynamic,periodic,0.0,False,True,,True,1.0,25.0,0.0,0.0,0.0,0,10000,10000,0.46602426073776176,9880,0.4754042188085203,0.6380608357152472,0.3619391642847528,0.0861,0.009379958070758532,0.9533333333333334,0.31368631368631367,0.965034965034965,0.934,0.97,20020,10000
HBTASP-Top1,1,40000,0,1460,0,0,38540,0,0,10000,10000,0,0,0,10000,0,0.0,0.0,0.0,4aa46a36bd6ab7692e6e9b8d01c77bc74efc702a0031843df833c095ec32a39e,300,10,1000,909,assigned_level_sensitivity,dynamic,periodic,0.0,False,True,,True,1.0,25.0,0.0,0.0,0.0,0,10000,10000,0.4677462952047417,9900,0.4784106873231287,0.6366503528545998,0.3633496471454002,0.08,0.01066439211838699,0.9513333333333334,0.31368631368631367,0.964035964035964,0.932,0.978,20020,10000
HBTASP-Top1,1,40000,0,1300,0,0,38700,0,0,10000,10000,0,0,0,10000,0,0.0,0.0,0.0,59935886a4422cb71f0cc89a8bc7b0c529d05a68340841646e4c8885c5e0c9ac,300,10,1000,1010,assigned_level_sensitivity,dynamic,periodic,0.0,False,True,,True,1.0,25.0,0.0,0.0,0.0,0,10000,10000,0.4751403154949926,9900,0.4835150561800995,0.6358655968393143,0.3641344031606857,0.078,0.008374740685106907,0.9566666666666667,0.31368631368631367,0.968031968031968,0.94,0.976,20020,10000
HBTASP-Top2,2,16000,2000,4000,0,0,10000,0,0,8000,8000,2000,0,0,6000,0,0.25,0.0,0.25,08a2c87cb0ae10e5ffc06b94169e9fd94c03448c2f9b8cbaf1307310bacebb6d,100,4,1000,101,assigned_level_sensitivity,dynamic,periodic,0.0,False,True,,True,1.0,25.0,0.0,0.0,0.0,0,4000,4000,0.3273032982316368,3117,0.44560790254570426,0.4492379215187935,0.5507620784812065,0.316,0.11830460431406747,0.5,0.5664335664335665,0.6753246753246753,0.55,0.724,8008,4000
HBTASP-Top2,2,16000,2000,4000,0,0,10000,0,0,8000,8000,2000,0,0,6000,0,0.25,0.0,0.25,4f659a9d2f79d1e51035e3b6f095cd1a9ae51e3e754ce7693e97026de2b102f2,100,4,1000,202,assigned_level_sensitivity,dynamic,periodic,0.0,False,True,,True,1.0,25.0,0.0,0.0,0.0,0,4000,4000,0.3289050428771656,3216,0.4434417208019428,0.4336293797314238,0.5663706202685762,0.31,0.11453667792477717,0.5,0.5664335664335665,0.6543456543456544,0.53,0.742,8008,4000
HBTASP-Top2,2,16000,2000,4000,0,0,10000,0,0,8000,8000,2000,0,0,6000,0,0.25,0.0,0.25,fa77191d1e776e548c46ab479043da42b7a448321a0eac4cfa71cd2d39adf144,100,4,1000,303,assigned_level_sensitivity,dynamic,periodic,0.0,False,True,,True,1.0,25.0,0.0,0.0,0.0,0,4000,4000,0.3425664554901984,3208,0.4583325507327683,0.43450142931314745,0.5654985706868525,0.29075,0.11576609524256992,0.5,0.5664335664335665,0.6573426573426573,0.534,0.754,8008,4000
HBTASP-Top2,2,16000,2000,4000,0,0,10000,0,0,8000,8000,2000,0,0,6000,0,0.25,0.0,0.25,2f56b573235266138d1cd7c002abdb9dad28e48ca1555bedfcbf8ac5d54df808,100,4,1000,404,assigned_level_sensitivity,dynamic,periodic,0.0,False,True,,True,1.0,25.0,0.0,0.0,0.0,0,4000,4000,0.32348003921400537,3192,0.43690050945695746,0.4031023587850068,0.5968976412149932,0.326,0.1134204702429521,0.5,0.5664335664335665,0.6363636363636364,0.51,0.72,8008,4000
HBTASP-Top2,2,16000,2000,4008,0,0,9992,0,0,8000,8000,2000,0,0,6000,0,0.25,0.0,0.25,5c813ebc5576abd8b80aa57b45994abf5ed0af740e8ce7716dbdf4d1138bf739,100,4,1000,505,assigned_level_sensitivity,dynamic,periodic,0.0,False,True,,True,1.0,25.0,0.0,0.0,0.0,0,4000,4000,0.3291683234403477,3248,0.4395583266951169,0.4278632277427782,0.5721367722572218,0.2985,0.11039000325476922,0.499,0.5664335664335665,0.6503496503496503,0.538,0.754,8008,4000
HBTASP-Top2,2,16000,2000,4000,0,0,10000,0,0,8000,8000,2000,0,0,6000,0,0.25,0.0,0.25,453388e184323ddc891ea026d1747cb93409a15eb47d8edf372e78aa10c4e774,100,4,1000,606,assigned_level_sensitivity,dynamic,periodic,0.0,False,True,,True,1.0,25.0,0.0,0.0,0.0,0,4000,4000,0.32302894919542496,3096,0.4445484917905754,0.395842240524706,0.604157759475294,0.332,0.12151954259515041,0.5,0.5664335664335665,0.6503496503496503,0.53,0.716,8008,4000
HBTASP-Top2,2,16000,2000,4000,0,0,10000,0,0,8000,8000,2000,0,0,6000,0,0.25,0.0,0.25,6d23e51bb0e014b49d10057e6ad663280d55b2ea3973c144898806d70f118e08,100,4,1000,707,assigned_level_sensitivity,dynamic,periodic,0.0,False,True,,True,1.0,25.0,0.0,0.0,0.0,0,4000,4000,0.3345738015632391,3224,0.44521531996214303,0.44370363469457885,0.5562963653054211,0.3045,0.1106415183989039,0.5,0.5664335664335665,0.6623376623376623,0.532,0.742,8008,4000
HBTASP-Top2,2,16000,2000,4000,0,0,10000,0,0,8000,8000,2000,0,0,6000,0,0.25,0.0,0.25,b5ed465565992e5be5cd12b980ea97cbb523e67d3aa6239df1159c2cf111c3a8,100,4,1000,808,assigned_level_sensitivity,dynamic,periodic,0.0,False,True,,True,1.0,25.0,0.0,0.0,0.0,0,4000,4000,0.33499875571167875,3192,0.4481455699735564,0.4490228404084355,0.5509771595915645,0.318,0.11314681426187767,0.5,0.5664335664335665,0.6583416583416584,0.538,0.728,8008,4000
HBTASP-Top2,2,16000,2000,4000,0,0,10000,0,0,8000,8000,2000,0,0,6000,0,0.25,0.0,0.25,527c6eb75d4e76557b0410048a390bd45c3be3cbf3a0e8405742995a8c097777,100,4,1000,909,assigned_level_sensitivity,dynamic,periodic,0.0,False,True,,True,1.0,25.0,0.0,0.0,0.0,0,4000,4000,0.34341341542236653,3248,0.4542235670672233,0.43767967386553186,0.5623203261344681,0.286,0.11081015164485675,0.5,0.5664335664335665,0.6703296703296703,0.552,0.756,8008,4000
HBTASP-Top2,2,16000,2000,4000,0,0,10000,0,0,8000,8000,2000,0,0,6000,0,0.25,0.0,0.25,b7d9bdf04a070d711b30e899fe173a8d0c154c88ae8a7c430946a93338fd027c,100,4,1000,1010,assigned_level_sensitivity,dynamic,periodic,0.0,False,True,,True,1.0,25.0,0.0,0.0,0.0,0,4000,4000,0.33725494280139573,3216,0.45503262461768507,0.4187276125034423,0.5812723874965577,0.28625,0.11777768181628934,0.5,0.5664335664335665,0.6683316683316683,0.546,0.758,8008,4000
HBTASP-Top2,2,24000,6000,8000,0,0,10000,0,0,12000,12000,6000,0,0,6000,0,0.5,0.0,0.5,69ffb33ff4135036b11abd6fc43baa5bb9738a0259f59c16cd10c37fb36aee4b,100,6,1000,101,assigned_level_sensitivity,dynamic,periodic,0.0,False,True,,True,1.0,25.0,0.0,0.0,0.0,0,6000,6000,0.23797076139519757,3822,0.4240424166371669,0.2977058248436311,0.7022941751563689,0.48533333333333334,0.18607165524196934,0.3333333333333333,0.5664335664335665,0.45487845487845485,0.30666666666666664,0.5613333333333334,12012,6000
HBTASP-Top2,2,24000,6000,8000,0,0,10000,0,0,12000,12000,6000,0,0,6000,0,0.5,0.0,0.5,390ed82aecdb4db50548dcb176ffa2b4241d50017a28f29949ff25c1b001d755,100,6,1000,202,assigned_level_sensitivity,dynamic,periodic,0.0,False,True,,True,1.0,25.0,0.0,0.0,0.0,0,6000,6000,0.23640432658388866,3922,0.4197234151273495,0.28762064496212003,0.71237935503788,0.4701666666666667,0.18331908854346085,0.3333333333333333,0.5664335664335665,0.45554445554445555,0.31,0.5726666666666667,12012,6000
HBTASP-Top2,2,24000,6000,8000,0,0,10000,0,0,12000,12000,6000,0,0,6000,0,0.5,0.0,0.5,a3e26b2677585df9850823203c435d70377046da964a5d6d49df7bafaa8aceb2,100,6,1000,303,assigned_level_sensitivity,dynamic,periodic,0.0,False,True,,True,1.0,25.0,0.0,0.0,0.0,0,6000,6000,0.23889984479503945,3826,0.42958631566000666,0.2892039510329567,0.7107960489670433,0.4728333333333333,0.1906864708649672,0.3333333333333333,0.5664335664335665,0.4522144522144522,0.31266666666666665,0.5666666666666667,12012,6000
HBTASP-Top2,2,24000,6000,8000,0,0,10000,0,0,12000,12000,6000,0,0,6000,0,0.5,0.0,0.5,43f5ff24b832ee4e450a20d17cba685e3627e8f671d1d1f9b59cf281f4b469e2,100,6,1000,404,assigned_level_sensitivity,dynamic,periodic,0.0,False,True,,True,1.0,25.0,0.0,0.0,0.0,0,6000,6000,0.2414630755104819,3907,0.4269683893578527,0.2914623696630795,0.7085376303369205,0.4746666666666667,0.1855053138473708,0.3333333333333333,0.5664335664335665,0.45454545454545453,0.31133333333333335,0.5693333333333334,12012,6000
HBTASP-Top2,2,24000,6000,8000,0,0,10000,0,0,12000,12000,6000,0,0,6000,0,0.5,0.0,0.5,11bca61e2dbf224ad848df37427c78e8ca97b3c73ce4c1421c0c1b9b7ccb64b0,100,6,1000,505,assigned_level_sensitivity,dynamic,periodic,0.0,False,True,,True,1.0,25.0,0.0,0.0,0.0,0,6000,6000,0.23944979678806275,3873,0.42434415367445777,0.2947307370644365,0.7052692629355635,0.473,0.18489435688639502,0.3333333333333333,0.5664335664335665,0.45054945054945056,0.312,0.5693333333333334,12012,6000
HBTASP-Top2,2,24000,6000,8000,0,0,10000,0,0,12000,12000,6000,0,0,6000,0,0.5,0.0,0.5,6fd64770aa96e4e0b0c45e5c1befbf5d73e6d698ffe27048464b24222deaab55,100,6,1000,606,assigned_level_sensitivity,dynamic,periodic,0.0,False,True,,True,1.0,25.0,0.0,0.0,0.0,0,6000,6000,0.2361144121163548,3767,0.4300496098820679,0.3012405390756545,0.6987594609243455,0.48933333333333334,0.1939351977657131,0.3333333333333333,0.5664335664335665,0.44988344988344986,0.306,0.552,12012,6000
HBTASP-Top2,2,24000,6000,8000,0,0,10000,0,0,12000,12000,6000,0,0,6000,0,0.5,0.0,0.5,3cca4aefdcdeaf75d60ab683c00408c144cbdebbea66a2e1b7987714183dd0f6,100,6,1000,707,assigned_level_sensitivity,dynamic,periodic,0.0,False,True,,True,1.0,25.0,0.0,0.0,0.0,0,6000,6000,0.23793408136478766,3846,0.4283190209997986,0.295237706853249,0.704762293146751,0.47783333333333333,0.19038493963501096,0.3333333333333333,0.5664335664335665,0.44255744255744256,0.294,0.564,12012,6000
HBTASP-Top2,2,24000,6000,8000,0,0,10000,0,0,12000,12000,6000,0,0,6000,0,0.5,0.0,0.5,be68a74edfd8e9ab56c2b2fce28fe649054ac731eeb3d6859ba8480601ba496e,100,6,1000,808,assigned_level_sensitivity,dynamic,periodic,0.0,False,True,,True,1.0,25.0,0.0,0.0,0.0,0,6000,6000,0.24365356052535156,3866,0.42864153338788413,0.3041147920221129,0.6958852079778871,0.4691666666666667,0.18498797286253257,0.3333333333333333,0.5664335664335665,0.4592074592074592,0.32,0.5746666666666667,12012,6000
HBTASP-Top2,2,24000,6000,8000,0,0,10000,0,0,12000,12000,6000,0,0,6000,0,0.5,0.0,0.5,4378f6ac035ab7077e26528f48a84013632cc598ae3a7b93e766f52ff8baa6ee,100,6,1000,909,assigned_level_sensitivity,dynamic,periodic,0.0,False,True,,True,1.0,25.0,0.0,0.0,0.0,0,6000,6000,0.2406909507498215,3866,0.4265663097347461,0.3005138345253137,0.6994861654746862,0.47633333333333333,0.18587535898492458,0.3333333333333333,0.5664335664335665,0.4518814518814519,0.31066666666666665,0.564,12012,6000
HBTASP-Top2,2,24000,6000,8000,0,0,10000,0,0,12000,12000,6000,0,0,6000,0,0.5,0.0,0.5,de44ab2a574521bc39e358bece27b662830f59ee8cb9b9ef8181e999b9c1d972,100,6,1000,1010,assigned_level_sensitivity,dynamic,periodic,0.0,False,True,,True,1.0,25.0,0.0,0.0,0.0,0,6000,6000,0.2415263581544353,3898,0.4296886094782828,0.30460674648774005,0.69539325351226,0.4638333333333333,0.1881622513238475,0.3333333333333333,0.5664335664335665,0.4622044622044622,0.308,0.576,12012,6000
HBTASP-Top2,2,32000,10000,12000,0,0,10000,0,0,16000,16000,10000,0,0,6000,0,0.625,0.0,0.625,319d214aed57cfd1283896b341b0d686fee640bfb60a575f65d5a86d2faa508b,100,8,1000,101,assigned_level_sensitivity,dynamic,periodic,0.0,False,True,,True,1.0,25.0,0.0,0.0,0.0,0,8000,8000,0.18706237758225724,4297,0.4126390543037528,0.23275226196296075,0.7672477380370393,0.572875,0.22557667672149556,0.25,0.5664335664335665,0.34715284715284717,0.21,0.459,16016,8000
HBTASP-Top2,2,32000,10000,12000,0,0,10000,0,0,16000,16000,10000,0,0,6000,0,0.625,0.0,0.625,9c51535072ebafed9c03ba1910ed02def9d775347b94f174b2127cfe0bf5b151,100,8,1000,202,assigned_level_sensitivity,dynamic,periodic,0.0,False,True,,True,1.0,25.0,0.0,0.0,0.0,0,8000,8000,0.1869128855320421,4311,0.4158738765104825,0.21540650360767524,0.7845934963923248,0.571375,0.22896099097844042,0.25,0.5664335664335665,0.34115884115884115,0.214,0.462,16016,8000
HBTASP-Top2,2,32000,10000,12000,0,0,10000,0,0,16000,16000,10000,0,0,6000,0,0.625,0.0,0.625,b6794cc43c808a0dcaa33efbb4ab162476974024a60b69e2190d538e95675ae0,100,8,1000,303,assigned_level_sensitivity,dynamic,periodic,0.0,False,True,,True,1.0,25.0,0.0,0.0,0.0,0,8000,8000,0.19399520547689042,4340,0.42634384414051685,0.23162031197363084,0.7683796880263691,0.55675,0.23234863866362643,0.25,0.5664335664335665,0.34715284715284717,0.213,0.479,16016,8000
HBTASP-Top2,2,32000,10000,12000,0,0,10000,0,0,16000,16000,10000,0,0,6000,0,0.625,0.0,0.625,0690ca00d459b763d1fcaa75b78a336ea2d4bbbc04093018345303133c735f1a,100,8,1000,404,assigned_level_sensitivity,dynamic,periodic,0.0,False,True,,True,1.0,25.0,0.0,0.0,0.0,0,8000,8000,0.18800388061452786,4401,0.4103050547592957,0.21923148031606526,0.7807685196839347,0.573625,0.22230117414476783,0.25,0.5664335664335665,0.3386613386613387,0.21,0.466,16016,8000
HBTASP-Top2,2,32000,10000,12000,0,0,10000,0,0,16000,16000,10000,0,0,6000,0,0.625,0.0,0.625,60621b7ac2ac5fa8e7ab5cf1fbc678e97bf12346bf072b754dc517d424c06deb,100,8,1000,505,assigned_level_sensitivity,dynamic,periodic,0.0,False,True,,True,1.0,25.0,0.0,0.0,0.0,0,8000,8000,0.18822248295096505,4260,0.41381125953976194,0.23069720960619108,0.7693027903938089,0.575,0.2255887765887969,0.25,0.5664335664335665,0.34565434565434566,0.23,0.462,16016,8000
HBTASP-Top2,2,32000,10000,12000,0,0,10000,0,0,16000,16000,10000,0,0,6000,0,0.625,0.0,0.625,8bd93164e576677ad76adb58cfb0b461c4f92a6ef4373d18fa99e001d0a3e07e,100,8,1000,606,assigned_level_sensitivity,dynamic,periodic,0.0,False,True,,True,1.0,25.0,0.0,0.0,0.0,0,8000,8000,0.18300165784364386,4224,0.41091175339834995,0.21850220337847245,0.7814977966215275,0.583125,0.2279100955547061,0.25,0.5664335664335665,0.34265734265734266,0.221,0.455,16016,8000
HBTASP-Top2,2,32000,10000,12000,0,0,10000,0,0,16000,16000,10000,0,0,6000,0,0.625,0.0,0.625,f147ada512cad9cb612407ed085c61084e85ff7e1baae9b1100e2ded698cbd1b,100,8,1000,707,assigned_level_sensitivity,dynamic,periodic,0.0,False,True,,True,1.0,25.0,0.0,0.0,0.0,0,8000,8000,0.18876517938365373,4327,0.4153415117772733,0.22675961282226723,0.7732403871777328,0.56975,0.22657633239361957,0.25,0.5664335664335665,0.3421578421578422,0.209,0.466,16016,8000
HBTASP-Top2,2,32000,10000,12000,0,0,10000,0,0,16000,16000,10000,0,0,6000,0,0.625,0.0,0.625,5ef5ea3eb12f4d083dfb2dc9bf6d74b45aac5da747ed448e4569cf19b0598e08,100,8,1000,808,assigned_level_sensitivity,dynamic,periodic,0.0,False,True,,True,1.0,25.0,0.0,0.0,0.0,0,8000,8000,0.19046343597194315,4301,0.41811275194928965,0.2349961220489429,0.7650038779510571,0.5735,0.2276493159773465,0.25,0.5664335664335665,0.34915084915084915,0.226,0.465,16016,8000
HBTASP-Top2,2,32000,10000,12000,0,0,10000,0,0,16000,16000,10000,0,0,6000,0,0.625,0.0,0.625,a07cb4f40900380d61f59966c1827446754b5ce3b2780ab990c7aa1c3303c83d,100,8,1000,909,assigned_level_sensitivity,dynamic,periodic,0.0,False,True,,True,1.0,25.0,0.0,0.0,0.0,0,8000,8000,0.18830560313196915,4304,0.41321917862367985,0.2231006220629966,0.7768993779370034,0.5765,0.2249135754917107,0.25,0.5664335664335665,0.34565434565434566,0.227,0.461,16016,8000
HBTASP-Top2,2,32000,10000,12000,0,0,10000,0,0,16000,16000,10000,0,0,6000,0,0.625,0.0,0.625,7d6c380b7f6ab00381af1098d4a62e0b1d71cddcb421a0b47fbecba282a25449,100,8,1000,1010,assigned_level_sensitivity,dynamic,periodic,0.0,False,True,,True,1.0,25.0,0.0,0.0,0.0,0,8000,8000,0.1928126635938078,4374,0.4171917153385919,0.23244535280967743,0.7675546471903225,0.558625,0.2243790517447841,0.25,0.5664335664335665,0.3531468531468531,0.233,0.474,16016,8000
HBTASP-Top2,2,40000,14000,16000,0,0,10000,0,0,20000,20000,14000,0,0,6000,0,0.7,0.0,0.7,c07252300c01ca188727c3f7858e229cb51e88c53d6f2118d5a3838839cf40c4,100,10,1000,101,assigned_level_sensitivity,dynamic,periodic,0.0,False,True,,True,1.0,25.0,0.0,0.0,0.0,0,10000,10000,0.14990345380612025,4400,0.4113908015060992,0.1658154462093837,0.8341845537906163,0.6549,0.26148734769997894,0.2,0.5664335664335665,0.27172827172827174,0.148,0.378,20020,10000
HBTASP-Top2,2,40000,14000,16000,0,0,10000,0,0,20000,20000,14000,0,0,6000,0,0.7,0.0,0.7,b8a4ce671f8748fa8e55ca609191cde023e374c7e8e02c4ea12f326cda820413,100,10,1000,202,assigned_level_sensitivity,dynamic,periodic,0.0,False,True,,True,1.0,25.0,0.0,0.0,0.0,0,10000,10000,0.16100854302908116,4625,0.4219028317169703,0.1985477888281215,0.8014522111718785,0.636,0.2608942886878891,0.2,0.5664335664335665,0.2817182817182817,0.184,0.394,20020,10000
HBTASP-Top2,2,40000,14000,16000,0,0,10000,0,0,20000,20000,14000,0,0,6000,0,0.7,0.0,0.7,8c365c149973027d07be3fbc231c282b04b629e4699ee22971465443e4443813,100,10,1000,303,assigned_level_sensitivity,dynamic,periodic,0.0,False,True,,True,1.0,25.0,0.0,0.0,0.0,0,10000,10000,0.14378512078455938,4559,0.38111987341685033,0.16706287337565595,0.832937126624344,0.66,0.23733475263229095,0.2,0.5664335664335665,0.26173826173826176,0.168,0.382,20020,10000
HBTASP-Top2,2,40000,14000,16000,0,0,10000,0,0,20000,20000,14000,0,0,6000,0,0.7,0.0,0.7,5c7db770530f91b28fdd0d1fac86785fb8aa2a728b1141e836a6e2f004b9e32a,100,10,1000,404,assigned_level_sensitivity,dynamic,periodic,0.0,False,True,,True,1.0,25.0,0.0,0.0,0.0,0,10000,10000,0.16733620408910196,4732,0.4340171249418775,0.2025978006521733,0.7974021993478266,0.614,0.2666809208527755,0.2,0.5664335664335665,0.2917082917082917,0.176,0.412,20020,10000
HBTASP-Top2,2,40000,14000,16000,0,0,10000,0,0,20000,20000,14000,0,0,6000,0,0.7,0.0,0.7,8351ec665de92ca1edd7bc5c015bb86a7beca4bf1c8988875f0a8a806877e663,100,10,1000,505,assigned_level_sensitivity,dynamic,periodic,0.0,False,True,,True,1.0,25.0,0.0,0.0,0.0,0,10000,10000,0.14881016482297407,4550,0.4004057637940229,0.1865628120092802,0.8134371879907198,0.6531,0.2515955989710488,0.2,0.5664335664335665,0.27372627372627373,0.156,0.386,20020,10000
HBTASP-Top2,2,40000,14000,16000,0,0,10000,0,0,20000,20000,14000,0,0,6000,0,0.7,0.0,0.7,cd9a2c3e1bccc4cc6100d2fcea3f29370387cde97261fb9d889876941439c779,100,10,1000,606,assigned_level_sensitivity,dynamic,periodic,0.0,False,True,,True,1.0,25.0,0.0,0.0,0.0,0,10000,10000,0.1480828161126284,4561,0.3905935111181361,0.17679911253258002,0.8232008874674199,0.6548,0.2425106950055077,0.2,0.5664335664335665,0.27172827172827174,0.164,0.386,20020,10000
HBTASP-Top2,2,40000,14000,16000,0,0,10000,0,0,20000,20000,14000,0,0,6000,0,0.7,0.0,0.7,0c281cc1fd4dab4726a61cb5c97117d8ca0670587342b5a9e024430dc97a30a0,100,10,1000,707,assigned_level_sensitivity,dynamic,periodic,0.0,False,True,,True,1.0,25.0,0.0,0.0,0.0,0,10000,10000,0.1524240519665401,4686,0.4030657218398631,0.18049727123633094,0.819502728763669,0.6419,0.25064166987332304,0.2,0.5664335664335665,0.27172827172827174,0.16,0.394,20020,10000
HBTASP-Top2,2,40000,14000,16000,0,0,10000,0,0,20000,20000,14000,0,0,6000,0,0.7,0.0,0.7,25f9596da0c27ce39b5f40e4dc8c13affda707f35837587cad0ff61e9988b9fd,100,10,1000,808,assigned_level_sensitivity,dynamic,periodic,0.0,False,True,,True,1.0,25.0,0.0,0.0,0.0,0,10000,10000,0.16129462722301294,4771,0.41666809406129063,0.19101354338190632,0.8089864566180937,0.631,0.25537346683827766,0.2,0.5664335664335665,0.28471528471528473,0.178,0.414,20020,10000
HBTASP-Top2,2,40000,14000,16000,0,0,10000,0,0,20000,20000,14000,0,0,6000,0,0.7,0.0,0.7,e05d87bbd875d9e271775af70ba4f958527518f2b4bf6f0631653431c951304b,100,10,1000,909,assigned_level_sensitivity,dynamic,periodic,0.0,False,True,,True,1.0,25.0,0.0,0.0,0.0,0,10000,10000,0.16029021018108414,4491,0.4291332187861852,0.18934070999206976,0.8106592900079302,0.644,0.2688430086051011,0.2,0.5664335664335665,0.27672327672327673,0.174,0.384,20020,10000
HBTASP-Top2,2,40000,14000,16000,0,0,10000,0,0,20000,20000,14000,0,0,6000,0,0.7,0.0,0.7,af62b8f193e1e389271d9e1a0569b483a91d86570a01640790959d37d612fb24,100,10,1000,1010,assigned_level_sensitivity,dynamic,periodic,0.0,False,True,,True,1.0,25.0,0.0,0.0,0.0,0,10000,10000,0.15751620697981766,4671,0.41167127269378095,0.18836594488433983,0.8116340551156602,0.6409,0.2541550657139633,0.2,0.5664335664335665,0.2727272727272727,0.152,0.386,20020,10000
HBTASP-Top2,2,16000,0,960,0,0,15040,0,0,8000,8000,0,0,0,8000,0,0.0,0.0,0.0,fea9df0e5bc7a230a70489d5bcf4a18f6c32d697339197b5d5168f82479f2f6b,150,4,1000,101,assigned_level_sensitivity,dynamic,periodic,0.0,False,True,,True,1.0,25.0,0.0,0.0,0.0,0,4000,4000,0.4655800647157422,3976,0.4751725152945456,0.6188722026473512,0.3811277973526488,0.088,0.009592450578803424,0.88,0.5664335664335665,0.951048951048951,0.906,0.974,8008,4000
HBTASP-Top2,2,16000,0,1032,0,0,14968,0,0,8000,8000,0,0,0,8000,0,0.0,0.0,0.0,3794649805058c12f86803d5d993c2430ce404ebfd6dca6a92588d3bb8a51f49,150,4,1000,202,assigned_level_sensitivity,dynamic,periodic,0.0,False,True,,True,1.0,25.0,0.0,0.0,0.0,0,4000,4000,0.4662608763501352,3992,0.4740136635963956,0.6207961353772746,0.3792038646227254,0.084,0.007752787246260384,0.871,0.5664335664335665,0.9500499500499501,0.904,0.982,8008,4000
HBTASP-Top2,2,16000,0,952,0,0,15048,0,0,8000,8000,0,0,0,8000,0,0.0,0.0,0.0,42906da4c1dcf5bf8a95bff49113cff3b0b634df69b2f357933778f67226c392,150,4,1000,303,assigned_level_sensitivity,dynamic,periodic,0.0,False,True,,True,1.0,25.0,0.0,0.0,0.0,0,4000,4000,0.4643398278926265,4000,0.47449951806982593,0.6060448785617535,0.3939551214382465,0.08775,0.01015969017719942,0.881,0.5664335664335665,0.9410589410589411,0.888,0.976,8008,4000
HBTASP-Top2,2,16000,0,968,0,0,15032,0,0,8000,8000,0,0,0,8000,0,0.0,0.0,0.0,d7ae345c469a2e050dbb532834796be4c4a960c2c24432d2961d1c0900e1d45c,150,4,1000,404,assigned_level_sensitivity,dynamic,periodic,0.0,False,True,,True,1.0,25.0,0.0,0.0,0.0,0,4000,4000,0.46832379769400906,4000,0.4774461069343438,0.6079128850513404,0.39208711494865955,0.08,0.009122309240334747,0.879,0.5664335664335665,0.9470529470529471,0.898,0.98,8008,4000
HBTASP-Top2,2,16000,0,936,0,0,15064,0,0,8000,8000,0,0,0,8000,0,0.0,0.0,0.0,0ab816e98e354553457e6bfbca9e5a2266cfb6907fa1e358c9a6d8398aa20cb1,150,4,1000,505,assigned_level_sensitivity,dynamic,periodic,0.0,False,True,,True,1.0,25.0,0.0,0.0,0.0,0,4000,4000,0.4668724987392714,3984,0.4761848363114031,0.6197305488577323,0.38026945114226773,0.082,0.009312337572131735,0.883,0.5664335664335665,0.9470529470529471,0.894,0.976,8008,4000
HBTASP-Top2,2,16000,0,1048,0,0,14952,0,0,8000,8000,0,0,0,8000,0,0.0,0.0,0.0,9638b6b19feea1ec6c1c9cbcf7762c6f8d186a90e035066913842e2aea735625,150,4,1000,606,assigned_level_sensitivity,dynamic,periodic,0.0,False,True,,True,1.0,25.0,0.0,0.0,0.0,0,4000,4000,0.46584376569232144,3968,0.4778659399535136,0.6038387078986067,0.3961612921013933,0.086,0.012022174261192176,0.869,0.5664335664335665,0.9430569430569431,0.886,0.968,8008,4000
HBTASP-Top2,2,16000,0,944,0,0,15056,0,0,8000,8000,0,0,0,8000,0,0.0,0.0,0.0,0ce72acbac10c707dfbb9c08fc17238ffd983c3345f7a4742cf4a7afd9a2a1df,150,4,1000,707,assigned_level_sensitivity,dynamic,periodic,0.0,False,True,,True,1.0,25.0,0.0,0.0,0.0,0,4000,4000,0.4698840582625305,3968,0.4830425267827381,0.6112208582868635,0.38877914171313654,0.08225,0.013158468520207633,0.882,0.5664335664335665,0.9440559440559441,0.89,0.976,8008,4000
HBTASP-Top2,2,16000,0,1112,0,0,14888,0,0,8000,8000,0,0,0,8000,0,0.0,0.0,0.0,39908193cd623573ce9deca5c36c9213f4419a1e74d3fb0d368ae9554fc9e3b6,150,4,1000,808,assigned_level_sensitivity,dynamic,periodic,0.0,False,True,,True,1.0,25.0,0.0,0.0,0.0,0,4000,4000,0.46534871711339026,3992,0.4770279920955019,0.6060893475472532,0.3939106524527468,0.08,0.011679274982111632,0.861,0.5664335664335665,0.9410589410589411,0.888,0.98,8008,4000
HBTASP-Top2,2,16000,0,944,0,0,15056,0,0,8000,8000,0,0,0,8000,0,0.0,0.0,0.0,344c87fc908c45d6e9b3318bc571fa65b15383930d86a828a015a68096885222,150,4,1000,909,assigned_level_sensitivity,dynamic,periodic,0.0,False,True,,True,1.0,25.0,0.0,0.0,0.0,0,4000,4000,0.4666568760213094,3976,0.4810671130672545,0.6098063200525616,0.39019367994743837,0.076,0.014410237045945129,0.882,0.5664335664335665,0.939060939060939,0.884,0.982,8008,4000
HBTASP-Top2,2,16000,0,960,0,0,15040,0,0,8000,8000,0,0,0,8000,0,0.0,0.0,0.0,35c2c5d3a69c9f78d92cdf9dcc49f859669af30f34eda5d011a7c8f21482c2ad,150,4,1000,1010,assigned_level_sensitivity,dynamic,periodic,0.0,False,True,,True,1.0,25.0,0.0,0.0,0.0,0,4000,4000,0.46700566003617416,3984,0.47839600519448205,0.6136927404113286,0.3863072595886714,0.08825,0.01139034515830789,0.88,0.5664335664335665,0.939060939060939,0.882,0.974,8008,4000
HBTASP-Top2,2,24000,2000,9000,0,0,13000,0,0,12000,12000,2000,0,0,10000,0,0.16666666666666666,0.0,0.16666666666666666,0c2faca7ad35d99e13a29b50285a372676f3ed5818994583998d225e02e0ac9c,150,6,1000,101,assigned_level_sensitivity,dynamic,periodic,0.0,False,True,,True,1.0,25.0,0.0,0.0,0.0,0,6000,6000,0.3301567022999005,4936,0.4481135342623646,0.4014371999700078,0.5985628000299922,0.306,0.11795683196246409,0.25,0.5664335664335665,0.6097236097236097,0.41933333333333334,0.7526666666666667,12012,6000
HBTASP-Top2,2,24000,2000,9000,0,0,13000,0,0,12000,12000,2000,0,0,10000,0,0.16666666666666666,0.0,0.16666666666666666,61c55bdb1ca8a7724a3391aee6a561fce39dd0591f63db22b2ba0904ecf76b14,150,6,1000,202,assigned_level_sensitivity,dynamic,periodic,0.0,False,True,,True,1.0,25.0,0.0,0.0,0.0,0,6000,6000,0.33009080614970615,5019,0.44903827445572575,0.38484025358394336,0.6151597464160566,0.29883333333333334,0.1189474683060196,0.25,0.5664335664335665,0.6017316017316018,0.416,0.7566666666666667,12012,6000
HBTASP-Top2,2,24000,2000,9000,0,0,13000,0,0,12000,12000,2000,0,0,10000,0,0.16666666666666666,0.0,0.16666666666666666,b5792038f6f30e6568dda9daaf445d2b8d671a1b7f6db4503c7c7647c365981c,150,6,1000,303,assigned_level_sensitivity,dynamic,periodic,0.0,False,True,,True,1.0,25.0,0.0,0.0,0.0,0,6000,6000,0.33272602290880016,5023,0.4473240948645841,0.38624619200825977,0.6137538079917402,0.30333333333333334,0.11459807195578392,0.25,0.5664335664335665,0.6033966033966034,0.4246666666666667,0.758,12012,6000
HBTASP-Top2,2,24000,2000,9000,0,0,13000,0,0,12000,12000,2000,0,0,10000,0,0.16666666666666666,0.0,0.16666666666666666,c08d1fdd63019e4a916c5a90da20e3dbd6b343f20dda70d16d5dd46574445256,150,6,1000,404,assigned_level_sensitivity,dynamic,periodic,0.0,False,True,,True,1.0,25.0,0.0,0.0,0.0,0,6000,6000,0.3329597119740634,5024,0.4466429498306705,0.3962291976297605,0.6037708023702395,0.304,0.11368323785660711,0.25,0.5664335664335665,0.6043956043956044,0.4246666666666667,0.7573333333333333,12012,6000
HBTASP-Top2,2,24000,2000,9000,0,0,13000,0,0,12000,12000,2000,0,0,10000,0,0.16666666666666666,0.0,0.16666666666666666,8b4d62dfd13b9fa0de47abc3650fd3f201322e1cd3d82ffe50bfbabfcf5ad76a,150,6,1000,505,assigned_level_sensitivity,dynamic,periodic,0.0,False,True,,True,1.0,25.0,0.0,0.0,0.0,0,6000,6000,0.33473342372060827,4984,0.4525853291710796,0.3922726256261204,0.6077273743738796,0.3006666666666667,0.1178519054504713,0.25,0.5664335664335665,0.6060606060606061,0.43266666666666664,0.7573333333333333,12012,6000
HBTASP-Top2,2,24000,2000,9000,0,0,13000,0,0,12000,12000,2000,0,0,10000,0,0.16666666666666666,0.0,0.16666666666666666,542b329d475119301f6535b80399f1cd053d87c9bf1f077bc92a0fabb9cf7b86,150,6,1000,606,assigned_level_sensitivity,dynamic,periodic,0.0,False,True,,True,1.0,25.0,0.0,0.0,0.0,0,6000,6000,0.33122662543722636,4954,0.44998420398790706,0.39793612253470856,0.6020638774652914,0.3105,0.1187575785506807,0.25,0.5664335664335665,0.6027306027306027,0.4226666666666667,0.7473333333333333,12012,6000
HBTASP-Top2,2,24000,2000,9000,0,0,13000,0,0,12000,12000,2000,0,0,10000,0,0.16666666666666666,0.0,0.16666666666666666,335b57702ff03df1892d54aca42e70e5bbf6b67e835a1c0f131afc6dc1d16523,150,6,1000,707,assigned_level_sensitivity,dynamic,periodic,0.0,False,True,,True,1.0,25.0,0.0,0.0,0.0,0,6000,6000,0.3321239473386576,4984,0.45182104940644513,0.38830419110503245,0.6116958088949676,0.31116666666666665,0.11969710206778755,0.25,0.5664335664335665,0.5954045954045954,0.4073333333333333,0.752,12012,6000
HBTASP-Top2,2,24000,2000,9000,0,0,13000,0,0,12000,12000,2000,0,0,10000,0,0.16666666666666666,0.0,0.16666666666666666,37f60f3fa63893a99a34df8112621b83aefca46ba4b7c0d8fc2c75d7c17fc8ef,150,6,1000,808,assigned_level_sensitivity,dynamic,periodic,0.0,False,True,,True,1.0,25.0,0.0,0.0,0.0,0,6000,6000,0.333354953168552,4976,0.454305741837417,0.39960806434680063,0.6003919356531994,0.30666666666666664,0.120950788668865,0.25,0.5664335664335665,0.6037296037296037,0.4206666666666667,0.7566666666666667,12012,6000
HBTASP-Top2,2,24000,2000,9000,0,0,13000,0,0,12000,12000,2000,0,0,10000,0,0.16666666666666666,0.0,0.16666666666666666,01f8b112ffac46d0cc299110f236b5bf9ac4a7e17d773f429bd5c65205d795a9,150,6,1000,909,assigned_level_sensitivity,dynamic,periodic,0.0,False,True,,True,1.0,25.0,0.0,0.0,0.0,0,6000,6000,0.3349930477286495,5015,0.4514520009935724,0.3945734319778247,0.6054265680221753,0.30316666666666664,0.1164589532649229,0.25,0.5664335664335665,0.6043956043956044,0.41733333333333333,0.756,12012,6000
HBTASP-Top2,2,24000,2000,9000,0,0,13000,0,0,12000,12000,2000,0,0,10000,0,0.16666666666666666,0.0,0.16666666666666666,19855de0fa6b2876451d1fc5b626dc98bb1683b76263648a208a13aa4a622d7c,150,6,1000,1010,assigned_level_sensitivity,dynamic,periodic,0.0,False,True,,True,1.0,25.0,0.0,0.0,0.0,0,6000,6000,0.33343386097987404,4977,0.45313284970129736,0.3950497391853474,0.6049502608146526,0.3006666666666667,0.11969898872142332,0.25,0.5664335664335665,0.6077256077256077,0.4146666666666667,0.7533333333333333,12012,6000
HBTASP-Top2,2,32000,6000,13000,0,0,13000,0,0,16000,16000,6000,0,0,10000,0,0.375,0.0,0.375,965272b455848e20e63b703ecb8c15935fed6b12f6c3f03cb79dfaac993aeaae,150,8,1000,101,assigned_level_sensitivity,dynamic,periodic,0.0,False,True,,True,1.0,25.0,0.0,0.0,0.0,0,8000,8000,0.25362398197979263,5240,0.4400006814644099,0.2911495189477855,0.7088504810522145,0.461,0.18637669948461727,0.1875,0.5664335664335665,0.45504495504495507,0.306,0.588,16016,8000
HBTASP-Top2,2,32000,6000,13000,0,0,13000,0,0,16000,16000,6000,0,0,10000,0,0.375,0.0,0.375,f7a5c1f570667aec9dd70624c14eb3c685ba3cf3544e713e7df954755590bb28,150,8,1000,202,assigned_level_sensitivity,dynamic,periodic,0.0,False,True,,True,1.0,25.0,0.0,0.0,0.0,0,8000,8000,0.2580365298539617,5320,0.44366576824026943,0.29850344863370587,0.7014965513662941,0.453,0.18562923838630774,0.1875,0.5664335664335665,0.4500499500499501,0.306,0.593,16016,8000
HBTASP-Top2,2,32000,6000,13000,0,0,13000,0,0,16000,16000,6000,0,0,10000,0,0.375,0.0,0.375,8c3c4a4ccc70056072fb2731b3cd49e4e486e94124c92436374b5d8fc08399b8,150,8,1000,303,assigned_level_sensitivity,dynamic,periodic,0.0,False,True,,True,1.0,25.0,0.0,0.0,0.0,0,8000,8000,0.2554986051935695,5215,0.44609849517516414,0.29586507054742844,0.7041349294525716,0.461,0.19059988998159466,0.1875,0.5664335664335665,0.45504495504495507,0.308,0.588,16016,8000
HBTASP-Top2,2,32000,6000,13000,0,0,13000,0,0,16000,16000,6000,0,0,10000,0,0.375,0.0,0.375,930f1a918328903d944f9e6445cf7d58ddb4fcd1d193b6499b8ccacf49694325,150,8,1000,404,assigned_level_sensitivity,dynamic,periodic,0.0,False,True,,True,1.0,25.0,0.0,0.0,0.0,0,8000,8000,0.2572572754597251,5298,0.4430013960745004,0.2971074099507165,0.7028925900492835,0.458875,0.1857441206147753,0.1875,0.5664335664335665,0.45854145854145856,0.318,0.589,16016,8000
HBTASP-Top2,2,32000,6000,13000,0,0,13000,0,0,16000,16000,6000,0,0,10000,0,0.375,0.0,0.375,d901e2f62762ae9c9bccc9f09eb8c563863ecb93de149a4e7544b70e8a0019cf,150,8,1000,505,assigned_level_sensitivity,dynamic,periodic,0.0,False,True,,True,1.0,25.0,0.0,0.0,0.0,0,8000,8000,0.25480264035092365,5271,0.4390115357674772,0.29164358215276215,0.7083564178472379,0.454,0.18420889541655355,0.1875,0.5664335664335665,0.45604395604395603,0.312,0.592,16016,8000
HBTASP-Top2,2,32000,6000,13000,0,0,13000,0,0,16000,16000,6000,0,0,10000,0,0.375,0.0,0.375,96e25015be258723d1b75872e55dac82e40593e76b0854ead831188e5e10fe3f,150,8,1000,606,assigned_level_sensitivity,dynamic,periodic,0.0,False,True,,True,1.0,25.0,0.0,0.0,0.0,0,8000,8000,0.2510380410757817,5168,0.4428399701538201,0.29764609669049363,0.7023539033095063,0.467,0.1918019290780384,0.1875,0.5664335664335665,0.45204795204795206,0.307,0.577,16016,8000
HBTASP-Top2,2,32000,6000,13000,0,0,13000,0,0,16000,16000,6000,0,0,10000,0,0.375,0.0,0.375,d712ae48b7ad8654925b0641c3aa73db11f74a0cf5af0e8abba4c933e83308d4,150,8,1000,707,assigned_level_sensitivity,dynamic,periodic,0.0,False,True,,True,1.0,25.0,0.0,0.0,0.0,0,8000,8000,0.25109983148348913,5223,0.43752991701247834,0.29055203650231937,0.7094479634976807,0.464,0.1864300855289892,0.1875,0.5664335664335665,0.453046953046953,0.303,0.589,16016,8000
HBTASP-Top2,2,32000,6000,13000,0,0,13000,0,0,16000,16000,6000,0,0,10000,0,0.375,0.0,0.375,cf450cb84f52adf855d7899ac3bace72add3b22914fae09b2635ce317b964eee,150,8,1000,808,assigned_level_sensitivity,dynamic,periodic,0.0,False,True,,True,1.0,25.0,0.0,0.0,0.0,0,8000,8000,0.2536782954077275,5248,0.440110514831689,0.30460916604290567,0.6953908339570943,0.460125,0.1864322194239615,0.1875,0.5664335664335665,0.458041958041958,0.308,0.59,16016,8000
HBTASP-Top2,2,32000,6000,13000,0,0,13000,0,0,16000,16000,6000,0,0,10000,0,0.375,0.0,0.375,1ebf31d87d95777fe3dabe2acbabe9a4dcc248fe2bd6a3be09ab9d388dba4c31,150,8,1000,909,assigned_level_sensitivity,dynamic,periodic,0.0,False,True,,True,1.0,25.0,0.0,0.0,0.0,0,8000,8000,0.25343368254785004,5264,0.4391190820819848,0.29727721326756706,0.7027227867324329,0.464,0.18568539953413477,0.1875,0.5664335664335665,0.45254745254745254,0.304,0.58,16016,8000
HBTASP-Top2,2,32000,6000,13000,0,0,13000,0,0,16000,16000,6000,0,0,10000,0,0.375,0.0,0.375,37e145d83c3aa5bbd62d4b2acfd6bb5048543178f4e1dd0a4dae0ed32ad0bd17,150,8,1000,1010,assigned_level_sensitivity,dynamic,periodic,0.0,False,True,,True,1.0,25.0,0.0,0.0,0.0,0,8000,8000,0.25600914417148185,5208,0.4419546308080082,0.30621304777732966,0.6937869522226703,0.463,0.18594548663652632,0.1875,0.5664335664335665,0.45854145854145856,0.31,0.579,16016,8000
HBTASP-Top2,2,40000,10000,17000,0,0,13000,0,0,20000,20000,10000,0,0,10000,0,0.5,0.0,0.5,236864af7386650882b275fb69b54e4c60413f8a260fe04e5136976705c4516d,150,10,1000,101,assigned_level_sensitivity,dynamic,periodic,0.0,False,True,,True,1.0,25.0,0.0,0.0,0.0,0,10000,10000,0.20691814419244753,5540,0.4320629498024928,0.21961952682196934,0.7803804731780306,0.552,0.2251448056100453,0.15,0.5664335664335665,0.36563436563436563,0.226,0.498,20020,10000
HBTASP-Top2,2,40000,10000,17000,0,0,13000,0,0,20000,20000,10000,0,0,10000,0,0.5,0.0,0.5,ee752409000a42942faa1abe0f8fae807d53e9680b8b33ff90ebcba6515784b2,150,10,1000,202,assigned_level_sensitivity,dynamic,periodic,0.0,False,True,,True,1.0,25.0,0.0,0.0,0.0,0,10000,10000,0.22080786903998723,5680,0.448274315888357,0.25718372763187364,0.7428162723681264,0.538,0.22746644684836975,0.15,0.5664335664335665,0.36663336663336665,0.26,0.496,20020,10000
HBTASP-Top2,2,40000,10000,17000,0,0,13000,0,0,20000,20000,10000,0,0,10000,0,0.5,0.0,0.5,c37f35e1e19639517ca7e0d01754262de0b0332b6dd9db5f9e44b1b8cba2e04d,150,10,1000,303,assigned_level_sensitivity,dynamic,periodic,0.0,False,True,,True,1.0,25.0,0.0,0.0,0.0,0,10000,10000,0.2053153745385653,5542,0.43305719353079314,0.23279213465225296,0.767207865347747,0.5557,0.22774181899222784,0.15,0.5664335664335665,0.35564435564435565,0.236,0.488,20020,10000
HBTASP-Top2,2,40000,10000,17000,0,0,13000,0,0,20000,20000,10000,0,0,10000,0,0.5,0.0,0.5,d6baf3c5ee087bcd815e82eb892f1b07c040e4d89b49454b0e93aed9d5340ce6,150,10,1000,404,assigned_level_sensitivity,dynamic,periodic,0.0,False,True,,True,1.0,25.0,0.0,0.0,0.0,0,10000,10000,0.21928637836386197,5659,0.4604517828145793,0.27092699330063813,0.7290730066993618,0.53,0.24116540445071735,0.15,0.5664335664335665,0.37662337662337664,0.232,0.51,20020,10000
HBTASP-Top2,2,40000,10000,17000,0,0,13000,0,0,20000,20000,10000,0,0,10000,0,0.5,0.0,0.5,0b0e4e3629bbbfb78f591445e512b308a313d2912b8305cf674942065745b4a9,150,10,1000,505,assigned_level_sensitivity,dynamic,periodic,0.0,False,True,,True,1.0,25.0,0.0,0.0,0.0,0,10000,10000,0.20331289632054605,5480,0.4313728886701266,0.2546857658280533,0.7453142341719468,0.562,0.22805999234958052,0.15,0.5664335664335665,0.3676323676323676,0.218,0.486,20020,10000
HBTASP-Top2,2,40000,10000,17000,0,0,13000,0,0,20000,20000,10000,0,0,10000,0,0.5,0.0,0.5,fa5b5acb83e37651aff233a69d3f678121485071279a7b96db5a1157ab3d566c,150,10,1000,606,assigned_level_sensitivity,dynamic,periodic,0.0,False,True,,True,1.0,25.0,0.0,0.0,0.0,0,10000,10000,0.1975176210954097,5540,0.41312174871283847,0.22226354801838535,0.7777364519816147,0.5581,0.21560412761742875,0.15,0.5664335664335665,0.35764235764235763,0.244,0.494,20020,10000
HBTASP-Top2,2,40000,10000,17000,0,0,13000,0,0,20000,20000,10000,0,0,10000,0,0.5,0.0,0.5,6742d8b98f144079241d5b089919dfd612b1279259def45b57e51dc6078608b4,150,10,1000,707,assigned_level_sensitivity,dynamic,periodic,0.0,False,True,,True,1.0,25.0,0.0,0.0,0.0,0,10000,10000,0.20248808556319522,5660,0.4252378781103181,0.22301357371478245,0.7769864262852175,0.538,0.22274979254712288,0.15,0.5664335664335665,0.35764235764235763,0.234,0.502,20020,10000
HBTASP-Top2,2,40000,10000,17000,0,0,13000,0,0,20000,20000,10000,0,0,10000,0,0.5,0.0,0.5,7b0db7e81bd1d978d7f7c82f9792783539879a95f6bbda506e63bf9d8718084b,150,10,1000,808,assigned_level_sensitivity,dynamic,periodic,0.0,False,True,,True,1.0,25.0,0.0,0.0,0.0,0,10000,10000,0.20818128185280385,5518,0.4446510222158774,0.24513700939766903,0.754862990602331,0.55,0.23646974036307353,0.15,0.5664335664335665,0.36563436563436563,0.25,0.494,20020,10000
HBTASP-Top2,2,40000,10000,17000,0,0,13000,0,0,20000,20000,10000,0,0,10000,0,0.5,0.0,0.5,8fe4f665520c9c6c39c292d9b598e8ee5d87d76fdca236b777387619090a686e,150,10,1000,909,assigned_level_sensitivity,dynamic,periodic,0.0,False,True,,True,1.0,25.0,0.0,0.0,0.0,0,10000,10000,0.2122945358885036,5541,0.4503286740985967,0.24236269283734466,0.7576373071626553,0.542,0.23803413821009312,0.15,0.5664335664335665,0.36363636363636365,0.242,0.498,20020,10000
HBTASP-Top2,2,40000,10000,17000,0,0,13000,0,0,20000,20000,10000,0,0,10000,0,0.5,0.0,0.5,6ed12663002a6a6276763abf0a1f2c3b874a3be43ea6d745a8db75a4a78bc998,150,10,1000,1010,assigned_level_sensitivity,dynamic,periodic,0.0,False,True,,True,1.0,25.0,0.0,0.0,0.0,0,10000,10000,0.20728662825852975,5718,0.4222684068237261,0.23992428403078753,0.7600757159692124,0.546,0.21498177856519632,0.15,0.5664335664335665,0.36363636363636365,0.24,0.494,20020,10000
HBTASP-Top2,2,16000,0,160,0,0,15840,0,0,8000,8000,0,0,0,8000,0,0.0,0.0,0.0,fea9df0e5bc7a230a70489d5bcf4a18f6c32d697339197b5d5168f82479f2f6b,200,4,1000,101,assigned_level_sensitivity,dynamic,periodic,0.0,False,True,,True,1.0,25.0,0.0,0.0,0.0,0,4000,4000,0.4950746688960015,4000,0.49669086083872976,0.635160668628907,0.36483933137109303,0.0645,0.0016161919427282734,0.98,0.5664335664335665,0.991008991008991,0.982,0.998,8008,4000
HBTASP-Top2,2,16000,0,187,0,0,15813,0,0,8000,8000,0,0,0,8000,0,0.0,0.0,0.0,3794649805058c12f86803d5d993c2430ce404ebfd6dca6a92588d3bb8a51f49,200,4,1000,202,assigned_level_sensitivity,dynamic,periodic,0.0,False,True,,True,1.0,25.0,0.0,0.0,0.0,0,4000,4000,0.49421592110729856,4000,0.49547540724040884,0.6370063788060238,0.36299362119397616,0.06075,0.001259486133110277,0.976625,0.5664335664335665,0.99000999000999,0.98,0.998,8008,4000
HBTASP-Top2,2,16000,0,112,0,0,15888,0,0,8000,8000,0,0,0,8000,0,0.0,0.0,0.0,42906da4c1dcf5bf8a95bff49113cff3b0b634df69b2f357933778f67226c392,200,4,1000,303,assigned_level_sensitivity,dynamic,periodic,0.0,False,True,,True,1.0,25.0,0.0,0.0,0.0,0,4000,4000,0.4940079364036255,4000,0.49476377375030484,0.634185586179946,0.365814413820054,0.062,0.0007558373466793333,0.986,0.5664335664335665,0.995004995004995,0.99,1.0,8008,4000
HBTASP-Top2,2,16000,0,128,0,0,15872,0,0,8000,8000,0,0,0,8000,0,0.0,0.0,0.0,d7ae345c469a2e050dbb532834796be4c4a960c2c24432d2961d1c0900e1d45c,200,4,1000,404,assigned_level_sensitivity,dynamic,periodic,0.0,False,True,,True,1.0,25.0,0.0,0.0,0.0,0,4000,4000,0.4917356443073338,4000,0.49311947121014443,0.6350155674419766,0.3649844325580234,0.062,0.0013838269028106365,0.984,0.5664335664335665,0.989010989010989,0.978,0.996,8008,4000
HBTASP-Top2,2,16000,0,160,0,0,15840,0,0,8000,8000,0,0,0,8000,0,0.0,0.0,0.0,0ab816e98e354553457e6bfbca9e5a2266cfb6907fa1e358c9a6d8398aa20cb1,200,4,1000,505,assigned_level_sensitivity,dynamic,periodic,0.0,False,True,,True,1.0,25.0,0.0,0.0,0.0,0,4000,4000,0.49313981111743005,4000,0.4951113889555253,0.6308148659282754,0.3691851340717246,0.066,0.001971577838095262,0.98,0.5664335664335665,0.989010989010989,0.98,0.996,8008,4000
HBTASP-Top2,2,16000,0,140,0,0,15860,0,0,8000,8000,0,0,0,8000,0,0.0,0.0,0.0,9638b6b19feea1ec6c1c9cbcf7762c6f8d186a90e035066913842e2aea735625,200,4,1000,606,assigned_level_sensitivity,dynamic,periodic,0.0,False,True,,True,1.0,25.0,0.0,0.0,0.0,0,4000,4000,0.4915199429745687,4000,0.4921130764866306,0.6349998240198628,0.36500017598013723,0.068,0.0005931335120619163,0.9825,0.5664335664335665,0.9925074925074925,0.985,0.992,8008,4000
HBTASP-Top2,2,16000,0,106,0,0,15894,0,0,8000,8000,0,0,0,8000,0,0.0,0.0,0.0,0ce72acbac10c707dfbb9c08fc17238ffd983c3345f7a4742cf4a7afd9a2a1df,200,4,1000,707,assigned_level_sensitivity,dynamic,periodic,0.0,False,True,,True,1.0,25.0,0.0,0.0,0.0,0,4000,4000,0.4920242731061756,4000,0.4935847771134208,0.6364095300126912,0.3635904699873088,0.06,0.0015605040072452225,0.98675,0.5664335664335665,0.9926323676323676,0.98525,0.998,8008,4000
HBTASP-Top2,2,16000,0,144,0,0,15856,0,0,8000,8000,0,0,0,8000,0,0.0,0.0,0.0,39908193cd623573ce9deca5c36c9213f4419a1e74d3fb0d368ae9554fc9e3b6,200,4,1000,808,assigned_level_sensitivity,dynamic,periodic,0.0,False,True,,True,1.0,25.0,0.0,0.0,0.0,0,4000,4000,0.4909205866889666,4000,0.4918755465466126,0.6303850643225948,0.3696149356774052,0.062,0.0009549598576459872,0.982,0.5664335664335665,0.9920079920079921,0.984,0.996,8008,4000
HBTASP-Top2,2,16000,0,96,0,0,15904,0,0,8000,8000,0,0,0,8000,0,0.0,0.0,0.0,344c87fc908c45d6e9b3318bc571fa65b15383930d86a828a015a68096885222,200,4,1000,909,assigned_level_sensitivity,dynamic,periodic,0.0,False,True,,True,1.0,25.0,0.0,0.0,0.0,0,4000,4000,0.49035472208770364,4000,0.49080745646065194,0.6289443866498747,0.37105561335012527,0.0715,0.00045273437294829355,0.988,0.5664335664335665,0.993006993006993,0.986,0.998,8008,4000
HBTASP-Top2,2,16000,0,98,0,0,15902,0,0,8000,8000,0,0,0,8000,0,0.0,0.0,0.0,35c2c5d3a69c9f78d92cdf9dcc49f859669af30f34eda5d011a7c8f21482c2ad,200,4,1000,1010,assigned_level_sensitivity,dynamic,periodic,0.0,False,True,,True,1.0,25.0,0.0,0.0,0.0,0,4000,4000,0.4958417793897292,4000,0.49716958079714496,0.636519332139306,0.363480667860694,0.06125,0.0013278014074157851,0.98775,0.5664335664335665,0.994005994005994,0.988,1.0,8008,4000
HBTASP-Top2,2,24000,0,3076,0,0,20924,0,0,12000,12000,0,0,0,12000,0,0.0,0.0,0.0,6cd1762b2760a3709c0240da2e0f567c95b4109a061d824aec40d0b9955e34c3,200,6,1000,101,assigned_level_sensitivity,dynamic,periodic,0.0,False,True,,True,1.0,25.0,0.0,0.0,0.0,0,6000,6000,0.43396604752721485,5872,0.455757228281607,0.5912788021854947,0.40872119781450533,0.12,0.021791180754392125,0.7436666666666667,0.5664335664335665,0.8971028971028971,0.802,0.9366666666666666,12012,6000
HBTASP-Top2,2,24000,0,3028,0,0,20972,0,0,12000,12000,0,0,0,12000,0,0.0,0.0,0.0,3519ed00a1344173ce498a9fad049d3c374dfdc54f941b50c812df85bd9a47ce,200,6,1000,202,assigned_level_sensitivity,dynamic,periodic,0.0,False,True,,True,1.0,25.0,0.0,0.0,0.0,0,6000,6000,0.4373976729757753,5888,0.45845141529808014,0.6007019134687119,0.39929808653128807,0.112,0.021053742322304836,0.7476666666666667,0.5664335664335665,0.9000999000999002,0.804,0.942,12012,6000
HBTASP-Top2,2,24000,0,3032,0,0,20968,0,0,12000,12000,0,0,0,12000,0,0.0,0.0,0.0,d073e446af1083831654f1294f17fdef23ccc63ffe1130c83385091f672b7887,200,6,1000,303,assigned_level_sensitivity,dynamic,periodic,0.0,False,True,,True,1.0,25.0,0.0,0.0,0.0,0,6000,6000,0.435498513264084,5888,0.4590957495456314,0.5828123373368609,0.4171876626631391,0.11416666666666667,0.023597236281547418,0.7473333333333333,0.5664335664335665,0.8941058941058941,0.7966666666666666,0.942,12012,6000
HBTASP-Top2,2,24000,0,3052,0,0,20948,0,0,12000,12000,0,0,0,12000,0,0.0,0.0,0.0,909eb044c3aba28f7901f2e1788c5fdd2069f6ef02b52c6c12616d5747838f01,200,6,1000,404,assigned_level_sensitivity,dynamic,periodic,0.0,False,True,,True,1.0,25.0,0.0,0.0,0.0,0,6000,6000,0.43383584381216383,5876,0.45756820458876024,0.5796422220777014,0.42035777792229856,0.11733333333333333,0.023732360776596406,0.7456666666666667,0.5664335664335665,0.8901098901098901,0.7913333333333333,0.9393333333333334,12012,6000
HBTASP-Top2,2,24000,0,3076,0,0,20924,0,0,12000,12000,0,0,0,12000,0,0.0,0.0,0.0,bab018486b1b8c756566191b73cc5a71f21367e45b105b097f902a0e8a7f245e,200,6,1000,505,assigned_level_sensitivity,dynamic,periodic,0.0,False,True,,True,1.0,25.0,0.0,0.0,0.0,0,6000,6000,0.4342749939579504,5904,0.45730005051273737,0.5807601355560847,0.41923986444391526,0.11133333333333334,0.023025056554786982,0.7436666666666667,0.5664335664335665,0.8934398934398934,0.7973333333333333,0.944,12012,6000
HBTASP-Top2,2,24000,0,3040,0,0,20960,0,0,12000,12000,0,0,0,12000,0,0.0,0.0,0.0,a296f5607947240cc4e7c2f95a2193d520e6a46cf3a836f5786fb00d1a5d411e,200,6,1000,606,assigned_level_sensitivity,dynamic,periodic,0.0,False,True,,True,1.0,25.0,0.0,0.0,0.0,0,6000,6000,0.4349181047979518,5876,0.4588537778560853,0.5910727021067309,0.4089272978932691,0.11266666666666666,0.02393567305813349,0.7466666666666667,0.5664335664335665,0.8957708957708957,0.8,0.942,12012,6000
HBTASP-Top2,2,24000,0,3056,0,0,20944,0,0,12000,12000,0,0,0,12000,0,0.0,0.0,0.0,9e05bab4fb503947a2608e173f2e700e5390d24c3eb79206bfe0910745992b01,200,6,1000,707,assigned_level_sensitivity,dynamic,periodic,0.0,False,True,,True,1.0,25.0,0.0,0.0,0.0,0,6000,6000,0.43473114955865183,5880,0.4590690194428818,0.5862188512066097,0.41378114879339034,0.118,0.02433786988422998,0.7453333333333333,0.5664335664335665,0.8911088911088911,0.7906666666666666,0.9373333333333334,12012,6000
HBTASP-Top2,2,24000,0,3060,0,0,20940,0,0,12000,12000,0,0,0,12000,0,0.0,0.0,0.0,ec37fb395d81bf0d223d56724ce1b3540b48bfa4fef7e8d101dc7e02afc4d142,200,6,1000,808,assigned_level_sensitivity,dynamic,periodic,0.0,False,True,,True,1.0,25.0,0.0,0.0,0.0,0,6000,6000,0.43691461178131347,5872,0.4596621972747087,0.59513381125747,0.40486618874253,0.11666666666666667,0.022747585493395228,0.745,0.5664335664335665,0.8994338994338994,0.808,0.9366666666666666,12012,6000
HBTASP-Top2,2,24000,0,3028,0,0,20972,0,0,12000,12000,0,0,0,12000,0,0.0,0.0,0.0,260aec2d80dbbc88a5917b2a737946ce6d64d641eeff4b6e11ab002bccdd6edc,200,6,1000,909,assigned_level_sensitivity,dynamic,periodic,0.0,False,True,,True,1.0,25.0,0.0,0.0,0.0,0,6000,6000,0.43560066016451415,5908,0.4578392935945159,0.5843198661682734,0.41568013383172664,0.114,0.022238633430001764,0.7476666666666667,0.5664335664335665,0.8937728937728938,0.796,0.9413333333333334,12012,6000
HBTASP-Top2,2,24000,0,3072,0,0,20928,0,0,12000,12000,0,0,0,12000,0,0.0,0.0,0.0,7cb0a789c168459817ae6cced67fda05f541854a7d06afcb3f6e75c01664aebd,200,6,1000,1010,assigned_level_sensitivity,dynamic,periodic,0.0,False,True,,True,1.0,25.0,0.0,0.0,0.0,0,6000,6000,0.4360240462888849,5908,0.4580479481026802,0.5841324219073373,0.4158675780926627,0.11066666666666666,0.022023901813795266,0.744,0.5664335664335665,0.8957708957708957,0.7993333333333333,0.942,12012,6000
HBTASP-Top2,2,32000,2000,13000,0,0,17000,0,0,16000,16000,2000,0,0,14000,0,0.125,0.0,0.125,66007fc4967686c899f1b8c3499ba5096c1599460f72106a37502ef02212bf9a,200,8,1000,101,assigned_level_sensitivity,dynamic,periodic,0.0,False,True,,True,1.0,25.0,0.0,0.0,0.0,0,8000,8000,0.33106555994857856,6672,0.44604489581618584,0.3965044327624406,0.6034955672375595,0.308,0.11497933586760728,0.1875,0.5664335664335665,0.5989010989010989,0.399,0.754,16016,8000
HBTASP-Top2,2,32000,2000,13000,0,0,17000,0,0,16000,16000,2000,0,0,14000,0,0.125,0.0,0.125,5279155e07f35c0aecd97c5393b120db0c565791bc0995f1b1e751940ab71146,200,8,1000,202,assigned_level_sensitivity,dynamic,periodic,0.0,False,True,,True,1.0,25.0,0.0,0.0,0.0,0,8000,8000,0.33552780409318406,6688,0.4529412772434122,0.3880495144637951,0.6119504855362049,0.297,0.11741347315022815,0.1875,0.5664335664335665,0.5959040959040959,0.41,0.761,16016,8000
HBTASP-Top2,2,32000,2000,13000,0,0,17000,0,0,16000,16000,2000,0,0,14000,0,0.125,0.0,0.125,992d20abe6a759d39f9795aebe4f441e814421448c7df53ffeb840efa0f55135,200,8,1000,303,assigned_level_sensitivity,dynamic,periodic,0.0,False,True,,True,1.0,25.0,0.0,0.0,0.0,0,8000,8000,0.33499372465475996,6704,0.44872372360281604,0.39265075624888157,0.6073492437511184,0.299,0.11372999894805608,0.1875,0.5664335664335665,0.5944055944055944,0.41,0.764,16016,8000
HBTASP-Top2,2,32000,2000,13000,0,0,17000,0,0,16000,16000,2000,0,0,14000,0,0.125,0.0,0.125,58afeb7a39fb77b8f9b75826c0043f347baf1bb01ef2276ff1a8235462310f60,200,8,1000,404,assigned_level_sensitivity,dynamic,periodic,0.0,False,True,,True,1.0,25.0,0.0,0.0,0.0,0,8000,8000,0.3339840554035899,6688,0.4489223960645973,0.3906181238440227,0.6093818761559773,0.306,0.11493834066100739,0.1875,0.5664335664335665,0.5944055944055944,0.418,0.757,16016,8000
HBTASP-Top2,2,32000,2000,13000,0,0,17000,0,0,16000,16000,2000,0,0,14000,0,0.125,0.0,0.125,d8a47d7765699e0c2912f6538a7049feb5ca5b244873b7d9b874d3ce3882d031,200,8,1000,505,assigned_level_sensitivity,dynamic,periodic,0.0,False,True,,True,1.0,25.0,0.0,0.0,0.0,0,8000,8000,0.3330378643668149,6704,0.4476940128068184,0.3871037551688499,0.6128962448311501,0.297,0.11465614844000355,0.1875,0.5664335664335665,0.5989010989010989,0.418,0.764,16016,8000
HBTASP-Top2,2,32000,2000,13000,0,0,17000,0,0,16000,16000,2000,0,0,14000,0,0.125,0.0,0.125,f67e877282aa633b56aa877139378a2ce12510304be0599d1e035044f066edcb,200,8,1000,606,assigned_level_sensitivity,dynamic,periodic,0.0,False,True,,True,1.0,25.0,0.0,0.0,0.0,0,8000,8000,0.33158334456081495,6688,0.44810564106325745,0.3856300966753272,0.6143699033246728,0.302,0.1165222965024425,0.1875,0.5664335664335665,0.5979020979020979,0.412,0.762,16016,8000
HBTASP-Top2,2,32000,2000,13000,0,0,17000,0,0,16000,16000,2000,0,0,14000,0,0.125,0.0,0.125,fd04e97a068821f6f87980487edfd721300fd75b1211595bf0863c3458463946,200,8,1000,707,assigned_level_sensitivity,dynamic,periodic,0.0,False,True,,True,1.0,25.0,0.0,0.0,0.0,0,8000,8000,0.3348533969288241,6704,0.44949857280545863,0.3921097512695916,0.6078902487304084,0.303,0.11464517587663453,0.1875,0.5664335664335665,0.5959040959040959,0.408,0.761,16016,8000
HBTASP-Top2,2,32000,2000,13000,0,0,17000,0,0,16000,16000,2000,0,0,14000,0,0.125,0.0,0.125,e03f3bce78d3b2eb6fb98739e59ca0d78f6d81d106044762a1ca53f7a9f0525c,200,8,1000,808,assigned_level_sensitivity,dynamic,periodic,0.0,False,True,,True,1.0,25.0,0.0,0.0,0.0,0,8000,8000,0.33502846424484783,6688,0.4528980057084224,0.39488434395800015,0.6051156560419999,0.303,0.11786954146357459,0.1875,0.5664335664335665,0.5979020979020979,0.407,0.759,16016,8000
HBTASP-Top2,2,32000,2000,13000,0,0,17000,0,0,16000,16000,2000,0,0,14000,0,0.125,0.0,0.125,f48c17d63f3fffb9960bfa5fff967fb607fbc9336c4d0251506c1bc5f5498588,200,8,1000,909,assigned_level_sensitivity,dynamic,periodic,0.0,False,True,,True,1.0,25.0,0.0,0.0,0.0,0,8000,8000,0.3367760889496505,6736,0.4517290562601505,0.388524248702878,0.6114757512971221,0.297,0.11495296731049998,0.1875,0.5664335664335665,0.596903096903097,0.415,0.764,16016,8000
HBTASP-Top2,2,32000,2000,13000,0,0,17000,0,0,16000,16000,2000,0,0,14000,0,0.125,0.0,0.125,a30f279b970c3abb4c594fadaee2ffd50bd771c78ac212b4d4a6fa098f73c6c0,200,8,1000,1010,assigned_level_sensitivity,dynamic,periodic,0.0,False,True,,True,1.0,25.0,0.0,0.0,0.0,0,8000,8000,0.3371368403771912,6720,0.45113981033921885,0.391170792143884,0.6088292078561159,0.295,0.11400296996202763,0.1875,0.5664335664335665,0.6028971028971029,0.415,0.767,16016,8000
HBTASP-Top2,2,40000,6000,17000,0,0,17000,0,0,20000,20000,6000,0,0,14000,0,0.3,0.0,0.3,98cc30a7e45d33e65da13d6daf381874329ad92af71cb747ac4f580f6f02050c,200,10,1000,101,assigned_level_sensitivity,dynamic,periodic,0.0,False,True,,True,1.0,25.0,0.0,0.0,0.0,0,10000,10000,0.27321112103738643,6940,0.4468271148287537,0.28579322655336675,0.7142067734466333,0.422,0.17361599379136727,0.15,0.5664335664335665,0.4785214785214785,0.314,0.632,20020,10000
HBTASP-Top2,2,40000,6000,17000,0,0,17000,0,0,20000,20000,6000,0,0,14000,0,0.3,0.0,0.3,430436b033b4865dd6c81daebeb5b71371a9089ce34b4adeda2ac0d714245a0e,200,10,1000,202,assigned_level_sensitivity,dynamic,periodic,0.0,False,True,,True,1.0,25.0,0.0,0.0,0.0,0,10000,10000,0.2811671125435847,7040,0.45610333865471736,0.3435592217672016,0.6564407782327983,0.406,0.1749362261111327,0.15,0.5664335664335665,0.4935064935064935,0.332,0.642,20020,10000
HBTASP-Top2,2,40000,6000,17000,0,0,17000,0,0,20000,20000,6000,0,0,14000,0,0.3,0.0,0.3,89da7ac8e4427478c1c4f0d3734d5d2d9b27708cf255701e0cb540cb4d8015b9,200,10,1000,303,assigned_level_sensitivity,dynamic,periodic,0.0,False,True,,True,1.0,25.0,0.0,0.0,0.0,0,10000,10000,0.26940587902168167,6940,0.4412836776540601,0.3096593477887622,0.6903406522112379,0.426,0.17187779863237845,0.15,0.5664335664335665,0.47352647352647353,0.332,0.634,20020,10000
HBTASP-Top2,2,40000,6000,17000,0,0,17000,0,0,20000,20000,6000,0,0,14000,0,0.3,0.0,0.3,f09267b37b909f95bcba58058a5d650a156c4c6977d64b367f9c94d68c251acd,200,10,1000,404,assigned_level_sensitivity,dynamic,periodic,0.0,False,True,,True,1.0,25.0,0.0,0.0,0.0,0,10000,10000,0.2800748215404331,7140,0.45142255674499465,0.33277687342395773,0.6672231265760422,0.408,0.17134773520456154,0.15,0.5664335664335665,0.4875124875124875,0.326,0.646,20020,10000
HBTASP-Top2,2,40000,6000,17000,0,0,17000,0,0,20000,20000,6000,0,0,14000,0,0.3,0.0,0.3,17e8683d05f8e0f2732cf893f5fbf971ccff2bfa6e72b18794c12c1e9c89680f,200,10,1000,505,assigned_level_sensitivity,dynamic,periodic,0.0,False,True,,True,1.0,25.0,0.0,0.0,0.0,0,10000,10000,0.2642779630188522,6980,0.4342550311711452,0.315435040620914,0.684564959379086,0.434,0.16997706815229302,0.15,0.5664335664335665,0.4725274725274725,0.308,0.624,20020,10000
HBTASP-Top2,2,40000,6000,17000,0,0,17000,0,0,20000,20000,6000,0,0,14000,0,0.3,0.0,0.3,475d6ae92262a2ca9566a403ddbc2e6bae5e70afe30a3fa71d35b1498b07f9a4,200,10,1000,606,assigned_level_sensitivity,dynamic,periodic,0.0,False,True,,True,1.0,25.0,0.0,0.0,0.0,0,10000,10000,0.2710652754094077,7160,0.4329467859149178,0.31621495821275397,0.683785041787246,0.42,0.16188151050551008,0.15,0.5664335664335665,0.47352647352647353,0.318,0.632,20020,10000
HBTASP-Top2,2,40000,6000,17000,0,0,17000,0,0,20000,20000,6000,0,0,14000,0,0.3,0.0,0.3,d2964029e331391a6b092a0f9278ea1786a8f4ecb01ba67c032a1b2a37b2bd3f,200,10,1000,707,assigned_level_sensitivity,dynamic,periodic,0.0,False,True,,True,1.0,25.0,0.0,0.0,0.0,0,10000,10000,0.26338335809983876,6980,0.4387330501575425,0.3114717371366144,0.6885282628633855,0.42,0.17534969205770373,0.15,0.5664335664335665,0.4725274725274725,0.312,0.636,20020,10000
HBTASP-Top2,2,40000,6000,17000,0,0,17000,0,0,20000,20000,6000,0,0,14000,0,0.3,0.0,0.3,af32d260f4b080e376f9005f11a4ef549c19775c3ab31fad68b7f9dada8e3c54,200,10,1000,808,assigned_level_sensitivity,dynamic,periodic,0.0,False,True,,True,1.0,25.0,0.0,0.0,0.0,0,10000,10000,0.27964254311905734,7040,0.45486675846066654,0.333797970351427,0.666202029648573,0.416,0.1752242153416092,0.15,0.5664335664335665,0.4825174825174825,0.326,0.636,20020,10000
HBTASP-Top2,2,40000,6000,17000,0,0,17000,0,0,20000,20000,6000,0,0,14000,0,0.3,0.0,0.3,cb0c7c50b88f8c166cc3fcb1b0717238bb6841ccfaaa0651d2800cff58c49b6a,200,10,1000,909,assigned_level_sensitivity,dynamic,periodic,0.0,False,True,,True,1.0,25.0,0.0,0.0,0.0,0,10000,10000,0.27600236951445234,6940,0.4591613615623866,0.317896784311243,0.682103215688757,0.418,0.1831589920479343,0.15,0.5664335664335665,0.4855144855144855,0.326,0.636,20020,10000
HBTASP-Top2,2,40000,6000,17000,0,0,17000,0,0,20000,20000,6000,0,0,14000,0,0.3,0.0,0.3,78be71a8627d37232ad3cf0839b76ed524022824b4901c8d63dcab73e8191b8b,200,10,1000,1010,assigned_level_sensitivity,dynamic,periodic,0.0,False,True,,True,1.0,25.0,0.0,0.0,0.0,0,10000,10000,0.27012351723888633,6840,0.4502373587811839,0.3071884547798225,0.6928115452201775,0.432,0.1801138415422976,0.15,0.5664335664335665,0.4725274725274725,0.312,0.622,20020,10000
HBTASP-Top2,2,16000,0,0,0,0,16000,0,0,8000,8000,0,0,0,8000,0,0.0,0.0,0.0,fea9df0e5bc7a230a70489d5bcf4a18f6c32d697339197b5d5168f82479f2f6b,250,4,1000,101,assigned_level_sensitivity,dynamic,periodic,0.0,False,True,,True,1.0,25.0,0.0,0.0,0.0,0,4000,4000,0.4932980859875999,4000,0.4932980859875999,0.6299923545491195,0.3700076454508805,0.064,0.0,1.0,0.5664335664335665,1.0,1.0,1.0,8008,4000
HBTASP-Top2,2,16000,0,0,0,0,16000,0,0,8000,8000,0,0,0,8000,0,0.0,0.0,0.0,3794649805058c12f86803d5d993c2430ce404ebfd6dca6a92588d3bb8a51f49,250,4,1000,202,assigned_level_sensitivity,dynamic,periodic,0.0,False,True,,True,1.0,25.0,0.0,0.0,0.0,0,4000,4000,0.4922909952558593,4000,0.4922909952558593,0.6331905153547409,0.3668094846452591,0.062,0.0,1.0,0.5664335664335665,1.0,1.0,1.0,8008,4000
HBTASP-Top2,2,16000,0,0,0,0,16000,0,0,8000,8000,0,0,0,8000,0,0.0,0.0,0.0,42906da4c1dcf5bf8a95bff49113cff3b0b634df69b2f357933778f67226c392,250,4,1000,303,assigned_level_sensitivity,dynamic,periodic,0.0,False,True,,True,1.0,25.0,0.0,0.0,0.0,0,4000,4000,0.4958406303966637,4000,0.4958406303966637,0.635094470011707,0.36490552998829295,0.06,0.0,1.0,0.5664335664335665,1.0,1.0,1.0,8008,4000
HBTASP-Top2,2,16000,0,0,0,0,16000,0,0,8000,8000,0,0,0,8000,0,0.0,0.0,0.0,d7ae345c469a2e050dbb532834796be4c4a960c2c24432d2961d1c0900e1d45c,250,4,1000,404,assigned_level_sensitivity,dynamic,periodic,0.0,False,True,,True,1.0,25.0,0.0,0.0,0.0,0,4000,4000,0.4963440166222645,4000,0.4963440166222645,0.6362485102477726,0.3637514897522274,0.062,0.0,1.0,0.5664335664335665,1.0,1.0,1.0,8008,4000
HBTASP-Top2,2,16000,0,0,0,0,16000,0,0,8000,8000,0,0,0,8000,0,0.0,0.0,0.0,0ab816e98e354553457e6bfbca9e5a2266cfb6907fa1e358c9a6d8398aa20cb1,250,4,1000,505,assigned_level_sensitivity,dynamic,periodic,0.0,False,True,,True,1.0,25.0,0.0,0.0,0.0,0,4000,4000,0.4945370066702663,4000,0.4945370066702663,0.6359968936826922,0.3640031063173078,0.062,0.0,1.0,0.5664335664335665,1.0,1.0,1.0,8008,4000
HBTASP-Top2,2,16000,0,0,0,0,16000,0,0,8000,8000,0,0,0,8000,0,0.0,0.0,0.0,9638b6b19feea1ec6c1c9cbcf7762c6f8d186a90e035066913842e2aea735625,250,4,1000,606,assigned_level_sensitivity,dynamic,periodic,0.0,False,True,,True,1.0,25.0,0.0,0.0,0.0,0,4000,4000,0.4953274334634651,4000,0.4953274334634651,0.6327826597497818,0.36721734025021824,0.062,0.0,1.0,0.5664335664335665,1.0,1.0,1.0,8008,4000
HBTASP-Top2,2,16000,0,0,0,0,16000,0,0,8000,8000,0,0,0,8000,0,0.0,0.0,0.0,0ce72acbac10c707dfbb9c08fc17238ffd983c3345f7a4742cf4a7afd9a2a1df,250,4,1000,707,assigned_level_sensitivity,dynamic,periodic,0.0,False,True,,True,1.0,25.0,0.0,0.0,0.0,0,4000,4000,0.4933755902083212,4000,0.4933755902083212,0.6333300424635537,0.36666995753644627,0.064,0.0,1.0,0.5664335664335665,1.0,1.0,1.0,8008,4000
HBTASP-Top2,2,16000,0,0,0,0,16000,0,0,8000,8000,0,0,0,8000,0,0.0,0.0,0.0,39908193cd623573ce9deca5c36c9213f4419a1e74d3fb0d368ae9554fc9e3b6,250,4,1000,808,assigned_level_sensitivity,dynamic,periodic,0.0,False,True,,True,1.0,25.0,0.0,0.0,0.0,0,4000,4000,0.49190456211426126,4000,0.49190456211426126,0.6309030517593439,0.3690969482406561,0.06225,0.0,1.0,0.5664335664335665,1.0,1.0,1.0,8008,4000
HBTASP-Top2,2,16000,0,0,0,0,16000,0,0,8000,8000,0,0,0,8000,0,0.0,0.0,0.0,344c87fc908c45d6e9b3318bc571fa65b15383930d86a828a015a68096885222,250,4,1000,909,assigned_level_sensitivity,dynamic,periodic,0.0,False,True,,True,1.0,25.0,0.0,0.0,0.0,0,4000,4000,0.4946509893883823,4000,0.4946509893883823,0.6341325242533188,0.3658674757466812,0.062,0.0,1.0,0.5664335664335665,1.0,1.0,1.0,8008,4000
HBTASP-Top2,2,16000,0,0,0,0,16000,0,0,8000,8000,0,0,0,8000,0,0.0,0.0,0.0,35c2c5d3a69c9f78d92cdf9dcc49f859669af30f34eda5d011a7c8f21482c2ad,250,4,1000,1010,assigned_level_sensitivity,dynamic,periodic,0.0,False,True,,True,1.0,25.0,0.0,0.0,0.0,0,4000,4000,0.49551596848981494,4000,0.49551596848981494,0.6329840993085176,0.3670159006914824,0.062,0.0,1.0,0.5664335664335665,1.0,1.0,1.0,8008,4000
HBTASP-Top2,2,24000,0,496,0,0,23504,0,0,12000,12000,0,0,0,12000,0,0.0,0.0,0.0,6cd1762b2760a3709c0240da2e0f567c95b4109a061d824aec40d0b9955e34c3,250,6,1000,101,assigned_level_sensitivity,dynamic,periodic,0.0,False,True,,True,1.0,25.0,0.0,0.0,0.0,0,6000,6000,0.48384125200950334,5992,0.48728211487266565,0.633907215413673,0.366092784586327,0.07,0.0034408628631623084,0.9586666666666667,0.5664335664335665,0.98001998001998,0.9606666666666667,0.9926666666666667,12012,6000
HBTASP-Top2,2,24000,0,500,0,0,23500,0,0,12000,12000,0,0,0,12000,0,0.0,0.0,0.0,3519ed00a1344173ce498a9fad049d3c374dfdc54f941b50c812df85bd9a47ce,250,6,1000,202,assigned_level_sensitivity,dynamic,periodic,0.0,False,True,,True,1.0,25.0,0.0,0.0,0.0,0,6000,6000,0.4840461675807348,6000,0.4871679814480373,0.6320785262662239,0.36792147373377615,0.07016666666666667,0.003121813867302481,0.9583333333333334,0.5664335664335665,0.9786879786879786,0.958,0.9913333333333333,12012,6000
HBTASP-Top2,2,24000,0,520,0,0,23480,0,0,12000,12000,0,0,0,12000,0,0.0,0.0,0.0,d073e446af1083831654f1294f17fdef23ccc63ffe1130c83385091f672b7887,250,6,1000,303,assigned_level_sensitivity,dynamic,periodic,0.0,False,True,,True,1.0,25.0,0.0,0.0,0.0,0,6000,6000,0.48507126370268794,5996,0.48831550738577834,0.6345477295361408,0.3654522704638592,0.0725,0.0032442436830903976,0.9566666666666667,0.5664335664335665,0.9796869796869797,0.96,0.9893333333333333,12012,6000
HBTASP-Top2,2,24000,0,512,0,0,23488,0,0,12000,12000,0,0,0,12000,0,0.0,0.0,0.0,909eb044c3aba28f7901f2e1788c5fdd2069f6ef02b52c6c12616d5747838f01,250,6,1000,404,assigned_level_sensitivity,dynamic,periodic,0.0,False,True,,True,1.0,25.0,0.0,0.0,0.0,0,6000,6000,0.47960823899916105,5992,0.4830489987737587,0.6313621250026067,0.3686378749973933,0.07666666666666666,0.0034407597745976237,0.9573333333333334,0.5664335664335665,0.9766899766899767,0.954,0.986,12012,6000
HBTASP-Top2,2,24000,0,552,0,0,23448,0,0,12000,12000,0,0,0,12000,0,0.0,0.0,0.0,bab018486b1b8c756566191b73cc5a71f21367e45b105b097f902a0e8a7f245e,250,6,1000,505,assigned_level_sensitivity,dynamic,periodic,0.0,False,True,,True,1.0,25.0,0.0,0.0,0.0,0,6000,6000,0.481847775846132,5992,0.4856173560418562,0.6324185553346806,0.3675814446653194,0.07333333333333333,0.003769580195724209,0.954,0.5664335664335665,0.9766899766899767,0.954,0.9873333333333333,12012,6000
HBTASP-Top2,2,24000,0,472,0,0,23528,0,0,12000,12000,0,0,0,12000,0,0.0,0.0,0.0,a296f5607947240cc4e7c2f95a2193d520e6a46cf3a836f5786fb00d1a5d411e,250,6,1000,606,assigned_level_sensitivity,dynamic,periodic,0.0,False,True,,True,1.0,25.0,0.0,0.0,0.0,0,6000,6000,0.48238186539943817,5996,0.4857767781121877,0.6328311538859616,0.36716884611403844,0.07116666666666667,0.0033949127127495538,0.9606666666666667,0.5664335664335665,0.9803529803529804,0.962,0.9913333333333333,12012,6000
HBTASP-Top2,2,24000,0,512,0,0,23488,0,0,12000,12000,0,0,0,12000,0,0.0,0.0,0.0,9e05bab4fb503947a2608e173f2e700e5390d24c3eb79206bfe0910745992b01,250,6,1000,707,assigned_level_sensitivity,dynamic,periodic,0.0,False,True,,True,1.0,25.0,0.0,0.0,0.0,0,6000,6000,0.4829656511305536,5992,0.48742022470991825,0.6303405197796591,0.3696594802203409,0.07133333333333333,0.004454573579364629,0.9573333333333334,0.5664335664335665,0.9773559773559773,0.956,0.9886666666666667,12012,6000
HBTASP-Top2,2,24000,0,476,0,0,23524,0,0,12000,12000,0,0,0,12000,0,0.0,0.0,0.0,ec37fb395d81bf0d223d56724ce1b3540b48bfa4fef7e8d101dc7e02afc4d142,250,6,1000,808,assigned_level_sensitivity,dynamic,periodic,0.0,False,True,,True,1.0,25.0,0.0,0.0,0.0,0,6000,6000,0.48325616901813456,5996,0.486789880997884,0.632945595926031,0.36705440407396905,0.06933333333333333,0.003533711979749443,0.9603333333333334,0.5664335664335665,0.9793539793539794,0.9593333333333334,0.992,12012,6000
HBTASP-Top2,2,24000,0,428,0,0,23572,0,0,12000,12000,0,0,0,12000,0,0.0,0.0,0.0,260aec2d80dbbc88a5917b2a737946ce6d64d641eeff4b6e11ab002bccdd6edc,250,6,1000,909,assigned_level_sensitivity,dynamic,periodic,0.0,False,True,,True,1.0,25.0,0.0,0.0,0.0,0,6000,6000,0.48418796190817165,5996,0.48740618569072075,0.6335245582136112,0.3664754417863888,0.06866666666666667,0.003218223782549101,0.9643333333333334,0.5664335664335665,0.9826839826839827,0.9653333333333334,0.9926666666666667,12012,6000
HBTASP-Top2,2,24000,0,460,0,0,23540,0,0,12000,12000,0,0,0,12000,0,0.0,0.0,0.0,7cb0a789c168459817ae6cced67fda05f541854a7d06afcb3f6e75c01664aebd,250,6,1000,1010,assigned_level_sensitivity,dynamic,periodic,0.0,False,True,,True,1.0,25.0,0.0,0.0,0.0,0,6000,6000,0.48245426081616766,5992,0.48653563875239836,0.6343958522209752,0.36560414777902484,0.07133333333333333,0.004081377936230701,0.9616666666666667,0.5664335664335665,0.9823509823509824,0.966,0.9913333333333333,12012,6000
HBTASP-Top2,2,32000,0,9000,0,0,23000,0,0,16000,16000,0,0,0,16000,0,0.0,0.0,0.0,5dbef36ee87175fb4944d03e4f07d02d458fe3107cc2979611f321e04fe8d10a,250,8,1000,101,assigned_level_sensitivity,dynamic,periodic,0.0,False,True,,True,1.0,25.0,0.0,0.0,0.0,0,8000,8000,0.4066287325908642,7664,0.45996251697268514,0.49420055809195,0.50579944190805,0.172,0.05333378438182096,0.4375,0.5664335664335665,0.7797202797202797,0.604,0.893,16016,8000
HBTASP-Top2,2,32000,0,9000,0,0,23000,0,0,16000,16000,0,0,0,16000,0,0.0,0.0,0.0,8694b166c43eef51b4d82ddab82dcf37f8604cd927156608ccd52f788aa81f7a,250,8,1000,202,assigned_level_sensitivity,dynamic,periodic,0.0,False,True,,True,1.0,25.0,0.0,0.0,0.0,0,8000,8000,0.4077872806675835,7696,0.460335544241801,0.49170589024889527,0.5082941097511047,0.172,0.05254826357421749,0.4375,0.5664335664335665,0.7737262737262737,0.599,0.894,16016,8000
HBTASP-Top2,2,32000,0,9000,0,0,23000,0,0,16000,16000,0,0,0,16000,0,0.0,0.0,0.0,1a34c2a325a1cfef4008e07d48e5cddcb4d85a337796bf1a243218f571eda6dc,250,8,1000,303,assigned_level_sensitivity,dynamic,periodic,0.0,False,True,,True,1.0,25.0,0.0,0.0,0.0,0,8000,8000,0.41042546549323505,7696,0.46345155252484005,0.49815113186550236,0.5018488681344977,0.163,0.053026087031604996,0.4375,0.5664335664335665,0.7762237762237763,0.602,0.893,16016,8000
HBTASP-Top2,2,32000,0,9000,0,0,23000,0,0,16000,16000,0,0,0,16000,0,0.0,0.0,0.0,b7ae0d8d72b1ce441525fae2d3269bef5ebd04b7c7871b1eda5ba0e672dd7560,250,8,1000,404,assigned_level_sensitivity,dynamic,periodic,0.0,False,True,,True,1.0,25.0,0.0,0.0,0.0,0,8000,8000,0.4076426510093941,7696,0.45874967416694973,0.49532114355602364,0.5046788564439764,0.173,0.05110702315755561,0.4375,0.5664335664335665,0.7792207792207793,0.61,0.891,16016,8000
HBTASP-Top2,2,32000,0,9000,0,0,23000,0,0,16000,16000,0,0,0,16000,0,0.0,0.0,0.0,b066ae8870b5a2e890feef75561965c20ec0c65ad4945c06f3a7fa43ef54b617,250,8,1000,505,assigned_level_sensitivity,dynamic,periodic,0.0,False,True,,True,1.0,25.0,0.0,0.0,0.0,0,8000,8000,0.4105836764674832,7720,0.4606430067382417,0.5068032911335437,0.4931967088664563,0.165,0.050059330270758484,0.4375,0.5664335664335665,0.7772227772227772,0.606,0.895,16016,8000
HBTASP-Top2,2,32000,0,9000,0,0,23000,0,0,16000,16000,0,0,0,16000,0,0.0,0.0,0.0,4643416f80628ff3720785f4f911902f1a3f98cc4d69865ed7a17e75b55ef2b4,250,8,1000,606,assigned_level_sensitivity,dynamic,periodic,0.0,False,True,,True,1.0,25.0,0.0,0.0,0.0,0,8000,8000,0.40935816653161256,7696,0.46350893471718774,0.4924534040039891,0.5075465959960108,0.164,0.05415076818557518,0.4375,0.5664335664335665,0.7717282717282717,0.598,0.894,16016,8000
HBTASP-Top2,2,32000,0,9000,0,0,23000,0,0,16000,16000,0,0,0,16000,0,0.0,0.0,0.0,56e65ed8126cec8371601b4858b17e1cb4873fef29c2dcdaa2ec23240ef909bb,250,8,1000,707,assigned_level_sensitivity,dynamic,periodic,0.0,False,True,,True,1.0,25.0,0.0,0.0,0.0,0,8000,8000,0.4137508004853886,7744,0.461573659045989,0.5072572127334447,0.4927427872665553,0.164,0.04782285856060042,0.4375,0.5664335664335665,0.7827172827172827,0.609,0.899,16016,8000
HBTASP-Top2,2,32000,0,9000,0,0,23000,0,0,16000,16000,0,0,0,16000,0,0.0,0.0,0.0,ca903a98ac008bf40a70057fd91e19660aa07c8bad46742799a9bc43dd243022,250,8,1000,808,assigned_level_sensitivity,dynamic,periodic,0.0,False,True,,True,1.0,25.0,0.0,0.0,0.0,0,8000,8000,0.41351221693163515,7728,0.46400691811922734,0.5016828049107278,0.4983171950892722,0.167125,0.050494701187592195,0.4375,0.5664335664335665,0.7787212787212787,0.607,0.895,16016,8000
HBTASP-Top2,2,32000,0,9000,0,0,23000,0,0,16000,16000,0,0,0,16000,0,0.0,0.0,0.0,5fb9df3dc70a9959b293eaeb0ea9222a7dd79b5a27de04bbac22574b8505d833,250,8,1000,909,assigned_level_sensitivity,dynamic,periodic,0.0,False,True,,True,1.0,25.0,0.0,0.0,0.0,0,8000,8000,0.41296792983256714,7696,0.4647313005901311,0.49570539433109867,0.5042946056689013,0.160875,0.05176337075756399,0.4375,0.5664335664335665,0.7777222777222778,0.597,0.901,16016,8000
HBTASP-Top2,2,32000,0,9000,0,0,23000,0,0,16000,16000,0,0,0,16000,0,0.0,0.0,0.0,22a3ce6feb0e19c261f559b26b2300c65e9cfa5960374a9d454f23c292386002,250,8,1000,1010,assigned_level_sensitivity,dynamic,periodic,0.0,False,True,,True,1.0,25.0,0.0,0.0,0.0,0,8000,8000,0.4113481954147469,7712,0.4607811924662671,0.5065393518375417,0.49346064816245827,0.171,0.04943299705152021,0.4375,0.5664335664335665,0.7792207792207793,0.604,0.896,16016,8000
HBTASP-Top2,2,40000,2000,19000,0,0,19000,0,0,20000,20000,2000,0,0,18000,0,0.1,0.0,0.1,df9f4077df3a7434d87cc10a17569702fcd5c942059950a48bf768ab1a46dbb5,250,10,1000,101,assigned_level_sensitivity,dynamic,periodic,0.0,False,True,,True,1.0,25.0,0.0,0.0,0.0,0,10000,10000,0.31729344921430763,8440,0.43989221537562473,0.34324394119345525,0.6567560588065448,0.324,0.1225987661613171,0.05,0.5664335664335665,0.5394605394605395,0.328,0.744,20020,10000
HBTASP-Top2,2,40000,2000,19000,0,0,19000,0,0,20000,20000,2000,0,0,18000,0,0.1,0.0,0.1,2670390e7d20321c6a41b56f9b46514b749fc44e371c7b6882daa1d457258dc6,250,10,1000,202,assigned_level_sensitivity,dynamic,periodic,0.0,False,True,,True,1.0,25.0,0.0,0.0,0.0,0,10000,10000,0.32646422275009596,8480,0.45260500191772907,0.3509663782323368,0.6490336217676632,0.306,0.1261407791676331,0.05,0.5664335664335665,0.5484515484515484,0.35,0.758,20020,10000
HBTASP-Top2,2,40000,2000,19000,0,0,19000,0,0,20000,20000,2000,0,0,18000,0,0.1,0.0,0.1,73073aa7f2ed0ebc70575ed26c6f2159c4f8b14eb3cd8292b993fb9bb4216186,250,10,1000,303,assigned_level_sensitivity,dynamic,periodic,0.0,False,True,,True,1.0,25.0,0.0,0.0,0.0,0,10000,10000,0.3182809809299923,8460,0.4433185506757049,0.34307331876531016,0.6569266812346899,0.316,0.12503756974571262,0.05,0.5664335664335665,0.5384615384615384,0.34,0.75,20020,10000
HBTASP-Top2,2,40000,2000,19000,0,0,19000,0,0,20000,20000,2000,0,0,18000,0,0.1,0.0,0.1,cd6b57565bbc01c6827e3fc6fd2c80d3ea24fb5fc645abf1ced225c1c7cd8793,250,10,1000,404,assigned_level_sensitivity,dynamic,periodic,0.0,False,True,,True,1.0,25.0,0.0,0.0,0.0,0,10000,10000,0.31499908079829814,8420,0.4391244050945514,0.3358052154577985,0.6641947845422015,0.32,0.12412532429625328,0.05,0.5664335664335665,0.5414585414585414,0.344,0.748,20020,10000
HBTASP-Top2,2,40000,2000,19000,0,0,19000,0,0,20000,20000,2000,0,0,18000,0,0.1,0.0,0.1,65d944cef81c89fa4c603d55bcb79b2184f3894f8bf9ce5660113ed9996481c6,250,10,1000,505,assigned_level_sensitivity,dynamic,periodic,0.0,False,True,,True,1.0,25.0,0.0,0.0,0.0,0,10000,10000,0.32537795110597784,8480,0.4497340111659549,0.349052604543123,0.650947395456877,0.312,0.12435606005997707,0.05,0.5664335664335665,0.5444555444555444,0.348,0.758,20020,10000
HBTASP-Top2,2,40000,2000,19000,0,0,19000,0,0,20000,20000,2000,0,0,18000,0,0.1,0.0,0.1,d9f0fd644880747376f277b4f124f3d0046af7a88459efb115ec2a9e68a7a83f,250,10,1000,606,assigned_level_sensitivity,dynamic,periodic,0.0,False,True,,True,1.0,25.0,0.0,0.0,0.0,0,10000,10000,0.31156442519586564,8400,0.4380097503399867,0.3513654039205737,0.6486345960794263,0.336,0.12644532514412105,0.05,0.5664335664335665,0.5234765234765235,0.336,0.736,20020,10000
HBTASP-Top2,2,40000,2000,19000,0,0,19000,0,0,20000,20000,2000,0,0,18000,0,0.1,0.0,0.1,185003dcfbd8e8bb3d6da9c9318a9c5c9d6475b9848df4ef3a65b620ba54e576,250,10,1000,707,assigned_level_sensitivity,dynamic,periodic,0.0,False,True,,True,1.0,25.0,0.0,0.0,0.0,0,10000,10000,0.31694197379379024,8380,0.44758056620871256,0.34554116200137963,0.6544588379986204,0.318,0.13063859241492232,0.05,0.5664335664335665,0.5304695304695305,0.344,0.75,20020,10000
HBTASP-Top2,2,40000,2000,19000,0,0,19000,0,0,20000,20000,2000,0,0,18000,0,0.1,0.0,0.1,7c0db6a508405c6e5faed90cc7a0aaf9c157bc8dcaf01964878be0273e9110ff,250,10,1000,808,assigned_level_sensitivity,dynamic,periodic,0.0,False,True,,True,1.0,25.0,0.0,0.0,0.0,0,10000,10000,0.32074870589701165,8440,0.4488763780658826,0.3582141222452824,0.6417858777547176,0.318,0.12812767216887094,0.05,0.5664335664335665,0.5334665334665335,0.342,0.75,20020,10000
HBTASP-Top2,2,40000,2000,19000,0,0,19000,0,0,20000,20000,2000,0,0,18000,0,0.1,0.0,0.1,083e3ea276da6a3e412598e6c68637006b744fc8bf320c11d8720a44a8b9651e,250,10,1000,909,assigned_level_sensitivity,dynamic,periodic,0.0,False,True,,True,1.0,25.0,0.0,0.0,0.0,0,10000,10000,0.3165630277560437,8380,0.4473986131376302,0.3422921647790633,0.6577078352209367,0.322,0.13083558538158646,0.05,0.5664335664335665,0.5384615384615384,0.342,0.746,20020,10000
HBTASP-Top2,2,40000,2000,19000,0,0,19000,0,0,20000,20000,2000,0,0,18000,0,0.1,0.0,0.1,68ea0fce7b37202db849aac6d9e9e8f034cf2ed54c3f71c3a0acc77164b440af,250,10,1000,1010,assigned_level_sensitivity,dynamic,periodic,0.0,False,True,,True,1.0,25.0,0.0,0.0,0.0,0,10000,10000,0.3129330043370664,8380,0.4415822383839042,0.34015930200095595,0.6598406979990441,0.326,0.1286492340468378,0.05,0.5664335664335665,0.5334665334665335,0.33,0.742,20020,10000
HBTASP-Top2,2,16000,0,0,0,0,16000,0,0,8000,8000,0,0,0,8000,0,0.0,0.0,0.0,fea9df0e5bc7a230a70489d5bcf4a18f6c32d697339197b5d5168f82479f2f6b,300,4,1000,101,assigned_level_sensitivity,dynamic,periodic,0.0,False,True,,True,1.0,25.0,0.0,0.0,0.0,0,4000,4000,0.49396968992940266,4000,0.49396968992940266,0.632651560729509,0.367348439270491,0.064,0.0,1.0,0.5664335664335665,1.0,1.0,1.0,8008,4000
HBTASP-Top2,2,16000,0,0,0,0,16000,0,0,8000,8000,0,0,0,8000,0,0.0,0.0,0.0,3794649805058c12f86803d5d993c2430ce404ebfd6dca6a92588d3bb8a51f49,300,4,1000,202,assigned_level_sensitivity,dynamic,periodic,0.0,False,True,,True,1.0,25.0,0.0,0.0,0.0,0,4000,4000,0.4960601770082509,4000,0.4960601770082509,0.633941078882705,0.366058921117295,0.05625,0.0,1.0,0.5664335664335665,1.0,1.0,1.0,8008,4000
HBTASP-Top2,2,16000,0,0,0,0,16000,0,0,8000,8000,0,0,0,8000,0,0.0,0.0,0.0,42906da4c1dcf5bf8a95bff49113cff3b0b634df69b2f357933778f67226c392,300,4,1000,303,assigned_level_sensitivity,dynamic,periodic,0.0,False,True,,True,1.0,25.0,0.0,0.0,0.0,0,4000,4000,0.49393994693065957,4000,0.49393994693065957,0.6323713937569171,0.3676286062430829,0.06,0.0,1.0,0.5664335664335665,1.0,1.0,1.0,8008,4000
HBTASP-Top2,2,16000,0,0,0,0,16000,0,0,8000,8000,0,0,0,8000,0,0.0,0.0,0.0,d7ae345c469a2e050dbb532834796be4c4a960c2c24432d2961d1c0900e1d45c,300,4,1000,404,assigned_level_sensitivity,dynamic,periodic,0.0,False,True,,True,1.0,25.0,0.0,0.0,0.0,0,4000,4000,0.4938658307691444,4000,0.4938658307691444,0.6383151434988198,0.3616848565011802,0.062,0.0,1.0,0.5664335664335665,1.0,1.0,1.0,8008,4000
HBTASP-Top2,2,16000,0,0,0,0,16000,0,0,8000,8000,0,0,0,8000,0,0.0,0.0,0.0,0ab816e98e354553457e6bfbca9e5a2266cfb6907fa1e358c9a6d8398aa20cb1,300,4,1000,505,assigned_level_sensitivity,dynamic,periodic,0.0,False,True,,True,1.0,25.0,0.0,0.0,0.0,0,4000,4000,0.49609010193716235,4000,0.49609010193716235,0.6362583910997407,0.3637416089002593,0.064,0.0,1.0,0.5664335664335665,1.0,1.0,1.0,8008,4000
HBTASP-Top2,2,16000,0,0,0,0,16000,0,0,8000,8000,0,0,0,8000,0,0.0,0.0,0.0,9638b6b19feea1ec6c1c9cbcf7762c6f8d186a90e035066913842e2aea735625,300,4,1000,606,assigned_level_sensitivity,dynamic,periodic,0.0,False,True,,True,1.0,25.0,0.0,0.0,0.0,0,4000,4000,0.4949069902039138,4000,0.4949069902039138,0.6349162952743934,0.3650837047256066,0.066,0.0,1.0,0.5664335664335665,1.0,1.0,1.0,8008,4000
HBTASP-Top2,2,16000,0,0,0,0,16000,0,0,8000,8000,0,0,0,8000,0,0.0,0.0,0.0,0ce72acbac10c707dfbb9c08fc17238ffd983c3345f7a4742cf4a7afd9a2a1df,300,4,1000,707,assigned_level_sensitivity,dynamic,periodic,0.0,False,True,,True,1.0,25.0,0.0,0.0,0.0,0,4000,4000,0.4962265818283733,4000,0.4962265818283733,0.6372933974642869,0.3627066025357131,0.06,0.0,1.0,0.5664335664335665,1.0,1.0,1.0,8008,4000
HBTASP-Top2,2,16000,0,0,0,0,16000,0,0,8000,8000,0,0,0,8000,0,0.0,0.0,0.0,39908193cd623573ce9deca5c36c9213f4419a1e74d3fb0d368ae9554fc9e3b6,300,4,1000,808,assigned_level_sensitivity,dynamic,periodic,0.0,False,True,,True,1.0,25.0,0.0,0.0,0.0,0,4000,4000,0.49381472475207705,4000,0.49381472475207705,0.6338238789962225,0.3661761210037775,0.064,0.0,1.0,0.5664335664335665,1.0,1.0,1.0,8008,4000
HBTASP-Top2,2,16000,0,0,0,0,16000,0,0,8000,8000,0,0,0,8000,0,0.0,0.0,0.0,344c87fc908c45d6e9b3318bc571fa65b15383930d86a828a015a68096885222,300,4,1000,909,assigned_level_sensitivity,dynamic,periodic,0.0,False,True,,True,1.0,25.0,0.0,0.0,0.0,0,4000,4000,0.49047715883231136,4000,0.49047715883231136,0.6313726549616384,0.3686273450383616,0.06575,0.0,1.0,0.5664335664335665,1.0,1.0,1.0,8008,4000
HBTASP-Top2,2,16000,0,0,0,0,16000,0,0,8000,8000,0,0,0,8000,0,0.0,0.0,0.0,35c2c5d3a69c9f78d92cdf9dcc49f859669af30f34eda5d011a7c8f21482c2ad,300,4,1000,1010,assigned_level_sensitivity,dynamic,periodic,0.0,False,True,,True,1.0,25.0,0.0,0.0,0.0,0,4000,4000,0.4931581427113802,4000,0.4931581427113802,0.6319065094599421,0.3680934905400579,0.064,0.0,1.0,0.5664335664335665,1.0,1.0,1.0,8008,4000
HBTASP-Top2,2,24000,0,340,0,0,23660,0,0,12000,12000,0,0,0,12000,0,0.0,0.0,0.0,6cd1762b2760a3709c0240da2e0f567c95b4109a061d824aec40d0b9955e34c3,300,6,1000,101,assigned_level_sensitivity,dynamic,periodic,0.0,False,True,,True,1.0,25.0,0.0,0.0,0.0,0,6000,6000,0.4914468137036677,5996,0.49324821435821703,0.6328101626564764,0.3671898373435236,0.0675,0.0018014006545493122,0.9716666666666667,0.5664335664335665,0.9893439893439894,0.9786666666666667,0.996,12012,6000
HBTASP-Top2,2,24000,0,292,0,0,23708,0,0,12000,12000,0,0,0,12000,0,0.0,0.0,0.0,3519ed00a1344173ce498a9fad049d3c374dfdc54f941b50c812df85bd9a47ce,300,6,1000,202,assigned_level_sensitivity,dynamic,periodic,0.0,False,True,,True,1.0,25.0,0.0,0.0,0.0,0,6000,6000,0.4898086724257417,5988,0.4916108120179483,0.6326399867040893,0.3673600132959107,0.06683333333333333,0.0018021395922065975,0.9756666666666667,0.5664335664335665,0.991008991008991,0.982,0.9946666666666667,12012,6000
HBTASP-Top2,2,24000,0,316,0,0,23684,0,0,12000,12000,0,0,0,12000,0,0.0,0.0,0.0,d073e446af1083831654f1294f17fdef23ccc63ffe1130c83385091f672b7887,300,6,1000,303,assigned_level_sensitivity,dynamic,periodic,0.0,False,True,,True,1.0,25.0,0.0,0.0,0.0,0,6000,6000,0.4911397593862023,5992,0.49383493806959267,0.6322396215885784,0.3677603784114216,0.0665,0.0026951786833903646,0.9736666666666667,0.5664335664335665,0.9896769896769897,0.9793333333333333,0.9966666666666667,12012,6000
HBTASP-Top2,2,24000,0,336,0,0,23664,0,0,12000,12000,0,0,0,12000,0,0.0,0.0,0.0,909eb044c3aba28f7901f2e1788c5fdd2069f6ef02b52c6c12616d5747838f01,300,6,1000,404,assigned_level_sensitivity,dynamic,periodic,0.0,False,True,,True,1.0,25.0,0.0,0.0,0.0,0,6000,6000,0.4918406130261557,6000,0.49324656471762607,0.6341496586191403,0.3658503413808597,0.06516666666666666,0.0014059516914703418,0.972,0.5664335664335665,0.9903429903429903,0.9806666666666667,0.9966666666666667,12012,6000
HBTASP-Top2,2,24000,0,318,0,0,23682,0,0,12000,12000,0,0,0,12000,0,0.0,0.0,0.0,bab018486b1b8c756566191b73cc5a71f21367e45b105b097f902a0e8a7f245e,300,6,1000,505,assigned_level_sensitivity,dynamic,periodic,0.0,False,True,,True,1.0,25.0,0.0,0.0,0.0,0,6000,6000,0.4907474215274998,5988,0.4933163278065085,0.630613412631824,0.369386587368176,0.06633333333333333,0.0025689062790087425,0.9735,0.5664335664335665,0.9896769896769897,0.9793333333333333,0.9966666666666667,12012,6000
HBTASP-Top2,2,24000,0,308,0,0,23692,0,0,12000,12000,0,0,0,12000,0,0.0,0.0,0.0,a296f5607947240cc4e7c2f95a2193d520e6a46cf3a836f5786fb00d1a5d411e,300,6,1000,606,assigned_level_sensitivity,dynamic,periodic,0.0,False,True,,True,1.0,25.0,0.0,0.0,0.0,0,6000,6000,0.490535156335052,5992,0.49259201703846767,0.631303004743386,0.36869699525661404,0.06466666666666666,0.0020568607034156527,0.9743333333333334,0.5664335664335665,0.9893439893439894,0.9786666666666667,0.996,12012,6000
HBTASP-Top2,2,24000,0,328,0,0,23672,0,0,12000,12000,0,0,0,12000,0,0.0,0.0,0.0,9e05bab4fb503947a2608e173f2e700e5390d24c3eb79206bfe0910745992b01,300,6,1000,707,assigned_level_sensitivity,dynamic,periodic,0.0,False,True,,True,1.0,25.0,0.0,0.0,0.0,0,6000,6000,0.4896865053547578,5984,0.49289287013630145,0.6275010713357535,0.3724989286642465,0.06466666666666666,0.00320636478154368,0.9726666666666667,0.5664335664335665,0.988011988011988,0.976,0.996,12012,6000
HBTASP-Top2,2,24000,0,312,0,0,23688,0,0,12000,12000,0,0,0,12000,0,0.0,0.0,0.0,ec37fb395d81bf0d223d56724ce1b3540b48bfa4fef7e8d101dc7e02afc4d142,300,6,1000,808,assigned_level_sensitivity,dynamic,periodic,0.0,False,True,,True,1.0,25.0,0.0,0.0,0.0,0,6000,6000,0.4907299609483754,5988,0.49363375903679524,0.6296996690831583,0.37030033091684167,0.06466666666666666,0.00290379808841984,0.974,0.5664335664335665,0.987012987012987,0.9746666666666667,0.996,12012,6000
HBTASP-Top2,2,24000,0,292,0,0,23708,0,0,12000,12000,0,0,0,12000,0,0.0,0.0,0.0,260aec2d80dbbc88a5917b2a737946ce6d64d641eeff4b6e11ab002bccdd6edc,300,6,1000,909,assigned_level_sensitivity,dynamic,periodic,0.0,False,True,,True,1.0,25.0,0.0,0.0,0.0,0,6000,6000,0.48940908969403435,5996,0.4918773712396826,0.6316257792410094,0.3683742207589906,0.0665,0.0024682815456482654,0.9756666666666667,0.5664335664335665,0.99000999000999,0.98,0.9973333333333333,12012,6000
HBTASP-Top2,2,24000,0,295,0,0,23705,0,0,12000,12000,0,0,0,12000,0,0.0,0.0,0.0,7cb0a789c168459817ae6cced67fda05f541854a7d06afcb3f6e75c01664aebd,300,6,1000,1010,assigned_level_sensitivity,dynamic,periodic,0.0,False,True,,True,1.0,25.0,0.0,0.0,0.0,0,6000,6000,0.48936676113153327,5992,0.49174358842102456,0.6335800723224787,0.3664199276775213,0.06466666666666666,0.00237682728949129,0.9754166666666667,0.5664335664335665,0.9897602397602397,0.9795,0.9966666666666667,12012,6000
HBTASP-Top2,2,32000,0,1145,0,0,30855,0,0,16000,16000,0,0,0,16000,0,0.0,0.0,0.0,5dbef36ee87175fb4944d03e4f07d02d458fe3107cc2979611f321e04fe8d10a,300,8,1000,101,assigned_level_sensitivity,dynamic,periodic,0.0,False,True,,True,1.0,25.0,0.0,0.0,0.0,0,8000,8000,0.47096617362681537,7968,0.4776221818986993,0.6262173281747662,0.37378267182523384,0.083,0.006656008271883951,0.9284375,0.5664335664335665,0.9648476523476524,0.931625,0.98,16016,8000
HBTASP-Top2,2,32000,0,1080,0,0,30920,0,0,16000,16000,0,0,0,16000,0,0.0,0.0,0.0,8694b166c43eef51b4d82ddab82dcf37f8604cd927156608ccd52f788aa81f7a,300,8,1000,202,assigned_level_sensitivity,dynamic,periodic,0.0,False,True,,True,1.0,25.0,0.0,0.0,0.0,0,8000,8000,0.47307257469043335,7968,0.47959369574130184,0.6261240319134828,0.37387596808651724,0.07125,0.006521121050868495,0.9325,0.5664335664335665,0.9679695304695305,0.937875,0.985,16016,8000
HBTASP-Top2,2,32000,0,1160,0,0,30840,0,0,16000,16000,0,0,0,16000,0,0.0,0.0,0.0,1a34c2a325a1cfef4008e07d48e5cddcb4d85a337796bf1a243218f571eda6dc,300,8,1000,303,assigned_level_sensitivity,dynamic,periodic,0.0,False,True,,True,1.0,25.0,0.0,0.0,0.0,0,8000,8000,0.47240739278206556,8000,0.47792829007514376,0.6186237543429384,0.38137624565706163,0.074,0.005520897293078197,0.9275,0.5664335664335665,0.9631618381618382,0.92825,0.985,16016,8000
HBTASP-Top2,2,32000,0,1094,0,0,30906,0,0,16000,16000,0,0,0,16000,0,0.0,0.0,0.0,b7ae0d8d72b1ce441525fae2d3269bef5ebd04b7c7871b1eda5ba0e672dd7560,300,8,1000,404,assigned_level_sensitivity,dynamic,periodic,0.0,False,True,,True,1.0,25.0,0.0,0.0,0.0,0,8000,8000,0.4745876622091948,7992,0.47958708548056345,0.6252590297798781,0.37474097022012187,0.075,0.004999423271368653,0.931625,0.5664335664335665,0.9685314685314685,0.94,0.986,16016,8000
HBTASP-Top2,2,32000,0,1128,0,0,30872,0,0,16000,16000,0,0,0,16000,0,0.0,0.0,0.0,b066ae8870b5a2e890feef75561965c20ec0c65ad4945c06f3a7fa43ef54b617,300,8,1000,505,assigned_level_sensitivity,dynamic,periodic,0.0,False,True,,True,1.0,25.0,0.0,0.0,0.0,0,8000,8000,0.4723005302080484,7976,0.47938843685273674,0.6267707434629148,0.37322925653708516,0.075875,0.007087906644688335,0.9295,0.5664335664335665,0.9635989010989011,0.928125,0.981125,16016,8000
HBTASP-Top2,2,32000,0,1293,0,0,30707,0,0,16000,16000,0,0,0,16000,0,0.0,0.0,0.0,4643416f80628ff3720785f4f911902f1a3f98cc4d69865ed7a17e75b55ef2b4,300,8,1000,606,assigned_level_sensitivity,dynamic,periodic,0.0,False,True,,True,1.0,25.0,0.0,0.0,0.0,0,8000,8000,0.4723904563491865,7952,0.48056818577291427,0.6218992670736383,0.3781007329263617,0.080375,0.008177729423727742,0.9191875,0.5664335664335665,0.9636613386613386,0.92925,0.974625,16016,8000
HBTASP-Top2,2,32000,0,1185,0,0,30815,0,0,16000,16000,0,0,0,16000,0,0.0,0.0,0.0,56e65ed8126cec8371601b4858b17e1cb4873fef29c2dcdaa2ec23240ef909bb,300,8,1000,707,assigned_level_sensitivity,dynamic,periodic,0.0,False,True,,True,1.0,25.0,0.0,0.0,0.0,0,8000,8000,0.47140854231510126,7968,0.4795323507368759,0.620194660408203,0.37980533959179696,0.077,0.008123808421774625,0.9259375,0.5664335664335665,0.961038961038961,0.926,0.981,16016,8000
HBTASP-Top2,2,32000,0,1133,0,0,30867,0,0,16000,16000,0,0,0,16000,0,0.0,0.0,0.0,ca903a98ac008bf40a70057fd91e19660aa07c8bad46742799a9bc43dd243022,300,8,1000,808,assigned_level_sensitivity,dynamic,periodic,0.0,False,True,,True,1.0,25.0,0.0,0.0,0.0,0,8000,8000,0.47329014047202267,7992,0.47947368331337403,0.6233074790898917,0.3766925209101083,0.072,0.006183542841351364,0.9291875,0.5664335664335665,0.967032967032967,0.936,0.985,16016,8000
HBTASP-Top2,2,32000,0,1183,0,0,30817,0,0,16000,16000,0,0,0,16000,0,0.0,0.0,0.0,5fb9df3dc70a9959b293eaeb0ea9222a7dd79b5a27de04bbac22574b8505d833,300,8,1000,909,assigned_level_sensitivity,dynamic,periodic,0.0,False,True,,True,1.0,25.0,0.0,0.0,0.0,0,8000,8000,0.4736529894304498,7976,0.4810309580818588,0.6250123072759916,0.37498769272400845,0.08,0.007377968651408995,0.9260625,0.5664335664335665,0.9616008991008991,0.925125,0.982,16016,8000
HBTASP-Top2,2,32000,0,1192,0,0,30808,0,0,16000,16000,0,0,0,16000,0,0.0,0.0,0.0,22a3ce6feb0e19c261f559b26b2300c65e9cfa5960374a9d454f23c292386002,300,8,1000,1010,assigned_level_sensitivity,dynamic,periodic,0.0,False,True,,True,1.0,25.0,0.0,0.0,0.0,0,8000,8000,0.47028943720682065,7976,0.47746121888689014,0.6221762297240591,0.37782377027594094,0.082,0.007171781680069489,0.9255,0.5664335664335665,0.9555444555444556,0.913,0.979,16016,8000
HBTASP-Top2,2,40000,0,13000,0,0,27000,0,0,20000,20000,0,0,0,20000,0,0.0,0.0,0.0,18ce56e3401cc180311b2c7aaff038bfe4f38dd9e62ac4ecc37e61514f6812da,300,10,1000,101,assigned_level_sensitivity,dynamic,periodic,0.0,False,True,,True,1.0,25.0,0.0,0.0,0.0,0,10000,10000,0.3963558856516519,9540,0.45293461504599075,0.4715398121883925,0.5284601878116075,0.184,0.056578729394338834,0.35,0.5664335664335665,0.7552447552447552,0.568,0.882,20020,10000
HBTASP-Top2,2,40000,0,13000,0,0,27000,0,0,20000,20000,0,0,0,20000,0,0.0,0.0,0.0,b4542f3020fc3cfbdd1d1cacf1cd7651ad2fb2f06fe6b86173a264f4bd7cc3f4,300,10,1000,202,assigned_level_sensitivity,dynamic,periodic,0.0,False,True,,True,1.0,25.0,0.0,0.0,0.0,0,10000,10000,0.39675218130470746,9600,0.45095963724810045,0.4866703082603263,0.5133296917396737,0.184,0.05420745594339299,0.35,0.5664335664335665,0.7472527472527473,0.546,0.88,20020,10000
HBTASP-Top2,2,40000,0,13000,0,0,27000,0,0,20000,20000,0,0,0,20000,0,0.0,0.0,0.0,0d88931da09bfa9f11c30ff0d8cca0f46102c34ea52b46d02c6a1501264c3139,300,10,1000,303,assigned_level_sensitivity,dynamic,periodic,0.0,False,True,,True,1.0,25.0,0.0,0.0,0.0,0,10000,10000,0.39594440973907624,9560,0.453365753827789,0.4845751967247747,0.5154248032752253,0.174,0.057421344088712745,0.35,0.5664335664335665,0.7522477522477522,0.566,0.882,20020,10000
HBTASP-Top2,2,40000,0,13000,0,0,27000,0,0,20000,20000,0,0,0,20000,0,0.0,0.0,0.0,c6e1c31b88d903ac492beabe6c879043274fa5ceae5ab1cb92e8fec7159ea331,300,10,1000,404,assigned_level_sensitivity,dynamic,periodic,0.0,False,True,,True,1.0,25.0,0.0,0.0,0.0,0,10000,10000,0.3995441678558621,9620,0.4555064409803048,0.48339927848967995,0.5166007215103201,0.174,0.055962273124442685,0.35,0.5664335664335665,0.7482517482517482,0.548,0.892,20020,10000
HBTASP-Top2,2,40000,0,13000,0,0,27000,0,0,20000,20000,0,0,0,20000,0,0.0,0.0,0.0,93b91e07e92b4cf3ff536df4c2ef3b015cd1bcb85eb3cc3c4b6820b380f06e59,300,10,1000,505,assigned_level_sensitivity,dynamic,periodic,0.0,False,True,,True,1.0,25.0,0.0,0.0,0.0,0,10000,10000,0.3951858378033264,9600,0.45191216804159734,0.482276347997548,0.517723652002452,0.178,0.05672633023827095,0.35,0.5664335664335665,0.7472527472527473,0.556,0.886,20020,10000
HBTASP-Top2,2,40000,0,13000,0,0,27000,0,0,20000,20000,0,0,0,20000,0,0.0,0.0,0.0,fc166773a7853ce0ccb587946e81ec7eae7e8281878ba99d99872daac1698019,300,10,1000,606,assigned_level_sensitivity,dynamic,periodic,0.0,False,True,,True,1.0,25.0,0.0,0.0,0.0,0,10000,10000,0.3938537556712936,9560,0.4509526571875748,0.48148768497593686,0.5185123150240631,0.184,0.05709890151628122,0.35,0.5664335664335665,0.7392607392607392,0.54,0.88,20020,10000
HBTASP-Top2,2,40000,0,13000,0,0,27000,0,0,20000,20000,0,0,0,20000,0,0.0,0.0,0.0,47cc9541e7ee7b75040e39c8371edb73fcb4c11f1572a652aa6cd717ad7eb3c5,300,10,1000,707,assigned_level_sensitivity,dynamic,periodic,0.0,False,True,,True,1.0,25.0,0.0,0.0,0.0,0,10000,10000,0.3942611362451917,9560,0.45399550428734314,0.4876998950960559,0.5123001049039442,0.182,0.05973436804215143,0.35,0.5664335664335665,0.7422577422577422,0.532,0.884,20020,10000
HBTASP-Top2,2,40000,0,13000,0,0,27000,0,0,20000,20000,0,0,0,20000,0,0.0,0.0,0.0,26039f661a52db6c8ac9780de56b4384530447d6a1fafd35a4af0e1939b8a87a,300,10,1000,808,assigned_level_sensitivity,dynamic,periodic,0.0,False,True,,True,1.0,25.0,0.0,0.0,0.0,0,10000,10000,0.40172448123217036,9640,0.4558419200747427,0.4847182145871296,0.5152817854128704,0.17,0.05411743884257236,0.35,0.5664335664335665,0.7522477522477522,0.57,0.894,20020,10000
HBTASP-Top2,2,40000,0,13000,0,0,27000,0,0,20000,20000,0,0,0,20000,0,0.0,0.0,0.0,92e56eef794add71d716e287831e162f742f96950c104abf2e19e9210a90a376,300,10,1000,909,assigned_level_sensitivity,dynamic,periodic,0.0,False,True,,True,1.0,25.0,0.0,0.0,0.0,0,10000,10000,0.3987034184230392,9580,0.45312399832622957,0.4874436647191806,0.5125563352808193,0.182,0.05442057990319038,0.35,0.5664335664335665,0.7512487512487512,0.56,0.878,20020,10000
HBTASP-Top2,2,40000,0,13000,0,0,27000,0,0,20000,20000,0,0,0,20000,0,0.0,0.0,0.0,79f536adf3cc34667416e9df057a119c58b86034e64a37fdd4fc9c086d28ae7a,300,10,1000,1010,assigned_level_sensitivity,dynamic,periodic,0.0,False,True,,True,1.0,25.0,0.0,0.0,0.0,0,10000,10000,0.40313902361407855,9580,0.4580917655622337,0.49853183521895844,0.5014681647810415,0.174,0.05495274194815514,0.35,0.5664335664335665,0.7562437562437563,0.56,0.886,20020,10000
HBTASP-Top3,3,16000,6000,632,0,0,9368,0,0,12000,12000,6000,0,0,6000,0,0.5,0.0,0.5,27d54a8ef1cc0cac3cfa2a19e20a142b02a3a18a474cdbff892d297069efa367,100,4,1000,101,assigned_level_sensitivity,dynamic,periodic,0.0,False,True,,True,1.0,25.0,0.0,0.0,0.0,0,4000,4000,0.27286045126230996,2780,0.4323779800088605,0.348498473176547,0.651501526823453,0.4105,0.15951752874655056,0.842,0.7882117882117882,0.5654345654345654,0.508,0.638,8008,4000
HBTASP-Top3,3,16000,6000,720,0,0,9280,0,0,12000,12000,6000,0,0,6000,0,0.5,0.0,0.5,a87d0efa755e1a5271151eb3a9689accf968c55bf187fd68bc688b78b4aeba05,100,4,1000,202,assigned_level_sensitivity,dynamic,periodic,0.0,False,True,,True,1.0,25.0,0.0,0.0,0.0,0,4000,4000,0.27641486843847907,2744,0.4443895612301909,0.3492381255238706,0.6507618744761294,0.426,0.16797469279171184,0.82,0.7882117882117882,0.5444555444555444,0.502,0.626,8008,4000
HBTASP-Top3,3,16000,6000,696,0,0,9304,0,0,12000,12000,6000,0,0,6000,0,0.5,0.0,0.5,8e85383956f15bd27fea0daf7496dd2c480f8b6ce588ea8e9d7aa3ddafecc669,100,4,1000,303,assigned_level_sensitivity,dynamic,periodic,0.0,False,True,,True,1.0,25.0,0.0,0.0,0.0,0,4000,4000,0.2756083997516291,2750,0.43892958540658467,0.3580671149503081,0.6419328850496919,0.428,0.16332118565495557,0.826,0.7882117882117882,0.5584415584415584,0.506,0.632,8008,4000
HBTASP-Top3,3,16000,6000,776,0,0,9224,0,0,12000,12000,6000,0,0,6000,0,0.5,0.0,0.5,4bec66ae29e647d557b167cf476be011098d61ae8b2f48271d86eda18fdb7264,100,4,1000,404,assigned_level_sensitivity,dynamic,periodic,0.0,False,True,,True,1.0,25.0,0.0,0.0,0.0,0,4000,4000,0.2617554558641899,2735,0.4176318840183518,0.3285299307594404,0.6714700692405595,0.446,0.15587642815416186,0.806,0.7882117882117882,0.5444555444555444,0.498,0.622,8008,4000
HBTASP-Top3,3,16000,6000,616,0,0,9384,0,0,12000,12000,6000,0,0,6000,0,0.5,0.0,0.5,2bf944d015cb447ea7f65658aee7572d5f0a41fc4210aeb767e367713a5d38b3,100,4,1000,505,assigned_level_sensitivity,dynamic,periodic,0.0,False,True,,True,1.0,25.0,0.0,0.0,0.0,0,4000,4000,0.2726882999536256,2824,0.4255376872875048,0.35809879755698354,0.6419012024430164,0.406,0.1528493873338792,0.846,0.7882117882117882,0.5524475524475524,0.508,0.636,8008,4000
HBTASP-Top3,3,16000,6000,648,0,0,9352,0,0,12000,12000,6000,0,0,6000,0,0.5,0.0,0.5,2df30c8d23bcecc3ce932e8e784e5dc2d059bda9d92cd338c38d94294fec572d,100,4,1000,606,assigned_level_sensitivity,dynamic,periodic,0.0,False,True,,True,1.0,25.0,0.0,0.0,0.0,0,4000,4000,0.2778406902736023,2816,0.4342285672274718,0.32846247514126015,0.6715375248587399,0.406,0.15638787695386946,0.838,0.7882117882117882,0.5664335664335665,0.512,0.65,8008,4000
HBTASP-Top3,3,16000,6000,616,0,0,9384,0,0,12000,12000,6000,0,0,6000,0,0.5,0.0,0.5,1fc12e105720b142e962b0a3bdb1e1920e9985c9e68091157cf6ae99bcc118f3,100,4,1000,707,assigned_level_sensitivity,dynamic,periodic,0.0,False,True,,True,1.0,25.0,0.0,0.0,0.0,0,4000,4000,0.2709175824708109,2878,0.41368241973008063,0.3669363696212619,0.633063630378738,0.4185,0.14276483725926975,0.846,0.7882117882117882,0.5664335664335665,0.506,0.644,8008,4000
HBTASP-Top3,3,16000,6000,672,0,0,9328,0,0,12000,12000,6000,0,0,6000,0,0.5,0.0,0.5,3c598c40493da352e52ef839fb00fe50a7997732d7478614cc790847570cf513,100,4,1000,808,assigned_level_sensitivity,dynamic,periodic,0.0,False,True,,True,1.0,25.0,0.0,0.0,0.0,0,4000,4000,0.27889404482683955,2811,0.4340094471196767,0.36609948515712637,0.6339005148428736,0.41175,0.15511540229283716,0.832,0.7882117882117882,0.5734265734265734,0.512,0.642,8008,4000
HBTASP-Top3,3,16000,6000,728,0,0,9272,0,0,12000,12000,6000,0,0,6000,0,0.5,0.0,0.5,0581154529934725c846b04297386c899fd265e96884a1acd2c5a4d886aa73a1,100,4,1000,909,assigned_level_sensitivity,dynamic,periodic,0.0,False,True,,True,1.0,25.0,0.0,0.0,0.0,0,4000,4000,0.28380211968150193,2829,0.44264749504308726,0.3544364427745976,0.6455635572254024,0.40725,0.15884537536158533,0.818,0.7882117882117882,0.5744255744255744,0.504,0.652,8008,4000
HBTASP-Top3,3,16000,6000,608,0,0,9392,0,0,12000,12000,6000,0,0,6000,0,0.5,0.0,0.5,05b148db500f8199bab502af54ddd1ce58ce7048621e70987cde7ce3a8e7bd0a,100,4,1000,1010,assigned_level_sensitivity,dynamic,periodic,0.0,False,True,,True,1.0,25.0,0.0,0.0,0.0,0,4000,4000,0.2849644641463103,2881,0.4369184266368447,0.3670021767135664,0.6329978232864336,0.38575,0.1519539624905344,0.848,0.7882117882117882,0.5774225774225774,0.522,0.672,8008,4000
HBTASP-Top3,3,24000,12000,2008,0,0,9992,0,0,18000,18000,12000,0,0,6000,0,0.6666666666666666,0.0,0.6666666666666666,111d55a095b8ef900613e9154bfad46bab83350726874584a923cd7fb6b31c2a,100,6,1000,101,assigned_level_sensitivity,dynamic,periodic,0.0,False,True,,True,1.0,25.0,0.0,0.0,0.0,0,6000,6000,0.19729482596759468,3312,0.4104049512696991,0.25935910039723153,0.7406408996027685,0.562,0.21311012530210444,0.6653333333333333,0.7882117882117882,0.3966033966033966,0.32466666666666666,0.4806666666666667,12012,6000
HBTASP-Top3,3,24000,12000,2012,0,0,9988,0,0,18000,18000,12000,0,0,6000,0,0.6666666666666666,0.0,0.6666666666666666,cbfe02ec50f8fe5c5b1d9533c297d7d6bb79b0862f8e96dfde78f81c89a4211e,100,6,1000,202,assigned_level_sensitivity,dynamic,periodic,0.0,False,True,,True,1.0,25.0,0.0,0.0,0.0,0,6000,6000,0.196487546489466,3274,0.4171273424226343,0.2641110380539394,0.7358889619460607,0.5613333333333334,0.22063979593316826,0.6646666666666666,0.7882117882117882,0.3986013986013986,0.3233333333333333,0.478,12012,6000
HBTASP-Top3,3,24000,12000,2024,0,0,9976,0,0,18000,18000,12000,0,0,6000,0,0.6666666666666666,0.0,0.6666666666666666,646b87cbdb67fcf38a75d014332296dc4ffced3e0ea975be4c8d832a1c59389a,100,6,1000,303,assigned_level_sensitivity,dynamic,periodic,0.0,False,True,,True,1.0,25.0,0.0,0.0,0.0,0,6000,6000,0.19575767378775993,3250,0.41730411645799387,0.2560971141647855,0.7439028858352146,0.5636666666666666,0.22154644267023393,0.6626666666666666,0.7882117882117882,0.39726939726939725,0.32466666666666666,0.48,12012,6000
HBTASP-Top3,3,24000,12000,2016,0,0,9984,0,0,18000,18000,12000,0,0,6000,0,0.6666666666666666,0.0,0.6666666666666666,7ebb677a5bee7abcf39d7012cbc55a46ffbd761f15f0fca2994e1bd2e19e6df6,100,6,1000,404,assigned_level_sensitivity,dynamic,periodic,0.0,False,True,,True,1.0,25.0,0.0,0.0,0.0,0,6000,6000,0.19597924974776948,3321,0.4083968585403452,0.25939924887116506,0.7406007511288349,0.5626666666666666,0.2124176087925757,0.664,0.7882117882117882,0.3992673992673993,0.32466666666666666,0.484,12012,6000
HBTASP-Top3,3,24000,12000,2020,0,0,9980,0,0,18000,18000,12000,0,0,6000,0,0.6666666666666666,0.0,0.6666666666666666,fa2dfd5710e46e36d2d7a9da36d4bcc5b0b5d34c6cedada0f0ce86034098376a,100,6,1000,505,assigned_level_sensitivity,dynamic,periodic,0.0,False,True,,True,1.0,25.0,0.0,0.0,0.0,0,6000,6000,0.19545238068517828,3284,0.41157757769880615,0.26038504673831875,0.7396149532616813,0.5641666666666667,0.21612519701362787,0.6633333333333333,0.7882117882117882,0.39793539793539795,0.32466666666666666,0.4786666666666667,12012,6000
HBTASP-Top3,3,24000,12000,2008,0,0,9992,0,0,18000,18000,12000,0,0,6000,0,0.6666666666666666,0.0,0.6666666666666666,8ec022e8ca8954032cc8e05d4fd02390bc18733d22f23136569fb86bade06b17,100,6,1000,606,assigned_level_sensitivity,dynamic,periodic,0.0,False,True,,True,1.0,25.0,0.0,0.0,0.0,0,6000,6000,0.19874875244504622,3292,0.41842701867241183,0.2561817041487874,0.7438182958512126,0.5595,0.2196782662273656,0.6653333333333333,0.7882117882117882,0.39826839826839827,0.328,0.48133333333333334,12012,6000
HBTASP-Top3,3,24000,12000,2008,0,0,9992,0,0,18000,18000,12000,0,0,6000,0,0.6666666666666666,0.0,0.6666666666666666,2d0a95e1510c637db835fd15b3295cd7e8281d22eee4d616e3adcb2447067ac2,100,6,1000,707,assigned_level_sensitivity,dynamic,periodic,0.0,False,True,,True,1.0,25.0,0.0,0.0,0.0,0,6000,6000,0.19844203995800477,3326,0.41113724894687165,0.2547942017388486,0.7452057982611514,0.559,0.21269520898886687,0.6653333333333333,0.7882117882117882,0.3996003996003996,0.32866666666666666,0.4846666666666667,12012,6000
HBTASP-Top3,3,24000,12000,2028,0,0,9972,0,0,18000,18000,12000,0,0,6000,0,0.6666666666666666,0.0,0.6666666666666666,581f62d6015bf1000a522323bf54bd1e63a15f7b3a701048347994fbc66cad3c,100,6,1000,808,assigned_level_sensitivity,dynamic,periodic,0.0,False,True,,True,1.0,25.0,0.0,0.0,0.0,0,6000,6000,0.19833964034478482,3294,0.41618458108427686,0.26304056090763217,0.7369594390923678,0.555,0.21784494073949204,0.662,0.7882117882117882,0.4042624042624043,0.33266666666666667,0.4886666666666667,12012,6000
HBTASP-Top3,3,24000,12000,2012,0,0,9988,0,0,18000,18000,12000,0,0,6000,0,0.6666666666666666,0.0,0.6666666666666666,3e43c75da3ba078d768784c3657fc3da565b85a478ed761dca291820ba8b696d,100,6,1000,909,assigned_level_sensitivity,dynamic,periodic,0.0,False,True,,True,1.0,25.0,0.0,0.0,0.0,0,6000,6000,0.1954887404044107,3281,0.41188315405977155,0.2636958705498353,0.7363041294501647,0.5656666666666667,0.21639441365536086,0.6646666666666666,0.7882117882117882,0.39527139527139526,0.32133333333333336,0.476,12012,6000
HBTASP-Top3,3,24000,12000,2036,0,0,9964,0,0,18000,18000,12000,0,0,6000,0,0.6666666666666666,0.0,0.6666666666666666,2a99cd51892bd7aae37886bc6382daea880c420d244ae8ce98f44a8f6f918a12,100,6,1000,1010,assigned_level_sensitivity,dynamic,periodic,0.0,False,True,,True,1.0,25.0,0.0,0.0,0.0,0,6000,6000,0.1993503880220409,3279,0.42150111477102276,0.2619558583567884,0.7380441416432115,0.557,0.22215072674898187,0.6606666666666666,0.7882117882117882,0.3996003996003996,0.326,0.484,12012,6000
HBTASP-Top3,3,32000,18000,4000,0,0,10000,0,0,24000,24000,18000,0,0,6000,0,0.75,0.0,0.75,a217fda891fe74d82d91c3a5a35be83f9102f64d369f320f1db363e22b1f03f6,100,8,1000,101,assigned_level_sensitivity,dynamic,periodic,0.0,False,True,,True,1.0,25.0,0.0,0.0,0.0,0,8000,8000,0.14878128093535545,3621,0.40014050195242346,0.18663325661093907,0.8133667433890609,0.6475,0.251359221017068,0.5,0.7882117882117882,0.3026973026973027,0.217,0.386,16016,8000
HBTASP-Top3,3,32000,18000,4000,0,0,10000,0,0,24000,24000,18000,0,0,6000,0,0.75,0.0,0.75,ae6648e189ff4d9355c559ae7420e59bae8979951a3de101db70a7c706a5c7b8,100,8,1000,202,assigned_level_sensitivity,dynamic,periodic,0.0,False,True,,True,1.0,25.0,0.0,0.0,0.0,0,8000,8000,0.15267520556706554,3550,0.4217959176602124,0.19280997912059553,0.8071900208794045,0.6505,0.26912071209314686,0.5,0.7882117882117882,0.2947052947052947,0.214,0.385,16016,8000
HBTASP-Top3,3,32000,18000,4000,0,0,10000,0,0,24000,24000,18000,0,0,6000,0,0.75,0.0,0.75,3d584d2cdfd4abf3c59726dbfddaf924b4d8ac7b19981b5ec90576f0cbf40cf8,100,8,1000,303,assigned_level_sensitivity,dynamic,periodic,0.0,False,True,,True,1.0,25.0,0.0,0.0,0.0,0,8000,8000,0.1557870148080368,3543,0.42352700981012203,0.20080740573049025,0.7991925942695097,0.648,0.26773999500208523,0.5,0.7882117882117882,0.3011988011988012,0.224,0.382,16016,8000
HBTASP-Top3,3,32000,18000,4000,0,0,10000,0,0,24000,24000,18000,0,0,6000,0,0.75,0.0,0.75,521115c9df17b5494588d7fd1cbcb99e2932ba28d3cd5734931d6c288b09360c,100,8,1000,404,assigned_level_sensitivity,dynamic,periodic,0.0,False,True,,True,1.0,25.0,0.0,0.0,0.0,0,8000,8000,0.14320289736800848,3572,0.386836822008677,0.17869103501131012,0.8213089649886899,0.665,0.2436339246406685,0.5,0.7882117882117882,0.2932067932067932,0.218,0.373,16016,8000
HBTASP-Top3,3,32000,18000,4000,0,0,10000,0,0,24000,24000,18000,0,0,6000,0,0.75,0.0,0.75,40f0825674b647b5157d6991372286ccf375dfb882115aa7437d336427cd20af,100,8,1000,505,assigned_level_sensitivity,dynamic,periodic,0.0,False,True,,True,1.0,25.0,0.0,0.0,0.0,0,8000,8000,0.14835336108578087,3576,0.3974040006413242,0.19074638533913185,0.8092536146608682,0.653,0.24905063955554332,0.5,0.7882117882117882,0.2952047952047952,0.223,0.378,16016,8000
HBTASP-Top3,3,32000,18000,4000,0,0,10000,0,0,24000,24000,18000,0,0,6000,0,0.75,0.0,0.75,07b38ee7301c2b57660867a5bba82479d1c56001537987566ae1a016a67776cd,100,8,1000,606,assigned_level_sensitivity,dynamic,periodic,0.0,False,True,,True,1.0,25.0,0.0,0.0,0.0,0,8000,8000,0.1476193979645504,3519,0.40390799575315567,0.17066694864701773,0.8293330513529823,0.6545,0.25628859778860524,0.5,0.7882117882117882,0.2972027972027972,0.225,0.377,16016,8000
HBTASP-Top3,3,32000,18000,4000,0,0,10000,0,0,24000,24000,18000,0,0,6000,0,0.75,0.0,0.75,372041eea5acad51ba2295734ac6907ef95353ad9d778c3f9f7772239365ff75,100,8,1000,707,assigned_level_sensitivity,dynamic,periodic,0.0,False,True,,True,1.0,25.0,0.0,0.0,0.0,0,8000,8000,0.14723889233714357,3655,0.3899597552117423,0.19128406750845345,0.8087159324915465,0.65275,0.24272086287459874,0.5,0.7882117882117882,0.29920079920079923,0.218,0.38,16016,8000
HBTASP-Top3,3,32000,18000,4000,0,0,10000,0,0,24000,24000,18000,0,0,6000,0,0.75,0.0,0.75,6dc71499cdc59148b997465ba5c4567524c5662c6b144d8a54dc26471df6edab,100,8,1000,808,assigned_level_sensitivity,dynamic,periodic,0.0,False,True,,True,1.0,25.0,0.0,0.0,0.0,0,8000,8000,0.15254308490071794,3563,0.4077785584547658,0.20056238326891307,0.7994376167310869,0.648,0.25523547355404785,0.5,0.7882117882117882,0.3091908091908092,0.233,0.381,16016,8000
HBTASP-Top3,3,32000,18000,4000,0,0,10000,0,0,24000,24000,18000,0,0,6000,0,0.75,0.0,0.75,bbddaf15be1e9651d7c64061c8aa091c16a83b54bb02752940bcef710047f4f7,100,8,1000,909,assigned_level_sensitivity,dynamic,periodic,0.0,False,True,,True,1.0,25.0,0.0,0.0,0.0,0,8000,8000,0.1528617788111667,3576,0.4151091817629487,0.1840387705261048,0.8159612294738952,0.64875,0.262247402951782,0.5,0.7882117882117882,0.3006993006993007,0.216,0.379,16016,8000
HBTASP-Top3,3,32000,18000,4000,0,0,10000,0,0,24000,24000,18000,0,0,6000,0,0.75,0.0,0.75,97c32fb9a4077145653bf3c2b2e7e7ff1e4aa63dc5e03cf5fef2779129601e65,100,8,1000,1010,assigned_level_sensitivity,dynamic,periodic,0.0,False,True,,True,1.0,25.0,0.0,0.0,0.0,0,8000,8000,0.15382283867572613,3687,0.40741252996352817,0.18786926464453538,0.8121307353554647,0.640375,0.25358969128780207,0.5,0.7882117882117882,0.3051948051948052,0.226,0.393,16016,8000
HBTASP-Top3,3,40000,24000,6000,0,0,10000,0,0,30000,30000,24000,0,0,6000,0,0.8,0.0,0.8,9198e25a79cff693047658c5038e3fa05cc7142fa1a504e9d7fb8408164a9534,100,10,1000,101,assigned_level_sensitivity,dynamic,periodic,0.0,False,True,,True,1.0,25.0,0.0,0.0,0.0,0,10000,10000,0.12669766014043218,3844,0.40256159701558714,0.14426881324518007,0.85573118675482,0.6972,0.275863936875155,0.4,0.7882117882117882,0.25374625374625376,0.178,0.33,20020,10000
HBTASP-Top3,3,40000,24000,6000,0,0,10000,0,0,30000,30000,24000,0,0,6000,0,0.8,0.0,0.8,0d726357a54378185568410f4a71612bedcabfae7ec89086f745c70ad932eb5b,100,10,1000,202,assigned_level_sensitivity,dynamic,periodic,0.0,False,True,,True,1.0,25.0,0.0,0.0,0.0,0,10000,10000,0.13138754747414091,3921,0.4134135438301933,0.1962899471820552,0.8037100528179448,0.696,0.2820259963560524,0.4,0.7882117882117882,0.25074925074925075,0.172,0.328,20020,10000
HBTASP-Top3,3,40000,24000,6000,0,0,10000,0,0,30000,30000,24000,0,0,6000,0,0.8,0.0,0.8,cc78d0d078fac3b6bc3c2f189b9d4ae5fb89234c6a6b63df64879c0df1f86827,100,10,1000,303,assigned_level_sensitivity,dynamic,periodic,0.0,False,True,,True,1.0,25.0,0.0,0.0,0.0,0,10000,10000,0.12339543968690432,3871,0.3997084387356576,0.1449527577818458,0.8550472422181542,0.71,0.2763129990487533,0.4,0.7882117882117882,0.23876123876123875,0.178,0.324,20020,10000
HBTASP-Top3,3,40000,24000,6000,0,0,10000,0,0,30000,30000,24000,0,0,6000,0,0.8,0.0,0.8,9c0cb311ce583e8ca418fa5ea693aab2792cb4044b17f670439da38f01b504d4,100,10,1000,404,assigned_level_sensitivity,dynamic,periodic,0.0,False,True,,True,1.0,25.0,0.0,0.0,0.0,0,10000,10000,0.11935837825294995,3771,0.3965866835875407,0.152334881381557,0.847665118618443,0.702,0.27722830533459075,0.4,0.7882117882117882,0.26373626373626374,0.186,0.328,20020,10000
HBTASP-Top3,3,40000,24000,6000,0,0,10000,0,0,30000,30000,24000,0,0,6000,0,0.8,0.0,0.8,7661a2b789ab8537e2368ebce847e00a37a2cb36a5a52a6bcd5eb9688953daf6,100,10,1000,505,assigned_level_sensitivity,dynamic,periodic,0.0,False,True,,True,1.0,25.0,0.0,0.0,0.0,0,10000,10000,0.12053847185793466,3730,0.40558509464398,0.15915721504962352,0.8408427849503765,0.71,0.28504662278604537,0.4,0.7882117882117882,0.24575424575424576,0.166,0.31,20020,10000
HBTASP-Top3,3,40000,24000,6000,0,0,10000,0,0,30000,30000,24000,0,0,6000,0,0.8,0.0,0.8,c31931885f2c8975c17f67fca75e8ad005a7a56eb33fde7773eaf742895bcfa6,100,10,1000,606,assigned_level_sensitivity,dynamic,periodic,0.0,False,True,,True,1.0,25.0,0.0,0.0,0.0,0,10000,10000,0.11756374643116155,3820,0.3778889649009992,0.13452565027957764,0.8654743497204224,0.711,0.2603252184698377,0.4,0.7882117882117882,0.24175824175824176,0.168,0.314,20020,10000
HBTASP-Top3,3,40000,24000,6000,0,0,10000,0,0,30000,30000,24000,0,0,6000,0,0.8,0.0,0.8,ac5de87e0111778da1db59b3d19a0cee39cff66ecc5a009e886b517d6eaf0926,100,10,1000,707,assigned_level_sensitivity,dynamic,periodic,0.0,False,True,,True,1.0,25.0,0.0,0.0,0.0,0,10000,10000,0.12190770062199192,3784,0.4002121023905855,0.17345125321349208,0.8265487467865079,0.7091,0.2783044017685936,0.4,0.7882117882117882,0.24375624375624375,0.16,0.312,20020,10000
HBTASP-Top3,3,40000,24000,6000,0,0,10000,0,0,30000,30000,24000,0,0,6000,0,0.8,0.0,0.8,2d2d48f733b74368cbc3dfb1e3829fa2e516106a1f9536aa2a7394effb55e8a3,100,10,1000,808,assigned_level_sensitivity,dynamic,periodic,0.0,False,True,,True,1.0,25.0,0.0,0.0,0.0,0,10000,10000,0.12335694959783079,3759,0.40865868401256983,0.1514491943695258,0.8485508056304742,0.712,0.28530173441473905,0.4,0.7882117882117882,0.23976023976023977,0.178,0.31,20020,10000
HBTASP-Top3,3,40000,24000,6000,0,0,10000,0,0,30000,30000,24000,0,0,6000,0,0.8,0.0,0.8,2caf6af5317e57f3129b482e671810c41fe735e657eb88f145d9c494aa66e49f,100,10,1000,909,assigned_level_sensitivity,dynamic,periodic,0.0,False,True,,True,1.0,25.0,0.0,0.0,0.0,0,10000,10000,0.1240964794382402,3739,0.40955520510474946,0.14410820561173046,0.8558917943882696,0.7148,0.28545872566650926,0.4,0.7882117882117882,0.22977022977022976,0.16,0.312,20020,10000
HBTASP-Top3,3,40000,24000,6000,0,0,10000,0,0,30000,30000,24000,0,0,6000,0,0.8,0.0,0.8,29db7742f2fd80e2040af8b60f5b4077af8b7f3254bbdb4bc8b9ca2ece76845d,100,10,1000,1010,assigned_level_sensitivity,dynamic,periodic,0.0,False,True,,True,1.0,25.0,0.0,0.0,0.0,0,10000,10000,0.1258100110780709,3761,0.41640112513736516,0.15353594787888708,0.8464640521211129,0.706,0.2905911140592943,0.4,0.7882117882117882,0.24475524475524477,0.166,0.32,20020,10000
HBTASP-Top3,3,16000,2000,1208,0,0,12792,0,0,12000,12000,2000,0,0,10000,0,0.16666666666666666,0.0,0.16666666666666666,fab9c7209fa21c56f8189ec2cc2f9114a14d46705f80665840f7497c3d215f78,150,4,1000,101,assigned_level_sensitivity,dynamic,periodic,0.0,False,True,,True,1.0,25.0,0.0,0.0,0.0,0,4000,4000,0.39985210393262044,3640,0.46111633896839715,0.5356480944565762,0.46435190554342376,0.19575,0.061264235035776715,0.698,0.7882117882117882,0.8071928071928072,0.762,0.854,8008,4000
HBTASP-Top3,3,16000,2000,1256,0,0,12744,0,0,12000,12000,2000,0,0,10000,0,0.16666666666666666,0.0,0.16666666666666666,571b52006eafd9d8cdd360a3cbcbdd1edba37312e3567afa4a2b6784585c56a8,150,4,1000,202,assigned_level_sensitivity,dynamic,periodic,0.0,False,True,,True,1.0,25.0,0.0,0.0,0.0,0,4000,4000,0.39328740880055135,3656,0.4613713805172426,0.49887437622871844,0.5011256237712816,0.20375,0.06808397171669123,0.686,0.7882117882117882,0.7852147852147852,0.73,0.86,8008,4000
HBTASP-Top3,3,16000,2000,1208,0,0,12792,0,0,12000,12000,2000,0,0,10000,0,0.16666666666666666,0.0,0.16666666666666666,82dbfdae9b2523f49a54c8199f7f63dd3ba178fd11f14eabc5ed772882a4cc9d,150,4,1000,303,assigned_level_sensitivity,dynamic,periodic,0.0,False,True,,True,1.0,25.0,0.0,0.0,0.0,0,4000,4000,0.39366957602460106,3648,0.4635320841404938,0.5016060660312094,0.4983939339687906,0.19575,0.06986250811589273,0.698,0.7882117882117882,0.7892107892107892,0.736,0.86,8008,4000
HBTASP-Top3,3,16000,2000,1216,0,0,12784,0,0,12000,12000,2000,0,0,10000,0,0.16666666666666666,0.0,0.16666666666666666,4d3ed3b3be58e37b3844f3962d55de49c1b604f02155cb7eb4e04bf76c782c8d,150,4,1000,404,assigned_level_sensitivity,dynamic,periodic,0.0,False,True,,True,1.0,25.0,0.0,0.0,0.0,0,4000,4000,0.3949378155706451,3712,0.4534987265629628,0.5025710306526077,0.49742896934739234,0.196,0.058560910992317694,0.696,0.7882117882117882,0.7872127872127872,0.742,0.868,8008,4000
HBTASP-Top3,3,16000,2000,1192,0,0,12808,0,0,12000,12000,2000,0,0,10000,0,0.16666666666666666,0.0,0.16666666666666666,bf2e6363decdb94959c42128d7d6fe4add942577912dd6641eb1c45813024cc7,150,4,1000,505,assigned_level_sensitivity,dynamic,periodic,0.0,False,True,,True,1.0,25.0,0.0,0.0,0.0,0,4000,4000,0.3878448130376001,3648,0.45546688250622663,0.5162008571345439,0.4837991428654561,0.206,0.06762206946862653,0.702,0.7882117882117882,0.7822177822177823,0.742,0.854,8008,4000
HBTASP-Top3,3,16000,2000,1232,0,0,12768,0,0,12000,12000,2000,0,0,10000,0,0.16666666666666666,0.0,0.16666666666666666,b874510bcee878d244a69d41c30a4801c8d699dadccb4677d6e91b144fab4b07,150,4,1000,606,assigned_level_sensitivity,dynamic,periodic,0.0,False,True,,True,1.0,25.0,0.0,0.0,0.0,0,4000,4000,0.38219094572130974,3600,0.4489609477391431,0.47388901925981025,0.5261109807401898,0.224,0.06677000201783334,0.692,0.7882117882117882,0.7882117882117882,0.734,0.852,8008,4000
HBTASP-Top3,3,16000,2000,1240,0,0,12760,0,0,12000,12000,2000,0,0,10000,0,0.16666666666666666,0.0,0.16666666666666666,3ea79e3fc0b0bda114c0b0b8cbf7ae0a6f03e3965335f6b35281acca1e51d17f,150,4,1000,707,assigned_level_sensitivity,dynamic,periodic,0.0,False,True,,True,1.0,25.0,0.0,0.0,0.0,0,4000,4000,0.3911498201825275,3616,0.46190427761556824,0.5008867008554448,0.49911329914455516,0.197,0.07075445743304076,0.69,0.7882117882117882,0.7842157842157842,0.734,0.85,8008,4000
HBTASP-Top3,3,16000,2000,1200,0,0,12800,0,0,12000,12000,2000,0,0,10000,0,0.16666666666666666,0.0,0.16666666666666666,d6056ceec0e47193c3ade7c4a7cb0f25cba2e03d51ce6dd7b42990db8afa6700,150,4,1000,808,assigned_level_sensitivity,dynamic,periodic,0.0,False,True,,True,1.0,25.0,0.0,0.0,0.0,0,4000,4000,0.4058173626691599,3608,0.47582803196331713,0.518305045865699,0.48169495413430097,0.2,0.07001066929415722,0.7,0.7882117882117882,0.7952047952047953,0.744,0.856,8008,4000
HBTASP-Top3,3,16000,2000,1200,0,0,12800,0,0,12000,12000,2000,0,0,10000,0,0.16666666666666666,0.0,0.16666666666666666,8aa840cbee4eb09308dd99e06ecce76f393e77ce09eee04c763fd0dac96ce43b,150,4,1000,909,assigned_level_sensitivity,dynamic,periodic,0.0,False,True,,True,1.0,25.0,0.0,0.0,0.0,0,4000,4000,0.39754983945963185,3656,0.45933666524312644,0.5207143252200308,0.4792856747799692,0.198,0.06178682578349459,0.7,0.7882117882117882,0.7872127872127872,0.742,0.856,8008,4000
HBTASP-Top3,3,16000,2000,1176,0,0,12824,0,0,12000,12000,2000,0,0,10000,0,0.16666666666666666,0.0,0.16666666666666666,f0325ea14b3429541c1318381f31c52ca1ad909d5555d514240fbdf044eef674,150,4,1000,1010,assigned_level_sensitivity,dynamic,periodic,0.0,False,True,,True,1.0,25.0,0.0,0.0,0.0,0,4000,4000,0.3958821286110365,3648,0.46367665068303365,0.4956347343907473,0.5043652656092528,0.196,0.06779452207199715,0.706,0.7882117882117882,0.7922077922077922,0.744,0.858,8008,4000
HBTASP-Top3,3,24000,8000,3012,0,0,12988,0,0,18000,18000,8000,0,0,10000,0,0.4444444444444444,0.0,0.4444444444444444,2d8956e3ca3c19727d9fc0c7419c7dac464c45618d12469cbd9a410dde6a234a,150,6,1000,101,assigned_level_sensitivity,dynamic,periodic,0.0,False,True,,True,1.0,25.0,0.0,0.0,0.0,0,6000,6000,0.2674137115005573,3908,0.44434785743636906,0.3485903166744024,0.6514096833255976,0.44666666666666666,0.17693414593581175,0.498,0.7882117882117882,0.5417915417915418,0.46066666666666667,0.5966666666666667,12012,6000
HBTASP-Top3,3,24000,8000,3000,0,0,13000,0,0,18000,18000,8000,0,0,10000,0,0.4444444444444444,0.0,0.4444444444444444,7c4fba0b149fcacfd1e508183fb7192c7365476d95a8d0f7ed36a0c8171d22f4,150,6,1000,202,assigned_level_sensitivity,dynamic,periodic,0.0,False,True,,True,1.0,25.0,0.0,0.0,0.0,0,6000,6000,0.2677973730258071,3876,0.4502368333695001,0.3508401286256819,0.6491598713743181,0.444,0.18243946034369302,0.5,0.7882117882117882,0.5361305361305362,0.454,0.6006666666666667,12012,6000
HBTASP-Top3,3,24000,8000,3000,0,0,13000,0,0,18000,18000,8000,0,0,10000,0,0.4444444444444444,0.0,0.4444444444444444,0fdf7b5dca2236414869f42160de7027102d4e1452bcc80ce4992f37b6cf3c7b,150,6,1000,303,assigned_level_sensitivity,dynamic,periodic,0.0,False,True,,True,1.0,25.0,0.0,0.0,0.0,0,6000,6000,0.2725842068469278,3920,0.4564105842853585,0.34230323737786245,0.6576967626221375,0.43666666666666665,0.18382637743843072,0.5,0.7882117882117882,0.5354645354645354,0.4513333333333333,0.6033333333333334,12012,6000
HBTASP-Top3,3,24000,8000,3004,0,0,12996,0,0,18000,18000,8000,0,0,10000,0,0.4444444444444444,0.0,0.4444444444444444,cea5ddf0e180acb19e7f8f09a422feed6ae8c2c0e18579c1f6f559d8008fc783,150,6,1000,404,assigned_level_sensitivity,dynamic,periodic,0.0,False,True,,True,1.0,25.0,0.0,0.0,0.0,0,6000,6000,0.2694865115014854,3924,0.4467822929650766,0.34009909646220027,0.6599009035377997,0.44533333333333336,0.1772957814635912,0.49933333333333335,0.7882117882117882,0.5374625374625375,0.45666666666666667,0.5993333333333334,12012,6000
HBTASP-Top3,3,24000,8000,3008,0,0,12992,0,0,18000,18000,8000,0,0,10000,0,0.4444444444444444,0.0,0.4444444444444444,20688d99a60faedbb3386af7311f29c945c8865798028db81619d5911013a888,150,6,1000,505,assigned_level_sensitivity,dynamic,periodic,0.0,False,True,,True,1.0,25.0,0.0,0.0,0.0,0,6000,6000,0.26920739664600424,3892,0.45163464991217744,0.34376451818960096,0.656235481810399,0.444,0.1824272532661732,0.49866666666666665,0.7882117882117882,0.5331335331335332,0.4533333333333333,0.598,12012,6000
HBTASP-Top3,3,24000,8000,3004,0,0,12996,0,0,18000,18000,8000,0,0,10000,0,0.4444444444444444,0.0,0.4444444444444444,672933b3863051a58fea0ff8a8bcedca24ed142f8bb38598fb443259111a0dad,150,6,1000,606,assigned_level_sensitivity,dynamic,periodic,0.0,False,True,,True,1.0,25.0,0.0,0.0,0.0,0,6000,6000,0.26451576669740967,3889,0.44230496581328277,0.34054700781151237,0.6594529921884876,0.452,0.1777891991158731,0.49933333333333335,0.7882117882117882,0.5328005328005329,0.452,0.592,12012,6000
HBTASP-Top3,3,24000,8000,3008,0,0,12992,0,0,18000,18000,8000,0,0,10000,0,0.4444444444444444,0.0,0.4444444444444444,71b5083f3d7493db5578a8772dd75db784c503cd9dac7a441bc81bc67cba61c0,150,6,1000,707,assigned_level_sensitivity,dynamic,periodic,0.0,False,True,,True,1.0,25.0,0.0,0.0,0.0,0,6000,6000,0.26963388205281025,3940,0.4467365936145964,0.3392034660915949,0.6607965339084051,0.43833333333333335,0.17710271156178614,0.49866666666666665,0.7882117882117882,0.5331335331335332,0.45,0.602,12012,6000
HBTASP-Top3,3,24000,8000,3020,0,0,12980,0,0,18000,18000,8000,0,0,10000,0,0.4444444444444444,0.0,0.4444444444444444,23ea818058a4531180142e50cb58c7f72e0fe79bdc11d6b86a63dfd12bfd4a59,150,6,1000,808,assigned_level_sensitivity,dynamic,periodic,0.0,False,True,,True,1.0,25.0,0.0,0.0,0.0,0,6000,6000,0.2729671236440024,3892,0.451052497411805,0.3583474261689141,0.6416525738310859,0.44266666666666665,0.1780853737678026,0.49666666666666665,0.7882117882117882,0.5427905427905428,0.4646666666666667,0.6,12012,6000
HBTASP-Top3,3,24000,8000,3000,0,0,13000,0,0,18000,18000,8000,0,0,10000,0,0.4444444444444444,0.0,0.4444444444444444,b95ba9edd40c3c0054ba92a6c30f5f30aac9bebb0bbdf696435d9d9e00b907a7,150,6,1000,909,assigned_level_sensitivity,dynamic,periodic,0.0,False,True,,True,1.0,25.0,0.0,0.0,0.0,0,6000,6000,0.2696235392705432,3900,0.45032410324739197,0.3460729008914761,0.653927099108524,0.442,0.18070056397684875,0.5,0.7882117882117882,0.5347985347985348,0.45266666666666666,0.5973333333333334,12012,6000
HBTASP-Top3,3,24000,8000,3016,0,0,12984,0,0,18000,18000,8000,0,0,10000,0,0.4444444444444444,0.0,0.4444444444444444,a2313ec42405c74c6ae0e6094c8abc9aae8fca1b38ba3dcd55d7f1bbc3dbfa6a,150,6,1000,1010,assigned_level_sensitivity,dynamic,periodic,0.0,False,True,,True,1.0,25.0,0.0,0.0,0.0,0,6000,6000,0.2729325447484869,3916,0.4586012918665596,0.34548445958011004,0.6545155404198899,0.43466666666666665,0.18566874711807274,0.49733333333333335,0.7882117882117882,0.5421245421245421,0.4533333333333333,0.6073333333333333,12012,6000
HBTASP-Top3,3,32000,14000,5000,0,0,13000,0,0,24000,24000,14000,0,0,10000,0,0.5833333333333334,0.0,0.5833333333333334,18e324f184c670bbc85d1888e81734100739281efe86428a62e3e56fc1ff6667,150,8,1000,101,assigned_level_sensitivity,dynamic,periodic,0.0,False,True,,True,1.0,25.0,0.0,0.0,0.0,0,8000,8000,0.20993023822346615,4343,0.4378404943661737,0.266608954866741,0.733391045133259,0.549875,0.22791025614270757,0.375,0.7882117882117882,0.4150849150849151,0.326,0.484,16016,8000
HBTASP-Top3,3,32000,14000,5000,0,0,13000,0,0,24000,24000,14000,0,0,10000,0,0.5833333333333334,0.0,0.5833333333333334,f361bc9c4362348ed4ad762a818a0a3bc91de1389fdf817a2d8e3fc27239ad9f,150,8,1000,202,assigned_level_sensitivity,dynamic,periodic,0.0,False,True,,True,1.0,25.0,0.0,0.0,0.0,0,8000,8000,0.21053791385746462,4351,0.4477896063842013,0.2624609495129884,0.7375390504870116,0.548875,0.23725169252673667,0.375,0.7882117882117882,0.4075924075924076,0.315,0.49,16016,8000
HBTASP-Top3,3,32000,14000,5000,0,0,13000,0,0,24000,24000,14000,0,0,10000,0,0.5833333333333334,0.0,0.5833333333333334,fe5902933fd1c2769bd759451fc729dc0b0aff3cecbe0bc13162db3dbb067406,150,8,1000,303,assigned_level_sensitivity,dynamic,periodic,0.0,False,True,,True,1.0,25.0,0.0,0.0,0.0,0,8000,8000,0.2102574462260906,4289,0.4453882898599918,0.2582604334584482,0.7417395665415518,0.548,0.2351308436339012,0.375,0.7882117882117882,0.4070929070929071,0.315,0.485,16016,8000
HBTASP-Top3,3,32000,14000,5000,0,0,13000,0,0,24000,24000,14000,0,0,10000,0,0.5833333333333334,0.0,0.5833333333333334,8d67b8519579123844c89eabbf545be410195af4acd97e29a31214c0d8095d4b,150,8,1000,404,assigned_level_sensitivity,dynamic,periodic,0.0,False,True,,True,1.0,25.0,0.0,0.0,0.0,0,8000,8000,0.20604774132900766,4320,0.434093549771017,0.24763777575613555,0.7523622242438645,0.56,0.22804580844200933,0.375,0.7882117882117882,0.4015984015984016,0.308,0.481,16016,8000
HBTASP-Top3,3,32000,14000,5000,0,0,13000,0,0,24000,24000,14000,0,0,10000,0,0.5833333333333334,0.0,0.5833333333333334,0ff8d9b1e38bd7b76ecaa92f10a5a0b07c3304bbed8d03a26ad8dd1aad4a379f,150,8,1000,505,assigned_level_sensitivity,dynamic,periodic,0.0,False,True,,True,1.0,25.0,0.0,0.0,0.0,0,8000,8000,0.20033871196347927,4351,0.42048011367869664,0.2556480454129314,0.7443519545870686,0.562875,0.22014140171521737,0.375,0.7882117882117882,0.3971028971028971,0.312,0.476,16016,8000
HBTASP-Top3,3,32000,14000,5000,0,0,13000,0,0,24000,24000,14000,0,0,10000,0,0.5833333333333334,0.0,0.5833333333333334,16dfff58383cf9eec1e0d0aafba98e17b0134c3a08749023da5ded29a8a20d50,150,8,1000,606,assigned_level_sensitivity,dynamic,periodic,0.0,False,True,,True,1.0,25.0,0.0,0.0,0.0,0,8000,8000,0.19926383190051708,4280,0.4190802296757868,0.24279723498524694,0.757202765014753,0.566125,0.2198163977752697,0.375,0.7882117882117882,0.4085914085914086,0.323,0.475,16016,8000
HBTASP-Top3,3,32000,14000,5000,0,0,13000,0,0,24000,24000,14000,0,0,10000,0,0.5833333333333334,0.0,0.5833333333333334,49448c5622d448fde79b3a5161ede9a341e960e9bb51bf64fe3d6d361c325522,150,8,1000,707,assigned_level_sensitivity,dynamic,periodic,0.0,False,True,,True,1.0,25.0,0.0,0.0,0.0,0,8000,8000,0.2047622957877947,4320,0.4348277980371511,0.2518024363728771,0.748197563627123,0.55,0.2300655022493564,0.375,0.7882117882117882,0.4025974025974026,0.31,0.481,16016,8000
HBTASP-Top3,3,32000,14000,5000,0,0,13000,0,0,24000,24000,14000,0,0,10000,0,0.5833333333333334,0.0,0.5833333333333334,c48305e1d718f6b717b08d5f33a496bf01df1d30a2513232946e643d9dec03ea,150,8,1000,808,assigned_level_sensitivity,dynamic,periodic,0.0,False,True,,True,1.0,25.0,0.0,0.0,0.0,0,8000,8000,0.213936947400066,4305,0.4490572313410738,0.26628229946445164,0.7337177005355484,0.55,0.23512028394100778,0.375,0.7882117882117882,0.4140859140859141,0.329,0.484,16016,8000
HBTASP-Top3,3,32000,14000,5000,0,0,13000,0,0,24000,24000,14000,0,0,10000,0,0.5833333333333334,0.0,0.5833333333333334,4023da57f8e518e3b98b2084244da0c2f86feb3ae9f198c5094317967bf9281f,150,8,1000,909,assigned_level_sensitivity,dynamic,periodic,0.0,False,True,,True,1.0,25.0,0.0,0.0,0.0,0,8000,8000,0.20937671864273022,4249,0.44318752104166304,0.2600179475012098,0.7399820524987901,0.553125,0.23381080239893282,0.375,0.7882117882117882,0.4065934065934066,0.323,0.48,16016,8000
HBTASP-Top3,3,32000,14000,5000,0,0,13000,0,0,24000,24000,14000,0,0,10000,0,0.5833333333333334,0.0,0.5833333333333334,84db8cffab25e0a1b2140262a8360c6c809f7526e9e15598a14178d3360dc323,150,8,1000,1010,assigned_level_sensitivity,dynamic,periodic,0.0,False,True,,True,1.0,25.0,0.0,0.0,0.0,0,8000,8000,0.2110867184118777,4345,0.44385616675824174,0.2527648921439582,0.7472351078560417,0.547875,0.23276944834636404,0.375,0.7882117882117882,0.4130869130869131,0.326,0.489,16016,8000
HBTASP-Top3,3,40000,20000,7000,0,0,13000,0,0,30000,30000,20000,0,0,10000,0,0.6666666666666666,0.0,0.6666666666666666,79085ae99162293cc9f28557d285318f8a719d4932d0a8f9b3d2912e94f1eb2d,150,10,1000,101,assigned_level_sensitivity,dynamic,periodic,0.0,False,True,,True,1.0,25.0,0.0,0.0,0.0,0,10000,10000,0.1640139310977243,4583,0.4120669844161188,0.18470298220803721,0.8152970177919627,0.634,0.24805305331839447,0.3,0.7882117882117882,0.3276723276723277,0.244,0.384,20020,10000
HBTASP-Top3,3,40000,20000,7000,0,0,13000,0,0,30000,30000,20000,0,0,10000,0,0.6666666666666666,0.0,0.6666666666666666,a245b04c218a19914c9c0624721c27de514d854a3b7aad10236fce8d712a08e0,150,10,1000,202,assigned_level_sensitivity,dynamic,periodic,0.0,False,True,,True,1.0,25.0,0.0,0.0,0.0,0,10000,10000,0.1803789792766092,4659,0.4408731307979764,0.23550281399245684,0.7644971860075431,0.6161,0.26049415152136723,0.3,0.7882117882117882,0.33466533466533466,0.254,0.412,20020,10000
HBTASP-Top3,3,40000,20000,7000,0,0,13000,0,0,30000,30000,20000,0,0,10000,0,0.6666666666666666,0.0,0.6666666666666666,7113bebac8e3316b02ed8a522ded08c752b9c2073f3a079b987bb6dbe8c61f54,150,10,1000,303,assigned_level_sensitivity,dynamic,periodic,0.0,False,True,,True,1.0,25.0,0.0,0.0,0.0,0,10000,10000,0.16639094638818566,4618,0.4205559389962485,0.171762074689597,0.828237925310403,0.636,0.2541649926080628,0.3,0.7882117882117882,0.3166833166833167,0.264,0.404,20020,10000
HBTASP-Top3,3,40000,20000,7000,0,0,13000,0,0,30000,30000,20000,0,0,10000,0,0.6666666666666666,0.0,0.6666666666666666,6b7f9483cb20fc2412209232cabcd089b9edf2786c856089472adcfe50692444,150,10,1000,404,assigned_level_sensitivity,dynamic,periodic,0.0,False,True,,True,1.0,25.0,0.0,0.0,0.0,0,10000,10000,0.17234154300032123,4638,0.4312702782146772,0.21018725110865427,0.7898127488913458,0.6263,0.258928735214356,0.3,0.7882117882117882,0.3336663336663337,0.252,0.406,20020,10000
HBTASP-Top3,3,40000,20000,7000,0,0,13000,0,0,30000,30000,20000,0,0,10000,0,0.6666666666666666,0.0,0.6666666666666666,3f4a21b70ff9816bef8143708ce6d873690d9035cd84c84024091eaa1dc5a4a4,150,10,1000,505,assigned_level_sensitivity,dynamic,periodic,0.0,False,True,,True,1.0,25.0,0.0,0.0,0.0,0,10000,10000,0.15401086045028178,4399,0.4054418127291876,0.2008878383382991,0.799112161661701,0.6521,0.25143095227890583,0.3,0.7882117882117882,0.31868131868131866,0.24,0.386,20020,10000
HBTASP-Top3,3,40000,20000,7000,0,0,13000,0,0,30000,30000,20000,0,0,10000,0,0.6666666666666666,0.0,0.6666666666666666,c3a246699048b7d3ee7d0d943c36eebddd34bbcb385100cfcf8df7c5172187a6,150,10,1000,606,assigned_level_sensitivity,dynamic,periodic,0.0,False,True,,True,1.0,25.0,0.0,0.0,0.0,0,10000,10000,0.15653840853483694,4469,0.40438441292041305,0.1876539177093799,0.8123460822906201,0.65,0.2478460043855761,0.3,0.7882117882117882,0.32167832167832167,0.242,0.394,20020,10000
HBTASP-Top3,3,40000,20000,7000,0,0,13000,0,0,30000,30000,20000,0,0,10000,0,0.6666666666666666,0.0,0.6666666666666666,6b320ee71275efe361d9d74d8ca836e256d82473843a0a4d4c5b62ee5ae238ee,150,10,1000,707,assigned_level_sensitivity,dynamic,periodic,0.0,False,True,,True,1.0,25.0,0.0,0.0,0.0,0,10000,10000,0.16633617563828274,4640,0.41496070693549036,0.19328112369458386,0.8067188763054162,0.6299,0.24862453129720763,0.3,0.7882117882117882,0.3256743256743257,0.246,0.404,20020,10000
HBTASP-Top3,3,40000,20000,7000,0,0,13000,0,0,30000,30000,20000,0,0,10000,0,0.6666666666666666,0.0,0.6666666666666666,fb8572bca9ceed446f449e310ac58c1bdc4d46b49b11ba12c4dbb5e210cf8f32,150,10,1000,808,assigned_level_sensitivity,dynamic,periodic,0.0,False,True,,True,1.0,25.0,0.0,0.0,0.0,0,10000,10000,0.1733636535888941,4719,0.42298493721774877,0.2074479533592465,0.7925520466407535,0.628,0.24962128362885466,0.3,0.7882117882117882,0.3176823176823177,0.248,0.406,20020,10000
HBTASP-Top3,3,40000,20000,7000,0,0,13000,0,0,30000,30000,20000,0,0,10000,0,0.6666666666666666,0.0,0.6666666666666666,0f50e1c3129e84f349236666a4a9fadd40acb811baef21a833a46ecff10af859,150,10,1000,909,assigned_level_sensitivity,dynamic,periodic,0.0,False,True,,True,1.0,25.0,0.0,0.0,0.0,0,10000,10000,0.17717306458480775,4800,0.42899766760766217,0.21736119473945503,0.782638805260545,0.61,0.2518246030228544,0.3,0.7882117882117882,0.32867132867132864,0.24,0.42,20020,10000
HBTASP-Top3,3,40000,20000,7000,0,0,13000,0,0,30000,30000,20000,0,0,10000,0,0.6666666666666666,0.0,0.6666666666666666,c3b43b5a3f2f79c77f33a03bd2d69d117b076fdd514c4cde19e26a322f941456,150,10,1000,1010,assigned_level_sensitivity,dynamic,periodic,0.0,False,True,,True,1.0,25.0,0.0,0.0,0.0,0,10000,10000,0.16468940087590836,4299,0.4387837193472141,0.19471225846314033,0.8052877415368597,0.642,0.2740943184713057,0.3,0.7882117882117882,0.3196803196803197,0.244,0.388,20020,10000
HBTASP-Top3,3,16000,0,176,0,0,15824,0,0,12000,12000,0,0,0,12000,0,0.0,0.0,0.0,f607cc0908cdad06e9c9e3db171b5a2e2a6bc42d9ceebb06930670b8b2962ded,200,4,1000,101,assigned_level_sensitivity,dynamic,periodic,0.0,False,True,,True,1.0,25.0,0.0,0.0,0.0,0,4000,4000,0.4891554045423517,3992,0.4906652966368032,0.6335414143906912,0.3664585856093088,0.07,0.0015098920944515148,0.956,0.7882117882117882,0.9920079920079921,0.984,0.99,8008,4000
HBTASP-Top3,3,16000,0,176,0,0,15824,0,0,12000,12000,0,0,0,12000,0,0.0,0.0,0.0,f234d12681edb0ef6a697206d7e6491d2a41a7ec777b09ff089dbc3f06afd2e1,200,4,1000,202,assigned_level_sensitivity,dynamic,periodic,0.0,False,True,,True,1.0,25.0,0.0,0.0,0.0,0,4000,4000,0.4837884564483787,3992,0.4866523596026646,0.6297149179475094,0.37028508205249056,0.07,0.0028639031542859184,0.956,0.7882117882117882,0.988011988011988,0.976,0.992,8008,4000
HBTASP-Top3,3,16000,0,184,0,0,15816,0,0,12000,12000,0,0,0,12000,0,0.0,0.0,0.0,99b4cce9c2544dc45f052eba7498380e2074f9ea47f5093f1f10bb79bc19b73b,200,4,1000,303,assigned_level_sensitivity,dynamic,periodic,0.0,False,True,,True,1.0,25.0,0.0,0.0,0.0,0,4000,4000,0.48874271542473247,4000,0.4889693200307814,0.6335783619768826,0.36642163802311745,0.07,0.00022660460604895238,0.954,0.7882117882117882,0.9920079920079921,0.984,0.992,8008,4000
HBTASP-Top3,3,16000,0,182,0,0,15818,0,0,12000,12000,0,0,0,12000,0,0.0,0.0,0.0,c583fdfa52f37f02d6059156d3d83ce3aae10d439092ef5193d4f78258f248ef,200,4,1000,404,assigned_level_sensitivity,dynamic,periodic,0.0,False,True,,True,1.0,25.0,0.0,0.0,0.0,0,4000,4000,0.490708093716984,3984,0.49381847304124216,0.6312223609181993,0.3687776390818007,0.064,0.0031103793242581723,0.9545,0.7882117882117882,0.993006993006993,0.986,0.994,8008,4000
HBTASP-Top3,3,16000,0,144,0,0,15856,0,0,12000,12000,0,0,0,12000,0,0.0,0.0,0.0,e38089d9b3fad2d6082f50ba1f85f97d80a1dae71ef47c2d253bc6c7fec44083,200,4,1000,505,assigned_level_sensitivity,dynamic,periodic,0.0,False,True,,True,1.0,25.0,0.0,0.0,0.0,0,4000,4000,0.48886078570883024,3992,0.4916186935236174,0.6267214319326551,0.37327856806734494,0.066,0.002757907814787186,0.964,0.7882117882117882,0.99000999000999,0.98,0.996,8008,4000
HBTASP-Top3,3,16000,0,272,0,0,15728,0,0,12000,12000,0,0,0,12000,0,0.0,0.0,0.0,4fa2b3404ca81ef4d6a9c269f9db3615ee2a512018a5d073d5c21e063eb38263,200,4,1000,606,assigned_level_sensitivity,dynamic,periodic,0.0,False,True,,True,1.0,25.0,0.0,0.0,0.0,0,4000,4000,0.48576254990160467,4000,0.4880316055025654,0.6209526526058949,0.37904734739410506,0.07375,0.0022690556009607454,0.932,0.7882117882117882,0.9820179820179821,0.964,0.992,8008,4000
HBTASP-Top3,3,16000,0,192,0,0,15808,0,0,12000,12000,0,0,0,12000,0,0.0,0.0,0.0,c1d58203a01ed1e1355252e8169b7775adc91e4124ed4168a2af117bac0b9102,200,4,1000,707,assigned_level_sensitivity,dynamic,periodic,0.0,False,True,,True,1.0,25.0,0.0,0.0,0.0,0,4000,4000,0.49202391170914156,4000,0.4937439862562974,0.6317843227826853,0.36821567721731474,0.064,0.0017200745471558365,0.952,0.7882117882117882,0.993006993006993,0.986,1.0,8008,4000
HBTASP-Top3,3,16000,0,192,0,0,15808,0,0,12000,12000,0,0,0,12000,0,0.0,0.0,0.0,149fc3cc7fc17cd4e3b9a37ec8a1caf7a32388d80027e7d20216b45bb9425c51,200,4,1000,808,assigned_level_sensitivity,dynamic,periodic,0.0,False,True,,True,1.0,25.0,0.0,0.0,0.0,0,4000,4000,0.4918316237940276,3992,0.495396667044616,0.627425455514488,0.37257454448551197,0.064,0.0035650432505883733,0.952,0.7882117882117882,0.991008991008991,0.982,0.996,8008,4000
HBTASP-Top3,3,16000,0,200,0,0,15800,0,0,12000,12000,0,0,0,12000,0,0.0,0.0,0.0,4fbd66685e552363c85ba5deb49529f5acc3af28b6f7e6535356c602a303c391,200,4,1000,909,assigned_level_sensitivity,dynamic,periodic,0.0,False,True,,True,1.0,25.0,0.0,0.0,0.0,0,4000,4000,0.48811212964593176,3992,0.4914890872212866,0.6294925627167245,0.3705074372832755,0.07,0.003376957575354833,0.95,0.7882117882117882,0.986013986013986,0.972,0.992,8008,4000
HBTASP-Top3,3,16000,0,120,0,0,15880,0,0,12000,12000,0,0,0,12000,0,0.0,0.0,0.0,0a2951197bf19e0fd3401ab4d6bd40b769d6310001bdfa374c01874495e17db8,200,4,1000,1010,assigned_level_sensitivity,dynamic,periodic,0.0,False,True,,True,1.0,25.0,0.0,0.0,0.0,0,4000,4000,0.4926723985235256,3992,0.4939028267953752,0.6365869732166474,0.36341302678335263,0.066,0.001230428271849604,0.97,0.7882117882117882,0.993006993006993,0.986,0.994,8008,4000
HBTASP-Top3,3,24000,4000,3000,0,0,17000,0,0,18000,18000,4000,0,0,14000,0,0.2222222222222222,0.0,0.2222222222222222,669dd97096e214f047f3e7743670275907e7f3fb67a8f27829a6db08a76ea574,200,6,1000,101,assigned_level_sensitivity,dynamic,periodic,0.0,False,True,,True,1.0,25.0,0.0,0.0,0.0,0,6000,6000,0.3546064247534715,4828,0.46143923631706224,0.4623237241584296,0.5376762758415704,0.29,0.10683281156359076,0.5,0.7882117882117882,0.7196137196137196,0.6166666666666667,0.7613333333333333,12012,6000
HBTASP-Top3,3,24000,4000,3000,0,0,17000,0,0,18000,18000,4000,0,0,14000,0,0.2222222222222222,0.0,0.2222222222222222,f92369cddf35c8fb898beb5be27e6212eb216b97e5b0ab800d05c9b5114d4d33,200,6,1000,202,assigned_level_sensitivity,dynamic,periodic,0.0,False,True,,True,1.0,25.0,0.0,0.0,0.0,0,6000,6000,0.35413016392632307,4832,0.4600277296940044,0.46513011965852546,0.5348698803414745,0.294,0.10589756576768133,0.5,0.7882117882117882,0.7136197136197137,0.6213333333333333,0.7593333333333333,12012,6000
HBTASP-Top3,3,24000,4000,3000,0,0,17000,0,0,18000,18000,4000,0,0,14000,0,0.2222222222222222,0.0,0.2222222222222222,156007d11c7b00a4c6a2012024df19d7a96312fb736687a42702f8994e3be99f,200,6,1000,303,assigned_level_sensitivity,dynamic,periodic,0.0,False,True,,True,1.0,25.0,0.0,0.0,0.0,0,6000,6000,0.3548707006206089,4800,0.46590951333506125,0.45219998937799827,0.5478000106220018,0.294,0.11103881271445237,0.5,0.7882117882117882,0.7066267066267067,0.6033333333333334,0.7573333333333333,12012,6000
HBTASP-Top3,3,24000,4000,3000,0,0,17000,0,0,18000,18000,4000,0,0,14000,0,0.2222222222222222,0.0,0.2222222222222222,f415ce10636731b0168211e6bb23008ba8eed67e136222a4aa927cb45b0f342a,200,6,1000,404,assigned_level_sensitivity,dynamic,periodic,0.0,False,True,,True,1.0,25.0,0.0,0.0,0.0,0,6000,6000,0.3644092028828837,4852,0.47465194564804347,0.4596217902479968,0.5403782097520031,0.27666666666666667,0.11024274276515977,0.5,0.7882117882117882,0.7192807192807192,0.6206666666666667,0.7753333333333333,12012,6000
HBTASP-Top3,3,24000,4000,3000,0,0,17000,0,0,18000,18000,4000,0,0,14000,0,0.2222222222222222,0.0,0.2222222222222222,eb555cfb538b706c1bb46e3f026b00d04fafdfebc2449ffb39ab26ca927334a5,200,6,1000,505,assigned_level_sensitivity,dynamic,periodic,0.0,False,True,,True,1.0,25.0,0.0,0.0,0.0,0,6000,6000,0.3579818615873935,4820,0.46693888311154097,0.46396810124410676,0.5360318987558932,0.28933333333333333,0.10895702152414749,0.5,0.7882117882117882,0.7132867132867133,0.6173333333333333,0.7633333333333333,12012,6000
HBTASP-Top3,3,24000,4000,3000,0,0,17000,0,0,18000,18000,4000,0,0,14000,0,0.2222222222222222,0.0,0.2222222222222222,2e6b71420f7b44162a0c75a2a9d53e68555ca8ac7225552b0a6b012d7a4af230,200,6,1000,606,assigned_level_sensitivity,dynamic,periodic,0.0,False,True,,True,1.0,25.0,0.0,0.0,0.0,0,6000,6000,0.3588910860518996,4836,0.46682170871121087,0.46830336711684883,0.5316966328831512,0.2846666666666667,0.10793062265931125,0.5,0.7882117882117882,0.7166167166167167,0.616,0.7666666666666667,12012,6000
HBTASP-Top3,3,24000,4000,3000,0,0,17000,0,0,18000,18000,4000,0,0,14000,0,0.2222222222222222,0.0,0.2222222222222222,27596ff148f8ca0c84cd3b4b0b8eb14568fc677840d928204ea91ec05f340401,200,6,1000,707,assigned_level_sensitivity,dynamic,periodic,0.0,False,True,,True,1.0,25.0,0.0,0.0,0.0,0,6000,6000,0.3588066630674647,4860,0.46405393652067856,0.46226789408210256,0.5377321059178974,0.2866666666666667,0.10524727345321383,0.5,0.7882117882117882,0.7132867132867133,0.6133333333333333,0.7653333333333333,12012,6000
HBTASP-Top3,3,24000,4000,3000,0,0,17000,0,0,18000,18000,4000,0,0,14000,0,0.2222222222222222,0.0,0.2222222222222222,e8e9365b0f99bb8384bdcc4995698cb82e33f9370194b91642ba9c356aeef154,200,6,1000,808,assigned_level_sensitivity,dynamic,periodic,0.0,False,True,,True,1.0,25.0,0.0,0.0,0.0,0,6000,6000,0.36359397001149013,4836,0.4710421163440905,0.4786024226241713,0.5213975773758287,0.2813333333333333,0.10744814633260036,0.5,0.7882117882117882,0.7226107226107226,0.6246666666666667,0.7693333333333333,12012,6000
HBTASP-Top3,3,24000,4000,3000,0,0,17000,0,0,18000,18000,4000,0,0,14000,0,0.2222222222222222,0.0,0.2222222222222222,89fcb8eefc8bdf0e4aac072a684da43a227536d1ba426f395e467d64a70ad0bf,200,6,1000,909,assigned_level_sensitivity,dynamic,periodic,0.0,False,True,,True,1.0,25.0,0.0,0.0,0.0,0,6000,6000,0.3570146807474591,4836,0.4621262513513111,0.4592880461844415,0.5407119538155585,0.29133333333333333,0.10511157060385196,0.5,0.7882117882117882,0.7122877122877123,0.6146666666666667,0.758,12012,6000
HBTASP-Top3,3,24000,4000,3000,0,0,17000,0,0,18000,18000,4000,0,0,14000,0,0.2222222222222222,0.0,0.2222222222222222,f69841848eadcf3eec4e85c00ae30e8e0888c536fb018935f7b32de22912dbb6,200,6,1000,1010,assigned_level_sensitivity,dynamic,periodic,0.0,False,True,,True,1.0,25.0,0.0,0.0,0.0,0,6000,6000,0.3584440552274144,4848,0.46437822277813007,0.45893026111853086,0.5410697388814691,0.282,0.10593416755071566,0.5,0.7882117882117882,0.7176157176157176,0.616,0.766,12012,6000
HBTASP-Top3,3,32000,10000,5000,0,0,17000,0,0,24000,24000,10000,0,0,14000,0,0.4166666666666667,0.0,0.4166666666666667,927a66226cf0bc29828a11d31616aa9244b80b944532d55bbfd61aa682da162d,200,8,1000,101,assigned_level_sensitivity,dynamic,periodic,0.0,False,True,,True,1.0,25.0,0.0,0.0,0.0,0,8000,8000,0.2747848517040806,5200,0.4540570896851925,0.34052799481307816,0.6594720051869218,0.44,0.17927223798111186,0.375,0.7882117882117882,0.544955044955045,0.446,0.602,16016,8000
HBTASP-Top3,3,32000,10000,5000,0,0,17000,0,0,24000,24000,10000,0,0,14000,0,0.4166666666666667,0.0,0.4166666666666667,927ed06a768334c0cc9908de54062d8d25ca15019cc3c066051db3ec66b9f644,200,8,1000,202,assigned_level_sensitivity,dynamic,periodic,0.0,False,True,,True,1.0,25.0,0.0,0.0,0.0,0,8000,8000,0.2714914212152819,5216,0.4507029630936536,0.34643202538466084,0.6535679746153391,0.445,0.17921154187837168,0.375,0.7882117882117882,0.5369630369630369,0.442,0.601,16016,8000
HBTASP-Top3,3,32000,10000,5000,0,0,17000,0,0,24000,24000,10000,0,0,14000,0,0.4166666666666667,0.0,0.4166666666666667,92c72b1f89f0d6a752cb2c4240ac203a87ef49c35ac3461b7c932fd2aed9f6ef,200,8,1000,303,assigned_level_sensitivity,dynamic,periodic,0.0,False,True,,True,1.0,25.0,0.0,0.0,0.0,0,8000,8000,0.2711841276409667,5104,0.4576912695443784,0.3341999633862403,0.6658000366137597,0.449,0.18650714190341167,0.375,0.7882117882117882,0.5344655344655345,0.433,0.592,16016,8000
HBTASP-Top3,3,32000,10000,5000,0,0,17000,0,0,24000,24000,10000,0,0,14000,0,0.4166666666666667,0.0,0.4166666666666667,8abb4b638f615a04869d8ae7cbdb9b7c0bb97992ac21b9c9f95b5aeb5460631a,200,8,1000,404,assigned_level_sensitivity,dynamic,periodic,0.0,False,True,,True,1.0,25.0,0.0,0.0,0.0,0,8000,8000,0.27464803574277113,5192,0.4542881943862246,0.3368349671461157,0.6631650328538843,0.445,0.17964015864345345,0.375,0.7882117882117882,0.541958041958042,0.443,0.598,16016,8000
HBTASP-Top3,3,32000,10000,5000,0,0,17000,0,0,24000,24000,10000,0,0,14000,0,0.4166666666666667,0.0,0.4166666666666667,c27b4080021eed17d1e6a57d470033695f160f831c0ee192dc911948efbdd114,200,8,1000,505,assigned_level_sensitivity,dynamic,periodic,0.0,False,True,,True,1.0,25.0,0.0,0.0,0.0,0,8000,8000,0.2719372688258843,5168,0.4517660168240311,0.3410863505272109,0.6589136494727891,0.445,0.1798287479981468,0.375,0.7882117882117882,0.535964035964036,0.441,0.597,16016,8000
HBTASP-Top3,3,32000,10000,5000,0,0,17000,0,0,24000,24000,10000,0,0,14000,0,0.4166666666666667,0.0,0.4166666666666667,dcb5b0b4dbc030249f41a77f50558fead1f300abd963b5dc1a5816b8d53ff538,200,8,1000,606,assigned_level_sensitivity,dynamic,periodic,0.0,False,True,,True,1.0,25.0,0.0,0.0,0.0,0,8000,8000,0.27111142012376294,5136,0.4525472131843014,0.338145174299053,0.661854825700947,0.447,0.18143579306053847,0.375,0.7882117882117882,0.5384615384615384,0.44,0.594,16016,8000
HBTASP-Top3,3,32000,10000,5000,0,0,17000,0,0,24000,24000,10000,0,0,14000,0,0.4166666666666667,0.0,0.4166666666666667,bb74f8da23abeb5448c1becff09a4d7a077983e2fa6edc6ffbf3e908dba5bf69,200,8,1000,707,assigned_level_sensitivity,dynamic,periodic,0.0,False,True,,True,1.0,25.0,0.0,0.0,0.0,0,8000,8000,0.2719188471632032,5184,0.45445602092608994,0.3375201357132442,0.6624798642867558,0.445,0.18253717376288675,0.375,0.7882117882117882,0.5374625374625375,0.439,0.594,16016,8000
HBTASP-Top3,3,32000,10000,5000,0,0,17000,0,0,24000,24000,10000,0,0,14000,0,0.4166666666666667,0.0,0.4166666666666667,63927b96b262cd05d0d659a50a968913b61a2de7af0d2f625f8b7feba92e5afb,200,8,1000,808,assigned_level_sensitivity,dynamic,periodic,0.0,False,True,,True,1.0,25.0,0.0,0.0,0.0,0,8000,8000,0.27673603279545933,5144,0.46230766564505965,0.3558623764440159,0.6441376235559841,0.438,0.18557163284960032,0.375,0.7882117882117882,0.5454545454545454,0.444,0.605,16016,8000
HBTASP-Top3,3,32000,10000,5000,0,0,17000,0,0,24000,24000,10000,0,0,14000,0,0.4166666666666667,0.0,0.4166666666666667,c3653dd265c07251d1f7630530f7137896827e8d9b930b6056227d5ffde1c800,200,8,1000,909,assigned_level_sensitivity,dynamic,periodic,0.0,False,True,,True,1.0,25.0,0.0,0.0,0.0,0,8000,8000,0.27263449931569667,5144,0.45243557006999474,0.3392498514884252,0.6607501485115748,0.45,0.17980107075429808,0.375,0.7882117882117882,0.5374625374625375,0.438,0.588,16016,8000
HBTASP-Top3,3,32000,10000,5000,0,0,17000,0,0,24000,24000,10000,0,0,14000,0,0.4166666666666667,0.0,0.4166666666666667,12ca13e5d098e38aa1a599d9d797e6b191b57ee3cb574d22f37bcc5fa8351c4d,200,8,1000,1010,assigned_level_sensitivity,dynamic,periodic,0.0,False,True,,True,1.0,25.0,0.0,0.0,0.0,0,8000,8000,0.27619280579955274,5280,0.452810977288251,0.34043126755731573,0.6595687324426842,0.433,0.17661817148869824,0.375,0.7882117882117882,0.541958041958042,0.435,0.606,16016,8000
HBTASP-Top3,3,40000,16000,7000,0,0,17000,0,0,30000,30000,16000,0,0,14000,0,0.5333333333333333,0.0,0.5333333333333333,c2b2bc2b21371ceacca0ca44964bd0b350f8fdae3bef1aa9b8fe782c79d47204,200,10,1000,101,assigned_level_sensitivity,dynamic,periodic,0.0,False,True,,True,1.0,25.0,0.0,0.0,0.0,0,10000,10000,0.21577178653314985,5460,0.43109465248013373,0.23624208305751435,0.7637579169424856,0.546,0.21532286594698388,0.3,0.7882117882117882,0.43156843156843155,0.34,0.492,20020,10000
HBTASP-Top3,3,40000,16000,7000,0,0,17000,0,0,30000,30000,16000,0,0,14000,0,0.5333333333333333,0.0,0.5333333333333333,d0f4b63fc2d7692982ece3cc46035d87a0ef2d3571591f068ef6af1ed8103f80,200,10,1000,202,assigned_level_sensitivity,dynamic,periodic,0.0,False,True,,True,1.0,25.0,0.0,0.0,0.0,0,10000,10000,0.23680795498585508,5820,0.4562903520312409,0.30854848862735573,0.6914515113726443,0.502,0.21948239704538583,0.3,0.7882117882117882,0.43956043956043955,0.34,0.526,20020,10000
HBTASP-Top3,3,40000,16000,7000,0,0,17000,0,0,30000,30000,16000,0,0,14000,0,0.5333333333333333,0.0,0.5333333333333333,ed6b28813712fa535239035bd7ac14cd6eab43267b8ce98bc3406f193b95e304,200,10,1000,303,assigned_level_sensitivity,dynamic,periodic,0.0,False,True,,True,1.0,25.0,0.0,0.0,0.0,0,10000,10000,0.22182043270124774,5500,0.44633845957782986,0.25348648798129847,0.7465135120187015,0.536,0.22451802687658212,0.3,0.7882117882117882,0.4255744255744256,0.354,0.506,20020,10000
HBTASP-Top3,3,40000,16000,7000,0,0,17000,0,0,30000,30000,16000,0,0,14000,0,0.5333333333333333,0.0,0.5333333333333333,17fea8524fb31c188f14bb2e8f528cccc51c8d70191813d595f5d6e8a6a0332e,200,10,1000,404,assigned_level_sensitivity,dynamic,periodic,0.0,False,True,,True,1.0,25.0,0.0,0.0,0.0,0,10000,10000,0.23346989419460287,5540,0.46953327352873764,0.2990322081567247,0.7009677918432753,0.514,0.23606337933413477,0.3,0.7882117882117882,0.45254745254745254,0.336,0.518,20020,10000
HBTASP-Top3,3,40000,16000,7000,0,0,17000,0,0,30000,30000,16000,0,0,14000,0,0.5333333333333333,0.0,0.5333333333333333,67a0569b14af45f6d1789900e6ae25bd793ae59e90b55e810e8ac8a3580aa77d,200,10,1000,505,assigned_level_sensitivity,dynamic,periodic,0.0,False,True,,True,1.0,25.0,0.0,0.0,0.0,0,10000,10000,0.21485238559961017,5400,0.4385846654486403,0.2814229020303327,0.7185770979696673,0.548,0.2237322798490301,0.3,0.7882117882117882,0.43656343656343655,0.332,0.496,20020,10000
HBTASP-Top3,3,40000,16000,7000,0,0,17000,0,0,30000,30000,16000,0,0,14000,0,0.5333333333333333,0.0,0.5333333333333333,2e23b48aa23f10f4ff4911354f31b5912035d83aad5a73e4906aee21935f2369,200,10,1000,606,assigned_level_sensitivity,dynamic,periodic,0.0,False,True,,True,1.0,25.0,0.0,0.0,0.0,0,10000,10000,0.20904445079317047,5440,0.42173911202110903,0.24591414922340832,0.7540858507765917,0.558,0.21269466122793856,0.3,0.7882117882117882,0.42357642357642356,0.34,0.49,20020,10000
HBTASP-Top3,3,40000,16000,7000,0,0,17000,0,0,30000,30000,16000,0,0,14000,0,0.5333333333333333,0.0,0.5333333333333333,ee6944da9d7546b9ee03e179eb30c3ff6eab2ae064f36470290f891a7a27a75c,200,10,1000,707,assigned_level_sensitivity,dynamic,periodic,0.0,False,True,,True,1.0,25.0,0.0,0.0,0.0,0,10000,10000,0.21574004995509344,5560,0.4301785560953535,0.2572879062245947,0.7427120937754053,0.538,0.21443850614026005,0.3,0.7882117882117882,0.42857142857142855,0.332,0.496,20020,10000
HBTASP-Top3,3,40000,16000,7000,0,0,17000,0,0,30000,30000,16000,0,0,14000,0,0.5333333333333333,0.0,0.5333333333333333,20e6e9fb5dfdd25e908d6f44f25f68b73516fef9ea4edad2fcdf3c96c75de62f,200,10,1000,808,assigned_level_sensitivity,dynamic,periodic,0.0,False,True,,True,1.0,25.0,0.0,0.0,0.0,0,10000,10000,0.2182410679239595,5560,0.43967437946717647,0.27237298952996486,0.7276270104700351,0.536,0.22143331154321697,0.3,0.7882117882117882,0.42357642357642356,0.338,0.506,20020,10000
HBTASP-Top3,3,40000,16000,7000,0,0,17000,0,0,30000,30000,16000,0,0,14000,0,0.5333333333333333,0.0,0.5333333333333333,9356478e70b74fb2ab1ab99e1bf5388eecdb24447b354604c19ad09d64bf2273,200,10,1000,909,assigned_level_sensitivity,dynamic,periodic,0.0,False,True,,True,1.0,25.0,0.0,0.0,0.0,0,10000,10000,0.22472708975587674,5520,0.448617774747827,0.2732552805786919,0.7267447194213081,0.528,0.22389068499195025,0.3,0.7882117882117882,0.4325674325674326,0.34,0.506,20020,10000
HBTASP-Top3,3,40000,16000,7000,0,0,17000,0,0,30000,30000,16000,0,0,14000,0,0.5333333333333333,0.0,0.5333333333333333,114595712f941b954bc680e35385ddb44048979fc3de172456aae996515c9168,200,10,1000,1010,assigned_level_sensitivity,dynamic,periodic,0.0,False,True,,True,1.0,25.0,0.0,0.0,0.0,0,10000,10000,0.21538733926581627,5380,0.44236637533102935,0.25846668465208394,0.741533315347916,0.538,0.22697903606521308,0.3,0.7882117882117882,0.42957042957042957,0.332,0.502,20020,10000
HBTASP-Top3,3,16000,0,0,0,0,16000,0,0,12000,12000,0,0,0,12000,0,0.0,0.0,0.0,f607cc0908cdad06e9c9e3db171b5a2e2a6bc42d9ceebb06930670b8b2962ded,250,4,1000,101,assigned_level_sensitivity,dynamic,periodic,0.0,False,True,,True,1.0,25.0,0.0,0.0,0.0,0,4000,4000,0.4924779238857791,4000,0.4924779238857791,0.6320714341705289,0.3679285658294711,0.062,0.0,1.0,0.7882117882117882,1.0,1.0,1.0,8008,4000
HBTASP-Top3,3,16000,0,0,0,0,16000,0,0,12000,12000,0,0,0,12000,0,0.0,0.0,0.0,f234d12681edb0ef6a697206d7e6491d2a41a7ec777b09ff089dbc3f06afd2e1,250,4,1000,202,assigned_level_sensitivity,dynamic,periodic,0.0,False,True,,True,1.0,25.0,0.0,0.0,0.0,0,4000,4000,0.4930092068031214,4000,0.4930092068031214,0.6347142787316011,0.36528572126839887,0.064,0.0,1.0,0.7882117882117882,1.0,1.0,1.0,8008,4000
HBTASP-Top3,3,16000,0,0,0,0,16000,0,0,12000,12000,0,0,0,12000,0,0.0,0.0,0.0,99b4cce9c2544dc45f052eba7498380e2074f9ea47f5093f1f10bb79bc19b73b,250,4,1000,303,assigned_level_sensitivity,dynamic,periodic,0.0,False,True,,True,1.0,25.0,0.0,0.0,0.0,0,4000,4000,0.4955603075049423,4000,0.4955603075049423,0.6384591422340707,0.36154085776592926,0.066,0.0,1.0,0.7882117882117882,1.0,1.0,1.0,8008,4000
HBTASP-Top3,3,16000,0,0,0,0,16000,0,0,12000,12000,0,0,0,12000,0,0.0,0.0,0.0,c583fdfa52f37f02d6059156d3d83ce3aae10d439092ef5193d4f78258f248ef,250,4,1000,404,assigned_level_sensitivity,dynamic,periodic,0.0,False,True,,True,1.0,25.0,0.0,0.0,0.0,0,4000,4000,0.4954067219726034,4000,0.4954067219726034,0.6355604773669349,0.3644395226330651,0.064,0.0,1.0,0.7882117882117882,1.0,1.0,1.0,8008,4000
HBTASP-Top3,3,16000,0,0,0,0,16000,0,0,12000,12000,0,0,0,12000,0,0.0,0.0,0.0,e38089d9b3fad2d6082f50ba1f85f97d80a1dae71ef47c2d253bc6c7fec44083,250,4,1000,505,assigned_level_sensitivity,dynamic,periodic,0.0,False,True,,True,1.0,25.0,0.0,0.0,0.0,0,4000,4000,0.49274157182822215,4000,0.49274157182822215,0.6344463417603503,0.3655536582396497,0.062,0.0,1.0,0.7882117882117882,1.0,1.0,1.0,8008,4000
HBTASP-Top3,3,16000,0,0,0,0,16000,0,0,12000,12000,0,0,0,12000,0,0.0,0.0,0.0,4fa2b3404ca81ef4d6a9c269f9db3615ee2a512018a5d073d5c21e063eb38263,250,4,1000,606,assigned_level_sensitivity,dynamic,periodic,0.0,False,True,,True,1.0,25.0,0.0,0.0,0.0,0,4000,4000,0.49226795530412654,4000,0.49226795530412654,0.6302694099291208,0.36973059007087916,0.06425,0.0,1.0,0.7882117882117882,1.0,1.0,1.0,8008,4000
HBTASP-Top3,3,16000,0,0,0,0,16000,0,0,12000,12000,0,0,0,12000,0,0.0,0.0,0.0,c1d58203a01ed1e1355252e8169b7775adc91e4124ed4168a2af117bac0b9102,250,4,1000,707,assigned_level_sensitivity,dynamic,periodic,0.0,False,True,,True,1.0,25.0,0.0,0.0,0.0,0,4000,4000,0.4926119706982699,4000,0.4926119706982699,0.6342109940850067,0.3657890059149933,0.066,0.0,1.0,0.7882117882117882,1.0,1.0,1.0,8008,4000
HBTASP-Top3,3,16000,0,0,0,0,16000,0,0,12000,12000,0,0,0,12000,0,0.0,0.0,0.0,149fc3cc7fc17cd4e3b9a37ec8a1caf7a32388d80027e7d20216b45bb9425c51,250,4,1000,808,assigned_level_sensitivity,dynamic,periodic,0.0,False,True,,True,1.0,25.0,0.0,0.0,0.0,0,4000,4000,0.493357787313589,4000,0.493357787313589,0.6361145572170773,0.3638854427829227,0.062,0.0,1.0,0.7882117882117882,1.0,1.0,1.0,8008,4000
HBTASP-Top3,3,16000,0,0,0,0,16000,0,0,12000,12000,0,0,0,12000,0,0.0,0.0,0.0,4fbd66685e552363c85ba5deb49529f5acc3af28b6f7e6535356c602a303c391,250,4,1000,909,assigned_level_sensitivity,dynamic,periodic,0.0,False,True,,True,1.0,25.0,0.0,0.0,0.0,0,4000,4000,0.4929085629582041,4000,0.4929085629582041,0.6341074357501465,0.3658925642498535,0.06575,0.0,1.0,0.7882117882117882,1.0,1.0,1.0,8008,4000
HBTASP-Top3,3,16000,0,0,0,0,16000,0,0,12000,12000,0,0,0,12000,0,0.0,0.0,0.0,0a2951197bf19e0fd3401ab4d6bd40b769d6310001bdfa374c01874495e17db8,250,4,1000,1010,assigned_level_sensitivity,dynamic,periodic,0.0,False,True,,True,1.0,25.0,0.0,0.0,0.0,0,4000,4000,0.49316033277173293,4000,0.49316033277173293,0.631293566932747,0.36870643306725304,0.062,0.0,1.0,0.7882117882117882,1.0,1.0,1.0,8008,4000
HBTASP-Top3,3,24000,0,5000,0,0,19000,0,0,18000,18000,0,0,0,18000,0,0.0,0.0,0.0,fce39fa4c6b11bce8c4e921c440de163e4365ea51d289ad49b2d2a19ffe98667,250,6,1000,101,assigned_level_sensitivity,dynamic,periodic,0.0,False,True,,True,1.0,25.0,0.0,0.0,0.0,0,6000,6000,0.4355025243584488,5876,0.47225558982090277,0.5259477285964811,0.4740522714035189,0.13666666666666666,0.03675306546245399,0.16666666666666666,0.7882117882117882,0.8261738261738262,0.652,0.9293333333333333,12012,6000
HBTASP-Top3,3,24000,0,5000,0,0,19000,0,0,18000,18000,0,0,0,18000,0,0.0,0.0,0.0,c16b90341d13c776acc072af18225a4d55ea79428282e9c7e99382ea86fe04ac,250,6,1000,202,assigned_level_sensitivity,dynamic,periodic,0.0,False,True,,True,1.0,25.0,0.0,0.0,0.0,0,6000,6000,0.4378103268014287,5880,0.4749277656233261,0.5301045140677367,0.46989548593226327,0.13466666666666666,0.03711743882189744,0.16666666666666666,0.7882117882117882,0.8275058275058275,0.6546666666666666,0.9306666666666666,12012,6000
HBTASP-Top3,3,24000,0,5000,0,0,19000,0,0,18000,18000,0,0,0,18000,0,0.0,0.0,0.0,b6898766ee1fb1c0d2585b926e5b0106f9f163584bd8de6456305d0e12ed381b,250,6,1000,303,assigned_level_sensitivity,dynamic,periodic,0.0,False,True,,True,1.0,25.0,0.0,0.0,0.0,0,6000,6000,0.43878950050619864,5880,0.47520903766078243,0.5289600524538953,0.4710399475461047,0.132,0.03641953715458379,0.16666666666666666,0.7882117882117882,0.8265068265068265,0.6526666666666666,0.9333333333333333,12012,6000
HBTASP-Top3,3,24000,0,5000,0,0,19000,0,0,18000,18000,0,0,0,18000,0,0.0,0.0,0.0,569bf02ce83e2e8d229c3746633d16bfded33b62699d10dbb6eb2d276658a8df,250,6,1000,404,assigned_level_sensitivity,dynamic,periodic,0.0,False,True,,True,1.0,25.0,0.0,0.0,0.0,0,6000,6000,0.43598600643919116,5876,0.47418033671903587,0.5203325472337694,0.4796674527662306,0.13666666666666666,0.0381943302798447,0.16666666666666666,0.7882117882117882,0.8235098235098235,0.6466666666666666,0.9306666666666666,12012,6000
HBTASP-Top3,3,24000,0,5000,0,0,19000,0,0,18000,18000,0,0,0,18000,0,0.0,0.0,0.0,8b405ab59236f064e4c8f2a3c0ecf0111023cd029cc03bb72e677f9e960ca3ef,250,6,1000,505,assigned_level_sensitivity,dynamic,periodic,0.0,False,True,,True,1.0,25.0,0.0,0.0,0.0,0,6000,6000,0.4362780193516259,5876,0.47399675614502507,0.5236896328026756,0.47631036719732445,0.13533333333333333,0.037718736793399155,0.16666666666666666,0.7882117882117882,0.8231768231768232,0.646,0.9306666666666666,12012,6000
HBTASP-Top3,3,24000,0,5000,0,0,19000,0,0,18000,18000,0,0,0,18000,0,0.0,0.0,0.0,0ea26804bfed6a36983d7737375efb99a9fb65fa92a2090686967e51209382f9,250,6,1000,606,assigned_level_sensitivity,dynamic,periodic,0.0,False,True,,True,1.0,25.0,0.0,0.0,0.0,0,6000,6000,0.4361060236627602,5872,0.47424820804192147,0.5262875996812081,0.4737124003187919,0.13533333333333333,0.03814218437916128,0.16666666666666666,0.7882117882117882,0.8241758241758241,0.648,0.9313333333333333,12012,6000
HBTASP-Top3,3,24000,0,5000,0,0,19000,0,0,18000,18000,0,0,0,18000,0,0.0,0.0,0.0,f55256d1c537774f1dd18922aebcb457ac5af791b18a2f66c37c4facda1e4f31,250,6,1000,707,assigned_level_sensitivity,dynamic,periodic,0.0,False,True,,True,1.0,25.0,0.0,0.0,0.0,0,6000,6000,0.43608331088424196,5872,0.4741853091412915,0.5272826773752709,0.4727173226247291,0.13466666666666666,0.03810199825704952,0.16666666666666666,0.7882117882117882,0.8251748251748252,0.65,0.9306666666666666,12012,6000
HBTASP-Top3,3,24000,0,5000,0,0,19000,0,0,18000,18000,0,0,0,18000,0,0.0,0.0,0.0,7a4bcfed4c195761ad615868990dca1772b0c951b6ee234836d9e546ba2a98d0,250,6,1000,808,assigned_level_sensitivity,dynamic,periodic,0.0,False,True,,True,1.0,25.0,0.0,0.0,0.0,0,6000,6000,0.4362512116190565,5876,0.47366732140513,0.5276841758523215,0.4723158241476785,0.13533333333333333,0.037416109786073515,0.16666666666666666,0.7882117882117882,0.8258408258408259,0.6513333333333333,0.9306666666666666,12012,6000
HBTASP-Top3,3,24000,0,5000,0,0,19000,0,0,18000,18000,0,0,0,18000,0,0.0,0.0,0.0,6e1a6159400e9bb6939d76267cf3e52ae7e43c32f0617e3dbfd947609c228457,250,6,1000,909,assigned_level_sensitivity,dynamic,periodic,0.0,False,True,,True,1.0,25.0,0.0,0.0,0.0,0,6000,6000,0.43627842136436756,5876,0.4740032841686564,0.5241097596221227,0.4758902403778773,0.13666666666666666,0.03772486280428883,0.16666666666666666,0.7882117882117882,0.8241758241758241,0.648,0.9306666666666666,12012,6000
HBTASP-Top3,3,24000,0,5000,0,0,19000,0,0,18000,18000,0,0,0,18000,0,0.0,0.0,0.0,2a3e9dde76e9d8cc554f8d9143cc82c80351f2c3a648cdabe603361ca48d882e,250,6,1000,1010,assigned_level_sensitivity,dynamic,periodic,0.0,False,True,,True,1.0,25.0,0.0,0.0,0.0,0,6000,6000,0.43682437690410114,5880,0.47373713326518624,0.5231698525940365,0.4768301474059635,0.13466666666666666,0.0369127563610851,0.16666666666666666,0.7882117882117882,0.8255078255078255,0.6506666666666666,0.9333333333333333,12012,6000
HBTASP-Top3,3,32000,6000,7000,0,0,19000,0,0,24000,24000,6000,0,0,18000,0,0.25,0.0,0.25,b4f808f8d8209a38fc9e588c5049daed3088ad667b7bc2b208c255803aefe383,250,8,1000,101,assigned_level_sensitivity,dynamic,periodic,0.0,False,True,,True,1.0,25.0,0.0,0.0,0.0,0,8000,8000,0.32372514897544047,5872,0.47014928629687547,0.383693326050146,0.616306673949854,0.354,0.146424137321435,0.125,0.7882117882117882,0.6148851148851149,0.482,0.694,16016,8000
HBTASP-Top3,3,32000,6000,7000,0,0,19000,0,0,24000,24000,6000,0,0,18000,0,0.25,0.0,0.25,7028e56983858c968e1aa2f4a5517b7b93369c85c7b673b213d88796dd7fab18,250,8,1000,202,assigned_level_sensitivity,dynamic,periodic,0.0,False,True,,True,1.0,25.0,0.0,0.0,0.0,0,8000,8000,0.3274082846151954,5872,0.4751242884963239,0.3839178552744297,0.6160821447255703,0.357,0.1477160038811285,0.125,0.7882117882117882,0.6138861138861139,0.491,0.696,16016,8000
HBTASP-Top3,3,32000,6000,7000,0,0,19000,0,0,24000,24000,6000,0,0,18000,0,0.25,0.0,0.25,10bd20d6b3f915bdb97ae66ccdc31234c4c53a12414a5bcec417633c5d350b3d,250,8,1000,303,assigned_level_sensitivity,dynamic,periodic,0.0,False,True,,True,1.0,25.0,0.0,0.0,0.0,0,8000,8000,0.3281167166248774,5888,0.4753508057097986,0.3913717062349969,0.6086282937650032,0.351,0.1472340890849212,0.125,0.7882117882117882,0.6168831168831169,0.483,0.7,16016,8000
HBTASP-Top3,3,32000,6000,7000,0,0,19000,0,0,24000,24000,6000,0,0,18000,0,0.25,0.0,0.25,6af241db89e3a5c702d44407d5d7e9f6a9dc978da3b2d5702f2f5494b0f789a2,250,8,1000,404,assigned_level_sensitivity,dynamic,periodic,0.0,False,True,,True,1.0,25.0,0.0,0.0,0.0,0,8000,8000,0.3220557177138884,5856,0.4653317919909333,0.3806119426962514,0.6193880573037486,0.364,0.14327607427704486,0.125,0.7882117882117882,0.6143856143856143,0.493,0.69,16016,8000
HBTASP-Top3,3,32000,6000,7000,0,0,19000,0,0,24000,24000,6000,0,0,18000,0,0.25,0.0,0.25,f78093a36e395befa7fead30428b0c118458b6c689176ab673d147311344eddd,250,8,1000,505,assigned_level_sensitivity,dynamic,periodic,0.0,False,True,,True,1.0,25.0,0.0,0.0,0.0,0,8000,8000,0.3240040361368007,5872,0.46914428558435795,0.3897105691362491,0.610289430863751,0.354,0.14514024944755727,0.125,0.7882117882117882,0.6118881118881119,0.485,0.697,16016,8000
HBTASP-Top3,3,32000,6000,7000,0,0,19000,0,0,24000,24000,6000,0,0,18000,0,0.25,0.0,0.25,d26f4f1d9076c5bcae06f05784d3532f5872793aaa517ff8517ced001f1c26bb,250,8,1000,606,assigned_level_sensitivity,dynamic,periodic,0.0,False,True,,True,1.0,25.0,0.0,0.0,0.0,0,8000,8000,0.3272748800275909,5880,0.47243104281220905,0.3748632856884627,0.6251367143115373,0.348,0.14515616278461813,0.125,0.7882117882117882,0.6203796203796204,0.495,0.701,16016,8000
HBTASP-Top3,3,32000,6000,7000,0,0,19000,0,0,24000,24000,6000,0,0,18000,0,0.25,0.0,0.25,31734ea5b73402a0020d0186e7a61eb40b3d90b4ef5f66e4c90f761496bd9358,250,8,1000,707,assigned_level_sensitivity,dynamic,periodic,0.0,False,True,,True,1.0,25.0,0.0,0.0,0.0,0,8000,8000,0.3227729481042621,5872,0.4669088948525823,0.3920447993500852,0.6079552006499148,0.355,0.1441359467483202,0.125,0.7882117882117882,0.6168831168831169,0.486,0.695,16016,8000
HBTASP-Top3,3,32000,6000,7000,0,0,19000,0,0,24000,24000,6000,0,0,18000,0,0.25,0.0,0.25,8bc21e85561371af0935b02632fe33d440456f55f51588198a2abf4e6cf1cb84,250,8,1000,808,assigned_level_sensitivity,dynamic,periodic,0.0,False,True,,True,1.0,25.0,0.0,0.0,0.0,0,8000,8000,0.3282762916438717,5880,0.4749944693185435,0.40025416971953054,0.5997458302804695,0.35,0.14671817767467182,0.125,0.7882117882117882,0.6243756243756243,0.493,0.699,16016,8000
HBTASP-Top3,3,32000,6000,7000,0,0,19000,0,0,24000,24000,6000,0,0,18000,0,0.25,0.0,0.25,a1dc7c16c5b30d88c41d75a6a22eee82e5fe7de3d93044c24b31b96e2790edc7,250,8,1000,909,assigned_level_sensitivity,dynamic,periodic,0.0,False,True,,True,1.0,25.0,0.0,0.0,0.0,0,8000,8000,0.3319583419661239,5888,0.4798354745963189,0.3879732289288926,0.6120267710711074,0.346,0.14787713263019503,0.125,0.7882117882117882,0.6203796203796204,0.487,0.7,16016,8000
HBTASP-Top3,3,32000,6000,7000,0,0,19000,0,0,24000,24000,6000,0,0,18000,0,0.25,0.0,0.25,ec61439f82acd11dedc90f019ff3aa0ee337ab7dd3e42f1a16b0a75c01277702,250,8,1000,1010,assigned_level_sensitivity,dynamic,periodic,0.0,False,True,,True,1.0,25.0,0.0,0.0,0.0,0,8000,8000,0.33170757328202927,5904,0.47442530315465803,0.3942394818485349,0.6057605181514651,0.345,0.14271772987262876,0.125,0.7882117882117882,0.6313686313686314,0.518,0.705,16016,8000
HBTASP-Top3,3,40000,12000,9000,0,0,19000,0,0,30000,30000,12000,0,0,18000,0,0.4,0.0,0.4,56efa0a2f7ed8999bbc62037e1f65b1cb7fcd8b3a8ee94aac75d0648544aeb5e,250,10,1000,101,assigned_level_sensitivity,dynamic,periodic,0.0,False,True,,True,1.0,25.0,0.0,0.0,0.0,0,10000,10000,0.2583076675968288,5940,0.46180597675023394,0.2732076381808814,0.7267923618191185,0.48,0.2034983091534051,0.1,0.7882117882117882,0.4935064935064935,0.388,0.562,20020,10000
HBTASP-Top3,3,40000,12000,9000,0,0,19000,0,0,30000,30000,12000,0,0,18000,0,0.4,0.0,0.4,76afae50bf9e5057e128d2a3e3c55400abf5e4c0f25093cc60f54c82da0fde97,250,10,1000,202,assigned_level_sensitivity,dynamic,periodic,0.0,False,True,,True,1.0,25.0,0.0,0.0,0.0,0,10000,10000,0.27568030251281045,6040,0.48635851834351507,0.3484024259377083,0.6515975740622917,0.464,0.21067821583070462,0.1,0.7882117882117882,0.5054945054945055,0.392,0.572,20020,10000
HBTASP-Top3,3,40000,12000,9000,0,0,19000,0,0,30000,30000,12000,0,0,18000,0,0.4,0.0,0.4,f4599a70beb3b87c515c17e2d35f34510c15d15ea10f99308b9b04160143a347,250,10,1000,303,assigned_level_sensitivity,dynamic,periodic,0.0,False,True,,True,1.0,25.0,0.0,0.0,0.0,0,10000,10000,0.25993198110735377,5960,0.46308904230800385,0.3142804130975051,0.6857195869024949,0.482,0.20315706120065008,0.1,0.7882117882117882,0.4935064935064935,0.414,0.568,20020,10000
HBTASP-Top3,3,40000,12000,9000,0,0,19000,0,0,30000,30000,12000,0,0,18000,0,0.4,0.0,0.4,6ace159e1e3870191e7d36699692498243ab4f6ff057bf2041e7ba006cc0bad4,250,10,1000,404,assigned_level_sensitivity,dynamic,periodic,0.0,False,True,,True,1.0,25.0,0.0,0.0,0.0,0,10000,10000,0.26756377771879614,6020,0.4771713061481185,0.3306919003225423,0.6693080996774576,0.468,0.20960752842932234,0.1,0.7882117882117882,0.5104895104895105,0.394,0.576,20020,10000
HBTASP-Top3,3,40000,12000,9000,0,0,19000,0,0,30000,30000,12000,0,0,18000,0,0.4,0.0,0.4,63ecae4db84722a1d1b26ebe35d3377843a7a0675a7779046e9a62d12d79e8f1,250,10,1000,505,assigned_level_sensitivity,dynamic,periodic,0.0,False,True,,True,1.0,25.0,0.0,0.0,0.0,0,10000,10000,0.2493535976486529,5860,0.4534459771733118,0.32017727258152806,0.6798227274184719,0.502,0.20409237952465892,0.1,0.7882117882117882,0.4885114885114885,0.372,0.55,20020,10000
HBTASP-Top3,3,40000,12000,9000,0,0,19000,0,0,30000,30000,12000,0,0,18000,0,0.4,0.0,0.4,24fdd4c4fd2248a2ec7862a3924080f8128fdc963487897f48a7402d73630ba5,250,10,1000,606,assigned_level_sensitivity,dynamic,periodic,0.0,False,True,,True,1.0,25.0,0.0,0.0,0.0,0,10000,10000,0.25256445677752365,5940,0.4551439989838193,0.2943963061150996,0.7056036938849004,0.49,0.20257954220629565,0.1,0.7882117882117882,0.4775224775224775,0.382,0.556,20020,10000
HBTASP-Top3,3,40000,12000,9000,0,0,19000,0,0,30000,30000,12000,0,0,18000,0,0.4,0.0,0.4,46584b2c52075f8a4664f43f525437e27cc98f83de03600173a42233c4525892,250,10,1000,707,assigned_level_sensitivity,dynamic,periodic,0.0,False,True,,True,1.0,25.0,0.0,0.0,0.0,0,10000,10000,0.2562288879251901,6020,0.45689815389658245,0.31003133765263596,0.689968662347364,0.484,0.20066926597139234,0.1,0.7882117882117882,0.4885114885114885,0.372,0.56,20020,10000
HBTASP-Top3,3,40000,12000,9000,0,0,19000,0,0,30000,30000,12000,0,0,18000,0,0.4,0.0,0.4,8eaadb25e5e8941641271cd27b31a39123b702d41dbf812dfcfcae631d555420,250,10,1000,808,assigned_level_sensitivity,dynamic,periodic,0.0,False,True,,True,1.0,25.0,0.0,0.0,0.0,0,10000,10000,0.26924730416661585,6100,0.4744126469462892,0.3238109533169618,0.6761890466830383,0.47,0.20516534277967335,0.1,0.7882117882117882,0.4925074925074925,0.4,0.578,20020,10000
HBTASP-Top3,3,40000,12000,9000,0,0,19000,0,0,30000,30000,12000,0,0,18000,0,0.4,0.0,0.4,9ae036c19a2c9ca13752609513359f76997686639070e5476c8c4add0f82f575,250,10,1000,909,assigned_level_sensitivity,dynamic,periodic,0.0,False,True,,True,1.0,25.0,0.0,0.0,0.0,0,10000,10000,0.2598121538360394,5940,0.46625378184110794,0.2999163125839151,0.700083687416085,0.48,0.20644162800506854,0.1,0.7882117882117882,0.4955044955044955,0.386,0.564,20020,10000
HBTASP-Top3,3,40000,12000,9000,0,0,19000,0,0,30000,30000,12000,0,0,18000,0,0.4,0.0,0.4,5d7ac9f77005da347a8ae9f1d7acc9efffdf224ed45ab1e3655fadb5a760b691,250,10,1000,1010,assigned_level_sensitivity,dynamic,periodic,0.0,False,True,,True,1.0,25.0,0.0,0.0,0.0,0,10000,10000,0.25449750573111446,5860,0.4646284001297993,0.29322469877517,0.70677530122483,0.486,0.21013089439868482,0.1,0.7882117882117882,0.4915084915084915,0.39,0.564,20020,10000
HBTASP-Top3,3,16000,0,0,0,0,16000,0,0,12000,12000,0,0,0,12000,0,0.0,0.0,0.0,f607cc0908cdad06e9c9e3db171b5a2e2a6bc42d9ceebb06930670b8b2962ded,300,4,1000,101,assigned_level_sensitivity,dynamic,periodic,0.0,False,True,,True,1.0,25.0,0.0,0.0,0.0,0,4000,4000,0.49406013475177174,4000,0.49406013475177174,0.6329716220282952,0.36702837797170484,0.064,0.0,1.0,0.7882117882117882,1.0,1.0,1.0,8008,4000
HBTASP-Top3,3,16000,0,0,0,0,16000,0,0,12000,12000,0,0,0,12000,0,0.0,0.0,0.0,f234d12681edb0ef6a697206d7e6491d2a41a7ec777b09ff089dbc3f06afd2e1,300,4,1000,202,assigned_level_sensitivity,dynamic,periodic,0.0,False,True,,True,1.0,25.0,0.0,0.0,0.0,0,4000,4000,0.4947505336830054,4000,0.4947505336830054,0.6346559209155979,0.36534407908440214,0.064,0.0,1.0,0.7882117882117882,1.0,1.0,1.0,8008,4000
HBTASP-Top3,3,16000,0,0,0,0,16000,0,0,12000,12000,0,0,0,12000,0,0.0,0.0,0.0,99b4cce9c2544dc45f052eba7498380e2074f9ea47f5093f1f10bb79bc19b73b,300,4,1000,303,assigned_level_sensitivity,dynamic,periodic,0.0,False,True,,True,1.0,25.0,0.0,0.0,0.0,0,4000,4000,0.4936288032061526,4000,0.4936288032061526,0.6324571995287523,0.36754280047124765,0.066,0.0,1.0,0.7882117882117882,1.0,1.0,1.0,8008,4000
HBTASP-Top3,3,16000,0,0,0,0,16000,0,0,12000,12000,0,0,0,12000,0,0.0,0.0,0.0,c583fdfa52f37f02d6059156d3d83ce3aae10d439092ef5193d4f78258f248ef,300,4,1000,404,assigned_level_sensitivity,dynamic,periodic,0.0,False,True,,True,1.0,25.0,0.0,0.0,0.0,0,4000,4000,0.4961257734642048,4000,0.4961257734642048,0.6345509098173095,0.36544909018269045,0.064,0.0,1.0,0.7882117882117882,1.0,1.0,1.0,8008,4000
HBTASP-Top3,3,16000,0,0,0,0,16000,0,0,12000,12000,0,0,0,12000,0,0.0,0.0,0.0,e38089d9b3fad2d6082f50ba1f85f97d80a1dae71ef47c2d253bc6c7fec44083,300,4,1000,505,assigned_level_sensitivity,dynamic,periodic,0.0,False,True,,True,1.0,25.0,0.0,0.0,0.0,0,4000,4000,0.49496441616950887,4000,0.49496441616950887,0.6330119284859584,0.36698807151404156,0.064,0.0,1.0,0.7882117882117882,1.0,1.0,1.0,8008,4000
HBTASP-Top3,3,16000,0,0,0,0,16000,0,0,12000,12000,0,0,0,12000,0,0.0,0.0,0.0,4fa2b3404ca81ef4d6a9c269f9db3615ee2a512018a5d073d5c21e063eb38263,300,4,1000,606,assigned_level_sensitivity,dynamic,periodic,0.0,False,True,,True,1.0,25.0,0.0,0.0,0.0,0,4000,4000,0.4949638188994276,4000,0.4949638188994276,0.6306880839851399,0.36931191601486013,0.066,0.0,1.0,0.7882117882117882,1.0,1.0,1.0,8008,4000
HBTASP-Top3,3,16000,0,0,0,0,16000,0,0,12000,12000,0,0,0,12000,0,0.0,0.0,0.0,c1d58203a01ed1e1355252e8169b7775adc91e4124ed4168a2af117bac0b9102,300,4,1000,707,assigned_level_sensitivity,dynamic,periodic,0.0,False,True,,True,1.0,25.0,0.0,0.0,0.0,0,4000,4000,0.49521602013422805,4000,0.49521602013422805,0.6346436393978232,0.3653563606021768,0.066,0.0,1.0,0.7882117882117882,1.0,1.0,1.0,8008,4000
HBTASP-Top3,3,16000,0,0,0,0,16000,0,0,12000,12000,0,0,0,12000,0,0.0,0.0,0.0,149fc3cc7fc17cd4e3b9a37ec8a1caf7a32388d80027e7d20216b45bb9425c51,300,4,1000,808,assigned_level_sensitivity,dynamic,periodic,0.0,False,True,,True,1.0,25.0,0.0,0.0,0.0,0,4000,4000,0.49290400269224766,4000,0.49290400269224766,0.6297289716306006,0.3702710283693994,0.064,0.0,1.0,0.7882117882117882,1.0,1.0,1.0,8008,4000
HBTASP-Top3,3,16000,0,0,0,0,16000,0,0,12000,12000,0,0,0,12000,0,0.0,0.0,0.0,4fbd66685e552363c85ba5deb49529f5acc3af28b6f7e6535356c602a303c391,300,4,1000,909,assigned_level_sensitivity,dynamic,periodic,0.0,False,True,,True,1.0,25.0,0.0,0.0,0.0,0,4000,4000,0.49480268863264315,4000,0.49480268863264315,0.6328652096830124,0.3671347903169876,0.066,0.0,1.0,0.7882117882117882,1.0,1.0,1.0,8008,4000
HBTASP-Top3,3,16000,0,0,0,0,16000,0,0,12000,12000,0,0,0,12000,0,0.0,0.0,0.0,0a2951197bf19e0fd3401ab4d6bd40b769d6310001bdfa374c01874495e17db8,300,4,1000,1010,assigned_level_sensitivity,dynamic,periodic,0.0,False,True,,True,1.0,25.0,0.0,0.0,0.0,0,4000,4000,0.49433045220419486,4000,0.49433045220419486,0.6304166541996897,0.36958334580031027,0.064,0.0,1.0,0.7882117882117882,1.0,1.0,1.0,8008,4000
HBTASP-Top3,3,24000,0,488,0,0,23512,0,0,18000,18000,0,0,0,18000,0,0.0,0.0,0.0,fce39fa4c6b11bce8c4e921c440de163e4365ea51d289ad49b2d2a19ffe98667,300,6,1000,101,assigned_level_sensitivity,dynamic,periodic,0.0,False,True,,True,1.0,25.0,0.0,0.0,0.0,0,6000,6000,0.4841064809724043,5984,0.48714061655948726,0.6295500241467827,0.37044997585321726,0.07466666666666667,0.0030341355870829867,0.9186666666666666,0.7882117882117882,0.9820179820179821,0.964,0.9873333333333333,12012,6000
HBTASP-Top3,3,24000,0,492,0,0,23508,0,0,18000,18000,0,0,0,18000,0,0.0,0.0,0.0,c16b90341d13c776acc072af18225a4d55ea79428282e9c7e99382ea86fe04ac,300,6,1000,202,assigned_level_sensitivity,dynamic,periodic,0.0,False,True,,True,1.0,25.0,0.0,0.0,0.0,0,6000,6000,0.48731334560143597,5976,0.4925478235289082,0.6211772367810411,0.3788227632189589,0.07133333333333333,0.005234477927472225,0.918,0.7882117882117882,0.9786879786879786,0.9573333333333334,0.99,12012,6000
HBTASP-Top3,3,24000,0,488,0,0,23512,0,0,18000,18000,0,0,0,18000,0,0.0,0.0,0.0,b6898766ee1fb1c0d2585b926e5b0106f9f163584bd8de6456305d0e12ed381b,300,6,1000,303,assigned_level_sensitivity,dynamic,periodic,0.0,False,True,,True,1.0,25.0,0.0,0.0,0.0,0,6000,6000,0.4874242941223564,5988,0.49051634642612085,0.6286720398719062,0.37132796012809377,0.074,0.00309205230376447,0.9186666666666666,0.7882117882117882,0.9820179820179821,0.964,0.9886666666666667,12012,6000
HBTASP-Top3,3,24000,0,446,0,0,23554,0,0,18000,18000,0,0,0,18000,0,0.0,0.0,0.0,569bf02ce83e2e8d229c3746633d16bfded33b62699d10dbb6eb2d276658a8df,300,6,1000,404,assigned_level_sensitivity,dynamic,periodic,0.0,False,True,,True,1.0,25.0,0.0,0.0,0.0,0,6000,6000,0.4864686806834051,5980,0.48990619516847894,0.628575195845561,0.371424804154439,0.07333333333333333,0.003437514485073845,0.9256666666666666,0.7882117882117882,0.9823509823509824,0.9646666666666667,0.9893333333333333,12012,6000
HBTASP-Top3,3,24000,0,464,0,0,23536,0,0,18000,18000,0,0,0,18000,0,0.0,0.0,0.0,8b405ab59236f064e4c8f2a3c0ecf0111023cd029cc03bb72e677f9e960ca3ef,300,6,1000,505,assigned_level_sensitivity,dynamic,periodic,0.0,False,True,,True,1.0,25.0,0.0,0.0,0.0,0,6000,6000,0.48687649933684396,5976,0.4914601465798653,0.6284960391280914,0.3715039608719086,0.072,0.004583647243021349,0.9226666666666666,0.7882117882117882,0.98001998001998,0.96,0.99,12012,6000
HBTASP-Top3,3,24000,0,452,0,0,23548,0,0,18000,18000,0,0,0,18000,0,0.0,0.0,0.0,0ea26804bfed6a36983d7737375efb99a9fb65fa92a2090686967e51209382f9,300,6,1000,606,assigned_level_sensitivity,dynamic,periodic,0.0,False,True,,True,1.0,25.0,0.0,0.0,0.0,0,6000,6000,0.48795068072806913,5988,0.4908953841356382,0.6314508225635824,0.3685491774364176,0.072,0.0029447034075690826,0.9246666666666666,0.7882117882117882,0.9846819846819846,0.9693333333333334,0.9906666666666667,12012,6000
HBTASP-Top3,3,24000,0,428,0,0,23572,0,0,18000,18000,0,0,0,18000,0,0.0,0.0,0.0,f55256d1c537774f1dd18922aebcb457ac5af791b18a2f66c37c4facda1e4f31,300,6,1000,707,assigned_level_sensitivity,dynamic,periodic,0.0,False,True,,True,1.0,25.0,0.0,0.0,0.0,0,6000,6000,0.4867709265650398,5984,0.4905013609483948,0.627087710341255,0.372912289658745,0.06866666666666667,0.003730434383355019,0.9286666666666666,0.7882117882117882,0.9853479853479854,0.9706666666666667,0.9933333333333333,12012,6000
HBTASP-Top3,3,24000,0,492,0,0,23508,0,0,18000,18000,0,0,0,18000,0,0.0,0.0,0.0,7a4bcfed4c195761ad615868990dca1772b0c951b6ee234836d9e546ba2a98d0,300,6,1000,808,assigned_level_sensitivity,dynamic,periodic,0.0,False,True,,True,1.0,25.0,0.0,0.0,0.0,0,6000,6000,0.4873199683803195,5976,0.49184871004057157,0.6276002164294672,0.3723997835705328,0.07133333333333333,0.004528741660252078,0.918,0.7882117882117882,0.9823509823509824,0.9646666666666667,0.9913333333333333,12012,6000
HBTASP-Top3,3,24000,0,428,0,0,23572,0,0,18000,18000,0,0,0,18000,0,0.0,0.0,0.0,6e1a6159400e9bb6939d76267cf3e52ae7e43c32f0617e3dbfd947609c228457,300,6,1000,909,assigned_level_sensitivity,dynamic,periodic,0.0,False,True,,True,1.0,25.0,0.0,0.0,0.0,0,6000,6000,0.48777927842266794,5988,0.4915628188837122,0.6259719605530837,0.3740280394469163,0.06933333333333333,0.003783540461044288,0.9286666666666666,0.7882117882117882,0.9816849816849816,0.9633333333333334,0.9926666666666667,12012,6000
HBTASP-Top3,3,24000,0,452,0,0,23548,0,0,18000,18000,0,0,0,18000,0,0.0,0.0,0.0,2a3e9dde76e9d8cc554f8d9143cc82c80351f2c3a648cdabe603361ca48d882e,300,6,1000,1010,assigned_level_sensitivity,dynamic,periodic,0.0,False,True,,True,1.0,25.0,0.0,0.0,0.0,0,6000,6000,0.4874306338757155,5984,0.4909402331270861,0.6260589202930321,0.3739410797069679,0.07266666666666667,0.003509599251370621,0.9246666666666666,0.7882117882117882,0.9823509823509824,0.9646666666666667,0.9906666666666667,12012,6000
HBTASP-Top3,3,32000,3000,5000,0,0,24000,0,0,24000,24000,3000,0,0,21000,0,0.125,0.0,0.125,5e1b04447c5ee57937d1325b82e9b8282881e7a436f744d152a7278964844ddc,300,8,1000,101,assigned_level_sensitivity,dynamic,periodic,0.0,False,True,,True,1.0,25.0,0.0,0.0,0.0,0,8000,8000,0.3924241396430022,6896,0.4741878127895274,0.49378382620547834,0.5062161737945217,0.233,0.08176367314652516,0.375,0.7882117882117882,0.7717282717282717,0.653,0.823,16016,8000
HBTASP-Top3,3,32000,3000,5000,0,0,24000,0,0,24000,24000,3000,0,0,21000,0,0.125,0.0,0.125,62b48cd680761e2f3f16af8defc15f7f5a024a7c5194980e2df5f5d2e8cc7e8a,300,8,1000,202,assigned_level_sensitivity,dynamic,periodic,0.0,False,True,,True,1.0,25.0,0.0,0.0,0.0,0,8000,8000,0.3911991919741267,6872,0.47440285635325075,0.4907868010116344,0.5092131989883656,0.234,0.08320366437912402,0.375,0.7882117882117882,0.7637362637362637,0.659,0.821,16016,8000
HBTASP-Top3,3,32000,3000,5000,0,0,24000,0,0,24000,24000,3000,0,0,21000,0,0.125,0.0,0.125,3b1cf0e24375ef6dfa1019e0acecb33fa070c516f22dbfa90e14ba10ff6241ed,300,8,1000,303,assigned_level_sensitivity,dynamic,periodic,0.0,False,True,,True,1.0,25.0,0.0,0.0,0.0,0,8000,8000,0.39710838419248007,6872,0.4800939010527749,0.49540641355694925,0.5045935864430507,0.225,0.08298551686029482,0.375,0.7882117882117882,0.7697302697302697,0.671,0.825,16016,8000
HBTASP-Top3,3,32000,3000,5000,0,0,24000,0,0,24000,24000,3000,0,0,21000,0,0.125,0.0,0.125,d10379bf765bdea552868f0f2d8b77fc1d99c58513aaff1f5802838f44d67661,300,8,1000,404,assigned_level_sensitivity,dynamic,periodic,0.0,False,True,,True,1.0,25.0,0.0,0.0,0.0,0,8000,8000,0.39281473557464197,6888,0.47626595229044627,0.4805511605168821,0.5194488394831178,0.233,0.0834512167158043,0.375,0.7882117882117882,0.7672327672327672,0.667,0.821,16016,8000
HBTASP-Top3,3,32000,3000,5000,0,0,24000,0,0,24000,24000,3000,0,0,21000,0,0.125,0.0,0.125,45b36b7d509ba81de5446b07fef1e203905300d85ddc454899b389a80fc8ec65,300,8,1000,505,assigned_level_sensitivity,dynamic,periodic,0.0,False,True,,True,1.0,25.0,0.0,0.0,0.0,0,8000,8000,0.39304295821882534,6888,0.47386993310817305,0.4974450836878282,0.5025549163121719,0.233,0.0808269748893477,0.375,0.7882117882117882,0.7672327672327672,0.671,0.823,16016,8000
HBTASP-Top3,3,32000,3000,5000,0,0,24000,0,0,24000,24000,3000,0,0,21000,0,0.125,0.0,0.125,f2c0edeb23c9d89fc99e76d09c2c139469c018bff92d2f38b38b6c8d38e9edd9,300,8,1000,606,assigned_level_sensitivity,dynamic,periodic,0.0,False,True,,True,1.0,25.0,0.0,0.0,0.0,0,8000,8000,0.39336730545091614,6888,0.47616419038694346,0.47583890081734737,0.5241610991826526,0.23,0.08279688493602733,0.375,0.7882117882117882,0.7682317682317682,0.658,0.83,16016,8000
HBTASP-Top3,3,32000,3000,5000,0,0,24000,0,0,24000,24000,3000,0,0,21000,0,0.125,0.0,0.125,75a5698773da98c18339e2810e73e9644b8aa75eee9070295ca361babe7ce091,300,8,1000,707,assigned_level_sensitivity,dynamic,periodic,0.0,False,True,,True,1.0,25.0,0.0,0.0,0.0,0,8000,8000,0.39627326276860636,6920,0.47573273891362616,0.4922543290495564,0.5077456709504435,0.228,0.0794594761450198,0.375,0.7882117882117882,0.7682317682317682,0.66,0.824,16016,8000
HBTASP-Top3,3,32000,3000,5000,0,0,24000,0,0,24000,24000,3000,0,0,21000,0,0.125,0.0,0.125,5ffb0ce6a7c0286fea065def8a19e1568728a4cd3affd66b414fa48515d7cbef,300,8,1000,808,assigned_level_sensitivity,dynamic,periodic,0.0,False,True,,True,1.0,25.0,0.0,0.0,0.0,0,8000,8000,0.3999865831899442,6904,0.4796556794705192,0.5030905120659318,0.4969094879340682,0.227,0.079669096280575,0.375,0.7882117882117882,0.7757242757242757,0.672,0.827,16016,8000
HBTASP-Top3,3,32000,3000,5000,0,0,24000,0,0,24000,24000,3000,0,0,21000,0,0.125,0.0,0.125,522886f08f9ed6be75fa9223863959d0702f42ba39fbead04542edc9ea4d16f9,300,8,1000,909,assigned_level_sensitivity,dynamic,periodic,0.0,False,True,,True,1.0,25.0,0.0,0.0,0.0,0,8000,8000,0.3943356429840273,6896,0.4760432164518167,0.4858908491647455,0.5141091508352544,0.229,0.0817075734677894,0.375,0.7882117882117882,0.7662337662337663,0.66,0.822,16016,8000
HBTASP-Top3,3,32000,3000,5000,0,0,24000,0,0,24000,24000,3000,0,0,21000,0,0.125,0.0,0.125,58d3ca1658276b7dc07402210f6b4c3ebb227233f1ae35c5f23b2fa9244836d9,300,8,1000,1010,assigned_level_sensitivity,dynamic,periodic,0.0,False,True,,True,1.0,25.0,0.0,0.0,0.0,0,8000,8000,0.3931461734677158,6880,0.4747011809239462,0.48379057568254535,0.5162094243174546,0.23,0.0815550074562304,0.375,0.7882117882117882,0.7712287712287712,0.67,0.823,16016,8000
HBTASP-Top3,3,40000,9000,7000,0,0,24000,0,0,30000,30000,9000,0,0,21000,0,0.3,0.0,0.3,c53f2cbd441a792b98b7eaf6dca7110edf6db6ba2481a6ed6dd8e8f67e213dfb,300,10,1000,101,assigned_level_sensitivity,dynamic,periodic,0.0,False,True,,True,1.0,25.0,0.0,0.0,0.0,0,10000,10000,0.3164499778776138,7060,0.4711269264137836,0.34618751190544783,0.6538124880945522,0.372,0.1546769485361698,0.3,0.7882117882117882,0.6183816183816184,0.53,0.672,20020,10000
HBTASP-Top3,3,40000,9000,7000,0,0,24000,0,0,30000,30000,9000,0,0,21000,0,0.3,0.0,0.3,a1a8ad795b13e8fe65fa021bcd149063ae1817ed743d555e12becf541ec9a1ea,300,10,1000,202,assigned_level_sensitivity,dynamic,periodic,0.0,False,True,,True,1.0,25.0,0.0,0.0,0.0,0,10000,10000,0.32826550151527883,7280,0.47755247257011346,0.44096164366602153,0.5590383563339785,0.354,0.14928697105483463,0.3,0.7882117882117882,0.6333666333666333,0.522,0.69,20020,10000
HBTASP-Top3,3,40000,9000,7000,0,0,24000,0,0,30000,30000,9000,0,0,21000,0,0.3,0.0,0.3,3ba5840e333ebcef6ffe66d80df78189c2503869da8ab7a744f5a84099dda535,300,10,1000,303,assigned_level_sensitivity,dynamic,periodic,0.0,False,True,,True,1.0,25.0,0.0,0.0,0.0,0,10000,10000,0.3136889462105866,6980,0.47144559434066025,0.38574540281770986,0.6142545971822901,0.382,0.15775664813007362,0.3,0.7882117882117882,0.6033966033966034,0.534,0.67,20020,10000
HBTASP-Top3,3,40000,9000,7000,0,0,24000,0,0,30000,30000,9000,0,0,21000,0,0.3,0.0,0.3,7d1046c87e75b784318d3ff3735ed82f07651150ddab3ce1e0e541952db05000,300,10,1000,404,assigned_level_sensitivity,dynamic,periodic,0.0,False,True,,True,1.0,25.0,0.0,0.0,0.0,0,10000,10000,0.3202755028288316,7140,0.4721110586767266,0.3995569751561381,0.6004430248438619,0.368,0.151835555847895,0.3,0.7882117882117882,0.6393606393606394,0.546,0.684,20020,10000
HBTASP-Top3,3,40000,9000,7000,0,0,24000,0,0,30000,30000,9000,0,0,21000,0,0.3,0.0,0.3,29de0c0e847bad765f61a1561bd4e3bf48ba887b4a3e84667cf9e9286687e1b2,300,10,1000,505,assigned_level_sensitivity,dynamic,periodic,0.0,False,True,,True,1.0,25.0,0.0,0.0,0.0,0,10000,10000,0.3049931602774344,6960,0.46301903145214396,0.3879416019599654,0.6120583980400346,0.392,0.15802587117470956,0.3,0.7882117882117882,0.6063936063936064,0.518,0.66,20020,10000
HBTASP-Top3,3,40000,9000,7000,0,0,24000,0,0,30000,30000,9000,0,0,21000,0,0.3,0.0,0.3,2748ea3cfa8441895aee32ad807526cf665e9200c6730f32cb2e711903a2a258,300,10,1000,606,assigned_level_sensitivity,dynamic,periodic,0.0,False,True,,True,1.0,25.0,0.0,0.0,0.0,0,10000,10000,0.308933456905826,7000,0.4605577910977439,0.37470494889940703,0.625295051100593,0.39,0.1516243341919179,0.3,0.7882117882117882,0.6023976023976024,0.524,0.656,20020,10000
HBTASP-Top3,3,40000,9000,7000,0,0,24000,0,0,30000,30000,9000,0,0,21000,0,0.3,0.0,0.3,593fc8af50706b03e0b945b672a6ff886cdf8d3181a53c7a5c28bb9dda12e9a3,300,10,1000,707,assigned_level_sensitivity,dynamic,periodic,0.0,False,True,,True,1.0,25.0,0.0,0.0,0.0,0,10000,10000,0.30956261639416766,7040,0.4620990463200581,0.38720845716853647,0.6127915428314635,0.386,0.15253642992589045,0.3,0.7882117882117882,0.6143856143856143,0.52,0.666,20020,10000
HBTASP-Top3,3,40000,9000,7000,0,0,24000,0,0,30000,30000,9000,0,0,21000,0,0.3,0.0,0.3,1a9cfceff26707913d2c5ca8536d527feeb04646da6fa6cec163ee76278ed262,300,10,1000,808,assigned_level_sensitivity,dynamic,periodic,0.0,False,True,,True,1.0,25.0,0.0,0.0,0.0,0,10000,10000,0.3247353599771464,7200,0.4778012028444039,0.4027576417210907,0.5972423582789093,0.358,0.1530658428672575,0.3,0.7882117882117882,0.6143856143856143,0.524,0.684,20020,10000
HBTASP-Top3,3,40000,9000,7000,0,0,24000,0,0,30000,30000,9000,0,0,21000,0,0.3,0.0,0.3,6075a217a8ca3bcf61c810d61351f8549b5f32d5b2baaddc47b8cb812f0e8da8,300,10,1000,909,assigned_level_sensitivity,dynamic,periodic,0.0,False,True,,True,1.0,25.0,0.0,0.0,0.0,0,10000,10000,0.3098482771817708,7160,0.46019334351894625,0.38544387507108235,0.6145561249289176,0.38,0.15034506633717543,0.3,0.7882117882117882,0.6183816183816184,0.506,0.672,20020,10000
HBTASP-Top3,3,40000,9000,7000,0,0,24000,0,0,30000,30000,9000,0,0,21000,0,0.3,0.0,0.3,95d432991f9e4ed6473a6d2872c5fa2aa221e67e0b56cc7fd2b1fe88127a9bf3,300,10,1000,1010,assigned_level_sensitivity,dynamic,periodic,0.0,False,True,,True,1.0,25.0,0.0,0.0,0.0,0,10000,10000,0.31373576761507727,6940,0.47370182112128917,0.3752293532231277,0.6247706467768723,0.386,0.1599660535062119,0.3,0.7882117882117882,0.6123876123876124,0.516,0.662,20020,10000
HBTASP-Top4,4,16000,10000,0,0,0,6000,0,0,16000,16000,10000,0,0,6000,0,0.625,0.0,0.625,313d50dc31b8a3a59ba93e15a305dfe4e44029013a6114a7978728337a48ff41,100,4,1000,101,assigned_level_sensitivity,dynamic,periodic,0.0,False,True,,True,1.0,25.0,0.0,0.0,0.0,0,4000,4000,0.19874407594190527,1816,0.47464751274829214,0.2316986633175215,0.7683013366824785,0.61,0.27590343680638685,1.0,1.0,0.3706293706293706,0.312,0.416,8008,4000
HBTASP-Top4,4,16000,10000,0,0,0,6000,0,0,16000,16000,10000,0,0,6000,0,0.625,0.0,0.625,98c9f691ed88f11ed010b2d1d9ac56de0135dcced6e8e221505923dc4e87d83e,100,4,1000,202,assigned_level_sensitivity,dynamic,periodic,0.0,False,True,,True,1.0,25.0,0.0,0.0,0.0,0,4000,4000,0.20006253147157002,1792,0.4877088066084944,0.23010470364821248,0.7698952963517876,0.614,0.2876462751369244,1.0,1.0,0.3546453546453546,0.31,0.422,8008,4000
HBTASP-Top4,4,16000,10000,0,0,0,6000,0,0,16000,16000,10000,0,0,6000,0,0.625,0.0,0.625,4815cd80ceabb16a97c3dcc1d7079c3aca435ab09c1babce71085e7def5fc127,100,4,1000,303,assigned_level_sensitivity,dynamic,periodic,0.0,False,True,,True,1.0,25.0,0.0,0.0,0.0,0,4000,4000,0.20421988562729457,1840,0.475792444136306,0.23424596550080443,0.7657540344991955,0.6,0.2715725585090114,1.0,1.0,0.3826173826173826,0.328,0.438,8008,4000
HBTASP-Top4,4,16000,10000,0,0,0,6000,0,0,16000,16000,10000,0,0,6000,0,0.625,0.0,0.625,338e8e4327ea1647dd127322117f8c2e89f654a63c0b5f116d2f3f530d539c62,100,4,1000,404,assigned_level_sensitivity,dynamic,periodic,0.0,False,True,,True,1.0,25.0,0.0,0.0,0.0,0,4000,4000,0.1782464968733624,1800,0.4308492396669948,0.2019434306697194,0.7980565693302806,0.636,0.2526027427936324,1.0,1.0,0.35564435564435565,0.312,0.408,8008,4000
HBTASP-Top4,4,16000,10000,0,0,0,6000,0,0,16000,16000,10000,0,0,6000,0,0.625,0.0,0.625,c71f2ac5f9e65bcb0265ec060775fa28f99b662013948a60ef616345aea1c61e,100,4,1000,505,assigned_level_sensitivity,dynamic,periodic,0.0,False,True,,True,1.0,25.0,0.0,0.0,0.0,0,4000,4000,0.19506806746702474,1808,0.4748484715411027,0.22647308357012347,0.7735269164298766,0.59,0.279780404074078,1.0,1.0,0.36663336663336665,0.322,0.43,8008,4000
HBTASP-Top4,4,16000,10000,0,0,0,6000,0,0,16000,16000,10000,0,0,6000,0,0.625,0.0,0.625,a8683438985b2ec6b670374093f5e0a09646dc2812c66490d255c5fe1d8fb570,100,4,1000,606,assigned_level_sensitivity,dynamic,periodic,0.0,False,True,,True,1.0,25.0,0.0,0.0,0.0,0,4000,4000,0.1822708271206966,1824,0.442749318134159,0.18401587662300464,0.8159841233769953,0.614,0.26047849101346243,1.0,1.0,0.36163836163836166,0.306,0.422,8008,4000
HBTASP-Top4,4,16000,10000,0,0,0,6000,0,0,16000,16000,10000,0,0,6000,0,0.625,0.0,0.625,390d6fd662d6aee71647b2455d5c5f736b7d868b3a5069820cbdf1f8513b9af5,100,4,1000,707,assigned_level_sensitivity,dynamic,periodic,0.0,False,True,,True,1.0,25.0,0.0,0.0,0.0,0,4000,4000,0.18931929897498778,1768,0.47016014811163404,0.21680555085038794,0.7831944491496121,0.604,0.28084084913664625,1.0,1.0,0.36563436563436563,0.31,0.426,8008,4000
HBTASP-Top4,4,16000,10000,0,0,0,6000,0,0,16000,16000,10000,0,0,6000,0,0.625,0.0,0.625,d990b0c0eeedd80751e9d87e7cca00e39301256b622121ea03c79ca54c7de008,100,4,1000,808,assigned_level_sensitivity,dynamic,periodic,0.0,False,True,,True,1.0,25.0,0.0,0.0,0.0,0,4000,4000,0.19013362568509276,1848,0.4514536205674643,0.23722699484200982,0.7627730051579902,0.612,0.26131999488237156,1.0,1.0,0.3756243756243756,0.316,0.424,8008,4000
HBTASP-Top4,4,16000,10000,0,0,0,6000,0,0,16000,16000,10000,0,0,6000,0,0.625,0.0,0.625,a6055450834ba923dcf24448e1a52a4810fef34f0f8e47623ff83a19f9498674,100,4,1000,909,assigned_level_sensitivity,dynamic,periodic,0.0,False,True,,True,1.0,25.0,0.0,0.0,0.0,0,4000,4000,0.20390155292196502,1808,0.5046088857613668,0.23996816366828658,0.7600318363317135,0.59,0.30070733283940176,1.0,1.0,0.3756243756243756,0.306,0.426,8008,4000
HBTASP-Top4,4,16000,10000,0,0,0,6000,0,0,16000,16000,10000,0,0,6000,0,0.625,0.0,0.625,8896df18438a13a076c0e7115a90d41c665f67d7dd73c5b6eebedcf7777cf5e8,100,4,1000,1010,assigned_level_sensitivity,dynamic,periodic,0.0,False,True,,True,1.0,25.0,0.0,0.0,0.0,0,4000,4000,0.18709187527660026,1752,0.46035134048799553,0.23847591804551432,0.7615240819544857,0.626,0.27325946521139527,1.0,1.0,0.3676323676323676,0.306,0.406,8008,4000
HBTASP-Top4,4,24000,18000,0,0,0,6000,0,0,24000,24000,18000,0,0,6000,0,0.75,0.0,0.75,b74242d2d39d8d3388949d5cb2957eb86faf3d2542d43d9188b8ba9f200f1b51,100,6,1000,101,assigned_level_sensitivity,dynamic,periodic,0.0,False,True,,True,1.0,25.0,0.0,0.0,0.0,0,6000,6000,0.13067503366669936,1816,0.47055850094473406,0.16282187845512133,0.8371781215448787,0.7393333333333333,0.3398834672780347,1.0,1.0,0.24875124875124874,0.21066666666666667,0.2793333333333333,12012,6000
HBTASP-Top4,4,24000,18000,0,0,0,6000,0,0,24000,24000,18000,0,0,6000,0,0.75,0.0,0.75,c9f502df2ff2aff1540f5d3d06005a4ab12c94c4848a6be590d6698a476fa272,100,6,1000,202,assigned_level_sensitivity,dynamic,periodic,0.0,False,True,,True,1.0,25.0,0.0,0.0,0.0,0,6000,6000,0.13164455318304408,1816,0.4734172151790688,0.1607463569020605,0.8392536430979395,0.7386666666666667,0.34177266199602474,1.0,1.0,0.24675324675324675,0.208,0.2826666666666667,12012,6000
HBTASP-Top4,4,24000,18000,0,0,0,6000,0,0,24000,24000,18000,0,0,6000,0,0.75,0.0,0.75,283020fa34c480ea736c3201edc3cb4b11ff5530bf05bbf0d7388d26dd12de39,100,6,1000,303,assigned_level_sensitivity,dynamic,periodic,0.0,False,True,,True,1.0,25.0,0.0,0.0,0.0,0,6000,6000,0.13278590053612596,1848,0.46747953719351754,0.16035546394147754,0.8396445360585225,0.7333333333333333,0.3346936366573916,1.0,1.0,0.2510822510822511,0.21066666666666667,0.2866666666666667,12012,6000
HBTASP-Top4,4,24000,18000,0,0,0,6000,0,0,24000,24000,18000,0,0,6000,0,0.75,0.0,0.75,cfd66744d8535c7c1a9f24ee11da20f2007aabfa0621f8ffc631d60badaa4a58,100,6,1000,404,assigned_level_sensitivity,dynamic,periodic,0.0,False,True,,True,1.0,25.0,0.0,0.0,0.0,0,6000,6000,0.12742778810745362,1820,0.45910639250742563,0.15514439122178655,0.8448556087782134,0.742,0.331678604399972,1.0,1.0,0.24608724608724608,0.20733333333333334,0.2786666666666667,12012,6000
HBTASP-Top4,4,24000,18000,0,0,0,6000,0,0,24000,24000,18000,0,0,6000,0,0.75,0.0,0.75,81c0798b19c92d9b4ebaa51a565c3605357646bb262d5a04aacb4f8234a780d9,100,6,1000,505,assigned_level_sensitivity,dynamic,periodic,0.0,False,True,,True,1.0,25.0,0.0,0.0,0.0,0,6000,6000,0.1286738871731278,1840,0.46511663335740416,0.15690095049331176,0.8430990495066882,0.7353333333333333,0.3364427461842764,1.0,1.0,0.24575424575424576,0.20666666666666667,0.2833333333333333,12012,6000
HBTASP-Top4,4,24000,18000,0,0,0,6000,0,0,24000,24000,18000,0,0,6000,0,0.75,0.0,0.75,40f8e1198d5aa97f85acd897119bda4f814d627d4e8517ed306daf6ca626c4d1,100,6,1000,606,assigned_level_sensitivity,dynamic,periodic,0.0,False,True,,True,1.0,25.0,0.0,0.0,0.0,0,6000,6000,0.12477991094868293,1808,0.45466915611063863,0.15423800421984157,0.8457619957801584,0.7446666666666667,0.3298892451619557,1.0,1.0,0.24442224442224442,0.20466666666666666,0.2773333333333333,12012,6000
HBTASP-Top4,4,24000,18000,0,0,0,6000,0,0,24000,24000,18000,0,0,6000,0,0.75,0.0,0.75,020d6525abc880ff1fe73844b035dd8db16dd98b1b24a7719cba0d6fc6bca91a,100,6,1000,707,assigned_level_sensitivity,dynamic,periodic,0.0,False,True,,True,1.0,25.0,0.0,0.0,0.0,0,6000,6000,0.1276237720388174,1788,0.4728471918430946,0.1533299137411583,0.8466700862588417,0.7373333333333333,0.3452234198042772,1.0,1.0,0.24375624375624375,0.20466666666666666,0.2813333333333333,12012,6000
HBTASP-Top4,4,24000,18000,0,0,0,6000,0,0,24000,24000,18000,0,0,6000,0,0.75,0.0,0.75,d1089a56c09c2ca0e833a0212e0e7bf77db7fb3bf3e240700dc6e03ab0bc9c17,100,6,1000,808,assigned_level_sensitivity,dynamic,periodic,0.0,False,True,,True,1.0,25.0,0.0,0.0,0.0,0,6000,6000,0.12982606699584767,1820,0.47043262084813997,0.1608877729467727,0.8391122270532273,0.74,0.3406065538522923,1.0,1.0,0.24575424575424576,0.204,0.28,12012,6000
HBTASP-Top4,4,24000,18000,0,0,0,6000,0,0,24000,24000,18000,0,0,6000,0,0.75,0.0,0.75,b3021a0a63031a454ba241c5925c1f8dc0ca0a7341448860a639c9a5c441f3a7,100,6,1000,909,assigned_level_sensitivity,dynamic,periodic,0.0,False,True,,True,1.0,25.0,0.0,0.0,0.0,0,6000,6000,0.129370205454365,1808,0.47862961818056127,0.1603073544613355,0.8396926455386645,0.7333333333333333,0.34925941272619626,1.0,1.0,0.2450882450882451,0.204,0.284,12012,6000
HBTASP-Top4,4,24000,18000,0,0,0,6000,0,0,24000,24000,18000,0,0,6000,0,0.75,0.0,0.75,cd58146770792dcfe8b83fd464ad2ab6d3b368fc780625e316a6cea8fc1b45a6,100,6,1000,1010,assigned_level_sensitivity,dynamic,periodic,0.0,False,True,,True,1.0,25.0,0.0,0.0,0.0,0,6000,6000,0.12922816351012706,1824,0.46577872971389483,0.16103880539242704,0.838961194607573,0.738,0.3365505662037678,1.0,1.0,0.25041625041625043,0.20666666666666667,0.2826666666666667,12012,6000
HBTASP-Top4,4,32000,26000,0,0,0,6000,0,0,32000,32000,26000,0,0,6000,0,0.8125,0.0,0.8125,63b4b67b4cf29b0b5b2b80d746504be90dc0e56dedc9bba0b45346d39db253a1,100,8,1000,101,assigned_level_sensitivity,dynamic,periodic,0.0,False,True,,True,1.0,25.0,0.0,0.0,0.0,0,8000,8000,0.09937203797095262,1816,0.4746475127482923,0.11584933165876075,0.8841506683412392,0.805,0.3752754747773397,1.0,1.0,0.1853146853146853,0.156,0.208,16016,8000
HBTASP-Top4,4,32000,26000,0,0,0,6000,0,0,32000,32000,26000,0,0,6000,0,0.8125,0.0,0.8125,65ec92c3b8d1f4bcfb75cd342167cbc64ca9000dc07ee3a7aa00897638c4d57f,100,8,1000,202,assigned_level_sensitivity,dynamic,periodic,0.0,False,True,,True,1.0,25.0,0.0,0.0,0.0,0,8000,8000,0.10003126573578504,1792,0.4877088066084948,0.11505235182410624,0.8849476481758938,0.807,0.3876775408727098,1.0,1.0,0.1773226773226773,0.155,0.211,16016,8000
HBTASP-Top4,4,32000,26000,0,0,0,6000,0,0,32000,32000,26000,0,0,6000,0,0.8125,0.0,0.8125,433935f68658ca83ba5d291339ab36fc5494423afbd3ecb43bfd0b4bb7a8f5f9,100,8,1000,303,assigned_level_sensitivity,dynamic,periodic,0.0,False,True,,True,1.0,25.0,0.0,0.0,0.0,0,8000,8000,0.10210994281364735,1840,0.4757924441363062,0.11712298275040221,0.8828770172495978,0.8,0.3736825013226589,1.0,1.0,0.1913086913086913,0.164,0.219,16016,8000
HBTASP-Top4,4,32000,26000,0,0,0,6000,0,0,32000,32000,26000,0,0,6000,0,0.8125,0.0,0.8125,47fa8db6a1f45a26ff140bae85d22ea76fdaa0fd57f9b70a809e815a0e18628f,100,8,1000,404,assigned_level_sensitivity,dynamic,periodic,0.0,False,True,,True,1.0,25.0,0.0,0.0,0.0,0,8000,8000,0.08912324843668125,1800,0.4308492396669955,0.1009717153348597,0.8990282846651403,0.818,0.3417259912303143,1.0,1.0,0.17782217782217782,0.156,0.204,16016,8000
HBTASP-Top4,4,32000,26000,0,0,0,6000,0,0,32000,32000,26000,0,0,6000,0,0.8125,0.0,0.8125,22fac114bacf475be72be75cd66d146e0836dd73faa85016ff867cd31839541f,100,8,1000,505,assigned_level_sensitivity,dynamic,periodic,0.0,False,True,,True,1.0,25.0,0.0,0.0,0.0,0,8000,8000,0.09753403373351231,1808,0.47484847154110255,0.11323654178506173,0.8867634582149383,0.795,0.3773144378075902,1.0,1.0,0.18331668331668333,0.161,0.215,16016,8000
HBTASP-Top4,4,32000,26000,0,0,0,6000,0,0,32000,32000,26000,0,0,6000,0,0.8125,0.0,0.8125,3c717e092ddbc306d8831c655926500155cdf9a3097f7e4d626922aa68a93397,100,8,1000,606,assigned_level_sensitivity,dynamic,periodic,0.0,False,True,,True,1.0,25.0,0.0,0.0,0.0,0,8000,8000,0.09113541356034821,1824,0.4427493181341591,0.09200793831150232,0.9079920616884977,0.807,0.35161390457381086,1.0,1.0,0.18081918081918083,0.153,0.211,16016,8000
HBTASP-Top4,4,32000,26000,0,0,0,6000,0,0,32000,32000,26000,0,0,6000,0,0.8125,0.0,0.8125,82e7ae7e1352c67cdfc0f88c50aa613d741714d48677e25e29279657a03530bf,100,8,1000,707,assigned_level_sensitivity,dynamic,periodic,0.0,False,True,,True,1.0,25.0,0.0,0.0,0.0,0,8000,8000,0.09465964948749378,1768,0.4701601481116336,0.10840277542519397,0.8915972245748061,0.802,0.3755004986241398,1.0,1.0,0.18281718281718282,0.155,0.213,16016,8000
HBTASP-Top4,4,32000,26000,0,0,0,6000,0,0,32000,32000,26000,0,0,6000,0,0.8125,0.0,0.8125,aadfa9a0f66343f7213fde38ac2972f4d2aaaa9372d9d57c2cffc5c0431124b1,100,8,1000,808,assigned_level_sensitivity,dynamic,periodic,0.0,False,True,,True,1.0,25.0,0.0,0.0,0.0,0,8000,8000,0.0950668128425464,1848,0.45145362056746446,0.11861349742100491,0.8813865025789951,0.806,0.35638680772491804,1.0,1.0,0.1878121878121878,0.158,0.212,16016,8000
HBTASP-Top4,4,32000,26000,0,0,0,6000,0,0,32000,32000,26000,0,0,6000,0,0.8125,0.0,0.8125,36917be2b6178eb5118deca0cc17be4e502942bf09396ecba5520ea0c225319b,100,8,1000,909,assigned_level_sensitivity,dynamic,periodic,0.0,False,True,,True,1.0,25.0,0.0,0.0,0.0,0,8000,8000,0.10195077646098241,1808,0.5046088857613666,0.11998408183414329,0.8800159181658567,0.795,0.40265810930038426,1.0,1.0,0.1878121878121878,0.153,0.213,16016,8000
HBTASP-Top4,4,32000,26000,0,0,0,6000,0,0,32000,32000,26000,0,0,6000,0,0.8125,0.0,0.8125,e7e95fe0a3c9d82e97a4938e019a8f25ba231547da5800d6c70280939458e412,100,8,1000,1010,assigned_level_sensitivity,dynamic,periodic,0.0,False,True,,True,1.0,25.0,0.0,0.0,0.0,0,8000,8000,0.09354593763830005,1752,0.4603513404879957,0.11923795902275716,0.8807620409772429,0.813,0.36680540284969565,1.0,1.0,0.1838161838161838,0.153,0.203,16016,8000
HBTASP-Top4,4,40000,34000,0,0,0,6000,0,0,40000,40000,34000,0,0,6000,0,0.85,0.0,0.85,64d74f5f8b5b0522de527849df4dff7a612fd74a4b744aef528677227872d9fa,100,10,1000,101,assigned_level_sensitivity,dynamic,periodic,0.0,False,True,,True,1.0,25.0,0.0,0.0,0.0,0,10000,10000,0.08183755805045062,1780,0.48986168918154843,0.08667561651364637,0.9133243834863536,0.842,0.4080241311310978,1.0,1.0,0.15484515484515485,0.13,0.168,20020,10000
HBTASP-Top4,4,40000,34000,0,0,0,6000,0,0,40000,40000,34000,0,0,6000,0,0.85,0.0,0.85,13bc4eea9d8cf02fe665ff1dcd4fe8512f8de0504910b4ffbdc88605e6e39e30,100,10,1000,202,assigned_level_sensitivity,dynamic,periodic,0.0,False,True,,True,1.0,25.0,0.0,0.0,0.0,0,10000,10000,0.08371027867052039,1780,0.4968739859761766,0.13319990164894624,0.8668000983510538,0.846,0.4131637073056562,1.0,1.0,0.14985014985014986,0.128,0.166,20020,10000
HBTASP-Top4,4,40000,34000,0,0,0,6000,0,0,40000,40000,34000,0,0,6000,0,0.85,0.0,0.85,8da6da46c646577c4af90234b48742c318e0eac374e386e410f5f699a6104f0f,100,10,1000,303,assigned_level_sensitivity,dynamic,periodic,0.0,False,True,,True,1.0,25.0,0.0,0.0,0.0,0,10000,10000,0.07265188846930785,1820,0.41785919905614693,0.08569614486454104,0.914303855135459,0.852,0.34520731058683907,1.0,1.0,0.14385614385614387,0.132,0.166,20020,10000
HBTASP-Top4,4,40000,34000,0,0,0,6000,0,0,40000,40000,34000,0,0,6000,0,0.85,0.0,0.85,390befc848aa6ad0a3e07b781025a9ad8d14fa0de416441bd254438c09ab35f7,100,10,1000,404,assigned_level_sensitivity,dynamic,periodic,0.0,False,True,,True,1.0,25.0,0.0,0.0,0.0,0,10000,10000,0.07448636558438948,1780,0.46981528354675406,0.08772885969569366,0.9122711403043063,0.84,0.3953289179623646,1.0,1.0,0.15084915084915085,0.126,0.168,20020,10000
HBTASP-Top4,4,40000,34000,0,0,0,6000,0,0,40000,40000,34000,0,0,6000,0,0.85,0.0,0.85,3aa07821d7a3e4713391127716bbef0cf656e01a357a7506584c87d3bdde5796,100,10,1000,505,assigned_level_sensitivity,dynamic,periodic,0.0,False,True,,True,1.0,25.0,0.0,0.0,0.0,0,10000,10000,0.07957459947240283,1880,0.4702222827361332,0.10127446711195,0.89872553288805,0.834,0.39064768326373034,1.0,1.0,0.14885114885114886,0.126,0.176,20020,10000
HBTASP-Top4,4,40000,34000,0,0,0,6000,0,0,40000,40000,34000,0,0,6000,0,0.85,0.0,0.85,1fb2eac13bf22fd95a386b707771b5a617f623ad2fb85c9b341be14c6a661e88,100,10,1000,606,assigned_level_sensitivity,dynamic,periodic,0.0,False,True,,True,1.0,25.0,0.0,0.0,0.0,0,10000,10000,0.07824464329715378,1860,0.44543652680114737,0.09496605314303411,0.9050339468569659,0.842,0.36719188350399357,1.0,1.0,0.15484515484515485,0.134,0.174,20020,10000
HBTASP-Top4,4,40000,34000,0,0,0,6000,0,0,40000,40000,34000,0,0,6000,0,0.85,0.0,0.85,860a6ff243cc61fc2c421f135dbd6fa78915b5c1dcc22c5a85a3995f8743db0d,100,10,1000,707,assigned_level_sensitivity,dynamic,periodic,0.0,False,True,,True,1.0,25.0,0.0,0.0,0.0,0,10000,10000,0.08713858284745683,1820,0.5170132950585489,0.1103563610143083,0.8896436389856917,0.832,0.429874712211092,1.0,1.0,0.15684315684315683,0.13,0.17,20020,10000
HBTASP-Top4,4,40000,34000,0,0,0,6000,0,0,40000,40000,34000,0,0,6000,0,0.85,0.0,0.85,2f78c3761520c5fbc56f1e3ff36efacb6b0dd87d00841d7cf6f2651a9df15fe2,100,10,1000,808,assigned_level_sensitivity,dynamic,periodic,0.0,False,True,,True,1.0,25.0,0.0,0.0,0.0,0,10000,10000,0.07955058112799204,1800,0.4844558099537598,0.09821117632954231,0.9017888236704577,0.856,0.40490522882576774,1.0,1.0,0.14385614385614387,0.122,0.162,20020,10000
HBTASP-Top4,4,40000,34000,0,0,0,6000,0,0,40000,40000,34000,0,0,6000,0,0.85,0.0,0.85,e415f90842e57c9a6f95ae4ee2d182dc8de7fdbe44dbf83ddc49e00b6e915520,100,10,1000,909,assigned_level_sensitivity,dynamic,periodic,0.0,False,True,,True,1.0,25.0,0.0,0.0,0.0,0,10000,10000,0.08524014712998554,1860,0.5024998942674729,0.0920497284424538,0.9079502715575463,0.836,0.41725974713748737,1.0,1.0,0.14185814185814186,0.126,0.174,20020,10000
HBTASP-Top4,4,40000,34000,0,0,0,6000,0,0,40000,40000,34000,0,0,6000,0,0.85,0.0,0.85,789b63eda572b1c836a32f28e79ee16247e4105ac820e53b91412cb4e76a154b,100,10,1000,1010,assigned_level_sensitivity,dynamic,periodic,0.0,False,True,,True,1.0,25.0,0.0,0.0,0.0,0,10000,10000,0.08452266668700577,1880,0.4764726658780499,0.09789968736531028,0.9021003126346897,0.836,0.3919499991910441,1.0,1.0,0.14485514485514486,0.116,0.172,20020,10000
HBTASP-Top4,4,16000,6000,0,0,0,10000,0,0,16000,16000,6000,0,0,10000,0,0.375,0.0,0.375,06a4e967d8820c7bc5346f3c379946412540988106f1eef2f489735dc1ea8549,150,4,1000,101,assigned_level_sensitivity,dynamic,periodic,0.0,False,True,,True,1.0,25.0,0.0,0.0,0.0,0,4000,4000,0.31522031998771277,2792,0.4762276398882979,0.4058265168849026,0.5941734831150973,0.374,0.16100731990058514,1.0,1.0,0.6313686313686314,0.562,0.672,8008,4000
HBTASP-Top4,4,16000,6000,0,0,0,10000,0,0,16000,16000,6000,0,0,10000,0,0.375,0.0,0.375,d9c6554e6a1624d4571143db76b6a5bd02e05b2506b3253538ad4f2888592014,150,4,1000,202,assigned_level_sensitivity,dynamic,periodic,0.0,False,True,,True,1.0,25.0,0.0,0.0,0.0,0,4000,4000,0.31583476493565893,2840,0.47642456720249143,0.38174913705852376,0.6182508629414762,0.378,0.1605898022668325,1.0,1.0,0.6133866133866134,0.558,0.686,8008,4000
HBTASP-Top4,4,16000,6000,0,0,0,10000,0,0,16000,16000,6000,0,0,10000,0,0.375,0.0,0.375,3437ab4e49b5133a89f9d72dc09c0012001203900f15ead1a5a7c3116f62d129,150,4,1000,303,assigned_level_sensitivity,dynamic,periodic,0.0,False,True,,True,1.0,25.0,0.0,0.0,0.0,0,4000,4000,0.31761880353644434,2832,0.47992764984763703,0.37881814047764883,0.6211818595223512,0.378,0.1623088463111927,1.0,1.0,0.6123876123876124,0.562,0.672,8008,4000
HBTASP-Top4,4,16000,6000,0,0,0,10000,0,0,16000,16000,6000,0,0,10000,0,0.375,0.0,0.375,0eecb416ab20b9d3399f6ba750d5e4f06e3ed92ed769f656883a818e0883d211,150,4,1000,404,assigned_level_sensitivity,dynamic,periodic,0.0,False,True,,True,1.0,25.0,0.0,0.0,0.0,0,4000,4000,0.3189710441235414,2808,0.48659656242880683,0.3782057131147899,0.6217942868852101,0.374,0.16762551830526545,1.0,1.0,0.6083916083916084,0.552,0.68,8008,4000
HBTASP-Top4,4,16000,6000,0,0,0,10000,0,0,16000,16000,6000,0,0,10000,0,0.375,0.0,0.375,6f0de9555a327d24830de18dd3382bd0d5388a9d5101ec922f47f269924f1968,150,4,1000,505,assigned_level_sensitivity,dynamic,periodic,0.0,False,True,,True,1.0,25.0,0.0,0.0,0.0,0,4000,4000,0.31174538076162334,2800,0.4696051728559924,0.39241411035941076,0.6075858896405892,0.38,0.15785979209436907,1.0,1.0,0.6133866133866134,0.56,0.678,8008,4000
HBTASP-Top4,4,16000,6000,0,0,0,10000,0,0,16000,16000,6000,0,0,10000,0,0.375,0.0,0.375,ad74a081d84dce7dc11b210435341e2c5ec82cf10255294b50d9fe117e1ab865,150,4,1000,606,assigned_level_sensitivity,dynamic,periodic,0.0,False,True,,True,1.0,25.0,0.0,0.0,0.0,0,4000,4000,0.3204001230000977,2848,0.47808680430194633,0.3664829631856971,0.6335170368143028,0.364,0.15768668130184865,1.0,1.0,0.6273726273726273,0.568,0.686,8008,4000
HBTASP-Top4,4,16000,6000,0,0,0,10000,0,0,16000,16000,6000,0,0,10000,0,0.375,0.0,0.375,2e3d4ab3d0b7d36aeb20f3858afaeff8b53360d27b355faf46799188ef3a744e,150,4,1000,707,assigned_level_sensitivity,dynamic,periodic,0.0,False,True,,True,1.0,25.0,0.0,0.0,0.0,0,4000,4000,0.3181038547590961,2856,0.4698831725681789,0.40747512518699436,0.5925248748130056,0.366,0.15177931780908283,1.0,1.0,0.6213786213786214,0.56,0.674,8008,4000
HBTASP-Top4,4,16000,6000,0,0,0,10000,0,0,16000,16000,6000,0,0,10000,0,0.375,0.0,0.375,eb6bd27eff8601503d918874522fbf460dee31b2e00d7d9cd0fe7857ab8515c7,150,4,1000,808,assigned_level_sensitivity,dynamic,periodic,0.0,False,True,,True,1.0,25.0,0.0,0.0,0.0,0,4000,4000,0.311760350698251,2800,0.46914588778681643,0.40036643433167235,0.5996335656683276,0.388,0.15738553708856545,1.0,1.0,0.6203796203796204,0.552,0.662,8008,4000
HBTASP-Top4,4,16000,6000,0,0,0,10000,0,0,16000,16000,6000,0,0,10000,0,0.375,0.0,0.375,4088581b230bfc4b377144bb65dda935b79791356395e7042123ca9817ebc570,150,4,1000,909,assigned_level_sensitivity,dynamic,periodic,0.0,False,True,,True,1.0,25.0,0.0,0.0,0.0,0,4000,4000,0.32468867249493194,2840,0.4806902542335093,0.4019722633872871,0.5980277366127129,0.366,0.15600158173857737,1.0,1.0,0.6223776223776224,0.572,0.678,8008,4000
HBTASP-Top4,4,16000,6000,0,0,0,10000,0,0,16000,16000,6000,0,0,10000,0,0.375,0.0,0.375,3064c56c9df23713aabfd5022ce2e0f28804bb64dda1aa5ac8406caee81c762c,150,4,1000,1010,assigned_level_sensitivity,dynamic,periodic,0.0,False,True,,True,1.0,25.0,0.0,0.0,0.0,0,4000,4000,0.31530335129502485,2840,0.4741884228674716,0.3861694943418883,0.6138305056581117,0.366,0.15888507157244675,1.0,1.0,0.6223776223776224,0.566,0.688,8008,4000
HBTASP-Top4,4,24000,14000,0,0,0,10000,0,0,24000,24000,14000,0,0,10000,0,0.5833333333333334,0.0,0.5833333333333334,3e771e6b9a70c8b80e24213ee2ff869352f68507c95417b9d98ca22006d5b240,150,6,1000,101,assigned_level_sensitivity,dynamic,periodic,0.0,False,True,,True,1.0,25.0,0.0,0.0,0.0,0,6000,6000,0.21204319675943165,2828,0.4785179014550581,0.2635834067408168,0.7364165932591832,0.5793333333333334,0.2664747046956265,1.0,1.0,0.4175824175824176,0.36933333333333335,0.4533333333333333,12012,6000
HBTASP-Top4,4,24000,14000,0,0,0,10000,0,0,24000,24000,14000,0,0,10000,0,0.5833333333333334,0.0,0.5833333333333334,4a832f4146a9b02c3a9b213e0b9c96d871c83954007ae03a97e84c52e6d92a60,150,6,1000,202,assigned_level_sensitivity,dynamic,periodic,0.0,False,True,,True,1.0,25.0,0.0,0.0,0.0,0,6000,6000,0.2093243364330615,2828,0.47297070558882576,0.26119474769764817,0.7388052523023518,0.582,0.2636463691557642,1.0,1.0,0.4115884115884116,0.372,0.45,12012,6000
HBTASP-Top4,4,24000,14000,0,0,0,10000,0,0,24000,24000,14000,0,0,10000,0,0.5833333333333334,0.0,0.5833333333333334,d43fa4bf1b2e904b8a3ee44ab7b6e68d9ddb9e0934ac75445c0972efb7eb4c4c,150,6,1000,303,assigned_level_sensitivity,dynamic,periodic,0.0,False,True,,True,1.0,25.0,0.0,0.0,0.0,0,6000,6000,0.20889294190562285,2796,0.47841357310108207,0.2540208851193696,0.7459791148806304,0.5866666666666667,0.2695206311954592,1.0,1.0,0.4092574092574093,0.36933333333333335,0.446,12012,6000
HBTASP-Top4,4,24000,14000,0,0,0,10000,0,0,24000,24000,14000,0,0,10000,0,0.5833333333333334,0.0,0.5833333333333334,612c96f566fbc61ef258449c9490217c1a98b3ca3cb1ff06e1ab7692b687f936,150,6,1000,404,assigned_level_sensitivity,dynamic,periodic,0.0,False,True,,True,1.0,25.0,0.0,0.0,0.0,0,6000,6000,0.21603876891862916,2824,0.48749971255904184,0.26685449420986884,0.7331455057901312,0.578,0.2714609436404127,1.0,1.0,0.41625041625041626,0.37266666666666665,0.454,12012,6000
HBTASP-Top4,4,24000,14000,0,0,0,10000,0,0,24000,24000,14000,0,0,10000,0,0.5833333333333334,0.0,0.5833333333333334,690ea482bfaa761e993c098e1a7c63b59314acfe6b49dd38524992c5ae0e4707,150,6,1000,505,assigned_level_sensitivity,dynamic,periodic,0.0,False,True,,True,1.0,25.0,0.0,0.0,0.0,0,6000,6000,0.2132779847485497,2804,0.4805171564287425,0.2660164386054757,0.7339835613945243,0.5846666666666667,0.2672391716801928,1.0,1.0,0.4119214119214119,0.37333333333333335,0.4493333333333333,12012,6000
HBTASP-Top4,4,24000,14000,0,0,0,10000,0,0,24000,24000,14000,0,0,10000,0,0.5833333333333334,0.0,0.5833333333333334,a74c527c0fb8ba3f3bded5b2327acf4f5ac3e6329c27cdacb7c7b49b6b25f25c,150,6,1000,606,assigned_level_sensitivity,dynamic,periodic,0.0,False,True,,True,1.0,25.0,0.0,0.0,0.0,0,6000,6000,0.21652021688785286,2836,0.48562496940935557,0.2723448546883513,0.7276551453116487,0.5746666666666667,0.2691047525215027,1.0,1.0,0.41824841824841824,0.37533333333333335,0.4553333333333333,12012,6000
HBTASP-Top4,4,24000,14000,0,0,0,10000,0,0,24000,24000,14000,0,0,10000,0,0.5833333333333334,0.0,0.5833333333333334,83e17003c6f32b18363230cb91d74aaa58f81735d77d16a1f083ddb700ceaca0,150,6,1000,707,assigned_level_sensitivity,dynamic,periodic,0.0,False,True,,True,1.0,25.0,0.0,0.0,0.0,0,6000,6000,0.2156730925725562,2856,0.4782226502543914,0.2683911676049939,0.7316088323950061,0.5793333333333334,0.2625495576818352,1.0,1.0,0.41525141525141523,0.37533333333333335,0.4513333333333333,12012,6000
HBTASP-Top4,4,24000,14000,0,0,0,10000,0,0,24000,24000,14000,0,0,10000,0,0.5833333333333334,0.0,0.5833333333333334,3a1b44097277c498f1fa6d02854c6de060a58ed724ec181ddb3f9fdfd23a358f,150,6,1000,808,assigned_level_sensitivity,dynamic,periodic,0.0,False,True,,True,1.0,25.0,0.0,0.0,0.0,0,6000,6000,0.21380933965697446,2824,0.4805589767872068,0.2737124168040507,0.7262875831959493,0.5793333333333334,0.26674963713023236,1.0,1.0,0.4169164169164169,0.376,0.45266666666666666,12012,6000
HBTASP-Top4,4,24000,14000,0,0,0,10000,0,0,24000,24000,14000,0,0,10000,0,0.5833333333333334,0.0,0.5833333333333334,2152f74a865542f1eeca8e8c300b9913a232aaeedd6b76d1b99bb7886e74949d,150,6,1000,909,assigned_level_sensitivity,dynamic,periodic,0.0,False,True,,True,1.0,25.0,0.0,0.0,0.0,0,6000,6000,0.21188850827780165,2836,0.47026213441336334,0.26833742566144286,0.7316625743385572,0.5853333333333334,0.2583736261355617,1.0,1.0,0.41325341325341325,0.376,0.44866666666666666,12012,6000
HBTASP-Top4,4,24000,14000,0,0,0,10000,0,0,24000,24000,14000,0,0,10000,0,0.5833333333333334,0.0,0.5833333333333334,4dff7ccbb7bea26b7a11866dc8dea19bd7d51208bf9e9158c60edb0b2e67c99d,150,6,1000,1010,assigned_level_sensitivity,dynamic,periodic,0.0,False,True,,True,1.0,25.0,0.0,0.0,0.0,0,6000,6000,0.21161968555492422,2820,0.4776525432148635,0.26194554133234904,0.738054458667651,0.58,0.2660328576599393,1.0,1.0,0.41525141525141523,0.37333333333333335,0.45,12012,6000
HBTASP-Top4,4,32000,22000,0,0,0,10000,0,0,32000,32000,22000,0,0,10000,0,0.6875,0.0,0.6875,890a2b0ce23e1f97fb3f1659d6b654c0a5135693c64e46724993b82c95c98044,150,8,1000,101,assigned_level_sensitivity,dynamic,periodic,0.0,False,True,,True,1.0,25.0,0.0,0.0,0.0,0,8000,8000,0.1576101599938562,2792,0.4762276398882975,0.2029132584424513,0.7970867415575487,0.687,0.31861747989444134,1.0,1.0,0.3156843156843157,0.281,0.336,16016,8000
HBTASP-Top4,4,32000,22000,0,0,0,10000,0,0,32000,32000,22000,0,0,10000,0,0.6875,0.0,0.6875,1c4cbf98c81348ab28e61f8825ba49984a52d75c06411a23cd6df85e1ab15302,150,8,1000,202,assigned_level_sensitivity,dynamic,periodic,0.0,False,True,,True,1.0,25.0,0.0,0.0,0.0,0,8000,8000,0.1579173824678295,2840,0.47642456720249154,0.19087456852926188,0.8091254314707381,0.689,0.31850718473466205,1.0,1.0,0.3066933066933067,0.279,0.343,16016,8000
HBTASP-Top4,4,32000,22000,0,0,0,10000,0,0,32000,32000,22000,0,0,10000,0,0.6875,0.0,0.6875,99c9fa53be40d3f2b2bf30db10d334c10d28d320d84d24ac20c0da5f67d0cc7b,150,8,1000,303,assigned_level_sensitivity,dynamic,periodic,0.0,False,True,,True,1.0,25.0,0.0,0.0,0.0,0,8000,8000,0.1588094017682221,2832,0.47992764984763703,0.18940907023882442,0.8105909297611755,0.689,0.3211182480794149,1.0,1.0,0.3061938061938062,0.281,0.336,16016,8000
HBTASP-Top4,4,32000,22000,0,0,0,10000,0,0,32000,32000,22000,0,0,10000,0,0.6875,0.0,0.6875,538b5148679520b60f45babf9ad4da7eb25d5ef7d46d23fc94c55af3a1c7485f,150,8,1000,404,assigned_level_sensitivity,dynamic,periodic,0.0,False,True,,True,1.0,25.0,0.0,0.0,0.0,0,8000,8000,0.15948552206177052,2808,0.48659656242880683,0.18910285655739495,0.8108971434426051,0.687,0.3271110403670363,1.0,1.0,0.3041958041958042,0.276,0.34,16016,8000
HBTASP-Top4,4,32000,22000,0,0,0,10000,0,0,32000,32000,22000,0,0,10000,0,0.6875,0.0,0.6875,c43076a9693e4eeff54c300bcb8f44528846f945706c423e71c2fe1a38c32590,150,8,1000,505,assigned_level_sensitivity,dynamic,periodic,0.0,False,True,,True,1.0,25.0,0.0,0.0,0.0,0,8000,8000,0.15587269038081178,2800,0.46960517285599257,0.19620705517970538,0.8037929448202946,0.69,0.3137324824751808,1.0,1.0,0.3066933066933067,0.28,0.339,16016,8000
HBTASP-Top4,4,32000,22000,0,0,0,10000,0,0,32000,32000,22000,0,0,10000,0,0.6875,0.0,0.6875,1d695216bf8ed1027778963685cb4c1e8c77041cd2a53f5b5d4838d17775ba25,150,8,1000,606,assigned_level_sensitivity,dynamic,periodic,0.0,False,True,,True,1.0,25.0,0.0,0.0,0.0,0,8000,8000,0.16020006150004842,2848,0.47808680430194606,0.18324148159284856,0.8167585184071514,0.682,0.31788674280189766,1.0,1.0,0.31368631368631367,0.284,0.343,16016,8000
HBTASP-Top4,4,32000,22000,0,0,0,10000,0,0,32000,32000,22000,0,0,10000,0,0.6875,0.0,0.6875,3440625bbed6a6a704db80e2846d5cae02b5487c6011e30d95dd4084ab718c26,150,8,1000,707,assigned_level_sensitivity,dynamic,periodic,0.0,False,True,,True,1.0,25.0,0.0,0.0,0.0,0,8000,8000,0.15905192737954787,2856,0.4698831725681791,0.20373756259349718,0.7962624374065028,0.683,0.3108312451886312,1.0,1.0,0.3106893106893107,0.28,0.337,16016,8000
HBTASP-Top4,4,32000,22000,0,0,0,10000,0,0,32000,32000,22000,0,0,10000,0,0.6875,0.0,0.6875,7888ed50e04e26677077bcddb1f156cab1e1a6f2a19474332f38827f083b3c22,150,8,1000,808,assigned_level_sensitivity,dynamic,periodic,0.0,False,True,,True,1.0,25.0,0.0,0.0,0.0,0,8000,8000,0.15588017534912554,2800,0.4691458877868163,0.20018321716583617,0.7998167828341638,0.694,0.31326571243769075,1.0,1.0,0.3101898101898102,0.276,0.331,16016,8000
HBTASP-Top4,4,32000,22000,0,0,0,10000,0,0,32000,32000,22000,0,0,10000,0,0.6875,0.0,0.6875,0cc06c7c51757a164911e38edd459e884285fcbc610cfd11713636c73e0bbbe7,150,8,1000,909,assigned_level_sensitivity,dynamic,periodic,0.0,False,True,,True,1.0,25.0,0.0,0.0,0.0,0,8000,8000,0.16234433624746603,2840,0.48069025423350953,0.20098613169364354,0.7990138683063565,0.683,0.3183459179860435,1.0,1.0,0.3111888111888112,0.286,0.339,16016,8000
HBTASP-Top4,4,32000,22000,0,0,0,10000,0,0,32000,32000,22000,0,0,10000,0,0.6875,0.0,0.6875,38e9b6ede2c1382e92619224d8a0c9c9fc0be059547c7a6c0d47067b4166599f,150,8,1000,1010,assigned_level_sensitivity,dynamic,periodic,0.0,False,True,,True,1.0,25.0,0.0,0.0,0.0,0,8000,8000,0.15765167564751245,2840,0.47418842286747126,0.19308474717094415,0.8069152528290559,0.683,0.31653674721995884,1.0,1.0,0.3111888111888112,0.283,0.344,16016,8000
HBTASP-Top4,4,40000,30000,0,0,0,10000,0,0,40000,40000,30000,0,0,10000,0,0.75,0.0,0.75,6765452f1357c8a3cc02a05e79ad96fb63fa2b5edea96f44d525b1d0fe82219c,150,10,1000,101,assigned_level_sensitivity,dynamic,periodic,0.0,False,True,,True,1.0,25.0,0.0,0.0,0.0,0,10000,10000,0.1292929699184699,2860,0.47940830548726615,0.14127792571923742,0.8587220742807626,0.738,0.35011533556879626,1.0,1.0,0.25274725274725274,0.224,0.278,20020,10000
HBTASP-Top4,4,40000,30000,0,0,0,10000,0,0,40000,40000,30000,0,0,10000,0,0.75,0.0,0.75,522656420e634a5490af0a83148ab6f5afa7fee6f45872a70a5414bc8b1964a5,150,10,1000,202,assigned_level_sensitivity,dynamic,periodic,0.0,False,True,,True,1.0,25.0,0.0,0.0,0.0,0,10000,10000,0.13618441472389295,2860,0.5127030278187878,0.19962123469477666,0.8003787653052233,0.736,0.37651861309489487,1.0,1.0,0.2517482517482518,0.228,0.274,20020,10000
HBTASP-Top4,4,40000,30000,0,0,0,10000,0,0,40000,40000,30000,0,0,10000,0,0.75,0.0,0.75,0eff10d0c9fd53124b0495c1b7f4ab81bbd4e2d3cce3c37f81d19687ee24f6f2,150,10,1000,303,assigned_level_sensitivity,dynamic,periodic,0.0,False,True,,True,1.0,25.0,0.0,0.0,0.0,0,10000,10000,0.11182078878897318,2700,0.4371828182701463,0.13021681165039614,0.8697831883496039,0.774,0.32536202948117315,1.0,1.0,0.22477522477522477,0.21,0.254,20020,10000
HBTASP-Top4,4,40000,30000,0,0,0,10000,0,0,40000,40000,30000,0,0,10000,0,0.75,0.0,0.75,3b04edc868da52285d8a74908fbdbc22a34ecbf15d9203adbfba7f9d73a71910,150,10,1000,404,assigned_level_sensitivity,dynamic,periodic,0.0,False,True,,True,1.0,25.0,0.0,0.0,0.0,0,10000,10000,0.12865427100820415,2780,0.48787908247188977,0.16597894288443066,0.8340210571155693,0.752,0.3592248114636856,1.0,1.0,0.24875124875124874,0.222,0.26,20020,10000
HBTASP-Top4,4,40000,30000,0,0,0,10000,0,0,40000,40000,30000,0,0,10000,0,0.75,0.0,0.75,74cb2033f71f3ccf7d4a717f06edc139961262e389c02845d039cf82ce9e3383,150,10,1000,505,assigned_level_sensitivity,dynamic,periodic,0.0,False,True,,True,1.0,25.0,0.0,0.0,0.0,0,10000,10000,0.12644096453793544,2780,0.48076714477936805,0.15666032066630778,0.8433396793336922,0.75,0.3543261802414326,1.0,1.0,0.24475524475524477,0.224,0.268,20020,10000
HBTASP-Top4,4,40000,30000,0,0,0,10000,0,0,40000,40000,30000,0,0,10000,0,0.75,0.0,0.75,d50e57f910a6cd12e99e0aab953bef8adee8323b8698ac89a1d9baaed20d1fae,150,10,1000,606,assigned_level_sensitivity,dynamic,periodic,0.0,False,True,,True,1.0,25.0,0.0,0.0,0.0,0,10000,10000,0.13136139749587109,2880,0.480941306482552,0.1661346461533998,0.8338653538466002,0.738,0.3495799089866809,1.0,1.0,0.2547452547452547,0.226,0.276,20020,10000
HBTASP-Top4,4,40000,30000,0,0,0,10000,0,0,40000,40000,30000,0,0,10000,0,0.75,0.0,0.75,c3c3319c091e4f5c16a8c871bd375d440d98c2ac7d3fcf2fc7df1c019b4aa150,150,10,1000,707,assigned_level_sensitivity,dynamic,periodic,0.0,False,True,,True,1.0,25.0,0.0,0.0,0.0,0,10000,10000,0.13235360253057005,2880,0.4834606154001492,0.15870482245747236,0.8412951775425277,0.746,0.3511070128695791,1.0,1.0,0.25074925074925075,0.228,0.276,20020,10000
HBTASP-Top4,4,40000,30000,0,0,0,10000,0,0,40000,40000,30000,0,0,10000,0,0.75,0.0,0.75,a701fe8b459819245575a2bad57b66cfd2e418a24ee4974a814e18b86d7bb351,150,10,1000,808,assigned_level_sensitivity,dynamic,periodic,0.0,False,True,,True,1.0,25.0,0.0,0.0,0.0,0,10000,10000,0.13234475259386683,2780,0.5097469403145962,0.1586304739404739,0.8413695260595261,0.754,0.3774021877207294,1.0,1.0,0.24175824175824176,0.226,0.268,20020,10000
HBTASP-Top4,4,40000,30000,0,0,0,10000,0,0,40000,40000,30000,0,0,10000,0,0.75,0.0,0.75,29624f511050bb5753a7ae70f5578c89b90ac84b4a44d89ab1b0341ef945cc88,150,10,1000,909,assigned_level_sensitivity,dynamic,periodic,0.0,False,True,,True,1.0,25.0,0.0,0.0,0.0,0,10000,10000,0.13195291126802966,2760,0.5087986496551187,0.16335308844316596,0.836646911556834,0.746,0.376845738387089,1.0,1.0,0.24075924075924077,0.224,0.268,20020,10000
HBTASP-Top4,4,40000,30000,0,0,0,10000,0,0,40000,40000,30000,0,0,10000,0,0.75,0.0,0.75,48a3a593d4720ab79cddcb6b29e9da49070f4304e0b9de0f8663a47da99319da,150,10,1000,1010,assigned_level_sensitivity,dynamic,periodic,0.0,False,True,,True,1.0,25.0,0.0,0.0,0.0,0,10000,10000,0.1339565966602541,2820,0.4995265524786903,0.15658226296608876,0.8434177370339112,0.742,0.3655699558184362,1.0,1.0,0.23976023976023977,0.226,0.266,20020,10000
HBTASP-Top4,4,16000,2000,0,0,0,14000,0,0,16000,16000,2000,0,0,14000,0,0.125,0.0,0.125,67c9b97c564e8580d921fc5b0e3e85a5fe459c765aa5007046716f9e385511d0,200,4,1000,101,assigned_level_sensitivity,dynamic,periodic,0.0,False,True,,True,1.0,25.0,0.0,0.0,0.0,0,4000,4000,0.43945084131490375,3816,0.4800282644935052,0.5575687078796487,0.44243129212035126,0.142,0.04057742317860147,1.0,1.0,0.8731268731268731,0.82,0.922,8008,4000
HBTASP-Top4,4,16000,2000,0,0,0,14000,0,0,16000,16000,2000,0,0,14000,0,0.125,0.0,0.125,b1e57e0f02ba9b798d2d782c07dd9e9289c12fe38ae1f9a1304ff9b9406fd215,200,4,1000,202,assigned_level_sensitivity,dynamic,periodic,0.0,False,True,,True,1.0,25.0,0.0,0.0,0.0,0,4000,4000,0.4467325675066785,3840,0.48253200567823357,0.5561573224510843,0.4438426775489157,0.142,0.035799438171555065,1.0,1.0,0.8711288711288712,0.814,0.926,8008,4000
HBTASP-Top4,4,16000,2000,0,0,0,14000,0,0,16000,16000,2000,0,0,14000,0,0.125,0.0,0.125,c722f4b26ef7d46c492a2ee1efb622bff0034a592d122c5f40f5f5a55252243f,200,4,1000,303,assigned_level_sensitivity,dynamic,periodic,0.0,False,True,,True,1.0,25.0,0.0,0.0,0.0,0,4000,4000,0.4431023547756286,3856,0.4793061274467372,0.5523910178089426,0.4476089821910574,0.138,0.03620377267110858,1.0,1.0,0.8671328671328671,0.804,0.922,8008,4000
HBTASP-Top4,4,16000,2000,0,0,0,14000,0,0,16000,16000,2000,0,0,14000,0,0.125,0.0,0.125,31f5d066ccf6daedf3f7f8338834f924bed07e77958e5512550c6c3fc23d06bc,200,4,1000,404,assigned_level_sensitivity,dynamic,periodic,0.0,False,True,,True,1.0,25.0,0.0,0.0,0.0,0,4000,4000,0.4415040825735572,3840,0.4805957025585085,0.5462657550648279,0.4537342449351721,0.134,0.039091619984951254,1.0,1.0,0.8681318681318682,0.81,0.928,8008,4000
HBTASP-Top4,4,16000,2000,0,0,0,14000,0,0,16000,16000,2000,0,0,14000,0,0.125,0.0,0.125,9db6d26231efd9fe3b213a4020cabf37ba12f6fb2bae8fa28993ecd379162280,200,4,1000,505,assigned_level_sensitivity,dynamic,periodic,0.0,False,True,,True,1.0,25.0,0.0,0.0,0.0,0,4000,4000,0.43264361982039506,3872,0.4700060116944928,0.5484842587621829,0.4515157412378171,0.15,0.03736239187409773,1.0,1.0,0.8591408591408591,0.798,0.92,8008,4000
HBTASP-Top4,4,16000,2000,0,0,0,14000,0,0,16000,16000,2000,0,0,14000,0,0.125,0.0,0.125,438034bc99c7d838243beb0e7988e2ad53c59222b8cd30e2c51e45212269ddca,200,4,1000,606,assigned_level_sensitivity,dynamic,periodic,0.0,False,True,,True,1.0,25.0,0.0,0.0,0.0,0,4000,4000,0.4324370288378409,3792,0.47415121431152835,0.5390191650199954,0.46098083498000464,0.156,0.04171418547368744,1.0,1.0,0.8671328671328671,0.808,0.91,8008,4000
HBTASP-Top4,4,16000,2000,0,0,0,14000,0,0,16000,16000,2000,0,0,14000,0,0.125,0.0,0.125,ee96e04f8703ffe0380e3650864dfae48388c8a30081eece4224bcb3293fc806,200,4,1000,707,assigned_level_sensitivity,dynamic,periodic,0.0,False,True,,True,1.0,25.0,0.0,0.0,0.0,0,4000,4000,0.43786431304948353,3808,0.48238119742689484,0.5492278263584616,0.45077217364153843,0.138,0.0445168843774113,1.0,1.0,0.8631368631368631,0.804,0.918,8008,4000
HBTASP-Top4,4,16000,2000,0,0,0,14000,0,0,16000,16000,2000,0,0,14000,0,0.125,0.0,0.125,d4b24cad237e05f278a2f049e8dc8a68f631004ebfb0c1d83a8becdeb638333d,200,4,1000,808,assigned_level_sensitivity,dynamic,periodic,0.0,False,True,,True,1.0,25.0,0.0,0.0,0.0,0,4000,4000,0.4468131448678884,3792,0.49260620446738074,0.5617406323135306,0.43825936768646945,0.14,0.045793059599492314,1.0,1.0,0.8661338661338661,0.796,0.916,8008,4000
HBTASP-Top4,4,16000,2000,0,0,0,14000,0,0,16000,16000,2000,0,0,14000,0,0.125,0.0,0.125,5b8b5d68c069b01d94b7df7e930f4c8f989750362f01044ab225b27044a1fcd7,200,4,1000,909,assigned_level_sensitivity,dynamic,periodic,0.0,False,True,,True,1.0,25.0,0.0,0.0,0.0,0,4000,4000,0.4391590317509966,3808,0.4827184104841981,0.5529011541412083,0.44709884585879167,0.136,0.04355937873320154,1.0,1.0,0.8631368631368631,0.806,0.926,8008,4000
HBTASP-Top4,4,16000,2000,0,0,0,14000,0,0,16000,16000,2000,0,0,14000,0,0.125,0.0,0.125,ba12a259bf40ee935214d508e34b40534e1cfbd05c315f8c7e2bd068b008e272,200,4,1000,1010,assigned_level_sensitivity,dynamic,periodic,0.0,False,True,,True,1.0,25.0,0.0,0.0,0.0,0,4000,4000,0.442468080268589,3896,0.47744535870650756,0.5509788905437342,0.44902110945626583,0.126,0.034977278437918535,1.0,1.0,0.8771228771228772,0.814,0.942,8008,4000
HBTASP-Top4,4,24000,10000,0,0,0,14000,0,0,24000,24000,10000,0,0,14000,0,0.4166666666666667,0.0,0.4166666666666667,91013ead36430ce3693ca3fcd97dc749154504343fe9f1ecbe8960a0841ea9f7,200,6,1000,101,assigned_level_sensitivity,dynamic,periodic,0.0,False,True,,True,1.0,25.0,0.0,0.0,0.0,0,6000,6000,0.29563686719955173,3816,0.4833085007632992,0.3734046013049786,0.6265953986950215,0.428,0.18767163356374744,1.0,1.0,0.5820845820845821,0.544,0.6126666666666667,12012,6000
HBTASP-Top4,4,24000,10000,0,0,0,14000,0,0,24000,24000,10000,0,0,14000,0,0.4166666666666667,0.0,0.4166666666666667,b6cda167b89296a848d09d780101ed12ca9da45138095cefce0400a7f498f7ae,200,6,1000,202,assigned_level_sensitivity,dynamic,periodic,0.0,False,True,,True,1.0,25.0,0.0,0.0,0.0,0,6000,6000,0.2966063867158965,3816,0.48466893709703956,0.37132907975191776,0.6286709202480822,0.42733333333333334,0.18806255038114306,1.0,1.0,0.5800865800865801,0.5413333333333333,0.616,12012,6000
HBTASP-Top4,4,24000,10000,0,0,0,14000,0,0,24000,24000,10000,0,0,14000,0,0.4166666666666667,0.0,0.4166666666666667,b9541018dfa029d45097181e0455b993d74c7fdc9f2ce854a1a799e6d0560ee1,200,6,1000,303,assigned_level_sensitivity,dynamic,periodic,0.0,False,True,,True,1.0,25.0,0.0,0.0,0.0,0,6000,6000,0.29774773406897903,3848,0.48172380091755124,0.3709381867913348,0.6290618132086652,0.422,0.1839760668485722,1.0,1.0,0.5844155844155844,0.544,0.62,12012,6000
HBTASP-Top4,4,24000,10000,0,0,0,14000,0,0,24000,24000,10000,0,0,14000,0,0.4166666666666667,0.0,0.4166666666666667,c3c3e6da104b2877b67ed7c8bdedc339060712f9d28ed869d264027213f63854,200,6,1000,404,assigned_level_sensitivity,dynamic,periodic,0.0,False,True,,True,1.0,25.0,0.0,0.0,0.0,0,6000,6000,0.2923896216403062,3820,0.4778389098326257,0.36572711407164377,0.6342728859283562,0.43066666666666664,0.18544928819231954,1.0,1.0,0.5794205794205795,0.5406666666666666,0.612,12012,6000
HBTASP-Top4,4,24000,10000,0,0,0,14000,0,0,24000,24000,10000,0,0,14000,0,0.4166666666666667,0.0,0.4166666666666667,c500c80863b54087315e175ceea9fd187b76c0b1f4695cde11a69664d679f5e5,200,6,1000,505,assigned_level_sensitivity,dynamic,periodic,0.0,False,True,,True,1.0,25.0,0.0,0.0,0.0,0,6000,6000,0.29363572070598015,3840,0.4806212517121715,0.367483673343169,0.632516326656831,0.424,0.18698553100619136,1.0,1.0,0.5790875790875791,0.54,0.6166666666666667,12012,6000
HBTASP-Top4,4,24000,10000,0,0,0,14000,0,0,24000,24000,10000,0,0,14000,0,0.4166666666666667,0.0,0.4166666666666667,10f1acbee352c5501295763a2941be28574f86f658bcf07c1a961d45a908e3ad,200,6,1000,606,assigned_level_sensitivity,dynamic,periodic,0.0,False,True,,True,1.0,25.0,0.0,0.0,0.0,0,6000,6000,0.28974174448153567,3808,0.4757911857786631,0.3648207270696988,0.6351792729303012,0.43333333333333335,0.18604944129712742,1.0,1.0,0.5777555777555777,0.538,0.6106666666666667,12012,6000
HBTASP-Top4,4,24000,10000,0,0,0,14000,0,0,24000,24000,10000,0,0,14000,0,0.4166666666666667,0.0,0.4166666666666667,594b5956fb3767fb2fd0cb9799cbe3fdf16fdc32b184a24b36c5ebc7c4457007,200,6,1000,707,assigned_level_sensitivity,dynamic,periodic,0.0,False,True,,True,1.0,25.0,0.0,0.0,0.0,0,6000,6000,0.29258560557167007,3788,0.4844830465186293,0.3639126365910155,0.6360873634089845,0.426,0.1918974409469592,1.0,1.0,0.5770895770895771,0.538,0.6146666666666667,12012,6000
HBTASP-Top4,4,24000,10000,0,0,0,14000,0,0,24000,24000,10000,0,0,14000,0,0.4166666666666667,0.0,0.4166666666666667,80a25d193e71920e8c7e2369ae21c163617a4d8e694fb200baddea1db481e88d,200,6,1000,808,assigned_level_sensitivity,dynamic,periodic,0.0,False,True,,True,1.0,25.0,0.0,0.0,0.0,0,6000,6000,0.2947879005287005,3820,0.4832351756912909,0.37147049579662994,0.6285295042033701,0.42866666666666664,0.18844727516259036,1.0,1.0,0.5790875790875791,0.5373333333333333,0.6133333333333333,12012,6000
HBTASP-Top4,4,24000,10000,0,0,0,14000,0,0,24000,24000,10000,0,0,14000,0,0.4166666666666667,0.0,0.4166666666666667,6d3e8b2b154ff14dca49e84dd72888ac6874c521293340e314d736de5c79ba82,200,6,1000,909,assigned_level_sensitivity,dynamic,periodic,0.0,False,True,,True,1.0,25.0,0.0,0.0,0.0,0,6000,6000,0.2943320389872181,3808,0.4871673715513587,0.3708900773111928,0.6291099226888073,0.422,0.1928353325641406,1.0,1.0,0.5784215784215784,0.5373333333333333,0.6173333333333333,12012,6000
HBTASP-Top4,4,24000,10000,0,0,0,14000,0,0,24000,24000,10000,0,0,14000,0,0.4166666666666667,0.0,0.4166666666666667,55730af6ed3ab87400174fa9127710bd220a404806398e4def626a8c8acf4ba9,200,6,1000,1010,assigned_level_sensitivity,dynamic,periodic,0.0,False,True,,True,1.0,25.0,0.0,0.0,0.0,0,6000,6000,0.29418999704297943,3824,0.4810019362435306,0.3716215282422843,0.6283784717577157,0.4266666666666667,0.18681193920055117,1.0,1.0,0.5837495837495837,0.54,0.616,12012,6000
HBTASP-Top4,4,32000,18000,0,0,0,14000,0,0,32000,32000,18000,0,0,14000,0,0.5625,0.0,0.5625,833283720ce8bb8763e102bc4fb8fa9573d15787ee2dd92c50a049eb5751658d,200,8,1000,101,assigned_level_sensitivity,dynamic,periodic,0.0,False,True,,True,1.0,25.0,0.0,0.0,0.0,0,8000,8000,0.21972542065745201,3816,0.48002826449350566,0.27878435393982437,0.7212156460601756,0.571,0.2603028438360536,1.0,1.0,0.43656343656343655,0.41,0.461,16016,8000
HBTASP-Top4,4,32000,18000,0,0,0,14000,0,0,32000,32000,18000,0,0,14000,0,0.5625,0.0,0.5625,f1d056b80b0e8403f3900690cc4e4497a7639c31a4f6cb13b01b56794aa492b6,200,8,1000,202,assigned_level_sensitivity,dynamic,periodic,0.0,False,True,,True,1.0,25.0,0.0,0.0,0.0,0,8000,8000,0.22336628375333906,3840,0.48253200567823334,0.27807866122554215,0.7219213387744579,0.571,0.2591657219248943,1.0,1.0,0.4355644355644356,0.407,0.463,16016,8000
HBTASP-Top4,4,32000,18000,0,0,0,14000,0,0,32000,32000,18000,0,0,14000,0,0.5625,0.0,0.5625,02b651fc1d88eb505fe700605c2b3ad342ec570e023b421c654b021c97d751a6,200,8,1000,303,assigned_level_sensitivity,dynamic,periodic,0.0,False,True,,True,1.0,25.0,0.0,0.0,0.0,0,8000,8000,0.2215511773878144,3856,0.4793061274467371,0.2761955089044713,0.7238044910955287,0.569,0.2577549500589227,1.0,1.0,0.43356643356643354,0.402,0.461,16016,8000
HBTASP-Top4,4,32000,18000,0,0,0,14000,0,0,32000,32000,18000,0,0,14000,0,0.5625,0.0,0.5625,faa4c08026f14f7a6cd0882496987e9d8a1d970dafbc052432a2caf9b3b268ea,200,8,1000,404,assigned_level_sensitivity,dynamic,periodic,0.0,False,True,,True,1.0,25.0,0.0,0.0,0.0,0,8000,8000,0.22075204128677864,3840,0.4805957025585089,0.27313287753241394,0.726867122467586,0.567,0.2598436612717303,1.0,1.0,0.4340659340659341,0.405,0.464,16016,8000
HBTASP-Top4,4,32000,18000,0,0,0,14000,0,0,32000,32000,18000,0,0,14000,0,0.5625,0.0,0.5625,2751508ea677a96c79f417fd0b662d5cf73a11850c27abdaf1f53989f157dce2,200,8,1000,505,assigned_level_sensitivity,dynamic,periodic,0.0,False,True,,True,1.0,25.0,0.0,0.0,0.0,0,8000,8000,0.21632180991019756,3872,0.4700060116944933,0.27424212938109144,0.7257578706189085,0.575,0.25368420178429574,1.0,1.0,0.42957042957042957,0.399,0.46,16016,8000
HBTASP-Top4,4,32000,18000,0,0,0,14000,0,0,32000,32000,18000,0,0,14000,0,0.5625,0.0,0.5625,a99da8ceb3946fc9d236384153d95dacd60e108bb617bff2903fab8e3e775be9,200,8,1000,606,assigned_level_sensitivity,dynamic,periodic,0.0,False,True,,True,1.0,25.0,0.0,0.0,0.0,0,8000,8000,0.21621851441891998,3792,0.4741512143115275,0.2695095825099977,0.7304904174900023,0.578,0.25793269989260753,1.0,1.0,0.43356643356643354,0.404,0.455,16016,8000
HBTASP-Top4,4,32000,18000,0,0,0,14000,0,0,32000,32000,18000,0,0,14000,0,0.5625,0.0,0.5625,57cb2195321ecea4612c3706e1a104c5046f1d000b18aa2e4974dbc14e8d86ab,200,8,1000,707,assigned_level_sensitivity,dynamic,periodic,0.0,False,True,,True,1.0,25.0,0.0,0.0,0.0,0,8000,8000,0.21893215652474177,3808,0.4823811974268948,0.2746139131792308,0.7253860868207692,0.569,0.26344904090215304,1.0,1.0,0.43156843156843155,0.402,0.459,16016,8000
HBTASP-Top4,4,32000,18000,0,0,0,14000,0,0,32000,32000,18000,0,0,14000,0,0.5625,0.0,0.5625,3bbb752e02950a76e1409d140f8d7c48f6f5e791de0a440f9097b225a7e357d9,200,8,1000,808,assigned_level_sensitivity,dynamic,periodic,0.0,False,True,,True,1.0,25.0,0.0,0.0,0.0,0,8000,8000,0.22340657243394438,3792,0.4926062044673809,0.2808703161567653,0.7191296838432347,0.57,0.26919963203343655,1.0,1.0,0.43306693306693306,0.398,0.458,16016,8000
HBTASP-Top4,4,32000,18000,0,0,0,14000,0,0,32000,32000,18000,0,0,14000,0,0.5625,0.0,0.5625,18438eea6e6fc24b559ea7a4c37cbef3f02894ecd6d063ea16c854d09033a334,200,8,1000,909,assigned_level_sensitivity,dynamic,periodic,0.0,False,True,,True,1.0,25.0,0.0,0.0,0.0,0,8000,8000,0.2195795158754986,3808,0.4827184104841988,0.27645057707060416,0.7235494229293958,0.568,0.2631388946087002,1.0,1.0,0.43156843156843155,0.403,0.463,16016,8000
HBTASP-Top4,4,32000,18000,0,0,0,14000,0,0,32000,32000,18000,0,0,14000,0,0.5625,0.0,0.5625,939c5439e080545bb563d2d1285962c1645edc44bcb55ba318553bb74c8e8d9d,200,8,1000,1010,assigned_level_sensitivity,dynamic,periodic,0.0,False,True,,True,1.0,25.0,0.0,0.0,0.0,0,8000,8000,0.2212340401342945,3896,0.4774453587065073,0.2754894452718671,0.724510554728133,0.563,0.2562113185722128,1.0,1.0,0.4385614385614386,0.407,0.471,16016,8000
HBTASP-Top4,4,40000,26000,0,0,0,14000,0,0,40000,40000,26000,0,0,14000,0,0.65,0.0,0.65,ace0395122b76c41a2fa9e271a9b676dd38dd933720ed7d73a8f9725d318fbe0,200,10,1000,101,assigned_level_sensitivity,dynamic,periodic,0.0,False,True,,True,1.0,25.0,0.0,0.0,0.0,0,10000,10000,0.17682322993831226,3820,0.47730322318151513,0.20248793876649546,0.7975120612335045,0.656,0.30047999324320285,1.0,1.0,0.35064935064935066,0.326,0.366,20020,10000
HBTASP-Top4,4,40000,26000,0,0,0,14000,0,0,40000,40000,26000,0,0,14000,0,0.65,0.0,0.65,03fbbba52bce12804145e39ba92fabcdff62b1f03ee1786f7108f50f537300f0,200,10,1000,202,assigned_level_sensitivity,dynamic,periodic,0.0,False,True,,True,1.0,25.0,0.0,0.0,0.0,0,10000,10000,0.1856175573725385,3780,0.5124371045101829,0.25959419392483596,0.740405806075164,0.654,0.3268195471376444,1.0,1.0,0.34565434565434566,0.32,0.366,20020,10000
HBTASP-Top4,4,40000,26000,0,0,0,14000,0,0,40000,40000,26000,0,0,14000,0,0.65,0.0,0.65,963adf720650471fdc0fa6f53f95aeefce484870eed71b28c20b3a4a276d88bd,200,10,1000,303,assigned_level_sensitivity,dynamic,periodic,0.0,False,True,,True,1.0,25.0,0.0,0.0,0.0,0,10000,10000,0.16807876918582998,3860,0.4581158497643031,0.193663462179643,0.806336537820357,0.662,0.2900370805784731,1.0,1.0,0.3276723276723277,0.324,0.372,20020,10000
HBTASP-Top4,4,40000,26000,0,0,0,14000,0,0,40000,40000,26000,0,0,14000,0,0.65,0.0,0.65,dec5d3ef068222ca367f8ee607a97ca52cd528986a3012a434f889b44d533571,200,10,1000,404,assigned_level_sensitivity,dynamic,periodic,0.0,False,True,,True,1.0,25.0,0.0,0.0,0.0,0,10000,10000,0.18325444647715772,3840,0.4988876142263542,0.23958043038229893,0.7604195696177011,0.646,0.3156331677491965,1.0,1.0,0.34965034965034963,0.322,0.37,20020,10000
HBTASP-Top4,4,40000,26000,0,0,0,14000,0,0,40000,40000,26000,0,0,14000,0,0.65,0.0,0.65,fde5ecbaaf09c07463d595fa6114dedd8ca814d2a459705139632b2607615d27,200,10,1000,505,assigned_level_sensitivity,dynamic,periodic,0.0,False,True,,True,1.0,25.0,0.0,0.0,0.0,0,10000,10000,0.17274601543648027,3840,0.46924922675829633,0.20973378697468384,0.7902662130253162,0.664,0.29650321132181606,1.0,1.0,0.34065934065934067,0.324,0.366,20020,10000
HBTASP-Top4,4,40000,26000,0,0,0,14000,0,0,40000,40000,26000,0,0,14000,0,0.65,0.0,0.65,bc49db2cb4d5b627fb8ffa04ff36580b7c0e106236b6ea4c7f44b5fad96204e9,200,10,1000,606,assigned_level_sensitivity,dynamic,periodic,0.0,False,True,,True,1.0,25.0,0.0,0.0,0.0,0,10000,10000,0.17025057797285775,3780,0.467222567348542,0.21539762732616274,0.7846023726738373,0.668,0.29697198937568425,1.0,1.0,0.34265734265734266,0.326,0.362,20020,10000
HBTASP-Top4,4,40000,26000,0,0,0,14000,0,0,40000,40000,26000,0,0,14000,0,0.65,0.0,0.65,fc1dfe8eb70095f102a42534ee4e9e4bd58abb62b5808f14093e1c62f70f493f,200,10,1000,707,assigned_level_sensitivity,dynamic,periodic,0.0,False,True,,True,1.0,25.0,0.0,0.0,0.0,0,10000,10000,0.17388465137237358,3760,0.4813251782093665,0.20153418412105256,0.7984658158789475,0.664,0.3074405268369929,1.0,1.0,0.34265734265734266,0.322,0.368,20020,10000
HBTASP-Top4,4,40000,26000,0,0,0,14000,0,0,40000,40000,26000,0,0,14000,0,0.65,0.0,0.65,ccea6809b4d978388e996ee6404898247e7717c2c37a885ddcb613bd5799502c,200,10,1000,808,assigned_level_sensitivity,dynamic,periodic,0.0,False,True,,True,1.0,25.0,0.0,0.0,0.0,0,10000,10000,0.1811716404410921,3800,0.4986811190274432,0.2212477511016068,0.7787522488983932,0.658,0.31750947858635115,1.0,1.0,0.33466533466533466,0.328,0.37,20020,10000
HBTASP-Top4,4,40000,26000,0,0,0,14000,0,0,40000,40000,26000,0,0,14000,0,0.65,0.0,0.65,cd1cf6acd31eaf7cb727ebaa9b2408b32b99ade528e05c9f3f7eee995953011a,200,10,1000,909,assigned_level_sensitivity,dynamic,periodic,0.0,False,True,,True,1.0,25.0,0.0,0.0,0.0,0,10000,10000,0.18142816079460114,3860,0.49219433349574804,0.22747893163324157,0.7725210683667585,0.644,0.3107661727011469,1.0,1.0,0.34965034965034963,0.33,0.38,20020,10000
HBTASP-Top4,4,40000,26000,0,0,0,14000,0,0,40000,40000,26000,0,0,14000,0,0.65,0.0,0.65,e6f6a7fcd6a836cf196b8953abc5fe4197f3f093673f6c8a2f465c7363266eee,200,10,1000,1010,assigned_level_sensitivity,dynamic,periodic,0.0,False,True,,True,1.0,25.0,0.0,0.0,0.0,0,10000,10000,0.18004947895592277,3780,0.501101102567221,0.2169790581988157,0.7830209418011843,0.652,0.3210516236112982,1.0,1.0,0.34165834165834164,0.32,0.368,20020,10000
HBTASP-Top4,4,16000,0,0,0,0,16000,0,0,16000,16000,0,0,0,16000,0,0.0,0.0,0.0,9b5103f50c39442b8678e2e9fb39c87febc230de5c735c43fb93d0be826b7dbf,250,4,1000,101,assigned_level_sensitivity,dynamic,periodic,0.0,False,True,,True,1.0,25.0,0.0,0.0,0.0,0,4000,4000,0.49488550059855724,4000,0.49488550059855724,0.6317481685495717,0.3682518314504283,0.066,0.0,1.0,1.0,1.0,1.0,1.0,8008,4000
HBTASP-Top4,4,16000,0,0,0,0,16000,0,0,16000,16000,0,0,0,16000,0,0.0,0.0,0.0,229cb0e968313a85db331f8e6eb092a65484a419c3b86e12ca3db44a0631f175,250,4,1000,202,assigned_level_sensitivity,dynamic,periodic,0.0,False,True,,True,1.0,25.0,0.0,0.0,0.0,0,4000,4000,0.494885500598558,4000,0.494885500598558,0.6317481685495717,0.3682518314504283,0.066,0.0,1.0,1.0,1.0,1.0,1.0,8008,4000
HBTASP-Top4,4,16000,0,0,0,0,16000,0,0,16000,16000,0,0,0,16000,0,0.0,0.0,0.0,049d7dbe2713dd8ba1714d8beec4e506a7778b968f98875f46b45f168de9ff25,250,4,1000,303,assigned_level_sensitivity,dynamic,periodic,0.0,False,True,,True,1.0,25.0,0.0,0.0,0.0,0,4000,4000,0.4948855005985574,4000,0.4948855005985574,0.6317481685495717,0.3682518314504283,0.066,0.0,1.0,1.0,1.0,1.0,1.0,8008,4000
HBTASP-Top4,4,16000,0,0,0,0,16000,0,0,16000,16000,0,0,0,16000,0,0.0,0.0,0.0,e7dfb936c1e49a17e1b4548c86523108441bd55829c743e331e5f098bee9c1f3,250,4,1000,404,assigned_level_sensitivity,dynamic,periodic,0.0,False,True,,True,1.0,25.0,0.0,0.0,0.0,0,4000,4000,0.49488550059855746,4000,0.49488550059855746,0.6317481685495717,0.3682518314504283,0.066,0.0,1.0,1.0,1.0,1.0,1.0,8008,4000
HBTASP-Top4,4,16000,0,0,0,0,16000,0,0,16000,16000,0,0,0,16000,0,0.0,0.0,0.0,e70092323dd553dccb332b94ee338869aeb2f850c3254574381b71004b5ca470,250,4,1000,505,assigned_level_sensitivity,dynamic,periodic,0.0,False,True,,True,1.0,25.0,0.0,0.0,0.0,0,4000,4000,0.4948855005985575,4000,0.4948855005985575,0.6317481685495717,0.3682518314504283,0.066,0.0,1.0,1.0,1.0,1.0,1.0,8008,4000
HBTASP-Top4,4,16000,0,0,0,0,16000,0,0,16000,16000,0,0,0,16000,0,0.0,0.0,0.0,37f94ab2a619712ff2fb773ef3c18fcff72654d99f64b9fdacb9cd1b12b0b341,250,4,1000,606,assigned_level_sensitivity,dynamic,periodic,0.0,False,True,,True,1.0,25.0,0.0,0.0,0.0,0,4000,4000,0.494885500598558,4000,0.494885500598558,0.6317481685495717,0.3682518314504283,0.066,0.0,1.0,1.0,1.0,1.0,1.0,8008,4000
HBTASP-Top4,4,16000,0,0,0,0,16000,0,0,16000,16000,0,0,0,16000,0,0.0,0.0,0.0,bb2675e105a50993a40633faca711764564798e6c3b4a72a7151efa5f7af15f0,250,4,1000,707,assigned_level_sensitivity,dynamic,periodic,0.0,False,True,,True,1.0,25.0,0.0,0.0,0.0,0,4000,4000,0.49488550059855785,4000,0.49488550059855785,0.6317481685495717,0.3682518314504283,0.066,0.0,1.0,1.0,1.0,1.0,1.0,8008,4000
HBTASP-Top4,4,16000,0,0,0,0,16000,0,0,16000,16000,0,0,0,16000,0,0.0,0.0,0.0,03f5c94cba3ab3a67fcf2c0079670f522d902bf90f5e2f1681f3c9a4737b7a9c,250,4,1000,808,assigned_level_sensitivity,dynamic,periodic,0.0,False,True,,True,1.0,25.0,0.0,0.0,0.0,0,4000,4000,0.4948855005985572,4000,0.4948855005985572,0.6317481685495717,0.3682518314504283,0.066,0.0,1.0,1.0,1.0,1.0,1.0,8008,4000
HBTASP-Top4,4,16000,0,0,0,0,16000,0,0,16000,16000,0,0,0,16000,0,0.0,0.0,0.0,adcb3ac8ef698122655a25a1b5d9d45a81ef4262bc3b720d928e3a8a24e38272,250,4,1000,909,assigned_level_sensitivity,dynamic,periodic,0.0,False,True,,True,1.0,25.0,0.0,0.0,0.0,0,4000,4000,0.49488550059855696,4000,0.49488550059855696,0.6317481685495717,0.3682518314504283,0.066,0.0,1.0,1.0,1.0,1.0,1.0,8008,4000
HBTASP-Top4,4,16000,0,0,0,0,16000,0,0,16000,16000,0,0,0,16000,0,0.0,0.0,0.0,78728fd8066c4f26ff7c55c4d96ec0729cae0300866651a42627f16127bf16a3,250,4,1000,1010,assigned_level_sensitivity,dynamic,periodic,0.0,False,True,,True,1.0,25.0,0.0,0.0,0.0,0,4000,4000,0.49488550059855746,4000,0.49488550059855746,0.6317481685495717,0.3682518314504283,0.066,0.0,1.0,1.0,1.0,1.0,1.0,8008,4000
HBTASP-Top4,4,24000,6000,0,0,0,18000,0,0,24000,24000,6000,0,0,18000,0,0.25,0.0,0.25,3df0e0a2b7e3ddd00402414f6aaa9193b1c21487475d4791d71cf40d6cb7561e,250,6,1000,101,assigned_level_sensitivity,dynamic,periodic,0.0,False,True,,True,1.0,25.0,0.0,0.0,0.0,0,6000,6000,0.3770050302922845,4828,0.4852981827903948,0.47416612959067406,0.5258338704093259,0.268,0.10829315249811033,1.0,1.0,0.7509157509157509,0.7026666666666667,0.7866666666666666,12012,6000
HBTASP-Top4,4,24000,6000,0,0,0,18000,0,0,24000,24000,6000,0,0,18000,0,0.25,0.0,0.25,7cc739d00dc3eba0bbc0ef35db9a64957c3642fa537763c49d4640e62a0a8b04,250,6,1000,202,assigned_level_sensitivity,dynamic,periodic,0.0,False,True,,True,1.0,25.0,0.0,0.0,0.0,0,6000,6000,0.3742861699659142,4828,0.48204891396071103,0.4717774705475054,0.5282225294524946,0.27066666666666667,0.10776274399479685,1.0,1.0,0.7449217449217449,0.7053333333333334,0.7833333333333333,12012,6000
HBTASP-Top4,4,24000,6000,0,0,0,18000,0,0,24000,24000,6000,0,0,18000,0,0.25,0.0,0.25,45c0376b2ca391c5ee39defa4febf414d71e5a4bfe708453f2d8f687fb61046b,250,6,1000,303,assigned_level_sensitivity,dynamic,periodic,0.0,False,True,,True,1.0,25.0,0.0,0.0,0.0,0,6000,6000,0.37385477543847484,4796,0.4852826004144585,0.46460360796922684,0.5353963920307732,0.2753333333333333,0.11142782497598364,1.0,1.0,0.7425907425907425,0.7026666666666667,0.7793333333333333,12012,6000
HBTASP-Top4,4,24000,6000,0,0,0,18000,0,0,24000,24000,6000,0,0,18000,0,0.25,0.0,0.25,ee60de25ee7aab241e28c03ba1777cebee8a2375091206e6efd73857d9c911c7,250,6,1000,404,assigned_level_sensitivity,dynamic,periodic,0.0,False,True,,True,1.0,25.0,0.0,0.0,0.0,0,6000,6000,0.38100060245148243,4824,0.4905618137362877,0.4774372170597261,0.5225627829402739,0.26666666666666666,0.10956121128480528,1.0,1.0,0.7495837495837496,0.706,0.7873333333333333,12012,6000
HBTASP-Top4,4,24000,6000,0,0,0,18000,0,0,24000,24000,6000,0,0,18000,0,0.25,0.0,0.25,5ea08276ae4c488cfe2c659014137f92c4aeaa0ced02e1bb72af9971ee3d3451,250,6,1000,505,assigned_level_sensitivity,dynamic,periodic,0.0,False,True,,True,1.0,25.0,0.0,0.0,0.0,0,6000,6000,0.37823981828140285,4804,0.4864989816451528,0.47659916145533293,0.5234008385446671,0.2733333333333333,0.10825916336374997,1.0,1.0,0.7452547452547452,0.7066666666666667,0.7826666666666666,12012,6000
HBTASP-Top4,4,24000,6000,0,0,0,18000,0,0,24000,24000,6000,0,0,18000,0,0.25,0.0,0.25,d01200e58ea28da3eebbbccbbbf1a6ac880b4532d757b5327cc672459447b5ac,250,6,1000,606,assigned_level_sensitivity,dynamic,periodic,0.0,False,True,,True,1.0,25.0,0.0,0.0,0.0,0,6000,6000,0.38148205042070527,4836,0.4894548003395472,0.48292757753820853,0.5170724224617915,0.2633333333333333,0.10797274991884193,1.0,1.0,0.7515817515817516,0.7086666666666667,0.7886666666666666,12012,6000
HBTASP-Top4,4,24000,6000,0,0,0,18000,0,0,24000,24000,6000,0,0,18000,0,0.25,0.0,0.25,83d4ca4ee24744ee135f387ebddad6ea27d23257ff925ea841b208db03abdfd9,250,6,1000,707,assigned_level_sensitivity,dynamic,periodic,0.0,False,True,,True,1.0,25.0,0.0,0.0,0.0,0,6000,6000,0.3806349261054095,4856,0.48508543869927156,0.4789738904548511,0.5210261095451489,0.268,0.10445051259386207,1.0,1.0,0.7485847485847485,0.7086666666666667,0.7846666666666666,12012,6000
HBTASP-Top4,4,24000,6000,0,0,0,18000,0,0,24000,24000,6000,0,0,18000,0,0.25,0.0,0.25,d58078975bde95324fa8605b93178246f702c5b35e9b81f9306c365796ed434b,250,6,1000,808,assigned_level_sensitivity,dynamic,periodic,0.0,False,True,,True,1.0,25.0,0.0,0.0,0.0,0,6000,6000,0.37877117318982717,4824,0.48649866327615904,0.4842951396539079,0.5157048603460921,0.268,0.10772749008633187,1.0,1.0,0.7502497502497503,0.7093333333333334,0.786,12012,6000
HBTASP-Top4,4,24000,6000,0,0,0,18000,0,0,24000,24000,6000,0,0,18000,0,0.25,0.0,0.25,113457c096719bb7c77fa796aaca758e783904b0ad3a44d25cdbb1c71ccdbd2d,250,6,1000,909,assigned_level_sensitivity,dynamic,periodic,0.0,False,True,,True,1.0,25.0,0.0,0.0,0.0,0,6000,6000,0.3768503418106541,4836,0.48044549511857076,0.4789201485113001,0.5210798514886998,0.274,0.10359515330791669,1.0,1.0,0.7465867465867466,0.7093333333333334,0.782,12012,6000
HBTASP-Top4,4,24000,6000,0,0,0,18000,0,0,24000,24000,6000,0,0,18000,0,0.25,0.0,0.25,b753e50d6d23776c0296f07e4610dabf0c732b893f01cd778cd8a4b6198d10d1,250,6,1000,1010,assigned_level_sensitivity,dynamic,periodic,0.0,False,True,,True,1.0,25.0,0.0,0.0,0.0,0,6000,6000,0.3765815190877773,4820,0.48480314793838936,0.4725282641822063,0.5274717358177937,0.26866666666666666,0.10822162885061204,1.0,1.0,0.7485847485847485,0.7066666666666667,0.7833333333333333,12012,6000
HBTASP-Top4,4,32000,14000,0,0,0,18000,0,0,32000,32000,14000,0,0,18000,0,0.4375,0.0,0.4375,763f80a75651d8b6be70c788cbd642ef6d6b790c18f1c44570e5c8d08bd576e8,250,8,1000,101,assigned_level_sensitivity,dynamic,periodic,0.0,False,True,,True,1.0,25.0,0.0,0.0,0.0,0,8000,8000,0.28353954327364744,4864,0.48551581930274135,0.342862719584677,0.657137280415323,0.449,0.2019762760290939,1.0,1.0,0.5594405594405595,0.523,0.594,16016,8000
HBTASP-Top4,4,32000,14000,0,0,0,18000,0,0,32000,32000,14000,0,0,18000,0,0.4375,0.0,0.4375,82d52e3c68ad9f3e8c68ec977055619ff8bd4c01fd87f530df9d9dce362df994,250,8,1000,202,assigned_level_sensitivity,dynamic,periodic,0.0,False,True,,True,1.0,25.0,0.0,0.0,0.0,0,8000,8000,0.28199984189632055,4816,0.4837047960281944,0.352929030713768,0.647070969286232,0.454,0.20170495413187384,1.0,1.0,0.5534465534465535,0.529,0.582,16016,8000
HBTASP-Top4,4,32000,14000,0,0,0,18000,0,0,32000,32000,14000,0,0,18000,0,0.4375,0.0,0.4375,e2a98e26ba8952df04caf799e32f3770bd79347decc79f1ce796ebe0addfb2ac,250,8,1000,303,assigned_level_sensitivity,dynamic,periodic,0.0,False,True,,True,1.0,25.0,0.0,0.0,0.0,0,8000,8000,0.27901228048748405,4760,0.4857125528552359,0.34440755318288724,0.6555924468171128,0.46,0.20670027236775185,1.0,1.0,0.5559440559440559,0.523,0.583,16016,8000
HBTASP-Top4,4,32000,14000,0,0,0,18000,0,0,32000,32000,14000,0,0,18000,0,0.4375,0.0,0.4375,f7af15b73e152b079689b5bbfdf181629e94c42b52d795a9a7db4eae13cc2b60,250,8,1000,404,assigned_level_sensitivity,dynamic,periodic,0.0,False,True,,True,1.0,25.0,0.0,0.0,0.0,0,8000,8000,0.28330623887845197,4840,0.4828314234982672,0.3525668907920021,0.6474331092079979,0.452,0.19952518461981522,1.0,1.0,0.5629370629370629,0.533,0.591,16016,8000
HBTASP-Top4,4,32000,14000,0,0,0,18000,0,0,32000,32000,14000,0,0,18000,0,0.4375,0.0,0.4375,df1652e9380dee1012d917f53ee4ea8e0fe465c9686b98beb1784f0d0434f163,250,8,1000,505,assigned_level_sensitivity,dynamic,periodic,0.0,False,True,,True,1.0,25.0,0.0,0.0,0.0,0,8000,8000,0.2848892996260313,4808,0.48806277710643886,0.35494484815469374,0.6450551518453063,0.454,0.20317347748040754,1.0,1.0,0.5554445554445554,0.53,0.585,16016,8000
HBTASP-Top4,4,32000,14000,0,0,0,18000,0,0,32000,32000,14000,0,0,18000,0,0.4375,0.0,0.4375,57b864a40d607371996687c703dd9e4a42d0f5346c6c9820d31f2997793fa2f1,250,8,1000,606,assigned_level_sensitivity,dynamic,periodic,0.0,False,True,,True,1.0,25.0,0.0,0.0,0.0,0,8000,8000,0.2847643253879737,4824,0.4880485282520477,0.355436314931416,0.6445636850685841,0.448,0.203284202864074,1.0,1.0,0.5614385614385614,0.529,0.59,16016,8000
HBTASP-Top4,4,32000,14000,0,0,0,18000,0,0,32000,32000,14000,0,0,18000,0,0.4375,0.0,0.4375,73ee54f7472662f0fe536a0c827aee90927b9c74b43f5e7d25fe7a0683e7fd45,250,8,1000,707,assigned_level_sensitivity,dynamic,periodic,0.0,False,True,,True,1.0,25.0,0.0,0.0,0.0,0,8000,8000,0.2866138594332958,4856,0.4874115776421846,0.35187100680668093,0.6481289931933191,0.451,0.2007977182088888,1.0,1.0,0.560939060939061,0.533,0.59,16016,8000
HBTASP-Top4,4,32000,14000,0,0,0,18000,0,0,32000,32000,14000,0,0,18000,0,0.4375,0.0,0.4375,aca1c992f4ef35ef15269d06fbd72a67ecff322eb1f31d4b691789c61f6e0b28,250,8,1000,808,assigned_level_sensitivity,dynamic,periodic,0.0,False,True,,True,1.0,25.0,0.0,0.0,0.0,0,8000,8000,0.2885681189190558,4848,0.4930822799820168,0.36853756219785094,0.6314624378021491,0.441,0.204514161062961,1.0,1.0,0.5674325674325674,0.538,0.598,16016,8000
HBTASP-Top4,4,32000,14000,0,0,0,18000,0,0,32000,32000,14000,0,0,18000,0,0.4375,0.0,0.4375,2cf305260e00be4398a2ba19b5876a28a994e1e8ae1cef638792b93ecf8dc2b3,250,8,1000,909,assigned_level_sensitivity,dynamic,periodic,0.0,False,True,,True,1.0,25.0,0.0,0.0,0.0,0,8000,8000,0.28296341032417,4832,0.4805393993395895,0.3574936340112649,0.6425063659887351,0.458,0.1975759890154195,1.0,1.0,0.5604395604395604,0.528,0.584,16016,8000
HBTASP-Top4,4,32000,14000,0,0,0,18000,0,0,32000,32000,14000,0,0,18000,0,0.4375,0.0,0.4375,111ef7bc7f6e94c2ec28da4231a90147a86041217106baa31f201a92d68cf702,250,8,1000,1010,assigned_level_sensitivity,dynamic,periodic,0.0,False,True,,True,1.0,25.0,0.0,0.0,0.0,0,8000,8000,0.28071558519227835,4800,0.48224314225988363,0.3530027610335631,0.6469972389664369,0.456,0.20152755706760528,1.0,1.0,0.5584415584415584,0.527,0.581,16016,8000
HBTASP-Top4,4,40000,22000,0,0,0,18000,0,0,40000,40000,22000,0,0,18000,0,0.55,0.0,0.55,b8c2babf6983eb2a04699d67d330723c519b19bfccdcd41975ac4650d4a03d19,250,10,1000,101,assigned_level_sensitivity,dynamic,periodic,0.0,False,True,,True,1.0,25.0,0.0,0.0,0.0,0,10000,10000,0.2231510760236718,4780,0.47512960609977295,0.2528579050648567,0.7471420949351433,0.574,0.25197853007610116,1.0,1.0,0.44755244755244755,0.424,0.466,20020,10000
HBTASP-Top4,4,40000,22000,0,0,0,18000,0,0,40000,40000,22000,0,0,18000,0,0.55,0.0,0.55,61ab93223e8ca3fb5960b6efdade2541fc730d30f0893bef44e9611c328718c7,250,10,1000,202,assigned_level_sensitivity,dynamic,periodic,0.0,False,True,,True,1.0,25.0,0.0,0.0,0.0,0,10000,10000,0.23475908000730414,4800,0.5054956926662798,0.3170886769269269,0.6829113230730731,0.556,0.27073661265897564,1.0,1.0,0.44255744255744256,0.42,0.468,20020,10000
HBTASP-Top4,4,40000,22000,0,0,0,18000,0,0,40000,40000,22000,0,0,18000,0,0.55,0.0,0.55,32a6608b93a32d72273083c7434550f13b745750f57607e6facea45d7d5bbc08,250,10,1000,303,assigned_level_sensitivity,dynamic,periodic,0.0,False,True,,True,1.0,25.0,0.0,0.0,0.0,0,10000,10000,0.21792100542345075,4780,0.46936376842453753,0.25570021095361367,0.7442997890463863,0.572,0.2514427630010868,1.0,1.0,0.42957042957042957,0.43,0.468,20020,10000
HBTASP-Top4,4,40000,22000,0,0,0,18000,0,0,40000,40000,22000,0,0,18000,0,0.55,0.0,0.55,5b23f04a6840aaccc7ed9c04d26d122209330b2009a815752e13839a1a837d36,250,10,1000,404,assigned_level_sensitivity,dynamic,periodic,0.0,False,True,,True,1.0,25.0,0.0,0.0,0.0,0,10000,10000,0.23426420339267798,4840,0.505146879695059,0.31094305488824603,0.689056945111754,0.554,0.27088267630238105,1.0,1.0,0.45754245754245754,0.414,0.474,20020,10000
HBTASP-Top4,4,40000,22000,0,0,0,18000,0,0,40000,40000,22000,0,0,18000,0,0.55,0.0,0.55,995c41fb94564d81677dc633385af376cf28a61becf296e62d5787eb1bce70a8,250,10,1000,505,assigned_level_sensitivity,dynamic,periodic,0.0,False,True,,True,1.0,25.0,0.0,0.0,0.0,0,10000,10000,0.22130060823703565,4780,0.4785817589611214,0.28094689018369606,0.719053109816304,0.574,0.25728115072408575,1.0,1.0,0.44555444555444557,0.416,0.466,20020,10000
HBTASP-Top4,4,40000,22000,0,0,0,18000,0,0,40000,40000,22000,0,0,18000,0,0.55,0.0,0.55,be5a2a0490566537e0bb42e9d9f940bb195c5829b3845f5548625a3e74d4f5a5,250,10,1000,606,assigned_level_sensitivity,dynamic,periodic,0.0,False,True,,True,1.0,25.0,0.0,0.0,0.0,0,10000,10000,0.22379517638894036,4780,0.48251249255629,0.26208882570638714,0.7379111742936129,0.57,0.2587173161673496,1.0,1.0,0.43656343656343655,0.428,0.464,20020,10000
HBTASP-Top4,4,40000,22000,0,0,0,18000,0,0,40000,40000,22000,0,0,18000,0,0.55,0.0,0.55,f3ab8b1072751488119451b96e693e5a2c2357771bdf1fc72902911018800c9c,250,10,1000,707,assigned_level_sensitivity,dynamic,periodic,0.0,False,True,,True,1.0,25.0,0.0,0.0,0.0,0,10000,10000,0.22546336017983945,4800,0.4808646512458909,0.27478395862331934,0.7252160413766806,0.568,0.2554012910660515,1.0,1.0,0.44455544455544455,0.43,0.468,20020,10000
HBTASP-Top4,4,40000,22000,0,0,0,18000,0,0,40000,40000,22000,0,0,18000,0,0.55,0.0,0.55,444990dcb1dac43a7b1c7983a3ad1caa5130dd0cbb3afb7f1a281c8e723e06fb,250,10,1000,808,assigned_level_sensitivity,dynamic,periodic,0.0,False,True,,True,1.0,25.0,0.0,0.0,0.0,0,10000,10000,0.22245166689863471,4820,0.47960669478058343,0.28017101148025175,0.7198289885197482,0.57,0.2571550278819487,1.0,1.0,0.43156843156843155,0.424,0.468,20020,10000
HBTASP-Top4,4,40000,22000,0,0,0,18000,0,0,40000,40000,22000,0,0,18000,0,0.55,0.0,0.55,111470a755aec238a327e6d03d929e3d4507f3fec36d0fc69bd50ef2e249f82a,250,10,1000,909,assigned_level_sensitivity,dynamic,periodic,0.0,False,True,,True,1.0,25.0,0.0,0.0,0.0,0,10000,10000,0.22131368475319205,4820,0.46739783688870384,0.2811556759858659,0.7188443240141341,0.57,0.2460841521355118,1.0,1.0,0.44155844155844154,0.428,0.468,20020,10000
HBTASP-Top4,4,40000,22000,0,0,0,18000,0,0,40000,40000,22000,0,0,18000,0,0.55,0.0,0.55,30a5acdee10c06d53d8e3e1b524df5186f2e99469b1cd8df66561659e65855ff,250,10,1000,1010,assigned_level_sensitivity,dynamic,periodic,0.0,False,True,,True,1.0,25.0,0.0,0.0,0.0,0,10000,10000,0.22445606117791453,4820,0.48130169072510104,0.2722280016791885,0.7277719983208115,0.562,0.2568456295471865,1.0,1.0,0.44455544455544455,0.424,0.472,20020,10000
HBTASP-Top4,4,16000,0,0,0,0,16000,0,0,16000,16000,0,0,0,16000,0,0.0,0.0,0.0,9b5103f50c39442b8678e2e9fb39c87febc230de5c735c43fb93d0be826b7dbf,300,4,1000,101,assigned_level_sensitivity,dynamic,periodic,0.0,False,True,,True,1.0,25.0,0.0,0.0,0.0,0,4000,4000,0.49488550059855724,4000,0.49488550059855724,0.6317481685495717,0.3682518314504283,0.066,0.0,1.0,1.0,1.0,1.0,1.0,8008,4000
HBTASP-Top4,4,16000,0,0,0,0,16000,0,0,16000,16000,0,0,0,16000,0,0.0,0.0,0.0,229cb0e968313a85db331f8e6eb092a65484a419c3b86e12ca3db44a0631f175,300,4,1000,202,assigned_level_sensitivity,dynamic,periodic,0.0,False,True,,True,1.0,25.0,0.0,0.0,0.0,0,4000,4000,0.494885500598558,4000,0.494885500598558,0.6317481685495717,0.3682518314504283,0.066,0.0,1.0,1.0,1.0,1.0,1.0,8008,4000
HBTASP-Top4,4,16000,0,0,0,0,16000,0,0,16000,16000,0,0,0,16000,0,0.0,0.0,0.0,049d7dbe2713dd8ba1714d8beec4e506a7778b968f98875f46b45f168de9ff25,300,4,1000,303,assigned_level_sensitivity,dynamic,periodic,0.0,False,True,,True,1.0,25.0,0.0,0.0,0.0,0,4000,4000,0.4948855005985574,4000,0.4948855005985574,0.6317481685495717,0.3682518314504283,0.066,0.0,1.0,1.0,1.0,1.0,1.0,8008,4000
HBTASP-Top4,4,16000,0,0,0,0,16000,0,0,16000,16000,0,0,0,16000,0,0.0,0.0,0.0,e7dfb936c1e49a17e1b4548c86523108441bd55829c743e331e5f098bee9c1f3,300,4,1000,404,assigned_level_sensitivity,dynamic,periodic,0.0,False,True,,True,1.0,25.0,0.0,0.0,0.0,0,4000,4000,0.49488550059855746,4000,0.49488550059855746,0.6317481685495717,0.3682518314504283,0.066,0.0,1.0,1.0,1.0,1.0,1.0,8008,4000
HBTASP-Top4,4,16000,0,0,0,0,16000,0,0,16000,16000,0,0,0,16000,0,0.0,0.0,0.0,e70092323dd553dccb332b94ee338869aeb2f850c3254574381b71004b5ca470,300,4,1000,505,assigned_level_sensitivity,dynamic,periodic,0.0,False,True,,True,1.0,25.0,0.0,0.0,0.0,0,4000,4000,0.4948855005985575,4000,0.4948855005985575,0.6317481685495717,0.3682518314504283,0.066,0.0,1.0,1.0,1.0,1.0,1.0,8008,4000
HBTASP-Top4,4,16000,0,0,0,0,16000,0,0,16000,16000,0,0,0,16000,0,0.0,0.0,0.0,37f94ab2a619712ff2fb773ef3c18fcff72654d99f64b9fdacb9cd1b12b0b341,300,4,1000,606,assigned_level_sensitivity,dynamic,periodic,0.0,False,True,,True,1.0,25.0,0.0,0.0,0.0,0,4000,4000,0.494885500598558,4000,0.494885500598558,0.6317481685495717,0.3682518314504283,0.066,0.0,1.0,1.0,1.0,1.0,1.0,8008,4000
HBTASP-Top4,4,16000,0,0,0,0,16000,0,0,16000,16000,0,0,0,16000,0,0.0,0.0,0.0,bb2675e105a50993a40633faca711764564798e6c3b4a72a7151efa5f7af15f0,300,4,1000,707,assigned_level_sensitivity,dynamic,periodic,0.0,False,True,,True,1.0,25.0,0.0,0.0,0.0,0,4000,4000,0.49488550059855785,4000,0.49488550059855785,0.6317481685495717,0.3682518314504283,0.066,0.0,1.0,1.0,1.0,1.0,1.0,8008,4000
HBTASP-Top4,4,16000,0,0,0,0,16000,0,0,16000,16000,0,0,0,16000,0,0.0,0.0,0.0,03f5c94cba3ab3a67fcf2c0079670f522d902bf90f5e2f1681f3c9a4737b7a9c,300,4,1000,808,assigned_level_sensitivity,dynamic,periodic,0.0,False,True,,True,1.0,25.0,0.0,0.0,0.0,0,4000,4000,0.4948855005985572,4000,0.4948855005985572,0.6317481685495717,0.3682518314504283,0.066,0.0,1.0,1.0,1.0,1.0,1.0,8008,4000
HBTASP-Top4,4,16000,0,0,0,0,16000,0,0,16000,16000,0,0,0,16000,0,0.0,0.0,0.0,adcb3ac8ef698122655a25a1b5d9d45a81ef4262bc3b720d928e3a8a24e38272,300,4,1000,909,assigned_level_sensitivity,dynamic,periodic,0.0,False,True,,True,1.0,25.0,0.0,0.0,0.0,0,4000,4000,0.49488550059855696,4000,0.49488550059855696,0.6317481685495717,0.3682518314504283,0.066,0.0,1.0,1.0,1.0,1.0,1.0,8008,4000
HBTASP-Top4,4,16000,0,0,0,0,16000,0,0,16000,16000,0,0,0,16000,0,0.0,0.0,0.0,78728fd8066c4f26ff7c55c4d96ec0729cae0300866651a42627f16127bf16a3,300,4,1000,1010,assigned_level_sensitivity,dynamic,periodic,0.0,False,True,,True,1.0,25.0,0.0,0.0,0.0,0,4000,4000,0.49488550059855746,4000,0.49488550059855746,0.6317481685495717,0.3682518314504283,0.066,0.0,1.0,1.0,1.0,1.0,1.0,8008,4000
HBTASP-Top4,4,24000,3000,0,0,0,21000,0,0,24000,24000,3000,0,0,21000,0,0.125,0.0,0.125,e79c268afc73af860565d30e56d5d0e62bf9f60fe652c75989d94d96e6c5cd9f,300,6,1000,101,assigned_level_sensitivity,dynamic,periodic,0.0,False,True,,True,1.0,25.0,0.0,0.0,0.0,0,6000,6000,0.4321215733387812,5552,0.48158607738645454,0.5494523830581765,0.45054761694182355,0.164,0.04946450404767333,1.0,1.0,0.8701298701298701,0.8473333333333334,0.896,12012,6000
HBTASP-Top4,4,24000,3000,0,0,0,21000,0,0,24000,24000,3000,0,0,21000,0,0.125,0.0,0.125,35b4b96c137235eb89172a88be32bf7ce43dfdf53337bae61615f599e3226af1,300,6,1000,202,assigned_level_sensitivity,dynamic,periodic,0.0,False,True,,True,1.0,25.0,0.0,0.0,0.0,0,6000,6000,0.43076627150734936,5560,0.48203858315180936,0.5440527464537255,0.4559472535462745,0.16266666666666665,0.05127231164446,1.0,1.0,0.8648018648018648,0.8446666666666667,0.9013333333333333,12012,6000
HBTASP-Top4,4,24000,3000,0,0,0,21000,0,0,24000,24000,3000,0,0,21000,0,0.125,0.0,0.125,538e2140e2ce89f89558aa4f9b2c69da27947f20e0c95051ff6aadbd4f5852b0,300,6,1000,303,assigned_level_sensitivity,dynamic,periodic,0.0,False,True,,True,1.0,25.0,0.0,0.0,0.0,0,6000,6000,0.4322653474991376,5588,0.48040911853080026,0.5403109773717019,0.45968902262829814,0.158,0.048143771031662674,1.0,1.0,0.8687978687978688,0.8466666666666667,0.9053333333333333,12012,6000
HBTASP-Top4,4,24000,3000,0,0,0,21000,0,0,24000,24000,3000,0,0,21000,0,0.125,0.0,0.125,1a161b404424ed0443ad76a6fc311c1ff761d8687a82d99792f5b952ddac337b,300,6,1000,404,assigned_level_sensitivity,dynamic,periodic,0.0,False,True,,True,1.0,25.0,0.0,0.0,0.0,0,6000,6000,0.42896034826205437,5560,0.47659104353789317,0.5409762674643114,0.4590237325356886,0.16933333333333334,0.0476306952758388,1.0,1.0,0.8648018648018648,0.842,0.8933333333333333,12012,6000
HBTASP-Top4,4,24000,3000,0,0,0,21000,0,0,24000,24000,3000,0,0,21000,0,0.125,0.0,0.125,ad5bf65bdbcb6359ab3440e61c691fce064472d0fff0bf050ae137f038542654,300,6,1000,505,assigned_level_sensitivity,dynamic,periodic,0.0,False,True,,True,1.0,25.0,0.0,0.0,0.0,0,6000,6000,0.43151206959811106,5568,0.4807985936627038,0.5452101215202607,0.4547898784797393,0.16133333333333333,0.04928652406459272,1.0,1.0,0.8634698634698634,0.846,0.9,12012,6000
HBTASP-Top4,4,24000,3000,0,0,0,21000,0,0,24000,24000,3000,0,0,21000,0,0.125,0.0,0.125,c6326a138ae0e14617b7bc780cebe7e7cb0131fe6dc9fe45d07449975aa97c2f,300,6,1000,606,assigned_level_sensitivity,dynamic,periodic,0.0,False,True,,True,1.0,25.0,0.0,0.0,0.0,0,6000,6000,0.42879567617032965,5548,0.4764968058000421,0.5444224558568044,0.4555775441431956,0.168,0.04770112962971246,1.0,1.0,0.8664668664668664,0.8466666666666667,0.896,12012,6000
HBTASP-Top4,4,24000,3000,0,0,0,21000,0,0,24000,24000,3000,0,0,21000,0,0.125,0.0,0.125,060f94574f2b1e49c041eabb1fabe6a41328a2354258bb7d875127ea42ace150,300,6,1000,707,assigned_level_sensitivity,dynamic,periodic,0.0,False,True,,True,1.0,25.0,0.0,0.0,0.0,0,6000,6000,0.4295034418700802,5520,0.48172735852086873,0.5416253745279068,0.4583746254720932,0.16466666666666666,0.052223916650788516,1.0,1.0,0.8611388611388612,0.8426666666666667,0.8926666666666667,12012,6000
HBTASP-Top4,4,24000,3000,0,0,0,21000,0,0,24000,24000,3000,0,0,21000,0,0.125,0.0,0.125,934e08dc77f5f0893c1bb9cc01c307267a3c04f46e9091dd0f885f2415431097,300,6,1000,808,assigned_level_sensitivity,dynamic,periodic,0.0,False,True,,True,1.0,25.0,0.0,0.0,0.0,0,6000,6000,0.43222924719198735,5520,0.4812963689799391,0.5543782882767857,0.4456217117232143,0.16933333333333334,0.04906712178795175,1.0,1.0,0.8651348651348651,0.8426666666666667,0.8933333333333333,12012,6000
HBTASP-Top4,4,24000,3000,0,0,0,21000,0,0,24000,24000,3000,0,0,21000,0,0.125,0.0,0.125,8c9d21629a0f8415cda2b4ccb1a39e5e4a7771d1db2a8b81b5d8307058a5d76d,300,6,1000,909,assigned_level_sensitivity,dynamic,periodic,0.0,False,True,,True,1.0,25.0,0.0,0.0,0.0,0,6000,6000,0.4297411211690039,5544,0.47941851623826076,0.5501521548170215,0.4498478451829785,0.164,0.049677395069256836,1.0,1.0,0.8624708624708625,0.8446666666666667,0.8966666666666666,12012,6000
HBTASP-Top4,4,24000,3000,0,0,0,21000,0,0,24000,24000,3000,0,0,21000,0,0.125,0.0,0.125,513a1d224e15fa01c6132801f85922950759d3f12755daf76076f2c2aa8e2cb2,300,6,1000,1010,assigned_level_sensitivity,dynamic,periodic,0.0,False,True,,True,1.0,25.0,0.0,0.0,0.0,0,6000,6000,0.43077817366661997,5548,0.4805972962665313,0.5472643770895237,0.4527356229104763,0.16333333333333333,0.049819122599911336,1.0,1.0,0.8697968697968698,0.846,0.8966666666666666,12012,6000
HBTASP-Top4,4,32000,11000,0,0,0,21000,0,0,32000,32000,11000,0,0,21000,0,0.34375,0.0,0.34375,3a56157b87af53194afd92b0a877305eb86ed12b91d0736f8c51f3c99a8501b3,300,8,1000,101,assigned_level_sensitivity,dynamic,periodic,0.0,False,True,,True,1.0,25.0,0.0,0.0,0.0,0,8000,8000,0.3227176100894903,5544,0.48324330163933377,0.39791511756750775,0.6020848824324923,0.374,0.16052569154984347,1.0,1.0,0.6488511488511488,0.63,0.672,16016,8000
HBTASP-Top4,4,32000,11000,0,0,0,21000,0,0,32000,32000,11000,0,0,21000,0,0.34375,0.0,0.34375,70509fcea557369c79819bcdb8f800ad8e7d9d0f446c3d06c36c0dfcec2b9c13,300,8,1000,202,assigned_level_sensitivity,dynamic,periodic,0.0,False,True,,True,1.0,25.0,0.0,0.0,0.0,0,8000,8000,0.3255335881352406,5528,0.4877455950708358,0.4056972724562401,0.5943027275437599,0.374,0.16221200693559523,1.0,1.0,0.6418581418581418,0.633,0.674,16016,8000
HBTASP-Top4,4,32000,11000,0,0,0,21000,0,0,32000,32000,11000,0,0,21000,0,0.34375,0.0,0.34375,f8f36ba8339d64a3c5b40276b427b7e113159115fc27166b55859e9dde6cad69,300,8,1000,303,assigned_level_sensitivity,dynamic,periodic,0.0,False,True,,True,1.0,25.0,0.0,0.0,0.0,0,8000,8000,0.32527707789262306,5584,0.48066155977383523,0.39975297664014103,0.6002470233598589,0.371,0.15538448188121218,1.0,1.0,0.6533466533466533,0.637,0.68,16016,8000
HBTASP-Top4,4,32000,11000,0,0,0,21000,0,0,32000,32000,11000,0,0,21000,0,0.34375,0.0,0.34375,e91447ac5e6df98a8d02213fa77c0264cbc2aedcc681ce0cb30ca725fa2340fb,300,8,1000,404,assigned_level_sensitivity,dynamic,periodic,0.0,False,True,,True,1.0,25.0,0.0,0.0,0.0,0,8000,8000,0.3188649048773505,5528,0.4727304804314957,0.39473704817099764,0.6052629518290024,0.383,0.1538655755541452,1.0,1.0,0.6463536463536463,0.634,0.668,16016,8000
HBTASP-Top4,4,32000,11000,0,0,0,21000,0,0,32000,32000,11000,0,0,21000,0,0.34375,0.0,0.34375,514d9b11761a246690316f8d1fa9b583ef325caae8d9508f676a85e68f2ca333,300,8,1000,505,assigned_level_sensitivity,dynamic,periodic,0.0,False,True,,True,1.0,25.0,0.0,0.0,0.0,0,8000,8000,0.32488459756307253,5576,0.48041505084794006,0.40040299039296817,0.5995970096070318,0.366,0.15553045328486753,1.0,1.0,0.6468531468531469,0.637,0.678,16016,8000
HBTASP-Top4,4,32000,11000,0,0,0,21000,0,0,32000,32000,11000,0,0,21000,0,0.34375,0.0,0.34375,dfd4fd244cd6df6feca0a7f76a305b97f7f967390cb9e544f72b382b6f96ba51,300,8,1000,606,assigned_level_sensitivity,dynamic,periodic,0.0,False,True,,True,1.0,25.0,0.0,0.0,0.0,0,8000,8000,0.3186087800979768,5528,0.47265154781373636,0.39155893756134064,0.6084410624386594,0.381,0.1540427677157596,1.0,1.0,0.6443556443556444,0.636,0.666,16016,8000
HBTASP-Top4,4,32000,11000,0,0,0,21000,0,0,32000,32000,11000,0,0,21000,0,0.34375,0.0,0.34375,a9722b331460e36e9ea8086d30fc32d95434651dd8e18859eff7a1ed61c0ad94,300,8,1000,707,assigned_level_sensitivity,dynamic,periodic,0.0,False,True,,True,1.0,25.0,0.0,0.0,0.0,0,8000,8000,0.32280956500375874,5536,0.4808388399416918,0.40066069620050226,0.5993393037994977,0.37,0.15802927493793306,1.0,1.0,0.6448551448551448,0.63,0.672,16016,8000
HBTASP-Top4,4,32000,11000,0,0,0,21000,0,0,32000,32000,11000,0,0,21000,0,0.34375,0.0,0.34375,1518678311d1a5658db856592fe2bfc9bb412b84dbc07803d9b24770cd2e9605,300,8,1000,808,assigned_level_sensitivity,dynamic,periodic,0.0,False,True,,True,1.0,25.0,0.0,0.0,0.0,0,8000,8000,0.3209071700743175,5504,0.47446996790031365,0.4148662085248405,0.5851337914751595,0.38,0.15356279782599613,1.0,1.0,0.6493506493506493,0.63,0.667,16016,8000
HBTASP-Top4,4,32000,11000,0,0,0,21000,0,0,32000,32000,11000,0,0,21000,0,0.34375,0.0,0.34375,661fd134cedd7a519c54d7bc5c69e1d80a052550d3b694f02c7198347382f304,300,8,1000,909,assigned_level_sensitivity,dynamic,periodic,0.0,False,True,,True,1.0,25.0,0.0,0.0,0.0,0,8000,8000,0.3248218173562751,5520,0.4858307604138156,0.41118175319243216,0.5888182468075678,0.373,0.16100894305754054,1.0,1.0,0.6493506493506493,0.631,0.672,16016,8000
HBTASP-Top4,4,32000,11000,0,0,0,21000,0,0,32000,32000,11000,0,0,21000,0,0.34375,0.0,0.34375,2c8498618c30af7291143268818525e727fa5419427a70382ebd610e1a2a4fe5,300,8,1000,1010,assigned_level_sensitivity,dynamic,periodic,0.0,False,True,,True,1.0,25.0,0.0,0.0,0.0,0,8000,8000,0.3198317553498431,5504,0.4780581249493396,0.41254355920528196,0.587456440794718,0.382,0.15822636959949649,1.0,1.0,0.6508491508491508,0.632,0.666,16016,8000
HBTASP-Top4,4,40000,19000,0,0,0,21000,0,0,40000,40000,19000,0,0,21000,0,0.475,0.0,0.475,141bdfe6b1833f6d60654da9808f696e463aec3f82ea83aa12e978df57ba2aa1,300,10,1000,101,assigned_level_sensitivity,dynamic,periodic,0.0,False,True,,True,1.0,25.0,0.0,0.0,0.0,0,10000,10000,0.2562144651163493,5520,0.48013447410529264,0.28524031097462416,0.7147596890253758,0.502,0.22392000898894332,1.0,1.0,0.5144855144855145,0.508,0.536,20020,10000
HBTASP-Top4,4,40000,19000,0,0,0,21000,0,0,40000,40000,19000,0,0,21000,0,0.475,0.0,0.475,3a5fc368169ff9da89ca4931feef6e1629ba4285ccfaf1f39c1daed740891e07,300,10,1000,202,assigned_level_sensitivity,dynamic,periodic,0.0,False,True,,True,1.0,25.0,0.0,0.0,0.0,0,10000,10000,0.27037353890480165,5580,0.5039996115408695,0.3564142616940862,0.6435857383059138,0.488,0.23362607263606783,1.0,1.0,0.5144855144855145,0.504,0.544,20020,10000
HBTASP-Top4,4,40000,19000,0,0,0,21000,0,0,40000,40000,19000,0,0,21000,0,0.475,0.0,0.475,007a28b0eddba7aecd6a45280621bcee05b01beb2c4d720308916792d688cdba,300,10,1000,303,assigned_level_sensitivity,dynamic,periodic,0.0,False,True,,True,1.0,25.0,0.0,0.0,0.0,0,10000,10000,0.2507133699946036,5580,0.466506219688457,0.31226179316259056,0.6877382068374094,0.504,0.21579284969385343,1.0,1.0,0.5044955044955045,0.504,0.544,20020,10000
HBTASP-Top4,4,40000,19000,0,0,0,21000,0,0,40000,40000,19000,0,0,21000,0,0.475,0.0,0.475,8ba71a2d1f6ba31ce2adb2132db83869748138ca3d802f943c2c5a0574d2cc21,300,10,1000,404,assigned_level_sensitivity,dynamic,periodic,0.0,False,True,,True,1.0,25.0,0.0,0.0,0.0,0,10000,10000,0.2624523965612679,5580,0.4818472727443539,0.3491725348005873,0.6508274651994127,0.502,0.219394876183086,1.0,1.0,0.5314685314685315,0.5,0.53,20020,10000
HBTASP-Top4,4,40000,19000,0,0,0,21000,0,0,40000,40000,19000,0,0,21000,0,0.475,0.0,0.475,90ce31c9da1c5367beb321f9507a3420b9f25480a12b948e2ebc58373b37a884,300,10,1000,505,assigned_level_sensitivity,dynamic,periodic,0.0,False,True,,True,1.0,25.0,0.0,0.0,0.0,0,10000,10000,0.25355438616876486,5540,0.4700742925195627,0.3324517016949566,0.6675482983050434,0.506,0.21651990635079782,1.0,1.0,0.5244755244755245,0.508,0.536,20020,10000
HBTASP-Top4,4,40000,19000,0,0,0,21000,0,0,40000,40000,19000,0,0,21000,0,0.475,0.0,0.475,b61e139c3fb7b31bc52edb41c9865213363effb65f0f59821a8c5b38b3048db2,300,10,1000,606,assigned_level_sensitivity,dynamic,periodic,0.0,False,True,,True,1.0,25.0,0.0,0.0,0.0,0,10000,10000,0.24818481098089792,5460,0.46943684369600236,0.29169222912102827,0.7083077708789718,0.508,0.22125203271510444,1.0,1.0,0.5014985014985015,0.502,0.53,20020,10000
HBTASP-Top4,4,40000,19000,0,0,0,21000,0,0,40000,40000,19000,0,0,21000,0,0.475,0.0,0.475,b4a4b2074dc9fbd629b37a5e668818617392cad68a4daaca62a21d3b861947e1,300,10,1000,707,assigned_level_sensitivity,dynamic,periodic,0.0,False,True,,True,1.0,25.0,0.0,0.0,0.0,0,10000,10000,0.2503946328467925,5480,0.4710094496834791,0.3061510374461828,0.6938489625538171,0.508,0.2206148168366866,1.0,1.0,0.5074925074925075,0.502,0.53,20020,10000
HBTASP-Top4,4,40000,19000,0,0,0,21000,0,0,40000,40000,19000,0,0,21000,0,0.475,0.0,0.475,df31abfc2a0510109e5fbbbe979c95bc59868f572178c74fab65f44f25d8b98e,300,10,1000,808,assigned_level_sensitivity,dynamic,periodic,0.0,False,True,,True,1.0,25.0,0.0,0.0,0.0,0,10000,10000,0.257141588055842,5520,0.4794078215078028,0.3285186486604779,0.6714813513395221,0.508,0.22226623345196084,1.0,1.0,0.5034965034965035,0.5,0.536,20020,10000
HBTASP-Top4,4,40000,19000,0,0,0,21000,0,0,40000,40000,19000,0,0,21000,0,0.475,0.0,0.475,7318133692bf0f0bf10db56033e46d3c6ad5dffd0c4b6259cf95c602d83dd309,300,10,1000,909,assigned_level_sensitivity,dynamic,periodic,0.0,False,True,,True,1.0,25.0,0.0,0.0,0.0,0,10000,10000,0.25296201600007184,5500,0.4779983900832068,0.31679021131711366,0.6832097886828863,0.496,0.22503637408313498,1.0,1.0,0.5124875124875125,0.508,0.544,20020,10000
HBTASP-Top4,4,40000,19000,0,0,0,21000,0,0,40000,40000,19000,0,0,21000,0,0.475,0.0,0.475,fa1e7160817b96b22680c8c1db455cf2b5ef8b2969493ed8b763b16a514b61ef,300,10,1000,1010,assigned_level_sensitivity,dynamic,periodic,0.0,False,True,,True,1.0,25.0,0.0,0.0,0.0,0,10000,10000,0.254800988371626,5520,0.4770281814325853,0.31633744368532574,0.6836625563146743,0.5,0.22222719306095928,1.0,1.0,0.5184815184815185,0.51,0.54,20020,10000
