total_regions,mandatory_infeasible,optional_skipped,dispatch_infeasible,expired_waiting,completed,deadline_misses,thermal_violations,mandatory_released,mandatory_unique_terminal_uids,mandatory_pre_reject,mandatory_wait_expire,mandatory_late_complete,mandatory_on_time,mandatory_terminal_residual,mandatory_pre_rejection_rate,mandatory_admitted_dmr,mandatory_service_failure_rate,mandatory_terminal_table_sha256,period_ms,lines,epochs,seed,budget_mode,network_mode,release_mode,priority_overhead_ms,all_regions_mandatory,mandatory_count,enable_productive_cooling,fixed_voltage_index,enforce_thermal_feasibility,plant_thermal_response_factor,plant_ambient_c,overrun_probability,overrun_min_extra,overrun_max_extra,forced_overrun_count,total_mandatory,missed_mandatory,mandatory_service_failure,admitted_mandatory_deadline_violations,historical_completed_only_dice,historical_coverage_adjusted_dice,historical_mandatory_effective_dice,on_time_completed_regions,historical_weighted_coverage_utility,images,defective_images,mean_complete_image_dice,completed_only_images,mean_completed_only_dice,pixel_defect_recall,pixel_missed_detection_rate,image_complete_miss_rate,optimism_gap,runtime_seconds,strategy,priority_defect_hit_rate,priority_defect_pixel_share,evidence_origin
16000,0,2104,0,0,13896,0,0,4000,4000,0,0,0,4000,0,0.0,0.0,0.0,358345139b329c40140caebe1f44495eb1cb4ce7057ad9123725a473225c7759,100,4,1000,101,assigned_level_sensitivity,dynamic,periodic,0.0,False,1,True,,True,1.0,25.0,0.0,0.0,0.0,0,4000,0,0.0,0,0.6130912924581856,0.5324697874999342,0.6884000000000013,13896,0.5827423602770513,4000,4000,0.41462013365554384,3880,0.4415295231620432,0.5773967237691302,0.4226032762308698,0.122,0.026909389506499348,1.70267915725708,calibrated_histogram,0.628,0.3484935445714539,reused validated v21 histogram_zero cell
16000,0,2072,0,0,13928,0,0,4000,4000,0,0,0,4000,0,0.0,0.0,0.0,34b8939f5e22fe77656bcf596b267a8e14848f4c8183e258a0aa6bf6964bce30,100,4,1000,202,assigned_level_sensitivity,dynamic,periodic,0.0,False,1,True,,True,1.0,25.0,0.0,0.0,0.0,0,4000,0,0.0,0,0.6126616815048046,0.5333219937499324,0.6884000000000013,13928,0.5834749797691754,4000,4000,0.4167691518719085,3913,0.4390796005044689,0.5906608350888073,0.4093391649111927,0.116,0.02231044863256043,1.933469295501709,calibrated_histogram,0.628,0.3484935445714539,reused validated v21 histogram_zero cell
16000,0,2080,0,0,13920,0,0,4000,4000,0,0,0,4000,0,0.0,0.0,0.0,cb9cf6119f28cbbe2f515263b460577c6bf03d42557f7919b99931e42d877f4b,100,4,1000,303,assigned_level_sensitivity,dynamic,periodic,0.0,False,1,True,,True,1.0,25.0,0.0,0.0,0.0,0,4000,0,0.0,0,0.6128958548849811,0.5332193937499337,0.6884000000000013,13920,0.5829447212443887,4000,4000,0.4182390780854688,3904,0.4428923937876278,0.5956685621417187,0.4043314378582813,0.118,0.024653315702159007,1.9332919120788574,calibrated_histogram,0.628,0.3484935445714539,reused validated v21 histogram_zero cell
16000,0,2104,0,0,13896,0,0,4000,4000,0,0,0,4000,0,0.0,0.0,0.0,19660c8d7c38bf482c258d456033c0235b91bafa3f9150f8928502cb0b6a233e,100,4,1000,404,assigned_level_sensitivity,dynamic,periodic,0.0,False,1,True,,True,1.0,25.0,0.0,0.0,0.0,0,4000,0,0.0,0,0.612993681634927,0.5323850124999341,0.6884000000000013,13896,0.581345750869884,4000,4000,0.42319756944830667,3920,0.44717345360778377,0.5958497763486158,0.4041502236513842,0.112,0.0239758841594771,1.954491376876831,calibrated_histogram,0.628,0.3484935445714539,reused validated v21 histogram_zero cell
16000,0,2088,0,0,13912,0,0,4000,4000,0,0,0,4000,0,0.0,0.0,0.0,73cdab68096cc443e0e24ada558429cabf1afc7f75cc16ce9d024a0d7cee62f9,100,4,1000,505,assigned_level_sensitivity,dynamic,periodic,0.0,False,1,True,,True,1.0,25.0,0.0,0.0,0.0,0,4000,0,0.0,0,0.6129161083955529,0.5329305562499332,0.6884000000000013,13912,0.5800777951925807,4000,4000,0.41250968792559917,3880,0.4419857660686206,0.5812431055556888,0.4187568944443112,0.12,0.029476078143021445,1.8252675533294678,calibrated_histogram,0.628,0.3484935445714539,reused validated v21 histogram_zero cell
16000,0,2064,0,0,13936,0,0,4000,4000,0,0,0,4000,0,0.0,0.0,0.0,7833957291a032d51d81862cac99e9d8ccb12f68b533b2caf53ee51ae3f9dc9c,100,4,1000,606,assigned_level_sensitivity,dynamic,periodic,0.0,False,1,True,,True,1.0,25.0,0.0,0.0,0.0,0,4000,0,0.0,0,0.6125608352467647,0.5335404874999321,0.6884000000000013,13936,0.5808269860413727,4000,4000,0.4173614311483022,3904,0.4436000158983858,0.5809003976326839,0.41909960236731614,0.114,0.026238584750083616,1.7939610481262207,calibrated_histogram,0.628,0.3484935445714539,reused validated v21 histogram_zero cell
16000,0,2080,0,0,13920,0,0,4000,4000,0,0,0,4000,0,0.0,0.0,0.0,7299403d9d2d4f4ccec9f76133c48d8d07e2ed601a2777f731db87ca14e66056,100,4,1000,707,assigned_level_sensitivity,dynamic,periodic,0.0,False,1,True,,True,1.0,25.0,0.0,0.0,0.0,0,4000,0,0.0,0,0.613028548850499,0.5333348374999342,0.6884000000000013,13920,0.5818557064170072,4000,4000,0.4162747384082268,3888,0.44401374589293113,0.5930815201815423,0.40691847981845775,0.128,0.027739007484704314,1.7764806747436523,calibrated_histogram,0.628,0.3484935445714539,reused validated v21 histogram_zero cell
16000,0,2112,0,0,13888,0,0,4000,4000,0,0,0,4000,0,0.0,0.0,0.0,332b0fc25c5dccfb6fb5145b59221f17277c51b24f8c2d6148183eada1540c2c,100,4,1000,808,assigned_level_sensitivity,dynamic,periodic,0.0,False,1,True,,True,1.0,25.0,0.0,0.0,0.0,0,4000,0,0.0,0,0.6131123703916295,0.5321815374999344,0.6884000000000013,13888,0.5799703627428773,4000,4000,0.421019822565301,3888,0.44673692698582623,0.6083791499887364,0.39162085001126357,0.12,0.025717104420525216,1.7465136051177979,calibrated_histogram,0.628,0.3484935445714539,reused validated v21 histogram_zero cell
16000,0,2080,0,0,13920,0,0,4000,4000,0,0,0,4000,0,0.0,0.0,0.0,3a15676bda67054cb5929717fc730bfa67cd49969827870cd1819db4b67b2b0f,100,4,1000,909,assigned_level_sensitivity,dynamic,periodic,0.0,False,1,True,,True,1.0,25.0,0.0,0.0,0.0,0,4000,0,0.0,0,0.6129029238504982,0.5332255437499335,0.6884000000000013,13920,0.5826619954389057,4000,4000,0.42449812562503575,3896,0.4485177040355556,0.5912721599999868,0.40872784000001317,0.114,0.024019578410519826,1.8973803520202637,calibrated_histogram,0.628,0.3484935445714539,reused validated v21 histogram_zero cell
16000,0,2112,0,0,13888,0,0,4000,4000,0,0,0,4000,0,0.0,0.0,0.0,f74ec5db6e908852b709fb2fc49501319e260c6bb970c5803f31b89af1514827,100,4,1000,1010,assigned_level_sensitivity,dynamic,periodic,0.0,False,1,True,,True,1.0,25.0,0.0,0.0,0.0,0,4000,0,0.0,0,0.6128746543778043,0.5319751999999341,0.6884000000000013,13888,0.5799756967185616,4000,4000,0.413572886096525,3880,0.4402725089394832,0.5995858099343632,0.40041419006563683,0.124,0.026699622842958237,1.7753653526306152,calibrated_histogram,0.628,0.3484935445714539,reused validated v21 histogram_zero cell
24000,0,14000,0,0,10000,0,0,6000,6000,0,0,0,6000,0,0.0,0.0,0.0,368e16a18b5b73e12179e2ceeeef5d7bbd6d7e12c7147fe591b0919c4402b0f8,100,6,1000,101,assigned_level_sensitivity,dynamic,periodic,0.0,False,1,True,,True,1.0,25.0,0.0,0.0,0.0,0,6000,0,0.0,0,0.646408499999984,0.2693368749999933,0.6884000000000013,10000,0.37160285451914876,6000,6000,0.28578430435337027,5177,0.4086263003069651,0.3145808225940802,0.6854191774059197,0.3265,0.12284199595359485,2.163220167160034,calibrated_histogram,0.628,0.3484935445714539,reused validated v21 histogram_zero cell
24000,0,14000,0,0,10000,0,0,6000,6000,0,0,0,6000,0,0.0,0.0,0.0,1647dacc78c42fdbc64e7d28ec9e5575601944c739c0044734f158d076fd1351,100,6,1000,202,assigned_level_sensitivity,dynamic,periodic,0.0,False,1,True,,True,1.0,25.0,0.0,0.0,0.0,0,6000,0,0.0,0,0.6464124299999839,0.2693385124999933,0.6884000000000013,10000,0.3713373157073241,6000,6000,0.2905673048795344,5191,0.41365955498406326,0.32051787176518354,0.6794821282348165,0.31833333333333336,0.12309225010452884,2.2308707237243652,calibrated_histogram,0.628,0.3484935445714539,reused validated v21 histogram_zero cell
24000,0,14000,0,0,10000,0,0,6000,6000,0,0,0,6000,0,0.0,0.0,0.0,b40e3956fc736148fe48725c99a765faa7ca344bcdde335f7de5815dce321912,100,6,1000,303,assigned_level_sensitivity,dynamic,periodic,0.0,False,1,True,,True,1.0,25.0,0.0,0.0,0.0,0,6000,0,0.0,0,0.6464124299999839,0.2693385124999933,0.6884000000000013,10000,0.3713482043904725,6000,6000,0.2821434535175324,5156,0.4084657490131035,0.31034784088307354,0.6896521591169265,0.3305,0.1263222954955711,2.242243766784668,calibrated_histogram,0.628,0.3484935445714539,reused validated v21 histogram_zero cell
24000,0,14000,0,0,10000,0,0,6000,6000,0,0,0,6000,0,0.0,0.0,0.0,90dd8c8ff63030dd9dbbd25c0b5e9d426cebafe711c88974834a56210f18bdc1,100,6,1000,404,assigned_level_sensitivity,dynamic,periodic,0.0,False,1,True,,True,1.0,25.0,0.0,0.0,0.0,0,6000,0,0.0,0,0.6464202899999839,0.2693417874999933,0.6884000000000013,10000,0.3714293114572814,6000,6000,0.28479682435344367,5171,0.40903936574021627,0.3108666182384715,0.6891333817615285,0.3268333333333333,0.1242425413867726,2.1885058879852295,calibrated_histogram,0.628,0.3484935445714539,reused validated v21 histogram_zero cell
24000,0,14000,0,0,10000,0,0,6000,6000,0,0,0,6000,0,0.0,0.0,0.0,64fec059e2099a382af339a6780c28497caac0c5ebb5f50adb7d0e94049738cd,100,6,1000,505,assigned_level_sensitivity,dynamic,periodic,0.0,False,1,True,,True,1.0,25.0,0.0,0.0,0.0,0,6000,0,0.0,0,0.646408499999984,0.2693368749999933,0.6884000000000013,10000,0.3712721559057361,6000,6000,0.2864166223964191,5139,0.41403116816997165,0.3182156160844801,0.6817843839155199,0.32216666666666666,0.12761454577355258,2.2323458194732666,calibrated_histogram,0.628,0.3484935445714539,reused validated v21 histogram_zero cell
24000,0,14000,0,0,10000,0,0,6000,6000,0,0,0,6000,0,0.0,0.0,0.0,ae880915da58fff9f20affe7a5a25900cde6365bd54144492baa5036a1d84adc,100,6,1000,606,assigned_level_sensitivity,dynamic,periodic,0.0,False,1,True,,True,1.0,25.0,0.0,0.0,0.0,0,6000,0,0.0,0,0.646408499999984,0.2693368749999933,0.6884000000000013,10000,0.37106571516721376,6000,6000,0.28405797607567734,5176,0.41091295191337446,0.3091699691448159,0.690830030855184,0.32466666666666666,0.12685497583769711,2.212705612182617,calibrated_histogram,0.628,0.3484935445714539,reused validated v21 histogram_zero cell
24000,0,14000,0,0,10000,0,0,6000,6000,0,0,0,6000,0,0.0,0.0,0.0,c0f27110c744a3fc7a33aecc95f2268b53928f9aef18cbadd02b335ecd207f0e,100,6,1000,707,assigned_level_sensitivity,dynamic,periodic,0.0,False,1,True,,True,1.0,25.0,0.0,0.0,0.0,0,6000,0,0.0,0,0.6464163599999839,0.26934014999999334,0.6884000000000013,10000,0.3713435648443448,6000,6000,0.2861214934327028,5180,0.41084407270828843,0.3121903089593013,0.6878096910406988,0.3255,0.12472257927558561,2.2484889030456543,calibrated_histogram,0.628,0.3484935445714539,reused validated v21 histogram_zero cell
24000,0,14000,0,0,10000,0,0,6000,6000,0,0,0,6000,0,0.0,0.0,0.0,063cb3f34bb5042d5a315795e5ea1e803957554d0c67c50190b2b486a6968f17,100,6,1000,808,assigned_level_sensitivity,dynamic,periodic,0.0,False,1,True,,True,1.0,25.0,0.0,0.0,0.0,0,6000,0,0.0,0,0.6464202899999839,0.2693417874999933,0.6884000000000013,10000,0.3713652569633069,6000,6000,0.2888231536111575,5190,0.41106484244000124,0.31992925186351423,0.6800707481364858,0.3253333333333333,0.12224168882884373,2.206094980239868,calibrated_histogram,0.628,0.3484935445714539,reused validated v21 histogram_zero cell
24000,0,14000,0,0,10000,0,0,6000,6000,0,0,0,6000,0,0.0,0.0,0.0,43ca3bc1908129b5c2ac96d7e4719f6173824add31150444bda10a9206dc8922,100,6,1000,909,assigned_level_sensitivity,dynamic,periodic,0.0,False,1,True,,True,1.0,25.0,0.0,0.0,0.0,0,6000,0,0.0,0,0.6464124299999839,0.2693385124999933,0.6884000000000013,10000,0.37127413651329794,6000,6000,0.28534504083987267,5188,0.4096745877736424,0.31492270625414726,0.6850772937458527,0.322,0.12432954693376974,2.2347593307495117,calibrated_histogram,0.628,0.3484935445714539,reused validated v21 histogram_zero cell
24000,0,14000,0,0,10000,0,0,6000,6000,0,0,0,6000,0,0.0,0.0,0.0,da29db140ec3433f5a7bef5bfca040b9d439fbd33929da0e9b1ac51f823030f9,100,6,1000,1010,assigned_level_sensitivity,dynamic,periodic,0.0,False,1,True,,True,1.0,25.0,0.0,0.0,0.0,0,6000,0,0.0,0,0.6464163599999839,0.26934014999999334,0.6884000000000013,10000,0.37143861950518303,6000,6000,0.28583979985161,5177,0.4089221702298334,0.3103548952000504,0.6896451047999497,0.32666666666666666,0.1230823703782234,2.300980806350708,calibrated_histogram,0.628,0.3484935445714539,reused validated v21 histogram_zero cell
32000,2000,20000,0,0,10000,0,0,8000,8000,2000,0,0,6000,0,0.25,0.0,0.25,7cf8bd76105a69cbcfa528024b06ba0685b7cf989f92593219acc9df57a75972,100,8,1000,101,assigned_level_sensitivity,dynamic,periodic,0.0,False,1,True,,True,1.0,25.0,0.0,0.0,0.0,0,8000,2000,0.25,0,0.6464202899999839,0.20200634062499498,0.516300000000001,10000,0.28195886611744947,8000,8000,0.21638685118051704,5476,0.4016916167257847,0.23426989488422031,0.7657301051157797,0.478,0.18530476554526765,3.030622720718384,calibrated_histogram,0.628,0.3484935445714539,reused validated v21 histogram_zero cell
32000,2000,20000,0,0,10000,0,0,8000,8000,2000,0,0,6000,0,0.25,0.0,0.25,cecd2e2b4015e0253a77c84bc8294dc40fcdb67626c85441a4885ac7e1e0a2cf,100,8,1000,202,assigned_level_sensitivity,dynamic,periodic,0.0,False,1,True,,True,1.0,25.0,0.0,0.0,0.0,0,8000,2000,0.25,0,0.646424219999984,0.20200756874999498,0.516300000000001,10000,0.28234993225671023,8000,8000,0.21483148016426531,5361,0.4052169129396313,0.22780805467270127,0.7721919453272987,0.484375,0.190385432775366,3.084571599960327,calibrated_histogram,0.628,0.3484935445714539,reused validated v21 histogram_zero cell
32000,2000,20000,0,0,10000,0,0,8000,8000,2000,0,0,6000,0,0.25,0.0,0.25,bd7b84aea338fe302b0ee7d2c48f979d735627420e20962c2e02d923a38d6eb4,100,8,1000,303,assigned_level_sensitivity,dynamic,periodic,0.0,False,1,True,,True,1.0,25.0,0.0,0.0,0.0,0,8000,2000,0.25,0,0.6464124299999839,0.20200388437499497,0.516300000000001,10000,0.28131434560186747,8000,8000,0.21398866596853583,5389,0.40403165913279954,0.22988599062928436,0.7701140093707156,0.482375,0.1900429931642637,3.057267427444458,calibrated_histogram,0.628,0.3484935445714539,reused validated v21 histogram_zero cell
32000,2000,20000,0,0,10000,0,0,8000,8000,2000,0,0,6000,0,0.25,0.0,0.25,5ca264925b9e61abe6af384f83d2bd438e28677b091df6a9162c7f00606a3ba8,100,8,1000,404,assigned_level_sensitivity,dynamic,periodic,0.0,False,1,True,,True,1.0,25.0,0.0,0.0,0.0,0,8000,2000,0.25,0,0.6464202899999839,0.20200634062499498,0.516300000000001,10000,0.2809718512000162,8000,8000,0.20822008276993545,5370,0.390377256109193,0.22930155214481046,0.7706984478551895,0.49,0.18215717333925754,3.0605428218841553,calibrated_histogram,0.628,0.3484935445714539,reused validated v21 histogram_zero cell
32000,2000,20000,0,0,10000,0,0,8000,8000,2000,0,0,6000,0,0.25,0.0,0.25,e0562cda5afacd25e9cea92463a72bba01cebcb83b3a0e2cf87acf3c559f242f,100,8,1000,505,assigned_level_sensitivity,dynamic,periodic,0.0,False,1,True,,True,1.0,25.0,0.0,0.0,0.0,0,8000,2000,0.25,0,0.6464202899999839,0.20200634062499498,0.516300000000001,10000,0.28155525638008666,8000,8000,0.21082511057606257,5298,0.4024436209010948,0.2269121066174219,0.7730878933825781,0.486875,0.19161851032503224,3.1224915981292725,calibrated_histogram,0.628,0.3484935445714539,reused validated v21 histogram_zero cell
32000,2000,20000,0,0,10000,0,0,8000,8000,2000,0,0,6000,0,0.25,0.0,0.25,b3f7d87e9e930f58c751ea196132bfa7bbd098461be2f291f3de0fd681adfca1,100,8,1000,606,assigned_level_sensitivity,dynamic,periodic,0.0,False,1,True,,True,1.0,25.0,0.0,0.0,0.0,0,8000,2000,0.25,0,0.6464202899999839,0.20200634062499498,0.516300000000001,10000,0.2804554653626952,8000,8000,0.21682343884831684,5457,0.398675091689466,0.2293617903106408,0.7706382096893591,0.479,0.18185165284114918,3.0816562175750732,calibrated_histogram,0.628,0.3484935445714539,reused validated v21 histogram_zero cell
32000,2000,20000,0,0,10000,0,0,8000,8000,2000,0,0,6000,0,0.25,0.0,0.25,3229d72bc8e3fae88853d8b2ca6a7c360b501109e3ed6d246910f2374674f459,100,8,1000,707,assigned_level_sensitivity,dynamic,periodic,0.0,False,1,True,,True,1.0,25.0,0.0,0.0,0.0,0,8000,2000,0.25,0,0.6464163599999839,0.202005112499995,0.516300000000001,10000,0.282657290211749,8000,8000,0.21417608469128777,5467,0.39648243478381484,0.23275410625128432,0.7672458937487157,0.482,0.18230635009252708,3.1782405376434326,calibrated_histogram,0.628,0.3484935445714539,reused validated v21 histogram_zero cell
32000,2000,20000,0,0,10000,0,0,8000,8000,2000,0,0,6000,0,0.25,0.0,0.25,27de0289d48909259c3ec73273a30652238c998725af9bca56b9346640409341,100,8,1000,808,assigned_level_sensitivity,dynamic,periodic,0.0,False,1,True,,True,1.0,25.0,0.0,0.0,0.0,0,8000,2000,0.25,0,0.6464124299999839,0.20200388437499497,0.516300000000001,10000,0.2819001011780664,8000,8000,0.21582652930666002,5430,0.39914804716345526,0.23096947395786582,0.7690305260421342,0.48325,0.18332151785679524,3.3827502727508545,calibrated_histogram,0.628,0.3484935445714539,reused validated v21 histogram_zero cell
32000,2000,20000,0,0,10000,0,0,8000,8000,2000,0,0,6000,0,0.25,0.0,0.25,dc764352a55b9710473d6c335317ee1833e6e0e75afae6c4e03aa4de75f0bf00,100,8,1000,909,assigned_level_sensitivity,dynamic,periodic,0.0,False,1,True,,True,1.0,25.0,0.0,0.0,0.0,0,8000,2000,0.25,0,0.6464163599999839,0.202005112499995,0.516300000000001,10000,0.28205310135016803,8000,8000,0.21711205462468974,5496,0.40183185070169875,0.22843574120319804,0.7715642587968019,0.476,0.184719796077009,3.1334609985351562,calibrated_histogram,0.628,0.3484935445714539,reused validated v21 histogram_zero cell
32000,2000,20000,0,0,10000,0,0,8000,8000,2000,0,0,6000,0,0.25,0.0,0.25,3e60c13bb053d2a15d370770980f7254e411ef520a9a5217c622de4cf4d89024,100,8,1000,1010,assigned_level_sensitivity,dynamic,periodic,0.0,False,1,True,,True,1.0,25.0,0.0,0.0,0.0,0,8000,2000,0.25,0,0.6464124299999839,0.20200388437499497,0.516300000000001,10000,0.282371193408938,8000,8000,0.21933462973534854,5408,0.4062895902812889,0.2366149435491163,0.7633850564508837,0.475375,0.18695496054594038,3.1632914543151855,calibrated_histogram,0.628,0.3484935445714539,reused validated v21 histogram_zero cell
40000,4000,26000,0,0,10000,0,0,10000,10000,4000,0,0,6000,0,0.4,0.0,0.4,a925780f8b1d683f3eb6d71845f8efaf6bc3b25b7b67acfa41bcb9db8f32d6c4,100,10,1000,101,assigned_level_sensitivity,dynamic,periodic,0.0,False,1,True,,True,1.0,25.0,0.0,0.0,0.0,0,10000,4000,0.4,0,0.6464202899999839,0.16160507249999598,0.4130400000000008,10000,0.2271748997628606,10000,10000,0.17819243826129696,5932,0.3885495086738688,0.18476021490513023,0.8152397850948698,0.557,0.21035707041257182,4.1945106983184814,calibrated_histogram,0.628,0.3484935445714539,reused validated v21 histogram_zero cell
40000,4000,26000,0,0,10000,0,0,10000,10000,4000,0,0,6000,0,0.4,0.0,0.4,7c19c4e792ca4dd66b416e493bc6af1289cd3d367758a27bcc3c2c322e41ad80,100,10,1000,202,assigned_level_sensitivity,dynamic,periodic,0.0,False,1,True,,True,1.0,25.0,0.0,0.0,0.0,0,10000,4000,0.4,0,0.6464202899999839,0.16160507249999598,0.4130400000000008,10000,0.23005076178067244,10000,10000,0.18703609140732547,5763,0.4212704135995781,0.19469735578922312,0.8053026442107769,0.554,0.23423432219225265,4.1756696701049805,calibrated_histogram,0.628,0.3484935445714539,reused validated v21 histogram_zero cell
40000,4000,26000,0,0,10000,0,0,10000,10000,4000,0,0,6000,0,0.4,0.0,0.4,72f4a780a924c370b4e0f79ceff95e6c13e99e499ef58be4b869d68d4f51cd1c,100,10,1000,303,assigned_level_sensitivity,dynamic,periodic,0.0,False,1,True,,True,1.0,25.0,0.0,0.0,0.0,0,10000,4000,0.4,0,0.6464202899999839,0.16160507249999598,0.4130400000000008,10000,0.22670362702249747,10000,10000,0.16073382209611345,5618,0.3747871739168514,0.1677025508712418,0.8322974491287582,0.598,0.21405335182073795,4.169168949127197,calibrated_histogram,0.628,0.3484935445714539,reused validated v21 histogram_zero cell
40000,4000,26000,0,0,10000,0,0,10000,10000,4000,0,0,6000,0,0.4,0.0,0.4,adc4d22cc1b03f53d681c17d2bb0b0520921b513b27c41ce62fcd480deab5955,100,10,1000,404,assigned_level_sensitivity,dynamic,periodic,0.0,False,1,True,,True,1.0,25.0,0.0,0.0,0.0,0,10000,4000,0.4,0,0.6464202899999839,0.16160507249999598,0.4130400000000008,10000,0.22714620668155414,10000,10000,0.16473602154273648,5649,0.39253201576792257,0.18893479346567205,0.811065206534328,0.5728,0.2277959942251861,4.1508402824401855,calibrated_histogram,0.628,0.3484935445714539,reused validated v21 histogram_zero cell
40000,4000,26000,0,0,10000,0,0,10000,10000,4000,0,0,6000,0,0.4,0.0,0.4,72371a6dc2392aa631a2f1a80556a510e93ef225cc1a7e07482cb1ad30663640,100,10,1000,505,assigned_level_sensitivity,dynamic,periodic,0.0,False,1,True,,True,1.0,25.0,0.0,0.0,0.0,0,10000,4000,0.4,0,0.6464202899999839,0.16160507249999598,0.4130400000000008,10000,0.22886928020849903,10000,10000,0.16273698626663316,5709,0.3827345154436057,0.18128939204096653,0.8187106079590335,0.58,0.21999752917697254,4.168535470962524,calibrated_histogram,0.628,0.3484935445714539,reused validated v21 histogram_zero cell
40000,4000,26000,0,0,10000,0,0,10000,10000,4000,0,0,6000,0,0.4,0.0,0.4,903a0f173f46d881f64c89dd6f644e1f36c9438a2dc8bf2dd26576201fbfc42f,100,10,1000,606,assigned_level_sensitivity,dynamic,periodic,0.0,False,1,True,,True,1.0,25.0,0.0,0.0,0.0,0,10000,4000,0.4,0,0.6464124299999839,0.16160310749999598,0.4130400000000008,10000,0.2276227864621112,10000,10000,0.17255459082764002,5849,0.38139377949747627,0.17242279561798743,0.8275772043820125,0.5688,0.20883918866983625,4.188274145126343,calibrated_histogram,0.628,0.3484935445714539,reused validated v21 histogram_zero cell
40000,4000,26000,0,0,10000,0,0,10000,10000,4000,0,0,6000,0,0.4,0.0,0.4,013c9d9f2e8835d1195b690780ad4a7dde5a40c816ed2c5eecc755fd9402198c,100,10,1000,707,assigned_level_sensitivity,dynamic,periodic,0.0,False,1,True,,True,1.0,25.0,0.0,0.0,0.0,0,10000,4000,0.4,0,0.6464163599999839,0.16160408999999598,0.4130400000000008,10000,0.22856334887909818,10000,10000,0.17851813712622758,5921,0.38642279153697334,0.1901035900689834,0.8098964099310166,0.562,0.20790465441074577,4.139166355133057,calibrated_histogram,0.628,0.3484935445714539,reused validated v21 histogram_zero cell
40000,4000,26000,0,0,10000,0,0,10000,10000,4000,0,0,6000,0,0.4,0.0,0.4,4802fffd4eb60a7f490c928b0e7b1988ba6d3b0af4fa286453bae90d24f9aa25,100,10,1000,808,assigned_level_sensitivity,dynamic,periodic,0.0,False,1,True,,True,1.0,25.0,0.0,0.0,0.0,0,10000,4000,0.4,0,0.646424219999984,0.161606054999996,0.4130400000000008,10000,0.2274107936876682,10000,10000,0.18470946178832404,5890,0.40115590785508054,0.20604507020288657,0.7939549297971135,0.566,0.2164464460667565,4.162845611572266,calibrated_histogram,0.628,0.3484935445714539,reused validated v21 histogram_zero cell
40000,4000,26000,0,0,10000,0,0,10000,10000,4000,0,0,6000,0,0.4,0.0,0.4,bcc4bd9bcf311ca8bd1be474f6e2d488cb7a8c39b1a2701ed39f21885120600c,100,10,1000,909,assigned_level_sensitivity,dynamic,periodic,0.0,False,1,True,,True,1.0,25.0,0.0,0.0,0.0,0,10000,4000,0.4,0,0.6464202899999839,0.16160507249999598,0.4130400000000008,10000,0.22711834492394523,10000,10000,0.17603350519382555,5920,0.3865755430130528,0.18526598264382502,0.814734017356175,0.557,0.21054203781922726,4.273188591003418,calibrated_histogram,0.628,0.3484935445714539,reused validated v21 histogram_zero cell
40000,4000,26000,0,0,10000,0,0,10000,10000,4000,0,0,6000,0,0.4,0.0,0.4,94917fed05a933472c176ccc8c4d3a3bfd4010636e8520465ce79b1a92644bd3,100,10,1000,1010,assigned_level_sensitivity,dynamic,periodic,0.0,False,1,True,,True,1.0,25.0,0.0,0.0,0.0,0,10000,4000,0.4,0,0.646424219999984,0.161606054999996,0.4130400000000008,10000,0.22954654991741627,10000,10000,0.16738555768635888,5820,0.3738002124674786,0.1777560900461101,0.8222439099538899,0.58,0.2064146547811197,4.16303825378418,calibrated_histogram,0.628,0.3484935445714539,reused validated v21 histogram_zero cell
16000,0,616,0,0,15384,0,0,4000,4000,0,0,0,4000,0,0.0,0.0,0.0,358345139b329c40140caebe1f44495eb1cb4ce7057ad9123725a473225c7759,150,4,1000,101,assigned_level_sensitivity,dynamic,periodic,0.0,False,1,True,,True,1.0,25.0,0.0,0.0,0.0,0,4000,0,0.0,0,0.6446605304211538,0.6198410999999394,0.6884000000000013,15384,0.6404960716705087,4000,4000,0.47305343388632043,3992,0.4809935161686101,0.6287099662703364,0.3712900337296636,0.074,0.007940082282289651,2.165740966796875,calibrated_histogram,0.628,0.3484935445714539,reused validated v21 histogram_zero cell
16000,0,658,0,0,15342,0,0,4000,4000,0,0,0,4000,0,0.0,0.0,0.0,34b8939f5e22fe77656bcf596b267a8e14848f4c8183e258a0aa6bf6964bce30,150,4,1000,202,assigned_level_sensitivity,dynamic,periodic,0.0,False,1,True,,True,1.0,25.0,0.0,0.0,0.0,0,4000,0,0.0,0,0.6448623321600211,0.6183423687499402,0.6884000000000013,15342,0.6409000560869595,4000,4000,0.47546527876051586,3992,0.48236833892269215,0.6311553071282011,0.3688446928717989,0.078,0.006903060162176289,2.139319658279419,calibrated_histogram,0.628,0.3484935445714539,reused validated v21 histogram_zero cell
16000,0,680,0,0,15320,0,0,4000,4000,0,0,0,4000,0,0.0,0.0,0.0,cb9cf6119f28cbbe2f515263b460577c6bf03d42557f7919b99931e42d877f4b,150,4,1000,303,assigned_level_sensitivity,dynamic,periodic,0.0,False,1,True,,True,1.0,25.0,0.0,0.0,0.0,0,4000,0,0.0,0,0.6442999412532001,0.6169171937499391,0.6884000000000013,15320,0.6393159676691442,4000,4000,0.4803864463869333,4000,0.48526003012386193,0.6277184912921978,0.3722815087078022,0.07775,0.004873583736928644,2.1691458225250244,calibrated_histogram,0.628,0.3484935445714539,reused validated v21 histogram_zero cell
16000,0,744,0,0,15256,0,0,4000,4000,0,0,0,4000,0,0.0,0.0,0.0,19660c8d7c38bf482c258d456033c0235b91bafa3f9150f8928502cb0b6a233e,150,4,1000,404,assigned_level_sensitivity,dynamic,periodic,0.0,False,1,True,,True,1.0,25.0,0.0,0.0,0.0,0,4000,0,0.0,0,0.6456065679076449,0.6155858624999395,0.6884000000000013,15256,0.6386918780424199,4000,4000,0.4776385352545064,3992,0.48565381128887164,0.6184517976391626,0.3815482023608374,0.082,0.008015276034365248,2.3377842903137207,calibrated_histogram,0.628,0.3484935445714539,reused validated v21 histogram_zero cell
16000,0,632,0,0,15368,0,0,4000,4000,0,0,0,4000,0,0.0,0.0,0.0,73cdab68096cc443e0e24ada558429cabf1afc7f75cc16ce9d024a0d7cee62f9,150,4,1000,505,assigned_level_sensitivity,dynamic,periodic,0.0,False,1,True,,True,1.0,25.0,0.0,0.0,0.0,0,4000,0,0.0,0,0.6452174973971261,0.6197314062499396,0.6884000000000013,15368,0.6417309234711679,4000,4000,0.4757946225542319,3984,0.48470040601479,0.6277983520675935,0.3722016479324065,0.072,0.008905783460558092,2.24782133102417,calibrated_histogram,0.628,0.3484935445714539,reused validated v21 histogram_zero cell
16000,0,704,0,0,15296,0,0,4000,4000,0,0,0,4000,0,0.0,0.0,0.0,7833957291a032d51d81862cac99e9d8ccb12f68b533b2caf53ee51ae3f9dc9c,150,4,1000,606,assigned_level_sensitivity,dynamic,periodic,0.0,False,1,True,,True,1.0,25.0,0.0,0.0,0.0,0,4000,0,0.0,0,0.6456854275627015,0.6172752687499428,0.6884000000000013,15296,0.6408829006790866,4000,4000,0.47479938114019915,3984,0.4833944091936123,0.6259617396926538,0.3740382603073462,0.072,0.008595028053413167,2.230287790298462,calibrated_histogram,0.628,0.3484935445714539,reused validated v21 histogram_zero cell
16000,0,624,0,0,15376,0,0,4000,4000,0,0,0,4000,0,0.0,0.0,0.0,7299403d9d2d4f4ccec9f76133c48d8d07e2ed601a2777f731db87ca14e66056,150,4,1000,707,assigned_level_sensitivity,dynamic,periodic,0.0,False,1,True,,True,1.0,25.0,0.0,0.0,0.0,0,4000,0,0.0,0,0.6445565686783953,0.6194188624999378,0.6884000000000013,15376,0.6411215307501575,4000,4000,0.47843985395833266,3976,0.48778609442818077,0.6272640854378209,0.37273591456217914,0.069,0.00934624046984811,2.1163439750671387,calibrated_histogram,0.628,0.3484935445714539,reused validated v21 histogram_zero cell
16000,0,632,0,0,15368,0,0,4000,4000,0,0,0,4000,0,0.0,0.0,0.0,332b0fc25c5dccfb6fb5145b59221f17277c51b24f8c2d6148183eada1540c2c,150,4,1000,808,assigned_level_sensitivity,dynamic,periodic,0.0,False,1,True,,True,1.0,25.0,0.0,0.0,0.0,0,4000,0,0.0,0,0.6446707704320047,0.6192062749999405,0.6884000000000013,15368,0.6396878237065459,4000,4000,0.4749789445029068,3976,0.4844928133057453,0.6238679263712295,0.37613207362877055,0.07975,0.009513868802838499,2.120836019515991,calibrated_histogram,0.628,0.3484935445714539,reused validated v21 histogram_zero cell
16000,0,640,0,0,15360,0,0,4000,4000,0,0,0,4000,0,0.0,0.0,0.0,3a15676bda67054cb5929717fc730bfa67cd49969827870cd1819db4b67b2b0f,150,4,1000,909,assigned_level_sensitivity,dynamic,periodic,0.0,False,1,True,,True,1.0,25.0,0.0,0.0,0.0,0,4000,0,0.0,0,0.6447164322916027,0.6189277749999386,0.6884000000000013,15360,0.639108478760699,4000,4000,0.4751976629873165,3976,0.48606443507441316,0.6246011185577772,0.3753988814422228,0.074,0.010866772087096632,2.2418887615203857,calibrated_histogram,0.628,0.3484935445714539,reused validated v21 histogram_zero cell
16000,0,576,0,0,15424,0,0,4000,4000,0,0,0,4000,0,0.0,0.0,0.0,f74ec5db6e908852b709fb2fc49501319e260c6bb970c5803f31b89af1514827,150,4,1000,1010,assigned_level_sensitivity,dynamic,periodic,0.0,False,1,True,,True,1.0,25.0,0.0,0.0,0.0,0,4000,0,0.0,0,0.6444576179978592,0.6212571437499362,0.6884000000000013,15424,0.6419307382468226,4000,4000,0.4759048880018052,3984,0.48372842643659203,0.6267477980433811,0.3732522019566189,0.06825,0.007823538434786836,2.8360791206359863,calibrated_histogram,0.628,0.3484935445714539,reused validated v21 histogram_zero cell
24000,0,2316,0,0,21684,0,0,6000,6000,0,0,0,6000,0,0.0,0.0,0.0,368e16a18b5b73e12179e2ceeeef5d7bbd6d7e12c7147fe591b0919c4402b0f8,150,6,1000,101,assigned_level_sensitivity,dynamic,periodic,0.0,False,1,True,,True,1.0,25.0,0.0,0.0,0.0,0,6000,0,0.0,0,0.6101894530527299,0.5513061708331414,0.6884000000000013,21684,0.5937483996662029,6000,6000,0.4200422586368906,5872,0.4397264490420965,0.610032762253747,0.38996723774625297,0.108,0.019684190405205915,3.4343373775482178,calibrated_histogram,0.628,0.3484935445714539,reused validated v21 histogram_zero cell
24000,0,2316,0,0,21684,0,0,6000,6000,0,0,0,6000,0,0.0,0.0,0.0,1647dacc78c42fdbc64e7d28ec9e5575601944c739c0044734f158d076fd1351,150,6,1000,202,assigned_level_sensitivity,dynamic,periodic,0.0,False,1,True,,True,1.0,25.0,0.0,0.0,0.0,0,6000,0,0.0,0,0.6103319221543725,0.5514348916664755,0.6884000000000013,21684,0.5939265711472506,6000,6000,0.4248441530292723,5856,0.44373950555774483,0.6223738673699938,0.3776261326300062,0.108,0.01889535252847252,3.751159429550171,calibrated_histogram,0.628,0.3484935445714539,reused validated v21 histogram_zero cell
24000,0,2256,0,0,21744,0,0,6000,6000,0,0,0,6000,0,0.0,0.0,0.0,b40e3956fc736148fe48725c99a765faa7ca344bcdde335f7de5815dce321912,150,6,1000,303,assigned_level_sensitivity,dynamic,periodic,0.0,False,1,True,,True,1.0,25.0,0.0,0.0,0.0,0,6000,0,0.0,0,0.6099828964309858,0.5526445041664731,0.6884000000000013,21744,0.5940451637111823,6000,6000,0.423069829454623,5896,0.4413664203522156,0.6113152535653974,0.3886847464346026,0.10333333333333333,0.018296590897592613,3.6040825843811035,calibrated_histogram,0.628,0.3484935445714539,reused validated v21 histogram_zero cell
24000,0,2296,0,0,21704,0,0,6000,6000,0,0,0,6000,0,0.0,0.0,0.0,90dd8c8ff63030dd9dbbd25c0b5e9d426cebafe711c88974834a56210f18bdc1,150,6,1000,404,assigned_level_sensitivity,dynamic,periodic,0.0,False,1,True,,True,1.0,25.0,0.0,0.0,0.0,0,6000,0,0.0,0,0.6102231984885458,0.5518451791664749,0.6884000000000013,21704,0.5940804406676216,6000,6000,0.420664172550194,5876,0.4392512999303266,0.6106033445347919,0.3893966554652081,0.11333333333333333,0.018587127380132573,3.727405071258545,calibrated_histogram,0.628,0.3484935445714539,reused validated v21 histogram_zero cell
24000,0,2292,0,0,21708,0,0,6000,6000,0,0,0,6000,0,0.0,0.0,0.0,64fec059e2099a382af339a6780c28497caac0c5ebb5f50adb7d0e94049738cd,150,6,1000,505,assigned_level_sensitivity,dynamic,periodic,0.0,False,1,True,,True,1.0,25.0,0.0,0.0,0.0,0,6000,0,0.0,0,0.610158697254256,0.5518885416664745,0.6884000000000013,21708,0.5947321279322468,6000,6000,0.42141078862743536,5876,0.44172155409943276,0.6118739595912788,0.38812604040872123,0.10466666666666667,0.020310765471997394,3.702970027923584,calibrated_histogram,0.628,0.3484935445714539,reused validated v21 histogram_zero cell
24000,0,2301,0,0,21699,0,0,6000,6000,0,0,0,6000,0,0.0,0.0,0.0,ae880915da58fff9f20affe7a5a25900cde6365bd54144492baa5036a1d84adc,150,6,1000,606,assigned_level_sensitivity,dynamic,periodic,0.0,False,1,True,,True,1.0,25.0,0.0,0.0,0.0,0,6000,0,0.0,0,0.6103553066959498,0.5518374916664757,0.6884000000000013,21699,0.5945589320523079,6000,6000,0.4210612885164216,5868,0.4414564442003207,0.6067430876554454,0.3932569123445546,0.10866666666666666,0.020395155683899102,3.6188910007476807,calibrated_histogram,0.628,0.3484935445714539,reused validated v21 histogram_zero cell
24000,0,2264,0,0,21736,0,0,6000,6000,0,0,0,6000,0,0.0,0.0,0.0,c0f27110c744a3fc7a33aecc95f2268b53928f9aef18cbadd02b335ecd207f0e,150,6,1000,707,assigned_level_sensitivity,dynamic,periodic,0.0,False,1,True,,True,1.0,25.0,0.0,0.0,0.0,0,6000,0,0.0,0,0.6100969451598905,0.5525444666664742,0.6884000000000013,21736,0.594805384520997,6000,6000,0.4241081768458016,5883,0.4442365587951584,0.6075831695728942,0.39241683042710584,0.10216666666666667,0.02012838194935679,3.8144900798797607,calibrated_histogram,0.628,0.3484935445714539,reused validated v21 histogram_zero cell
24000,0,2296,0,0,21704,0,0,6000,6000,0,0,0,6000,0,0.0,0.0,0.0,063cb3f34bb5042d5a315795e5ea1e803957554d0c67c50190b2b486a6968f17,150,6,1000,808,assigned_level_sensitivity,dynamic,periodic,0.0,False,1,True,,True,1.0,25.0,0.0,0.0,0.0,0,6000,0,0.0,0,0.610181307592858,0.5518072958331414,0.6884000000000013,21704,0.5944255389767125,6000,6000,0.4238507520332626,5864,0.443592675373876,0.6192296683113735,0.3807703316886265,0.10333333333333333,0.019741923340613365,3.8438990116119385,calibrated_histogram,0.628,0.3484935445714539,reused validated v21 histogram_zero cell
24000,0,2300,0,0,21700,0,0,6000,6000,0,0,0,6000,0,0.0,0.0,0.0,43ca3bc1908129b5c2ac96d7e4719f6173824add31150444bda10a9206dc8922,150,6,1000,909,assigned_level_sensitivity,dynamic,periodic,0.0,False,1,True,,True,1.0,25.0,0.0,0.0,0.0,0,6000,0,0.0,0,0.6102453364053184,0.5517634916664754,0.6884000000000013,21700,0.594185474643588,6000,6000,0.4239250395581573,5880,0.4435724788985808,0.6169413014611737,0.38305869853882635,0.106,0.01964743934042351,3.0049262046813965,calibrated_histogram,0.628,0.3484935445714539,reused validated v21 histogram_zero cell
24000,0,2324,0,0,21676,0,0,6000,6000,0,0,0,6000,0,0.0,0.0,0.0,da29db140ec3433f5a7bef5bfca040b9d439fbd33929da0e9b1ac51f823030f9,150,6,1000,1010,assigned_level_sensitivity,dynamic,periodic,0.0,False,1,True,,True,1.0,25.0,0.0,0.0,0.0,0,6000,0,0.0,0,0.6103857907360871,0.5512800999998093,0.6884000000000013,21676,0.5937076874983443,6000,6000,0.4220797190208091,5872,0.4415997182425039,0.6124475160877579,0.38755248391224206,0.10866666666666666,0.019519999221694784,3.0107481479644775,calibrated_histogram,0.628,0.3484935445714539,reused validated v21 histogram_zero cell
32000,0,15000,0,0,17000,0,0,8000,8000,0,0,0,8000,0,0.0,0.0,0.0,48536fc5e075a2292b527fb68f9e0371d396b2957068a8b27317e7a61bf9ac13,150,8,1000,101,assigned_level_sensitivity,dynamic,periodic,0.0,False,1,True,,True,1.0,25.0,0.0,0.0,0.0,0,8000,0,0.0,0,0.6349764235292584,0.3373312249999186,0.6884000000000013,17000,0.43805844611964,8000,8000,0.3364774895519376,7224,0.4277114788339743,0.4042906265395686,0.5957093734604314,0.253,0.09123398928203669,3.725888729095459,calibrated_histogram,0.628,0.3484935445714539,reused validated v21 histogram_zero cell
32000,0,15000,0,0,17000,0,0,8000,8000,0,0,0,8000,0,0.0,0.0,0.0,570e9630deff505ba1c5363a004cd8917cdc4ddeaaa2dfbdb2999707f9626552,150,8,1000,202,assigned_level_sensitivity,dynamic,periodic,0.0,False,1,True,,True,1.0,25.0,0.0,0.0,0.0,0,8000,0,0.0,0,0.634749870588081,0.337210868749918,0.6884000000000013,17000,0.4380608634391224,8000,8000,0.3388341528697265,7272,0.4293097164223281,0.4079018770198048,0.5920981229801952,0.243,0.09047556355260161,4.040603876113892,calibrated_histogram,0.628,0.3484935445714539,reused validated v21 histogram_zero cell
32000,0,15000,0,0,17000,0,0,8000,8000,0,0,0,8000,0,0.0,0.0,0.0,7258aada57693e7fc41c3edb014bd97cd32dde8bd5dca77e2f1cb8b3ef00eaf8,150,8,1000,303,assigned_level_sensitivity,dynamic,periodic,0.0,False,1,True,,True,1.0,25.0,0.0,0.0,0.0,0,8000,0,0.0,0,0.6350434647057295,0.3373668406249188,0.6884000000000013,17000,0.43805640048588024,8000,8000,0.3444900937343058,7336,0.4328023209650542,0.4078930316481525,0.5921069683518475,0.233,0.08831222723074844,4.1086201667785645,calibrated_histogram,0.628,0.3484935445714539,reused validated v21 histogram_zero cell
32000,0,15000,0,0,17000,0,0,8000,8000,0,0,0,8000,0,0.0,0.0,0.0,620f015056b4913eca566e19dd498b9d34ce3df10a7782d95a50b5b4aece1a2a,150,8,1000,404,assigned_level_sensitivity,dynamic,periodic,0.0,False,1,True,,True,1.0,25.0,0.0,0.0,0.0,0,8000,0,0.0,0,0.6349371235292582,0.3373103468749184,0.6884000000000013,17000,0.4382547566205676,8000,8000,0.33794473727734087,7280,0.4264586758455219,0.39962788443602815,0.6003721155639719,0.245,0.08851393856818102,3.3903284072875977,calibrated_histogram,0.628,0.3484935445714539,reused validated v21 histogram_zero cell
32000,0,15000,0,0,17000,0,0,8000,8000,0,0,0,8000,0,0.0,0.0,0.0,4c81619bc200eebb3080c210bdc746b4414b0cc7c3fbb63c2a1ce3f91c436327,150,8,1000,505,assigned_level_sensitivity,dynamic,periodic,0.0,False,1,True,,True,1.0,25.0,0.0,0.0,0.0,0,8000,0,0.0,0,0.6347961058821987,0.33723543124991806,0.6884000000000013,17000,0.437871596459548,8000,8000,0.33261863138693876,7248,0.4229094777124354,0.38952300295308684,0.6104769970469132,0.255,0.09029084632549667,4.16878867149353,calibrated_histogram,0.628,0.3484935445714539,reused validated v21 histogram_zero cell
32000,0,15000,0,0,17000,0,0,8000,8000,0,0,0,8000,0,0.0,0.0,0.0,820400f60474dd2d047d6af68da1f0bbcc78c2597c68a44e9fae693f09b01e62,150,8,1000,606,assigned_level_sensitivity,dynamic,periodic,0.0,False,1,True,,True,1.0,25.0,0.0,0.0,0.0,0,8000,0,0.0,0,0.6350319058821999,0.33736069999991875,0.6884000000000013,17000,0.4379064215747365,8000,8000,0.3347177288062254,7248,0.4238257160792845,0.39316072772855964,0.6068392722714404,0.251,0.08910798727305907,4.236525774002075,calibrated_histogram,0.628,0.3484935445714539,reused validated v21 histogram_zero cell
32000,0,15000,0,0,17000,0,0,8000,8000,0,0,0,8000,0,0.0,0.0,0.0,265cd3c30607304ee4b6dbfbe241a7f7f4ee382cc1c459bb4718426a447809b3,150,8,1000,707,assigned_level_sensitivity,dynamic,periodic,0.0,False,1,True,,True,1.0,25.0,0.0,0.0,0.0,0,8000,0,0.0,0,0.634916317646905,0.3372992937499183,0.6884000000000013,17000,0.4380880656274845,8000,8000,0.33856359659179225,7248,0.42863018606945563,0.4024305432774722,0.5975694567225278,0.25,0.09006658947766338,4.439988136291504,calibrated_histogram,0.628,0.3484935445714539,reused validated v21 histogram_zero cell
32000,0,15000,0,0,17000,0,0,8000,8000,0,0,0,8000,0,0.0,0.0,0.0,f4866bde13e803cb907ec64e47284a1135ec88db541e26e30e289fa70c4a5ff8,150,8,1000,808,assigned_level_sensitivity,dynamic,periodic,0.0,False,1,True,,True,1.0,25.0,0.0,0.0,0.0,0,8000,0,0.0,0,0.6350688941174942,0.3373803499999188,0.6884000000000013,17000,0.43775684117230107,8000,8000,0.33789179815387266,7304,0.42780190138835295,0.40350390877849096,0.596496091221509,0.242,0.08991010323448029,4.13744592666626,calibrated_histogram,0.628,0.3484935445714539,reused validated v21 histogram_zero cell
32000,0,15000,0,0,17000,0,0,8000,8000,0,0,0,8000,0,0.0,0.0,0.0,a8c124acc17ac65b2cb1529125ce780607cdb86f117209ab5b3479ea9aad8a28,150,8,1000,909,assigned_level_sensitivity,dynamic,periodic,0.0,False,1,True,,True,1.0,25.0,0.0,0.0,0.0,0,8000,0,0.0,0,0.6347776117645515,0.337225606249918,0.6884000000000013,17000,0.43789555400086455,8000,8000,0.33476006617192744,7224,0.4246367671705963,0.40149457725655785,0.5985054227434421,0.257,0.08987670099866885,4.100647449493408,calibrated_histogram,0.628,0.3484935445714539,reused validated v21 histogram_zero cell
32000,0,15000,0,0,17000,0,0,8000,8000,0,0,0,8000,0,0.0,0.0,0.0,d3b8735acadda44f30d6c9e91006c692298437fd0395e4753048eb08f289bf45,150,8,1000,1010,assigned_level_sensitivity,dynamic,periodic,0.0,False,1,True,,True,1.0,25.0,0.0,0.0,0.0,0,8000,0,0.0,0,0.6348608352939638,0.33726981874991824,0.6884000000000013,17000,0.43860726436672903,8000,8000,0.3307752325003349,7312,0.41893636476150303,0.3932866493472538,0.6067133506527462,0.254,0.08816113226116812,4.094431400299072,calibrated_histogram,0.628,0.3484935445714539,reused validated v21 histogram_zero cell
40000,0,27000,0,0,13000,0,0,10000,10000,0,0,0,10000,0,0.0,0.0,0.0,ba24034ae3cf4562ab6a0153556be98ed2c4b4bffe7e7bdc8e8a9fe95da3ae23,150,10,1000,101,assigned_level_sensitivity,dynamic,periodic,0.0,False,1,True,,True,1.0,25.0,0.0,0.0,0.0,0,10000,0,0.0,0,0.66582926923072,0.21639451249998395,0.6884000000000013,13000,0.3146301859056447,10000,10000,0.24043939993758523,8060,0.40701109176566796,0.22885354669214628,0.7711464533078537,0.4,0.16657169182808274,5.352049112319946,calibrated_histogram,0.628,0.3484935445714539,reused validated v21 histogram_zero cell
40000,0,27000,0,0,13000,0,0,10000,10000,0,0,0,10000,0,0.0,0.0,0.0,a31dd7180ec5a17c6109cc36edd6a1a2865732b406c1cba67be0cad853f4b566,150,10,1000,202,assigned_level_sensitivity,dynamic,periodic,0.0,False,1,True,,True,1.0,25.0,0.0,0.0,0.0,0,10000,0,0.0,0,0.66582926923072,0.21639451249998395,0.6884000000000013,13000,0.31491065888074316,10000,10000,0.24170569367095346,8080,0.4055259875783563,0.22774061038813634,0.7722593896118637,0.398,0.16382029390740283,4.496753215789795,calibrated_histogram,0.628,0.3484935445714539,reused validated v21 histogram_zero cell
40000,0,27000,0,0,13000,0,0,10000,10000,0,0,0,10000,0,0.0,0.0,0.0,50217851ecebf8d2338a275cd29e82ffabe16ff153d1881d800178b818384e08,150,10,1000,303,assigned_level_sensitivity,dynamic,periodic,0.0,False,1,True,,True,1.0,25.0,0.0,0.0,0.0,0,10000,0,0.0,0,0.6658232230768738,0.216392547499984,0.6884000000000013,13000,0.31470769412089844,10000,10000,0.23956704213367117,8097,0.40180758937935496,0.23042241991894033,0.7695775800810597,0.3998,0.1622405472456838,4.434892654418945,calibrated_histogram,0.628,0.3484935445714539,reused validated v21 histogram_zero cell
40000,0,27000,0,0,13000,0,0,10000,10000,0,0,0,10000,0,0.0,0.0,0.0,666c91aca3d98fc592001468c87d42b3811143a5760cc295453880e244dc758a,150,10,1000,404,assigned_level_sensitivity,dynamic,periodic,0.0,False,1,True,,True,1.0,25.0,0.0,0.0,0.0,0,10000,0,0.0,0,0.6658232230768738,0.216392547499984,0.6884000000000013,13000,0.31424073307343536,10000,10000,0.23687366377182997,8000,0.4046708106193535,0.23906864552415746,0.7609313544758425,0.404,0.16779714684752353,4.381043910980225,calibrated_histogram,0.628,0.3484935445714539,reused validated v21 histogram_zero cell
40000,0,27000,0,0,13000,0,0,10000,10000,0,0,0,10000,0,0.0,0.0,0.0,04672988e5cbc3ed558a7a8a37b1047a717d071003dab2e756353934eb08b021,150,10,1000,505,assigned_level_sensitivity,dynamic,periodic,0.0,False,1,True,,True,1.0,25.0,0.0,0.0,0.0,0,10000,0,0.0,0,0.6632173307691713,0.21554563249998068,0.6884000000000013,13000,0.31405333926472156,10000,10000,0.23704260260411705,8119,0.39605580985889927,0.23090890402620298,0.769091095973797,0.412,0.1590132072547822,4.339646577835083,calibrated_histogram,0.628,0.3484935445714539,reused validated v21 histogram_zero cell
40000,0,27000,0,0,13000,0,0,10000,10000,0,0,0,10000,0,0.0,0.0,0.0,4774fcd2535e12b211f86580e78668e1e9bd961da670be7bd6bd7a6c26dc59af,150,10,1000,606,assigned_level_sensitivity,dynamic,periodic,0.0,False,1,True,,True,1.0,25.0,0.0,0.0,0.0,0,10000,0,0.0,0,0.6632173307691713,0.21554563249998068,0.6884000000000013,13000,0.3130597129361736,10000,10000,0.23522491776702578,8040,0.3971132314572663,0.22568152738560035,0.7743184726143997,0.412,0.1618883136902405,4.199642896652222,calibrated_histogram,0.628,0.3484935445714539,reused validated v21 histogram_zero cell
40000,0,27000,0,0,13000,0,0,10000,10000,0,0,0,10000,0,0.0,0.0,0.0,c605b9756ab83b71cebd84bc5abee05ba757a64ae099f5222f6e8681ffb7d720,150,10,1000,707,assigned_level_sensitivity,dynamic,periodic,0.0,False,1,True,,True,1.0,25.0,0.0,0.0,0.0,0,10000,0,0.0,0,0.6658292692307201,0.216394512499984,0.6884000000000013,13000,0.31495352178151725,10000,10000,0.24265360974322944,8060,0.4042233471089745,0.23941601465407622,0.7605839853459238,0.404,0.16156973736574506,4.430194854736328,calibrated_histogram,0.628,0.3484935445714539,reused validated v21 histogram_zero cell
40000,0,27000,0,0,13000,0,0,10000,10000,0,0,0,10000,0,0.0,0.0,0.0,e605a1726b1f4167ef338b823102f2cdcf91485c2169dd1f43f679edd32d0c6b,150,10,1000,808,assigned_level_sensitivity,dynamic,periodic,0.0,False,1,True,,True,1.0,25.0,0.0,0.0,0.0,0,10000,0,0.0,0,0.66582926923072,0.21639451249998395,0.6884000000000013,13000,0.31441028193014264,10000,10000,0.23853269859742626,8160,0.4008392500315642,0.23094245564909016,0.7690575443509098,0.3998,0.1623065514341379,4.241734504699707,calibrated_histogram,0.628,0.3484935445714539,reused validated v21 histogram_zero cell
40000,0,27000,0,0,13000,0,0,10000,10000,0,0,0,10000,0,0.0,0.0,0.0,4aa46a36bd6ab7692e6e9b8d01c77bc74efc702a0031843df833c095ec32a39e,150,10,1000,909,assigned_level_sensitivity,dynamic,periodic,0.0,False,1,True,,True,1.0,25.0,0.0,0.0,0.0,0,10000,0,0.0,0,0.6658262461537969,0.216393529999984,0.6884000000000013,13000,0.3148905849071513,10000,10000,0.24862792002039033,8201,0.40766706476161074,0.24656585271525813,0.7534341472847419,0.388,0.1590391447412204,4.193603277206421,calibrated_histogram,0.628,0.3484935445714539,reused validated v21 histogram_zero cell
40000,0,27000,0,0,13000,0,0,10000,10000,0,0,0,10000,0,0.0,0.0,0.0,59935886a4422cb71f0cc89a8bc7b0c529d05a68340841646e4c8885c5e0c9ac,150,10,1000,1010,assigned_level_sensitivity,dynamic,periodic,0.0,False,1,True,,True,1.0,25.0,0.0,0.0,0.0,0,10000,0,0.0,0,0.6632173307691713,0.21554563249998068,0.6884000000000013,13000,0.3135203941885303,10000,10000,0.24200511180746034,8101,0.39996316707598484,0.2484080020764832,0.7515919979235168,0.396,0.1579580552685245,4.1424829959869385,calibrated_histogram,0.628,0.3484935445714539,reused validated v21 histogram_zero cell
16000,0,184,0,0,15816,0,0,4000,4000,0,0,0,4000,0,0.0,0.0,0.0,358345139b329c40140caebe1f44495eb1cb4ce7057ad9123725a473225c7759,200,4,1000,101,assigned_level_sensitivity,dynamic,periodic,0.0,False,1,True,,True,1.0,25.0,0.0,0.0,0.0,0,4000,0,0.0,0,0.6702655538693805,0.6625574999998826,0.6884000000000013,15816,0.670625408027748,4000,4000,0.49224269884925687,4000,0.49306246484262006,0.6386219032544456,0.36137809674555443,0.069,0.0008197659933631973,2.08461856842041,calibrated_histogram,0.628,0.3484935445714539,reused validated v21 histogram_zero cell
16000,0,104,0,0,15896,0,0,4000,4000,0,0,0,4000,0,0.0,0.0,0.0,34b8939f5e22fe77656bcf596b267a8e14848f4c8183e258a0aa6bf6964bce30,200,4,1000,202,assigned_level_sensitivity,dynamic,periodic,0.0,False,1,True,,True,1.0,25.0,0.0,0.0,0.0,0,4000,0,0.0,0,0.6693395067940413,0.66498879999988,0.6884000000000013,15896,0.6735612527564961,4000,4000,0.49072024229380806,4000,0.4913397955864007,0.6315438646771268,0.36845613532287325,0.06,0.0006195532925926117,2.0548481941223145,calibrated_histogram,0.628,0.3484935445714539,reused validated v21 histogram_zero cell
16000,0,88,0,0,15912,0,0,4000,4000,0,0,0,4000,0,0.0,0.0,0.0,cb9cf6119f28cbbe2f515263b460577c6bf03d42557f7919b99931e42d877f4b,200,4,1000,303,assigned_level_sensitivity,dynamic,periodic,0.0,False,1,True,,True,1.0,25.0,0.0,0.0,0.0,0,4000,0,0.0,0,0.6690401520863567,0.6653604312498816,0.6884000000000013,15912,0.6731858409063955,4000,4000,0.49430680076344824,4000,0.49467573170996354,0.6365931139755348,0.36340688602446525,0.06225,0.0003689309465153001,2.0479705333709717,calibrated_histogram,0.628,0.3484935445714539,reused validated v21 histogram_zero cell
16000,0,120,0,0,15880,0,0,4000,4000,0,0,0,4000,0,0.0,0.0,0.0,19660c8d7c38bf482c258d456033c0235b91bafa3f9150f8928502cb0b6a233e,200,4,1000,404,assigned_level_sensitivity,dynamic,periodic,0.0,False,1,True,,True,1.0,25.0,0.0,0.0,0.0,0,4000,0,0.0,0,0.6693145528966088,0.6642946937498843,0.6884000000000013,15880,0.6724024627203662,4000,4000,0.4887032831612856,4000,0.48979460146772474,0.6340855103559984,0.36591448964400164,0.06575,0.0010913183064391596,2.0536913871765137,calibrated_histogram,0.628,0.3484935445714539,reused validated v21 histogram_zero cell
16000,0,96,0,0,15904,0,0,4000,4000,0,0,0,4000,0,0.0,0.0,0.0,73cdab68096cc443e0e24ada558429cabf1afc7f75cc16ce9d024a0d7cee62f9,200,4,1000,505,assigned_level_sensitivity,dynamic,periodic,0.0,False,1,True,,True,1.0,25.0,0.0,0.0,0.0,0,4000,0,0.0,0,0.6688296780682941,0.6648166999998844,0.6884000000000013,15904,0.6720341443782423,4000,4000,0.49573228725878055,4000,0.49750454704586144,0.6355954364187886,0.3644045635812114,0.062,0.0017722597870808987,2.0908329486846924,calibrated_histogram,0.628,0.3484935445714539,reused validated v21 histogram_zero cell
16000,0,120,0,0,15880,0,0,4000,4000,0,0,0,4000,0,0.0,0.0,0.0,7833957291a032d51d81862cac99e9d8ccb12f68b533b2caf53ee51ae3f9dc9c,200,4,1000,606,assigned_level_sensitivity,dynamic,periodic,0.0,False,1,True,,True,1.0,25.0,0.0,0.0,0.0,0,4000,0,0.0,0,0.6695686397983692,0.6645468749998814,0.6884000000000013,15880,0.6727244550866346,4000,4000,0.4883829550170742,3992,0.49053440096629175,0.6260669980698235,0.37393300193017653,0.06275,0.0021514459492175675,2.065459728240967,calibrated_histogram,0.628,0.3484935445714539,reused validated v21 histogram_zero cell
16000,0,124,0,0,15876,0,0,4000,4000,0,0,0,4000,0,0.0,0.0,0.0,7299403d9d2d4f4ccec9f76133c48d8d07e2ed601a2777f731db87ca14e66056,200,4,1000,707,assigned_level_sensitivity,dynamic,periodic,0.0,False,1,True,,True,1.0,25.0,0.0,0.0,0.0,0,4000,0,0.0,0,0.6700420319978655,0.6648492062498821,0.6884000000000013,15876,0.6725503001372316,4000,4000,0.4929001801906568,4000,0.49375373393208244,0.6388296690312297,0.36117033096877027,0.06075,0.00085355374142565,2.1097097396850586,calibrated_histogram,0.628,0.3484935445714539,reused validated v21 histogram_zero cell
16000,0,128,0,0,15872,0,0,4000,4000,0,0,0,4000,0,0.0,0.0,0.0,332b0fc25c5dccfb6fb5145b59221f17277c51b24f8c2d6148183eada1540c2c,200,4,1000,808,assigned_level_sensitivity,dynamic,periodic,0.0,False,1,True,,True,1.0,25.0,0.0,0.0,0.0,0,4000,0,0.0,0,0.6700377898184314,0.664677487499884,0.6884000000000013,15872,0.6729981315702308,4000,4000,0.49293851178308845,3992,0.4950081666448595,0.6364990346644602,0.36350096533553977,0.066,0.0020696548617710753,2.1019678115844727,calibrated_histogram,0.628,0.3484935445714539,reused validated v21 histogram_zero cell
16000,0,120,0,0,15880,0,0,4000,4000,0,0,0,4000,0,0.0,0.0,0.0,3a15676bda67054cb5929717fc730bfa67cd49969827870cd1819db4b67b2b0f,200,4,1000,909,assigned_level_sensitivity,dynamic,periodic,0.0,False,1,True,,True,1.0,25.0,0.0,0.0,0.0,0,4000,0,0.0,0,0.6694436523928284,0.6644228249998823,0.6884000000000013,15880,0.6713235314894109,4000,4000,0.49024310656860537,3992,0.491919737123812,0.6351017956485676,0.3648982043514324,0.064,0.0016766305552066152,2.2231597900390625,calibrated_histogram,0.628,0.3484935445714539,reused validated v21 histogram_zero cell
16000,0,112,0,0,15888,0,0,4000,4000,0,0,0,4000,0,0.0,0.0,0.0,f74ec5db6e908852b709fb2fc49501319e260c6bb970c5803f31b89af1514827,200,4,1000,1010,assigned_level_sensitivity,dynamic,periodic,0.0,False,1,True,,True,1.0,25.0,0.0,0.0,0.0,0,4000,0,0.0,0,0.6688429821247552,0.6641610812498819,0.6884000000000013,15888,0.6716605852583464,4000,4000,0.4962290231434257,3992,0.4977726926302029,0.6353833947780141,0.3646166052219859,0.06175,0.0015436694867771994,2.18186616897583,calibrated_histogram,0.628,0.3484935445714539,reused validated v21 histogram_zero cell
24000,0,744,0,0,23256,0,0,6000,6000,0,0,0,6000,0,0.0,0.0,0.0,368e16a18b5b73e12179e2ceeeef5d7bbd6d7e12c7147fe591b0919c4402b0f8,200,6,1000,101,assigned_level_sensitivity,dynamic,periodic,0.0,False,1,True,,True,1.0,25.0,0.0,0.0,0.0,0,6000,0,0.0,0,0.6340241701065376,0.6143694208332349,0.6884000000000013,23256,0.6371234661023361,6000,6000,0.4731952814592339,5972,0.47988279452613414,0.6314383143734998,0.36856168562650016,0.07866666666666666,0.006687513066900241,3.2778265476226807,calibrated_histogram,0.628,0.3484935445714539,reused validated v21 histogram_zero cell
24000,0,748,0,0,23252,0,0,6000,6000,0,0,0,6000,0,0.0,0.0,0.0,1647dacc78c42fdbc64e7d28ec9e5575601944c739c0044734f158d076fd1351,200,6,1000,202,assigned_level_sensitivity,dynamic,periodic,0.0,False,1,True,,True,1.0,25.0,0.0,0.0,0.0,0,6000,0,0.0,0,0.6342186951659053,0.6144522124999012,0.6884000000000013,23252,0.6377387770474721,6000,6000,0.47442639915046886,5956,0.48249783256755086,0.6288147335241722,0.37118526647582784,0.074,0.008071433417081997,3.199838638305664,calibrated_histogram,0.628,0.3484935445714539,reused validated v21 histogram_zero cell
24000,0,786,0,0,23214,0,0,6000,6000,0,0,0,6000,0,0.0,0.0,0.0,b40e3956fc736148fe48725c99a765faa7ca344bcdde335f7de5815dce321912,200,6,1000,303,assigned_level_sensitivity,dynamic,periodic,0.0,False,1,True,,True,1.0,25.0,0.0,0.0,0.0,0,6000,0,0.0,0,0.6343549711380033,0.6135798458332337,0.6884000000000013,23214,0.636601707309778,6000,6000,0.474591042639003,5960,0.48295158099742247,0.6268735393545576,0.3731264606454424,0.07933333333333334,0.00836053835841949,3.292649269104004,calibrated_histogram,0.628,0.3484935445714539,reused validated v21 histogram_zero cell
24000,0,748,0,0,23252,0,0,6000,6000,0,0,0,6000,0,0.0,0.0,0.0,90dd8c8ff63030dd9dbbd25c0b5e9d426cebafe711c88974834a56210f18bdc1,200,6,1000,404,assigned_level_sensitivity,dynamic,periodic,0.0,False,1,True,,True,1.0,25.0,0.0,0.0,0.0,0,6000,0,0.0,0,0.6335335541027656,0.613788424999896,0.6884000000000013,23252,0.6371230735485428,6000,6000,0.4761558529021801,5991,0.4814815251658199,0.6357067599974097,0.36429324000259034,0.07466666666666667,0.00532567226363978,3.273059368133545,calibrated_histogram,0.628,0.3484935445714539,reused validated v21 histogram_zero cell
24000,0,744,0,0,23256,0,0,6000,6000,0,0,0,6000,0,0.0,0.0,0.0,64fec059e2099a382af339a6780c28497caac0c5ebb5f50adb7d0e94049738cd,200,6,1000,505,assigned_level_sensitivity,dynamic,periodic,0.0,False,1,True,,True,1.0,25.0,0.0,0.0,0.0,0,6000,0,0.0,0,0.6340066262468862,0.6143524208332327,0.6884000000000013,23256,0.6374105172349316,6000,6000,0.47336964827132766,5980,0.47977491313749976,0.6319446384896777,0.36805536151032225,0.07733333333333334,0.0064052648661721,3.3628647327423096,calibrated_histogram,0.628,0.3484935445714539,reused validated v21 histogram_zero cell
24000,0,824,0,0,23176,0,0,6000,6000,0,0,0,6000,0,0.0,0.0,0.0,ae880915da58fff9f20affe7a5a25900cde6365bd54144492baa5036a1d84adc,200,6,1000,606,assigned_level_sensitivity,dynamic,periodic,0.0,False,1,True,,True,1.0,25.0,0.0,0.0,0.0,0,6000,0,0.0,0,0.6343294917154642,0.6125508458332332,0.6884000000000013,23176,0.6366381840583205,6000,6000,0.4724689288825538,5948,0.4823209244344161,0.6265917856758103,0.3734082143241897,0.07816666666666666,0.00985199555186228,3.266875743865967,calibrated_histogram,0.628,0.3484935445714539,reused validated v21 histogram_zero cell
24000,0,726,0,0,23274,0,0,6000,6000,0,0,0,6000,0,0.0,0.0,0.0,c0f27110c744a3fc7a33aecc95f2268b53928f9aef18cbadd02b335ecd207f0e,200,6,1000,707,assigned_level_sensitivity,dynamic,periodic,0.0,False,1,True,,True,1.0,25.0,0.0,0.0,0.0,0,6000,0,0.0,0,0.6339929449169712,0.6148146583332329,0.6884000000000013,23274,0.637388541609587,6000,6000,0.4732552611902027,5960,0.48180287024541085,0.6348423348478616,0.36515766515213843,0.07533333333333334,0.008547609055208127,3.2720682621002197,calibrated_histogram,0.628,0.3484935445714539,reused validated v21 histogram_zero cell
24000,0,799,0,0,23201,0,0,6000,6000,0,0,0,6000,0,0.0,0.0,0.0,063cb3f34bb5042d5a315795e5ea1e803957554d0c67c50190b2b486a6968f17,200,6,1000,808,assigned_level_sensitivity,dynamic,periodic,0.0,False,1,True,,True,1.0,25.0,0.0,0.0,0.0,0,6000,0,0.0,0,0.6344464290331303,0.6133246499999023,0.6884000000000013,23201,0.6372497009893732,6000,6000,0.47410501383927606,5972,0.48128591009843635,0.6310819580300149,0.3689180419699851,0.078,0.0071808962591602965,3.2632739543914795,calibrated_histogram,0.628,0.3484935445714539,reused validated v21 histogram_zero cell
24000,0,675,0,0,23325,0,0,6000,6000,0,0,0,6000,0,0.0,0.0,0.0,43ca3bc1908129b5c2ac96d7e4719f6173824add31150444bda10a9206dc8922,200,6,1000,909,assigned_level_sensitivity,dynamic,periodic,0.0,False,1,True,,True,1.0,25.0,0.0,0.0,0.0,0,6000,0,0.0,0,0.6337454576633497,0.6159213666665679,0.6884000000000013,23325,0.6382039451904574,6000,6000,0.4746950991386134,5980,0.4803925212628899,0.6395214420051482,0.36047855799485184,0.07816666666666666,0.0056974221242764855,3.2459187507629395,calibrated_histogram,0.628,0.3484935445714539,reused validated v21 histogram_zero cell
24000,0,748,0,0,23252,0,0,6000,6000,0,0,0,6000,0,0.0,0.0,0.0,da29db140ec3433f5a7bef5bfca040b9d439fbd33929da0e9b1ac51f823030f9,200,6,1000,1010,assigned_level_sensitivity,dynamic,periodic,0.0,False,1,True,,True,1.0,25.0,0.0,0.0,0.0,0,6000,0,0.0,0,0.6339545716496466,0.6141963208332326,0.6884000000000013,23252,0.6374387942257188,6000,6000,0.4755610188872286,5960,0.4833595298602306,0.6331554464011623,0.3668445535988377,0.07683333333333334,0.007798510973001993,3.411759614944458,calibrated_histogram,0.628,0.3484935445714539,reused validated v21 histogram_zero cell
32000,0,3328,0,0,28672,0,0,8000,8000,0,0,0,8000,0,0.0,0.0,0.0,48536fc5e075a2292b527fb68f9e0371d396b2957068a8b27317e7a61bf9ac13,200,8,1000,101,assigned_level_sensitivity,dynamic,periodic,0.0,False,1,True,,True,1.0,25.0,0.0,0.0,0.0,0,8000,0,0.0,0,0.6114769845143219,0.5478833781248323,0.6884000000000013,28672,0.5960519347668838,8000,8000,0.42336306015832337,7824,0.4414867990569587,0.6161611709347413,0.3838388290652587,0.111125,0.018123738898635333,4.159426927566528,calibrated_histogram,0.628,0.3484935445714539,reused validated v21 histogram_zero cell
32000,0,3232,0,0,28768,0,0,8000,8000,0,0,0,8000,0,0.0,0.0,0.0,570e9630deff505ba1c5363a004cd8917cdc4ddeaaa2dfbdb2999707f9626552,200,8,1000,202,assigned_level_sensitivity,dynamic,periodic,0.0,False,1,True,,True,1.0,25.0,0.0,0.0,0.0,0,8000,0,0.0,0,0.6111791643490926,0.5494500687498343,0.6884000000000013,28768,0.596829699212707,8000,8000,0.4259450744664038,7800,0.44770855105214613,0.6152341481667032,0.3847658518332968,0.107,0.021763476585742347,4.250283718109131,calibrated_histogram,0.628,0.3484935445714539,reused validated v21 histogram_zero cell
32000,0,3264,0,0,28736,0,0,8000,8000,0,0,0,8000,0,0.0,0.0,0.0,7258aada57693e7fc41c3edb014bd97cd32dde8bd5dca77e2f1cb8b3ef00eaf8,200,8,1000,303,assigned_level_sensitivity,dynamic,periodic,0.0,False,1,True,,True,1.0,25.0,0.0,0.0,0.0,0,8000,0,0.0,0,0.6112432488862284,0.5488964374998331,0.6884000000000013,28736,0.5954160103473167,8000,8000,0.42480500299721313,7824,0.4465902861375166,0.6030065887045809,0.3969934112954191,0.106,0.02178528314030348,4.205856800079346,calibrated_histogram,0.628,0.3484935445714539,reused validated v21 histogram_zero cell
32000,0,3328,0,0,28672,0,0,8000,8000,0,0,0,8000,0,0.0,0.0,0.0,620f015056b4913eca566e19dd498b9d34ce3df10a7782d95a50b5b4aece1a2a,200,8,1000,404,assigned_level_sensitivity,dynamic,periodic,0.0,False,1,True,,True,1.0,25.0,0.0,0.0,0.0,0,8000,0,0.0,0,0.6114959960935634,0.5479004124998328,0.6884000000000013,28672,0.5948635781198814,8000,8000,0.42369932794653037,7808,0.44627387989579825,0.5959892983057852,0.4040107016942148,0.109875,0.022574551949267885,4.135303497314453,calibrated_histogram,0.628,0.3484935445714539,reused validated v21 histogram_zero cell
32000,0,3304,0,0,28696,0,0,8000,8000,0,0,0,8000,0,0.0,0.0,0.0,4c81619bc200eebb3080c210bdc746b4414b0cc7c3fbb63c2a1ce3f91c436327,200,8,1000,505,assigned_level_sensitivity,dynamic,periodic,0.0,False,1,True,,True,1.0,25.0,0.0,0.0,0.0,0,8000,0,0.0,0,0.6113623396987253,0.5482391781248319,0.6884000000000013,28696,0.5953639091979601,8000,8000,0.42351953407607645,7839,0.44498229238415143,0.6053804711173734,0.39461952888262664,0.104,0.02146275830807498,4.2370617389678955,calibrated_histogram,0.628,0.3484935445714539,reused validated v21 histogram_zero cell
32000,0,3264,0,0,28736,0,0,8000,8000,0,0,0,8000,0,0.0,0.0,0.0,820400f60474dd2d047d6af68da1f0bbcc78c2597c68a44e9fae693f09b01e62,200,8,1000,606,assigned_level_sensitivity,dynamic,periodic,0.0,False,1,True,,True,1.0,25.0,0.0,0.0,0.0,0,8000,0,0.0,0,0.6112950932626217,0.5489429937498342,0.6884000000000013,28736,0.596748087833478,8000,8000,0.42336576528772185,7792,0.4470105898925122,0.604053778705678,0.395946221294322,0.104875,0.023644824604790338,4.191445350646973,calibrated_histogram,0.628,0.3484935445714539,reused validated v21 histogram_zero cell
32000,0,3232,0,0,28768,0,0,8000,8000,0,0,0,8000,0,0.0,0.0,0.0,265cd3c30607304ee4b6dbfbe241a7f7f4ee382cc1c459bb4718426a447809b3,200,8,1000,707,assigned_level_sensitivity,dynamic,periodic,0.0,False,1,True,,True,1.0,25.0,0.0,0.0,0.0,0,8000,0,0.0,0,0.6111727023079356,0.5494442593748341,0.6884000000000013,28768,0.5955154883581301,8000,8000,0.4247138077957977,7808,0.44724371841414434,0.61593586381231,0.38406413618769,0.109,0.022529910618346638,4.375112771987915,calibrated_histogram,0.628,0.3484935445714539,reused validated v21 histogram_zero cell
32000,0,3304,0,0,28696,0,0,8000,8000,0,0,0,8000,0,0.0,0.0,0.0,f4866bde13e803cb907ec64e47284a1135ec88db541e26e30e289fa70c4a5ff8,200,8,1000,808,assigned_level_sensitivity,dynamic,periodic,0.0,False,1,True,,True,1.0,25.0,0.0,0.0,0.0,0,8000,0,0.0,0,0.6114717765540373,0.548337315624833,0.6884000000000013,28696,0.5957758484648343,8000,8000,0.42346113963965587,7816,0.44350571952551804,0.618527398005498,0.38147260199450195,0.111125,0.020044579885862168,4.278206825256348,calibrated_histogram,0.628,0.3484935445714539,reused validated v21 histogram_zero cell
32000,0,3200,0,0,28800,0,0,8000,8000,0,0,0,8000,0,0.0,0.0,0.0,a8c124acc17ac65b2cb1529125ce780607cdb86f117209ab5b3479ea9aad8a28,200,8,1000,909,assigned_level_sensitivity,dynamic,periodic,0.0,False,1,True,,True,1.0,25.0,0.0,0.0,0.0,0,8000,0,0.0,0,0.6110982118053719,0.5499883906248347,0.6884000000000013,28800,0.5959598524915796,8000,8000,0.4228962176637654,7824,0.4448880683741412,0.6100374742902086,0.3899625257097914,0.108,0.021991850710375793,4.296220779418945,calibrated_histogram,0.628,0.3484935445714539,reused validated v21 histogram_zero cell
32000,0,3344,0,0,28656,0,0,8000,8000,0,0,0,8000,0,0.0,0.0,0.0,d3b8735acadda44f30d6c9e91006c692298437fd0395e4753048eb08f289bf45,200,8,1000,1010,assigned_level_sensitivity,dynamic,periodic,0.0,False,1,True,,True,1.0,25.0,0.0,0.0,0.0,0,8000,0,0.0,0,0.611398115577702,0.547507012499832,0.6884000000000013,28656,0.595306097841923,8000,8000,0.42431234388703126,7815,0.4449469152693095,0.613727539762238,0.38627246023776196,0.112125,0.020634571382278255,4.333585977554321,calibrated_histogram,0.628,0.3484935445714539,reused validated v21 histogram_zero cell
40000,0,15000,0,0,25000,0,0,10000,10000,0,0,0,10000,0,0.0,0.0,0.0,ba24034ae3cf4562ab6a0153556be98ed2c4b4bffe7e7bdc8e8a9fe95da3ae23,200,10,1000,101,assigned_level_sensitivity,dynamic,periodic,0.0,False,1,True,,True,1.0,25.0,0.0,0.0,0.0,0,10000,0,0.0,0,0.6227599999997173,0.38922499999982335,0.6884000000000013,25000,0.4882203766788728,10000,10000,0.363719869356748,9340,0.4286007375912753,0.4614116772176444,0.5385883227823556,0.196,0.06488086823452732,4.832052230834961,calibrated_histogram,0.628,0.3484935445714539,reused validated v21 histogram_zero cell
40000,0,15000,0,0,25000,0,0,10000,10000,0,0,0,10000,0,0.0,0.0,0.0,a31dd7180ec5a17c6109cc36edd6a1a2865732b406c1cba67be0cad853f4b566,200,10,1000,202,assigned_level_sensitivity,dynamic,periodic,0.0,False,1,True,,True,1.0,25.0,0.0,0.0,0.0,0,10000,0,0.0,0,0.6227599999997173,0.38922499999982335,0.6884000000000013,25000,0.4883814759378844,10000,10000,0.36300487596816466,9320,0.42416115974675417,0.4718503079157844,0.5281496920842156,0.2,0.061156283778589504,4.938866138458252,calibrated_histogram,0.628,0.3484935445714539,reused validated v21 histogram_zero cell
40000,0,15000,0,0,25000,0,0,10000,10000,0,0,0,10000,0,0.0,0.0,0.0,50217851ecebf8d2338a275cd29e82ffabe16ff153d1881d800178b818384e08,200,10,1000,303,assigned_level_sensitivity,dynamic,periodic,0.0,False,1,True,,True,1.0,25.0,0.0,0.0,0.0,0,10000,0,0.0,0,0.6227599999997173,0.38922499999982335,0.6884000000000013,25000,0.4881345259616333,10000,10000,0.36075013325459665,9400,0.42066994293752186,0.4665535942768457,0.5334464057231543,0.204,0.05991980968292521,4.797310829162598,calibrated_histogram,0.628,0.3484935445714539,reused validated v21 histogram_zero cell
40000,0,15000,0,0,25000,0,0,10000,10000,0,0,0,10000,0,0.0,0.0,0.0,666c91aca3d98fc592001468c87d42b3811143a5760cc295453880e244dc758a,200,10,1000,404,assigned_level_sensitivity,dynamic,periodic,0.0,False,1,True,,True,1.0,25.0,0.0,0.0,0.0,0,10000,0,0.0,0,0.6227599999997173,0.38922499999982335,0.6884000000000013,25000,0.48811698157127204,10000,10000,0.36572471862630257,9460,0.42492686744559877,0.46261856301131604,0.537381436988684,0.192,0.059202148819296196,4.7213826179504395,calibrated_histogram,0.628,0.3484935445714539,reused validated v21 histogram_zero cell
40000,0,15000,0,0,25000,0,0,10000,10000,0,0,0,10000,0,0.0,0.0,0.0,04672988e5cbc3ed558a7a8a37b1047a717d071003dab2e756353934eb08b021,200,10,1000,505,assigned_level_sensitivity,dynamic,periodic,0.0,False,1,True,,True,1.0,25.0,0.0,0.0,0.0,0,10000,0,0.0,0,0.6227599999997173,0.38922499999982335,0.6884000000000013,25000,0.48778242629925433,10000,10000,0.36342742236534864,9360,0.4279363550626093,0.4691364221927521,0.5308635778072479,0.196,0.06450893269726066,4.835556268692017,calibrated_histogram,0.628,0.3484935445714539,reused validated v21 histogram_zero cell
40000,0,15000,0,0,25000,0,0,10000,10000,0,0,0,10000,0,0.0,0.0,0.0,4774fcd2535e12b211f86580e78668e1e9bd961da670be7bd6bd7a6c26dc59af,200,10,1000,606,assigned_level_sensitivity,dynamic,periodic,0.0,False,1,True,,True,1.0,25.0,0.0,0.0,0.0,0,10000,0,0.0,0,0.6227599999997173,0.38922499999982335,0.6884000000000013,25000,0.48847930492726943,10000,10000,0.3542389556599362,9360,0.4203216278915283,0.4512354918389314,0.5487645081610686,0.21,0.06608267223159214,4.806772232055664,calibrated_histogram,0.628,0.3484935445714539,reused validated v21 histogram_zero cell
40000,0,15000,0,0,25000,0,0,10000,10000,0,0,0,10000,0,0.0,0.0,0.0,c605b9756ab83b71cebd84bc5abee05ba757a64ae099f5222f6e8681ffb7d720,200,10,1000,707,assigned_level_sensitivity,dynamic,periodic,0.0,False,1,True,,True,1.0,25.0,0.0,0.0,0.0,0,10000,0,0.0,0,0.6227599999997173,0.38922499999982335,0.6884000000000013,25000,0.4879705780899858,10000,10000,0.3578902625564541,9307,0.42465099380756205,0.4602129598696873,0.5397870401303126,0.2013,0.06676073125110793,4.757296085357666,calibrated_histogram,0.628,0.3484935445714539,reused validated v21 histogram_zero cell
40000,0,15000,0,0,25000,0,0,10000,10000,0,0,0,10000,0,0.0,0.0,0.0,e605a1726b1f4167ef338b823102f2cdcf91485c2169dd1f43f679edd32d0c6b,200,10,1000,808,assigned_level_sensitivity,dynamic,periodic,0.0,False,1,True,,True,1.0,25.0,0.0,0.0,0.0,0,10000,0,0.0,0,0.6227599999997173,0.38922499999982335,0.6884000000000013,25000,0.48780632934681023,10000,10000,0.3645792514983912,9460,0.42546695706840726,0.465766505597446,0.534233494402554,0.194,0.06088770557001605,4.962679624557495,calibrated_histogram,0.628,0.3484935445714539,reused validated v21 histogram_zero cell
40000,0,15000,0,0,25000,0,0,10000,10000,0,0,0,10000,0,0.0,0.0,0.0,4aa46a36bd6ab7692e6e9b8d01c77bc74efc702a0031843df833c095ec32a39e,200,10,1000,909,assigned_level_sensitivity,dynamic,periodic,0.0,False,1,True,,True,1.0,25.0,0.0,0.0,0.0,0,10000,0,0.0,0,0.6227599999997173,0.38922499999982335,0.6884000000000013,25000,0.488100419349091,10000,10000,0.37006081777009653,9420,0.4286589228164076,0.46292716705526543,0.5370728329447345,0.192,0.05859810504631108,4.878399848937988,calibrated_histogram,0.628,0.3484935445714539,reused validated v21 histogram_zero cell
40000,0,15000,0,0,25000,0,0,10000,10000,0,0,0,10000,0,0.0,0.0,0.0,59935886a4422cb71f0cc89a8bc7b0c529d05a68340841646e4c8885c5e0c9ac,200,10,1000,1010,assigned_level_sensitivity,dynamic,periodic,0.0,False,1,True,,True,1.0,25.0,0.0,0.0,0.0,0,10000,0,0.0,0,0.6227599999997173,0.38922499999982335,0.6884000000000013,25000,0.48806115176043546,10000,10000,0.3633108773364362,9380,0.42697996546301803,0.4768707286179394,0.5231292713820606,0.204,0.06366908812658184,5.096684217453003,calibrated_histogram,0.628,0.3484935445714539,reused validated v21 histogram_zero cell
16000,0,208,0,0,15792,0,0,4000,4000,0,0,0,4000,0,0.0,0.0,0.0,358345139b329c40140caebe1f44495eb1cb4ce7057ad9123725a473225c7759,250,4,1000,101,assigned_level_sensitivity,dynamic,periodic,0.0,False,1,True,,True,1.0,25.0,0.0,0.0,0.0,0,4000,0,0.0,0,0.684100905521623,0.6752075937498419,0.6884000000000013,15792,0.6772844960213866,4000,4000,0.4919614151036486,4000,0.4948085291458196,0.6314067073242603,0.3685932926757397,0.066,0.002847114042170973,2.181126117706299,calibrated_histogram,0.628,0.3484935445714539,reused validated v21 histogram_zero cell
16000,0,168,0,0,15832,0,0,4000,4000,0,0,0,4000,0,0.0,0.0,0.0,34b8939f5e22fe77656bcf596b267a8e14848f4c8183e258a0aa6bf6964bce30,250,4,1000,202,assigned_level_sensitivity,dynamic,periodic,0.0,False,1,True,,True,1.0,25.0,0.0,0.0,0.0,0,4000,0,0.0,0,0.6840230987871044,0.6768408562498398,0.6884000000000013,15832,0.6790436010800481,4000,4000,0.4950881309017435,4000,0.49675336812593823,0.6303862285939945,0.3696137714060055,0.062,0.00166523722419476,2.1851441860198975,calibrated_histogram,0.628,0.3484935445714539,reused validated v21 histogram_zero cell
16000,0,168,0,0,15832,0,0,4000,4000,0,0,0,4000,0,0.0,0.0,0.0,cb9cf6119f28cbbe2f515263b460577c6bf03d42557f7919b99931e42d877f4b,250,4,1000,303,assigned_level_sensitivity,dynamic,periodic,0.0,False,1,True,,True,1.0,25.0,0.0,0.0,0.0,0,4000,0,0.0,0,0.6841910497724502,0.6770070437498394,0.6884000000000013,15832,0.6784112568740905,4000,4000,0.49441389423393256,4000,0.4959888979326233,0.6320868478874677,0.3679131521125323,0.062,0.0015750036986907356,2.1991376876831055,calibrated_histogram,0.628,0.3484935445714539,reused validated v21 histogram_zero cell
16000,0,192,0,0,15808,0,0,4000,4000,0,0,0,4000,0,0.0,0.0,0.0,19660c8d7c38bf482c258d456033c0235b91bafa3f9150f8928502cb0b6a233e,250,4,1000,404,assigned_level_sensitivity,dynamic,periodic,0.0,False,1,True,,True,1.0,25.0,0.0,0.0,0.0,0,4000,0,0.0,0,0.6841496837042931,0.6759398874998416,0.6884000000000013,15808,0.6776134979368615,4000,4000,0.4938085475252438,4000,0.49576625308130806,0.6305042939565618,0.3694957060434382,0.064,0.001957705556064282,2.1876509189605713,calibrated_histogram,0.628,0.3484935445714539,reused validated v21 histogram_zero cell
16000,0,200,0,0,15800,0,0,4000,4000,0,0,0,4000,0,0.0,0.0,0.0,73cdab68096cc443e0e24ada558429cabf1afc7f75cc16ce9d024a0d7cee62f9,250,4,1000,505,assigned_level_sensitivity,dynamic,periodic,0.0,False,1,True,,True,1.0,25.0,0.0,0.0,0.0,0,4000,0,0.0,0,0.683916107594775,0.6753671562498402,0.6884000000000013,15800,0.6770285685168266,4000,4000,0.49065830107917213,4000,0.49249861010187407,0.6216160400248895,0.37838395997511054,0.06425,0.0018403090227019359,2.2080435752868652,calibrated_histogram,0.628,0.3484935445714539,reused validated v21 histogram_zero cell
16000,0,184,0,0,15816,0,0,4000,4000,0,0,0,4000,0,0.0,0.0,0.0,7833957291a032d51d81862cac99e9d8ccb12f68b533b2caf53ee51ae3f9dc9c,250,4,1000,606,assigned_level_sensitivity,dynamic,periodic,0.0,False,1,True,,True,1.0,25.0,0.0,0.0,0.0,0,4000,0,0.0,0,0.6840190692967527,0.6761528499998402,0.6884000000000013,15816,0.6779435794862881,4000,4000,0.49269074061891377,4000,0.49399872341088835,0.6232665750415984,0.37673342495840156,0.064,0.0013079827919745823,2.176450490951538,calibrated_histogram,0.628,0.3484935445714539,reused validated v21 histogram_zero cell
16000,0,168,0,0,15832,0,0,4000,4000,0,0,0,4000,0,0.0,0.0,0.0,7299403d9d2d4f4ccec9f76133c48d8d07e2ed601a2777f731db87ca14e66056,250,4,1000,707,assigned_level_sensitivity,dynamic,periodic,0.0,False,1,True,,True,1.0,25.0,0.0,0.0,0.0,0,4000,0,0.0,0,0.6841177930771506,0.6769345562498406,0.6884000000000013,15832,0.6784280481070992,4000,4000,0.496196290791906,4000,0.4972700946472273,0.6338711401724243,0.3661288598275757,0.06,0.001073803855321298,2.0151968002319336,calibrated_histogram,0.628,0.3484935445714539,reused validated v21 histogram_zero cell
16000,0,128,0,0,15872,0,0,4000,4000,0,0,0,4000,0,0.0,0.0,0.0,332b0fc25c5dccfb6fb5145b59221f17277c51b24f8c2d6148183eada1540c2c,250,4,1000,808,assigned_level_sensitivity,dynamic,periodic,0.0,False,1,True,,True,1.0,25.0,0.0,0.0,0.0,0,4000,0,0.0,0,0.6839077431954025,0.6784364812498392,0.6884000000000013,15872,0.6796157688380083,4000,4000,0.4929358858183809,4000,0.4940236943805,0.6315431743569162,0.3684568256430838,0.066,0.001087808562119097,2.0452616214752197,calibrated_histogram,0.628,0.3484935445714539,reused validated v21 histogram_zero cell
16000,0,176,0,0,15824,0,0,4000,4000,0,0,0,4000,0,0.0,0.0,0.0,3a15676bda67054cb5929717fc730bfa67cd49969827870cd1819db4b67b2b0f,250,4,1000,909,assigned_level_sensitivity,dynamic,periodic,0.0,False,1,True,,True,1.0,25.0,0.0,0.0,0.0,0,4000,0,0.0,0,0.6838755245195574,0.6763528937498422,0.6884000000000013,15824,0.6782622740552141,4000,4000,0.49424753992342835,3992,0.49647778791246727,0.6297494957777543,0.3702505042222457,0.064,0.002230247989038925,2.0855486392974854,calibrated_histogram,0.628,0.3484935445714539,reused validated v21 histogram_zero cell
16000,0,160,0,0,15840,0,0,4000,4000,0,0,0,4000,0,0.0,0.0,0.0,f74ec5db6e908852b709fb2fc49501319e260c6bb970c5803f31b89af1514827,250,4,1000,1010,assigned_level_sensitivity,dynamic,periodic,0.0,False,1,True,,True,1.0,25.0,0.0,0.0,0.0,0,4000,0,0.0,0,0.684214741161453,0.6773725937498384,0.6884000000000013,15840,0.6794319202087471,4000,4000,0.4948576721388244,4000,0.49525924171989155,0.6340655837994746,0.36593441620052536,0.064,0.00040156958106712937,2.0242865085601807,calibrated_histogram,0.628,0.3484935445714539,reused validated v21 histogram_zero cell
24000,0,328,0,0,23672,0,0,6000,6000,0,0,0,6000,0,0.0,0.0,0.0,368e16a18b5b73e12179e2ceeeef5d7bbd6d7e12c7147fe591b0919c4402b0f8,250,6,1000,101,assigned_level_sensitivity,dynamic,periodic,0.0,False,1,True,,True,1.0,25.0,0.0,0.0,0.0,0,6000,0,0.0,0,0.654553210544046,0.645607649999944,0.6884000000000013,23672,0.6596355631008833,6000,6000,0.49170688197917767,5988,0.4936801572033503,0.6455337463824817,0.35446625361751827,0.06716666666666667,0.0019732752241726215,3.38155460357666,calibrated_histogram,0.628,0.3484935445714539,reused validated v21 histogram_zero cell
24000,0,352,0,0,23648,0,0,6000,6000,0,0,0,6000,0,0.0,0.0,0.0,1647dacc78c42fdbc64e7d28ec9e5575601944c739c0044734f158d076fd1351,250,6,1000,202,assigned_level_sensitivity,dynamic,periodic,0.0,False,1,True,,True,1.0,25.0,0.0,0.0,0.0,0,6000,0,0.0,0,0.6548689994925039,0.6452642541666138,0.6884000000000013,23648,0.6591079306006068,6000,6000,0.4901101938311274,5988,0.4933540147372663,0.641889879130907,0.358110120869093,0.06716666666666667,0.0032438209061388945,3.3425850868225098,calibrated_histogram,0.628,0.3484935445714539,reused validated v21 histogram_zero cell
24000,0,316,0,0,23684,0,0,6000,6000,0,0,0,6000,0,0.0,0.0,0.0,b40e3956fc736148fe48725c99a765faa7ca344bcdde335f7de5815dce321912,250,6,1000,303,assigned_level_sensitivity,dynamic,periodic,0.0,False,1,True,,True,1.0,25.0,0.0,0.0,0.0,0,6000,0,0.0,0,0.6546882114507139,0.6460681499999462,0.6884000000000013,23684,0.6605098598659283,6000,6000,0.4916552946704342,5996,0.4935443568368961,0.6421568922407817,0.35784310775921835,0.0655,0.0018890621664619522,3.4234843254089355,calibrated_histogram,0.628,0.3484935445714539,reused validated v21 histogram_zero cell
24000,0,392,0,0,23608,0,0,6000,6000,0,0,0,6000,0,0.0,0.0,0.0,90dd8c8ff63030dd9dbbd25c0b5e9d426cebafe711c88974834a56210f18bdc1,250,6,1000,404,assigned_level_sensitivity,dynamic,periodic,0.0,False,1,True,,True,1.0,25.0,0.0,0.0,0.0,0,6000,0,0.0,0,0.6547280964079407,0.644034204166611,0.6884000000000013,23608,0.6585040451532895,6000,6000,0.48629579890692354,5992,0.48907361325310456,0.6340676994076819,0.36593230059231807,0.07016666666666667,0.002777814346181018,3.6373400688171387,calibrated_histogram,0.628,0.3484935445714539,reused validated v21 histogram_zero cell
24000,0,348,0,0,23652,0,0,6000,6000,0,0,0,6000,0,0.0,0.0,0.0,64fec059e2099a382af339a6780c28497caac0c5ebb5f50adb7d0e94049738cd,250,6,1000,505,assigned_level_sensitivity,dynamic,periodic,0.0,False,1,True,,True,1.0,25.0,0.0,0.0,0.0,0,6000,0,0.0,0,0.6546726619312863,0.6451799083332825,0.6884000000000013,23652,0.6599220479564877,6000,6000,0.48887641071044285,5988,0.49229481151199894,0.6373693601628722,0.36263063983712784,0.06816666666666667,0.0034184008015560874,3.4387481212615967,calibrated_histogram,0.628,0.3484935445714539,reused validated v21 histogram_zero cell
24000,0,372,0,0,23628,0,0,6000,6000,0,0,0,6000,0,0.0,0.0,0.0,ae880915da58fff9f20affe7a5a25900cde6365bd54144492baa5036a1d84adc,250,6,1000,606,assigned_level_sensitivity,dynamic,periodic,0.0,False,1,True,,True,1.0,25.0,0.0,0.0,0.0,0,6000,0,0.0,0,0.6550364271203086,0.6448833624999438,0.6884000000000013,23628,0.659222972965536,6000,6000,0.4889883679442728,5992,0.49174914921550555,0.6385181628948532,0.3614818371051468,0.06866666666666667,0.0027607812712327484,3.4497265815734863,calibrated_histogram,0.628,0.3484935445714539,reused validated v21 histogram_zero cell
24000,0,360,0,0,23640,0,0,6000,6000,0,0,0,6000,0,0.0,0.0,0.0,c0f27110c744a3fc7a33aecc95f2268b53928f9aef18cbadd02b335ecd207f0e,250,6,1000,707,assigned_level_sensitivity,dynamic,periodic,0.0,False,1,True,,True,1.0,25.0,0.0,0.0,0.0,0,6000,0,0.0,0,0.6549252411166969,0.6451013624999464,0.6884000000000013,23640,0.6598869553227366,6000,6000,0.4887786060273365,5984,0.4918897050754656,0.6396283283016202,0.3603716716983798,0.06866666666666667,0.0031110990481290623,3.4970555305480957,calibrated_histogram,0.628,0.3484935445714539,reused validated v21 histogram_zero cell
24000,0,412,0,0,23588,0,0,6000,6000,0,0,0,6000,0,0.0,0.0,0.0,063cb3f34bb5042d5a315795e5ea1e803957554d0c67c50190b2b486a6968f17,250,6,1000,808,assigned_level_sensitivity,dynamic,periodic,0.0,False,1,True,,True,1.0,25.0,0.0,0.0,0.0,0,6000,0,0.0,0,0.6550494191961458,0.6438044041666119,0.6884000000000013,23588,0.6590559971752838,6000,6000,0.48738352423331116,5992,0.4904833501302723,0.6399125685068968,0.3600874314931032,0.07066666666666667,0.003099825896961117,3.5658302307128906,calibrated_histogram,0.628,0.3484935445714539,reused validated v21 histogram_zero cell
24000,0,348,0,0,23652,0,0,6000,6000,0,0,0,6000,0,0.0,0.0,0.0,43ca3bc1908129b5c2ac96d7e4719f6173824add31150444bda10a9206dc8922,250,6,1000,909,assigned_level_sensitivity,dynamic,periodic,0.0,False,1,True,,True,1.0,25.0,0.0,0.0,0.0,0,6000,0,0.0,0,0.6548726365634503,0.6453769833332803,0.6884000000000013,23652,0.6596107659264638,6000,6000,0.48928187676357476,5988,0.492833744177922,0.642267082457863,0.357732917542137,0.06666666666666667,0.0035518674143472095,3.4968008995056152,calibrated_histogram,0.628,0.3484935445714539,reused validated v21 histogram_zero cell
24000,0,364,0,0,23636,0,0,6000,6000,0,0,0,6000,0,0.0,0.0,0.0,da29db140ec3433f5a7bef5bfca040b9d439fbd33929da0e9b1ac51f823030f9,250,6,1000,1010,assigned_level_sensitivity,dynamic,periodic,0.0,False,1,True,,True,1.0,25.0,0.0,0.0,0.0,0,6000,0,0.0,0,0.6547076366558925,0.6447779041666114,0.6884000000000013,23636,0.6595724442444877,6000,6000,0.4903700127746138,5992,0.4931001156800562,0.6382837493841725,0.36171625061582746,0.06883333333333333,0.0027301029054423998,3.477341651916504,calibrated_histogram,0.628,0.3484935445714539,reused validated v21 histogram_zero cell
32000,0,1472,0,0,30528,0,0,8000,8000,0,0,0,8000,0,0.0,0.0,0.0,48536fc5e075a2292b527fb68f9e0371d396b2957068a8b27317e7a61bf9ac13,250,8,1000,101,assigned_level_sensitivity,dynamic,periodic,0.0,False,1,True,,True,1.0,25.0,0.0,0.0,0.0,0,8000,0,0.0,0,0.6291861667975055,0.6002436031248202,0.6884000000000013,30528,0.6280715094504111,8000,8000,0.470024805668835,7915,0.4809914764074372,0.630869426983121,0.369130573016879,0.086,0.010966670738602247,4.99312424659729,calibrated_histogram,0.628,0.3484935445714539,reused validated v21 histogram_zero cell
32000,0,1416,0,0,30584,0,0,8000,8000,0,0,0,8000,0,0.0,0.0,0.0,570e9630deff505ba1c5363a004cd8917cdc4ddeaaa2dfbdb2999707f9626552,250,8,1000,202,assigned_level_sensitivity,dynamic,periodic,0.0,False,1,True,,True,1.0,25.0,0.0,0.0,0.0,0,8000,0,0.0,0,0.6292320330890078,0.6013885156248192,0.6884000000000013,30584,0.6287455617106921,8000,8000,0.4708592227088121,7921,0.4806029416521382,0.6298905683795757,0.3701094316204243,0.085875,0.009743718943326096,5.0599939823150635,calibrated_histogram,0.628,0.3484935445714539,reused validated v21 histogram_zero cell
32000,0,1352,0,0,30648,0,0,8000,8000,0,0,0,8000,0,0.0,0.0,0.0,7258aada57693e7fc41c3edb014bd97cd32dde8bd5dca77e2f1cb8b3ef00eaf8,250,8,1000,303,assigned_level_sensitivity,dynamic,periodic,0.0,False,1,True,,True,1.0,25.0,0.0,0.0,0.0,0,8000,0,0.0,0,0.6293820118766047,0.6027906218748181,0.6884000000000013,30648,0.6291551614215125,8000,8000,0.4669284200463647,7952,0.47572957367334023,0.6209398765303574,0.3790601234696426,0.087,0.008801153626975533,5.072722911834717,calibrated_histogram,0.628,0.3484935445714539,reused validated v21 histogram_zero cell
32000,0,1392,0,0,30608,0,0,8000,8000,0,0,0,8000,0,0.0,0.0,0.0,620f015056b4913eca566e19dd498b9d34ce3df10a7782d95a50b5b4aece1a2a,250,8,1000,404,assigned_level_sensitivity,dynamic,periodic,0.0,False,1,True,,True,1.0,25.0,0.0,0.0,0.0,0,8000,0,0.0,0,0.6291459030316988,0.6017780562498198,0.6884000000000013,30608,0.6281899051888461,8000,8000,0.47136196209217085,7968,0.4792094212459885,0.6256678538937893,0.3743321461062107,0.082,0.007847459153817626,5.072054147720337,calibrated_histogram,0.628,0.3484935445714539,reused validated v21 histogram_zero cell
32000,0,1272,0,0,30728,0,0,8000,8000,0,0,0,8000,0,0.0,0.0,0.0,4c81619bc200eebb3080c210bdc746b4414b0cc7c3fbb63c2a1ce3f91c436327,250,8,1000,505,assigned_level_sensitivity,dynamic,periodic,0.0,False,1,True,,True,1.0,25.0,0.0,0.0,0.0,0,8000,0,0.0,0,0.6289176386355831,0.6039181624998187,0.6884000000000013,30728,0.6302713441126985,8000,8000,0.47312182307779405,7952,0.48126833899204596,0.6330926444341521,0.36690735556584786,0.077,0.008146515914251917,5.0399839878082275,calibrated_histogram,0.628,0.3484935445714539,reused validated v21 histogram_zero cell
32000,0,1304,0,0,30696,0,0,8000,8000,0,0,0,8000,0,0.0,0.0,0.0,820400f60474dd2d047d6af68da1f0bbcc78c2597c68a44e9fae693f09b01e62,250,8,1000,606,assigned_level_sensitivity,dynamic,periodic,0.0,False,1,True,,True,1.0,25.0,0.0,0.0,0.0,0,8000,0,0.0,0,0.6292771305705679,0.6036340874998173,0.6884000000000013,30696,0.6305047117791853,8000,8000,0.4716066196198606,7936,0.48062206856296874,0.6262593604329556,0.3737406395670444,0.081,0.009015448943108129,4.811254024505615,calibrated_histogram,0.628,0.3484935445714539,reused validated v21 histogram_zero cell
32000,0,1440,0,0,30560,0,0,8000,8000,0,0,0,8000,0,0.0,0.0,0.0,265cd3c30607304ee4b6dbfbe241a7f7f4ee382cc1c459bb4718426a447809b3,250,8,1000,707,assigned_level_sensitivity,dynamic,periodic,0.0,False,1,True,,True,1.0,25.0,0.0,0.0,0.0,0,8000,0,0.0,0,0.6294018193715407,0.6010787374998214,0.6884000000000013,30560,0.6277744515959528,8000,8000,0.47084622377602425,7927,0.4812014908245399,0.6267471025715273,0.3732528974284727,0.083,0.010355267048515637,4.769540548324585,calibrated_histogram,0.628,0.3484935445714539,reused validated v21 histogram_zero cell
32000,0,1336,0,0,30664,0,0,8000,8000,0,0,0,8000,0,0.0,0.0,0.0,f4866bde13e803cb907ec64e47284a1135ec88db541e26e30e289fa70c4a5ff8,250,8,1000,808,assigned_level_sensitivity,dynamic,periodic,0.0,False,1,True,,True,1.0,25.0,0.0,0.0,0.0,0,8000,0,0.0,0,0.6288737248889344,0.6026182468748215,0.6884000000000013,30664,0.6292712274629902,8000,8000,0.47361100755863705,7952,0.48015031713068995,0.6321908080505102,0.3678091919494898,0.083,0.006539309572052898,4.8952412605285645,calibrated_histogram,0.628,0.3484935445714539,reused validated v21 histogram_zero cell
32000,0,1320,0,0,30680,0,0,8000,8000,0,0,0,8000,0,0.0,0.0,0.0,a8c124acc17ac65b2cb1529125ce780607cdb86f117209ab5b3479ea9aad8a28,250,8,1000,909,assigned_level_sensitivity,dynamic,periodic,0.0,False,1,True,,True,1.0,25.0,0.0,0.0,0.0,0,8000,0,0.0,0,0.6287335169489628,0.6027982593748181,0.6884000000000013,30680,0.6290343531228951,8000,8000,0.47102087796029246,7936,0.4800775925785839,0.6325599593588915,0.36744004064110847,0.079,0.00905671461829144,4.811912775039673,calibrated_histogram,0.628,0.3484935445714539,reused validated v21 histogram_zero cell
32000,0,1304,0,0,30696,0,0,8000,8000,0,0,0,8000,0,0.0,0.0,0.0,d3b8735acadda44f30d6c9e91006c692298437fd0395e4753048eb08f289bf45,250,8,1000,1010,assigned_level_sensitivity,dynamic,periodic,0.0,False,1,True,,True,1.0,25.0,0.0,0.0,0.0,0,8000,0,0.0,0,0.6285733939273623,0.6029590281248224,0.6884000000000013,30696,0.6296728718366181,8000,8000,0.4727578230432872,7944,0.48077388060181825,0.6299567154803422,0.37004328451965784,0.082,0.008016057558531076,5.06564474105835,calibrated_histogram,0.628,0.3484935445714539,reused validated v21 histogram_zero cell
40000,0,3360,0,0,36640,0,0,10000,10000,0,0,0,10000,0,0.0,0.0,0.0,ba24034ae3cf4562ab6a0153556be98ed2c4b4bffe7e7bdc8e8a9fe95da3ae23,250,10,1000,101,assigned_level_sensitivity,dynamic,periodic,0.0,False,1,True,,True,1.0,25.0,0.0,0.0,0.0,0,10000,0,0.0,0,0.609608897379941,0.5584017500000259,0.6884000000000013,36640,0.6031705235706174,10000,10000,0.42630152225086715,9780,0.44399817160296456,0.6246522537697872,0.37534774623021283,0.104,0.017696649352097416,5.981361150741577,calibrated_histogram,0.628,0.3484935445714539,reused validated v21 histogram_zero cell
40000,0,3280,0,0,36720,0,0,10000,10000,0,0,0,10000,0,0.0,0.0,0.0,a31dd7180ec5a17c6109cc36edd6a1a2865732b406c1cba67be0cad853f4b566,250,10,1000,202,assigned_level_sensitivity,dynamic,periodic,0.0,False,1,True,,True,1.0,25.0,0.0,0.0,0.0,0,10000,0,0.0,0,0.6093484940087484,0.559381917500031,0.6884000000000013,36720,0.6036372367002797,10000,10000,0.4221130987554973,9740,0.4405667315907925,0.6309799967045968,0.3690200032954032,0.108,0.01845363283529522,5.848103761672974,calibrated_histogram,0.628,0.3484935445714539,reused validated v21 histogram_zero cell
40000,0,3260,0,0,36740,0,0,10000,10000,0,0,0,10000,0,0.0,0.0,0.0,50217851ecebf8d2338a275cd29e82ffabe16ff153d1881d800178b818384e08,250,10,1000,303,assigned_level_sensitivity,dynamic,periodic,0.0,False,1,True,,True,1.0,25.0,0.0,0.0,0.0,0,10000,0,0.0,0,0.6093330430049341,0.5596724000000319,0.6884000000000013,36740,0.6029815181063782,10000,10000,0.4270164259792129,9800,0.4441508133733191,0.610959845124291,0.389040154875709,0.098,0.017134387394106165,5.8597071170806885,calibrated_histogram,0.628,0.3484935445714539,reused validated v21 histogram_zero cell
40000,0,3500,0,0,36500,0,0,10000,10000,0,0,0,10000,0,0.0,0.0,0.0,666c91aca3d98fc592001468c87d42b3811143a5760cc295453880e244dc758a,250,10,1000,404,assigned_level_sensitivity,dynamic,periodic,0.0,False,1,True,,True,1.0,25.0,0.0,0.0,0.0,0,10000,0,0.0,0,0.6100588301370065,0.5566786825000184,0.6884000000000013,36500,0.6015412621467456,10000,10000,0.4227075588608759,9740,0.44343619519246086,0.6098556624926815,0.3901443375073185,0.112,0.02072863633158495,5.902501821517944,calibrated_histogram,0.628,0.3484935445714539,reused validated v21 histogram_zero cell
40000,0,3380,0,0,36620,0,0,10000,10000,0,0,0,10000,0,0.0,0.0,0.0,04672988e5cbc3ed558a7a8a37b1047a717d071003dab2e756353934eb08b021,250,10,1000,505,assigned_level_sensitivity,dynamic,periodic,0.0,False,1,True,,True,1.0,25.0,0.0,0.0,0.0,0,10000,0,0.0,0,0.6097436646641443,0.5582203250000242,0.6884000000000013,36620,0.6022765733184817,10000,10000,0.42687204204049156,9820,0.44382495735215466,0.6239904530569481,0.3760095469430519,0.098,0.016952915311663097,5.729627847671509,calibrated_histogram,0.628,0.3484935445714539,reused validated v21 histogram_zero cell
40000,0,3400,0,0,36600,0,0,10000,10000,0,0,0,10000,0,0.0,0.0,0.0,4774fcd2535e12b211f86580e78668e1e9bd961da670be7bd6bd7a6c26dc59af,250,10,1000,606,assigned_level_sensitivity,dynamic,periodic,0.0,False,1,True,,True,1.0,25.0,0.0,0.0,0.0,0,10000,0,0.0,0,0.6097733497268011,0.5579426150000231,0.6884000000000013,36600,0.6033460002349398,10000,10000,0.42750513762979336,9760,0.4462265300845254,0.6245465008348547,0.37545349916514525,0.102,0.018721392454732033,5.7658655643463135,calibrated_histogram,0.628,0.3484935445714539,reused validated v21 histogram_zero cell
40000,0,3420,0,0,36580,0,0,10000,10000,0,0,0,10000,0,0.0,0.0,0.0,c605b9756ab83b71cebd84bc5abee05ba757a64ae099f5222f6e8681ffb7d720,250,10,1000,707,assigned_level_sensitivity,dynamic,periodic,0.0,False,1,True,,True,1.0,25.0,0.0,0.0,0.0,0,10000,0,0.0,0,0.609703116457108,0.5575735000000253,0.6884000000000013,36580,0.6006868839575857,10000,10000,0.421590847180761,9720,0.44418169923166906,0.6244979723543859,0.37550202764561413,0.114,0.02259085205090805,5.785320997238159,calibrated_histogram,0.628,0.3484935445714539,reused validated v21 histogram_zero cell
40000,0,3380,0,0,36620,0,0,10000,10000,0,0,0,10000,0,0.0,0.0,0.0,e605a1726b1f4167ef338b823102f2cdcf91485c2169dd1f43f679edd32d0c6b,250,10,1000,808,assigned_level_sensitivity,dynamic,periodic,0.0,False,1,True,,True,1.0,25.0,0.0,0.0,0.0,0,10000,0,0.0,0,0.6096350983069639,0.5581209325000255,0.6884000000000013,36620,0.6022164544284082,10000,10000,0.4252033871156465,9800,0.44414447320984296,0.6168639210303353,0.38313607896966473,0.1,0.01894108609419648,5.699569463729858,calibrated_histogram,0.628,0.3484935445714539,reused validated v21 histogram_zero cell
40000,0,3300,0,0,36700,0,0,10000,10000,0,0,0,10000,0,0.0,0.0,0.0,4aa46a36bd6ab7692e6e9b8d01c77bc74efc702a0031843df833c095ec32a39e,250,10,1000,909,assigned_level_sensitivity,dynamic,periodic,0.0,False,1,True,,True,1.0,25.0,0.0,0.0,0.0,0,10000,0,0.0,0,0.6093852043597059,0.5591109250000301,0.6884000000000013,36700,0.6019436451444179,10000,10000,0.4206925412728475,9780,0.4382902416055371,0.6234972965412031,0.3765027034587969,0.114,0.017597700332689592,5.829301834106445,calibrated_histogram,0.628,0.3484935445714539,reused validated v21 histogram_zero cell
40000,0,3500,0,0,36500,0,0,10000,10000,0,0,0,10000,0,0.0,0.0,0.0,59935886a4422cb71f0cc89a8bc7b0c529d05a68340841646e4c8885c5e0c9ac,250,10,1000,1010,assigned_level_sensitivity,dynamic,periodic,0.0,False,1,True,,True,1.0,25.0,0.0,0.0,0.0,0,10000,0,0.0,0,0.6099642191781041,0.5565923500000199,0.6884000000000013,36500,0.6012574815554244,10000,10000,0.42679926060222206,9780,0.44362401922311023,0.6242187738907461,0.3757812261092539,0.108,0.01682475862088817,5.629815340042114,calibrated_histogram,0.628,0.3484935445714539,reused validated v21 histogram_zero cell
16000,0,0,0,0,16000,0,0,4000,4000,0,0,0,4000,0,0.0,0.0,0.0,358345139b329c40140caebe1f44495eb1cb4ce7057ad9123725a473225c7759,300,4,1000,101,assigned_level_sensitivity,dynamic,periodic,0.0,False,1,True,,True,1.0,25.0,0.0,0.0,0.0,0,4000,0,0.0,0,0.6836198812498366,0.6836198812498366,0.6884000000000013,16000,0.6854411994622925,4000,4000,0.49422103622030267,4000,0.49422103622030267,0.6343798443478353,0.36562015565216466,0.06,0.0,1.9200570583343506,calibrated_histogram,0.628,0.3484935445714539,reused validated v21 histogram_zero cell
16000,0,0,0,0,16000,0,0,4000,4000,0,0,0,4000,0,0.0,0.0,0.0,34b8939f5e22fe77656bcf596b267a8e14848f4c8183e258a0aa6bf6964bce30,300,4,1000,202,assigned_level_sensitivity,dynamic,periodic,0.0,False,1,True,,True,1.0,25.0,0.0,0.0,0.0,0,4000,0,0.0,0,0.6839061999998362,0.6839061999998362,0.6884000000000013,16000,0.6855800399939538,4000,4000,0.49377424203865544,4000,0.49377424203865544,0.6347656303126322,0.3652343696873678,0.062,0.0,2.017486095428467,calibrated_histogram,0.628,0.3484935445714539,reused validated v21 histogram_zero cell
16000,0,0,0,0,16000,0,0,4000,4000,0,0,0,4000,0,0.0,0.0,0.0,cb9cf6119f28cbbe2f515263b460577c6bf03d42557f7919b99931e42d877f4b,300,4,1000,303,assigned_level_sensitivity,dynamic,periodic,0.0,False,1,True,,True,1.0,25.0,0.0,0.0,0.0,0,4000,0,0.0,0,0.6840233937498379,0.6840233937498379,0.6884000000000013,16000,0.6856273575398889,4000,4000,0.4933532910277673,4000,0.4933532910277673,0.6316779619538362,0.3683220380461638,0.062,0.0,1.9634027481079102,calibrated_histogram,0.628,0.3484935445714539,reused validated v21 histogram_zero cell
16000,0,0,0,0,16000,0,0,4000,4000,0,0,0,4000,0,0.0,0.0,0.0,19660c8d7c38bf482c258d456033c0235b91bafa3f9150f8928502cb0b6a233e,300,4,1000,404,assigned_level_sensitivity,dynamic,periodic,0.0,False,1,True,,True,1.0,25.0,0.0,0.0,0.0,0,4000,0,0.0,0,0.6838530937498385,0.6838530937498385,0.6884000000000013,16000,0.6854821696842675,4000,4000,0.49712132651850294,4000,0.49712132651850294,0.6373392676967811,0.36266073230321894,0.06375,0.0,1.9239423274993896,calibrated_histogram,0.628,0.3484935445714539,reused validated v21 histogram_zero cell
16000,0,0,0,0,16000,0,0,4000,4000,0,0,0,4000,0,0.0,0.0,0.0,73cdab68096cc443e0e24ada558429cabf1afc7f75cc16ce9d024a0d7cee62f9,300,4,1000,505,assigned_level_sensitivity,dynamic,periodic,0.0,False,1,True,,True,1.0,25.0,0.0,0.0,0.0,0,4000,0,0.0,0,0.683984406249836,0.683984406249836,0.6884000000000013,16000,0.6856105459501034,4000,4000,0.4950360653124071,4000,0.4950360653124071,0.6383446830218568,0.36165531697814324,0.062,0.0,1.9270954132080078,calibrated_histogram,0.628,0.3484935445714539,reused validated v21 histogram_zero cell
16000,0,0,0,0,16000,0,0,4000,4000,0,0,0,4000,0,0.0,0.0,0.0,7833957291a032d51d81862cac99e9d8ccb12f68b533b2caf53ee51ae3f9dc9c,300,4,1000,606,assigned_level_sensitivity,dynamic,periodic,0.0,False,1,True,,True,1.0,25.0,0.0,0.0,0.0,0,4000,0,0.0,0,0.684056831249835,0.684056831249835,0.6884000000000013,16000,0.685705715033933,4000,4000,0.4944495985180446,4000,0.4944495985180446,0.6325778407130006,0.3674221592869994,0.064,0.0,1.9273345470428467,calibrated_histogram,0.628,0.3484935445714539,reused validated v21 histogram_zero cell
16000,0,0,0,0,16000,0,0,4000,4000,0,0,0,4000,0,0.0,0.0,0.0,7299403d9d2d4f4ccec9f76133c48d8d07e2ed601a2777f731db87ca14e66056,300,4,1000,707,assigned_level_sensitivity,dynamic,periodic,0.0,False,1,True,,True,1.0,25.0,0.0,0.0,0.0,0,4000,0,0.0,0,0.6839136124998381,0.6839136124998381,0.6884000000000013,16000,0.6855710902268055,4000,4000,0.49256001199576194,4000,0.49256001199576194,0.6326269667840994,0.36737303321590065,0.062,0.0,1.9304587841033936,calibrated_histogram,0.628,0.3484935445714539,reused validated v21 histogram_zero cell
16000,0,0,0,0,16000,0,0,4000,4000,0,0,0,4000,0,0.0,0.0,0.0,332b0fc25c5dccfb6fb5145b59221f17277c51b24f8c2d6148183eada1540c2c,300,4,1000,808,assigned_level_sensitivity,dynamic,periodic,0.0,False,1,True,,True,1.0,25.0,0.0,0.0,0.0,0,4000,0,0.0,0,0.6840943624998349,0.6840943624998349,0.6884000000000013,16000,0.6856019624888798,4000,4000,0.49351640136875874,4000,0.49351640136875874,0.6326826560488412,0.3673173439511588,0.062,0.0,1.950775146484375,calibrated_histogram,0.628,0.3484935445714539,reused validated v21 histogram_zero cell
16000,0,0,0,0,16000,0,0,4000,4000,0,0,0,4000,0,0.0,0.0,0.0,3a15676bda67054cb5929717fc730bfa67cd49969827870cd1819db4b67b2b0f,300,4,1000,909,assigned_level_sensitivity,dynamic,periodic,0.0,False,1,True,,True,1.0,25.0,0.0,0.0,0.0,0,4000,0,0.0,0,0.6841288687498367,0.6841288687498367,0.6884000000000013,16000,0.6857123794920092,4000,4000,0.49392910996663153,4000,0.49392910996663153,0.6327568500165388,0.3672431499834612,0.064,0.0,1.98054838180542,calibrated_histogram,0.628,0.3484935445714539,reused validated v21 histogram_zero cell
16000,0,0,0,0,16000,0,0,4000,4000,0,0,0,4000,0,0.0,0.0,0.0,f74ec5db6e908852b709fb2fc49501319e260c6bb970c5803f31b89af1514827,300,4,1000,1010,assigned_level_sensitivity,dynamic,periodic,0.0,False,1,True,,True,1.0,25.0,0.0,0.0,0.0,0,4000,0,0.0,0,0.683983618749839,0.683983618749839,0.6884000000000013,16000,0.6856805782153497,4000,4000,0.4980972102769603,4000,0.4980972102769603,0.6345342494026772,0.3654657505973228,0.059,0.0,1.96266508102417,calibrated_histogram,0.628,0.3484935445714539,reused validated v21 histogram_zero cell
24000,0,198,0,0,23802,0,0,6000,6000,0,0,0,6000,0,0.0,0.0,0.0,368e16a18b5b73e12179e2ceeeef5d7bbd6d7e12c7147fe591b0919c4402b0f8,300,6,1000,101,assigned_level_sensitivity,dynamic,periodic,0.0,False,1,True,,True,1.0,25.0,0.0,0.0,0.0,0,6000,0,0.0,0,0.6697045668429064,0.6641795041664524,0.6884000000000013,23802,0.6728058848429497,6000,6000,0.4905490549888406,5996,0.4917437315591332,0.6347099238757459,0.3652900761242541,0.0685,0.0011946765702925966,3.285102128982544,calibrated_histogram,0.628,0.3484935445714539,reused validated v21 histogram_zero cell
24000,0,164,0,0,23836,0,0,6000,6000,0,0,0,6000,0,0.0,0.0,0.0,1647dacc78c42fdbc64e7d28ec9e5575601944c739c0044734f158d076fd1351,300,6,1000,202,assigned_level_sensitivity,dynamic,periodic,0.0,False,1,True,,True,1.0,25.0,0.0,0.0,0.0,0,6000,0,0.0,0,0.668778687699057,0.6642086999997802,0.6884000000000013,23836,0.6731280380825172,6000,6000,0.49094133542164564,6000,0.4914914634980935,0.6349211549912981,0.3650788450087019,0.066,0.0005501280764478311,3.275848865509033,calibrated_histogram,0.628,0.3484935445714539,reused validated v21 histogram_zero cell
24000,0,143,0,0,23857,0,0,6000,6000,0,0,0,6000,0,0.0,0.0,0.0,b40e3956fc736148fe48725c99a765faa7ca344bcdde335f7de5815dce321912,300,6,1000,303,assigned_level_sensitivity,dynamic,periodic,0.0,False,1,True,,True,1.0,25.0,0.0,0.0,0.0,0,6000,0,0.0,0,0.6692303726367433,0.6652428749997827,0.6884000000000013,23857,0.6735823359206112,6000,6000,0.4953403063242354,6000,0.49611782754353734,0.6390036881095648,0.36099631189043524,0.06233333333333333,0.0007775212193019132,3.218302011489868,calibrated_histogram,0.628,0.3484935445714539,reused validated v21 histogram_zero cell
24000,0,174,0,0,23826,0,0,6000,6000,0,0,0,6000,0,0.0,0.0,0.0,90dd8c8ff63030dd9dbbd25c0b5e9d426cebafe711c88974834a56210f18bdc1,300,6,1000,404,assigned_level_sensitivity,dynamic,periodic,0.0,False,1,True,,True,1.0,25.0,0.0,0.0,0.0,0,6000,0,0.0,0,0.6691820700073419,0.6643304999997887,0.6884000000000013,23826,0.6733617133879372,6000,6000,0.4914889346104532,5996,0.49224488826093904,0.6355556039123146,0.3644443960876854,0.0675,0.0007559536504858633,3.183715581893921,calibrated_histogram,0.628,0.3484935445714539,reused validated v21 histogram_zero cell
24000,0,180,0,0,23820,0,0,6000,6000,0,0,0,6000,0,0.0,0.0,0.0,64fec059e2099a382af339a6780c28497caac0c5ebb5f50adb7d0e94049738cd,300,6,1000,505,assigned_level_sensitivity,dynamic,periodic,0.0,False,1,True,,True,1.0,25.0,0.0,0.0,0.0,0,6000,0,0.0,0,0.6690134466832421,0.6639958458331179,0.6884000000000013,23820,0.673156797563452,6000,6000,0.4927894989967792,5992,0.49408972637538046,0.63556621629764,0.36443378370236,0.06333333333333334,0.0013002273786012486,3.244460344314575,calibrated_histogram,0.628,0.3484935445714539,reused validated v21 histogram_zero cell
24000,0,175,0,0,23825,0,0,6000,6000,0,0,0,6000,0,0.0,0.0,0.0,ae880915da58fff9f20affe7a5a25900cde6365bd54144492baa5036a1d84adc,300,6,1000,606,assigned_level_sensitivity,dynamic,periodic,0.0,False,1,True,,True,1.0,25.0,0.0,0.0,0.0,0,6000,0,0.0,0,0.6690477817416506,0.6641693083331177,0.6884000000000013,23825,0.6733479704117166,6000,6000,0.4933823123542263,5988,0.4947547539227151,0.6373343289880115,0.36266567101198854,0.06816666666666667,0.0013724415684888136,3.2138781547546387,calibrated_histogram,0.628,0.3484935445714539,reused validated v21 histogram_zero cell
24000,0,135,0,0,23865,0,0,6000,6000,0,0,0,6000,0,0.0,0.0,0.0,c0f27110c744a3fc7a33aecc95f2268b53928f9aef18cbadd02b335ecd207f0e,300,6,1000,707,assigned_level_sensitivity,dynamic,periodic,0.0,False,1,True,,True,1.0,25.0,0.0,0.0,0.0,0,6000,0,0.0,0,0.66910335218918,0.665339645833116,0.6884000000000013,23865,0.6740188229140661,6000,6000,0.49406159548808987,5988,0.4955249435081961,0.6382044484206889,0.3617955515793111,0.06383333333333334,0.0014633480201062254,3.200080394744873,calibrated_histogram,0.628,0.3484935445714539,reused validated v21 histogram_zero cell
24000,0,204,0,0,23796,0,0,6000,6000,0,0,0,6000,0,0.0,0.0,0.0,063cb3f34bb5042d5a315795e5ea1e803957554d0c67c50190b2b486a6968f17,300,6,1000,808,assigned_level_sensitivity,dynamic,periodic,0.0,False,1,True,,True,1.0,25.0,0.0,0.0,0.0,0,6000,0,0.0,0,0.6693295721967875,0.6636402708331147,0.6884000000000013,23796,0.6729146212527625,6000,6000,0.4903006521005571,5980,0.4927598327485014,0.6331720621682188,0.36682793783178125,0.06366666666666666,0.002459180647944259,3.200014352798462,calibrated_histogram,0.628,0.3484935445714539,reused validated v21 histogram_zero cell
24000,0,167,0,0,23833,0,0,6000,6000,0,0,0,6000,0,0.0,0.0,0.0,43ca3bc1908129b5c2ac96d7e4719f6173824add31150444bda10a9206dc8922,300,6,1000,909,assigned_level_sensitivity,dynamic,periodic,0.0,False,1,True,,True,1.0,25.0,0.0,0.0,0.0,0,6000,0,0.0,0,0.669484638945785,0.6648261416664539,0.6884000000000013,23833,0.67331807252555,6000,6000,0.49139475335629595,5992,0.4931685000538949,0.6360118677927308,0.3639881322072692,0.06366666666666666,0.0017737466975989435,3.241835594177246,calibrated_histogram,0.628,0.3484935445714539,reused validated v21 histogram_zero cell
24000,0,167,0,0,23833,0,0,6000,6000,0,0,0,6000,0,0.0,0.0,0.0,da29db140ec3433f5a7bef5bfca040b9d439fbd33929da0e9b1ac51f823030f9,300,6,1000,1010,assigned_level_sensitivity,dynamic,periodic,0.0,False,1,True,,True,1.0,25.0,0.0,0.0,0.0,0,6000,0,0.0,0,0.6690288549488042,0.6643735291664521,0.6884000000000013,23833,0.6730193833949943,6000,6000,0.49168781544695206,5996,0.49297014822077,0.6357154078893997,0.36428459211060027,0.06483333333333334,0.0012823327738179513,3.3207645416259766,calibrated_histogram,0.628,0.3484935445714539,reused validated v21 histogram_zero cell
32000,0,721,0,0,31279,0,0,8000,8000,0,0,0,8000,0,0.0,0.0,0.0,48536fc5e075a2292b527fb68f9e0371d396b2957068a8b27317e7a61bf9ac13,300,8,1000,101,assigned_level_sensitivity,dynamic,periodic,0.0,False,1,True,,True,1.0,25.0,0.0,0.0,0.0,0,8000,0,0.0,0,0.6460413344414728,0.6314852156248384,0.6884000000000013,31279,0.6526251993501516,8000,8000,0.4832541541466341,7976,0.48730405311891506,0.6455051221347486,0.35449487786525136,0.068125,0.004049898972280974,4.782021999359131,calibrated_histogram,0.628,0.3484935445714539,reused validated v21 histogram_zero cell
32000,0,648,0,0,31352,0,0,8000,8000,0,0,0,8000,0,0.0,0.0,0.0,570e9630deff505ba1c5363a004cd8917cdc4ddeaaa2dfbdb2999707f9626552,300,8,1000,202,assigned_level_sensitivity,dynamic,periodic,0.0,False,1,True,,True,1.0,25.0,0.0,0.0,0.0,0,8000,0,0.0,0,0.6462451932889391,0.6331587281248382,0.6884000000000013,31352,0.6536364891428634,8000,8000,0.482014537634388,8000,0.48380321380755364,0.6436902084816492,0.35630979151835085,0.073,0.0017886761731656375,4.711587190628052,calibrated_histogram,0.628,0.3484935445714539,reused validated v21 histogram_zero cell
32000,0,661,0,0,31339,0,0,8000,8000,0,0,0,8000,0,0.0,0.0,0.0,7258aada57693e7fc41c3edb014bd97cd32dde8bd5dca77e2f1cb8b3ef00eaf8,300,8,1000,303,assigned_level_sensitivity,dynamic,periodic,0.0,False,1,True,,True,1.0,25.0,0.0,0.0,0.0,0,8000,0,0.0,0,0.6456932193112364,0.6323556187498386,0.6884000000000013,31339,0.6534919561830907,8000,8000,0.47847753795353803,7984,0.48234103023464636,0.6387363161018693,0.3612636838981307,0.079125,0.003863492281108327,4.763044118881226,calibrated_histogram,0.628,0.3484935445714539,reused validated v21 histogram_zero cell
32000,0,666,0,0,31334,0,0,8000,8000,0,0,0,8000,0,0.0,0.0,0.0,620f015056b4913eca566e19dd498b9d34ce3df10a7782d95a50b5b4aece1a2a,300,8,1000,404,assigned_level_sensitivity,dynamic,periodic,0.0,False,1,True,,True,1.0,25.0,0.0,0.0,0.0,0,8000,0,0.0,0,0.6453882428031801,0.6319560999998389,0.6884000000000013,31334,0.6528599098442235,8000,8000,0.47891353525245584,7984,0.48354740125329654,0.6350183596326787,0.3649816403673213,0.077125,0.004633866000840703,4.781811952590942,calibrated_histogram,0.628,0.3484935445714539,reused validated v21 histogram_zero cell
32000,0,625,0,0,31375,0,0,8000,8000,0,0,0,8000,0,0.0,0.0,0.0,4c81619bc200eebb3080c210bdc746b4414b0cc7c3fbb63c2a1ce3f91c436327,300,8,1000,505,assigned_level_sensitivity,dynamic,periodic,0.0,False,1,True,,True,1.0,25.0,0.0,0.0,0.0,0,8000,0,0.0,0,0.6455572270914701,0.6329486874998398,0.6884000000000013,31375,0.6538619643308048,8000,8000,0.4813820370401044,7976,0.48520770447561257,0.6462085584292384,0.3537914415707616,0.077,0.003825667435508162,4.831289291381836,calibrated_histogram,0.628,0.3484935445714539,reused validated v21 histogram_zero cell
32000,0,648,0,0,31352,0,0,8000,8000,0,0,0,8000,0,0.0,0.0,0.0,820400f60474dd2d047d6af68da1f0bbcc78c2597c68a44e9fae693f09b01e62,300,8,1000,606,assigned_level_sensitivity,dynamic,periodic,0.0,False,1,True,,True,1.0,25.0,0.0,0.0,0.0,0,8000,0,0.0,0,0.646203996555075,0.6331183656248347,0.6884000000000013,31352,0.6539994911508494,8000,8000,0.48034459442867733,7984,0.48397386792018565,0.640985863602123,0.35901413639787705,0.072625,0.0036292734915083225,4.820409536361694,calibrated_histogram,0.628,0.3484935445714539,reused validated v21 histogram_zero cell
32000,0,600,0,0,31400,0,0,8000,8000,0,0,0,8000,0,0.0,0.0,0.0,265cd3c30607304ee4b6dbfbe241a7f7f4ee382cc1c459bb4718426a447809b3,300,8,1000,707,assigned_level_sensitivity,dynamic,periodic,0.0,False,1,True,,True,1.0,25.0,0.0,0.0,0.0,0,8000,0,0.0,0,0.6459723598724478,0.6338603781248395,0.6884000000000013,31400,0.6548808264264261,8000,8000,0.4812446608530214,7968,0.485488837143215,0.6362892082303314,0.3637107917696686,0.0745,0.00424417629019358,4.7216269969940186,calibrated_histogram,0.628,0.3484935445714539,reused validated v21 histogram_zero cell
32000,0,551,0,0,31449,0,0,8000,8000,0,0,0,8000,0,0.0,0.0,0.0,f4866bde13e803cb907ec64e47284a1135ec88db541e26e30e289fa70c4a5ff8,300,8,1000,808,assigned_level_sensitivity,dynamic,periodic,0.0,False,1,True,,True,1.0,25.0,0.0,0.0,0.0,0,8000,0,0.0,0,0.6456366021175478,0.6345195468748362,0.6884000000000013,31449,0.6549093104861666,8000,8000,0.48447166242281897,7976,0.4883608315312092,0.6435422996490865,0.3564577003509135,0.069875,0.0038891691083902113,4.728702068328857,calibrated_histogram,0.628,0.3484935445714539,reused validated v21 histogram_zero cell
32000,0,614,0,0,31386,0,0,8000,8000,0,0,0,8000,0,0.0,0.0,0.0,a8c124acc17ac65b2cb1529125ce780607cdb86f117209ab5b3479ea9aad8a28,300,8,1000,909,assigned_level_sensitivity,dynamic,periodic,0.0,False,1,True,,True,1.0,25.0,0.0,0.0,0.0,0,8000,0,0.0,0,0.6458640890841398,0.6334715718748378,0.6884000000000013,31386,0.6540212689960851,8000,8000,0.48047819923536794,7981,0.4846384976916942,0.6439638019573113,0.3560361980426887,0.06925,0.004160298456326261,4.834176540374756,calibrated_histogram,0.628,0.3484935445714539,reused validated v21 histogram_zero cell
32000,0,568,0,0,31432,0,0,8000,8000,0,0,0,8000,0,0.0,0.0,0.0,d3b8735acadda44f30d6c9e91006c692298437fd0395e4753048eb08f289bf45,300,8,1000,1010,assigned_level_sensitivity,dynamic,periodic,0.0,False,1,True,,True,1.0,25.0,0.0,0.0,0.0,0,8000,0,0.0,0,0.6455830109440994,0.6341239124998417,0.6884000000000013,31432,0.6542499995102862,8000,8000,0.47980995815364746,8000,0.48162911770305294,0.6435419029725477,0.35645809702745235,0.07225,0.0018191595494054802,4.777798652648926,calibrated_histogram,0.628,0.3484935445714539,reused validated v21 histogram_zero cell
40000,0,1400,0,0,38600,0,0,10000,10000,0,0,0,10000,0,0.0,0.0,0.0,ba24034ae3cf4562ab6a0153556be98ed2c4b4bffe7e7bdc8e8a9fe95da3ae23,300,10,1000,101,assigned_level_sensitivity,dynamic,periodic,0.0,False,1,True,,True,1.0,25.0,0.0,0.0,0.0,0,10000,0,0.0,0,0.6257488678754464,0.6038476574998058,0.6884000000000013,38600,0.6309510353977955,10000,10000,0.47028297122065077,9880,0.4802675230570685,0.6304543353798958,0.3695456646201042,0.082,0.009984551836417721,6.466279983520508,calibrated_histogram,0.628,0.3484935445714539,reused validated v21 histogram_zero cell
40000,0,1320,0,0,38680,0,0,10000,10000,0,0,0,10000,0,0.0,0.0,0.0,a31dd7180ec5a17c6109cc36edd6a1a2865732b406c1cba67be0cad853f4b566,300,10,1000,202,assigned_level_sensitivity,dynamic,periodic,0.0,False,1,True,,True,1.0,25.0,0.0,0.0,0.0,0,10000,0,0.0,0,0.6254033402273099,0.6047650299998086,0.6884000000000013,38680,0.630504553369905,10000,10000,0.47111178968156603,9900,0.47938490464489497,0.6407760402589802,0.35922395974101984,0.0819,0.008273114963328942,6.725904703140259,calibrated_histogram,0.628,0.3484935445714539,reused validated v21 histogram_zero cell
40000,0,1320,0,0,38680,0,0,10000,10000,0,0,0,10000,0,0.0,0.0,0.0,50217851ecebf8d2338a275cd29e82ffabe16ff153d1881d800178b818384e08,300,10,1000,303,assigned_level_sensitivity,dynamic,periodic,0.0,False,1,True,,True,1.0,25.0,0.0,0.0,0.0,0,10000,0,0.0,0,0.6262715977247132,0.6056046349997977,0.6884000000000013,38680,0.6316670810969395,10000,10000,0.46786474777427295,9920,0.47549068448093024,0.6332671697473082,0.36673283025269177,0.078,0.007625936706657288,6.54665207862854,calibrated_histogram,0.628,0.3484935445714539,reused validated v21 histogram_zero cell
40000,0,1358,0,0,38642,0,0,10000,10000,0,0,0,10000,0,0.0,0.0,0.0,666c91aca3d98fc592001468c87d42b3811143a5760cc295453880e244dc758a,300,10,1000,404,assigned_level_sensitivity,dynamic,periodic,0.0,False,1,True,,True,1.0,25.0,0.0,0.0,0.0,0,10000,0,0.0,0,0.6252967367111621,0.6040679124998182,0.6884000000000013,38642,0.6305105382566569,10000,10000,0.46575665349413803,9900,0.4762398468438305,0.6244572455226244,0.3755427544773756,0.0899,0.010483193349692499,6.459655046463013,calibrated_histogram,0.628,0.3484935445714539,reused validated v21 histogram_zero cell
40000,0,1480,0,0,38520,0,0,10000,10000,0,0,0,10000,0,0.0,0.0,0.0,04672988e5cbc3ed558a7a8a37b1047a717d071003dab2e756353934eb08b021,300,10,1000,505,assigned_level_sensitivity,dynamic,periodic,0.0,False,1,True,,True,1.0,25.0,0.0,0.0,0.0,0,10000,0,0.0,0,0.6260687071649093,0.6029041649998077,0.6884000000000013,38520,0.628176137656858,10000,10000,0.4685191294851509,9900,0.4766942883372682,0.6392209858003399,0.3607790141996601,0.084,0.008175158852117281,6.6263346672058105,calibrated_histogram,0.628,0.3484935445714539,reused validated v21 histogram_zero cell
40000,0,1440,0,0,38560,0,0,10000,10000,0,0,0,10000,0,0.0,0.0,0.0,4774fcd2535e12b211f86580e78668e1e9bd961da670be7bd6bd7a6c26dc59af,300,10,1000,606,assigned_level_sensitivity,dynamic,periodic,0.0,False,1,True,,True,1.0,25.0,0.0,0.0,0.0,0,10000,0,0.0,0,0.6257021239624658,0.603176847499817,0.6884000000000013,38560,0.6296266741880171,10000,10000,0.4648914402646923,9900,0.4733509669167532,0.633030993687712,0.366969006312288,0.084,0.0084595266520609,6.501795053482056,calibrated_histogram,0.628,0.3484935445714539,reused validated v21 histogram_zero cell
40000,0,1300,0,0,38700,0,0,10000,10000,0,0,0,10000,0,0.0,0.0,0.0,c605b9756ab83b71cebd84bc5abee05ba757a64ae099f5222f6e8681ffb7d720,300,10,1000,707,assigned_level_sensitivity,dynamic,periodic,0.0,False,1,True,,True,1.0,25.0,0.0,0.0,0.0,0,10000,0,0.0,0,0.6257965607233105,0.6054581724998029,0.6884000000000013,38700,0.631848878698332,10000,10000,0.46855673192741826,9900,0.47769558604289386,0.6370659791984059,0.3629340208015941,0.082,0.009138854115475603,6.477015018463135,calibrated_histogram,0.628,0.3484935445714539,reused validated v21 histogram_zero cell
40000,0,1400,0,0,38600,0,0,10000,10000,0,0,0,10000,0,0.0,0.0,0.0,e605a1726b1f4167ef338b823102f2cdcf91485c2169dd1f43f679edd32d0c6b,300,10,1000,808,assigned_level_sensitivity,dynamic,periodic,0.0,False,1,True,,True,1.0,25.0,0.0,0.0,0.0,0,10000,0,0.0,0,0.6256408082899603,0.6037433799998116,0.6884000000000013,38600,0.6304630983910741,10000,10000,0.46602426073776176,9880,0.4754042188085203,0.6380608357152472,0.3619391642847528,0.0861,0.009379958070758532,7.177677631378174,calibrated_histogram,0.628,0.3484935445714539,reused validated v21 histogram_zero cell
40000,0,1460,0,0,38540,0,0,10000,10000,0,0,0,10000,0,0.0,0.0,0.0,4aa46a36bd6ab7692e6e9b8d01c77bc74efc702a0031843df833c095ec32a39e,300,10,1000,909,assigned_level_sensitivity,dynamic,periodic,0.0,False,1,True,,True,1.0,25.0,0.0,0.0,0.0,0,10000,0,0.0,0,0.6255809314995457,0.6027472274998122,0.6884000000000013,38540,0.628973545443165,10000,10000,0.4677462952047417,9900,0.4784106873231287,0.6366503528545998,0.3633496471454002,0.08,0.01066439211838699,6.520798683166504,calibrated_histogram,0.628,0.3484935445714539,reused validated v21 histogram_zero cell
40000,0,1300,0,0,38700,0,0,10000,10000,0,0,0,10000,0,0.0,0.0,0.0,59935886a4422cb71f0cc89a8bc7b0c529d05a68340841646e4c8885c5e0c9ac,300,10,1000,1010,assigned_level_sensitivity,dynamic,periodic,0.0,False,1,True,,True,1.0,25.0,0.0,0.0,0.0,0,10000,0,0.0,0,0.6256157958654244,0.605283282499798,0.6884000000000013,38700,0.6304415793492757,10000,10000,0.4751403154949926,9900,0.4835150561800995,0.6358655968393143,0.3641344031606857,0.078,0.008374740685106907,6.4957544803619385,calibrated_histogram,0.628,0.3484935445714539,reused validated v21 histogram_zero cell
16000,0,2368,0,0,13632,0,0,4000,4000,0,0,0,4000,0,0.0,0.0,0.0,dce8c3aa8aaa5637c1ae64d2d5423df4afd9cf066c6e290fc1174faea4a39496,100,4,1000,101,assigned_level_sensitivity,dynamic,periodic,0.0,False,1,True,,True,1.0,25.0,0.0,0.0,0.0,0,4000,0,0.0,0,0.6148424222417197,0.5238457437499452,0.6884000000000013,13632,0.5895950984749142,4000,4000,0.4019848287125469,3832,0.4401926457062212,0.573837762469017,0.42616223753098303,0.13175,0.03820781699367426,1.689772129058838,random_frozen,0.516,0.2546044398477595,new v22 replay
16000,0,2360,0,0,13640,0,0,4000,4000,0,0,0,4000,0,0.0,0.0,0.0,e8d177c71876f470b6cf10977b0146424b0bb923d62d05d5296dec6e9c9de69b,100,4,1000,202,assigned_level_sensitivity,dynamic,periodic,0.0,False,1,True,,True,1.0,25.0,0.0,0.0,0.0,0,4000,0,0.0,0,0.6147695234603456,0.5240910187499446,0.6884000000000013,13640,0.5908372985211764,4000,4000,0.4035189773890171,3848,0.43883381135443306,0.5702632741158111,0.4297367258841889,0.13,0.03531483396541596,1.720372200012207,random_frozen,0.516,0.2546044398477595,new v22 replay
16000,0,2384,0,0,13616,0,0,4000,4000,0,0,0,4000,0,0.0,0.0,0.0,a6aa5b13d093d48726a7826627059a4204861f3107622b67e4ffef79850df169,100,4,1000,303,assigned_level_sensitivity,dynamic,periodic,0.0,False,1,True,,True,1.0,25.0,0.0,0.0,0.0,0,4000,0,0.0,0,0.6147668257931204,0.5231665687499455,0.6884000000000013,13616,0.5903039440900127,4000,4000,0.3991237463190923,3856,0.43790318764817343,0.5582932968217822,0.4417067031782178,0.134,0.03877944132908112,1.7551581859588623,random_frozen,0.516,0.2546044398477595,new v22 replay
16000,0,2384,0,0,13616,0,0,4000,4000,0,0,0,4000,0,0.0,0.0,0.0,68a92b10770817879e334a7dd251216bc3d21fd9263414cd05642fa21533dab5,100,4,1000,404,assigned_level_sensitivity,dynamic,periodic,0.0,False,1,True,,True,1.0,25.0,0.0,0.0,0.0,0,4000,0,0.0,0,0.6147801924206171,0.5231779437499452,0.6884000000000013,13616,0.5886373162796462,4000,4000,0.40786072515168786,3848,0.44405827425567346,0.5839570221885813,0.41604297781141875,0.132,0.03619754910398559,1.781928539276123,random_frozen,0.516,0.2546044398477595,new v22 replay
16000,0,2360,0,0,13640,0,0,4000,4000,0,0,0,4000,0,0.0,0.0,0.0,a5582713e2250a2fed5147f84eb22733fb4a3d5d8a96b2ad7063637bdc8b5c2f,100,4,1000,505,assigned_level_sensitivity,dynamic,periodic,0.0,False,1,True,,True,1.0,25.0,0.0,0.0,0.0,0,4000,0,0.0,0,0.6148454105571209,0.5241557124999456,0.6884000000000013,13640,0.5913634034862477,4000,4000,0.4039985478769424,3832,0.4407459857634681,0.5754501341117013,0.4245498658882987,0.14,0.03674743788652568,1.7353250980377197,random_frozen,0.516,0.2546044398477595,new v22 replay
16000,0,2312,0,0,13688,0,0,4000,4000,0,0,0,4000,0,0.0,0.0,0.0,610c59b6101914a81adbf1b4f1d174804011c261d5ca56f44c21abb5aca936b4,100,4,1000,606,assigned_level_sensitivity,dynamic,periodic,0.0,False,1,True,,True,1.0,25.0,0.0,0.0,0.0,0,4000,0,0.0,0,0.6144423728812894,0.5256554499999432,0.6884000000000013,13688,0.5914149568968787,4000,4000,0.4060228759797146,3856,0.44280684569689044,0.5777909275191804,0.4222090724808196,0.118,0.036783969717175846,1.79783034324646,random_frozen,0.516,0.2546044398477595,new v22 replay
16000,0,2344,0,0,13656,0,0,4000,4000,0,0,0,4000,0,0.0,0.0,0.0,10e7d3cf1ccac32325bd8322813bd1340e23ecbf1b2f05252bbaba16207441c5,100,4,1000,707,assigned_level_sensitivity,dynamic,periodic,0.0,False,1,True,,True,1.0,25.0,0.0,0.0,0.0,0,4000,0,0.0,0,0.6143741139425226,0.5243683062499431,0.6884000000000013,13656,0.5914074472994093,4000,4000,0.4037510773374132,3872,0.4365469628306369,0.5707658066224747,0.42923419337752533,0.12,0.03279588549322365,1.8372304439544678,random_frozen,0.516,0.2546044398477595,new v22 replay
16000,0,2440,0,0,13560,0,0,4000,4000,0,0,0,4000,0,0.0,0.0,0.0,5bddb1ec6bd7aa099656c4bcd4595a6452b134372744947c2f11bb5c9940609a,100,4,1000,808,assigned_level_sensitivity,dynamic,periodic,0.0,False,1,True,,True,1.0,25.0,0.0,0.0,0.0,0,4000,0,0.0,0,0.6152940634217676,0.5214617187499481,0.6884000000000013,13560,0.5894820442034963,4000,4000,0.3997938386859794,3792,0.4390418698101396,0.5644630182481098,0.43553698175189015,0.148,0.0392480311241602,1.777167797088623,random_frozen,0.516,0.2546044398477595,new v22 replay
16000,0,2296,0,0,13704,0,0,4000,4000,0,0,0,4000,0,0.0,0.0,0.0,6413ae7aa87238e504e9e4693802bb571ec075c4316ff2622c10ab08c7781733,100,4,1000,909,assigned_level_sensitivity,dynamic,periodic,0.0,False,1,True,,True,1.0,25.0,0.0,0.0,0.0,0,4000,0,0.0,0,0.6140429582602926,0.5259277937499406,0.6884000000000013,13704,0.5933233257900696,4000,4000,0.4004514951054232,3824,0.43825501344126383,0.5785688771832561,0.4214311228167439,0.138,0.037803518335840613,1.7364072799682617,random_frozen,0.516,0.2546044398477595,new v22 replay
16000,0,2344,0,0,13656,0,0,4000,4000,0,0,0,4000,0,0.0,0.0,0.0,6f28b524fe3ba3b15517f15638aefb82c2dc4e9cbd62630622fbd1cf08fbf448,100,4,1000,1010,assigned_level_sensitivity,dynamic,periodic,0.0,False,1,True,,True,1.0,25.0,0.0,0.0,0.0,0,4000,0,0.0,0,0.6143150190391828,0.5243178687499426,0.6884000000000013,13656,0.590719635822716,4000,4000,0.4000595913796371,3864,0.4327076624988795,0.5740814558066069,0.42591854419339314,0.134,0.032648071119242394,1.7264082431793213,random_frozen,0.516,0.2546044398477595,new v22 replay
24000,0,14000,0,0,10000,0,0,6000,6000,0,0,0,6000,0,0.0,0.0,0.0,f310434bb6add6f65f32157225f914a0b7691547d59235f608b1e160cebbbd50,100,6,1000,101,assigned_level_sensitivity,dynamic,periodic,0.0,False,1,True,,True,1.0,25.0,0.0,0.0,0.0,0,6000,0,0.0,0,0.6464163599999839,0.26934014999999334,0.6884000000000013,10000,0.4056517764615052,6000,6000,0.24359419944504998,4780,0.40164709095221157,0.2817018738216646,0.7182981261783354,0.4106666666666667,0.1580528915071616,2.226644515991211,random_frozen,0.516,0.2546044398477595,new v22 replay
24000,0,14000,0,0,10000,0,0,6000,6000,0,0,0,6000,0,0.0,0.0,0.0,4b6c8c8482de82da0b18b21ef516955a490137ecaec90a4df1111746ac0403ea,100,6,1000,202,assigned_level_sensitivity,dynamic,periodic,0.0,False,1,True,,True,1.0,25.0,0.0,0.0,0.0,0,6000,0,0.0,0,0.6464124299999839,0.2693385124999933,0.6884000000000013,10000,0.40542862685638015,6000,6000,0.2360733194140072,4719,0.3969998889013083,0.27147806665171453,0.7285219333482855,0.43033333333333335,0.16092656948730108,2.194277286529541,random_frozen,0.516,0.2546044398477595,new v22 replay
24000,0,14000,0,0,10000,0,0,6000,6000,0,0,0,6000,0,0.0,0.0,0.0,1828cbec67075c028042325d69913b449ff4c01579ab89092abecc067f9c78f4,100,6,1000,303,assigned_level_sensitivity,dynamic,periodic,0.0,False,1,True,,True,1.0,25.0,0.0,0.0,0.0,0,6000,0,0.0,0,0.6464202899999839,0.2693417874999933,0.6884000000000013,10000,0.40546945704784265,6000,6000,0.24300050301870435,4715,0.40285714564653063,0.2879259382166022,0.7120740617833978,0.41983333333333334,0.15985664262782628,2.250986337661743,random_frozen,0.516,0.2546044398477595,new v22 replay
24000,0,14000,0,0,10000,0,0,6000,6000,0,0,0,6000,0,0.0,0.0,0.0,0b39721189d246c34218de1a7d5a713741ce12a3df3126598104f4422c15a1ab,100,6,1000,404,assigned_level_sensitivity,dynamic,periodic,0.0,False,1,True,,True,1.0,25.0,0.0,0.0,0.0,0,6000,0,0.0,0,0.6464124299999839,0.2693385124999933,0.6884000000000013,10000,0.4057517879200982,6000,6000,0.23921770097632183,4706,0.39771242106939775,0.28647355257573515,0.7135264474242649,0.42916666666666664,0.1584947200930759,2.2066712379455566,random_frozen,0.516,0.2546044398477595,new v22 replay
24000,0,14000,0,0,10000,0,0,6000,6000,0,0,0,6000,0,0.0,0.0,0.0,a63feb8735ae2864b0dd367e99fa9ddaad0e1105c5f6ed6d5ac9b7263bd835f0,100,6,1000,505,assigned_level_sensitivity,dynamic,periodic,0.0,False,1,True,,True,1.0,25.0,0.0,0.0,0.0,0,6000,0,0.0,0,0.6464124299999839,0.2693385124999933,0.6884000000000013,10000,0.4054762798377603,6000,6000,0.23739619419904898,4711,0.39707604928950585,0.2789114896291375,0.7210885103708625,0.42583333333333334,0.15967985509045687,2.2298624515533447,random_frozen,0.516,0.2546044398477595,new v22 replay
24000,0,14000,0,0,10000,0,0,6000,6000,0,0,0,6000,0,0.0,0.0,0.0,7b3dc080cd82fe68c38048cb70866b53436a8425ab576b9e6ee232d5b3e6220f,100,6,1000,606,assigned_level_sensitivity,dynamic,periodic,0.0,False,1,True,,True,1.0,25.0,0.0,0.0,0.0,0,6000,0,0.0,0,0.6464124299999839,0.2693385124999933,0.6884000000000013,10000,0.4058962267001879,6000,6000,0.2413790573799882,4770,0.39859523010279585,0.28240379553300593,0.7175962044669941,0.41183333333333333,0.15721617272280766,2.2318756580352783,random_frozen,0.516,0.2546044398477595,new v22 replay
24000,0,14000,0,0,10000,0,0,6000,6000,0,0,0,6000,0,0.0,0.0,0.0,edf84c72531dea3a4492541ff7e06836c5a4dc017617f9aaec6a07e53d816e15,100,6,1000,707,assigned_level_sensitivity,dynamic,periodic,0.0,False,1,True,,True,1.0,25.0,0.0,0.0,0.0,0,6000,0,0.0,0,0.646408499999984,0.2693368749999933,0.6884000000000013,10000,0.4059868364110389,6000,6000,0.24085332670401918,4760,0.3971451238514052,0.2780099108276636,0.7219900891723364,0.4165,0.15629179714738603,2.1962873935699463,random_frozen,0.516,0.2546044398477595,new v22 replay
24000,0,14000,0,0,10000,0,0,6000,6000,0,0,0,6000,0,0.0,0.0,0.0,f25ab7cff943fe2d106d8226e7f75553a78a2e97229afc0b0adeefe5aeea2f6c,100,6,1000,808,assigned_level_sensitivity,dynamic,periodic,0.0,False,1,True,,True,1.0,25.0,0.0,0.0,0.0,0,6000,0,0.0,0,0.6464124299999839,0.2693385124999933,0.6884000000000013,10000,0.4059442644185278,6000,6000,0.2420182765769869,4709,0.4032962934150577,0.2940784565885301,0.7059215434114698,0.4186666666666667,0.16127801683807078,2.6650590896606445,random_frozen,0.516,0.2546044398477595,new v22 replay
24000,0,14000,0,0,10000,0,0,6000,6000,0,0,0,6000,0,0.0,0.0,0.0,82ef200d0f8095a40bee605b2f4d4de46b33830b7a89e9ae043c6cbf0814b3e5,100,6,1000,909,assigned_level_sensitivity,dynamic,periodic,0.0,False,1,True,,True,1.0,25.0,0.0,0.0,0.0,0,6000,0,0.0,0,0.6464202899999839,0.2693417874999933,0.6884000000000013,10000,0.40555227421982887,6000,6000,0.24267536784847973,4744,0.39929252346140504,0.2855688415750972,0.7144311584249028,0.4196666666666667,0.1566171556129253,2.3011443614959717,random_frozen,0.516,0.2546044398477595,new v22 replay
24000,0,14000,0,0,10000,0,0,6000,6000,0,0,0,6000,0,0.0,0.0,0.0,f81ad1c5f56d0e4d3a6312f62165c6106d3f219c63e9842dbdd3b1dc773eb6de,100,6,1000,1010,assigned_level_sensitivity,dynamic,periodic,0.0,False,1,True,,True,1.0,25.0,0.0,0.0,0.0,0,6000,0,0.0,0,0.6464163599999839,0.26934014999999334,0.6884000000000013,10000,0.40572325330632447,6000,6000,0.2402938807617126,4753,0.39842840790321565,0.2849763957196245,0.7150236042803755,0.42283333333333334,0.15813452714150306,2.282676935195923,random_frozen,0.516,0.2546044398477595,new v22 replay
32000,2000,20000,0,0,10000,0,0,8000,8000,2000,0,0,6000,0,0.25,0.0,0.25,b01a5e0b66afe34e639a874782de544155b5c30003d5d19b05fef31858cac359,100,8,1000,101,assigned_level_sensitivity,dynamic,periodic,0.0,False,1,True,,True,1.0,25.0,0.0,0.0,0.0,0,8000,2000,0.25,0,0.6464163599999839,0.202005112499995,0.516300000000001,10000,0.308545669184336,8000,8000,0.182809669759526,4971,0.39288288027769624,0.2092817302696799,0.7907182697303201,0.55,0.21007321051817024,3.1476829051971436,random_frozen,0.516,0.2546044398477595,new v22 replay
32000,2000,20000,0,0,10000,0,0,8000,8000,2000,0,0,6000,0,0.25,0.0,0.25,2c6a4ae26254f323711a7935eb2b4f31729711af0f2a199a5412b16fbdf0c12b,100,8,1000,202,assigned_level_sensitivity,dynamic,periodic,0.0,False,1,True,,True,1.0,25.0,0.0,0.0,0.0,0,8000,2000,0.25,0,0.6464202899999839,0.20200634062499498,0.516300000000001,10000,0.30798881981208354,8000,8000,0.17858602133371762,4960,0.39017045083849133,0.19314197677705114,0.8068580232229489,0.563,0.2115844295047737,3.243350028991699,random_frozen,0.516,0.2546044398477595,new v22 replay
32000,2000,20000,0,0,10000,0,0,8000,8000,2000,0,0,6000,0,0.25,0.0,0.25,da53dc581f4e4c985be7a021d1836dbe839a5694d797a27fdff53731b67d4b0f,100,8,1000,303,assigned_level_sensitivity,dynamic,periodic,0.0,False,1,True,,True,1.0,25.0,0.0,0.0,0.0,0,8000,2000,0.25,0,0.6464163599999839,0.202005112499995,0.516300000000001,10000,0.3075028237776911,8000,8000,0.18826152486347167,5033,0.39722304286708304,0.20790623118877427,0.7920937688112257,0.540375,0.20896151800361137,3.1180355548858643,random_frozen,0.516,0.2546044398477595,new v22 replay
32000,2000,20000,0,0,10000,0,0,8000,8000,2000,0,0,6000,0,0.25,0.0,0.25,ab0dd44a18feee20d22ddb68f45e0babdac7f09d6019214314f0a15e53362590,100,8,1000,404,assigned_level_sensitivity,dynamic,periodic,0.0,False,1,True,,True,1.0,25.0,0.0,0.0,0.0,0,8000,2000,0.25,0,0.6464202899999839,0.20200634062499498,0.516300000000001,10000,0.30794270224483106,8000,8000,0.17552225548256767,4925,0.3770784738056344,0.20823491118690485,0.7917650888130952,0.566875,0.20155621832306675,3.1360456943511963,random_frozen,0.516,0.2546044398477595,new v22 replay
32000,2000,20000,0,0,10000,0,0,8000,8000,2000,0,0,6000,0,0.25,0.0,0.25,372d473f392d3e195965b1c26038c9209c501db2be1e0c47e77a28b3372f3fac,100,8,1000,505,assigned_level_sensitivity,dynamic,periodic,0.0,False,1,True,,True,1.0,25.0,0.0,0.0,0.0,0,8000,2000,0.25,0,0.6464124299999839,0.20200388437499497,0.516300000000001,10000,0.3070531812454123,8000,8000,0.17928279785439807,4840,0.38876739820129624,0.21597752721283484,0.7840224727871652,0.572,0.20948460034689817,3.0707781314849854,random_frozen,0.516,0.2546044398477595,new v22 replay
32000,2000,20000,0,0,10000,0,0,8000,8000,2000,0,0,6000,0,0.25,0.0,0.25,c2761b65e814af2661c2d899b67a7d01a0bb44c48805c311d06b40aea7762b0e,100,8,1000,606,assigned_level_sensitivity,dynamic,periodic,0.0,False,1,True,,True,1.0,25.0,0.0,0.0,0.0,0,8000,2000,0.25,0,0.6464163599999839,0.202005112499995,0.516300000000001,10000,0.30859091678199363,8000,8000,0.1794947781266398,5022,0.38467307265754064,0.20245399458838412,0.7975460054116159,0.563375,0.20517829453090083,3.093313217163086,random_frozen,0.516,0.2546044398477595,new v22 replay
32000,2000,20000,0,0,10000,0,0,8000,8000,2000,0,0,6000,0,0.25,0.0,0.25,0b71a17ab1377ae8836886adc2d2f5be226ffc1382d73e0ca290a277fdcfb57b,100,8,1000,707,assigned_level_sensitivity,dynamic,periodic,0.0,False,1,True,,True,1.0,25.0,0.0,0.0,0.0,0,8000,2000,0.25,0,0.6464124299999839,0.20200388437499497,0.516300000000001,10000,0.30810357385520143,8000,8000,0.17770347748714774,5009,0.3794794362775405,0.2070768732755904,0.7929231267244096,0.560375,0.20177595879039276,3.2368109226226807,random_frozen,0.516,0.2546044398477595,new v22 replay
32000,2000,20000,0,0,10000,0,0,8000,8000,2000,0,0,6000,0,0.25,0.0,0.25,1cc4bf656d7fc631b519239d64ed457f1a201f8e3141413723a9629deb2ee9db,100,8,1000,808,assigned_level_sensitivity,dynamic,periodic,0.0,False,1,True,,True,1.0,25.0,0.0,0.0,0.0,0,8000,2000,0.25,0,0.6464163599999839,0.202005112499995,0.516300000000001,10000,0.3079117418019846,8000,8000,0.18075755301843854,4936,0.39014854612207844,0.210999076949149,0.789000923050851,0.557,0.2093909931036399,3.373460531234741,random_frozen,0.516,0.2546044398477595,new v22 replay
32000,2000,20000,0,0,10000,0,0,8000,8000,2000,0,0,6000,0,0.25,0.0,0.25,c66f8799cc1f530e0c4caed2c7f4c8b56ebc3340e82d0bc070caf70c307f74f0,100,8,1000,909,assigned_level_sensitivity,dynamic,periodic,0.0,False,1,True,,True,1.0,25.0,0.0,0.0,0.0,0,8000,2000,0.25,0,0.6464124299999839,0.20200388437499497,0.516300000000001,10000,0.30833098189793057,8000,8000,0.1866078046211604,4958,0.39467994035492304,0.21991134269053106,0.780088657309469,0.5505,0.20807213573376265,3.560086250305176,random_frozen,0.516,0.2546044398477595,new v22 replay
32000,2000,20000,0,0,10000,0,0,8000,8000,2000,0,0,6000,0,0.25,0.0,0.25,bb2fbe7bac43a88ce71d4a2bff976cf2ade2d1e38ab07c3e3fa0b5f43436faa0,100,8,1000,1010,assigned_level_sensitivity,dynamic,periodic,0.0,False,1,True,,True,1.0,25.0,0.0,0.0,0.0,0,8000,2000,0.25,0,0.6464163599999839,0.202005112499995,0.516300000000001,10000,0.3085841018224538,8000,8000,0.1828656095161486,5091,0.3844092009080136,0.2116457936502245,0.7883542063497755,0.546,0.201543591391865,3.151491165161133,random_frozen,0.516,0.2546044398477595,new v22 replay
40000,4000,26000,0,0,10000,0,0,10000,10000,4000,0,0,6000,0,0.4,0.0,0.4,b15d20aa0ae80b32423ec5fb9ae373c32cfce299c6ba0805a5706926731088ea,100,10,1000,101,assigned_level_sensitivity,dynamic,periodic,0.0,False,1,True,,True,1.0,25.0,0.0,0.0,0.0,0,10000,4000,0.4,0,0.6464163599999839,0.16160408999999598,0.4130400000000008,10000,0.25130881068044963,10000,10000,0.14991629937141351,5440,0.3779213701438892,0.16154756932690112,0.8384524306730989,0.6231,0.2280050707724757,4.37300181388855,random_frozen,0.516,0.2546044398477595,new v22 replay
40000,4000,26000,0,0,10000,0,0,10000,10000,4000,0,0,6000,0,0.4,0.0,0.4,0050b490685b111c85bd875f9de531786cbca04ab9377868d7b82f056cb3edeb,100,10,1000,202,assigned_level_sensitivity,dynamic,periodic,0.0,False,1,True,,True,1.0,25.0,0.0,0.0,0.0,0,10000,4000,0.4,0,0.6464202899999839,0.16160507249999598,0.4130400000000008,10000,0.24766426993763602,10000,10000,0.15316335551575186,5210,0.3973635732521885,0.17765829949115777,0.8223417005088423,0.6312,0.24420021773643666,4.264551877975464,random_frozen,0.516,0.2546044398477595,new v22 replay
40000,4000,26000,0,0,10000,0,0,10000,10000,4000,0,0,6000,0,0.4,0.0,0.4,e5a428e87d1f4131168aef11bfa59893bc29d3c99a6cc9b542dacc77fb8f8521,100,10,1000,303,assigned_level_sensitivity,dynamic,periodic,0.0,False,1,True,,True,1.0,25.0,0.0,0.0,0.0,0,10000,4000,0.4,0,0.6464124299999839,0.16160310749999598,0.4130400000000008,10000,0.2478646327239811,10000,10000,0.1445503893442219,5129,0.3836343111659774,0.16727818321897922,0.8327218167810208,0.638,0.2390839218217555,4.206807851791382,random_frozen,0.516,0.2546044398477595,new v22 replay
40000,4000,26000,0,0,10000,0,0,10000,10000,4000,0,0,6000,0,0.4,0.0,0.4,04baa12a1e5ee1200a66583f080f22feaf39dc770d1ba0bf09a3a2ce2c296559,100,10,1000,404,assigned_level_sensitivity,dynamic,periodic,0.0,False,1,True,,True,1.0,25.0,0.0,0.0,0.0,0,10000,4000,0.4,0,0.6464202899999839,0.16160507249999598,0.4130400000000008,10000,0.24738148944125984,10000,10000,0.14176637739850428,5320,0.36749335324813803,0.1702772886464127,0.8297227113535873,0.6351,0.22572697584963375,4.190014600753784,random_frozen,0.516,0.2546044398477595,new v22 replay
40000,4000,26000,0,0,10000,0,0,10000,10000,4000,0,0,6000,0,0.4,0.0,0.4,43838d32cb60410483a8675b976e1d55db603bdeed9f190b55effccda698aded,100,10,1000,505,assigned_level_sensitivity,dynamic,periodic,0.0,False,1,True,,True,1.0,25.0,0.0,0.0,0.0,0,10000,4000,0.4,0,0.6464163599999839,0.16160408999999598,0.4130400000000008,10000,0.249572128297988,10000,10000,0.14024587200806363,5220,0.36863418362989203,0.16708632365623916,0.8329136763437608,0.6488,0.2283883116218284,4.30272364616394,random_frozen,0.516,0.2546044398477595,new v22 replay
40000,4000,26000,0,0,10000,0,0,10000,10000,4000,0,0,6000,0,0.4,0.0,0.4,87ad02338a628fa7f119674e0ca3d4f56f674915d1aad85124a7eff9d9f0bbad,100,10,1000,606,assigned_level_sensitivity,dynamic,periodic,0.0,False,1,True,,True,1.0,25.0,0.0,0.0,0.0,0,10000,4000,0.4,0,0.6464163599999839,0.16160408999999598,0.4130400000000008,10000,0.2497287619615452,10000,10000,0.15335066788080806,5280,0.3913135037311047,0.1695723913458656,0.8304276086541345,0.634,0.23796283585029662,4.263899803161621,random_frozen,0.516,0.2546044398477595,new v22 replay
40000,4000,26000,0,0,10000,0,0,10000,10000,4000,0,0,6000,0,0.4,0.0,0.4,f9cd445595eb13e9a4e2c3b4ae045d823d3615f5e9b3ec82310ad7cabd901a58,100,10,1000,707,assigned_level_sensitivity,dynamic,periodic,0.0,False,1,True,,True,1.0,25.0,0.0,0.0,0.0,0,10000,4000,0.4,0,0.6464163599999839,0.16160408999999598,0.4130400000000008,10000,0.24829907529031256,10000,10000,0.14458921355937351,5140,0.3814723169057812,0.16250783977086808,0.8374921602291319,0.6449,0.2368831033464077,4.100496292114258,random_frozen,0.516,0.2546044398477595,new v22 replay
40000,4000,26000,0,0,10000,0,0,10000,10000,4000,0,0,6000,0,0.4,0.0,0.4,559e1a53e2640b6b1a2a440f213e633b82479ae95ec28ef5853e0aa949f1a341,100,10,1000,808,assigned_level_sensitivity,dynamic,periodic,0.0,False,1,True,,True,1.0,25.0,0.0,0.0,0.0,0,10000,4000,0.4,0,0.6464124299999839,0.16160310749999598,0.4130400000000008,10000,0.24870107817868234,10000,10000,0.14799924361074324,5260,0.38852828624333,0.16295072036871588,0.8370492796312841,0.63,0.2405290426325868,4.167261838912964,random_frozen,0.516,0.2546044398477595,new v22 replay
40000,4000,26000,0,0,10000,0,0,10000,10000,4000,0,0,6000,0,0.4,0.0,0.4,38ad4c49d6ba3fefca42266bf1c6b7d5491dbb13b9bde9115e53e8f3fc181569,100,10,1000,909,assigned_level_sensitivity,dynamic,periodic,0.0,False,1,True,,True,1.0,25.0,0.0,0.0,0.0,0,10000,4000,0.4,0,0.6464202899999839,0.16160507249999598,0.4130400000000008,10000,0.24946308606501538,10000,10000,0.13536773808037422,5180,0.3661949504747161,0.15933245335022084,0.8406675466497792,0.652,0.2308272123943419,4.067392826080322,random_frozen,0.516,0.2546044398477595,new v22 replay
40000,4000,26000,0,0,10000,0,0,10000,10000,4000,0,0,6000,0,0.4,0.0,0.4,fc97127d60f55bb8ea3a185a715e778165c73d2b384d8528fe695eb32de531e6,100,10,1000,1010,assigned_level_sensitivity,dynamic,periodic,0.0,False,1,True,,True,1.0,25.0,0.0,0.0,0.0,0,10000,4000,0.4,0,0.6464202899999839,0.16160507249999598,0.4130400000000008,10000,0.24920107276571057,10000,10000,0.14790302981763692,5091,0.3965057491019926,0.16524452048544802,0.834755479514552,0.6348,0.24860271928435568,3.9717891216278076,random_frozen,0.516,0.2546044398477595,new v22 replay
16000,0,753,0,0,15247,0,0,4000,4000,0,0,0,4000,0,0.0,0.0,0.0,dce8c3aa8aaa5637c1ae64d2d5423df4afd9cf066c6e290fc1174faea4a39496,150,4,1000,101,assigned_level_sensitivity,dynamic,periodic,0.0,False,1,True,,True,1.0,25.0,0.0,0.0,0.0,0,4000,0,0.0,0,0.6445829081130016,0.6142472249999334,0.6884000000000013,15247,0.6485078853845248,4000,4000,0.4623709225925986,3952,0.476144814411785,0.6152792095911895,0.38472079040881046,0.067,0.013773891819186423,2.1247336864471436,random_frozen,0.516,0.2546044398477595,new v22 replay
16000,0,896,0,0,15104,0,0,4000,4000,0,0,0,4000,0,0.0,0.0,0.0,e8d177c71876f470b6cf10977b0146424b0bb923d62d05d5296dec6e9c9de69b,150,4,1000,202,assigned_level_sensitivity,dynamic,periodic,0.0,False,1,True,,True,1.0,25.0,0.0,0.0,0.0,0,4000,0,0.0,0,0.6454213983050178,0.6092777999999367,0.6884000000000013,15104,0.6461916395413806,4000,4000,0.4634819480417953,3952,0.47471917220926996,0.6180086326706012,0.38199136732939876,0.08,0.011237224167474635,2.136679172515869,random_frozen,0.516,0.2546044398477595,new v22 replay
16000,0,785,0,0,15215,0,0,4000,4000,0,0,0,4000,0,0.0,0.0,0.0,a6aa5b13d093d48726a7826627059a4204861f3107622b67e4ffef79850df169,150,4,1000,303,assigned_level_sensitivity,dynamic,periodic,0.0,False,1,True,,True,1.0,25.0,0.0,0.0,0.0,0,4000,0,0.0,0,0.645492645415641,0.6138231624999361,0.6884000000000013,15215,0.648558306813041,4000,4000,0.455687264283394,3944,0.4679307081938606,0.6063343803121171,0.39366561968788294,0.08025,0.012243443910466612,2.338085651397705,random_frozen,0.516,0.2546044398477595,new v22 replay
16000,0,826,0,0,15174,0,0,4000,4000,0,0,0,4000,0,0.0,0.0,0.0,68a92b10770817879e334a7dd251216bc3d21fd9263414cd05642fa21533dab5,150,4,1000,404,assigned_level_sensitivity,dynamic,periodic,0.0,False,1,True,,True,1.0,25.0,0.0,0.0,0.0,0,4000,0,0.0,0,0.645779207855473,0.6124408562499342,0.6884000000000013,15174,0.647551035523232,4000,4000,0.4627319948441064,3976,0.4738377767503112,0.6080341032196452,0.39196589678035476,0.07325,0.011105781906204815,2.128708600997925,random_frozen,0.516,0.2546044398477595,new v22 replay
16000,0,844,0,0,15156,0,0,4000,4000,0,0,0,4000,0,0.0,0.0,0.0,a5582713e2250a2fed5147f84eb22733fb4a3d5d8a96b2ad7063637bdc8b5c2f,150,4,1000,505,assigned_level_sensitivity,dynamic,periodic,0.0,False,1,True,,True,1.0,25.0,0.0,0.0,0.0,0,4000,0,0.0,0,0.6454723805752826,0.6114237124999364,0.6884000000000013,15156,0.6457303873177623,4000,4000,0.46280028195756384,3948,0.4760957679591494,0.6095043307186888,0.3904956692813112,0.07675,0.013295486001585533,2.0901780128479004,random_frozen,0.516,0.2546044398477595,new v22 replay
16000,0,767,0,0,15233,0,0,4000,4000,0,0,0,4000,0,0.0,0.0,0.0,610c59b6101914a81adbf1b4f1d174804011c261d5ca56f44c21abb5aca936b4,150,4,1000,606,assigned_level_sensitivity,dynamic,periodic,0.0,False,1,True,,True,1.0,25.0,0.0,0.0,0.0,0,4000,0,0.0,0,0.6450439703275125,0.6141221749999374,0.6884000000000013,15233,0.6495855111289675,4000,4000,0.45960784578543,3968,0.4727621706402459,0.6029232608732027,0.3970767391267973,0.07025,0.01315432485481588,2.0785934925079346,random_frozen,0.516,0.2546044398477595,new v22 replay
16000,0,792,0,0,15208,0,0,4000,4000,0,0,0,4000,0,0.0,0.0,0.0,10e7d3cf1ccac32325bd8322813bd1340e23ecbf1b2f05252bbaba16207441c5,150,4,1000,707,assigned_level_sensitivity,dynamic,periodic,0.0,False,1,True,,True,1.0,25.0,0.0,0.0,0.0,0,4000,0,0.0,0,0.6460260652287615,0.6140477749999378,0.6884000000000013,15208,0.6489958031413638,4000,4000,0.4602745438477766,3960,0.4734439308792416,0.6076003863650095,0.39239961363499054,0.072,0.013169387031464974,2.0715343952178955,random_frozen,0.516,0.2546044398477595,new v22 replay
16000,0,785,0,0,15215,0,0,4000,4000,0,0,0,4000,0,0.0,0.0,0.0,5bddb1ec6bd7aa099656c4bcd4595a6452b134372744947c2f11bb5c9940609a,150,4,1000,808,assigned_level_sensitivity,dynamic,periodic,0.0,False,1,True,,True,1.0,25.0,0.0,0.0,0.0,0,4000,0,0.0,0,0.6452413342095963,0.613584181249938,0.6884000000000013,15215,0.6474301611838252,4000,4000,0.46146359009433363,3896,0.47913108307726504,0.6177769323587579,0.38222306764124214,0.08,0.01766749298293141,2.0752124786376953,random_frozen,0.516,0.2546044398477595,new v22 replay
16000,0,812,0,0,15188,0,0,4000,4000,0,0,0,4000,0,0.0,0.0,0.0,6413ae7aa87238e504e9e4693802bb571ec075c4316ff2622c10ab08c7781733,150,4,1000,909,assigned_level_sensitivity,dynamic,periodic,0.0,False,1,True,,True,1.0,25.0,0.0,0.0,0.0,0,4000,0,0.0,0,0.645801850144784,0.6130274062499362,0.6884000000000013,15188,0.6462039877397617,4000,4000,0.4644417934830745,3968,0.4757510658001648,0.6095455232590103,0.39045447674098965,0.06725,0.01130927231709028,2.1499266624450684,random_frozen,0.516,0.2546044398477595,new v22 replay
16000,0,794,0,0,15206,0,0,4000,4000,0,0,0,4000,0,0.0,0.0,0.0,6f28b524fe3ba3b15517f15638aefb82c2dc4e9cbd62630622fbd1cf08fbf448,150,4,1000,1010,assigned_level_sensitivity,dynamic,periodic,0.0,False,1,True,,True,1.0,25.0,0.0,0.0,0.0,0,4000,0,0.0,0,0.6451585032223438,0.613142512499935,0.6884000000000013,15206,0.6451009583632641,4000,4000,0.4648109434967316,3968,0.4787167290213066,0.607348141299439,0.39265185870056096,0.056,0.013905785524574998,2.292647361755371,random_frozen,0.516,0.2546044398477595,new v22 replay
24000,0,2886,0,0,21114,0,0,6000,6000,0,0,0,6000,0,0.0,0.0,0.0,f310434bb6add6f65f32157225f914a0b7691547d59235f608b1e160cebbbd50,150,6,1000,101,assigned_level_sensitivity,dynamic,periodic,0.0,False,1,True,,True,1.0,25.0,0.0,0.0,0.0,0,6000,0,0.0,0,0.6129921189729957,0.5392798166664929,0.6884000000000013,21114,0.6034891003622661,6000,6000,0.4090898881496547,5796,0.43871886755955003,0.5907391778466257,0.40926082215337434,0.12133333333333333,0.02962897940989534,2.8978211879730225,random_frozen,0.516,0.2546044398477595,new v22 replay
24000,0,2876,0,0,21124,0,0,6000,6000,0,0,0,6000,0,0.0,0.0,0.0,4b6c8c8482de82da0b18b21ef516955a490137ecaec90a4df1111746ac0403ea,150,6,1000,202,assigned_level_sensitivity,dynamic,periodic,0.0,False,1,True,,True,1.0,25.0,0.0,0.0,0.0,0,6000,0,0.0,0,0.612991819730914,0.5395349666664928,0.6884000000000013,21124,0.6053277153777572,6000,6000,0.40965104139610165,5816,0.4374131425658584,0.5952259981982162,0.4047740018017838,0.12466666666666666,0.027762101169756748,2.8008482456207275,random_frozen,0.516,0.2546044398477595,new v22 replay
24000,0,2928,0,0,21072,0,0,6000,6000,0,0,0,6000,0,0.0,0.0,0.0,1828cbec67075c028042325d69913b449ff4c01579ab89092abecc067f9c78f4,150,6,1000,303,assigned_level_sensitivity,dynamic,periodic,0.0,False,1,True,,True,1.0,25.0,0.0,0.0,0.0,0,6000,0,0.0,0,0.6131376518600915,0.5383348583331603,0.6884000000000013,21072,0.6039362518596615,6000,6000,0.4109472748669217,5828,0.43881022473994297,0.59115619994234,0.40884380005765997,0.11716666666666667,0.027862949873021292,2.947542190551758,random_frozen,0.516,0.2546044398477595,new v22 replay
24000,0,2860,0,0,21140,0,0,6000,6000,0,0,0,6000,0,0.0,0.0,0.0,0b39721189d246c34218de1a7d5a713741ce12a3df3126598104f4422c15a1ab,150,6,1000,404,assigned_level_sensitivity,dynamic,periodic,0.0,False,1,True,,True,1.0,25.0,0.0,0.0,0.0,0,6000,0,0.0,0,0.61292000473017,0.5398803708331582,0.6884000000000013,21140,0.6051460902510164,6000,6000,0.4112971160003481,5796,0.44036216464518146,0.5914862554292483,0.40851374457075174,0.12066666666666667,0.02906504864483339,2.8903205394744873,random_frozen,0.516,0.2546044398477595,new v22 replay
24000,0,2788,0,0,21212,0,0,6000,6000,0,0,0,6000,0,0.0,0.0,0.0,a63feb8735ae2864b0dd367e99fa9ddaad0e1105c5f6ed6d5ac9b7263bd835f0,150,6,1000,505,assigned_level_sensitivity,dynamic,periodic,0.0,False,1,True,,True,1.0,25.0,0.0,0.0,0.0,0,6000,0,0.0,0,0.6124885300771149,0.5413377791664901,0.6884000000000013,21212,0.6058028130210807,6000,6000,0.41287892800417875,5816,0.4403703082668606,0.5911972619743631,0.40880273802563694,0.11133333333333334,0.02749138026268183,2.9513068199157715,random_frozen,0.516,0.2546044398477595,new v22 replay
24000,0,2848,0,0,21152,0,0,6000,6000,0,0,0,6000,0,0.0,0.0,0.0,7b3dc080cd82fe68c38048cb70866b53436a8425ab576b9e6ee232d5b3e6220f,150,6,1000,606,assigned_level_sensitivity,dynamic,periodic,0.0,False,1,True,,True,1.0,25.0,0.0,0.0,0.0,0,6000,0,0.0,0,0.6128102543492726,0.5400901041664923,0.6884000000000013,21152,0.6050120237483513,6000,6000,0.4129676656778238,5812,0.441332038751861,0.5949212407146437,0.4050787592853563,0.11333333333333333,0.02836437307403722,2.863776445388794,random_frozen,0.516,0.2546044398477595,new v22 replay
24000,0,2916,0,0,21084,0,0,6000,6000,0,0,0,6000,0,0.0,0.0,0.0,edf84c72531dea3a4492541ff7e06836c5a4dc017617f9aaec6a07e53d816e15,150,6,1000,707,assigned_level_sensitivity,dynamic,periodic,0.0,False,1,True,,True,1.0,25.0,0.0,0.0,0.0,0,6000,0,0.0,0,0.6131689337884583,0.5386689083331606,0.6884000000000013,21084,0.6029936282190784,6000,6000,0.4080087726915422,5800,0.4388977464830901,0.5844385119493261,0.41556148805067394,0.11933333333333333,0.030888973791547925,2.8275842666625977,random_frozen,0.516,0.2546044398477595,new v22 replay
24000,0,2872,0,0,21128,0,0,6000,6000,0,0,0,6000,0,0.0,0.0,0.0,f25ab7cff943fe2d106d8226e7f75553a78a2e97229afc0b0adeefe5aeea2f6c,150,6,1000,808,assigned_level_sensitivity,dynamic,periodic,0.0,False,1,True,,True,1.0,25.0,0.0,0.0,0.0,0,6000,0,0.0,0,0.613036170011162,0.5396761749998262,0.6884000000000013,21128,0.6054343199857224,6000,6000,0.408423683272091,5784,0.4387236125683591,0.5925000644985748,0.40749993550142516,0.12116666666666667,0.030299929296268124,2.943303346633911,random_frozen,0.516,0.2546044398477595,new v22 replay
24000,0,2816,0,0,21184,0,0,6000,6000,0,0,0,6000,0,0.0,0.0,0.0,82ef200d0f8095a40bee605b2f4d4de46b33830b7a89e9ae043c6cbf0814b3e5,150,6,1000,909,assigned_level_sensitivity,dynamic,periodic,0.0,False,1,True,,True,1.0,25.0,0.0,0.0,0.0,0,6000,0,0.0,0,0.6126381655964772,0.5407552874998239,0.6884000000000013,21184,0.6056827536356255,6000,6000,0.41038285177995876,5816,0.43795065821684875,0.5978748083623013,0.40212519163769866,0.11666666666666667,0.027567806436889997,2.8791096210479736,random_frozen,0.516,0.2546044398477595,new v22 replay
24000,0,2900,0,0,21100,0,0,6000,6000,0,0,0,6000,0,0.0,0.0,0.0,f81ad1c5f56d0e4d3a6312f62165c6106d3f219c63e9842dbdd3b1dc773eb6de,150,6,1000,1010,assigned_level_sensitivity,dynamic,periodic,0.0,False,1,True,,True,1.0,25.0,0.0,0.0,0.0,0,6000,0,0.0,0,0.613229710900278,0.5391311208331612,0.6884000000000013,21100,0.6034917663578503,6000,6000,0.41095325541283995,5804,0.4404086947372974,0.586038887131835,0.41396111286816495,0.11983333333333333,0.029455439324457433,2.9454619884490967,random_frozen,0.516,0.2546044398477595,new v22 replay
32000,0,15000,0,0,17000,0,0,8000,8000,0,0,0,8000,0,0.0,0.0,0.0,c63860c4f383f7f6d7fc170ed513335602837a63cfe0e484caa2758ea1b1da40,150,8,1000,101,assigned_level_sensitivity,dynamic,periodic,0.0,False,1,True,,True,1.0,25.0,0.0,0.0,0.0,0,8000,0,0.0,0,0.634874705882199,0.33727718749991825,0.6884000000000013,17000,0.4731498741519526,8000,8000,0.29096116357042934,6848,0.41316352420155456,0.35457538259606725,0.6454246174039328,0.327875,0.12220236063112522,3.509993314743042,random_frozen,0.516,0.2546044398477595,new v22 replay
32000,0,15000,0,0,17000,0,0,8000,8000,0,0,0,8000,0,0.0,0.0,0.0,153257be2a38ab92bc028530f92663d958bb0130aad5697f98281b9496ad7b8a,150,8,1000,202,assigned_level_sensitivity,dynamic,periodic,0.0,False,1,True,,True,1.0,25.0,0.0,0.0,0.0,0,8000,0,0.0,0,0.6349741117645525,0.33732999687491855,0.6884000000000013,17000,0.4734175923762165,8000,8000,0.2892730960658852,6888,0.4063645112918462,0.3551878408687863,0.6448121591312137,0.339,0.117091415225961,3.5117456912994385,random_frozen,0.516,0.2546044398477595,new v22 replay
32000,0,15000,0,0,17000,0,0,8000,8000,0,0,0,8000,0,0.0,0.0,0.0,72f488fbf55d77743fd0b1e8ddee780df8f3fcb7b2cd9552889f6363943fa80f,150,8,1000,303,assigned_level_sensitivity,dynamic,periodic,0.0,False,1,True,,True,1.0,25.0,0.0,0.0,0.0,0,8000,0,0.0,0,0.6350642705880825,0.33737789374991883,0.6884000000000013,17000,0.4730253212380302,8000,8000,0.29080653062406725,6856,0.4100526279108693,0.36323294593799516,0.6367670540620048,0.333,0.11924609728680208,3.6620943546295166,random_frozen,0.516,0.2546044398477595,new v22 replay
32000,0,15000,0,0,17000,0,0,8000,8000,0,0,0,8000,0,0.0,0.0,0.0,35b972932fea07f4c873b543f07aafaf6180be174832d1385d62060f4a5cc534,150,8,1000,404,assigned_level_sensitivity,dynamic,periodic,0.0,False,1,True,,True,1.0,25.0,0.0,0.0,0.0,0,8000,0,0.0,0,0.6350319058821998,0.3373606999999187,0.6884000000000013,17000,0.4727495151181507,8000,8000,0.2924787364738199,6840,0.4180728543410487,0.3501315647288327,0.6498684352711672,0.323,0.1255941178672288,3.653817892074585,random_frozen,0.516,0.2546044398477595,new v22 replay
32000,0,15000,0,0,17000,0,0,8000,8000,0,0,0,8000,0,0.0,0.0,0.0,71b8978e40f47783c77a1aeeb5b6ff10a422a706e14cdb60311a2f3cb0bc2f6a,150,8,1000,505,assigned_level_sensitivity,dynamic,periodic,0.0,False,1,True,,True,1.0,25.0,0.0,0.0,0.0,0,8000,0,0.0,0,0.6348492764704342,0.33726367812491814,0.6884000000000013,17000,0.47336175520918894,8000,8000,0.2966829738478787,6888,0.41502623065376837,0.3635749171759993,0.6364250828240007,0.322,0.1183432568058897,3.599602222442627,random_frozen,0.516,0.2546044398477595,new v22 replay
32000,0,15000,0,0,17000,0,0,8000,8000,0,0,0,8000,0,0.0,0.0,0.0,7992b24107b90f806aa3cabb32b76af42c57f40a492fc1760ec9f2b91932463d,150,8,1000,606,assigned_level_sensitivity,dynamic,periodic,0.0,False,1,True,,True,1.0,25.0,0.0,0.0,0.0,0,8000,0,0.0,0,0.635011099999847,0.3373496468749187,0.6884000000000013,17000,0.47248626965284185,8000,8000,0.2887425940115299,6848,0.40552298208062615,0.3561473653547945,0.6438526346452055,0.334,0.11678038806909624,3.5569684505462646,random_frozen,0.516,0.2546044398477595,new v22 replay
32000,0,15000,0,0,17000,0,0,8000,8000,0,0,0,8000,0,0.0,0.0,0.0,6325f822143d9c985b65fa644054a66fed771e721ba554a3b3aa2a29437faa03,150,8,1000,707,assigned_level_sensitivity,dynamic,periodic,0.0,False,1,True,,True,1.0,25.0,0.0,0.0,0.0,0,8000,0,0.0,0,0.6350665823527883,0.33737912187491886,0.6884000000000013,17000,0.47213388877113455,8000,8000,0.29369298325395743,6808,0.4152256759395609,0.37079486292136427,0.6292051370786358,0.325,0.12153269268560346,3.5077974796295166,random_frozen,0.516,0.2546044398477595,new v22 replay
32000,0,15000,0,0,17000,0,0,8000,8000,0,0,0,8000,0,0.0,0.0,0.0,0c0566a4c99851bf015bc98925f18e16f923cbeb066f6ad787d49a3eec70ea17,150,8,1000,808,assigned_level_sensitivity,dynamic,periodic,0.0,False,1,True,,True,1.0,25.0,0.0,0.0,0.0,0,8000,0,0.0,0,0.6349926058821996,0.33733982187491857,0.6884000000000013,17000,0.4731053309443902,8000,8000,0.2851248048020182,6784,0.41107844918448583,0.348042743349826,0.651957256650174,0.336,0.12595364438246764,3.4569168090820312,random_frozen,0.516,0.2546044398477595,new v22 replay
32000,0,15000,0,0,17000,0,0,8000,8000,0,0,0,8000,0,0.0,0.0,0.0,205f303a94ed3cb76d0854488deaf2d434b42c8cce6aa94c33c2ec4928f82b6a,150,8,1000,909,assigned_level_sensitivity,dynamic,periodic,0.0,False,1,True,,True,1.0,25.0,0.0,0.0,0.0,0,8000,0,0.0,0,0.6350688941174943,0.33738034999991884,0.6884000000000013,17000,0.47330170155963625,8000,8000,0.286351333725306,6848,0.4072866788905485,0.35333184801151923,0.6466681519884807,0.338,0.12093534516524246,3.492865800857544,random_frozen,0.516,0.2546044398477595,new v22 replay
32000,0,15000,0,0,17000,0,0,8000,8000,0,0,0,8000,0,0.0,0.0,0.0,af093126002fd60ec82ad09bc6bef1582711a1f92b9e47732703effc1d436957,150,8,1000,1010,assigned_level_sensitivity,dynamic,periodic,0.0,False,1,True,,True,1.0,25.0,0.0,0.0,0.0,0,8000,0,0.0,0,0.6350087882351411,0.33734841874991867,0.6884000000000013,17000,0.47278804968316973,8000,8000,0.291520079162802,6856,0.41439803887005594,0.35906080513509214,0.6409391948649079,0.327,0.12287795970725396,3.55983304977417,random_frozen,0.516,0.2546044398477595,new v22 replay
40000,0,27000,0,0,13000,0,0,10000,10000,0,0,0,10000,0,0.0,0.0,0.0,089213baaee274d4f0641e86a2fceb7f37fcf02f54633580e843012822fad741,150,10,1000,101,assigned_level_sensitivity,dynamic,periodic,0.0,False,1,True,,True,1.0,25.0,0.0,0.0,0.0,0,10000,0,0.0,0,0.6632173307691713,0.21554563249998068,0.6884000000000013,13000,0.34452184811772807,10000,10000,0.19750185588613092,7340,0.38118057484607826,0.2205031160848236,0.7794968839151764,0.5079,0.18367871895994733,4.114299535751343,random_frozen,0.516,0.2546044398477595,new v22 replay
40000,0,27000,0,0,13000,0,0,10000,10000,0,0,0,10000,0,0.0,0.0,0.0,a39aa1e845d71c140592ae63f89db294728ac58a34b23ef7f83d29b891d96403,150,10,1000,202,assigned_level_sensitivity,dynamic,periodic,0.0,False,1,True,,True,1.0,25.0,0.0,0.0,0.0,0,10000,0,0.0,0,0.6632173307691713,0.21554563249998068,0.6884000000000013,13000,0.34370781064421235,10000,10000,0.199389634539474,7280,0.3869063621192879,0.21926792098054979,0.7807320790194502,0.51,0.1875167275798139,4.222519159317017,random_frozen,0.516,0.2546044398477595,new v22 replay
40000,0,27000,0,0,13000,0,0,10000,10000,0,0,0,10000,0,0.0,0.0,0.0,2f58408ffa1af27162eccc8e6f90ee402ac457f73cf4b4a9260a5ad6a7f245af,150,10,1000,303,assigned_level_sensitivity,dynamic,periodic,0.0,False,1,True,,True,1.0,25.0,0.0,0.0,0.0,0,10000,0,0.0,0,0.6658262461537969,0.216393529999984,0.6884000000000013,13000,0.3453871973521632,10000,10000,0.1983343808702598,7340,0.3866606630648995,0.2117803700297666,0.7882196299702334,0.5063,0.18832628219463968,4.120494604110718,random_frozen,0.516,0.2546044398477595,new v22 replay
40000,0,27000,0,0,13000,0,0,10000,10000,0,0,0,10000,0,0.0,0.0,0.0,c727114f2369f249d8ddda870a43a75176557d11f6a2eec7f34bd9242fb51c55,150,10,1000,404,assigned_level_sensitivity,dynamic,periodic,0.0,False,1,True,,True,1.0,25.0,0.0,0.0,0.0,0,10000,0,0.0,0,0.6658262461537969,0.216393529999984,0.6884000000000013,13000,0.34523896203719623,10000,10000,0.19863337384842686,7340,0.38476379100228547,0.22105586681097864,0.7789441331890213,0.508,0.1861304171538586,4.241400718688965,random_frozen,0.516,0.2546044398477595,new v22 replay
40000,0,27000,0,0,13000,0,0,10000,10000,0,0,0,10000,0,0.0,0.0,0.0,b26479cca317d5efb723e2f863b0bb23adc345d84dfba9d4280d3d68ff2f5e20,150,10,1000,505,assigned_level_sensitivity,dynamic,periodic,0.0,False,1,True,,True,1.0,25.0,0.0,0.0,0.0,0,10000,0,0.0,0,0.6658232230768738,0.216392547499984,0.6884000000000013,13000,0.34549194423310725,10000,10000,0.19915653949212198,7300,0.389393555327102,0.21446235677710224,0.7855376432228978,0.502,0.19023701583498004,4.363348960876465,random_frozen,0.516,0.2546044398477595,new v22 replay
40000,0,27000,0,0,13000,0,0,10000,10000,0,0,0,10000,0,0.0,0.0,0.0,cc5108984896c782d03ec7889a83322d8c1c960f958895eaa0042a8e3b06a52b,150,10,1000,606,assigned_level_sensitivity,dynamic,periodic,0.0,False,1,True,,True,1.0,25.0,0.0,0.0,0.0,0,10000,0,0.0,0,0.66582926923072,0.21639451249998395,0.6884000000000013,13000,0.3454110559614581,10000,10000,0.20046579537089143,7300,0.389042728833769,0.21652189724556878,0.7834781027544312,0.5043,0.18857693346287757,4.516386985778809,random_frozen,0.516,0.2546044398477595,new v22 replay
40000,0,27000,0,0,13000,0,0,10000,10000,0,0,0,10000,0,0.0,0.0,0.0,ac05d22015da54c03f32b50a9ee208c387d3b5cd9bae7a9206a6c2a648538b57,150,10,1000,707,assigned_level_sensitivity,dynamic,periodic,0.0,False,1,True,,True,1.0,25.0,0.0,0.0,0.0,0,10000,0,0.0,0,0.6658262461537969,0.216393529999984,0.6884000000000013,13000,0.3457846529839132,10000,10000,0.202590216559912,7378,0.3918873028037341,0.2136327155235335,0.7863672844764665,0.504,0.18929708624382213,4.351580858230591,random_frozen,0.516,0.2546044398477595,new v22 replay
40000,0,27000,0,0,13000,0,0,10000,10000,0,0,0,10000,0,0.0,0.0,0.0,a379d821bfe8c8fea491e87d085a60dea66fe18360f999362d55d5e871cbd5da,150,10,1000,808,assigned_level_sensitivity,dynamic,periodic,0.0,False,1,True,,True,1.0,25.0,0.0,0.0,0.0,0,10000,0,0.0,0,0.6632173307691713,0.21554563249998068,0.6884000000000013,13000,0.34377728028481847,10000,10000,0.19786999805967828,7260,0.3869520766908934,0.2194199768860187,0.7805800231139813,0.5081,0.1890820786312151,4.33104133605957,random_frozen,0.516,0.2546044398477595,new v22 replay
40000,0,27000,0,0,13000,0,0,10000,10000,0,0,0,10000,0,0.0,0.0,0.0,8cc5a2dc755fef6857edd0570626ce94fc5b007fd3061f5eac14e7600023de81,150,10,1000,909,assigned_level_sensitivity,dynamic,periodic,0.0,False,1,True,,True,1.0,25.0,0.0,0.0,0.0,0,10000,0,0.0,0,0.6632203538460945,0.2155466149999807,0.6884000000000013,13000,0.3442565488541983,10000,10000,0.19963754747585064,7320,0.39019122239391,0.21648171030603153,0.7835182896939685,0.4899,0.19055367491805938,4.213286638259888,random_frozen,0.516,0.2546044398477595,new v22 replay
40000,0,27000,0,0,13000,0,0,10000,10000,0,0,0,10000,0,0.0,0.0,0.0,691176c9f13d8e67c7d3c7daf5d4ece368b026a6394a0da43bcc0c0676ab28f5,150,10,1000,1010,assigned_level_sensitivity,dynamic,periodic,0.0,False,1,True,,True,1.0,25.0,0.0,0.0,0.0,0,10000,0,0.0,0,0.6658262461537969,0.216393529999984,0.6884000000000013,13000,0.3451540427160432,10000,10000,0.2016701908806087,7280,0.3946334905342896,0.21105086023789382,0.7889491397621062,0.496,0.1929632996536809,4.355715751647949,random_frozen,0.516,0.2546044398477595,new v22 replay
16000,0,184,0,0,15816,0,0,4000,4000,0,0,0,4000,0,0.0,0.0,0.0,dce8c3aa8aaa5637c1ae64d2d5423df4afd9cf066c6e290fc1174faea4a39496,200,4,1000,101,assigned_level_sensitivity,dynamic,periodic,0.0,False,1,True,,True,1.0,25.0,0.0,0.0,0.0,0,4000,0,0.0,0,0.670106569296796,0.6624003437498829,0.6884000000000013,15816,0.6740584777468707,4000,4000,0.48763376053707375,3984,0.49209551608708585,0.627636621375891,0.37236337862410895,0.06,0.004461755550012103,2.3100173473358154,random_frozen,0.516,0.2546044398477595,new v22 replay
16000,0,144,0,0,15856,0,0,4000,4000,0,0,0,4000,0,0.0,0.0,0.0,e8d177c71876f470b6cf10977b0146424b0bb923d62d05d5296dec6e9c9de69b,200,4,1000,202,assigned_level_sensitivity,dynamic,periodic,0.0,False,1,True,,True,1.0,25.0,0.0,0.0,0.0,0,4000,0,0.0,0,0.6693421480826267,0.6633180687498831,0.6884000000000013,15856,0.6751086792574895,4000,4000,0.4842234031572731,3992,0.48681414486711805,0.6315675004168709,0.36843249958312907,0.07025,0.002590741709844968,2.57893443107605,random_frozen,0.516,0.2546044398477595,new v22 replay
16000,0,64,0,0,15936,0,0,4000,4000,0,0,0,4000,0,0.0,0.0,0.0,a6aa5b13d093d48726a7826627059a4204861f3107622b67e4ffef79850df169,200,4,1000,303,assigned_level_sensitivity,dynamic,periodic,0.0,False,1,True,,True,1.0,25.0,0.0,0.0,0.0,0,4000,0,0.0,0,0.6682300012549016,0.665557081249882,0.6884000000000013,15936,0.6768879775740906,4000,4000,0.4862576905350134,3984,0.48984285171344133,0.6345060802167746,0.36549391978322543,0.066,0.0035851611784279425,2.3123276233673096,random_frozen,0.516,0.2546044398477595,new v22 replay
16000,0,112,0,0,15888,0,0,4000,4000,0,0,0,4000,0,0.0,0.0,0.0,68a92b10770817879e334a7dd251216bc3d21fd9263414cd05642fa21533dab5,200,4,1000,404,assigned_level_sensitivity,dynamic,periodic,0.0,False,1,True,,True,1.0,25.0,0.0,0.0,0.0,0,4000,0,0.0,0,0.6690344222053157,0.6643511812498786,0.6884000000000013,15888,0.6753259475129072,4000,4000,0.4877551722009437,3992,0.4894077256641485,0.6294271986657491,0.37057280133425086,0.06575,0.0016525534632047534,2.2044355869293213,random_frozen,0.516,0.2546044398477595,new v22 replay
16000,0,72,0,0,15928,0,0,4000,4000,0,0,0,4000,0,0.0,0.0,0.0,a5582713e2250a2fed5147f84eb22733fb4a3d5d8a96b2ad7063637bdc8b5c2f,200,4,1000,505,assigned_level_sensitivity,dynamic,periodic,0.0,False,1,True,,True,1.0,25.0,0.0,0.0,0.0,0,4000,0,0.0,0,0.6695613071319751,0.6665482812498813,0.6884000000000013,15928,0.6773927153596504,4000,4000,0.49275182139139256,4000,0.49433152758448967,0.6373959563803351,0.3626040436196649,0.066,0.001579706193097108,2.1748275756835938,random_frozen,0.516,0.2546044398477595,new v22 replay
16000,0,120,0,0,15880,0,0,4000,4000,0,0,0,4000,0,0.0,0.0,0.0,610c59b6101914a81adbf1b4f1d174804011c261d5ca56f44c21abb5aca936b4,200,4,1000,606,assigned_level_sensitivity,dynamic,periodic,0.0,False,1,True,,True,1.0,25.0,0.0,0.0,0.0,0,4000,0,0.0,0,0.668893532745472,0.663876831249881,0.6884000000000013,15880,0.6751540681138712,4000,4000,0.491762780624694,3984,0.4957025214665906,0.6388245792075883,0.3611754207924117,0.06025,0.003939740841896633,2.2085800170898438,random_frozen,0.516,0.2546044398477595,new v22 replay
16000,0,136,0,0,15864,0,0,4000,4000,0,0,0,4000,0,0.0,0.0,0.0,10e7d3cf1ccac32325bd8322813bd1340e23ecbf1b2f05252bbaba16207441c5,200,4,1000,707,assigned_level_sensitivity,dynamic,periodic,0.0,False,1,True,,True,1.0,25.0,0.0,0.0,0.0,0,4000,0,0.0,0,0.6695675113463263,0.6638761874998825,0.6884000000000013,15864,0.6754132837818966,4000,4000,0.4913519827623679,3992,0.49261074756290923,0.6395895982468257,0.3604104017531743,0.0545,0.0012587648005413232,2.0984599590301514,random_frozen,0.516,0.2546044398477595,new v22 replay
16000,0,128,0,0,15872,0,0,4000,4000,0,0,0,4000,0,0.0,0.0,0.0,5bddb1ec6bd7aa099656c4bcd4595a6452b134372744947c2f11bb5c9940609a,200,4,1000,808,assigned_level_sensitivity,dynamic,periodic,0.0,False,1,True,,True,1.0,25.0,0.0,0.0,0.0,0,4000,0,0.0,0,0.669207825100685,0.6638541624998795,0.6884000000000013,15872,0.6743596829069205,4000,4000,0.4894415827397073,3985,0.49330354316392855,0.6335902725763352,0.36640972742366484,0.06,0.003861960424221267,2.1508736610412598,random_frozen,0.516,0.2546044398477595,new v22 replay
16000,0,80,0,0,15920,0,0,4000,4000,0,0,0,4000,0,0.0,0.0,0.0,6413ae7aa87238e504e9e4693802bb571ec075c4316ff2622c10ab08c7781733,200,4,1000,909,assigned_level_sensitivity,dynamic,periodic,0.0,False,1,True,,True,1.0,25.0,0.0,0.0,0.0,0,4000,0,0.0,0,0.6687109108039013,0.6653673562498819,0.6884000000000013,15920,0.6767323068561172,4000,4000,0.49349692402227574,4000,0.4941788064624794,0.6402486582853962,0.35975134171460377,0.064,0.0006818824402036738,2.3209683895111084,random_frozen,0.516,0.2546044398477595,new v22 replay
16000,0,64,0,0,15936,0,0,4000,4000,0,0,0,4000,0,0.0,0.0,0.0,6f28b524fe3ba3b15517f15638aefb82c2dc4e9cbd62630622fbd1cf08fbf448,200,4,1000,1010,assigned_level_sensitivity,dynamic,periodic,0.0,False,1,True,,True,1.0,25.0,0.0,0.0,0.0,0,4000,0,0.0,0,0.6689406626504837,0.6662648999998818,0.6884000000000013,15936,0.6769327929700915,4000,4000,0.4936394221345795,4000,0.4945625024515535,0.6364876907457775,0.3635123092542225,0.067,0.0009230803169739676,2.1583101749420166,random_frozen,0.516,0.2546044398477595,new v22 replay
24000,0,1316,0,0,22684,0,0,6000,6000,0,0,0,6000,0,0.0,0.0,0.0,f310434bb6add6f65f32157225f914a0b7691547d59235f608b1e160cebbbd50,200,6,1000,101,assigned_level_sensitivity,dynamic,periodic,0.0,False,1,True,,True,1.0,25.0,0.0,0.0,0.0,0,6000,0,0.0,0,0.6363265473460468,0.6014346416665719,0.6884000000000013,22684,0.6444741397833527,6000,6000,0.4552221351204568,5900,0.46934113469204825,0.6198298897138936,0.38017011028610637,0.086,0.014118999571591462,3.260951280593872,random_frozen,0.516,0.2546044398477595,new v22 replay
24000,0,1304,0,0,22696,0,0,6000,6000,0,0,0,6000,0,0.0,0.0,0.0,4b6c8c8482de82da0b18b21ef516955a490137ecaec90a4df1111746ac0403ea,200,6,1000,202,assigned_level_sensitivity,dynamic,periodic,0.0,False,1,True,,True,1.0,25.0,0.0,0.0,0.0,0,6000,0,0.0,0,0.636142478850797,0.6015787374999036,0.6884000000000013,22696,0.6436162699567263,6000,6000,0.45284770451234785,5892,0.467393937935704,0.6154918831668831,0.3845081168331169,0.08066666666666666,0.014546233423356147,3.210301160812378,random_frozen,0.516,0.2546044398477595,new v22 replay
24000,0,1376,0,0,22624,0,0,6000,6000,0,0,0,6000,0,0.0,0.0,0.0,1828cbec67075c028042325d69913b449ff4c01579ab89092abecc067f9c78f4,200,6,1000,303,assigned_level_sensitivity,dynamic,periodic,0.0,False,1,True,,True,1.0,25.0,0.0,0.0,0.0,0,6000,0,0.0,0,0.6365524796675078,0.6000568041665707,0.6884000000000013,22624,0.6425128551936333,6000,6000,0.45273597599631094,5880,0.46940181318925145,0.6104258738554045,0.3895741261445955,0.08566666666666667,0.016665837192940514,3.2473270893096924,random_frozen,0.516,0.2546044398477595,new v22 replay
24000,0,1334,0,0,22666,0,0,6000,6000,0,0,0,6000,0,0.0,0.0,0.0,0b39721189d246c34218de1a7d5a713741ce12a3df3126598104f4422c15a1ab,200,6,1000,404,assigned_level_sensitivity,dynamic,periodic,0.0,False,1,True,,True,1.0,25.0,0.0,0.0,0.0,0,6000,0,0.0,0,0.6362436645194441,0.6008791208332384,0.6884000000000013,22666,0.6430183120372653,6000,6000,0.4547844450265972,5896,0.47037311569821794,0.615040351929502,0.384959648070498,0.0835,0.01558867067162073,4.43606424331665,random_frozen,0.516,0.2546044398477595,new v22 replay
24000,0,1317,0,0,22683,0,0,6000,6000,0,0,0,6000,0,0.0,0.0,0.0,a63feb8735ae2864b0dd367e99fa9ddaad0e1105c5f6ed6d5ac9b7263bd835f0,200,6,1000,505,assigned_level_sensitivity,dynamic,periodic,0.0,False,1,True,,True,1.0,25.0,0.0,0.0,0.0,0,6000,0,0.0,0,0.6360351717143967,0.6011327416665693,0.6884000000000013,22683,0.6434273850681732,6000,6000,0.454686416125187,5896,0.4692694012090828,0.6121798779118222,0.38782012208817784,0.08116666666666666,0.014582985083895772,3.4467270374298096,random_frozen,0.516,0.2546044398477595,new v22 replay
24000,0,1376,0,0,22624,0,0,6000,6000,0,0,0,6000,0,0.0,0.0,0.0,7b3dc080cd82fe68c38048cb70866b53436a8425ab576b9e6ee232d5b3e6220f,200,6,1000,606,assigned_level_sensitivity,dynamic,periodic,0.0,False,1,True,,True,1.0,25.0,0.0,0.0,0.0,0,6000,0,0.0,0,0.6362472020861776,0.59976902916657,0.6884000000000013,22624,0.6423320203596055,6000,6000,0.4532668069157942,5920,0.4662286467651345,0.6137931184650202,0.38620688153497984,0.086,0.012961839849340295,3.1588387489318848,random_frozen,0.516,0.2546044398477595,new v22 replay
24000,0,1340,0,0,22660,0,0,6000,6000,0,0,0,6000,0,0.0,0.0,0.0,edf84c72531dea3a4492541ff7e06836c5a4dc017617f9aaec6a07e53d816e15,200,6,1000,707,assigned_level_sensitivity,dynamic,periodic,0.0,False,1,True,,True,1.0,25.0,0.0,0.0,0.0,0,6000,0,0.0,0,0.6364334068842749,0.6008992083332362,0.6884000000000013,22660,0.6426587970230908,6000,6000,0.4545901500494778,5900,0.4706175687808843,0.608277425638913,0.39172257436108704,0.07866666666666666,0.016027418731406506,3.385124921798706,random_frozen,0.516,0.2546044398477595,new v22 replay
24000,0,1401,0,0,22599,0,0,6000,6000,0,0,0,6000,0,0.0,0.0,0.0,f25ab7cff943fe2d106d8226e7f75553a78a2e97229afc0b0adeefe5aeea2f6c,200,6,1000,808,assigned_level_sensitivity,dynamic,periodic,0.0,False,1,True,,True,1.0,25.0,0.0,0.0,0.0,0,6000,0,0.0,0,0.6367287711844639,0.5995597291665709,0.6884000000000013,22599,0.6420223969570941,6000,6000,0.45678111332285154,5892,0.47226434239954573,0.6159260224562745,0.3840739775437255,0.08,0.015483229076694194,3.300844669342041,random_frozen,0.516,0.2546044398477595,new v22 replay
24000,0,1322,0,0,22678,0,0,6000,6000,0,0,0,6000,0,0.0,0.0,0.0,82ef200d0f8095a40bee605b2f4d4de46b33830b7a89e9ae043c6cbf0814b3e5,200,6,1000,909,assigned_level_sensitivity,dynamic,periodic,0.0,False,1,True,,True,1.0,25.0,0.0,0.0,0.0,0,6000,0,0.0,0,0.6366404709409001,0.6015721916665722,0.6884000000000013,22678,0.6443620312652648,6000,6000,0.45641100524626527,5908,0.47142332244019947,0.6167754322826371,0.3832245677173629,0.07966666666666666,0.0150123171939342,3.22995662689209,random_frozen,0.516,0.2546044398477595,new v22 replay
24000,0,1296,0,0,22704,0,0,6000,6000,0,0,0,6000,0,0.0,0.0,0.0,f81ad1c5f56d0e4d3a6312f62165c6106d3f219c63e9842dbdd3b1dc773eb6de,200,6,1000,1010,assigned_level_sensitivity,dynamic,periodic,0.0,False,1,True,,True,1.0,25.0,0.0,0.0,0.0,0,6000,0,0.0,0,0.6360266032416193,0.6016811666665719,0.6884000000000013,22704,0.6432660915709921,6000,6000,0.4575753902082742,5896,0.4718086157532725,0.6204186126484302,0.37958138735156977,0.08033333333333334,0.014233225544998285,3.096428632736206,random_frozen,0.516,0.2546044398477595,new v22 replay
32000,0,4120,0,0,27880,0,0,8000,8000,0,0,0,8000,0,0.0,0.0,0.0,c63860c4f383f7f6d7fc170ed513335602837a63cfe0e484caa2758ea1b1da40,200,8,1000,101,assigned_level_sensitivity,dynamic,periodic,0.0,False,1,True,,True,1.0,25.0,0.0,0.0,0.0,0,8000,0,0.0,0,0.6139574928261896,0.5349104656248177,0.6884000000000013,27880,0.6022826150662814,8000,8000,0.4068432713910128,7680,0.4397042214590987,0.5851832163415732,0.4148167836584268,0.124875,0.032860950068085926,4.175614356994629,random_frozen,0.516,0.2546044398477595,new v22 replay
32000,0,4128,0,0,27872,0,0,8000,8000,0,0,0,8000,0,0.0,0.0,0.0,153257be2a38ab92bc028530f92663d958bb0130aad5697f98281b9496ad7b8a,200,8,1000,202,assigned_level_sensitivity,dynamic,periodic,0.0,False,1,True,,True,1.0,25.0,0.0,0.0,0.0,0,8000,0,0.0,0,0.6142048112799307,0.5349723906248196,0.6884000000000013,27872,0.6034260037613052,8000,8000,0.406750081232843,7688,0.4372626664695275,0.5874202917132478,0.41257970828675217,0.134,0.030512585236684486,4.265864610671997,random_frozen,0.516,0.2546044398477595,new v22 replay
32000,0,4104,0,0,27896,0,0,8000,8000,0,0,0,8000,0,0.0,0.0,0.0,72f488fbf55d77743fd0b1e8ddee780df8f3fcb7b2cd9552889f6363943fa80f,200,8,1000,303,assigned_level_sensitivity,dynamic,periodic,0.0,False,1,True,,True,1.0,25.0,0.0,0.0,0.0,0,8000,0,0.0,0,0.6140402028962663,0.5352895468748201,0.6884000000000013,27896,0.6026787717501533,8000,8000,0.40870113956638116,7736,0.43947619821478706,0.5844518066236286,0.4155481933763714,0.124625,0.030775058648405906,4.26328182220459,random_frozen,0.516,0.2546044398477595,new v22 replay
32000,0,4160,0,0,27840,0,0,8000,8000,0,0,0,8000,0,0.0,0.0,0.0,35b972932fea07f4c873b543f07aafaf6180be174832d1385d62060f4a5cc534,200,8,1000,404,assigned_level_sensitivity,dynamic,periodic,0.0,False,1,True,,True,1.0,25.0,0.0,0.0,0.0,0,8000,0,0.0,0,0.6143620581894473,0.5344949906248191,0.6884000000000013,27840,0.6033343533957213,8000,8000,0.4086489303445742,7688,0.4419140200529329,0.5814834554767367,0.41851654452326326,0.130125,0.033265089708358675,4.179762840270996,random_frozen,0.516,0.2546044398477595,new v22 replay
32000,0,4080,0,0,27920,0,0,8000,8000,0,0,0,8000,0,0.0,0.0,0.0,71b8978e40f47783c77a1aeeb5b6ff10a422a706e14cdb60311a2f3cb0bc2f6a,200,8,1000,505,assigned_level_sensitivity,dynamic,periodic,0.0,False,1,True,,True,1.0,25.0,0.0,0.0,0.0,0,8000,0,0.0,0,0.6140338431230029,0.53574452812482,0.6884000000000013,27920,0.6032554552844774,8000,8000,0.4099530075934391,7688,0.44339902177146234,0.5874151194633125,0.4125848805366875,0.126,0.03344601417802323,4.25522780418396,random_frozen,0.516,0.2546044398477595,new v22 replay
32000,0,3984,0,0,28016,0,0,8000,8000,0,0,0,8000,0,0.0,0.0,0.0,7992b24107b90f806aa3cabb32b76af42c57f40a492fc1760ec9f2b91932463d,200,8,1000,606,assigned_level_sensitivity,dynamic,periodic,0.0,False,1,True,,True,1.0,25.0,0.0,0.0,0.0,0,8000,0,0.0,0,0.6135699885777494,0.5371805249998196,0.6884000000000013,28016,0.6048243866238642,8000,8000,0.4073988009468526,7695,0.4398734874176455,0.582985267701232,0.41701473229876795,0.123,0.03247468647079288,4.53683614730835,random_frozen,0.516,0.2546044398477595,new v22 replay
32000,0,4176,0,0,27824,0,0,8000,8000,0,0,0,8000,0,0.0,0.0,0.0,6325f822143d9c985b65fa644054a66fed771e721ba554a3b3aa2a29437faa03,200,8,1000,707,assigned_level_sensitivity,dynamic,periodic,0.0,False,1,True,,True,1.0,25.0,0.0,0.0,0.0,0,8000,0,0.0,0,0.614307378521931,0.534140265624819,0.6884000000000013,27824,0.6031654926217211,8000,8000,0.40195423010100023,7704,0.43456494851431515,0.5775870563847778,0.4224129436152222,0.135,0.03261071841331492,4.579286575317383,random_frozen,0.516,0.2546044398477595,new v22 replay
32000,0,4128,0,0,27872,0,0,8000,8000,0,0,0,8000,0,0.0,0.0,0.0,0c0566a4c99851bf015bc98925f18e16f923cbeb066f6ad787d49a3eec70ea17,200,8,1000,808,assigned_level_sensitivity,dynamic,periodic,0.0,False,1,True,,True,1.0,25.0,0.0,0.0,0.0,0,8000,0,0.0,0,0.6141529563717796,0.53492722499982,0.6884000000000013,27872,0.6044296740956498,8000,8000,0.40564857598432946,7704,0.43869954328361127,0.5761823577892972,0.42381764221070284,0.126125,0.03305096729928181,4.5607593059539795,random_frozen,0.516,0.2546044398477595,new v22 replay
32000,0,4120,0,0,27880,0,0,8000,8000,0,0,0,8000,0,0.0,0.0,0.0,205f303a94ed3cb76d0854488deaf2d434b42c8cce6aa94c33c2ec4928f82b6a,200,8,1000,909,assigned_level_sensitivity,dynamic,periodic,0.0,False,1,True,,True,1.0,25.0,0.0,0.0,0.0,0,8000,0,0.0,0,0.6140134935435527,0.5349592562498203,0.6884000000000013,27880,0.6031849482017031,8000,8000,0.4080191167249666,7735,0.4383515670315967,0.5941277725835475,0.40587222741645246,0.124125,0.03033245030663012,4.504415512084961,random_frozen,0.516,0.2546044398477595,new v22 replay
32000,0,4056,0,0,27944,0,0,8000,8000,0,0,0,8000,0,0.0,0.0,0.0,af093126002fd60ec82ad09bc6bef1582711a1f92b9e47732703effc1d436957,200,8,1000,1010,assigned_level_sensitivity,dynamic,periodic,0.0,False,1,True,,True,1.0,25.0,0.0,0.0,0.0,0,8000,0,0.0,0,0.614080761522842,0.5362460249998218,0.6884000000000013,27944,0.6039664582336408,8000,8000,0.4063172094359208,7688,0.4400099968515528,0.5744125004090405,0.42558749959095954,0.127,0.033692787415631975,4.442467451095581,random_frozen,0.516,0.2546044398477595,new v22 replay
40000,0,15000,0,0,25000,0,0,10000,10000,0,0,0,10000,0,0.0,0.0,0.0,089213baaee274d4f0641e86a2fceb7f37fcf02f54633580e843012822fad741,200,10,1000,101,assigned_level_sensitivity,dynamic,periodic,0.0,False,1,True,,True,1.0,25.0,0.0,0.0,0.0,0,10000,0,0.0,0,0.6227599999997173,0.38922499999982335,0.6884000000000013,25000,0.5209630303967728,10000,10000,0.31599927989737864,8980,0.40344697521044165,0.40724103451263105,0.592758965487369,0.28,0.08744769531306301,4.734249591827393,random_frozen,0.516,0.2546044398477595,new v22 replay
40000,0,15000,0,0,25000,0,0,10000,10000,0,0,0,10000,0,0.0,0.0,0.0,a39aa1e845d71c140592ae63f89db294728ac58a34b23ef7f83d29b891d96403,200,10,1000,202,assigned_level_sensitivity,dynamic,periodic,0.0,False,1,True,,True,1.0,25.0,0.0,0.0,0.0,0,10000,0,0.0,0,0.6227599999997173,0.38922499999982335,0.6884000000000013,25000,0.5221754152065415,10000,10000,0.32161014854744324,9020,0.4109446840574191,0.41614686585145416,0.5838531341485458,0.254,0.08933453550997583,5.135570287704468,random_frozen,0.516,0.2546044398477595,new v22 replay
40000,0,15000,0,0,25000,0,0,10000,10000,0,0,0,10000,0,0.0,0.0,0.0,2f58408ffa1af27162eccc8e6f90ee402ac457f73cf4b4a9260a5ad6a7f245af,200,10,1000,303,assigned_level_sensitivity,dynamic,periodic,0.0,False,1,True,,True,1.0,25.0,0.0,0.0,0.0,0,10000,0,0.0,0,0.6227599999997173,0.38922499999982335,0.6884000000000013,25000,0.521524948088003,10000,10000,0.31737562817840315,8920,0.40895365714588916,0.4182893725059349,0.5817106274940651,0.278,0.09157802896748601,4.854820251464844,random_frozen,0.516,0.2546044398477595,new v22 replay
40000,0,15000,0,0,25000,0,0,10000,10000,0,0,0,10000,0,0.0,0.0,0.0,c727114f2369f249d8ddda870a43a75176557d11f6a2eec7f34bd9242fb51c55,200,10,1000,404,assigned_level_sensitivity,dynamic,periodic,0.0,False,1,True,,True,1.0,25.0,0.0,0.0,0.0,0,10000,0,0.0,0,0.6227599999997173,0.38922499999982335,0.6884000000000013,25000,0.5213521124810174,10000,10000,0.321241178903727,9020,0.40804982444678906,0.42643407944790207,0.573565920552098,0.266,0.08680864554306206,4.849403142929077,random_frozen,0.516,0.2546044398477595,new v22 replay
40000,0,15000,0,0,25000,0,0,10000,10000,0,0,0,10000,0,0.0,0.0,0.0,b26479cca317d5efb723e2f863b0bb23adc345d84dfba9d4280d3d68ff2f5e20,200,10,1000,505,assigned_level_sensitivity,dynamic,periodic,0.0,False,1,True,,True,1.0,25.0,0.0,0.0,0.0,0,10000,0,0.0,0,0.6227599999997173,0.38922499999982335,0.6884000000000013,25000,0.5213990788958361,10000,10000,0.3181131640783334,8940,0.4091652782401312,0.4133995974794369,0.5866004025205631,0.272,0.09105211416179781,5.013333320617676,random_frozen,0.516,0.2546044398477595,new v22 replay
40000,0,15000,0,0,25000,0,0,10000,10000,0,0,0,10000,0,0.0,0.0,0.0,cc5108984896c782d03ec7889a83322d8c1c960f958895eaa0042a8e3b06a52b,200,10,1000,606,assigned_level_sensitivity,dynamic,periodic,0.0,False,1,True,,True,1.0,25.0,0.0,0.0,0.0,0,10000,0,0.0,0,0.6227599999997173,0.38922499999982335,0.6884000000000013,25000,0.5216502591856644,10000,10000,0.3193258569186001,9060,0.40464522663315894,0.41557169517338827,0.5844283048266117,0.266,0.08531936971455883,4.870283842086792,random_frozen,0.516,0.2546044398477595,new v22 replay
40000,0,15000,0,0,25000,0,0,10000,10000,0,0,0,10000,0,0.0,0.0,0.0,ac05d22015da54c03f32b50a9ee208c387d3b5cd9bae7a9206a6c2a648538b57,200,10,1000,707,assigned_level_sensitivity,dynamic,periodic,0.0,False,1,True,,True,1.0,25.0,0.0,0.0,0.0,0,10000,0,0.0,0,0.6227599999997173,0.38922499999982335,0.6884000000000013,25000,0.5212738093095357,10000,10000,0.316268282763798,8960,0.4042130662122112,0.41711158319397107,0.5828884168060289,0.272,0.08794478344841322,4.725321531295776,random_frozen,0.516,0.2546044398477595,new v22 replay
40000,0,15000,0,0,25000,0,0,10000,10000,0,0,0,10000,0,0.0,0.0,0.0,a379d821bfe8c8fea491e87d085a60dea66fe18360f999362d55d5e871cbd5da,200,10,1000,808,assigned_level_sensitivity,dynamic,periodic,0.0,False,1,True,,True,1.0,25.0,0.0,0.0,0.0,0,10000,0,0.0,0,0.6227599999997173,0.38922499999982335,0.6884000000000013,25000,0.5210847042130559,10000,10000,0.3181281446626329,8992,0.4092701166326194,0.41874980578304527,0.5812501942169548,0.2708,0.09114197196998652,4.6610541343688965,random_frozen,0.516,0.2546044398477595,new v22 replay
40000,0,15000,0,0,25000,0,0,10000,10000,0,0,0,10000,0,0.0,0.0,0.0,8cc5a2dc755fef6857edd0570626ce94fc5b007fd3061f5eac14e7600023de81,200,10,1000,909,assigned_level_sensitivity,dynamic,periodic,0.0,False,1,True,,True,1.0,25.0,0.0,0.0,0.0,0,10000,0,0.0,0,0.6227599999997173,0.38922499999982335,0.6884000000000013,25000,0.5216863847703269,10000,10000,0.3154124571504841,8920,0.40571530888006757,0.412116302511422,0.5878836974885779,0.276,0.09030285172958347,4.797970294952393,random_frozen,0.516,0.2546044398477595,new v22 replay
40000,0,15000,0,0,25000,0,0,10000,10000,0,0,0,10000,0,0.0,0.0,0.0,691176c9f13d8e67c7d3c7daf5d4ece368b026a6394a0da43bcc0c0676ab28f5,200,10,1000,1010,assigned_level_sensitivity,dynamic,periodic,0.0,False,1,True,,True,1.0,25.0,0.0,0.0,0.0,0,10000,0,0.0,0,0.6227599999997173,0.38922499999982335,0.6884000000000013,25000,0.5216498659778024,10000,10000,0.3156496789152432,8960,0.4095993388701917,0.4038041877667676,0.5961958122332325,0.276,0.09394965995494847,4.715604782104492,random_frozen,0.516,0.2546044398477595,new v22 replay
16000,0,312,0,0,15688,0,0,4000,4000,0,0,0,4000,0,0.0,0.0,0.0,dce8c3aa8aaa5637c1ae64d2d5423df4afd9cf066c6e290fc1174faea4a39496,250,4,1000,101,assigned_level_sensitivity,dynamic,periodic,0.0,False,1,True,,True,1.0,25.0,0.0,0.0,0.0,0,4000,0,0.0,0,0.6841076172869436,0.6707675187498482,0.6884000000000013,15688,0.6741930124172189,4000,4000,0.49099704404510947,3984,0.4974789887101001,0.623904935777141,0.376095064222859,0.068,0.006481944664990635,2.0345330238342285,random_frozen,0.516,0.2546044398477595,new v22 replay
16000,0,296,0,0,15704,0,0,4000,4000,0,0,0,4000,0,0.0,0.0,0.0,e8d177c71876f470b6cf10977b0146424b0bb923d62d05d5296dec6e9c9de69b,250,4,1000,202,assigned_level_sensitivity,dynamic,periodic,0.0,False,1,True,,True,1.0,25.0,0.0,0.0,0.0,0,4000,0,0.0,0,0.6840961220069784,0.6714403437498494,0.6884000000000013,15704,0.6754211311773829,4000,4000,0.48507616613368315,3968,0.492783563845306,0.6230137220821113,0.37698627791788875,0.078,0.0077073977116228765,2.1087851524353027,random_frozen,0.516,0.2546044398477595,new v22 replay
16000,0,240,0,0,15760,0,0,4000,4000,0,0,0,4000,0,0.0,0.0,0.0,a6aa5b13d093d48726a7826627059a4204861f3107622b67e4ffef79850df169,250,4,1000,303,assigned_level_sensitivity,dynamic,periodic,0.0,False,1,True,,True,1.0,25.0,0.0,0.0,0.0,0,4000,0,0.0,0,0.6840170494922267,0.6737567937498434,0.6884000000000013,15760,0.6764088287898103,4000,4000,0.49290428195277425,3992,0.4967152521059672,0.6305021817827835,0.3694978182172165,0.072,0.0038109701531929274,2.0194740295410156,random_frozen,0.516,0.2546044398477595,new v22 replay
16000,0,304,0,0,15696,0,0,4000,4000,0,0,0,4000,0,0.0,0.0,0.0,68a92b10770817879e334a7dd251216bc3d21fd9263414cd05642fa21533dab5,250,4,1000,404,assigned_level_sensitivity,dynamic,periodic,0.0,False,1,True,,True,1.0,25.0,0.0,0.0,0.0,0,4000,0,0.0,0,0.6842153287460206,0.6712152374998462,0.6884000000000013,15696,0.6764481567299492,4000,4000,0.4886807487244937,3992,0.4916288366626956,0.6198231960119521,0.3801768039880479,0.07775,0.002948087938201893,1.9713492393493652,random_frozen,0.516,0.2546044398477595,new v22 replay
16000,0,344,0,0,15656,0,0,4000,4000,0,0,0,4000,0,0.0,0.0,0.0,a5582713e2250a2fed5147f84eb22733fb4a3d5d8a96b2ad7063637bdc8b5c2f,250,4,1000,505,assigned_level_sensitivity,dynamic,periodic,0.0,False,1,True,,True,1.0,25.0,0.0,0.0,0.0,0,4000,0,0.0,0,0.6838947432292783,0.669191006249849,0.6884000000000013,15656,0.6727174494831979,4000,4000,0.48716707074540105,3984,0.49478846541139676,0.6266544399623774,0.37334556003762265,0.074,0.007621394665995707,1.9510598182678223,random_frozen,0.516,0.2546044398477595,new v22 replay
16000,0,264,0,0,15736,0,0,4000,4000,0,0,0,4000,0,0.0,0.0,0.0,610c59b6101914a81adbf1b4f1d174804011c261d5ca56f44c21abb5aca936b4,250,4,1000,606,assigned_level_sensitivity,dynamic,periodic,0.0,False,1,True,,True,1.0,25.0,0.0,0.0,0.0,0,4000,0,0.0,0,0.6842703418910479,0.6729798812498455,0.6884000000000013,15736,0.6752416835760388,4000,4000,0.4893447195919821,3976,0.49655612436106034,0.6297935835416452,0.37020641645835484,0.072,0.007211404769078222,2.0528416633605957,random_frozen,0.516,0.2546044398477595,new v22 replay
16000,0,336,0,0,15664,0,0,4000,4000,0,0,0,4000,0,0.0,0.0,0.0,10e7d3cf1ccac32325bd8322813bd1340e23ecbf1b2f05252bbaba16207441c5,250,4,1000,707,assigned_level_sensitivity,dynamic,periodic,0.0,False,1,True,,True,1.0,25.0,0.0,0.0,0.0,0,4000,0,0.0,0,0.6842658005616422,0.6698962187498477,0.6884000000000013,15664,0.6733784643429958,4000,4000,0.4849454783772599,3960,0.4958420514152389,0.6206306130760578,0.3793693869239422,0.08,0.01089657303797903,1.964733362197876,random_frozen,0.516,0.2546044398477595,new v22 replay
16000,0,336,0,0,15664,0,0,4000,4000,0,0,0,4000,0,0.0,0.0,0.0,5bddb1ec6bd7aa099656c4bcd4595a6452b134372744947c2f11bb5c9940609a,250,4,1000,808,assigned_level_sensitivity,dynamic,periodic,0.0,False,1,True,,True,1.0,25.0,0.0,0.0,0.0,0,4000,0,0.0,0,0.6842552285493848,0.6698858687498478,0.6884000000000013,15664,0.6728686160273437,4000,4000,0.4847809286153252,3968,0.4944031253456268,0.6192887130131582,0.38071128698684176,0.072,0.009622196730301624,2.037607431411743,random_frozen,0.516,0.2546044398477595,new v22 replay
16000,0,288,0,0,15712,0,0,4000,4000,0,0,0,4000,0,0.0,0.0,0.0,6413ae7aa87238e504e9e4693802bb571ec075c4316ff2622c10ab08c7781733,250,4,1000,909,assigned_level_sensitivity,dynamic,periodic,0.0,False,1,True,,True,1.0,25.0,0.0,0.0,0.0,0,4000,0,0.0,0,0.6839887410894576,0.6716769437498474,0.6884000000000013,15712,0.6745350432921,4000,4000,0.48915266062058027,3976,0.4960261806655447,0.6262030529710104,0.3737969470289896,0.074,0.006873520044964443,2.143667221069336,random_frozen,0.516,0.2546044398477595,new v22 replay
16000,0,272,0,0,15728,0,0,4000,4000,0,0,0,4000,0,0.0,0.0,0.0,6f28b524fe3ba3b15517f15638aefb82c2dc4e9cbd62630622fbd1cf08fbf448,250,4,1000,1010,assigned_level_sensitivity,dynamic,periodic,0.0,False,1,True,,True,1.0,25.0,0.0,0.0,0.0,0,4000,0,0.0,0,0.6841281726854999,0.6724979937498464,0.6884000000000013,15728,0.6744178941392621,4000,4000,0.4894698431671254,3992,0.4928006356447072,0.6272335877091186,0.37276641229088137,0.07,0.0033307924775818343,2.12307071685791,random_frozen,0.516,0.2546044398477595,new v22 replay
24000,0,700,0,0,23300,0,0,6000,6000,0,0,0,6000,0,0.0,0.0,0.0,f310434bb6add6f65f32157225f914a0b7691547d59235f608b1e160cebbbd50,250,6,1000,101,assigned_level_sensitivity,dynamic,periodic,0.0,False,1,True,,True,1.0,25.0,0.0,0.0,0.0,0,6000,0,0.0,0,0.6546214678110662,0.6355283416665768,0.6884000000000013,23300,0.6611259039424152,6000,6000,0.4789343014028879,5940,0.4880351993490436,0.6301562077178872,0.36984379228211284,0.072,0.009100897946155706,3.488363742828369,random_frozen,0.516,0.2546044398477595,new v22 replay
24000,0,736,0,0,23264,0,0,6000,6000,0,0,0,6000,0,0.0,0.0,0.0,4b6c8c8482de82da0b18b21ef516955a490137ecaec90a4df1111746ac0403ea,250,6,1000,202,assigned_level_sensitivity,dynamic,periodic,0.0,False,1,True,,True,1.0,25.0,0.0,0.0,0.0,0,6000,0,0.0,0,0.6547119884799636,0.6346341541665781,0.6884000000000013,23264,0.6604889020867111,6000,6000,0.4796679469694931,5972,0.4856776948029255,0.6314891370524791,0.3685108629475209,0.067,0.006009747833432388,3.549213409423828,random_frozen,0.516,0.2546044398477595,new v22 replay
24000,0,624,0,0,23376,0,0,6000,6000,0,0,0,6000,0,0.0,0.0,0.0,1828cbec67075c028042325d69913b449ff4c01579ab89092abecc067f9c78f4,250,6,1000,303,assigned_level_sensitivity,dynamic,periodic,0.0,False,1,True,,True,1.0,25.0,0.0,0.0,0.0,0,6000,0,0.0,0,0.6543843086925873,0.6373703166665801,0.6884000000000013,23376,0.6631374942482676,6000,6000,0.48046089440058826,5956,0.48707734552852744,0.62977098843386,0.37022901156613996,0.07133333333333333,0.0066164511279391824,3.497278928756714,random_frozen,0.516,0.2546044398477595,new v22 replay
24000,0,680,0,0,23320,0,0,6000,6000,0,0,0,6000,0,0.0,0.0,0.0,0b39721189d246c34218de1a7d5a713741ce12a3df3126598104f4422c15a1ab,250,6,1000,404,assigned_level_sensitivity,dynamic,periodic,0.0,False,1,True,,True,1.0,25.0,0.0,0.0,0.0,0,6000,0,0.0,0,0.6546875300170648,0.6361380499999146,0.6884000000000013,23320,0.6617955021512694,6000,6000,0.48286751984687587,5968,0.4901669572996612,0.6290365014676139,0.3709634985323861,0.06266666666666666,0.007299437452785329,3.48809552192688,random_frozen,0.516,0.2546044398477595,new v22 replay
24000,0,692,0,0,23308,0,0,6000,6000,0,0,0,6000,0,0.0,0.0,0.0,a63feb8735ae2864b0dd367e99fa9ddaad0e1105c5f6ed6d5ac9b7263bd835f0,250,6,1000,505,assigned_level_sensitivity,dynamic,periodic,0.0,False,1,True,,True,1.0,25.0,0.0,0.0,0.0,0,6000,0,0.0,0,0.6546641625192219,0.6357880124999177,0.6884000000000013,23308,0.6615419947810041,6000,6000,0.48250228926911853,5964,0.48949499560690957,0.6302079851681028,0.36979201483189716,0.064,0.006992706337791033,3.5191867351531982,random_frozen,0.516,0.2546044398477595,new v22 replay
24000,0,704,0,0,23296,0,0,6000,6000,0,0,0,6000,0,0.0,0.0,0.0,7b3dc080cd82fe68c38048cb70866b53436a8425ab576b9e6ee232d5b3e6220f,250,6,1000,606,assigned_level_sensitivity,dynamic,periodic,0.0,False,1,True,,True,1.0,25.0,0.0,0.0,0.0,0,6000,0,0.0,0,0.6544438315589742,0.635246812499911,0.6884000000000013,23296,0.6608235024849604,6000,6000,0.4803184710463524,5960,0.4884990844672773,0.6287475767013069,0.3712524232986931,0.06483333333333334,0.00818061342092491,3.434457302093506,random_frozen,0.516,0.2546044398477595,new v22 replay
24000,0,656,0,0,23344,0,0,6000,6000,0,0,0,6000,0,0.0,0.0,0.0,edf84c72531dea3a4492541ff7e06836c5a4dc017617f9aaec6a07e53d816e15,250,6,1000,707,assigned_level_sensitivity,dynamic,periodic,0.0,False,1,True,,True,1.0,25.0,0.0,0.0,0.0,0,6000,0,0.0,0,0.6545258738861318,0.6366354999999109,0.6884000000000013,23344,0.6618336462273949,6000,6000,0.4810161995503376,5952,0.4887746498130893,0.6277889520356725,0.37221104796432747,0.0635,0.007758450262751737,3.232225179672241,random_frozen,0.516,0.2546044398477595,new v22 replay
24000,0,724,0,0,23276,0,0,6000,6000,0,0,0,6000,0,0.0,0.0,0.0,f25ab7cff943fe2d106d8226e7f75553a78a2e97229afc0b0adeefe5aeea2f6c,250,6,1000,808,assigned_level_sensitivity,dynamic,periodic,0.0,False,1,True,,True,1.0,25.0,0.0,0.0,0.0,0,6000,0,0.0,0,0.6546545841208916,0.6349058374999115,0.6884000000000013,23276,0.6617597311928836,6000,6000,0.47955400175888,5952,0.48793212025186716,0.6288910946165107,0.3711089053834893,0.06716666666666667,0.008378118492987141,3.2879834175109863,random_frozen,0.516,0.2546044398477595,new v22 replay
24000,0,676,0,0,23324,0,0,6000,6000,0,0,0,6000,0,0.0,0.0,0.0,82ef200d0f8095a40bee605b2f4d4de46b33830b7a89e9ae043c6cbf0814b3e5,250,6,1000,909,assigned_level_sensitivity,dynamic,periodic,0.0,False,1,True,,True,1.0,25.0,0.0,0.0,0.0,0,6000,0,0.0,0,0.654510585662745,0.6360752041665777,0.6884000000000013,23324,0.6611239580655565,6000,6000,0.479474708378421,5964,0.4866744948062437,0.6314920700547665,0.3685079299452335,0.066,0.0071997864278227075,3.225045680999756,random_frozen,0.516,0.2546044398477595,new v22 replay
24000,0,672,0,0,23328,0,0,6000,6000,0,0,0,6000,0,0.0,0.0,0.0,f81ad1c5f56d0e4d3a6312f62165c6106d3f219c63e9842dbdd3b1dc773eb6de,250,6,1000,1010,assigned_level_sensitivity,dynamic,periodic,0.0,False,1,True,,True,1.0,25.0,0.0,0.0,0.0,0,6000,0,0.0,0,0.6540593192728844,0.6357456583332437,0.6884000000000013,23328,0.6614337241066301,6000,6000,0.4782289146751851,5952,0.48545650045071087,0.6331710730526933,0.36682892694730673,0.07033333333333333,0.007227585775525791,3.244229793548584,random_frozen,0.516,0.2546044398477595,new v22 replay
32000,0,2304,0,0,29696,0,0,8000,8000,0,0,0,8000,0,0.0,0.0,0.0,c63860c4f383f7f6d7fc170ed513335602837a63cfe0e484caa2758ea1b1da40,250,8,1000,101,assigned_level_sensitivity,dynamic,periodic,0.0,False,1,True,,True,1.0,25.0,0.0,0.0,0.0,0,8000,0,0.0,0,0.6317080111797808,0.5862250343748365,0.6884000000000013,29696,0.6368999490645906,8000,8000,0.4491700634305286,7800,0.4695173894084416,0.6153244873846969,0.3846755126153031,0.088,0.020347325977913,4.816864967346191,random_frozen,0.516,0.2546044398477595,new v22 replay
32000,0,2400,0,0,29600,0,0,8000,8000,0,0,0,8000,0,0.0,0.0,0.0,153257be2a38ab92bc028530f92663d958bb0130aad5697f98281b9496ad7b8a,250,8,1000,202,assigned_level_sensitivity,dynamic,periodic,0.0,False,1,True,,True,1.0,25.0,0.0,0.0,0.0,0,8000,0,0.0,0,0.6318097162160394,0.5844239874998365,0.6884000000000013,29600,0.6351606353883319,8000,8000,0.44956743038632085,7832,0.46709787703285216,0.6118282421908711,0.38817175780912894,0.093,0.017530446646531306,4.788935661315918,random_frozen,0.516,0.2546044398477595,new v22 replay
32000,0,2320,0,0,29680,0,0,8000,8000,0,0,0,8000,0,0.0,0.0,0.0,72f488fbf55d77743fd0b1e8ddee780df8f3fcb7b2cd9552889f6363943fa80f,250,8,1000,303,assigned_level_sensitivity,dynamic,periodic,0.0,False,1,True,,True,1.0,25.0,0.0,0.0,0.0,0,8000,0,0.0,0,0.631387823449958,0.585612206249836,0.6884000000000013,29680,0.6347012552206364,8000,8000,0.44819312062715294,7840,0.4680868983395306,0.6046343637609173,0.3953656362390827,0.08625,0.019893777712377658,4.720631837844849,random_frozen,0.516,0.2546044398477595,new v22 replay
32000,0,2392,0,0,29608,0,0,8000,8000,0,0,0,8000,0,0.0,0.0,0.0,35b972932fea07f4c873b543f07aafaf6180be174832d1385d62060f4a5cc534,250,8,1000,404,assigned_level_sensitivity,dynamic,periodic,0.0,False,1,True,,True,1.0,25.0,0.0,0.0,0.0,0,8000,0,0.0,0,0.6319583592270581,0.5847194718748355,0.6884000000000013,29608,0.6351861759370551,8000,8000,0.45195644846355937,7800,0.4728398506750333,0.6091478885144812,0.3908521114855188,0.093125,0.020883402211473945,4.699488639831543,random_frozen,0.516,0.2546044398477595,new v22 replay
32000,0,2320,0,0,29680,0,0,8000,8000,0,0,0,8000,0,0.0,0.0,0.0,71b8978e40f47783c77a1aeeb5b6ff10a422a706e14cdb60311a2f3cb0bc2f6a,250,8,1000,505,assigned_level_sensitivity,dynamic,periodic,0.0,False,1,True,,True,1.0,25.0,0.0,0.0,0.0,0,8000,0,0.0,0,0.6316780357141107,0.5858813781248378,0.6884000000000013,29680,0.6355369548563311,8000,8000,0.44516585818631144,7816,0.4664088120311126,0.6085286455274546,0.39147135447254544,0.095,0.021242953844801182,4.723310470581055,random_frozen,0.516,0.2546044398477595,new v22 replay
32000,0,2304,0,0,29696,0,0,8000,8000,0,0,0,8000,0,0.0,0.0,0.0,7992b24107b90f806aa3cabb32b76af42c57f40a492fc1760ec9f2b91932463d,250,8,1000,606,assigned_level_sensitivity,dynamic,periodic,0.0,False,1,True,,True,1.0,25.0,0.0,0.0,0.0,0,8000,0,0.0,0,0.6317643487336626,0.586277315624839,0.6884000000000013,29696,0.636347626046657,8000,8000,0.4482462501847611,7840,0.467225980085763,0.6029562983620824,0.3970437016379176,0.091,0.018979729901001885,4.674124479293823,random_frozen,0.516,0.2546044398477595,new v22 replay
32000,0,2368,0,0,29632,0,0,8000,8000,0,0,0,8000,0,0.0,0.0,0.0,6325f822143d9c985b65fa644054a66fed771e721ba554a3b3aa2a29437faa03,250,8,1000,707,assigned_level_sensitivity,dynamic,periodic,0.0,False,1,True,,True,1.0,25.0,0.0,0.0,0.0,0,8000,0,0.0,0,0.6320148758097595,0.5852457749998373,0.6884000000000013,29632,0.6346810694106936,8000,8000,0.44928437371958796,7832,0.4706078062143835,0.6062156761457729,0.3937843238542271,0.083,0.021323432494795513,4.714773654937744,random_frozen,0.516,0.2546044398477595,new v22 replay
32000,0,2304,0,0,29696,0,0,8000,8000,0,0,0,8000,0,0.0,0.0,0.0,0c0566a4c99851bf015bc98925f18e16f923cbeb066f6ad787d49a3eec70ea17,250,8,1000,808,assigned_level_sensitivity,dynamic,periodic,0.0,False,1,True,,True,1.0,25.0,0.0,0.0,0.0,0,8000,0,0.0,0,0.6316385876884019,0.5861606093748369,0.6884000000000013,29696,0.6352190076606867,8000,8000,0.44953071688669277,7808,0.4707501720286568,0.6116241804456641,0.38837581955433587,0.093,0.02121945514196405,4.697613000869751,random_frozen,0.516,0.2546044398477595,new v22 replay
32000,0,2360,0,0,29640,0,0,8000,8000,0,0,0,8000,0,0.0,0.0,0.0,205f303a94ed3cb76d0854488deaf2d434b42c8cce6aa94c33c2ec4928f82b6a,250,8,1000,909,assigned_level_sensitivity,dynamic,periodic,0.0,False,1,True,,True,1.0,25.0,0.0,0.0,0.0,0,8000,0,0.0,0,0.6317159817812005,0.5851269281248369,0.6884000000000013,29640,0.634761086897512,8000,8000,0.449557494382554,7832,0.4696267361823164,0.6095169110317785,0.3904830889682215,0.089,0.020069241799762383,4.856323957443237,random_frozen,0.516,0.2546044398477595,new v22 replay
32000,0,2384,0,0,29616,0,0,8000,8000,0,0,0,8000,0,0.0,0.0,0.0,af093126002fd60ec82ad09bc6bef1582711a1f92b9e47732703effc1d436957,250,8,1000,1010,assigned_level_sensitivity,dynamic,periodic,0.0,False,1,True,,True,1.0,25.0,0.0,0.0,0.0,0,8000,0,0.0,0,0.632048933009008,0.5849612874998369,0.6884000000000013,29616,0.6351933050883803,8000,8000,0.45227289828492606,7824,0.4726900231497857,0.607407364591527,0.392592635408473,0.091,0.020417124864859637,4.6278979778289795,random_frozen,0.516,0.2546044398477595,new v22 replay
40000,0,4500,0,0,35500,0,0,10000,10000,0,0,0,10000,0,0.0,0.0,0.0,089213baaee274d4f0641e86a2fceb7f37fcf02f54633580e843012822fad741,250,10,1000,101,assigned_level_sensitivity,dynamic,periodic,0.0,False,1,True,,True,1.0,25.0,0.0,0.0,0.0,0,10000,0,0.0,0,0.6127384929577155,0.5438054124999725,0.6884000000000013,35500,0.6092262812176932,10000,10000,0.4134880347473182,9660,0.44407738992624746,0.584377839328239,0.41562216067176105,0.114,0.030589355178929245,5.691988229751587,random_frozen,0.516,0.2546044398477595,new v22 replay
40000,0,4380,0,0,35620,0,0,10000,10000,0,0,0,10000,0,0.0,0.0,0.0,a39aa1e845d71c140592ae63f89db294728ac58a34b23ef7f83d29b891d96403,250,10,1000,202,assigned_level_sensitivity,dynamic,periodic,0.0,False,1,True,,True,1.0,25.0,0.0,0.0,0.0,0,10000,0,0.0,0,0.6125764289724607,0.5454993099999762,0.6884000000000013,35620,0.6097377630951926,10000,10000,0.40844711501697956,9720,0.43557561114667614,0.5919599002674816,0.4080400997325184,0.114,0.02712849612969659,5.658586025238037,random_frozen,0.516,0.2546044398477595,new v22 replay
40000,0,4520,0,0,35480,0,0,10000,10000,0,0,0,10000,0,0.0,0.0,0.0,2f58408ffa1af27162eccc8e6f90ee402ac457f73cf4b4a9260a5ad6a7f245af,250,10,1000,303,assigned_level_sensitivity,dynamic,periodic,0.0,False,1,True,,True,1.0,25.0,0.0,0.0,0.0,0,10000,0,0.0,0,0.6127666262682896,0.5435239974999728,0.6884000000000013,35480,0.608162723757786,10000,10000,0.40864923561401534,9660,0.4386534878324867,0.5858835904992487,0.41411640950075135,0.124,0.03000425221847136,5.683582782745361,random_frozen,0.516,0.2546044398477595,new v22 replay
40000,0,4500,0,0,35500,0,0,10000,10000,0,0,0,10000,0,0.0,0.0,0.0,c727114f2369f249d8ddda870a43a75176557d11f6a2eec7f34bd9242fb51c55,250,10,1000,404,assigned_level_sensitivity,dynamic,periodic,0.0,False,1,True,,True,1.0,25.0,0.0,0.0,0.0,0,10000,0,0.0,0,0.6127167549295469,0.543786119999973,0.6884000000000013,35500,0.610529788635518,10000,10000,0.41181685296840526,9640,0.44113145718128505,0.5905268490875945,0.40947315091240555,0.12,0.02931460421287979,5.659606218338013,random_frozen,0.516,0.2546044398477595,new v22 replay
40000,0,4460,0,0,35540,0,0,10000,10000,0,0,0,10000,0,0.0,0.0,0.0,b26479cca317d5efb723e2f863b0bb23adc345d84dfba9d4280d3d68ff2f5e20,250,10,1000,505,assigned_level_sensitivity,dynamic,periodic,0.0,False,1,True,,True,1.0,25.0,0.0,0.0,0.0,0,10000,0,0.0,0,0.6125918092290082,0.5442878224999739,0.6884000000000013,35540,0.607763722916917,10000,10000,0.41351951940783,9640,0.44196214807568623,0.5922402939123813,0.4077597060876187,0.12,0.02844262866785624,5.76109504699707,random_frozen,0.516,0.2546044398477595,new v22 replay
40000,0,4260,0,0,35740,0,0,10000,10000,0,0,0,10000,0,0.0,0.0,0.0,cc5108984896c782d03ec7889a83322d8c1c960f958895eaa0042a8e3b06a52b,250,10,1000,606,assigned_level_sensitivity,dynamic,periodic,0.0,False,1,True,,True,1.0,25.0,0.0,0.0,0.0,0,10000,0,0.0,0,0.6121459065472663,0.5469523674999824,0.6884000000000013,35740,0.6125516651340135,10000,10000,0.4107630293308828,9720,0.4378802591710994,0.586603509991839,0.41339649000816103,0.114,0.027117229840216583,5.746485710144043,random_frozen,0.516,0.2546044398477595,new v22 replay
40000,0,4420,0,0,35580,0,0,10000,10000,0,0,0,10000,0,0.0,0.0,0.0,ac05d22015da54c03f32b50a9ee208c387d3b5cd9bae7a9206a6c2a648538b57,250,10,1000,707,assigned_level_sensitivity,dynamic,periodic,0.0,False,1,True,,True,1.0,25.0,0.0,0.0,0.0,0,10000,0,0.0,0,0.6126789488476408,0.5449779249999765,0.6884000000000013,35580,0.6102042642835676,10000,10000,0.41224904558239905,9660,0.4409392883025038,0.5992858956824365,0.4007141043175635,0.116,0.02869024272010473,5.685424566268921,random_frozen,0.516,0.2546044398477595,new v22 replay
40000,0,4580,0,0,35420,0,0,10000,10000,0,0,0,10000,0,0.0,0.0,0.0,a379d821bfe8c8fea491e87d085a60dea66fe18360f999362d55d5e871cbd5da,250,10,1000,808,assigned_level_sensitivity,dynamic,periodic,0.0,False,1,True,,True,1.0,25.0,0.0,0.0,0.0,0,10000,0,0.0,0,0.6130515753811054,0.5428571699999688,0.6884000000000013,35420,0.6094511214863544,10000,10000,0.4105968912423216,9720,0.4376644383721207,0.5929479731003439,0.40705202689965614,0.116,0.027067547129799086,5.82589054107666,random_frozen,0.516,0.2546044398477595,new v22 replay
40000,0,4460,0,0,35540,0,0,10000,10000,0,0,0,10000,0,0.0,0.0,0.0,8cc5a2dc755fef6857edd0570626ce94fc5b007fd3061f5eac14e7600023de81,250,10,1000,909,assigned_level_sensitivity,dynamic,periodic,0.0,False,1,True,,True,1.0,25.0,0.0,0.0,0.0,0,10000,0,0.0,0,0.6126230050646914,0.5443155399999783,0.6884000000000013,35540,0.6111441671841449,10000,10000,0.416844554040853,9720,0.4417205264363037,0.6029622526314801,0.39703774736851993,0.116,0.024875972395450696,5.723252296447754,random_frozen,0.516,0.2546044398477595,new v22 replay
40000,0,4400,0,0,35600,0,0,10000,10000,0,0,0,10000,0,0.0,0.0,0.0,691176c9f13d8e67c7d3c7daf5d4ece368b026a6394a0da43bcc0c0676ab28f5,250,10,1000,1010,assigned_level_sensitivity,dynamic,periodic,0.0,False,1,True,,True,1.0,25.0,0.0,0.0,0.0,0,10000,0,0.0,0,0.6125079382022207,0.5451320649999765,0.6884000000000013,35600,0.60947263358509,10000,10000,0.41022699034575716,9700,0.43703494263149306,0.588477249230159,0.411522750769841,0.1121,0.026807952285735903,5.70214581489563,random_frozen,0.516,0.2546044398477595,new v22 replay
16000,0,0,0,0,16000,0,0,4000,4000,0,0,0,4000,0,0.0,0.0,0.0,dce8c3aa8aaa5637c1ae64d2d5423df4afd9cf066c6e290fc1174faea4a39496,300,4,1000,101,assigned_level_sensitivity,dynamic,periodic,0.0,False,1,True,,True,1.0,25.0,0.0,0.0,0.0,0,4000,0,0.0,0,0.6840363124998362,0.6840363124998362,0.6884000000000013,16000,0.6862328396703091,4000,4000,0.4962524469983686,4000,0.4962524469983686,0.6365405981231038,0.3634594018768962,0.06575,0.0,1.9188075065612793,random_frozen,0.516,0.2546044398477595,new v22 replay
16000,0,0,0,0,16000,0,0,4000,4000,0,0,0,4000,0,0.0,0.0,0.0,e8d177c71876f470b6cf10977b0146424b0bb923d62d05d5296dec6e9c9de69b,300,4,1000,202,assigned_level_sensitivity,dynamic,periodic,0.0,False,1,True,,True,1.0,25.0,0.0,0.0,0.0,0,4000,0,0.0,0,0.6840426812498385,0.6840426812498385,0.6884000000000013,16000,0.6861427872943412,4000,4000,0.49880349623106196,4000,0.49880349623106196,0.6385002420448117,0.3614997579551883,0.066,0.0,1.9234888553619385,random_frozen,0.516,0.2546044398477595,new v22 replay
16000,0,0,0,0,16000,0,0,4000,4000,0,0,0,4000,0,0.0,0.0,0.0,a6aa5b13d093d48726a7826627059a4204861f3107622b67e4ffef79850df169,300,4,1000,303,assigned_level_sensitivity,dynamic,periodic,0.0,False,1,True,,True,1.0,25.0,0.0,0.0,0.0,0,4000,0,0.0,0,0.6839312749998383,0.6839312749998383,0.6884000000000013,16000,0.6859871896681052,4000,4000,0.49602535964859656,4000,0.49602535964859656,0.6380752726806045,0.3619247273193955,0.066,0.0,1.9003748893737793,random_frozen,0.516,0.2546044398477595,new v22 replay
16000,0,0,0,0,16000,0,0,4000,4000,0,0,0,4000,0,0.0,0.0,0.0,68a92b10770817879e334a7dd251216bc3d21fd9263414cd05642fa21533dab5,300,4,1000,404,assigned_level_sensitivity,dynamic,periodic,0.0,False,1,True,,True,1.0,25.0,0.0,0.0,0.0,0,4000,0,0.0,0,0.6843091812498351,0.6843091812498351,0.6884000000000013,16000,0.6863339712027181,4000,4000,0.49530674186341406,4000,0.49530674186341406,0.6373594312288994,0.3626405687711006,0.066,0.0,1.930734395980835,random_frozen,0.516,0.2546044398477595,new v22 replay
16000,0,0,0,0,16000,0,0,4000,4000,0,0,0,4000,0,0.0,0.0,0.0,a5582713e2250a2fed5147f84eb22733fb4a3d5d8a96b2ad7063637bdc8b5c2f,300,4,1000,505,assigned_level_sensitivity,dynamic,periodic,0.0,False,1,True,,True,1.0,25.0,0.0,0.0,0.0,0,4000,0,0.0,0,0.6842795062498381,0.6842795062498381,0.6884000000000013,16000,0.6863042875987514,4000,4000,0.4947641219142932,4000,0.4947641219142932,0.6367652715934017,0.3632347284065983,0.064,0.0,1.9245765209197998,random_frozen,0.516,0.2546044398477595,new v22 replay
16000,0,0,0,0,16000,0,0,4000,4000,0,0,0,4000,0,0.0,0.0,0.0,610c59b6101914a81adbf1b4f1d174804011c261d5ca56f44c21abb5aca936b4,300,4,1000,606,assigned_level_sensitivity,dynamic,periodic,0.0,False,1,True,,True,1.0,25.0,0.0,0.0,0.0,0,4000,0,0.0,0,0.6838849999998371,0.6838849999998371,0.6884000000000013,16000,0.6859403985768301,4000,4000,0.4939498064438657,4000,0.4939498064438657,0.6348037318669366,0.3651962681330634,0.06,0.0,1.9107139110565186,random_frozen,0.516,0.2546044398477595,new v22 replay
16000,0,0,0,0,16000,0,0,4000,4000,0,0,0,4000,0,0.0,0.0,0.0,10e7d3cf1ccac32325bd8322813bd1340e23ecbf1b2f05252bbaba16207441c5,300,4,1000,707,assigned_level_sensitivity,dynamic,periodic,0.0,False,1,True,,True,1.0,25.0,0.0,0.0,0.0,0,4000,0,0.0,0,0.6839809999998373,0.6839809999998373,0.6884000000000013,16000,0.6860569724833695,4000,4000,0.4961017289000846,4000,0.4961017289000846,0.63821648952844,0.36178351047156,0.072,0.0,1.9557394981384277,random_frozen,0.516,0.2546044398477595,new v22 replay
16000,0,0,0,0,16000,0,0,4000,4000,0,0,0,4000,0,0.0,0.0,0.0,5bddb1ec6bd7aa099656c4bcd4595a6452b134372744947c2f11bb5c9940609a,300,4,1000,808,assigned_level_sensitivity,dynamic,periodic,0.0,False,1,True,,True,1.0,25.0,0.0,0.0,0.0,0,4000,0,0.0,0,0.6838489999998367,0.6838489999998367,0.6884000000000013,16000,0.6861190281738029,4000,4000,0.49510680782342203,4000,0.49510680782342203,0.6370430379001869,0.3629569620998131,0.06575,0.0,1.9169175624847412,random_frozen,0.516,0.2546044398477595,new v22 replay
16000,0,0,0,0,16000,0,0,4000,4000,0,0,0,4000,0,0.0,0.0,0.0,6413ae7aa87238e504e9e4693802bb571ec075c4316ff2622c10ab08c7781733,300,4,1000,909,assigned_level_sensitivity,dynamic,periodic,0.0,False,1,True,,True,1.0,25.0,0.0,0.0,0.0,0,4000,0,0.0,0,0.6840960187498383,0.6840960187498383,0.6884000000000013,16000,0.6861302089119505,4000,4000,0.4936768818496661,4000,0.4936768818496661,0.6355251370934725,0.36447486290652753,0.068,0.0,1.8786635398864746,random_frozen,0.516,0.2546044398477595,new v22 replay
16000,0,0,0,0,16000,0,0,4000,4000,0,0,0,4000,0,0.0,0.0,0.0,6f28b524fe3ba3b15517f15638aefb82c2dc4e9cbd62630622fbd1cf08fbf448,300,4,1000,1010,assigned_level_sensitivity,dynamic,periodic,0.0,False,1,True,,True,1.0,25.0,0.0,0.0,0.0,0,4000,0,0.0,0,0.6839995062498379,0.6839995062498379,0.6884000000000013,16000,0.6861277974374324,4000,4000,0.4966292642579171,4000,0.4966292642579171,0.636249169658123,0.36375083034187705,0.06,0.0,1.8971705436706543,random_frozen,0.516,0.2546044398477595,new v22 replay
24000,0,166,0,0,23834,0,0,6000,6000,0,0,0,6000,0,0.0,0.0,0.0,f310434bb6add6f65f32157225f914a0b7691547d59235f608b1e160cebbbd50,300,6,1000,101,assigned_level_sensitivity,dynamic,periodic,0.0,False,1,True,,True,1.0,25.0,0.0,0.0,0.0,0,6000,0,0.0,0,0.6693494335820608,0.6647197666664515,0.6884000000000013,23834,0.677148513582438,6000,6000,0.4915793926047023,5989,0.4929814533067194,0.6378142492147453,0.3621857507852547,0.06066666666666667,0.0014020607020170939,3.08604097366333,random_frozen,0.516,0.2546044398477595,new v22 replay
24000,0,149,0,0,23851,0,0,6000,6000,0,0,0,6000,0,0.0,0.0,0.0,4b6c8c8482de82da0b18b21ef516955a490137ecaec90a4df1111746ac0403ea,300,6,1000,202,assigned_level_sensitivity,dynamic,periodic,0.0,False,1,True,,True,1.0,25.0,0.0,0.0,0.0,0,6000,0,0.0,0,0.6690805500815448,0.6649266749997885,0.6884000000000013,23851,0.6768043125530036,6000,6000,0.49391853224521126,5988,0.4955209861286822,0.6396718837290304,0.3603281162709696,0.06283333333333334,0.0016024538834709112,3.2288002967834473,random_frozen,0.516,0.2546044398477595,new v22 replay
24000,0,163,0,0,23837,0,0,6000,6000,0,0,0,6000,0,0.0,0.0,0.0,1828cbec67075c028042325d69913b449ff4c01579ab89092abecc067f9c78f4,300,6,1000,303,assigned_level_sensitivity,dynamic,periodic,0.0,False,1,True,,True,1.0,25.0,0.0,0.0,0.0,0,6000,0,0.0,0,0.6687533120776484,0.6642113624997877,0.6884000000000013,23837,0.676138002505274,6000,6000,0.4891000931130115,6000,0.49056075822450795,0.63587352899632,0.36412647100368,0.0645,0.0014606651114964508,3.2348122596740723,random_frozen,0.516,0.2546044398477595,new v22 replay
24000,0,190,0,0,23810,0,0,6000,6000,0,0,0,6000,0,0.0,0.0,0.0,0b39721189d246c34218de1a7d5a713741ce12a3df3126598104f4422c15a1ab,300,6,1000,404,assigned_level_sensitivity,dynamic,periodic,0.0,False,1,True,,True,1.0,25.0,0.0,0.0,0.0,0,6000,0,0.0,0,0.6690975808481685,0.6638005583331205,0.6884000000000013,23810,0.6760981634992491,6000,6000,0.48829697156338564,5992,0.4901228712209075,0.6336128711185492,0.36638712888145075,0.06233333333333333,0.0018258996575218345,3.2796106338500977,random_frozen,0.516,0.2546044398477595,new v22 replay
24000,0,190,0,0,23810,0,0,6000,6000,0,0,0,6000,0,0.0,0.0,0.0,a63feb8735ae2864b0dd367e99fa9ddaad0e1105c5f6ed6d5ac9b7263bd835f0,300,6,1000,505,assigned_level_sensitivity,dynamic,periodic,0.0,False,1,True,,True,1.0,25.0,0.0,0.0,0.0,0,6000,0,0.0,0,0.6693394750102868,0.6640405374997888,0.6884000000000013,23810,0.6768490184281996,6000,6000,0.49052565435497286,5988,0.49259027931869037,0.6360009119645145,0.36399908803548553,0.059833333333333336,0.0020646249637175096,3.09362530708313,random_frozen,0.516,0.2546044398477595,new v22 replay
24000,0,214,0,0,23786,0,0,6000,6000,0,0,0,6000,0,0.0,0.0,0.0,7b3dc080cd82fe68c38048cb70866b53436a8425ab576b9e6ee232d5b3e6220f,300,6,1000,606,assigned_level_sensitivity,dynamic,periodic,0.0,False,1,True,,True,1.0,25.0,0.0,0.0,0.0,0,6000,0,0.0,0,0.6692441520219835,0.6632767249997875,0.6884000000000013,23786,0.6764661255203378,6000,6000,0.49094259703631077,5972,0.4946858291445817,0.6346223802828832,0.3653776197171168,0.066,0.003743232108270933,3.2273497581481934,random_frozen,0.516,0.2546044398477595,new v22 replay
24000,0,169,0,0,23831,0,0,6000,6000,0,0,0,6000,0,0.0,0.0,0.0,edf84c72531dea3a4492541ff7e06836c5a4dc017617f9aaec6a07e53d816e15,300,6,1000,707,assigned_level_sensitivity,dynamic,periodic,0.0,False,1,True,,True,1.0,25.0,0.0,0.0,0.0,0,6000,0,0.0,0,0.6692181821994458,0.6645057708331248,0.6884000000000013,23831,0.6765239735410318,6000,6000,0.4938645367255107,5980,0.49676836066854246,0.6387003181352711,0.36129968186472894,0.063,0.002903823943031736,3.229874849319458,random_frozen,0.516,0.2546044398477595,new v22 replay
24000,0,204,0,0,23796,0,0,6000,6000,0,0,0,6000,0,0.0,0.0,0.0,f25ab7cff943fe2d106d8226e7f75553a78a2e97229afc0b0adeefe5aeea2f6c,300,6,1000,808,assigned_level_sensitivity,dynamic,periodic,0.0,False,1,True,,True,1.0,25.0,0.0,0.0,0.0,0,6000,0,0.0,0,0.6689188140861867,0.663233004166454,0.6884000000000013,23796,0.6762106509116338,6000,6000,0.4899264019679638,5988,0.49229795384645364,0.6334281125810192,0.36657188741898084,0.06616666666666667,0.0023715518784898637,3.1236507892608643,random_frozen,0.516,0.2546044398477595,new v22 replay
24000,0,190,0,0,23810,0,0,6000,6000,0,0,0,6000,0,0.0,0.0,0.0,82ef200d0f8095a40bee605b2f4d4de46b33830b7a89e9ae043c6cbf0814b3e5,300,6,1000,909,assigned_level_sensitivity,dynamic,periodic,0.0,False,1,True,,True,1.0,25.0,0.0,0.0,0.0,0,6000,0,0.0,0,0.6693292650144854,0.6640304083331208,0.6884000000000013,23810,0.6766542677660713,6000,6000,0.49103077523267724,5996,0.4931593759128709,0.6357950110826274,0.36420498891737263,0.063,0.0021286006801936597,3.5909957885742188,random_frozen,0.516,0.2546044398477595,new v22 replay
24000,0,210,0,0,23790,0,0,6000,6000,0,0,0,6000,0,0.0,0.0,0.0,f81ad1c5f56d0e4d3a6312f62165c6106d3f219c63e9842dbdd3b1dc773eb6de,300,6,1000,1010,assigned_level_sensitivity,dynamic,periodic,0.0,False,1,True,,True,1.0,25.0,0.0,0.0,0.0,0,6000,0,0.0,0,0.6691980538039056,0.6633425708331214,0.6884000000000013,23790,0.6761796898214216,6000,6000,0.4864110257870665,5984,0.48892037991513876,0.6354508057486186,0.36454919425138144,0.071,0.0025093541280722387,3.4057350158691406,random_frozen,0.516,0.2546044398477595,new v22 replay
32000,0,1144,0,0,30856,0,0,8000,8000,0,0,0,8000,0,0.0,0.0,0.0,c63860c4f383f7f6d7fc170ed513335602837a63cfe0e484caa2758ea1b1da40,300,8,1000,101,assigned_level_sensitivity,dynamic,periodic,0.0,False,1,True,,True,1.0,25.0,0.0,0.0,0.0,0,8000,0,0.0,0,0.6467720735025675,0.6236499718748507,0.6884000000000013,30856,0.6588071687080894,8000,8000,0.46853539348081785,7944,0.4773421329283875,0.6238624038095455,0.3761375961904545,0.073,0.008806739447569656,4.746567726135254,random_frozen,0.516,0.2546044398477595,new v22 replay
32000,0,1136,0,0,30864,0,0,8000,8000,0,0,0,8000,0,0.0,0.0,0.0,153257be2a38ab92bc028530f92663d958bb0130aad5697f98281b9496ad7b8a,300,8,1000,202,assigned_level_sensitivity,dynamic,periodic,0.0,False,1,True,,True,1.0,25.0,0.0,0.0,0.0,0,8000,0,0.0,0,0.6469678492740752,0.6240004906248456,0.6884000000000013,30864,0.6593676146509975,8000,8000,0.4681653964274862,7960,0.4747484067524306,0.6225706086299835,0.3774293913700165,0.07225,0.0065830103249443495,4.560022830963135,random_frozen,0.516,0.2546044398477595,new v22 replay
32000,0,1004,0,0,30996,0,0,8000,8000,0,0,0,8000,0,0.0,0.0,0.0,72f488fbf55d77743fd0b1e8ddee780df8f3fcb7b2cd9552889f6363943fa80f,300,8,1000,303,assigned_level_sensitivity,dynamic,periodic,0.0,False,1,True,,True,1.0,25.0,0.0,0.0,0.0,0,8000,0,0.0,0,0.6460779874820953,0.6258072906248445,0.6884000000000013,30996,0.6597165233855812,8000,8000,0.4698883187035041,7952,0.4766852829272179,0.6294145513812958,0.37058544861870424,0.069,0.006796964223713786,4.6562933921813965,random_frozen,0.516,0.2546044398477595,new v22 replay
32000,0,1101,0,0,30899,0,0,8000,8000,0,0,0,8000,0,0.0,0.0,0.0,35b972932fea07f4c873b543f07aafaf6180be174832d1385d62060f4a5cc534,300,8,1000,404,assigned_level_sensitivity,dynamic,periodic,0.0,False,1,True,,True,1.0,25.0,0.0,0.0,0.0,0,8000,0,0.0,0,0.6463985954236411,0.6241584437498464,0.6884000000000013,30899,0.65878858591936,8000,8000,0.4668904340414533,7944,0.47678205380814165,0.6167512144071929,0.38324878559280706,0.06875,0.009891619766688342,4.84318208694458,random_frozen,0.516,0.2546044398477595,new v22 replay
32000,0,1128,0,0,30872,0,0,8000,8000,0,0,0,8000,0,0.0,0.0,0.0,71b8978e40f47783c77a1aeeb5b6ff10a422a706e14cdb60311a2f3cb0bc2f6a,300,8,1000,505,assigned_level_sensitivity,dynamic,periodic,0.0,False,1,True,,True,1.0,25.0,0.0,0.0,0.0,0,8000,0,0.0,0,0.6466467575795269,0.6238524593748487,0.6884000000000013,30872,0.6582651886182804,8000,8000,0.4709809686202518,7944,0.4790227699344847,0.6280030268583605,0.3719969731416395,0.068625,0.008041801314232933,4.75073766708374,random_frozen,0.516,0.2546044398477595,new v22 replay
32000,0,1153,0,0,30847,0,0,8000,8000,0,0,0,8000,0,0.0,0.0,0.0,7992b24107b90f806aa3cabb32b76af42c57f40a492fc1760ec9f2b91932463d,300,8,1000,606,assigned_level_sensitivity,dynamic,periodic,0.0,False,1,True,,True,1.0,25.0,0.0,0.0,0.0,0,8000,0,0.0,0,0.6464985930558901,0.623204440624845,0.6884000000000013,30847,0.6586653264979508,8000,8000,0.46694364846774994,7943,0.47502543055213114,0.6182037460112886,0.3817962539887114,0.069125,0.008081782084381206,4.903362035751343,random_frozen,0.516,0.2546044398477595,new v22 replay
32000,0,1074,0,0,30926,0,0,8000,8000,0,0,0,8000,0,0.0,0.0,0.0,6325f822143d9c985b65fa644054a66fed771e721ba554a3b3aa2a29437faa03,300,8,1000,707,assigned_level_sensitivity,dynamic,periodic,0.0,False,1,True,,True,1.0,25.0,0.0,0.0,0.0,0,8000,0,0.0,0,0.6464113723079338,0.6247161906248487,0.6884000000000013,30926,0.6588666252434493,8000,8000,0.46883313722198355,7944,0.47652733697217275,0.6247153768559002,0.3752846231440998,0.06625,0.007694199750189201,4.65603232383728,random_frozen,0.516,0.2546044398477595,new v22 replay
32000,0,1088,0,0,30912,0,0,8000,8000,0,0,0,8000,0,0.0,0.0,0.0,0c0566a4c99851bf015bc98925f18e16f923cbeb066f6ad787d49a3eec70ea17,300,8,1000,808,assigned_level_sensitivity,dynamic,periodic,0.0,False,1,True,,True,1.0,25.0,0.0,0.0,0.0,0,8000,0,0.0,0,0.6461627005692026,0.6241931687498496,0.6884000000000013,30912,0.6578402610788175,8000,8000,0.46913079516055617,7936,0.47729786161567567,0.6256348627696998,0.3743651372303002,0.067,0.008167066455119498,4.615982532501221,random_frozen,0.516,0.2546044398477595,new v22 replay
32000,0,1024,0,0,30976,0,0,8000,8000,0,0,0,8000,0,0.0,0.0,0.0,205f303a94ed3cb76d0854488deaf2d434b42c8cce6aa94c33c2ec4928f82b6a,300,8,1000,909,assigned_level_sensitivity,dynamic,periodic,0.0,False,1,True,,True,1.0,25.0,0.0,0.0,0.0,0,8000,0,0.0,0,0.6465615347364108,0.6258715656248456,0.6884000000000013,30976,0.6590168711547327,8000,8000,0.46772036017039287,7968,0.47481066589031773,0.6190365864353851,0.38096341356461494,0.062625,0.007090305719924861,4.6576244831085205,random_frozen,0.516,0.2546044398477595,new v22 replay
32000,0,1136,0,0,30864,0,0,8000,8000,0,0,0,8000,0,0.0,0.0,0.0,af093126002fd60ec82ad09bc6bef1582711a1f92b9e47732703effc1d436957,300,8,1000,1010,assigned_level_sensitivity,dynamic,periodic,0.0,False,1,True,,True,1.0,25.0,0.0,0.0,0.0,0,8000,0,0.0,0,0.6469893403316189,0.6240212187498464,0.6884000000000013,30864,0.658459298974774,8000,8000,0.46791143560211024,7936,0.4764588402816405,0.6242347851983148,0.37576521480168523,0.07,0.008547404679530246,4.578183650970459,random_frozen,0.516,0.2546044398477595,new v22 replay
40000,0,2460,0,0,37540,0,0,10000,10000,0,0,0,10000,0,0.0,0.0,0.0,089213baaee274d4f0641e86a2fceb7f37fcf02f54633580e843012822fad741,300,10,1000,101,assigned_level_sensitivity,dynamic,periodic,0.0,False,1,True,,True,1.0,25.0,0.0,0.0,0.0,0,10000,0,0.0,0,0.6277798961106336,0.5891714324998296,0.6884000000000013,37540,0.6370689128813858,10000,10000,0.45095960923749406,9840,0.4673034094770911,0.6001732270990289,0.39982677290097113,0.08,0.01634380023959703,6.221746206283569,random_frozen,0.516,0.2546044398477595,new v22 replay
40000,0,2534,0,0,37466,0,0,10000,10000,0,0,0,10000,0,0.0,0.0,0.0,a39aa1e845d71c140592ae63f89db294728ac58a34b23ef7f83d29b891d96403,300,10,1000,202,assigned_level_sensitivity,dynamic,periodic,0.0,False,1,True,,True,1.0,25.0,0.0,0.0,0.0,0,10000,0,0.0,0,0.6279338680401656,0.5881542574998211,0.6884000000000013,37466,0.6363923380101171,10000,10000,0.452263543517597,9820,0.46905768346196536,0.6148583615416717,0.3851416384583283,0.084,0.016794139944368347,6.785973310470581,random_frozen,0.516,0.2546044398477595,new v22 replay
40000,0,2440,0,0,37560,0,0,10000,10000,0,0,0,10000,0,0.0,0.0,0.0,2f58408ffa1af27162eccc8e6f90ee402ac457f73cf4b4a9260a5ad6a7f245af,300,10,1000,303,assigned_level_sensitivity,dynamic,periodic,0.0,False,1,True,,True,1.0,25.0,0.0,0.0,0.0,0,10000,0,0.0,0,0.6272640814694659,0.5890009724998284,0.6884000000000013,37560,0.6372908999717029,10000,10000,0.4486427960774202,9820,0.4641784465899252,0.618237765403393,0.38176223459660696,0.0789,0.015535650512504995,6.194371938705444,random_frozen,0.516,0.2546044398477595,new v22 replay
40000,0,2489,0,0,37511,0,0,10000,10000,0,0,0,10000,0,0.0,0.0,0.0,c727114f2369f249d8ddda870a43a75176557d11f6a2eec7f34bd9242fb51c55,300,10,1000,404,assigned_level_sensitivity,dynamic,periodic,0.0,False,1,True,,True,1.0,25.0,0.0,0.0,0.0,0,10000,0,0.0,0,0.627608021646797,0.5885551124998251,0.6884000000000013,37511,0.6368183264291595,10000,10000,0.4534681495466097,9780,0.4710984312432341,0.617489503629683,0.382510496370317,0.0862,0.017630281696624395,6.123940944671631,random_frozen,0.516,0.2546044398477595,new v22 replay
40000,0,2520,0,0,37480,0,0,10000,10000,0,0,0,10000,0,0.0,0.0,0.0,b26479cca317d5efb723e2f863b0bb23adc345d84dfba9d4280d3d68ff2f5e20,300,10,1000,505,assigned_level_sensitivity,dynamic,periodic,0.0,False,1,True,,True,1.0,25.0,0.0,0.0,0.0,0,10000,0,0.0,0,0.6284399679827224,0.5888482499998109,0.6884000000000013,37480,0.6367877380035923,10000,10000,0.4544802268475434,9800,0.47114107127234667,0.6146279759292143,0.38537202407078575,0.088,0.016660844424803256,6.068888902664185,random_frozen,0.516,0.2546044398477595,new v22 replay
40000,0,2600,0,0,37400,0,0,10000,10000,0,0,0,10000,0,0.0,0.0,0.0,cc5108984896c782d03ec7889a83322d8c1c960f958895eaa0042a8e3b06a52b,300,10,1000,606,assigned_level_sensitivity,dynamic,periodic,0.0,False,1,True,,True,1.0,25.0,0.0,0.0,0.0,0,10000,0,0.0,0,0.6285435668447268,0.5876882349998196,0.6884000000000013,37400,0.6362487999694618,10000,10000,0.45301424331727913,9860,0.46730560619529604,0.6198307277145472,0.38016927228545283,0.085,0.014291362878016911,6.12322998046875,random_frozen,0.516,0.2546044398477595,new v22 replay
40000,0,2400,0,0,37600,0,0,10000,10000,0,0,0,10000,0,0.0,0.0,0.0,ac05d22015da54c03f32b50a9ee208c387d3b5cd9bae7a9206a6c2a648538b57,300,10,1000,707,assigned_level_sensitivity,dynamic,periodic,0.0,False,1,True,,True,1.0,25.0,0.0,0.0,0.0,0,10000,0,0.0,0,0.6274424840423634,0.5897959349998215,0.6884000000000013,37600,0.6360380274503287,10000,10000,0.4541322179040665,9840,0.4704367262448984,0.616258825486309,0.38374117451369105,0.078,0.016304508340831914,6.197373390197754,random_frozen,0.516,0.2546044398477595,new v22 replay
40000,0,2480,0,0,37520,0,0,10000,10000,0,0,0,10000,0,0.0,0.0,0.0,a379d821bfe8c8fea491e87d085a60dea66fe18360f999362d55d5e871cbd5da,300,10,1000,808,assigned_level_sensitivity,dynamic,periodic,0.0,False,1,True,,True,1.0,25.0,0.0,0.0,0.0,0,10000,0,0.0,0,0.6277584861405372,0.588837459999824,0.6884000000000013,37520,0.6362659960760673,10000,10000,0.4525922620305316,9840,0.4678439003012334,0.6099129570094949,0.3900870429905051,0.082,0.015251638270701806,6.054370403289795,random_frozen,0.516,0.2546044398477595,new v22 replay
40000,0,2540,0,0,37460,0,0,10000,10000,0,0,0,10000,0,0.0,0.0,0.0,8cc5a2dc755fef6857edd0570626ce94fc5b007fd3061f5eac14e7600023de81,300,10,1000,909,assigned_level_sensitivity,dynamic,periodic,0.0,False,1,True,,True,1.0,25.0,0.0,0.0,0.0,0,10000,0,0.0,0,0.6281353390281156,0.5882487449998303,0.6884000000000013,37460,0.6364878703034348,10000,10000,0.45014406823649933,9820,0.4671363275196758,0.617074380086269,0.382925619913731,0.0839,0.016992259283176492,6.1742095947265625,random_frozen,0.516,0.2546044398477595,new v22 replay
40000,0,2440,0,0,37560,0,0,10000,10000,0,0,0,10000,0,0.0,0.0,0.0,691176c9f13d8e67c7d3c7daf5d4ece368b026a6394a0da43bcc0c0676ab28f5,300,10,1000,1010,assigned_level_sensitivity,dynamic,periodic,0.0,False,1,True,,True,1.0,25.0,0.0,0.0,0.0,0,10000,0,0.0,0,0.6278233493075921,0.5895261249998289,0.6884000000000013,37560,0.6368190590870774,10000,10000,0.44872030255521206,9840,0.4641668336392342,0.6212723141371562,0.3787276858628438,0.0829,0.015446531084022164,6.487886667251587,random_frozen,0.516,0.2546044398477595,new v22 replay
16000,0,8232,0,0,7768,0,0,4000,4000,0,0,0,4000,0,0.0,0.0,0.0,1af266f5cf2b68c03047e5cc55006c3d19e6f3d47a035d9144dbf82d194c4809,100,4,1000,101,assigned_level_sensitivity,dynamic,periodic,0.0,False,1,True,,True,1.0,25.0,0.0,0.0,0.0,0,4000,0,0.0,0,0.6621802136972158,0.32148849374999827,0.6884000000000013,7768,0.6700545354175662,4000,4000,0.5153415026902324,4000,0.5193398481062856,0.6214048123437661,0.3785951876562339,0.065,0.003998345416053262,1.8100807666778564,defect_oracle,1.0,0.7638880137050303,new v22 replay
16000,0,8192,0,0,7808,0,0,4000,4000,0,0,0,4000,0,0.0,0.0,0.0,d8f55c2b70b0a5ff6390d314b4acb5e49f2bf9626489de6ee09bf1c41fbe5899,100,4,1000,202,assigned_level_sensitivity,dynamic,periodic,0.0,False,1,True,,True,1.0,25.0,0.0,0.0,0.0,0,4000,0,0.0,0,0.6611766649590133,0.3226542124999985,0.6884000000000013,7808,0.6728571108541456,4000,4000,0.5150203579022846,4000,0.5169145650000785,0.6249212931927174,0.3750787068072826,0.066,0.0018942070977938652,1.651766300201416,defect_oracle,1.0,0.7638880137050303,new v22 replay
16000,0,8195,0,0,7805,0,0,4000,4000,0,0,0,4000,0,0.0,0.0,0.0,08f0185ccc30e7112134011ad09471cc4f431725a990c332c98588d886df7fda,100,4,1000,303,assigned_level_sensitivity,dynamic,periodic,0.0,False,1,True,,True,1.0,25.0,0.0,0.0,0.0,0,4000,0,0.0,0,0.6619339910313858,0.3228996749999979,0.6884000000000013,7805,0.671990699106498,4000,4000,0.5163648041092146,4000,0.5188512444389611,0.623367660587645,0.37663233941235497,0.06725,0.002486440329746542,1.6995420455932617,defect_oracle,1.0,0.7638880137050303,new v22 replay
16000,0,8200,0,0,7800,0,0,4000,4000,0,0,0,4000,0,0.0,0.0,0.0,29baaceb24c9ffcba6c0224e56ac2e974e56f289eeebc8984b1703a063ad2281,100,4,1000,404,assigned_level_sensitivity,dynamic,periodic,0.0,False,1,True,,True,1.0,25.0,0.0,0.0,0.0,0,4000,0,0.0,0,0.6617796282051257,0.3226175687499988,0.6884000000000013,7800,0.673392550111989,4000,4000,0.5148086928281608,4000,0.5167360433195581,0.6164928646442387,0.3835071353557613,0.06575,0.0019273504913973616,1.594876766204834,defect_oracle,1.0,0.7638880137050303,new v22 replay
16000,0,8168,0,0,7832,0,0,4000,4000,0,0,0,4000,0,0.0,0.0,0.0,b70a4faa7c624668a14b28fd635ec341d5467390755acf878450038fbee1b00b,100,4,1000,505,assigned_level_sensitivity,dynamic,periodic,0.0,False,1,True,,True,1.0,25.0,0.0,0.0,0.0,0,4000,0,0.0,0,0.6623224974463677,0.324206862499997,0.6884000000000013,7832,0.6741955693116926,4000,4000,0.5163675077435346,4000,0.5182949371613153,0.6289668066017856,0.3710331933982144,0.066,0.0019274294177806794,1.606675148010254,defect_oracle,1.0,0.7638880137050303,new v22 replay
16000,0,8200,0,0,7800,0,0,4000,4000,0,0,0,4000,0,0.0,0.0,0.0,29b23b51a66535966816e3fe67d497e88502d0fa55a580db394149c9e685dc4d,100,4,1000,606,assigned_level_sensitivity,dynamic,periodic,0.0,False,1,True,,True,1.0,25.0,0.0,0.0,0.0,0,4000,0,0.0,0,0.6602512051282049,0.32187246249999985,0.6884000000000013,7800,0.672501492385125,4000,4000,0.5162167531347818,4000,0.5183186883480738,0.6283578514465527,0.37164214855344735,0.068,0.00210193521329205,1.735417127609253,defect_oracle,1.0,0.7638880137050303,new v22 replay
16000,0,8192,0,0,7808,0,0,4000,4000,0,0,0,4000,0,0.0,0.0,0.0,b70ec86a6e4cd256607939cf975dcc885ea5b84dcf565ce777c998e8541f66f4,100,4,1000,707,assigned_level_sensitivity,dynamic,periodic,0.0,False,1,True,,True,1.0,25.0,0.0,0.0,0.0,0,4000,0,0.0,0,0.6612432120901602,0.3226866874999982,0.6884000000000013,7808,0.6706867651453727,4000,4000,0.5126014525611724,4000,0.5156114595826977,0.6196090834105462,0.3803909165894538,0.068,0.0030100070215253183,1.861872673034668,defect_oracle,1.0,0.7638880137050303,new v22 replay
16000,0,8176,0,0,7824,0,0,4000,4000,0,0,0,4000,0,0.0,0.0,0.0,40a39f1cb70ffd38b7ff6d04d2337fee3a03f4cf65cba32aad77afeae05e76ef,100,4,1000,808,assigned_level_sensitivity,dynamic,periodic,0.0,False,1,True,,True,1.0,25.0,0.0,0.0,0.0,0,4000,0,0.0,0,0.660099539877297,0.3227886749999982,0.6884000000000013,7824,0.6716196018018415,4000,4000,0.5126635066831915,4000,0.515051924015422,0.6247106527989373,0.37528934720106266,0.066,0.002388417332230497,1.6090974807739258,defect_oracle,1.0,0.7638880137050303,new v22 replay
16000,0,8193,0,0,7807,0,0,4000,4000,0,0,0,4000,0,0.0,0.0,0.0,beed0025005a52824c14b727609a4222a183e582c01e60966a649e6149b0f804,100,4,1000,909,assigned_level_sensitivity,dynamic,periodic,0.0,False,1,True,,True,1.0,25.0,0.0,0.0,0.0,0,4000,0,0.0,0,0.6615981170744141,0.32281853124999693,0.6884000000000013,7807,0.6723819445580321,4000,4000,0.5150051993783813,4000,0.5173493799092324,0.628852780127614,0.37114721987238597,0.066,0.002344180530851059,1.7201433181762695,defect_oracle,1.0,0.7638880137050303,new v22 replay
16000,0,8184,0,0,7816,0,0,4000,4000,0,0,0,4000,0,0.0,0.0,0.0,0a6db8bff60cf3af0ee1e7000061d8a2ac61a5fecc96dc75eb123cfbf14987fe,100,4,1000,1010,assigned_level_sensitivity,dynamic,periodic,0.0,False,1,True,,True,1.0,25.0,0.0,0.0,0.0,0,4000,0,0.0,0,0.661421404810641,0.32310435624999817,0.6884000000000013,7816,0.6721566199797544,4000,4000,0.5143335896647127,4000,0.51716776960941,0.6245399067313515,0.3754600932686485,0.066,0.002834179944697368,1.654167652130127,defect_oracle,1.0,0.7638880137050303,new v22 replay
24000,0,14376,0,0,9624,0,0,6000,6000,0,0,0,6000,0,0.0,0.0,0.0,461f33843b98f5a26dab44a1603ac366d20720cd1da6ba7f37ca09d43aa874b7,100,6,1000,101,assigned_level_sensitivity,dynamic,periodic,0.0,False,1,True,,True,1.0,25.0,0.0,0.0,0.0,0,6000,0,0.0,0,0.6497782834580105,0.2605610916666622,0.6884000000000013,9624,0.6274994089020601,6000,6000,0.4933053273101204,6000,0.5140962993942565,0.577580486322277,0.422419513677723,0.07466666666666667,0.020790972084136106,2.548490047454834,defect_oracle,1.0,0.7638880137050303,new v22 replay
24000,0,14540,0,0,9460,0,0,6000,6000,0,0,0,6000,0,0.0,0.0,0.0,3e4ec7fb244c5d260d197fa167f5026b5ddfc5f890b3d91ce3ff9e994d9d230f,100,6,1000,202,assigned_level_sensitivity,dynamic,periodic,0.0,False,1,True,,True,1.0,25.0,0.0,0.0,0.0,0,6000,0,0.0,0,0.6513147040169041,0.2567265458333297,0.6884000000000013,9460,0.6241022687536991,6000,6000,0.492579745516499,6000,0.516207049712252,0.5633894810256458,0.4366105189743542,0.07266666666666667,0.02362730419575293,2.3021340370178223,defect_oracle,1.0,0.7638880137050303,new v22 replay
24000,0,14476,0,0,9524,0,0,6000,6000,0,0,0,6000,0,0.0,0.0,0.0,086a1ea7bf64f123407fb480d5cadb4eb1453a0dbbe50e47e86267e583380f0e,100,6,1000,303,assigned_level_sensitivity,dynamic,periodic,0.0,False,1,True,,True,1.0,25.0,0.0,0.0,0.0,0,6000,0,0.0,0,0.6505733410331688,0.2581691874999958,0.6884000000000013,9524,0.6254981012023466,6000,6000,0.4934064772642905,6000,0.5161140304324395,0.5636215866001003,0.4363784133998997,0.072,0.02270755316814904,2.2862002849578857,defect_oracle,1.0,0.7638880137050303,new v22 replay
24000,0,14416,0,0,9584,0,0,6000,6000,0,0,0,6000,0,0.0,0.0,0.0,848e87a1a30e1f97bf839aa120f2efa00b720c1f14505d08b7fb4974e1e6d1e4,100,6,1000,404,assigned_level_sensitivity,dynamic,periodic,0.0,False,1,True,,True,1.0,25.0,0.0,0.0,0.0,0,6000,0,0.0,0,0.6501614461602564,0.2596311374999957,0.6884000000000013,9584,0.6268714880036188,6000,6000,0.49264399311184714,6000,0.5148038878471909,0.5686044758631495,0.43139552413685045,0.068,0.022159894735343744,2.3055732250213623,defect_oracle,1.0,0.7638880137050303,new v22 replay
24000,0,14528,0,0,9472,0,0,6000,6000,0,0,0,6000,0,0.0,0.0,0.0,82e382544874427531666231a3d6d0d7cd5b4843c6d120d28fa94e3ee8689ffb,100,6,1000,505,assigned_level_sensitivity,dynamic,periodic,0.0,False,1,True,,True,1.0,25.0,0.0,0.0,0.0,0,6000,0,0.0,0,0.6514044974662064,0.2570876416666628,0.6884000000000013,9472,0.6257466462430493,6000,6000,0.49280450045558116,6000,0.5155429506336351,0.5594311780698361,0.4405688219301639,0.07133333333333333,0.022738450178053926,2.2911386489868164,defect_oracle,1.0,0.7638880137050303,new v22 replay
24000,0,14552,0,0,9448,0,0,6000,6000,0,0,0,6000,0,0.0,0.0,0.0,28f9ac6685220f23a39fbaf41601376f4832d807898a81312da97e9bc9b9cffe,100,6,1000,606,assigned_level_sensitivity,dynamic,periodic,0.0,False,1,True,,True,1.0,25.0,0.0,0.0,0.0,0,6000,0,0.0,0,0.6515903471634127,0.25650939999999683,0.6884000000000013,9448,0.6244954182683327,6000,6000,0.493375378128037,6000,0.5156279136652615,0.5688414239823643,0.43115857601763574,0.07383333333333333,0.022252535537224505,2.3444759845733643,defect_oracle,1.0,0.7638880137050303,new v22 replay
24000,0,14500,0,0,9500,0,0,6000,6000,0,0,0,6000,0,0.0,0.0,0.0,6df4d7d74941c870e22277e21ad4a33bf8d84d27d2030466f39db59ca11d54ee,100,6,1000,707,assigned_level_sensitivity,dynamic,periodic,0.0,False,1,True,,True,1.0,25.0,0.0,0.0,0.0,0,6000,0,0.0,0,0.6509975157894636,0.25768651666666265,0.6884000000000013,9500,0.6241981710896755,6000,6000,0.49162884421305353,6000,0.5148800522192266,0.5625476681560274,0.4374523318439726,0.074,0.023251208006173085,2.3079981803894043,defect_oracle,1.0,0.7638880137050303,new v22 replay
24000,0,14472,0,0,9528,0,0,6000,6000,0,0,0,6000,0,0.0,0.0,0.0,ba8af916353a2fb8bd497686d20049574ece34dca7f18320f4fc5e89a7f64ca9,100,6,1000,808,assigned_level_sensitivity,dynamic,periodic,0.0,False,1,True,,True,1.0,25.0,0.0,0.0,0.0,0,6000,0,0.0,0,0.650488287153642,0.2582438499999959,0.6884000000000013,9528,0.6257126164670354,6000,6000,0.4925553855005787,6000,0.514584484661762,0.5711545187207011,0.4288454812792989,0.07133333333333333,0.022029099161183285,2.368838310241699,defect_oracle,1.0,0.7638880137050303,new v22 replay
24000,0,14444,0,0,9556,0,0,6000,6000,0,0,0,6000,0,0.0,0.0,0.0,f5c93f0243d373b4ce9a97e5bd3091938d5ecdc7eab36b9c21ae2517f377e3f5,100,6,1000,909,assigned_level_sensitivity,dynamic,periodic,0.0,False,1,True,,True,1.0,25.0,0.0,0.0,0.0,0,6000,0,0.0,0,0.6503688363331848,0.2589551916666631,0.6884000000000013,9556,0.6265019484158695,6000,6000,0.4926174917876356,6000,0.5133379839172376,0.5728531803896967,0.4271468196103033,0.07533333333333334,0.02072049212960203,2.354914665222168,defect_oracle,1.0,0.7638880137050303,new v22 replay
24000,0,14504,0,0,9496,0,0,6000,6000,0,0,0,6000,0,0.0,0.0,0.0,ec1271841a1a509813d1214166b85daa03c83dde58e871cdee6525b2617d5073,100,6,1000,1010,assigned_level_sensitivity,dynamic,periodic,0.0,False,1,True,,True,1.0,25.0,0.0,0.0,0.0,0,6000,0,0.0,0,0.6513705033698314,0.25772559583332993,0.6884000000000013,9496,0.6243130029792532,6000,6000,0.49329901928309056,6000,0.5168536459286018,0.5649053555193044,0.43509464448069557,0.07066666666666667,0.02355462664551128,2.2857913970947266,defect_oracle,1.0,0.7638880137050303,new v22 replay
32000,2000,20120,0,0,9880,0,0,8000,8000,2000,0,0,6000,0,0.25,0.0,0.25,4d9ef17f5480044edb8f04e3ee906f49ea943b7e791931b08827a45f4b263d0b,100,8,1000,101,assigned_level_sensitivity,dynamic,periodic,0.0,False,1,True,,True,1.0,25.0,0.0,0.0,0.0,0,8000,2000,0.25,0,0.6474450708501881,0.1998986656249956,0.516300000000001,9880,0.4843545266825171,8000,8000,0.38664734903155784,6480,0.5102156680536488,0.44752573163432957,0.5524742683656705,0.248875,0.12356831902209098,3.1640408039093018,defect_oracle,1.0,0.7638880137050303,new v22 replay
32000,2000,20184,0,0,9816,0,0,8000,8000,2000,0,0,6000,0,0.25,0.0,0.25,23c06afbe4c918f294e6b1f1315af34f5ff17036b2594e88cf064ede78df6566,100,8,1000,202,assigned_level_sensitivity,dynamic,periodic,0.0,False,1,True,,True,1.0,25.0,0.0,0.0,0.0,0,8000,2000,0.25,0,0.6480928687856428,0.1988024874999959,0.516300000000001,9816,0.48233241701402835,8000,8000,0.3870500843816991,6496,0.5119003347558821,0.43744494953903507,0.5625550504609649,0.249625,0.12485025037418307,3.186248779296875,defect_oracle,1.0,0.7638880137050303,new v22 replay
32000,2000,20192,0,0,9808,0,0,8000,8000,2000,0,0,6000,0,0.25,0.0,0.25,7b1bf3f6e15ce60226d671a670c0fa5abe34f3241fbae3fca3ad89acfdc386fb,100,8,1000,303,assigned_level_sensitivity,dynamic,periodic,0.0,False,1,True,,True,1.0,25.0,0.0,0.0,0.0,0,8000,2000,0.25,0,0.6479587887438691,0.19859936874999587,0.516300000000001,9808,0.48366127154629984,8000,8000,0.3917702853738139,6536,0.5171728962889836,0.4432172113767079,0.5567827886232921,0.24225,0.12540261091516963,3.316671848297119,defect_oracle,1.0,0.7638880137050303,new v22 replay
32000,2000,20176,0,0,9824,0,0,8000,8000,2000,0,0,6000,0,0.25,0.0,0.25,4f1967fbe434c266cf19951a3e7fd175a098d9ba50953401586a75e0f83a9ace,100,8,1000,404,assigned_level_sensitivity,dynamic,periodic,0.0,False,1,True,,True,1.0,25.0,0.0,0.0,0.0,0,8000,2000,0.25,0,0.6480567589576414,0.19895342499999588,0.516300000000001,9824,0.4839857983513659,8000,8000,0.3847111049999776,6504,0.5093607057036428,0.4303372271926651,0.5696627728073349,0.245,0.12464960070366515,3.2156848907470703,defect_oracle,1.0,0.7638880137050303,new v22 replay
32000,2000,20176,0,0,9824,0,0,8000,8000,2000,0,0,6000,0,0.25,0.0,0.25,8754c46cb7a0e8af21b05f5269793cbd302b4236b3ee120618a321c6578f684a,100,8,1000,505,assigned_level_sensitivity,dynamic,periodic,0.0,False,1,True,,True,1.0,25.0,0.0,0.0,0.0,0,8000,2000,0.25,0,0.6481663171823967,0.1989870593749958,0.516300000000001,9824,0.4857933750991493,8000,8000,0.3874318723274797,6504,0.5102743612677219,0.4436506964073923,0.5563493035926077,0.244,0.12284248894024213,3.2259957790374756,defect_oracle,1.0,0.7638880137050303,new v22 replay
32000,2000,20232,0,0,9768,0,0,8000,8000,2000,0,0,6000,0,0.25,0.0,0.25,ad0b1db1473ee09003f92124f077f69bb4c5715abe556454ac338eeffed5cb84,100,8,1000,606,assigned_level_sensitivity,dynamic,periodic,0.0,False,1,True,,True,1.0,25.0,0.0,0.0,0.0,0,8000,2000,0.25,0,0.6484920249795121,0.19795219062499606,0.516300000000001,9768,0.48421675850491686,8000,8000,0.38601406891593165,6496,0.5078943642272868,0.440792868617186,0.559207131382814,0.25325,0.12188029531135519,3.174196720123291,defect_oracle,1.0,0.7638880137050303,new v22 replay
32000,2000,20224,0,0,9776,0,0,8000,8000,2000,0,0,6000,0,0.25,0.0,0.25,237baa0314b956bad93cc6373d4cdf3113296aebc0561954bd8aa19d89c16407,100,8,1000,707,assigned_level_sensitivity,dynamic,periodic,0.0,False,1,True,,True,1.0,25.0,0.0,0.0,0.0,0,8000,2000,0.25,0,0.6484594312602165,0.19810435624999617,0.516300000000001,9776,0.48049571182771067,8000,8000,0.38483314736412966,6528,0.5087150202304038,0.4418794274768545,0.5581205725231455,0.2465,0.12388187286627417,3.1754283905029297,defect_oracle,1.0,0.7638880137050303,new v22 replay
32000,2000,20120,0,0,9880,0,0,8000,8000,2000,0,0,6000,0,0.25,0.0,0.25,483ce4fa2381a01e6169752b3e8cd0637a08251695f30e238d3bacd17633ac56,100,8,1000,808,assigned_level_sensitivity,dynamic,periodic,0.0,False,1,True,,True,1.0,25.0,0.0,0.0,0.0,0,8000,2000,0.25,0,0.647478390688245,0.19990895312499563,0.516300000000001,9880,0.48439628983803734,8000,8000,0.3886381932949267,6520,0.5118536630556626,0.4473832783920872,0.5526167216079128,0.239125,0.12321546976073589,3.18245530128479,defect_oracle,1.0,0.7638880137050303,new v22 replay
32000,2000,20176,0,0,9824,0,0,8000,8000,2000,0,0,6000,0,0.25,0.0,0.25,a049684ef6b6f06f6ba0a631382202e0027a28f0cba004dcf868e8f5ef600aee,100,8,1000,909,assigned_level_sensitivity,dynamic,periodic,0.0,False,1,True,,True,1.0,25.0,0.0,0.0,0.0,0,8000,2000,0.25,0,0.6479449918566642,0.19891911249999591,0.516300000000001,9824,0.481822442549222,8000,8000,0.38988773990013836,6456,0.5167462863149822,0.4412112902426803,0.5587887097573196,0.248,0.12685854641484384,3.1770057678222656,defect_oracle,1.0,0.7638880137050303,new v22 replay
32000,2000,20200,0,0,9800,0,0,8000,8000,2000,0,0,6000,0,0.25,0.0,0.25,7847cb6a85b4d30d64cd625784f021a1e93ca79262f182afb9bc4ffc3f43c0df,100,8,1000,1010,assigned_level_sensitivity,dynamic,periodic,0.0,False,1,True,,True,1.0,25.0,0.0,0.0,0.0,0,8000,2000,0.25,0,0.648218806122436,0.198517009374996,0.516300000000001,9800,0.48172648591971934,8000,8000,0.384788849246967,6480,0.5103966347902811,0.4423383513224598,0.5576616486775402,0.249,0.1256077855433141,3.152967691421509,defect_oracle,1.0,0.7638880137050303,new v22 replay
40000,4000,26060,0,0,9940,0,0,10000,10000,4000,0,0,6000,0,0.4,0.0,0.4,2e4c67f94f4551d6bedddfe8c20b7f1cd3ecc585befd6876719fa0b2a3d5624d,100,10,1000,101,assigned_level_sensitivity,dynamic,periodic,0.0,False,1,True,,True,1.0,25.0,0.0,0.0,0.0,0,10000,4000,0.4,0,0.6470269315895225,0.16078619249999634,0.4130400000000008,9940,0.39528986257062015,10000,10000,0.3217138598815083,6900,0.5088111021506142,0.3416598314662541,0.6583401685337459,0.3581,0.1870972422691059,4.261439323425293,defect_oracle,1.0,0.7638880137050303,new v22 replay
40000,4000,26000,0,0,10000,0,0,10000,10000,4000,0,0,6000,0,0.4,0.0,0.4,18835f551fafcd0eff4fde97603feb274ae11629f41704f3853c5c88e02315d4,100,10,1000,202,assigned_level_sensitivity,dynamic,periodic,0.0,False,1,True,,True,1.0,25.0,0.0,0.0,0.0,0,10000,4000,0.4,0,0.6464124299999839,0.16160310749999598,0.4130400000000008,10000,0.3931701046102588,10000,10000,0.32885400465207815,7020,0.5179616456673698,0.3779180329855191,0.6220819670144808,0.346,0.18910764101529165,4.247150421142578,defect_oracle,1.0,0.7638880137050303,new v22 replay
40000,4000,26100,0,0,9900,0,0,10000,10000,4000,0,0,6000,0,0.4,0.0,0.4,dea410fce82fb11cef5427ae3732ba106d036b07853cc47f04ed26bdf8af6de7,100,10,1000,303,assigned_level_sensitivity,dynamic,periodic,0.0,False,1,True,,True,1.0,25.0,0.0,0.0,0.0,0,10000,4000,0.4,0,0.6475598787878651,0.16027106999999663,0.4130400000000008,9900,0.3996381974532582,10000,10000,0.31924486440622024,7200,0.4976919425432904,0.35865798783734093,0.6413420121626591,0.35,0.17844707813707017,4.230865001678467,defect_oracle,1.0,0.7638880137050303,new v22 replay
40000,4000,26020,0,0,9980,0,0,10000,10000,4000,0,0,6000,0,0.4,0.0,0.4,27569167d0738c7989aa1e1f5a9de19a287d8fe084994189515e4a7eccfe2108,100,10,1000,404,assigned_level_sensitivity,dynamic,periodic,0.0,False,1,True,,True,1.0,25.0,0.0,0.0,0.0,0,10000,4000,0.4,0,0.6466774749498844,0.16134602999999614,0.4130400000000008,9980,0.38727186163403055,10000,10000,0.318770667121474,6840,0.5132380541519131,0.3760614590228808,0.6239385409771192,0.36,0.19446738703043914,4.219858646392822,defect_oracle,1.0,0.7638880137050303,new v22 replay
40000,4000,26080,0,0,9920,0,0,10000,10000,4000,0,0,6000,0,0.4,0.0,0.4,431e0fc08a89fe73dc468efb3f33b18a7e250f2c61ead4deb3d0f426d3cfc129,100,10,1000,505,assigned_level_sensitivity,dynamic,periodic,0.0,False,1,True,,True,1.0,25.0,0.0,0.0,0.0,0,10000,4000,0.4,0,0.6470501411290173,0.16046843499999627,0.4130400000000008,9920,0.3895227699459148,10000,10000,0.30830532755436324,6840,0.4937930062935485,0.3510832875661337,0.6489167124338663,0.3737,0.18548767873918526,4.228694677352905,defect_oracle,1.0,0.7638880137050303,new v22 replay
40000,4000,26040,0,0,9960,0,0,10000,10000,4000,0,0,6000,0,0.4,0.0,0.4,44358232c4245216233a7ba8b797e118903972d2531e7aa15ae7f607d04d3cf0,100,10,1000,606,assigned_level_sensitivity,dynamic,periodic,0.0,False,1,True,,True,1.0,25.0,0.0,0.0,0.0,0,10000,4000,0.4,0,0.6466762650602255,0.16102238999999613,0.4130400000000008,9960,0.3947364519776102,10000,10000,0.3201821782559273,7020,0.505524988724892,0.3555406171635777,0.6444593828364222,0.35,0.18534281046896472,4.281818866729736,defect_oracle,1.0,0.7638880137050303,new v22 replay
40000,4000,26100,0,0,9900,0,0,10000,10000,4000,0,0,6000,0,0.4,0.0,0.4,2fd9b30dcb130d2050103ef11601c843b9af4749b9d3f135502db91e05809b8e,100,10,1000,707,assigned_level_sensitivity,dynamic,periodic,0.0,False,1,True,,True,1.0,25.0,0.0,0.0,0.0,0,10000,4000,0.4,0,0.647397303030289,0.1602308324999965,0.4130400000000008,9900,0.3909699611166099,10000,10000,0.3220096952846569,7040,0.5121692421501008,0.3681368055574445,0.6318631944425555,0.352,0.19015954686544395,4.3079283237457275,defect_oracle,1.0,0.7638880137050303,new v22 replay
40000,4000,26080,0,0,9920,0,0,10000,10000,4000,0,0,6000,0,0.4,0.0,0.4,c835d9391a6ec5e274abe990f061af2af7ccd62463db59761aeafc6d861ca658,100,10,1000,808,assigned_level_sensitivity,dynamic,periodic,0.0,False,1,True,,True,1.0,25.0,0.0,0.0,0.0,0,10000,4000,0.4,0,0.6472537197580505,0.1605189224999965,0.4130400000000008,9920,0.39566276255637556,10000,10000,0.3267333507470912,7060,0.5120992932829901,0.3623080178281479,0.6376919821718521,0.3521,0.1853659425358989,4.243617296218872,defect_oracle,1.0,0.7638880137050303,new v22 replay
40000,4000,26040,0,0,9960,0,0,10000,10000,4000,0,0,6000,0,0.4,0.0,0.4,2b3eed8a2468824727d97a986ce84ca721f46bc568d827273eb6c442b5ff67df,100,10,1000,909,assigned_level_sensitivity,dynamic,periodic,0.0,False,1,True,,True,1.0,25.0,0.0,0.0,0.0,0,10000,4000,0.4,0,0.646680210843358,0.16102337249999613,0.4130400000000008,9960,0.39315858878622206,10000,10000,0.31230170553215536,6880,0.5000256704662049,0.33726174164615697,0.662738258353843,0.366,0.18772396493404958,4.322935342788696,defect_oracle,1.0,0.7638880137050303,new v22 replay
40000,4000,26040,0,0,9960,0,0,10000,10000,4000,0,0,6000,0,0.4,0.0,0.4,93e49bec5189640618bb7beaaa7ec22cf840b0708f39ff1b3e4a2030301e26ab,100,10,1000,1010,assigned_level_sensitivity,dynamic,periodic,0.0,False,1,True,,True,1.0,25.0,0.0,0.0,0.0,0,10000,4000,0.4,0,0.6467068373493821,0.16103000249999613,0.4130400000000008,9960,0.39563050796124855,10000,10000,0.32408673250685727,7020,0.5071946868369333,0.35329038758574294,0.6467096124142571,0.36,0.18310795433007598,4.263665437698364,defect_oracle,1.0,0.7638880137050303,new v22 replay
16000,0,8000,0,0,8000,0,0,4000,4000,0,0,0,4000,0,0.0,0.0,0.0,1af266f5cf2b68c03047e5cc55006c3d19e6f3d47a035d9144dbf82d194c4809,150,4,1000,101,assigned_level_sensitivity,dynamic,periodic,0.0,False,1,True,,True,1.0,25.0,0.0,0.0,0.0,0,4000,0,0.0,0,0.6855824249999825,0.3427912124999912,0.6884000000000013,8000,0.6869115660537127,4000,4000,0.5190875087758705,4000,0.5195033569840704,0.6317751631607879,0.36822483683921214,0.066,0.0004158482081998427,1.5463111400604248,defect_oracle,1.0,0.7638880137050303,new v22 replay
16000,0,8016,0,0,7984,0,0,4000,4000,0,0,0,4000,0,0.0,0.0,0.0,d8f55c2b70b0a5ff6390d314b4acb5e49f2bf9626489de6ee09bf1c41fbe5899,150,4,1000,202,assigned_level_sensitivity,dynamic,periodic,0.0,False,1,True,,True,1.0,25.0,0.0,0.0,0.0,0,4000,0,0.0,0,0.6855454909819481,0.3420871999999921,0.6884000000000013,7984,0.6869918792549734,4000,4000,0.5180944247066067,4000,0.5183228363803493,0.6303942239444922,0.3696057760555078,0.066,0.00022841167374254567,1.5498120784759521,defect_oracle,1.0,0.7638880137050303,new v22 replay
16000,0,8008,0,0,7992,0,0,4000,4000,0,0,0,4000,0,0.0,0.0,0.0,08f0185ccc30e7112134011ad09471cc4f431725a990c332c98588d886df7fda,150,4,1000,303,assigned_level_sensitivity,dynamic,periodic,0.0,False,1,True,,True,1.0,25.0,0.0,0.0,0.0,0,4000,0,0.0,0,0.6858269269269103,0.34257054999999165,0.6884000000000013,7992,0.686847740622727,4000,4000,0.5183821210760604,4000,0.5184802892368368,0.6308743674091051,0.3691256325908949,0.068,9.816816077634627e-05,1.6190574169158936,defect_oracle,1.0,0.7638880137050303,new v22 replay
16000,0,8000,0,0,8000,0,0,4000,4000,0,0,0,4000,0,0.0,0.0,0.0,29baaceb24c9ffcba6c0224e56ac2e974e56f289eeebc8984b1703a063ad2281,150,4,1000,404,assigned_level_sensitivity,dynamic,periodic,0.0,False,1,True,,True,1.0,25.0,0.0,0.0,0.0,0,4000,0,0.0,0,0.6857980749999834,0.3428990374999917,0.6884000000000013,8000,0.6872305177454785,4000,4000,0.5186604708890817,4000,0.5187783901752712,0.6308878853212866,0.3691121146787134,0.066,0.00011791928618942737,1.5785377025604248,defect_oracle,1.0,0.7638880137050303,new v22 replay
16000,0,8008,0,0,7992,0,0,4000,4000,0,0,0,4000,0,0.0,0.0,0.0,b70a4faa7c624668a14b28fd635ec341d5467390755acf878450038fbee1b00b,150,4,1000,505,assigned_level_sensitivity,dynamic,periodic,0.0,False,1,True,,True,1.0,25.0,0.0,0.0,0.0,0,4000,0,0.0,0,0.6859287287287107,0.342621399999991,0.6884000000000013,7992,0.6872786180591662,4000,4000,0.5182851020361888,4000,0.518464288129387,0.6294931500040677,0.3705068499959323,0.066,0.00017918609319822476,1.5405805110931396,defect_oracle,1.0,0.7638880137050303,new v22 replay
16000,0,8008,0,0,7992,0,0,4000,4000,0,0,0,4000,0,0.0,0.0,0.0,29b23b51a66535966816e3fe67d497e88502d0fa55a580db394149c9e685dc4d,150,4,1000,606,assigned_level_sensitivity,dynamic,periodic,0.0,False,1,True,,True,1.0,25.0,0.0,0.0,0.0,0,4000,0,0.0,0,0.6851871871871713,0.3422509999999921,0.6884000000000013,7992,0.6873093631611299,4000,4000,0.5185680892070185,4000,0.5186887022833302,0.6294657947778162,0.37053420522218383,0.066,0.00012061307631172635,1.5326437950134277,defect_oracle,1.0,0.7638880137050303,new v22 replay
16000,0,8008,0,0,7992,0,0,4000,4000,0,0,0,4000,0,0.0,0.0,0.0,b70ec86a6e4cd256607939cf975dcc885ea5b84dcf565ce777c998e8541f66f4,150,4,1000,707,assigned_level_sensitivity,dynamic,periodic,0.0,False,1,True,,True,1.0,25.0,0.0,0.0,0.0,0,4000,0,0.0,0,0.6848377377377214,0.3420764499999918,0.6884000000000013,7992,0.6869663325431907,4000,4000,0.5189456475707191,4000,0.5190187984399784,0.6316142773385968,0.36838572266140324,0.066,7.315086925929748e-05,1.5268149375915527,defect_oracle,1.0,0.7638880137050303,new v22 replay
16000,0,8008,0,0,7992,0,0,4000,4000,0,0,0,4000,0,0.0,0.0,0.0,40a39f1cb70ffd38b7ff6d04d2337fee3a03f4cf65cba32aad77afeae05e76ef,150,4,1000,808,assigned_level_sensitivity,dynamic,periodic,0.0,False,1,True,,True,1.0,25.0,0.0,0.0,0.0,0,4000,0,0.0,0,0.684963663663646,0.3421393499999912,0.6884000000000013,7992,0.6872767245275327,4000,4000,0.5186439468959575,4000,0.5186953927267803,0.6299713873606367,0.37002861263936326,0.066,5.144583082283827e-05,1.5339202880859375,defect_oracle,1.0,0.7638880137050303,new v22 replay
16000,0,8008,0,0,7992,0,0,4000,4000,0,0,0,4000,0,0.0,0.0,0.0,beed0025005a52824c14b727609a4222a183e582c01e60966a649e6149b0f804,150,4,1000,909,assigned_level_sensitivity,dynamic,periodic,0.0,False,1,True,,True,1.0,25.0,0.0,0.0,0.0,0,4000,0,0.0,0,0.6858604604604436,0.34258729999999155,0.6884000000000013,7992,0.686938907066985,4000,4000,0.5193746309054479,4000,0.5196979267915756,0.6309676739736751,0.36903232602632485,0.066,0.00032329588612767246,1.5403919219970703,defect_oracle,1.0,0.7638880137050303,new v22 replay
16000,0,8000,0,0,8000,0,0,4000,4000,0,0,0,4000,0,0.0,0.0,0.0,0a6db8bff60cf3af0ee1e7000061d8a2ac61a5fecc96dc75eb123cfbf14987fe,150,4,1000,1010,assigned_level_sensitivity,dynamic,periodic,0.0,False,1,True,,True,1.0,25.0,0.0,0.0,0.0,0,4000,0,0.0,0,0.6856264749999839,0.34281323749999193,0.6884000000000013,8000,0.6876481843782093,4000,4000,0.5188803162119654,4000,0.51891489384844,0.6318980401582552,0.36810195984174476,0.066,3.457763647463086e-05,1.5332143306732178,defect_oracle,1.0,0.7638880137050303,new v22 replay
24000,0,12344,0,0,11656,0,0,6000,6000,0,0,0,6000,0,0.0,0.0,0.0,461f33843b98f5a26dab44a1603ac366d20720cd1da6ba7f37ca09d43aa874b7,150,6,1000,101,assigned_level_sensitivity,dynamic,periodic,0.0,False,1,True,,True,1.0,25.0,0.0,0.0,0.0,0,6000,0,0.0,0,0.6665205387782889,0.32370680833332227,0.6884000000000013,11656,0.6742632423313655,6000,6000,0.5160135578428036,6000,0.5186677177189136,0.6245051640485191,0.3754948359514809,0.066,0.0026541598761100627,2.3781332969665527,defect_oracle,1.0,0.7638880137050303,new v22 replay
24000,0,12369,0,0,11631,0,0,6000,6000,0,0,0,6000,0,0.0,0.0,0.0,3e4ec7fb244c5d260d197fa167f5026b5ddfc5f890b3d91ce3ff9e994d9d230f,150,6,1000,202,assigned_level_sensitivity,dynamic,periodic,0.0,False,1,True,,True,1.0,25.0,0.0,0.0,0.0,0,6000,0,0.0,0,0.6659313644570319,0.3227269874999891,0.6884000000000013,11631,0.6737252902550487,6000,6000,0.5141367908378387,6000,0.5169727954092239,0.6221415557298048,0.3778584442701952,0.066,0.00283600457138522,2.380255937576294,defect_oracle,1.0,0.7638880137050303,new v22 replay
24000,0,12420,0,0,11580,0,0,6000,6000,0,0,0,6000,0,0.0,0.0,0.0,086a1ea7bf64f123407fb480d5cadb4eb1453a0dbbe50e47e86267e583380f0e,150,6,1000,303,assigned_level_sensitivity,dynamic,periodic,0.0,False,1,True,,True,1.0,25.0,0.0,0.0,0.0,0,6000,0,0.0,0,0.6663045077719995,0.32149192499998974,0.6884000000000013,11580,0.6737036535760046,6000,6000,0.5151020882521625,6000,0.5182307983860533,0.6206625051828967,0.3793374948171033,0.06666666666666667,0.003128710133890822,2.4187324047088623,defect_oracle,1.0,0.7638880137050303,new v22 replay
24000,0,12408,0,0,11592,0,0,6000,6000,0,0,0,6000,0,0.0,0.0,0.0,848e87a1a30e1f97bf839aa120f2efa00b720c1f14505d08b7fb4974e1e6d1e4,150,6,1000,404,assigned_level_sensitivity,dynamic,periodic,0.0,False,1,True,,True,1.0,25.0,0.0,0.0,0.0,0,6000,0,0.0,0,0.6665131211179925,0.3219258374999904,0.6884000000000013,11592,0.673375712503875,6000,6000,0.5138252123393379,6000,0.5170618102700212,0.6198552220615184,0.38014477793848156,0.066,0.003236597930683316,2.4742941856384277,defect_oracle,1.0,0.7638880137050303,new v22 replay
24000,0,12364,0,0,11636,0,0,6000,6000,0,0,0,6000,0,0.0,0.0,0.0,82e382544874427531666231a3d6d0d7cd5b4843c6d120d28fa94e3ee8689ffb,150,6,1000,505,assigned_level_sensitivity,dynamic,periodic,0.0,False,1,True,,True,1.0,25.0,0.0,0.0,0.0,0,6000,0,0.0,0,0.6661405809556336,0.322967158333323,0.6884000000000013,11636,0.6734612763509292,6000,6000,0.5144791817328692,6000,0.5177344623910123,0.6238684896175702,0.37613151038242976,0.06666666666666667,0.003255280658143067,2.3937184810638428,defect_oracle,1.0,0.7638880137050303,new v22 replay
24000,0,12420,0,0,11580,0,0,6000,6000,0,0,0,6000,0,0.0,0.0,0.0,28f9ac6685220f23a39fbaf41601376f4832d807898a81312da97e9bc9b9cffe,150,6,1000,606,assigned_level_sensitivity,dynamic,periodic,0.0,False,1,True,,True,1.0,25.0,0.0,0.0,0.0,0,6000,0,0.0,0,0.6657880397236406,0.32124272916665664,0.6884000000000013,11580,0.6729528037297537,6000,6000,0.5143957001168197,6000,0.517601728558191,0.6238219805812993,0.37617801941870066,0.06666666666666667,0.0032060284413713003,2.385645627975464,defect_oracle,1.0,0.7638880137050303,new v22 replay
24000,0,12328,0,0,11672,0,0,6000,6000,0,0,0,6000,0,0.0,0.0,0.0,6df4d7d74941c870e22277e21ad4a33bf8d84d27d2030466f39db59ca11d54ee,150,6,1000,707,assigned_level_sensitivity,dynamic,periodic,0.0,False,1,True,,True,1.0,25.0,0.0,0.0,0.0,0,6000,0,0.0,0,0.6655698337902441,0.3236887958333221,0.6884000000000013,11672,0.6737589655989309,6000,6000,0.5127251962273532,6000,0.5153368003704097,0.6242101122610403,0.3757898877389597,0.068,0.0026116041430565007,2.4273056983947754,defect_oracle,1.0,0.7638880137050303,new v22 replay
24000,0,12404,0,0,11596,0,0,6000,6000,0,0,0,6000,0,0.0,0.0,0.0,ba8af916353a2fb8bd497686d20049574ece34dca7f18320f4fc5e89a7f64ca9,150,6,1000,808,assigned_level_sensitivity,dynamic,periodic,0.0,False,1,True,,True,1.0,25.0,0.0,0.0,0.0,0,6000,0,0.0,0,0.6661309330803507,0.3218522624999894,0.6884000000000013,11596,0.6733873734654277,6000,6000,0.5162216442720304,6000,0.5192570311845308,0.6267316974406608,0.3732683025593392,0.06666666666666667,0.003035386912500382,2.4018571376800537,defect_oracle,1.0,0.7638880137050303,new v22 replay
24000,0,12308,0,0,11692,0,0,6000,6000,0,0,0,6000,0,0.0,0.0,0.0,f5c93f0243d373b4ce9a97e5bd3091938d5ecdc7eab36b9c21ae2517f377e3f5,150,6,1000,909,assigned_level_sensitivity,dynamic,periodic,0.0,False,1,True,,True,1.0,25.0,0.0,0.0,0.0,0,6000,0,0.0,0,0.666394645911711,0.3246452583333219,0.6884000000000013,11692,0.6740354156824393,6000,6000,0.5150065933674003,6000,0.5177581461230935,0.6277046917568458,0.37229530824315415,0.06533333333333333,0.002751552755693165,2.383824110031128,defect_oracle,1.0,0.7638880137050303,new v22 replay
24000,0,12324,0,0,11676,0,0,6000,6000,0,0,0,6000,0,0.0,0.0,0.0,ec1271841a1a509813d1214166b85daa03c83dde58e871cdee6525b2617d5073,150,6,1000,1010,assigned_level_sensitivity,dynamic,periodic,0.0,False,1,True,,True,1.0,25.0,0.0,0.0,0.0,0,6000,0,0.0,0,0.6661067831448907,0.3240609499999893,0.6884000000000013,11676,0.6739155134629206,6000,6000,0.513645029426382,6000,0.5164213511266288,0.624332714504195,0.37566728549580497,0.06666666666666667,0.0027763217002467755,2.4039931297302246,defect_oracle,1.0,0.7638880137050303,new v22 replay
32000,0,17256,0,0,14744,0,0,8000,8000,0,0,0,8000,0,0.0,0.0,0.0,85e9ea8799ebc1273fe9c3f4d9fe2604e3284f7e39e1b747520578a179b5a86d,150,8,1000,101,assigned_level_sensitivity,dynamic,periodic,0.0,False,1,True,,True,1.0,25.0,0.0,0.0,0.0,0,8000,0,0.0,0,0.6491273263699509,0.2990854156249549,0.6884000000000013,14744,0.6554867962743868,8000,8000,0.5070299301829434,8000,0.5144503587851206,0.6195523174523417,0.38044768254765826,0.069,0.007420428602177176,3.4568729400634766,defect_oracle,1.0,0.7638880137050303,new v22 replay
32000,0,17520,0,0,14480,0,0,8000,8000,0,0,0,8000,0,0.0,0.0,0.0,fbb050d098499c317521b7ace2159a32ab05aef6fb3ddf6a48f239c0ef95f024,150,8,1000,202,assigned_level_sensitivity,dynamic,periodic,0.0,False,1,True,,True,1.0,25.0,0.0,0.0,0.0,0,8000,0,0.0,0,0.6508068784529472,0.29449011249995855,0.6884000000000013,14480,0.6545847477509421,8000,8000,0.5045680884912356,8000,0.5132292275127718,0.6078312315040548,0.3921687684959452,0.07,0.008661139021536202,3.414029598236084,defect_oracle,1.0,0.7638880137050303,new v22 replay
32000,0,17416,0,0,14584,0,0,8000,8000,0,0,0,8000,0,0.0,0.0,0.0,fdb800c3071bba325e2f83c8bf52460ed6202301bfd7139e07c47375eca4dd43,150,8,1000,303,assigned_level_sensitivity,dynamic,periodic,0.0,False,1,True,,True,1.0,25.0,0.0,0.0,0.0,0,8000,0,0.0,0,0.6491180471748919,0.295835549999957,0.6884000000000013,14584,0.6542098369412354,8000,8000,0.5062298298482485,8000,0.5136893851257573,0.6125382365273605,0.3874617634726395,0.068,0.007459555277508856,3.4460461139678955,defect_oracle,1.0,0.7638880137050303,new v22 replay
32000,0,17328,0,0,14672,0,0,8000,8000,0,0,0,8000,0,0.0,0.0,0.0,bf62266850ad4a5c8ab76b91ecf98150abd09cd2e5f25807ccf416a5a71be8c3,150,8,1000,404,assigned_level_sensitivity,dynamic,periodic,0.0,False,1,True,,True,1.0,25.0,0.0,0.0,0.0,0,8000,0,0.0,0,0.6487288576880177,0.2974421812499561,0.6884000000000013,14672,0.6566323099854663,8000,8000,0.5045658449342695,8000,0.5122388686364154,0.6146620993845147,0.38533790061548534,0.066875,0.0076730237021459535,3.43227481842041,defect_oracle,1.0,0.7638880137050303,new v22 replay
32000,0,17472,0,0,14528,0,0,8000,8000,0,0,0,8000,0,0.0,0.0,0.0,ad0662cb1368733f3b8e5e44aef730cfa0e1f2ea0be5fb123b4110f63d1fdefa,150,8,1000,505,assigned_level_sensitivity,dynamic,periodic,0.0,False,1,True,,True,1.0,25.0,0.0,0.0,0.0,0,8000,0,0.0,0,0.6492157488985856,0.29474394999995784,0.6884000000000013,14528,0.6537798053222018,8000,8000,0.5044138948412276,8000,0.5137604814600011,0.6066450965298448,0.3933549034701552,0.067,0.009346586618773522,3.400352954864502,defect_oracle,1.0,0.7638880137050303,new v22 replay
32000,0,17416,0,0,14584,0,0,8000,8000,0,0,0,8000,0,0.0,0.0,0.0,764124e90866898b2c50fb1c6ab16a453b8d6dd40a52ec9b08dc42222a9b5ae0,150,8,1000,606,assigned_level_sensitivity,dynamic,periodic,0.0,False,1,True,,True,1.0,25.0,0.0,0.0,0.0,0,8000,0,0.0,0,0.649302036478237,0.29591940312495657,0.6884000000000013,14584,0.6547665418266251,8000,8000,0.5068245189512229,8000,0.5151348327058167,0.6138137834237591,0.38618621657624086,0.067875,0.00831031375459379,3.4985511302948,defect_oracle,1.0,0.7638880137050303,new v22 replay
32000,0,17466,0,0,14534,0,0,8000,8000,0,0,0,8000,0,0.0,0.0,0.0,59b36ee34bb7fc99f9ace264bd14a652f4633d981ba4d75889594bb573fb7c67,150,8,1000,707,assigned_level_sensitivity,dynamic,periodic,0.0,False,1,True,,True,1.0,25.0,0.0,0.0,0.0,0,8000,0,0.0,0,0.6493660382550335,0.294933937499958,0.6884000000000013,14534,0.6529939834203338,8000,8000,0.5040738019499404,8000,0.5138679598283062,0.6022607337786496,0.39773926622135036,0.067875,0.009794157878365795,3.4988906383514404,defect_oracle,1.0,0.7638880137050303,new v22 replay
32000,0,17424,0,0,14576,0,0,8000,8000,0,0,0,8000,0,0.0,0.0,0.0,c2d49a2adfe6398cf43dfda6d57c824306c0c465cf434aa33b7b8478033884dc,150,8,1000,808,assigned_level_sensitivity,dynamic,periodic,0.0,False,1,True,,True,1.0,25.0,0.0,0.0,0.0,0,8000,0,0.0,0,0.649582670142606,0.295884906249957,0.6884000000000013,14576,0.6558782743579367,8000,8000,0.5046730048569223,8000,0.5123319413266688,0.6123750736788034,0.3876249263211966,0.068,0.007658936469746469,3.491921901702881,defect_oracle,1.0,0.7638880137050303,new v22 replay
32000,0,17400,0,0,14600,0,0,8000,8000,0,0,0,8000,0,0.0,0.0,0.0,424add0a56f06dfd99da887ef3bb0026a08214bba57f9dc5de230c81aa530183,150,8,1000,909,assigned_level_sensitivity,dynamic,periodic,0.0,False,1,True,,True,1.0,25.0,0.0,0.0,0.0,0,8000,0,0.0,0,0.6487452123286703,0.2959900031249558,0.6884000000000013,14600,0.6536990796629273,8000,8000,0.503961204533367,8000,0.5117059864839189,0.6116039447905387,0.3883960552094613,0.07,0.007744781950551838,3.503878355026245,defect_oracle,1.0,0.7638880137050303,new v22 replay
32000,0,17384,0,0,14616,0,0,8000,8000,0,0,0,8000,0,0.0,0.0,0.0,09e7cdcfb64cb167949f480b95fd4ee862cb7bc86af83e3eb4abd379645d7ed4,150,8,1000,1010,assigned_level_sensitivity,dynamic,periodic,0.0,False,1,True,,True,1.0,25.0,0.0,0.0,0.0,0,8000,0,0.0,0,0.6489600369457176,0.2964124968749565,0.6884000000000013,14616,0.6552247013408362,8000,8000,0.5071614843790829,8000,0.5153841085805799,0.6143136267725877,0.3856863732274123,0.068,0.008222624201496997,3.4640328884124756,defect_oracle,1.0,0.7638880137050303,new v22 replay
40000,0,27040,0,0,12960,0,0,10000,10000,0,0,0,10000,0,0.0,0.0,0.0,0879c79e5410a86b4c6c8f1fdc3c55c20d6e58df316f9c40f5977bea042610a8,150,10,1000,101,assigned_level_sensitivity,dynamic,periodic,0.0,False,1,True,,True,1.0,25.0,0.0,0.0,0.0,0,10000,0,0.0,0,0.6661548765431629,0.21583417999998478,0.6884000000000013,12960,0.5875018964941829,10000,10000,0.4795426218925396,10000,0.5277173479547739,0.48497367015684323,0.5150263298431568,0.084,0.048174726062234274,4.432804107666016,defect_oracle,1.0,0.7638880137050303,new v22 replay
40000,0,27000,0,0,13000,0,0,10000,10000,0,0,0,10000,0,0.0,0.0,0.0,c0ebd097d509da1952b8a8e329305c08f893d0baa9934f52759a9b5d6dbb461c,150,10,1000,202,assigned_level_sensitivity,dynamic,periodic,0.0,False,1,True,,True,1.0,25.0,0.0,0.0,0.0,0,10000,0,0.0,0,0.6658262461537969,0.216393529999984,0.6884000000000013,13000,0.5888428875706452,10000,10000,0.48290613840465185,10000,0.5295721082712629,0.5028573115955415,0.4971426884044585,0.0818,0.046665969866611035,4.413498401641846,defect_oracle,1.0,0.7638880137050303,new v22 replay
40000,0,27040,0,0,12960,0,0,10000,10000,0,0,0,10000,0,0.0,0.0,0.0,2167490680566caf210d988c87c3d9f4d0ca9be1a80266655e8180b5e19817c7,150,10,1000,303,assigned_level_sensitivity,dynamic,periodic,0.0,False,1,True,,True,1.0,25.0,0.0,0.0,0.0,0,10000,0,0.0,0,0.6635603240740171,0.21499354499998152,0.6884000000000013,12960,0.5868700946412573,10000,10000,0.4789763928580185,10000,0.5285542289755001,0.4803949348712761,0.5196050651287238,0.082,0.049577836117481566,4.315351247787476,defect_oracle,1.0,0.7638880137050303,new v22 replay
40000,0,27000,0,0,13000,0,0,10000,10000,0,0,0,10000,0,0.0,0.0,0.0,3ff3f464886cdc92ca3f0ec0c71cb08a1933b4c3cc3326f8f6f701f42e55acc5,150,10,1000,404,assigned_level_sensitivity,dynamic,periodic,0.0,False,1,True,,True,1.0,25.0,0.0,0.0,0.0,0,10000,0,0.0,0,0.6632143076922482,0.2155446499999807,0.6884000000000013,13000,0.5869476585740209,10000,10000,0.47623493274625806,10000,0.5245327915999185,0.4893734950504247,0.5106265049495753,0.086,0.04829785885366045,4.295909643173218,defect_oracle,1.0,0.7638880137050303,new v22 replay
40000,0,27040,0,0,12960,0,0,10000,10000,0,0,0,10000,0,0.0,0.0,0.0,da04169c10cdfe80c81cf4c79a73278c590b668e6deca365a4eb7a718f403a17,150,10,1000,505,assigned_level_sensitivity,dynamic,periodic,0.0,False,1,True,,True,1.0,25.0,0.0,0.0,0.0,0,10000,0,0.0,0,0.666222777777731,0.21585617999998485,0.6884000000000013,12960,0.588482199325496,10000,10000,0.48008142693255507,10000,0.5269561495812314,0.48966603420971444,0.5103339657902856,0.084,0.046874722648676315,4.3876237869262695,defect_oracle,1.0,0.7638880137050303,new v22 replay
40000,0,27000,0,0,13000,0,0,10000,10000,0,0,0,10000,0,0.0,0.0,0.0,3b7c12899bc5eea1718c845f05946f6dfc6f9f623a4cdbc7d69a0df584f7a18f,150,10,1000,606,assigned_level_sensitivity,dynamic,periodic,0.0,False,1,True,,True,1.0,25.0,0.0,0.0,0.0,0,10000,0,0.0,0,0.6632143076922482,0.2155446499999807,0.6884000000000013,13000,0.5897570769713109,10000,10000,0.4782142098505914,10000,0.5244358078405997,0.48730763248522446,0.5126923675147755,0.078,0.046221597990008356,4.392578363418579,defect_oracle,1.0,0.7638880137050303,new v22 replay
40000,0,27060,0,0,12940,0,0,10000,10000,0,0,0,10000,0,0.0,0.0,0.0,7328a5e1cd7d7efefec87e8942b35cfad078648fc0704f96b8acc45b34fe3267,150,10,1000,707,assigned_level_sensitivity,dynamic,periodic,0.0,False,1,True,,True,1.0,25.0,0.0,0.0,0.0,0,10000,0,0.0,0,0.6663405564141734,0.21556116999998512,0.6884000000000013,12940,0.5878175778775037,10000,10000,0.4809984061504751,10000,0.5306230799223915,0.4898550871571509,0.510144912842849,0.084,0.04962467377191643,4.430959224700928,defect_oracle,1.0,0.7638880137050303,new v22 replay
40000,0,27020,0,0,12980,0,0,10000,10000,0,0,0,10000,0,0.0,0.0,0.0,ac5efa6e4b6e3dc404e201805b5e9bcebfa258d080d224626b252a449427d08d,150,10,1000,808,assigned_level_sensitivity,dynamic,periodic,0.0,False,1,True,,True,1.0,25.0,0.0,0.0,0.0,0,10000,0,0.0,0,0.6659993913712925,0.21611680249998438,0.6884000000000013,12980,0.5891614680201812,10000,10000,0.4814915543344362,10000,0.5283594738317918,0.49166162835945876,0.5083383716405412,0.08,0.04686791949735564,4.387521266937256,defect_oracle,1.0,0.7638880137050303,new v22 replay
40000,0,27020,0,0,12980,0,0,10000,10000,0,0,0,10000,0,0.0,0.0,0.0,be15ccd98aa1b17fab3c7469b5a90516f5ebc573b771b1debfec3cf376d0c6a8,150,10,1000,909,assigned_level_sensitivity,dynamic,periodic,0.0,False,1,True,,True,1.0,25.0,0.0,0.0,0.0,0,10000,0,0.0,0,0.6634046224960898,0.21527479999998114,0.6884000000000013,12980,0.5881057791927355,10000,10000,0.47378388955649287,10000,0.5202306043840246,0.4817204733148583,0.5182795266851417,0.088,0.04644671482753171,4.444877862930298,defect_oracle,1.0,0.7638880137050303,new v22 replay
40000,0,27000,0,0,13000,0,0,10000,10000,0,0,0,10000,0,0.0,0.0,0.0,8f2b59c4184b29316d60634897dd2cbc9dc98d3b9fae45015d776d3a7166366b,150,10,1000,1010,assigned_level_sensitivity,dynamic,periodic,0.0,False,1,True,,True,1.0,25.0,0.0,0.0,0.0,0,10000,0,0.0,0,0.66582926923072,0.21639451249998395,0.6884000000000013,13000,0.5893980359042346,10000,10000,0.4811026568191024,10000,0.5283981384552207,0.48553187338233245,0.5144681266176676,0.082,0.04729548163611824,4.451838731765747,defect_oracle,1.0,0.7638880137050303,new v22 replay
16000,0,7992,0,0,8008,0,0,4000,4000,0,0,0,4000,0,0.0,0.0,0.0,1af266f5cf2b68c03047e5cc55006c3d19e6f3d47a035d9144dbf82d194c4809,200,4,1000,101,assigned_level_sensitivity,dynamic,periodic,0.0,False,1,True,,True,1.0,25.0,0.0,0.0,0.0,0,4000,0,0.0,0,0.6864307692307524,0.3435585999999916,0.6884000000000013,8008,0.6878133704010756,4000,4000,0.5186396669590503,4000,0.5186396669590503,0.6309240704642604,0.36907592953573964,0.066,0.0,1.5577459335327148,defect_oracle,1.0,0.7638880137050303,new v22 replay
16000,0,7992,0,0,8008,0,0,4000,4000,0,0,0,4000,0,0.0,0.0,0.0,d8f55c2b70b0a5ff6390d314b4acb5e49f2bf9626489de6ee09bf1c41fbe5899,200,4,1000,202,assigned_level_sensitivity,dynamic,periodic,0.0,False,1,True,,True,1.0,25.0,0.0,0.0,0.0,0,4000,0,0.0,0,0.6864153846153676,0.3435508999999915,0.6884000000000013,8008,0.6877741454017845,4000,4000,0.5197498485668745,4000,0.5197498485668745,0.6321755488828723,0.3678244511171277,0.066,0.0,1.5470325946807861,defect_oracle,1.0,0.7638880137050303,new v22 replay
16000,0,7992,0,0,8008,0,0,4000,4000,0,0,0,4000,0,0.0,0.0,0.0,08f0185ccc30e7112134011ad09471cc4f431725a990c332c98588d886df7fda,200,4,1000,303,assigned_level_sensitivity,dynamic,periodic,0.0,False,1,True,,True,1.0,25.0,0.0,0.0,0.0,0,4000,0,0.0,0,0.6865076923076762,0.34359709999999194,0.6884000000000013,8008,0.6878683866166111,4000,4000,0.5184079628573105,4000,0.5184079628573105,0.6300807670524959,0.36991923294750406,0.066,0.0,1.5471312999725342,defect_oracle,1.0,0.7638880137050303,new v22 replay
16000,0,7992,0,0,8008,0,0,4000,4000,0,0,0,4000,0,0.0,0.0,0.0,29baaceb24c9ffcba6c0224e56ac2e974e56f289eeebc8984b1703a063ad2281,200,4,1000,404,assigned_level_sensitivity,dynamic,periodic,0.0,False,1,True,,True,1.0,25.0,0.0,0.0,0.0,0,4000,0,0.0,0,0.6866153846153695,0.34365099999999243,0.6884000000000013,8008,0.6878932637460068,4000,4000,0.5194688351082088,4000,0.5194688351082088,0.6311762949232574,0.36882370507674256,0.066,0.0,1.5875189304351807,defect_oracle,1.0,0.7638880137050303,new v22 replay
16000,0,7992,0,0,8008,0,0,4000,4000,0,0,0,4000,0,0.0,0.0,0.0,b70a4faa7c624668a14b28fd635ec341d5467390755acf878450038fbee1b00b,200,4,1000,505,assigned_level_sensitivity,dynamic,periodic,0.0,False,1,True,,True,1.0,25.0,0.0,0.0,0.0,0,4000,0,0.0,0,0.686399999999983,0.3435431999999915,0.6884000000000013,8008,0.6877970900299089,4000,4000,0.5187633099301302,4000,0.5187633099301302,0.6310936213505861,0.3689063786494139,0.066,0.0,1.5444505214691162,defect_oracle,1.0,0.7638880137050303,new v22 replay
16000,0,7992,0,0,8008,0,0,4000,4000,0,0,0,4000,0,0.0,0.0,0.0,29b23b51a66535966816e3fe67d497e88502d0fa55a580db394149c9e685dc4d,200,4,1000,606,assigned_level_sensitivity,dynamic,periodic,0.0,False,1,True,,True,1.0,25.0,0.0,0.0,0.0,0,4000,0,0.0,0,0.686361538461521,0.34352394999999125,0.6884000000000013,8008,0.6877662202140735,4000,4000,0.5174180815110077,4000,0.5174180815110077,0.6298069469045259,0.3701930530954741,0.066,0.0,1.5652213096618652,defect_oracle,1.0,0.7638880137050303,new v22 replay
16000,0,7992,0,0,8008,0,0,4000,4000,0,0,0,4000,0,0.0,0.0,0.0,b70ec86a6e4cd256607939cf975dcc885ea5b84dcf565ce777c998e8541f66f4,200,4,1000,707,assigned_level_sensitivity,dynamic,periodic,0.0,False,1,True,,True,1.0,25.0,0.0,0.0,0.0,0,4000,0,0.0,0,0.6864769230769068,0.34358169999999183,0.6884000000000013,8008,0.6878376614801343,4000,4000,0.5185502923429384,4000,0.5185502923429384,0.6312868285832297,0.3687131714167703,0.066,0.0,1.543118953704834,defect_oracle,1.0,0.7638880137050303,new v22 replay
16000,0,7992,0,0,8008,0,0,4000,4000,0,0,0,4000,0,0.0,0.0,0.0,40a39f1cb70ffd38b7ff6d04d2337fee3a03f4cf65cba32aad77afeae05e76ef,200,4,1000,808,assigned_level_sensitivity,dynamic,periodic,0.0,False,1,True,,True,1.0,25.0,0.0,0.0,0.0,0,4000,0,0.0,0,0.6865692307692152,0.34362789999999216,0.6884000000000013,8008,0.6878760319931826,4000,4000,0.518562983393162,4000,0.518562983393162,0.6303718967221619,0.3696281032778381,0.066,0.0,1.555605173110962,defect_oracle,1.0,0.7638880137050303,new v22 replay
16000,0,7992,0,0,8008,0,0,4000,4000,0,0,0,4000,0,0.0,0.0,0.0,beed0025005a52824c14b727609a4222a183e582c01e60966a649e6149b0f804,200,4,1000,909,assigned_level_sensitivity,dynamic,periodic,0.0,False,1,True,,True,1.0,25.0,0.0,0.0,0.0,0,4000,0,0.0,0,0.6865692307692153,0.3436278999999922,0.6884000000000013,8008,0.6878720810370285,4000,4000,0.5180914493871333,4000,0.5180914493871333,0.6295664269792469,0.3704335730207531,0.066,0.0,1.5457117557525635,defect_oracle,1.0,0.7638880137050303,new v22 replay
16000,0,7992,0,0,8008,0,0,4000,4000,0,0,0,4000,0,0.0,0.0,0.0,0a6db8bff60cf3af0ee1e7000061d8a2ac61a5fecc96dc75eb123cfbf14987fe,200,4,1000,1010,assigned_level_sensitivity,dynamic,periodic,0.0,False,1,True,,True,1.0,25.0,0.0,0.0,0.0,0,4000,0,0.0,0,0.6865538461538305,0.34362019999999216,0.6884000000000013,8008,0.6878653675805129,4000,4000,0.5182799879888589,4000,0.5182799879888589,0.6316012848940381,0.3683987151059619,0.066,0.0,1.578803539276123,defect_oracle,1.0,0.7638880137050303,new v22 replay
24000,0,12016,0,0,11984,0,0,6000,6000,0,0,0,6000,0,0.0,0.0,0.0,461f33843b98f5a26dab44a1603ac366d20720cd1da6ba7f37ca09d43aa874b7,200,6,1000,101,assigned_level_sensitivity,dynamic,periodic,0.0,False,1,True,,True,1.0,25.0,0.0,0.0,0.0,0,6000,0,0.0,0,0.6832978554739442,0.3411933958333228,0.6884000000000013,11984,0.6858030647597547,6000,6000,0.5183942658086236,6000,0.5188577325206047,0.6300907887160492,0.3699092112839508,0.066,0.0004634667119811642,2.441457986831665,defect_oracle,1.0,0.7638880137050303,new v22 replay
24000,0,12060,0,0,11940,0,0,6000,6000,0,0,0,6000,0,0.0,0.0,0.0,3e4ec7fb244c5d260d197fa167f5026b5ddfc5f890b3d91ce3ff9e994d9d230f,200,6,1000,202,assigned_level_sensitivity,dynamic,periodic,0.0,False,1,True,,True,1.0,25.0,0.0,0.0,0.0,0,6000,0,0.0,0,0.6828156867671469,0.33970080416665555,0.6884000000000013,11940,0.6847199701514937,6000,6000,0.5168769417625948,6000,0.517751194288943,0.6289756227807922,0.3710243772192078,0.06733333333333333,0.000874252526348207,2.4151556491851807,defect_oracle,1.0,0.7638880137050303,new v22 replay
24000,0,12032,0,0,11968,0,0,6000,6000,0,0,0,6000,0,0.0,0.0,0.0,086a1ea7bf64f123407fb480d5cadb4eb1453a0dbbe50e47e86267e583380f0e,200,6,1000,303,assigned_level_sensitivity,dynamic,periodic,0.0,False,1,True,,True,1.0,25.0,0.0,0.0,0.0,0,6000,0,0.0,0,0.6831735377673578,0.3406758708333224,0.6884000000000013,11968,0.6853064611779234,6000,6000,0.5176950649145466,6000,0.5184315563473755,0.6294303961190624,0.3705696038809376,0.066,0.0007364914328288341,2.406731605529785,defect_oracle,1.0,0.7638880137050303,new v22 replay
24000,0,12024,0,0,11976,0,0,6000,6000,0,0,0,6000,0,0.0,0.0,0.0,848e87a1a30e1f97bf839aa120f2efa00b720c1f14505d08b7fb4974e1e6d1e4,200,6,1000,404,assigned_level_sensitivity,dynamic,periodic,0.0,False,1,True,,True,1.0,25.0,0.0,0.0,0.0,0,6000,0,0.0,0,0.6830468186372533,0.34084036249998934,0.6884000000000013,11976,0.6857307984230877,6000,6000,0.5171631670308198,6000,0.517746113995964,0.6282689066066955,0.37173109339330446,0.06666666666666667,0.0005829469651442709,2.3674957752227783,defect_oracle,1.0,0.7638880137050303,new v22 replay
24000,0,12024,0,0,11976,0,0,6000,6000,0,0,0,6000,0,0.0,0.0,0.0,82e382544874427531666231a3d6d0d7cd5b4843c6d120d28fa94e3ee8689ffb,200,6,1000,505,assigned_level_sensitivity,dynamic,periodic,0.0,False,1,True,,True,1.0,25.0,0.0,0.0,0.0,0,6000,0,0.0,0,0.6833668086172144,0.34100003749998997,0.6884000000000013,11976,0.6856986229916092,6000,6000,0.5171303329751774,6000,0.5177706780754436,0.628210596872697,0.371789403127303,0.066,0.0006403451002662264,2.492161750793457,defect_oracle,1.0,0.7638880137050303,new v22 replay
24000,0,12044,0,0,11956,0,0,6000,6000,0,0,0,6000,0,0.0,0.0,0.0,28f9ac6685220f23a39fbaf41601376f4832d807898a81312da97e9bc9b9cffe,200,6,1000,606,assigned_level_sensitivity,dynamic,periodic,0.0,False,1,True,,True,1.0,25.0,0.0,0.0,0.0,0,6000,0,0.0,0,0.6828154232184461,0.3401558833333226,0.6884000000000013,11956,0.6855862414481709,6000,6000,0.5179083868790747,6000,0.518536628008009,0.6301243430864795,0.36987565691352053,0.066,0.000628241128934337,2.3980846405029297,defect_oracle,1.0,0.7638880137050303,new v22 replay
24000,0,12062,0,0,11938,0,0,6000,6000,0,0,0,6000,0,0.0,0.0,0.0,6df4d7d74941c870e22277e21ad4a33bf8d84d27d2030466f39db59ca11d54ee,200,6,1000,707,assigned_level_sensitivity,dynamic,periodic,0.0,False,1,True,,True,1.0,25.0,0.0,0.0,0.0,0,6000,0,0.0,0,0.6823812531412072,0.3394278083333222,0.6884000000000013,11938,0.6848435989779298,6000,6000,0.5177407388033783,6000,0.5186232226261425,0.6270211923221666,0.3729788076778334,0.066,0.0008824838227641241,2.4183058738708496,defect_oracle,1.0,0.7638880137050303,new v22 replay
24000,0,12024,0,0,11976,0,0,6000,6000,0,0,0,6000,0,0.0,0.0,0.0,ba8af916353a2fb8bd497686d20049574ece34dca7f18320f4fc5e89a7f64ca9,200,6,1000,808,assigned_level_sensitivity,dynamic,periodic,0.0,False,1,True,,True,1.0,25.0,0.0,0.0,0.0,0,6000,0,0.0,0,0.6826827571810057,0.3406586958333218,0.6884000000000013,11976,0.6861688567689956,6000,6000,0.518480150309196,6000,0.5186794340325803,0.6284467275978316,0.3715532724021684,0.066,0.00019928372338429146,2.485177993774414,defect_oracle,1.0,0.7638880137050303,new v22 replay
24000,0,12040,0,0,11960,0,0,6000,6000,0,0,0,6000,0,0.0,0.0,0.0,f5c93f0243d373b4ce9a97e5bd3091938d5ecdc7eab36b9c21ae2517f377e3f5,200,6,1000,909,assigned_level_sensitivity,dynamic,periodic,0.0,False,1,True,,True,1.0,25.0,0.0,0.0,0.0,0,6000,0,0.0,0,0.6833338545150278,0.3405280374999889,0.6884000000000013,11960,0.6852224180334497,6000,6000,0.5167394475437015,6000,0.5173610208304619,0.628394538016147,0.371605461983853,0.06666666666666667,0.0006215732867603796,2.4162356853485107,defect_oracle,1.0,0.7638880137050303,new v22 replay
24000,0,12060,0,0,11940,0,0,6000,6000,0,0,0,6000,0,0.0,0.0,0.0,ec1271841a1a509813d1214166b85daa03c83dde58e871cdee6525b2617d5073,200,6,1000,1010,assigned_level_sensitivity,dynamic,periodic,0.0,False,1,True,,True,1.0,25.0,0.0,0.0,0.0,0,6000,0,0.0,0,0.6831255695142175,0.3398549708333232,0.6884000000000013,11940,0.6851348617690305,6000,6000,0.5175235651045731,6000,0.5184186470249085,0.627260201098726,0.37273979890127396,0.06666666666666667,0.0008950819203353833,2.4557974338531494,defect_oracle,1.0,0.7638880137050303,new v22 replay
32000,0,16272,0,0,15728,0,0,8000,8000,0,0,0,8000,0,0.0,0.0,0.0,85e9ea8799ebc1273fe9c3f4d9fe2604e3284f7e39e1b747520578a179b5a86d,200,8,1000,101,assigned_level_sensitivity,dynamic,periodic,0.0,False,1,True,,True,1.0,25.0,0.0,0.0,0.0,0,8000,0,0.0,0,0.6689977619530723,0.328812399999935,0.6884000000000013,15728,0.6775714538054439,8000,8000,0.5164004637861511,8000,0.5182970196353409,0.6285052348114923,0.37149476518850766,0.066,0.001896555849189796,3.6116738319396973,defect_oracle,1.0,0.7638880137050303,new v22 replay
32000,0,16264,0,0,15736,0,0,8000,8000,0,0,0,8000,0,0.0,0.0,0.0,fbb050d098499c317521b7ace2159a32ab05aef6fb3ddf6a48f239c0ef95f024,200,8,1000,202,assigned_level_sensitivity,dynamic,periodic,0.0,False,1,True,,True,1.0,25.0,0.0,0.0,0.0,0,8000,0,0.0,0,0.6684925266902574,0.32873119999993405,0.6884000000000013,15736,0.6782654575058688,8000,8000,0.5147875689978935,8000,0.5157880371582263,0.6280349876537776,0.37196501234622237,0.066,0.0010004681603328347,3.5059938430786133,defect_oracle,1.0,0.7638880137050303,new v22 replay
32000,0,16280,0,0,15720,0,0,8000,8000,0,0,0,8000,0,0.0,0.0,0.0,fdb800c3071bba325e2f83c8bf52460ed6202301bfd7139e07c47375eca4dd43,200,8,1000,303,assigned_level_sensitivity,dynamic,periodic,0.0,False,1,True,,True,1.0,25.0,0.0,0.0,0.0,0,8000,0,0.0,0,0.6681677226461786,0.32823739374993527,0.6884000000000013,15720,0.677682277710484,8000,8000,0.5162872568626704,8000,0.5174730906869252,0.6291219483416283,0.37087805165837173,0.067875,0.001185833824254745,3.4430105686187744,defect_oracle,1.0,0.7638880137050303,new v22 replay
32000,0,16280,0,0,15720,0,0,8000,8000,0,0,0,8000,0,0.0,0.0,0.0,bf62266850ad4a5c8ab76b91ecf98150abd09cd2e5f25807ccf416a5a71be8c3,200,8,1000,404,assigned_level_sensitivity,dynamic,periodic,0.0,False,1,True,,True,1.0,25.0,0.0,0.0,0.0,0,8000,0,0.0,0,0.6693864567428705,0.3288360968749351,0.6884000000000013,15720,0.67902825036233,8000,8000,0.5151388961619335,8000,0.5162316921912937,0.6260071205190285,0.3739928794809715,0.065,0.001092796029360188,3.50866436958313,defect_oracle,1.0,0.7638880137050303,new v22 replay
32000,0,16232,0,0,15768,0,0,8000,8000,0,0,0,8000,0,0.0,0.0,0.0,ad0662cb1368733f3b8e5e44aef730cfa0e1f2ea0be5fb123b4110f63d1fdefa,200,8,1000,505,assigned_level_sensitivity,dynamic,periodic,0.0,False,1,True,,True,1.0,25.0,0.0,0.0,0.0,0,8000,0,0.0,0,0.6683857369354312,0.3293470718749338,0.6884000000000013,15768,0.6789706603530576,8000,8000,0.5124931508802602,8000,0.5135595789830709,0.62592855795776,0.37407144204223997,0.066,0.001066428102810768,3.4356472492218018,defect_oracle,1.0,0.7638880137050303,new v22 replay
32000,0,16312,0,0,15688,0,0,8000,8000,0,0,0,8000,0,0.0,0.0,0.0,764124e90866898b2c50fb1c6ab16a453b8d6dd40a52ec9b08dc42222a9b5ae0,200,8,1000,606,assigned_level_sensitivity,dynamic,periodic,0.0,False,1,True,,True,1.0,25.0,0.0,0.0,0.0,0,8000,0,0.0,0,0.6682962009177679,0.3276322124999357,0.6884000000000013,15688,0.6777216928714062,8000,8000,0.5141970793938181,8000,0.5158354739791916,0.629087720823132,0.370912279176868,0.066,0.001638394585373515,3.541123151779175,defect_oracle,1.0,0.7638880137050303,new v22 replay
32000,0,16296,0,0,15704,0,0,8000,8000,0,0,0,8000,0,0.0,0.0,0.0,59b36ee34bb7fc99f9ace264bd14a652f4633d981ba4d75889594bb573fb7c67,200,8,1000,707,assigned_level_sensitivity,dynamic,periodic,0.0,False,1,True,,True,1.0,25.0,0.0,0.0,0.0,0,8000,0,0.0,0,0.6689507259295654,0.3282875687499342,0.6884000000000013,15704,0.6780073694703829,8000,8000,0.5152456837170482,8000,0.5168862974252514,0.6270592406428229,0.3729407593571771,0.066,0.0016406137082032313,3.5349643230438232,defect_oracle,1.0,0.7638880137050303,new v22 replay
32000,0,16312,0,0,15688,0,0,8000,8000,0,0,0,8000,0,0.0,0.0,0.0,c2d49a2adfe6398cf43dfda6d57c824306c0c465cf434aa33b7b8478033884dc,200,8,1000,808,assigned_level_sensitivity,dynamic,periodic,0.0,False,1,True,,True,1.0,25.0,0.0,0.0,0.0,0,8000,0,0.0,0,0.668861511983547,0.32790935624993395,0.6884000000000013,15688,0.6781591821820784,8000,8000,0.5145409251707191,8000,0.516330685442799,0.626704519087498,0.373295480912502,0.067,0.0017897602720798877,3.430596351623535,defect_oracle,1.0,0.7638880137050303,new v22 replay
32000,0,16263,0,0,15737,0,0,8000,8000,0,0,0,8000,0,0.0,0.0,0.0,424add0a56f06dfd99da887ef3bb0026a08214bba57f9dc5de230c81aa530183,200,8,1000,909,assigned_level_sensitivity,dynamic,periodic,0.0,False,1,True,,True,1.0,25.0,0.0,0.0,0.0,0,8000,0,0.0,0,0.669184418885297,0.329092349999935,0.6884000000000013,15737,0.6779798161062615,8000,8000,0.516169425108739,8000,0.5176208196267391,0.6287401188389333,0.3712598811610667,0.066,0.0014513945180001375,3.4033005237579346,defect_oracle,1.0,0.7638880137050303,new v22 replay
32000,0,16320,0,0,15680,0,0,8000,8000,0,0,0,8000,0,0.0,0.0,0.0,09e7cdcfb64cb167949f480b95fd4ee862cb7bc86af83e3eb4abd379645d7ed4,200,8,1000,1010,assigned_level_sensitivity,dynamic,periodic,0.0,False,1,True,,True,1.0,25.0,0.0,0.0,0.0,0,8000,0,0.0,0,0.6690680293366016,0.3278433343749348,0.6884000000000013,15680,0.6774342769477396,8000,8000,0.5150010156400082,8000,0.516952654360714,0.629754616511256,0.37024538348874403,0.066,0.0019516387207058061,3.4390463829040527,defect_oracle,1.0,0.7638880137050303,new v22 replay
40000,0,20780,0,0,19220,0,0,10000,10000,0,0,0,10000,0,0.0,0.0,0.0,0879c79e5410a86b4c6c8f1fdc3c55c20d6e58df316f9c40f5977bea042610a8,200,10,1000,101,assigned_level_sensitivity,dynamic,periodic,0.0,False,1,True,,True,1.0,25.0,0.0,0.0,0.0,0,10000,0,0.0,0,0.6510537825180205,0.31283134249990885,0.6884000000000013,19220,0.6668306674430922,10000,10000,0.5117019061058798,10000,0.514624295807957,0.6282382138024313,0.3717617861975687,0.066,0.002922389702077144,4.640583753585815,defect_oracle,1.0,0.7638880137050303,new v22 replay
40000,0,21020,0,0,18980,0,0,10000,10000,0,0,0,10000,0,0.0,0.0,0.0,c0ebd097d509da1952b8a8e329305c08f893d0baa9934f52759a9b5d6dbb461c,200,10,1000,202,assigned_level_sensitivity,dynamic,periodic,0.0,False,1,True,,True,1.0,25.0,0.0,0.0,0.0,0,10000,0,0.0,0,0.6526355057953841,0.3096755474999098,0.6884000000000013,18980,0.6671322838395928,10000,10000,0.5113585652931467,10000,0.5138531545810823,0.6293992293636088,0.3706007706363912,0.068,0.002494589287935556,4.635325193405151,defect_oracle,1.0,0.7638880137050303,new v22 replay
40000,0,20960,0,0,19040,0,0,10000,10000,0,0,0,10000,0,0.0,0.0,0.0,2167490680566caf210d988c87c3d9f4d0ca9be1a80266655e8180b5e19817c7,200,10,1000,303,assigned_level_sensitivity,dynamic,periodic,0.0,False,1,True,,True,1.0,25.0,0.0,0.0,0.0,0,10000,0,0.0,0,0.6519679831930832,0.3103367599999076,0.6884000000000013,19040,0.6654576508083724,10000,10000,0.5095189507746927,10000,0.512634027683794,0.6286366666279263,0.3713633333720737,0.066,0.0031150769091012886,4.534481048583984,defect_oracle,1.0,0.7638880137050303,new v22 replay
40000,0,21040,0,0,18960,0,0,10000,10000,0,0,0,10000,0,0.0,0.0,0.0,3ff3f464886cdc92ca3f0ec0c71cb08a1933b4c3cc3326f8f6f701f42e55acc5,200,10,1000,404,assigned_level_sensitivity,dynamic,periodic,0.0,False,1,True,,True,1.0,25.0,0.0,0.0,0.0,0,10000,0,0.0,0,0.6527382436706983,0.309397927499911,0.6884000000000013,18960,0.6668300143021371,10000,10000,0.5127554135197756,10000,0.5159847857919388,0.6285308024174973,0.37146919758250274,0.064,0.0032293722721632445,4.584405183792114,defect_oracle,1.0,0.7638880137050303,new v22 replay
40000,0,20900,0,0,19100,0,0,10000,10000,0,0,0,10000,0,0.0,0.0,0.0,da04169c10cdfe80c81cf4c79a73278c590b668e6deca365a4eb7a718f403a17,200,10,1000,505,assigned_level_sensitivity,dynamic,periodic,0.0,False,1,True,,True,1.0,25.0,0.0,0.0,0.0,0,10000,0,0.0,0,0.6514596335076647,0.3110719749999099,0.6884000000000013,19100,0.6660316292809222,10000,10000,0.5087231165644621,10000,0.5117847467313262,0.6247896130670734,0.37521038693292663,0.068,0.0030616301668641155,4.602066516876221,defect_oracle,1.0,0.7638880137050303,new v22 replay
40000,0,21020,0,0,18980,0,0,10000,10000,0,0,0,10000,0,0.0,0.0,0.0,3b7c12899bc5eea1718c845f05946f6dfc6f9f623a4cdbc7d69a0df584f7a18f,200,10,1000,606,assigned_level_sensitivity,dynamic,periodic,0.0,False,1,True,,True,1.0,25.0,0.0,0.0,0.0,0,10000,0,0.0,0,0.6528437091673536,0.3097743399999093,0.6884000000000013,18980,0.6668827750181209,10000,10000,0.511478978980033,10000,0.514591385399107,0.6251743913704286,0.37482560862957137,0.066,0.003112406419073954,4.604557037353516,defect_oracle,1.0,0.7638880137050303,new v22 replay
40000,0,21020,0,0,18980,0,0,10000,10000,0,0,0,10000,0,0.0,0.0,0.0,7328a5e1cd7d7efefec87e8942b35cfad078648fc0704f96b8acc45b34fe3267,200,10,1000,707,assigned_level_sensitivity,dynamic,periodic,0.0,False,1,True,,True,1.0,25.0,0.0,0.0,0.0,0,10000,0,0.0,0,0.6517092360377417,0.30923603249990844,0.6884000000000013,18980,0.6645497395305385,10000,10000,0.511036751939347,10000,0.5144093646601122,0.6236579948435759,0.37634200515642413,0.068,0.003372612720765278,4.5679402351379395,defect_oracle,1.0,0.7638880137050303,new v22 replay
40000,0,21060,0,0,18940,0,0,10000,10000,0,0,0,10000,0,0.0,0.0,0.0,ac5efa6e4b6e3dc404e201805b5e9bcebfa258d080d224626b252a449427d08d,200,10,1000,808,assigned_level_sensitivity,dynamic,periodic,0.0,False,1,True,,True,1.0,25.0,0.0,0.0,0.0,0,10000,0,0.0,0,0.6529002534317007,0.3091482699999103,0.6884000000000013,18940,0.6664671527605002,10000,10000,0.5113727825076677,10000,0.5149450878647472,0.6317057561001022,0.36829424389989784,0.066,0.0035723053570795305,4.588872194290161,defect_oracle,1.0,0.7638880137050303,new v22 replay
40000,0,20820,0,0,19180,0,0,10000,10000,0,0,0,10000,0,0.0,0.0,0.0,be15ccd98aa1b17fab3c7469b5a90516f5ebc573b771b1debfec3cf376d0c6a8,200,10,1000,909,assigned_level_sensitivity,dynamic,periodic,0.0,False,1,True,,True,1.0,25.0,0.0,0.0,0.0,0,10000,0,0.0,0,0.6515798592281741,0.3124325424999095,0.6884000000000013,19180,0.6673054449203666,10000,10000,0.5094582979181846,10000,0.5120356478950465,0.6270191371599081,0.3729808628400919,0.068,0.0025773499768618757,4.604974985122681,defect_oracle,1.0,0.7638880137050303,new v22 replay
40000,0,20840,0,0,19160,0,0,10000,10000,0,0,0,10000,0,0.0,0.0,0.0,8f2b59c4184b29316d60634897dd2cbc9dc98d3b9fae45015d776d3a7166366b,200,10,1000,1010,assigned_level_sensitivity,dynamic,periodic,0.0,False,1,True,,True,1.0,25.0,0.0,0.0,0.0,0,10000,0,0.0,0,0.6511322964507489,0.3118923699999087,0.6884000000000013,19160,0.6666173301387911,10000,10000,0.5121645628518835,10000,0.5153680680979837,0.6322472968503018,0.3677527031496982,0.066,0.0032035052461002467,4.591507911682129,defect_oracle,1.0,0.7638880137050303,new v22 replay
16000,0,7992,0,0,8008,0,0,4000,4000,0,0,0,4000,0,0.0,0.0,0.0,1af266f5cf2b68c03047e5cc55006c3d19e6f3d47a035d9144dbf82d194c4809,250,4,1000,101,assigned_level_sensitivity,dynamic,periodic,0.0,False,1,True,,True,1.0,25.0,0.0,0.0,0.0,0,4000,0,0.0,0,0.6861076923076725,0.3433968999999901,0.6884000000000013,8008,0.6876558160740454,4000,4000,0.5188266164448758,4000,0.5188266164448758,0.6302250130666283,0.36977498693337174,0.066,0.0,1.4794011116027832,defect_oracle,1.0,0.7638880137050303,new v22 replay
16000,0,7992,0,0,8008,0,0,4000,4000,0,0,0,4000,0,0.0,0.0,0.0,d8f55c2b70b0a5ff6390d314b4acb5e49f2bf9626489de6ee09bf1c41fbe5899,250,4,1000,202,assigned_level_sensitivity,dynamic,periodic,0.0,False,1,True,,True,1.0,25.0,0.0,0.0,0.0,0,4000,0,0.0,0,0.6865538461538305,0.34362019999999216,0.6884000000000013,8008,0.6878604594705675,4000,4000,0.518650569536453,4000,0.518650569536453,0.6304282763071141,0.36957172369288593,0.066,0.0,1.4851391315460205,defect_oracle,1.0,0.7638880137050303,new v22 replay
16000,0,7992,0,0,8008,0,0,4000,4000,0,0,0,4000,0,0.0,0.0,0.0,08f0185ccc30e7112134011ad09471cc4f431725a990c332c98588d886df7fda,250,4,1000,303,assigned_level_sensitivity,dynamic,periodic,0.0,False,1,True,,True,1.0,25.0,0.0,0.0,0.0,0,4000,0,0.0,0,0.6863230769230592,0.3435046999999911,0.6884000000000013,8008,0.6878195337891938,4000,4000,0.5174348737972584,4000,0.5174348737972584,0.6298399174220418,0.3701600825779582,0.066,0.0,1.4724361896514893,defect_oracle,1.0,0.7638880137050303,new v22 replay
16000,0,7992,0,0,8008,0,0,4000,4000,0,0,0,4000,0,0.0,0.0,0.0,29baaceb24c9ffcba6c0224e56ac2e974e56f289eeebc8984b1703a063ad2281,250,4,1000,404,assigned_level_sensitivity,dynamic,periodic,0.0,False,1,True,,True,1.0,25.0,0.0,0.0,0.0,0,4000,0,0.0,0,0.6861846153845963,0.34343539999999045,0.6884000000000013,8008,0.687726129395621,4000,4000,0.5187959874541546,4000,0.5187959874541546,0.6308522771623694,0.36914772283763064,0.066,0.0,1.4661228656768799,defect_oracle,1.0,0.7638880137050303,new v22 replay
16000,0,7992,0,0,8008,0,0,4000,4000,0,0,0,4000,0,0.0,0.0,0.0,b70a4faa7c624668a14b28fd635ec341d5467390755acf878450038fbee1b00b,250,4,1000,505,assigned_level_sensitivity,dynamic,periodic,0.0,False,1,True,,True,1.0,25.0,0.0,0.0,0.0,0,4000,0,0.0,0,0.6862307692307505,0.3434584999999906,0.6884000000000013,8008,0.6877583697172109,4000,4000,0.5180458361535861,4000,0.5180458361535861,0.6303045544401354,0.36969544555986456,0.066,0.0,1.4782321453094482,defect_oracle,1.0,0.7638880137050303,new v22 replay
16000,0,7992,0,0,8008,0,0,4000,4000,0,0,0,4000,0,0.0,0.0,0.0,29b23b51a66535966816e3fe67d497e88502d0fa55a580db394149c9e685dc4d,250,4,1000,606,assigned_level_sensitivity,dynamic,periodic,0.0,False,1,True,,True,1.0,25.0,0.0,0.0,0.0,0,4000,0,0.0,0,0.6861538461538268,0.3434199999999903,0.6884000000000013,8008,0.6877170361537457,4000,4000,0.5178568115990841,4000,0.5178568115990841,0.6305594989668276,0.3694405010331724,0.066,0.0,1.4699552059173584,defect_oracle,1.0,0.7638880137050303,new v22 replay
16000,0,7992,0,0,8008,0,0,4000,4000,0,0,0,4000,0,0.0,0.0,0.0,b70ec86a6e4cd256607939cf975dcc885ea5b84dcf565ce777c998e8541f66f4,250,4,1000,707,assigned_level_sensitivity,dynamic,periodic,0.0,False,1,True,,True,1.0,25.0,0.0,0.0,0.0,0,4000,0,0.0,0,0.6861076923076725,0.3433968999999901,0.6884000000000013,8008,0.6877121789452322,4000,4000,0.5183905694398191,4000,0.5183905694398191,0.6306822317182808,0.36931776828171925,0.066,0.0,1.4639689922332764,defect_oracle,1.0,0.7638880137050303,new v22 replay
16000,0,7992,0,0,8008,0,0,4000,4000,0,0,0,4000,0,0.0,0.0,0.0,40a39f1cb70ffd38b7ff6d04d2337fee3a03f4cf65cba32aad77afeae05e76ef,250,4,1000,808,assigned_level_sensitivity,dynamic,periodic,0.0,False,1,True,,True,1.0,25.0,0.0,0.0,0.0,0,4000,0,0.0,0,0.6862307692307505,0.3434584999999906,0.6884000000000013,8008,0.687749568137801,4000,4000,0.5180293339407209,4000,0.5180293339407209,0.6299592706954495,0.37004072930455045,0.066,0.0,1.4550197124481201,defect_oracle,1.0,0.7638880137050303,new v22 replay
16000,0,7992,0,0,8008,0,0,4000,4000,0,0,0,4000,0,0.0,0.0,0.0,beed0025005a52824c14b727609a4222a183e582c01e60966a649e6149b0f804,250,4,1000,909,assigned_level_sensitivity,dynamic,periodic,0.0,False,1,True,,True,1.0,25.0,0.0,0.0,0.0,0,4000,0,0.0,0,0.6862153846153658,0.34345079999999056,0.6884000000000013,8008,0.6877366005268859,4000,4000,0.5182509708980884,4000,0.5182509708980884,0.63055933411424,0.36944066588575997,0.066,0.0,1.4529619216918945,defect_oracle,1.0,0.7638880137050303,new v22 replay
16000,0,7992,0,0,8008,0,0,4000,4000,0,0,0,4000,0,0.0,0.0,0.0,0a6db8bff60cf3af0ee1e7000061d8a2ac61a5fecc96dc75eb123cfbf14987fe,250,4,1000,1010,assigned_level_sensitivity,dynamic,periodic,0.0,False,1,True,,True,1.0,25.0,0.0,0.0,0.0,0,4000,0,0.0,0,0.6863076923076744,0.34349699999999106,0.6884000000000013,8008,0.6878042299926425,4000,4000,0.519078210000468,4000,0.519078210000468,0.6312793277904948,0.3687206722095052,0.066,0.0,1.471130609512329,defect_oracle,1.0,0.7638880137050303,new v22 replay
24000,0,12016,0,0,11984,0,0,6000,6000,0,0,0,6000,0,0.0,0.0,0.0,461f33843b98f5a26dab44a1603ac366d20720cd1da6ba7f37ca09d43aa874b7,250,6,1000,101,assigned_level_sensitivity,dynamic,periodic,0.0,False,1,True,,True,1.0,25.0,0.0,0.0,0.0,0,6000,0,0.0,0,0.6862228638183994,0.3426539499999874,0.6884000000000013,11984,0.6866609476961258,6000,6000,0.51829000702238,6000,0.5189582881415119,0.6296888849763875,0.37031111502361247,0.066,0.0006682811191318638,2.2530393600463867,defect_oracle,1.0,0.7638880137050303,new v22 replay
24000,0,12012,0,0,11988,0,0,6000,6000,0,0,0,6000,0,0.0,0.0,0.0,3e4ec7fb244c5d260d197fa167f5026b5ddfc5f890b3d91ce3ff9e994d9d230f,250,6,1000,202,assigned_level_sensitivity,dynamic,periodic,0.0,False,1,True,,True,1.0,25.0,0.0,0.0,0.0,0,6000,0,0.0,0,0.6861405238571664,0.34272719166665466,0.6884000000000013,11988,0.687040617591343,6000,6000,0.5185767811967589,6000,0.5189902887709836,0.6287082662280269,0.3712917337719731,0.066,0.0004135075742247585,2.2735588550567627,defect_oracle,1.0,0.7638880137050303,new v22 replay
24000,0,12008,0,0,11992,0,0,6000,6000,0,0,0,6000,0,0.0,0.0,0.0,086a1ea7bf64f123407fb480d5cadb4eb1453a0dbbe50e47e86267e583380f0e,250,6,1000,303,assigned_level_sensitivity,dynamic,periodic,0.0,False,1,True,,True,1.0,25.0,0.0,0.0,0.0,0,6000,0,0.0,0,0.6863945380253267,0.3429684708333216,0.6884000000000013,11992,0.6872286206268322,6000,6000,0.5178247714119657,6000,0.5181144274451176,0.6300961807694346,0.36990381923056537,0.066,0.00028965603315189714,2.2818729877471924,defect_oracle,1.0,0.7638880137050303,new v22 replay
24000,0,12024,0,0,11976,0,0,6000,6000,0,0,0,6000,0,0.0,0.0,0.0,848e87a1a30e1f97bf839aa120f2efa00b720c1f14505d08b7fb4974e1e6d1e4,250,6,1000,404,assigned_level_sensitivity,dynamic,periodic,0.0,False,1,True,,True,1.0,25.0,0.0,0.0,0.0,0,6000,0,0.0,0,0.6861775217100627,0.3424025833333213,0.6884000000000013,11976,0.6868092653351369,6000,6000,0.5176269368084284,6000,0.5181519307754308,0.6285007923777,0.37149920762230004,0.066,0.0005249939670023407,2.2489075660705566,defect_oracle,1.0,0.7638880137050303,new v22 replay
24000,0,12020,0,0,11980,0,0,6000,6000,0,0,0,6000,0,0.0,0.0,0.0,82e382544874427531666231a3d6d0d7cd5b4843c6d120d28fa94e3ee8689ffb,250,6,1000,505,assigned_level_sensitivity,dynamic,periodic,0.0,False,1,True,,True,1.0,25.0,0.0,0.0,0.0,0,6000,0,0.0,0,0.686230116861411,0.3425431999999876,0.6884000000000013,11980,0.686892027772613,6000,6000,0.5182930454440843,6000,0.5187407863402674,0.6302277056588921,0.3697722943411079,0.066,0.0004477408961831575,2.257112979888916,defect_oracle,1.0,0.7638880137050303,new v22 replay
24000,0,12016,0,0,11984,0,0,6000,6000,0,0,0,6000,0,0.0,0.0,0.0,28f9ac6685220f23a39fbaf41601376f4832d807898a81312da97e9bc9b9cffe,250,6,1000,606,assigned_level_sensitivity,dynamic,periodic,0.0,False,1,True,,True,1.0,25.0,0.0,0.0,0.0,0,6000,0,0.0,0,0.6861168891855567,0.3426010333333213,0.6884000000000013,11984,0.686592277347801,6000,6000,0.5178782104369039,6000,0.5184289913216754,0.6297761194706485,0.3702238805293515,0.066,0.0005507808847715623,2.282625675201416,defect_oracle,1.0,0.7638880137050303,new v22 replay
24000,0,12036,0,0,11964,0,0,6000,6000,0,0,0,6000,0,0.0,0.0,0.0,6df4d7d74941c870e22277e21ad4a33bf8d84d27d2030466f39db59ca11d54ee,250,6,1000,707,assigned_level_sensitivity,dynamic,periodic,0.0,False,1,True,,True,1.0,25.0,0.0,0.0,0.0,0,6000,0,0.0,0,0.6859638749581848,0.3419529916666551,0.6884000000000013,11964,0.6865055870213329,6000,6000,0.5180504888891635,6000,0.5187045316724175,0.6293545914042069,0.3706454085957931,0.066,0.000654042783253983,2.199212074279785,defect_oracle,1.0,0.7638880137050303,new v22 replay
24000,0,12024,0,0,11976,0,0,6000,6000,0,0,0,6000,0,0.0,0.0,0.0,ba8af916353a2fb8bd497686d20049574ece34dca7f18320f4fc5e89a7f64ca9,250,6,1000,808,assigned_level_sensitivity,dynamic,periodic,0.0,False,1,True,,True,1.0,25.0,0.0,0.0,0.0,0,6000,0,0.0,0,0.6861662408149399,0.342396954166655,0.6884000000000013,11976,0.6868470213222545,6000,6000,0.5182118017207848,6000,0.518614288546501,0.6288865955146413,0.3711134044853587,0.066,0.0004024868257161973,2.2363533973693848,defect_oracle,1.0,0.7638880137050303,new v22 replay
24000,0,12012,0,0,11988,0,0,6000,6000,0,0,0,6000,0,0.0,0.0,0.0,f5c93f0243d373b4ce9a97e5bd3091938d5ecdc7eab36b9c21ae2517f377e3f5,250,6,1000,909,assigned_level_sensitivity,dynamic,periodic,0.0,False,1,True,,True,1.0,25.0,0.0,0.0,0.0,0,6000,0,0.0,0,0.6863350850850608,0.34282437499998786,0.6884000000000013,11988,0.6870357310312258,6000,6000,0.5173698871232332,6000,0.5177443473554754,0.6292392495437636,0.37076075045623635,0.066,0.0003744602322421908,2.268406867980957,defect_oracle,1.0,0.7638880137050303,new v22 replay
24000,0,12016,0,0,11984,0,0,6000,6000,0,0,0,6000,0,0.0,0.0,0.0,ec1271841a1a509813d1214166b85daa03c83dde58e871cdee6525b2617d5073,250,6,1000,1010,assigned_level_sensitivity,dynamic,periodic,0.0,False,1,True,,True,1.0,25.0,0.0,0.0,0.0,0,6000,0,0.0,0,0.6861924983310833,0.3426387874999876,0.6884000000000013,11984,0.6869212972526485,6000,6000,0.518459335906946,6000,0.5189288285333781,0.6305852228393479,0.3694147771606521,0.066,0.00046949262643203316,2.2613446712493896,defect_oracle,1.0,0.7638880137050303,new v22 replay
32000,0,16112,0,0,15888,0,0,8000,8000,0,0,0,8000,0,0.0,0.0,0.0,85e9ea8799ebc1273fe9c3f4d9fe2604e3284f7e39e1b747520578a179b5a86d,250,8,1000,101,assigned_level_sensitivity,dynamic,periodic,0.0,False,1,True,,True,1.0,25.0,0.0,0.0,0.0,0,8000,0,0.0,0,0.682232911631249,0.3387286406249151,0.6884000000000013,15888,0.6828258662878515,8000,8000,0.5169695626033601,8000,0.5188720194350503,0.626460068458334,0.373539931541666,0.066,0.0019024568316902135,3.3243136405944824,defect_oracle,1.0,0.7638880137050303,new v22 replay
32000,0,16168,0,0,15832,0,0,8000,8000,0,0,0,8000,0,0.0,0.0,0.0,fbb050d098499c317521b7ace2159a32ab05aef6fb3ddf6a48f239c0ef95f024,250,8,1000,202,assigned_level_sensitivity,dynamic,periodic,0.0,False,1,True,,True,1.0,25.0,0.0,0.0,0.0,0,8000,0,0.0,0,0.6812186773621363,0.33703294062491695,0.6884000000000013,15832,0.6821556604401785,8000,8000,0.5159150640136607,8000,0.5174465082432985,0.6284538471689577,0.3715461528310423,0.068,0.0015314442296378017,3.28863525390625,defect_oracle,1.0,0.7638880137050303,new v22 replay
32000,0,16096,0,0,15904,0,0,8000,8000,0,0,0,8000,0,0.0,0.0,0.0,fdb800c3071bba325e2f83c8bf52460ed6202301bfd7139e07c47375eca4dd43,250,8,1000,303,assigned_level_sensitivity,dynamic,periodic,0.0,False,1,True,,True,1.0,25.0,0.0,0.0,0.0,0,8000,0,0.0,0,0.6814671969314219,0.33868919687491666,0.6884000000000013,15904,0.6836558768712949,8000,8000,0.5171885594203373,8000,0.5180971417485771,0.6277056173354365,0.3722943826645635,0.067,0.0009085823282398708,3.267835855484009,defect_oracle,1.0,0.7638880137050303,new v22 replay
32000,0,16112,0,0,15888,0,0,8000,8000,0,0,0,8000,0,0.0,0.0,0.0,bf62266850ad4a5c8ab76b91ecf98150abd09cd2e5f25807ccf416a5a71be8c3,250,8,1000,404,assigned_level_sensitivity,dynamic,periodic,0.0,False,1,True,,True,1.0,25.0,0.0,0.0,0.0,0,8000,0,0.0,0,0.6816206633935846,0.3384246593749148,0.6884000000000013,15888,0.682313867603716,8000,8000,0.5157815996437513,8000,0.5177049373553984,0.6261394353271347,0.3738605646728653,0.067,0.0019233377116470995,3.2936930656433105,defect_oracle,1.0,0.7638880137050303,new v22 replay
32000,0,16064,0,0,15936,0,0,8000,8000,0,0,0,8000,0,0.0,0.0,0.0,ad0662cb1368733f3b8e5e44aef730cfa0e1f2ea0be5fb123b4110f63d1fdefa,250,8,1000,505,assigned_level_sensitivity,dynamic,periodic,0.0,False,1,True,,True,1.0,25.0,0.0,0.0,0.0,0,8000,0,0.0,0,0.6812857617970198,0.3392803093749159,0.6884000000000013,15936,0.6840332619142185,8000,8000,0.5170220966569007,8000,0.5178767295156083,0.626325007824316,0.373674992175684,0.067,0.0008546328587075713,3.269578456878662,defect_oracle,1.0,0.7638880137050303,new v22 replay
32000,0,16144,0,0,15856,0,0,8000,8000,0,0,0,8000,0,0.0,0.0,0.0,764124e90866898b2c50fb1c6ab16a453b8d6dd40a52ec9b08dc42222a9b5ae0,250,8,1000,606,assigned_level_sensitivity,dynamic,periodic,0.0,False,1,True,,True,1.0,25.0,0.0,0.0,0.0,0,8000,0,0.0,0,0.6807989846113357,0.33733589687491683,0.6884000000000013,15856,0.6829547759939183,8000,8000,0.5168760528366583,8000,0.5183303518029763,0.6274178465372425,0.37258215346275747,0.067,0.0014542989663179906,3.279331684112549,defect_oracle,1.0,0.7638880137050303,new v22 replay
32000,0,16176,0,0,15824,0,0,8000,8000,0,0,0,8000,0,0.0,0.0,0.0,59b36ee34bb7fc99f9ace264bd14a652f4633d981ba4d75889594bb573fb7c67,250,8,1000,707,assigned_level_sensitivity,dynamic,periodic,0.0,False,1,True,,True,1.0,25.0,0.0,0.0,0.0,0,8000,0,0.0,0,0.6811798091504899,0.33684341562491726,0.6884000000000013,15824,0.6817281832090011,8000,8000,0.5154983147782142,8000,0.5174907001040973,0.6268361590303239,0.37316384096967614,0.066125,0.0019923853258830837,3.293052911758423,defect_oracle,1.0,0.7638880137050303,new v22 replay
32000,0,16104,0,0,15896,0,0,8000,8000,0,0,0,8000,0,0.0,0.0,0.0,c2d49a2adfe6398cf43dfda6d57c824306c0c465cf434aa33b7b8478033884dc,250,8,1000,808,assigned_level_sensitivity,dynamic,periodic,0.0,False,1,True,,True,1.0,25.0,0.0,0.0,0.0,0,8000,0,0.0,0,0.6807541708604273,0.3381646343749173,0.6884000000000013,15896,0.6828485016829785,8000,8000,0.5161764676366402,8000,0.5175825059663854,0.6272019411639467,0.3727980588360533,0.067,0.001406038329745285,3.3151142597198486,defect_oracle,1.0,0.7638880137050303,new v22 replay
32000,0,16144,0,0,15856,0,0,8000,8000,0,0,0,8000,0,0.0,0.0,0.0,424add0a56f06dfd99da887ef3bb0026a08214bba57f9dc5de230c81aa530183,250,8,1000,909,assigned_level_sensitivity,dynamic,periodic,0.0,False,1,True,,True,1.0,25.0,0.0,0.0,0.0,0,8000,0,0.0,0,0.6822588042379728,0.3380592374999155,0.6884000000000013,15856,0.6826986711626388,8000,8000,0.515706362058263,8000,0.517485953688277,0.6258991214675903,0.3741008785324097,0.066,0.0017795916300139547,3.276045560836792,defect_oracle,1.0,0.7638880137050303,new v22 replay
32000,0,16128,0,0,15872,0,0,8000,8000,0,0,0,8000,0,0.0,0.0,0.0,09e7cdcfb64cb167949f480b95fd4ee862cb7bc86af83e3eb4abd379645d7ed4,250,8,1000,1010,assigned_level_sensitivity,dynamic,periodic,0.0,False,1,True,,True,1.0,25.0,0.0,0.0,0.0,0,8000,0,0.0,0,0.6811863848284624,0.33786844687491735,0.6884000000000013,15872,0.6830705540250634,8000,8000,0.5165498425810832,8000,0.5181804077540716,0.6278910558898904,0.37210894411010964,0.066,0.0016305651729884296,3.2958550453186035,defect_oracle,1.0,0.7638880137050303,new v22 replay
40000,0,20580,0,0,19420,0,0,10000,10000,0,0,0,10000,0,0.0,0.0,0.0,0879c79e5410a86b4c6c8f1fdc3c55c20d6e58df316f9c40f5977bea042610a8,250,10,1000,101,assigned_level_sensitivity,dynamic,periodic,0.0,False,1,True,,True,1.0,25.0,0.0,0.0,0.0,0,10000,0,0.0,0,0.6716379454168852,0.3260802224998977,0.6884000000000013,19420,0.6710769356650209,10000,10000,0.5126774379433549,10000,0.517882066739047,0.6160896372756758,0.3839103627243242,0.068,0.005204628795692168,4.659318208694458,defect_oracle,1.0,0.7638880137050303,new v22 replay
40000,0,20400,0,0,19600,0,0,10000,10000,0,0,0,10000,0,0.0,0.0,0.0,c0ebd097d509da1952b8a8e329305c08f893d0baa9934f52759a9b5d6dbb461c,250,10,1000,202,assigned_level_sensitivity,dynamic,periodic,0.0,False,1,True,,True,1.0,25.0,0.0,0.0,0.0,0,10000,0,0.0,0,0.6683708265304122,0.327501704999902,0.6884000000000013,19600,0.673386662816977,10000,10000,0.5130450454256162,10000,0.516127407290013,0.6311606462913814,0.36883935370861864,0.066,0.00308236186439681,4.70710563659668,defect_oracle,1.0,0.7638880137050303,new v22 replay
40000,0,20580,0,0,19420,0,0,10000,10000,0,0,0,10000,0,0.0,0.0,0.0,2167490680566caf210d988c87c3d9f4d0ca9be1a80266655e8180b5e19817c7,250,10,1000,303,assigned_level_sensitivity,dynamic,periodic,0.0,False,1,True,,True,1.0,25.0,0.0,0.0,0.0,0,10000,0,0.0,0,0.6697777754889832,0.32517710999990135,0.6884000000000013,19420,0.6729726910237825,10000,10000,0.5126656448710103,10000,0.5173610438270615,0.6196096521519733,0.3803903478480267,0.066,0.0046953989560512,4.598967790603638,defect_oracle,1.0,0.7638880137050303,new v22 replay
40000,0,20620,0,0,19380,0,0,10000,10000,0,0,0,10000,0,0.0,0.0,0.0,3ff3f464886cdc92ca3f0ec0c71cb08a1933b4c3cc3326f8f6f701f42e55acc5,250,10,1000,404,assigned_level_sensitivity,dynamic,periodic,0.0,False,1,True,,True,1.0,25.0,0.0,0.0,0.0,0,10000,0,0.0,0,0.6709193550049581,0.32506042749990227,0.6884000000000013,19380,0.6710847271450521,10000,10000,0.510124382633714,10000,0.5154360727366094,0.6173493047465758,0.3826506952534242,0.07,0.00531169010289545,4.597229719161987,defect_oracle,1.0,0.7638880137050303,new v22 replay
40000,0,20540,0,0,19460,0,0,10000,10000,0,0,0,10000,0,0.0,0.0,0.0,da04169c10cdfe80c81cf4c79a73278c590b668e6deca365a4eb7a718f403a17,250,10,1000,505,assigned_level_sensitivity,dynamic,periodic,0.0,False,1,True,,True,1.0,25.0,0.0,0.0,0.0,0,10000,0,0.0,0,0.6705768859196329,0.3262356549999014,0.6884000000000013,19460,0.6745429691824956,10000,10000,0.5129389446257812,10000,0.5170682949619472,0.6164028695560215,0.3835971304439785,0.066,0.0041293503361660155,4.61844539642334,defect_oracle,1.0,0.7638880137050303,new v22 replay
40000,0,20540,0,0,19460,0,0,10000,10000,0,0,0,10000,0,0.0,0.0,0.0,3b7c12899bc5eea1718c845f05946f6dfc6f9f623a4cdbc7d69a0df584f7a18f,250,10,1000,606,assigned_level_sensitivity,dynamic,periodic,0.0,False,1,True,,True,1.0,25.0,0.0,0.0,0.0,0,10000,0,0.0,0,0.6700064285712173,0.3259581274998972,0.6884000000000013,19460,0.6747312467198577,10000,10000,0.5157754614818093,10000,0.5194016812673374,0.6245756138018214,0.37542438619817864,0.0679,0.0036262197855281286,4.599647521972656,defect_oracle,1.0,0.7638880137050303,new v22 replay
40000,0,20540,0,0,19460,0,0,10000,10000,0,0,0,10000,0,0.0,0.0,0.0,7328a5e1cd7d7efefec87e8942b35cfad078648fc0704f96b8acc45b34fe3267,250,10,1000,707,assigned_level_sensitivity,dynamic,periodic,0.0,False,1,True,,True,1.0,25.0,0.0,0.0,0.0,0,10000,0,0.0,0,0.6686233247685539,0.32528524749990145,0.6884000000000013,19460,0.6723290969251507,10000,10000,0.5133312487216103,10000,0.517977601001349,0.6254273617873846,0.37457263821261544,0.068,0.004646352279738752,4.591254711151123,defect_oracle,1.0,0.7638880137050303,new v22 replay
40000,0,20600,0,0,19400,0,0,10000,10000,0,0,0,10000,0,0.0,0.0,0.0,ac5efa6e4b6e3dc404e201805b5e9bcebfa258d080d224626b252a449427d08d,250,10,1000,808,assigned_level_sensitivity,dynamic,periodic,0.0,False,1,True,,True,1.0,25.0,0.0,0.0,0.0,0,10000,0,0.0,0,0.6703658762884525,0.32512744999989945,0.6884000000000013,19400,0.6730783849853594,10000,10000,0.514041768327611,10000,0.5178278936621151,0.6219753197542608,0.3780246802457392,0.068,0.0037861253345041757,4.587826490402222,defect_oracle,1.0,0.7638880137050303,new v22 replay
40000,0,20580,0,0,19420,0,0,10000,10000,0,0,0,10000,0,0.0,0.0,0.0,be15ccd98aa1b17fab3c7469b5a90516f5ebc573b771b1debfec3cf376d0c6a8,250,10,1000,909,assigned_level_sensitivity,dynamic,periodic,0.0,False,1,True,,True,1.0,25.0,0.0,0.0,0.0,0,10000,0,0.0,0,0.6719521369719808,0.3262327624998967,0.6884000000000013,19420,0.6727045733695973,10000,10000,0.5103291945914925,10000,0.515405819825955,0.6185201702498613,0.3814798297501387,0.07,0.005076625234462506,4.560245752334595,defect_oracle,1.0,0.7638880137050303,new v22 replay
40000,0,20660,0,0,19340,0,0,10000,10000,0,0,0,10000,0,0.0,0.0,0.0,8f2b59c4184b29316d60634897dd2cbc9dc98d3b9fae45015d776d3a7166366b,250,10,1000,1010,assigned_level_sensitivity,dynamic,periodic,0.0,False,1,True,,True,1.0,25.0,0.0,0.0,0.0,0,10000,0,0.0,0,0.6720143640122003,0.3249189449998989,0.6884000000000013,19340,0.6732616186898853,10000,10000,0.5134122511056889,10000,0.5178614197171714,0.6202128642551865,0.3797871357448135,0.068,0.004449168611482479,4.638680696487427,defect_oracle,1.0,0.7638880137050303,new v22 replay
16000,0,7992,0,0,8008,0,0,4000,4000,0,0,0,4000,0,0.0,0.0,0.0,1af266f5cf2b68c03047e5cc55006c3d19e6f3d47a035d9144dbf82d194c4809,300,4,1000,101,assigned_level_sensitivity,dynamic,periodic,0.0,False,1,True,,True,1.0,25.0,0.0,0.0,0.0,0,4000,0,0.0,0,0.6863692307692134,0.34352779999999133,0.6884000000000013,8008,0.6877660532411088,4000,4000,0.5188066407508292,4000,0.5188066407508292,0.6318252371342653,0.3681747628657347,0.066,0.0,1.4768695831298828,defect_oracle,1.0,0.7638880137050303,new v22 replay
16000,0,7992,0,0,8008,0,0,4000,4000,0,0,0,4000,0,0.0,0.0,0.0,d8f55c2b70b0a5ff6390d314b4acb5e49f2bf9626489de6ee09bf1c41fbe5899,300,4,1000,202,assigned_level_sensitivity,dynamic,periodic,0.0,False,1,True,,True,1.0,25.0,0.0,0.0,0.0,0,4000,0,0.0,0,0.6865692307692153,0.3436278999999922,0.6884000000000013,8008,0.687884386003492,4000,4000,0.5190261507911953,4000,0.5190261507911953,0.6311898952617327,0.36881010473826725,0.066,0.0,1.4538555145263672,defect_oracle,1.0,0.7638880137050303,new v22 replay
16000,0,7992,0,0,8008,0,0,4000,4000,0,0,0,4000,0,0.0,0.0,0.0,08f0185ccc30e7112134011ad09471cc4f431725a990c332c98588d886df7fda,300,4,1000,303,assigned_level_sensitivity,dynamic,periodic,0.0,False,1,True,,True,1.0,25.0,0.0,0.0,0.0,0,4000,0,0.0,0,0.6864249999999833,0.3435557124999916,0.6884000000000013,8008,0.6878534700746972,4000,4000,0.51835518941835,4000,0.51835518941835,0.6313461343016115,0.36865386569838854,0.066,0.0,1.4707815647125244,defect_oracle,1.0,0.7638880137050303,new v22 replay
16000,0,7992,0,0,8008,0,0,4000,4000,0,0,0,4000,0,0.0,0.0,0.0,29baaceb24c9ffcba6c0224e56ac2e974e56f289eeebc8984b1703a063ad2281,300,4,1000,404,assigned_level_sensitivity,dynamic,periodic,0.0,False,1,True,,True,1.0,25.0,0.0,0.0,0.0,0,4000,0,0.0,0,0.6864442307692141,0.34356533749999163,0.6884000000000013,8008,0.6878359858106974,4000,4000,0.5193605220053796,4000,0.5193605220053796,0.6311413770845506,0.36885862291544935,0.066,0.0,1.4727888107299805,defect_oracle,1.0,0.7638880137050303,new v22 replay
16000,0,7992,0,0,8008,0,0,4000,4000,0,0,0,4000,0,0.0,0.0,0.0,b70a4faa7c624668a14b28fd635ec341d5467390755acf878450038fbee1b00b,300,4,1000,505,assigned_level_sensitivity,dynamic,periodic,0.0,False,1,True,,True,1.0,25.0,0.0,0.0,0.0,0,4000,0,0.0,0,0.6863538461538286,0.3435200999999912,0.6884000000000013,8008,0.6877973302594164,4000,4000,0.5185717195761218,4000,0.5185717195761218,0.6305088892224406,0.36949111077755936,0.066,0.0,1.4802520275115967,defect_oracle,1.0,0.7638880137050303,new v22 replay
16000,0,7992,0,0,8008,0,0,4000,4000,0,0,0,4000,0,0.0,0.0,0.0,29b23b51a66535966816e3fe67d497e88502d0fa55a580db394149c9e685dc4d,300,4,1000,606,assigned_level_sensitivity,dynamic,periodic,0.0,False,1,True,,True,1.0,25.0,0.0,0.0,0.0,0,4000,0,0.0,0,0.6863538461538286,0.3435200999999912,0.6884000000000013,8008,0.6878055370825826,4000,4000,0.5178391266174188,4000,0.5178391266174188,0.6305965907990331,0.3694034092009669,0.066,0.0,1.4728221893310547,defect_oracle,1.0,0.7638880137050303,new v22 replay
16000,0,7992,0,0,8008,0,0,4000,4000,0,0,0,4000,0,0.0,0.0,0.0,b70ec86a6e4cd256607939cf975dcc885ea5b84dcf565ce777c998e8541f66f4,300,4,1000,707,assigned_level_sensitivity,dynamic,periodic,0.0,False,1,True,,True,1.0,25.0,0.0,0.0,0.0,0,4000,0,0.0,0,0.6864307692307524,0.3435585999999916,0.6884000000000013,8008,0.6878162168946007,4000,4000,0.5185540221346638,4000,0.5185540221346638,0.6313636498890418,0.3686363501109582,0.066,0.0,1.4573330879211426,defect_oracle,1.0,0.7638880137050303,new v22 replay
16000,0,7992,0,0,8008,0,0,4000,4000,0,0,0,4000,0,0.0,0.0,0.0,40a39f1cb70ffd38b7ff6d04d2337fee3a03f4cf65cba32aad77afeae05e76ef,300,4,1000,808,assigned_level_sensitivity,dynamic,periodic,0.0,False,1,True,,True,1.0,25.0,0.0,0.0,0.0,0,4000,0,0.0,0,0.6863999999999829,0.34354319999999144,0.6884000000000013,8008,0.6877968995081479,4000,4000,0.5186662997782137,4000,0.5186662997782137,0.6303105715595821,0.36968942844041786,0.066,0.0,1.4564454555511475,defect_oracle,1.0,0.7638880137050303,new v22 replay
16000,0,7992,0,0,8008,0,0,4000,4000,0,0,0,4000,0,0.0,0.0,0.0,beed0025005a52824c14b727609a4222a183e582c01e60966a649e6149b0f804,300,4,1000,909,assigned_level_sensitivity,dynamic,periodic,0.0,False,1,True,,True,1.0,25.0,0.0,0.0,0.0,0,4000,0,0.0,0,0.6865538461538305,0.34362019999999216,0.6884000000000013,8008,0.6878138943786147,4000,4000,0.518084276836918,4000,0.518084276836918,0.6297624985255996,0.3702375014744004,0.066,0.0,1.4351022243499756,defect_oracle,1.0,0.7638880137050303,new v22 replay
16000,0,7992,0,0,8008,0,0,4000,4000,0,0,0,4000,0,0.0,0.0,0.0,0a6db8bff60cf3af0ee1e7000061d8a2ac61a5fecc96dc75eb123cfbf14987fe,300,4,1000,1010,assigned_level_sensitivity,dynamic,periodic,0.0,False,1,True,,True,1.0,25.0,0.0,0.0,0.0,0,4000,0,0.0,0,0.6864307692307523,0.34355859999999155,0.6884000000000013,8008,0.6878363355729257,4000,4000,0.518621841330717,4000,0.518621841330717,0.6307081135745308,0.3692918864254692,0.066,0.0,1.4181287288665771,defect_oracle,1.0,0.7638880137050303,new v22 replay
24000,0,11988,0,0,12012,0,0,6000,6000,0,0,0,6000,0,0.0,0.0,0.0,461f33843b98f5a26dab44a1603ac366d20720cd1da6ba7f37ca09d43aa874b7,300,6,1000,101,assigned_level_sensitivity,dynamic,periodic,0.0,False,1,True,,True,1.0,25.0,0.0,0.0,0.0,0,6000,0,0.0,0,0.6861679487179204,0.3434270583333192,0.6884000000000013,12012,0.6877199957309503,6000,6000,0.5185766320159917,6000,0.5185766320159917,0.6308624636785102,0.3691375363214898,0.066,0.0,2.254927635192871,defect_oracle,1.0,0.7638880137050303,new v22 replay
24000,0,11988,0,0,12012,0,0,6000,6000,0,0,0,6000,0,0.0,0.0,0.0,3e4ec7fb244c5d260d197fa167f5026b5ddfc5f890b3d91ce3ff9e994d9d230f,300,6,1000,202,assigned_level_sensitivity,dynamic,periodic,0.0,False,1,True,,True,1.0,25.0,0.0,0.0,0.0,0,6000,0,0.0,0,0.6862923076922816,0.3434892999999869,0.6884000000000013,12012,0.687779046495526,6000,6000,0.518823619551636,6000,0.518823619551636,0.6311057654912046,0.36889423450879544,0.066,0.0,2.2415239810943604,defect_oracle,1.0,0.7638880137050303,new v22 replay
24000,0,11988,0,0,12012,0,0,6000,6000,0,0,0,6000,0,0.0,0.0,0.0,086a1ea7bf64f123407fb480d5cadb4eb1453a0dbbe50e47e86267e583380f0e,300,6,1000,303,assigned_level_sensitivity,dynamic,periodic,0.0,False,1,True,,True,1.0,25.0,0.0,0.0,0.0,0,6000,0,0.0,0,0.6862564102563842,0.3434713333333203,0.6884000000000013,12012,0.6877794922860059,6000,6000,0.5182450046496999,6000,0.5182450046496999,0.6309442374308076,0.36905576256919237,0.066,0.0,2.277038812637329,defect_oracle,1.0,0.7638880137050303,new v22 replay
24000,0,11988,0,0,12012,0,0,6000,6000,0,0,0,6000,0,0.0,0.0,0.0,848e87a1a30e1f97bf839aa120f2efa00b720c1f14505d08b7fb4974e1e6d1e4,300,6,1000,404,assigned_level_sensitivity,dynamic,periodic,0.0,False,1,True,,True,1.0,25.0,0.0,0.0,0.0,0,6000,0,0.0,0,0.6862820512820251,0.3434841666666536,0.6884000000000013,12012,0.6877701732957187,6000,6000,0.5187285877322532,6000,0.5187285877322532,0.6306955847778747,0.3693044152221253,0.066,0.0,2.258707046508789,defect_oracle,1.0,0.7638880137050303,new v22 replay
24000,0,11988,0,0,12012,0,0,6000,6000,0,0,0,6000,0,0.0,0.0,0.0,82e382544874427531666231a3d6d0d7cd5b4843c6d120d28fa94e3ee8689ffb,300,6,1000,505,assigned_level_sensitivity,dynamic,periodic,0.0,False,1,True,,True,1.0,25.0,0.0,0.0,0.0,0,6000,0,0.0,0,0.686256410256384,0.34347133333332014,0.6884000000000013,12012,0.6877829507629023,6000,6000,0.5186723174732176,6000,0.5186723174732176,0.630402696680608,0.369597303319392,0.066,0.0,2.2542200088500977,defect_oracle,1.0,0.7638880137050303,new v22 replay
24000,0,11988,0,0,12012,0,0,6000,6000,0,0,0,6000,0,0.0,0.0,0.0,28f9ac6685220f23a39fbaf41601376f4832d807898a81312da97e9bc9b9cffe,300,6,1000,606,assigned_level_sensitivity,dynamic,periodic,0.0,False,1,True,,True,1.0,25.0,0.0,0.0,0.0,0,6000,0,0.0,0,0.68614871794869,0.34341743333331937,0.6884000000000013,12012,0.6877320110128916,6000,6000,0.5181986841846926,6000,0.5181986841846926,0.6313330422586145,0.36866695774138547,0.066,0.0,2.262477397918701,defect_oracle,1.0,0.7638880137050303,new v22 replay
24000,0,11988,0,0,12012,0,0,6000,6000,0,0,0,6000,0,0.0,0.0,0.0,6df4d7d74941c870e22277e21ad4a33bf8d84d27d2030466f39db59ca11d54ee,300,6,1000,707,assigned_level_sensitivity,dynamic,periodic,0.0,False,1,True,,True,1.0,25.0,0.0,0.0,0.0,0,6000,0,0.0,0,0.6861894771894502,0.34343783333331984,0.6884000000000013,12012,0.6877522381191781,6000,6000,0.5184431450875218,6000,0.5184431450875218,0.6313615617562658,0.3686384382437342,0.066,0.0,2.264145612716675,defect_oracle,1.0,0.7638880137050303,new v22 replay
24000,0,11988,0,0,12012,0,0,6000,6000,0,0,0,6000,0,0.0,0.0,0.0,ba8af916353a2fb8bd497686d20049574ece34dca7f18320f4fc5e89a7f64ca9,300,6,1000,808,assigned_level_sensitivity,dynamic,periodic,0.0,False,1,True,,True,1.0,25.0,0.0,0.0,0.0,0,6000,0,0.0,0,0.6862038461538191,0.34344502499998647,0.6884000000000013,12012,0.6877620288017278,6000,6000,0.5185668181221584,6000,0.5185668181221584,0.6305827157062451,0.36941728429375487,0.066,0.0,2.263225793838501,defect_oracle,1.0,0.7638880137050303,new v22 replay
24000,0,11988,0,0,12012,0,0,6000,6000,0,0,0,6000,0,0.0,0.0,0.0,f5c93f0243d373b4ce9a97e5bd3091938d5ecdc7eab36b9c21ae2517f377e3f5,300,6,1000,909,assigned_level_sensitivity,dynamic,periodic,0.0,False,1,True,,True,1.0,25.0,0.0,0.0,0.0,0,6000,0,0.0,0,0.6862820512820247,0.3434841666666534,0.6884000000000013,12012,0.6877764735888166,6000,6000,0.5183474079948562,6000,0.5183474079948562,0.6300042479764276,0.3699957520235724,0.066,0.0,2.254329204559326,defect_oracle,1.0,0.7638880137050303,new v22 replay
24000,0,11988,0,0,12012,0,0,6000,6000,0,0,0,6000,0,0.0,0.0,0.0,ec1271841a1a509813d1214166b85daa03c83dde58e871cdee6525b2617d5073,300,6,1000,1010,assigned_level_sensitivity,dynamic,periodic,0.0,False,1,True,,True,1.0,25.0,0.0,0.0,0.0,0,6000,0,0.0,0,0.686246153846128,0.343466199999987,0.6884000000000013,12012,0.6877717604652677,6000,6000,0.5185833107821425,6000,0.5185833107821425,0.6314445925095435,0.36855540749045645,0.066,0.0,2.2107338905334473,defect_oracle,1.0,0.7638880137050303,new v22 replay
32000,0,15984,0,0,16016,0,0,8000,8000,0,0,0,8000,0,0.0,0.0,0.0,85e9ea8799ebc1273fe9c3f4d9fe2604e3284f7e39e1b747520578a179b5a86d,300,8,1000,101,assigned_level_sensitivity,dynamic,periodic,0.0,False,1,True,,True,1.0,25.0,0.0,0.0,0.0,0,8000,0,0.0,0,0.6849574363135,0.34282119687490675,0.6884000000000013,16016,0.6871972721096119,8000,8000,0.5185427548032974,8000,0.5185427548032974,0.6306799289336981,0.36932007106630194,0.066,0.0,3.240070104598999,defect_oracle,1.0,0.7638880137050303,new v22 replay
32000,0,15992,0,0,16008,0,0,8000,8000,0,0,0,8000,0,0.0,0.0,0.0,fbb050d098499c317521b7ace2159a32ab05aef6fb3ddf6a48f239c0ef95f024,300,8,1000,202,assigned_level_sensitivity,dynamic,periodic,0.0,False,1,True,,True,1.0,25.0,0.0,0.0,0.0,0,8000,0,0.0,0,0.6844572838578857,0.3423997562499073,0.6884000000000013,16008,0.6868904405670778,8000,8000,0.5182539082302144,8000,0.5183044374781931,0.6298168380597806,0.3701831619402194,0.066,5.0529247978658987e-05,3.289058208465576,defect_oracle,1.0,0.7638880137050303,new v22 replay
32000,0,15984,0,0,16016,0,0,8000,8000,0,0,0,8000,0,0.0,0.0,0.0,fdb800c3071bba325e2f83c8bf52460ed6202301bfd7139e07c47375eca4dd43,300,8,1000,303,assigned_level_sensitivity,dynamic,periodic,0.0,False,1,True,,True,1.0,25.0,0.0,0.0,0.0,0,8000,0,0.0,0,0.6848972964533631,0.3427910968749082,0.6884000000000013,16016,0.687134011109747,8000,8000,0.5181448427813509,8000,0.5181448427813509,0.6310250169159362,0.36897498308406385,0.065,0.0,3.264141321182251,defect_oracle,1.0,0.7638880137050303,new v22 replay
32000,0,15984,0,0,16016,0,0,8000,8000,0,0,0,8000,0,0.0,0.0,0.0,bf62266850ad4a5c8ab76b91ecf98150abd09cd2e5f25807ccf416a5a71be8c3,300,8,1000,404,assigned_level_sensitivity,dynamic,periodic,0.0,False,1,True,,True,1.0,25.0,0.0,0.0,0.0,0,8000,0,0.0,0,0.684712780968848,0.3426987468749084,0.6884000000000013,16016,0.6869753990733122,8000,8000,0.5180737541513537,8000,0.5180737541513537,0.6307465396823669,0.36925346031763306,0.066,0.0,3.2539892196655273,defect_oracle,1.0,0.7638880137050303,new v22 replay
32000,0,15984,0,0,16016,0,0,8000,8000,0,0,0,8000,0,0.0,0.0,0.0,ad0662cb1368733f3b8e5e44aef730cfa0e1f2ea0be5fb123b4110f63d1fdefa,300,8,1000,505,assigned_level_sensitivity,dynamic,periodic,0.0,False,1,True,,True,1.0,25.0,0.0,0.0,0.0,0,8000,0,0.0,0,0.6848545954044118,0.34276972499990815,0.6884000000000013,16016,0.6871601449713242,8000,8000,0.5184461697006498,8000,0.5184461697006498,0.6302931280951588,0.3697068719048412,0.066,0.0,3.264324188232422,defect_oracle,1.0,0.7638880137050303,new v22 replay
32000,0,15984,0,0,16016,0,0,8000,8000,0,0,0,8000,0,0.0,0.0,0.0,764124e90866898b2c50fb1c6ab16a453b8d6dd40a52ec9b08dc42222a9b5ae0,300,8,1000,606,assigned_level_sensitivity,dynamic,periodic,0.0,False,1,True,,True,1.0,25.0,0.0,0.0,0.0,0,8000,0,0.0,0,0.6849170829169009,0.34280099999990893,0.6884000000000013,16016,0.6872532909233887,8000,8000,0.517940274871901,8000,0.517940274871901,0.6317832048760758,0.36821679512392425,0.066,0.0,3.2820611000061035,defect_oracle,1.0,0.7638880137050303,new v22 replay
32000,0,15992,0,0,16008,0,0,8000,8000,0,0,0,8000,0,0.0,0.0,0.0,59b36ee34bb7fc99f9ace264bd14a652f4633d981ba4d75889594bb573fb7c67,300,8,1000,707,assigned_level_sensitivity,dynamic,periodic,0.0,False,1,True,,True,1.0,25.0,0.0,0.0,0.0,0,8000,0,0.0,0,0.6843403985505426,0.3423412843749089,0.6884000000000013,16008,0.6870293249184296,8000,8000,0.5182584699523346,8000,0.5182600986692544,0.6314367311017733,0.36856326889822666,0.066,1.6287169197770623e-06,3.2617855072021484,defect_oracle,1.0,0.7638880137050303,new v22 replay
32000,0,16000,0,0,16000,0,0,8000,8000,0,0,0,8000,0,0.0,0.0,0.0,c2d49a2adfe6398cf43dfda6d57c824306c0c465cf434aa33b7b8478033884dc,300,8,1000,808,assigned_level_sensitivity,dynamic,periodic,0.0,False,1,True,,True,1.0,25.0,0.0,0.0,0.0,0,8000,0,0.0,0,0.6842290937498164,0.3421145468749082,0.6884000000000013,16000,0.6868088620675714,8000,8000,0.5183878956721305,8000,0.5183998009878125,0.6304014259419121,0.36959857405808794,0.066,1.1905315681959294e-05,3.270174741744995,defect_oracle,1.0,0.7638880137050303,new v22 replay
32000,0,15984,0,0,16016,0,0,8000,8000,0,0,0,8000,0,0.0,0.0,0.0,424add0a56f06dfd99da887ef3bb0026a08214bba57f9dc5de230c81aa530183,300,8,1000,909,assigned_level_sensitivity,dynamic,periodic,0.0,False,1,True,,True,1.0,25.0,0.0,0.0,0.0,0,8000,0,0.0,0,0.6849772789708423,0.34283112812490657,0.6884000000000013,16016,0.6871324446361886,8000,8000,0.5178848590055202,8000,0.5178848590055202,0.6307931929646521,0.3692068070353479,0.066,0.0,3.2934460639953613,defect_oracle,1.0,0.7638880137050303,new v22 replay
32000,0,15984,0,0,16016,0,0,8000,8000,0,0,0,8000,0,0.0,0.0,0.0,09e7cdcfb64cb167949f480b95fd4ee862cb7bc86af83e3eb4abd379645d7ed4,300,8,1000,1010,assigned_level_sensitivity,dynamic,periodic,0.0,False,1,True,,True,1.0,25.0,0.0,0.0,0.0,0,8000,0,0.0,0,0.6846411963035135,0.3426629187499085,0.6884000000000013,16016,0.68704759551869,8000,8000,0.5185367622017797,8000,0.5185367622017797,0.6312595197217684,0.3687404802782316,0.066,0.0,3.293416976928711,defect_oracle,1.0,0.7638880137050303,new v22 replay
40000,0,20000,0,0,20000,0,0,10000,10000,0,0,0,10000,0,0.0,0.0,0.0,0879c79e5410a86b4c6c8f1fdc3c55c20d6e58df316f9c40f5977bea042610a8,300,10,1000,101,assigned_level_sensitivity,dynamic,periodic,0.0,False,1,True,,True,1.0,25.0,0.0,0.0,0.0,0,10000,0,0.0,0,0.679985234999756,0.339992617499878,0.6884000000000013,20000,0.6851232965747613,10000,10000,0.5175159736894428,10000,0.5175195612245591,0.6302417414829529,0.36975825851704713,0.066,3.587535116311713e-06,4.5664894580841064,defect_oracle,1.0,0.7638880137050303,new v22 replay
40000,0,20040,0,0,19960,0,0,10000,10000,0,0,0,10000,0,0.0,0.0,0.0,c0ebd097d509da1952b8a8e329305c08f893d0baa9934f52759a9b5d6dbb461c,300,10,1000,202,assigned_level_sensitivity,dynamic,periodic,0.0,False,1,True,,True,1.0,25.0,0.0,0.0,0.0,0,10000,0,0.0,0,0.6796333016029577,0.33913701749987585,0.6884000000000013,19960,0.6846604322849003,10000,10000,0.5167007056135361,10000,0.5167583561162332,0.6318175714889428,0.3681824285110572,0.068,5.765050269712635e-05,4.558027505874634,defect_oracle,1.0,0.7638880137050303,new v22 replay
40000,0,20020,0,0,19980,0,0,10000,10000,0,0,0,10000,0,0.0,0.0,0.0,2167490680566caf210d988c87c3d9f4d0ca9be1a80266655e8180b5e19817c7,300,10,1000,303,assigned_level_sensitivity,dynamic,periodic,0.0,False,1,True,,True,1.0,25.0,0.0,0.0,0.0,0,10000,0,0.0,0,0.6780032732730367,0.3386626349998818,0.6884000000000013,19980,0.6844318679327109,10000,10000,0.5195085777319995,10000,0.5195243148363238,0.6328348891708417,0.36716511082915826,0.066,1.5737104324231588e-05,4.555710792541504,defect_oracle,1.0,0.7638880137050303,new v22 replay
40000,0,20000,0,0,20000,0,0,10000,10000,0,0,0,10000,0,0.0,0.0,0.0,3ff3f464886cdc92ca3f0ec0c71cb08a1933b4c3cc3326f8f6f701f42e55acc5,300,10,1000,404,assigned_level_sensitivity,dynamic,periodic,0.0,False,1,True,,True,1.0,25.0,0.0,0.0,0.0,0,10000,0,0.0,0,0.6793108649997451,0.33965543249987257,0.6884000000000013,20000,0.6848562149429556,10000,10000,0.518309560756435,10000,0.5183214721641296,0.6305601130427163,0.3694398869572837,0.066,1.1911407694631393e-05,4.557011842727661,defect_oracle,1.0,0.7638880137050303,new v22 replay
40000,0,20000,0,0,20000,0,0,10000,10000,0,0,0,10000,0,0.0,0.0,0.0,da04169c10cdfe80c81cf4c79a73278c590b668e6deca365a4eb7a718f403a17,300,10,1000,505,assigned_level_sensitivity,dynamic,periodic,0.0,False,1,True,,True,1.0,25.0,0.0,0.0,0.0,0,10000,0,0.0,0,0.6803726399997504,0.3401863199998752,0.6884000000000013,20000,0.6852755242354266,10000,10000,0.5182434024530748,10000,0.5182455725375213,0.6298039507087466,0.3701960492912534,0.066,2.170084446584397e-06,4.587318420410156,defect_oracle,1.0,0.7638880137050303,new v22 replay
40000,0,20060,0,0,19940,0,0,10000,10000,0,0,0,10000,0,0.0,0.0,0.0,3b7c12899bc5eea1718c845f05946f6dfc6f9f623a4cdbc7d69a0df584f7a18f,300,10,1000,606,assigned_level_sensitivity,dynamic,periodic,0.0,False,1,True,,True,1.0,25.0,0.0,0.0,0.0,0,10000,0,0.0,0,0.6788158475423809,0.33838969999987684,0.6884000000000013,19940,0.683961392097939,10000,10000,0.5166057676285586,10000,0.5168838814532011,0.6304817833357278,0.3695182166642722,0.066,0.0002781138246424897,4.56640100479126,defect_oracle,1.0,0.7638880137050303,new v22 replay
40000,0,20040,0,0,19960,0,0,10000,10000,0,0,0,10000,0,0.0,0.0,0.0,7328a5e1cd7d7efefec87e8942b35cfad078648fc0704f96b8acc45b34fe3267,300,10,1000,707,assigned_level_sensitivity,dynamic,periodic,0.0,False,1,True,,True,1.0,25.0,0.0,0.0,0.0,0,10000,0,0.0,0,0.6786901452903451,0.3386663824998822,0.6884000000000013,19960,0.6842935141902153,10000,10000,0.5150201730931598,10000,0.5151057921257823,0.628007094595959,0.37199290540404095,0.066,8.561903262249704e-05,4.489575386047363,defect_oracle,1.0,0.7638880137050303,new v22 replay
40000,0,20060,0,0,19940,0,0,10000,10000,0,0,0,10000,0,0.0,0.0,0.0,ac5efa6e4b6e3dc404e201805b5e9bcebfa258d080d224626b252a449427d08d,300,10,1000,808,assigned_level_sensitivity,dynamic,periodic,0.0,False,1,True,,True,1.0,25.0,0.0,0.0,0.0,0,10000,0,0.0,0,0.6787621364089798,0.3383629249998764,0.6884000000000013,19940,0.6842949138973258,10000,10000,0.5168322850885618,10000,0.516981389888481,0.62858545105028,0.37141454894972004,0.066,0.00014910479991914194,4.556564569473267,defect_oracle,1.0,0.7638880137050303,new v22 replay
40000,0,20020,0,0,19980,0,0,10000,10000,0,0,0,10000,0,0.0,0.0,0.0,be15ccd98aa1b17fab3c7469b5a90516f5ebc573b771b1debfec3cf376d0c6a8,300,10,1000,909,assigned_level_sensitivity,dynamic,periodic,0.0,False,1,True,,True,1.0,25.0,0.0,0.0,0.0,0,10000,0,0.0,0,0.6803286586584051,0.33982416499987333,0.6884000000000013,19980,0.6851178341692571,10000,10000,0.5181554688791216,10000,0.5181562852076934,0.6317165498232739,0.36828345017672615,0.066,8.163285718509883e-07,4.566749095916748,defect_oracle,1.0,0.7638880137050303,new v22 replay
40000,0,20040,0,0,19960,0,0,10000,10000,0,0,0,10000,0,0.0,0.0,0.0,8f2b59c4184b29316d60634897dd2cbc9dc98d3b9fae45015d776d3a7166366b,300,10,1000,1010,assigned_level_sensitivity,dynamic,periodic,0.0,False,1,True,,True,1.0,25.0,0.0,0.0,0.0,0,10000,0,0.0,0,0.6796479859717033,0.33914434499987994,0.6884000000000013,19960,0.6852686027099071,10000,10000,0.5186474657964504,10000,0.518651523285723,0.6320640219860599,0.36793597801394007,0.066,4.0574892725686595e-06,5.308685302734375,defect_oracle,1.0,0.7638880137050303,new v22 replay
