configuration,total_regions,completed,expired_waiting,admission_infeasible,deadline_misses,thermal_violations,period_ms,lines,epochs,seed,scheduler,total_mandatory,missed_mandatory,mandatory_dmr,mandatory_released,mandatory_completed_on_time,mandatory_completed_late,mandatory_expired,mandatory_allocation_rejected,mandatory_dispatch_infeasible,mandatory_preexecution_failure,mandatory_service_failures,mandatory_on_time_service_rate,mandatory_service_failure_rate,mandatory_completed_job_dmr,mandatory_admitted_failure_rate,all_completed_regions,mandatory_completed_regions,optional_completed_regions,completed_l1,mandatory_completed_l1,optional_completed_l1,completed_l2,mandatory_completed_l2,optional_completed_l2,completed_l3,mandatory_completed_l3,optional_completed_l3,completed_l4,mandatory_completed_l4,optional_completed_l4,completed_l5,mandatory_completed_l5,optional_completed_l5,historical_completed_only_dice,historical_coverage_adjusted_dice,historical_mandatory_effective_dice,on_time_completed_regions,historical_weighted_coverage_utility,images,defective_images,mean_complete_image_dice,completed_only_images,mean_completed_only_dice,pixel_defect_recall,pixel_missed_detection_rate,image_complete_miss_rate,optimism_gap,runtime_seconds,protocol,mandatory_infeasible,optional_skipped,dispatch_infeasible,budget_mode,network_mode,release_mode,priority_overhead_ms,all_regions_mandatory,enable_productive_cooling,overrun_probability,overrun_min_extra,overrun_max_extra,forced_overrun_count
EDF-FixedL3,16000,10000,0,6000,0,0,100,4,1000,101,edf_fixed_l3,4000,1456,0.364,4000,2544,0,0,0,1456,1456,1456,0.636,0.364,0.0,0.364,10000,2544,7456,0,0,0,0,0,0,10000,2544,7456,0,0,0,0,0,0,0.6441000000001469,0.4025625000000918,0.40964759999998984,10000,0.4060177472542414,4000,4000,0.339900463558989,2776,0.518220001700091,0.4205269991034492,0.5794730008965507,0.366,0.17831953814110196,0.1075127124786377,frozen_v8_calibrated_2x2_semantic_replay,,,,,,,,,,,,,
EDF-FixedL3,16000,10000,0,6000,0,0,100,4,1000,202,edf_fixed_l3,4000,1448,0.362,4000,2552,0,0,0,1448,1448,1448,0.638,0.362,0.0,0.362,10000,2552,7448,0,0,0,0,0,0,10000,2552,7448,0,0,0,0,0,0,0.6441000000001469,0.4025625000000918,0.4109357999999898,10000,0.40562360393432345,4000,4000,0.3394865300697277,2816,0.514811636857231,0.39619401534002785,0.6038059846599722,0.37,0.1753251067875033,0.1196596622467041,frozen_v8_calibrated_2x2_semantic_replay,,,,,,,,,,,,,
EDF-FixedL3,16000,10000,0,6000,0,0,100,4,1000,303,edf_fixed_l3,4000,1416,0.354,4000,2584,0,0,0,1416,1416,1416,0.646,0.354,0.0,0.354,10000,2584,7416,0,0,0,0,0,0,10000,2584,7416,0,0,0,0,0,0,0.6441000000001469,0.4025625000000918,0.41608859999998965,10000,0.404700705988569,4000,4000,0.34013213073183624,2800,0.5186361958687886,0.39300593114882226,0.6069940688511777,0.376,0.17850406513695238,0.10426926612854004,frozen_v8_calibrated_2x2_semantic_replay,,,,,,,,,,,,,
EDF-FixedL3,16000,10000,0,6000,0,0,100,4,1000,404,edf_fixed_l3,4000,1432,0.358,4000,2568,0,0,0,1432,1432,1432,0.642,0.358,0.0,0.358,10000,2568,7432,0,0,0,0,0,0,10000,2568,7432,0,0,0,0,0,0,0.6441000000001469,0.4025625000000918,0.4135121999999897,10000,0.4042890174753327,4000,4000,0.34915798966690964,2800,0.5331927358576122,0.3974896742521112,0.6025103257478888,0.366,0.18403474619070254,0.12359833717346191,frozen_v8_calibrated_2x2_semantic_replay,,,,,,,,,,,,,
EDF-FixedL3,16000,10000,0,6000,0,0,100,4,1000,505,edf_fixed_l3,4000,1440,0.36,4000,2560,0,0,0,1440,1440,1440,0.64,0.36,0.0,0.36,10000,2560,7440,0,0,0,0,0,0,10000,2560,7440,0,0,0,0,0,0,0.6441000000001469,0.4025625000000918,0.41222399999998977,10000,0.40405352530188426,4000,4000,0.33675800633728425,2784,0.5097186276668539,0.40390590181330427,0.5960940981866958,0.364,0.17296062132956969,0.11898469924926758,frozen_v8_calibrated_2x2_semantic_replay,,,,,,,,,,,,,
EDF-FixedL3,16000,10000,0,6000,0,0,100,4,1000,606,edf_fixed_l3,4000,1464,0.366,4000,2536,0,0,0,1464,1464,1464,0.634,0.366,0.0,0.366,10000,2536,7464,0,0,0,0,0,0,10000,2536,7464,0,0,0,0,0,0,0.6441000000001469,0.4025625000000918,0.4083593999999899,10000,0.40400101275811073,4000,4000,0.3450492347119576,2832,0.5150419035238174,0.38065435102440637,0.6193456489755936,0.356,0.16999266881185982,0.11962342262268066,frozen_v8_calibrated_2x2_semantic_replay,,,,,,,,,,,,,
EDF-FixedL3,16000,10000,0,6000,0,0,100,4,1000,707,edf_fixed_l3,4000,1408,0.352,4000,2592,0,0,0,1408,1408,1408,0.648,0.352,0.0,0.352,10000,2592,7408,0,0,0,0,0,0,10000,2592,7408,0,0,0,0,0,0,0.6441000000001469,0.4025625000000918,0.4173767999999896,10000,0.405197395188177,4000,4000,0.34652863371769943,2808,0.5192812719946157,0.4260144471862177,0.5739855528137823,0.358,0.17275263827691628,0.11719107627868652,frozen_v8_calibrated_2x2_semantic_replay,,,,,,,,,,,,,
EDF-FixedL3,16000,10000,0,6000,0,0,100,4,1000,808,edf_fixed_l3,4000,1464,0.366,4000,2536,0,0,0,1464,1464,1464,0.634,0.366,0.0,0.366,10000,2536,7464,0,0,0,0,0,0,10000,2536,7464,0,0,0,0,0,0,0.6441000000001469,0.4025625000000918,0.4083593999999899,10000,0.4008045609986729,4000,4000,0.33537717513323523,2784,0.5079716208346382,0.41322543072065887,0.5867745692793411,0.372,0.17259444570140298,0.12151002883911133,frozen_v8_calibrated_2x2_semantic_replay,,,,,,,,,,,,,
EDF-FixedL3,16000,10000,0,6000,0,0,100,4,1000,909,edf_fixed_l3,4000,1368,0.342,4000,2632,0,0,0,1368,1368,1368,0.658,0.342,0.0,0.342,10000,2632,7368,0,0,0,0,0,0,10000,2632,7368,0,0,0,0,0,0,0.6441000000001469,0.4025625000000918,0.4238177999999894,10000,0.40434874639238455,4000,4000,0.34922726701449436,2816,0.5213664177302433,0.4133274744723707,0.5866725255276293,0.362,0.17213915071574892,0.12158203125,frozen_v8_calibrated_2x2_semantic_replay,,,,,,,,,,,,,
EDF-FixedL3,16000,10000,0,6000,0,0,100,4,1000,1010,edf_fixed_l3,4000,1432,0.358,4000,2568,0,0,0,1432,1432,1432,0.642,0.358,0.0,0.358,10000,2568,7432,0,0,0,0,0,0,10000,2568,7432,0,0,0,0,0,0,0.6441000000001469,0.4025625000000918,0.4135121999999897,10000,0.4046350834302056,4000,4000,0.3397611507050946,2832,0.513330231116244,0.39950417287233625,0.6004958271276637,0.354,0.17356908041114938,0.12128710746765137,frozen_v8_calibrated_2x2_semantic_replay,,,,,,,,,,,,,
EDF-FixedL3,24000,10000,0,14000,0,0,100,6,1000,101,edf_fixed_l3,6000,3424,0.5706666666666667,6000,2576,0,0,0,3424,3424,3424,0.42933333333333334,0.5706666666666667,0.0,0.5706666666666667,10000,2576,7424,0,0,0,0,0,0,10000,2576,7424,0,0,0,0,0,0,0.6441000000001469,0.2683750000000612,0.2765335999999931,10000,0.27036093572769554,6000,6000,0.22886315531112034,2808,0.5208192505939039,0.2730305590263894,0.7269694409736106,0.5746666666666667,0.29195609528278355,0.15379691123962402,frozen_v8_calibrated_2x2_semantic_replay,,,,,,,,,,,,,
EDF-FixedL3,24000,10000,0,14000,0,0,100,6,1000,202,edf_fixed_l3,6000,3468,0.578,6000,2532,0,0,0,3468,3468,3468,0.422,0.578,0.0,0.578,10000,2532,7468,0,0,0,0,0,0,10000,2532,7468,0,0,0,0,0,0,0.6441000000001469,0.2683750000000612,0.2718101999999933,10000,0.26879410642648177,6000,6000,0.22564635287191057,2808,0.5121876124704347,0.27006247061330907,0.729937529386691,0.5766666666666667,0.28654125959852406,0.15703058242797852,frozen_v8_calibrated_2x2_semantic_replay,,,,,,,,,,,,,
EDF-FixedL3,24000,10000,0,14000,0,0,100,6,1000,303,edf_fixed_l3,6000,3416,0.5693333333333334,6000,2584,0,0,0,3416,3416,3416,0.43066666666666664,0.5693333333333334,0.0,0.5693333333333334,10000,2584,7416,0,0,0,0,0,0,10000,2584,7416,0,0,0,0,0,0,0.6441000000001469,0.2683750000000612,0.2773923999999931,10000,0.270029102529224,6000,6000,0.22483450911976116,2768,0.5187504456890458,0.26337802789212367,0.7366219721078764,0.5833333333333334,0.29391593656928466,0.15691256523132324,frozen_v8_calibrated_2x2_semantic_replay,,,,,,,,,,,,,
EDF-FixedL3,24000,10000,0,14000,0,0,100,6,1000,404,edf_fixed_l3,6000,3436,0.5726666666666667,6000,2564,0,0,0,3436,3436,3436,0.42733333333333334,0.5726666666666667,0.0,0.5726666666666667,10000,2564,7436,0,0,0,0,0,0,10000,2564,7436,0,0,0,0,0,0,0.6441000000001469,0.2683750000000612,0.27524539999999315,10000,0.2694315702639682,6000,6000,0.23308540737260003,2808,0.5289830085758981,0.2750849519728088,0.7249150480271912,0.5746666666666667,0.29589760120329806,0.15735483169555664,frozen_v8_calibrated_2x2_semantic_replay,,,,,,,,,,,,,
EDF-FixedL3,24000,10000,0,14000,0,0,100,6,1000,505,edf_fixed_l3,6000,3452,0.5753333333333334,6000,2548,0,0,0,3452,3452,3452,0.4246666666666667,0.5753333333333334,0.0,0.5753333333333334,10000,2548,7452,0,0,0,0,0,0,10000,2548,7452,0,0,0,0,0,0,0.6441000000001469,0.2683750000000612,0.2735277999999932,10000,0.2688497212697318,6000,6000,0.23012464489384107,2784,0.5217897955334184,0.2740338243989688,0.7259661756010312,0.578,0.2916651506395773,0.15468049049377441,frozen_v8_calibrated_2x2_semantic_replay,,,,,,,,,,,,,
EDF-FixedL3,24000,10000,0,14000,0,0,100,6,1000,606,edf_fixed_l3,6000,3432,0.572,6000,2568,0,0,0,3432,3432,3432,0.428,0.572,0.0,0.572,10000,2568,7432,0,0,0,0,0,0,10000,2568,7432,0,0,0,0,0,0,0.6441000000001469,0.2683750000000612,0.27567479999999317,10000,0.2700886661936962,6000,6000,0.23191557223695156,2816,0.5220957011661316,0.2807457700268487,0.7192542299731512,0.57,0.29018012892918,0.15497756004333496,frozen_v8_calibrated_2x2_semantic_replay,,,,,,,,,,,,,
EDF-FixedL3,24000,10000,0,14000,0,0,100,6,1000,707,edf_fixed_l3,6000,3440,0.5733333333333334,6000,2560,0,0,0,3440,3440,3440,0.4266666666666667,0.5733333333333334,0.0,0.5733333333333334,10000,2560,7440,0,0,0,0,0,0,10000,2560,7440,0,0,0,0,0,0,0.6441000000001469,0.2683750000000612,0.2748159999999932,10000,0.2692367402046802,6000,6000,0.2310704133643586,2824,0.5174721840573604,0.27675246337160964,0.7232475366283904,0.5753333333333334,0.28640177069300177,0.16538715362548828,frozen_v8_calibrated_2x2_semantic_replay,,,,,,,,,,,,,
EDF-FixedL3,24000,10000,0,14000,0,0,100,6,1000,808,edf_fixed_l3,6000,3456,0.576,6000,2544,0,0,0,3456,3456,3456,0.424,0.576,0.0,0.576,10000,2544,7456,0,0,0,0,0,0,10000,2544,7456,0,0,0,0,0,0,0.6441000000001469,0.2683750000000612,0.27309839999999325,10000,0.26898021828695984,6000,6000,0.23117786176202954,2800,0.5228170307169877,0.28213325183021404,0.717866748169786,0.5746666666666667,0.2916391689549582,0.1555023193359375,frozen_v8_calibrated_2x2_semantic_replay,,,,,,,,,,,,,
EDF-FixedL3,24000,10000,0,14000,0,0,100,6,1000,909,edf_fixed_l3,6000,3392,0.5653333333333334,6000,2608,0,0,0,3392,3392,3392,0.43466666666666665,0.5653333333333334,0.0,0.5653333333333334,10000,2608,7392,0,0,0,0,0,0,10000,2608,7392,0,0,0,0,0,0,0.6441000000001469,0.2683750000000612,0.279968799999993,10000,0.2704593439775917,6000,6000,0.22848212518078936,2804,0.5118338190827479,0.277166875301354,0.722833124698646,0.5813333333333334,0.2833516939019586,0.15655279159545898,frozen_v8_calibrated_2x2_semantic_replay,,,,,,,,,,,,,
EDF-FixedL3,24000,10000,0,14000,0,0,100,6,1000,1010,edf_fixed_l3,6000,3424,0.5706666666666667,6000,2576,0,0,0,3424,3424,3424,0.42933333333333334,0.5706666666666667,0.0,0.5706666666666667,10000,2576,7424,0,0,0,0,0,0,10000,2576,7424,0,0,0,0,0,0,0.6441000000001469,0.2683750000000612,0.2765335999999931,10000,0.2704903062873576,6000,6000,0.22791636465754603,2800,0.5179277007485891,0.27226918735065214,0.7277308126493478,0.5746666666666667,0.290011336091043,0.1548774242401123,frozen_v8_calibrated_2x2_semantic_replay,,,,,,,,,,,,,
EDF-FixedL3,32000,10000,0,22000,0,0,100,8,1000,101,edf_fixed_l3,8000,5456,0.682,8000,2544,0,0,0,5456,5456,5456,0.318,0.682,0.0,0.682,10000,2544,7456,0,0,0,0,0,0,10000,2544,7456,0,0,0,0,0,0,0.6441000000001469,0.2012812500000459,0.20482379999999492,10000,0.20300887362712003,8000,8000,0.1699502317794944,2776,0.5182200017000912,0.2102634995517246,0.7897365004482754,0.683,0.3482697699205968,0.18813586235046387,frozen_v8_calibrated_2x2_semantic_replay,,,,,,,,,,,,,
EDF-FixedL3,32000,10000,0,22000,0,0,100,8,1000,202,edf_fixed_l3,8000,5448,0.681,8000,2552,0,0,0,5448,5448,5448,0.319,0.681,0.0,0.681,10000,2552,7448,0,0,0,0,0,0,10000,2552,7448,0,0,0,0,0,0,0.6441000000001469,0.2012812500000459,0.2054678999999949,10000,0.20281180196716142,8000,8000,0.16974326503486384,2816,0.5148116368572311,0.19809700767001392,0.8019029923299861,0.685,0.34506837182236727,0.20061135292053223,frozen_v8_calibrated_2x2_semantic_replay,,,,,,,,,,,,,
EDF-FixedL3,32000,10000,0,22000,0,0,100,8,1000,303,edf_fixed_l3,8000,5416,0.677,8000,2584,0,0,0,5416,5416,5416,0.323,0.677,0.0,0.677,10000,2584,7416,0,0,0,0,0,0,10000,2584,7416,0,0,0,0,0,0,0.6441000000001469,0.2012812500000459,0.20804429999999483,10000,0.20235035299428372,8000,8000,0.1700660653659179,2800,0.5186361958687877,0.19650296557441113,0.8034970344255888,0.688,0.34857013050286983,0.20238208770751953,frozen_v8_calibrated_2x2_semantic_replay,,,,,,,,,,,,,
EDF-FixedL3,32000,10000,0,22000,0,0,100,8,1000,404,edf_fixed_l3,8000,5432,0.679,8000,2568,0,0,0,5432,5432,5432,0.321,0.679,0.0,0.679,10000,2568,7432,0,0,0,0,0,0,10000,2568,7432,0,0,0,0,0,0,0.6441000000001469,0.2012812500000459,0.20675609999999486,10000,0.2021445087376656,8000,8000,0.1745789948334546,2800,0.5331927358576126,0.1987448371260556,0.8012551628739444,0.683,0.358613741024158,0.19712090492248535,frozen_v8_calibrated_2x2_semantic_replay,,,,,,,,,,,,,
EDF-FixedL3,32000,10000,0,22000,0,0,100,8,1000,505,edf_fixed_l3,8000,5440,0.68,8000,2560,0,0,0,5440,5440,5440,0.32,0.68,0.0,0.68,10000,2560,7440,0,0,0,0,0,0,10000,2560,7440,0,0,0,0,0,0,0.6441000000001469,0.2012812500000459,0.20611199999999488,10000,0.20202676265094155,8000,8000,0.16837900316864227,2784,0.509718627666854,0.20195295090665213,0.7980470490933479,0.682,0.34133962449821176,0.19043827056884766,frozen_v8_calibrated_2x2_semantic_replay,,,,,,,,,,,,,
EDF-FixedL3,32000,10000,0,22000,0,0,100,8,1000,606,edf_fixed_l3,8000,5464,0.683,8000,2536,0,0,0,5464,5464,5464,0.317,0.683,0.0,0.683,10000,2536,7464,0,0,0,0,0,0,10000,2536,7464,0,0,0,0,0,0,0.6441000000001469,0.2012812500000459,0.20417969999999494,10000,0.2020005063790551,8000,8000,0.17252461735597877,2832,0.5150419035238178,0.19032717551220318,0.8096728244877969,0.678,0.34251728616783905,0.2028048038482666,frozen_v8_calibrated_2x2_semantic_replay,,,,,,,,,,,,,
EDF-FixedL3,32000,10000,0,22000,0,0,100,8,1000,707,edf_fixed_l3,8000,5408,0.676,8000,2592,0,0,0,5408,5408,5408,0.324,0.676,0.0,0.676,10000,2592,7408,0,0,0,0,0,0,10000,2592,7408,0,0,0,0,0,0,0.6441000000001469,0.2012812500000459,0.2086883999999948,10000,0.2025986975940882,8000,8000,0.1732643168588498,2808,0.5192812719946162,0.21300722359310886,0.7869927764068911,0.679,0.34601695513576636,0.19308209419250488,frozen_v8_calibrated_2x2_semantic_replay,,,,,,,,,,,,,
EDF-FixedL3,32000,10000,0,22000,0,0,100,8,1000,808,edf_fixed_l3,8000,5464,0.683,8000,2536,0,0,0,5464,5464,5464,0.317,0.683,0.0,0.683,10000,2536,7464,0,0,0,0,0,0,10000,2536,7464,0,0,0,0,0,0,0.6441000000001469,0.2012812500000459,0.20417969999999494,10000,0.2004022804993357,8000,8000,0.16768858756661753,2784,0.507971620834638,0.20661271536032944,0.7933872846396706,0.686,0.34028303326802045,0.20215582847595215,frozen_v8_calibrated_2x2_semantic_replay,,,,,,,,,,,,,
EDF-FixedL3,32000,10000,0,22000,0,0,100,8,1000,909,edf_fixed_l3,8000,5368,0.671,8000,2632,0,0,0,5368,5368,5368,0.329,0.671,0.0,0.671,10000,2632,7368,0,0,0,0,0,0,10000,2632,7368,0,0,0,0,0,0,0.6441000000001469,0.2012812500000459,0.2119088999999947,10000,0.20217437319619153,8000,8000,0.17461363350724696,2816,0.5213664177302431,0.20666373723618536,0.7933362627638146,0.681,0.3467527842229961,0.19918584823608398,frozen_v8_calibrated_2x2_semantic_replay,,,,,,,,,,,,,
EDF-FixedL3,32000,10000,0,22000,0,0,100,8,1000,1010,edf_fixed_l3,8000,5432,0.679,8000,2568,0,0,0,5432,5432,5432,0.321,0.679,0.0,0.679,10000,2568,7432,0,0,0,0,0,0,10000,2568,7432,0,0,0,0,0,0,0.6441000000001469,0.2012812500000459,0.20675609999999486,10000,0.202317541715102,8000,8000,0.1698805753525474,2832,0.5133302311162445,0.19975208643616812,0.8002479135638318,0.677,0.3434496557636971,0.18883991241455078,frozen_v8_calibrated_2x2_semantic_replay,,,,,,,,,,,,,
EDF-FixedL3,40000,10000,0,30000,0,0,100,10,1000,101,edf_fixed_l3,10000,7440,0.744,10000,2560,0,0,0,7440,7440,7440,0.256,0.744,0.0,0.744,10000,2560,7440,0,0,0,0,0,0,10000,2560,7440,0,0,0,0,0,0,0.6441000000001469,0.16102500000003672,0.1648895999999959,10000,0.16087730901041317,10000,10000,0.14388576950032836,2860,0.5327246397463995,0.14938562325529295,0.8506143767447071,0.734,0.3888388702460711,0.22986388206481934,frozen_v8_calibrated_2x2_semantic_replay,,,,,,,,,,,,,
EDF-FixedL3,40000,10000,0,30000,0,0,100,10,1000,202,edf_fixed_l3,10000,7520,0.752,10000,2480,0,0,0,7520,7520,7520,0.248,0.752,0.0,0.752,10000,2480,7520,0,0,0,0,0,0,10000,2480,7520,0,0,0,0,0,0,0.6441000000001469,0.16102500000003672,0.15973679999999607,10000,0.15979559832167772,10000,10000,0.1493970779930484,2860,0.5615819206046861,0.20228863198811148,0.7977113680118886,0.74,0.41218484261163774,0.22900152206420898,frozen_v8_calibrated_2x2_semantic_replay,,,,,,,,,,,,,
EDF-FixedL3,40000,10000,0,30000,0,0,100,10,1000,303,edf_fixed_l3,10000,7340,0.734,10000,2660,0,0,0,7340,7340,7340,0.266,0.734,0.0,0.734,10000,2660,7340,0,0,0,0,0,0,10000,2660,7340,0,0,0,0,0,0,0.6441000000001469,0.16102500000003672,0.1713305999999957,10000,0.1628628575984481,10000,10000,0.12634406670962234,2640,0.5003724952595103,0.13927397766461747,0.8607260223353825,0.766,0.374028428549888,0.22231531143188477,frozen_v8_calibrated_2x2_semantic_replay,,,,,,,,,,,,,
EDF-FixedL3,40000,10000,0,30000,0,0,100,10,1000,404,edf_fixed_l3,10000,7540,0.754,10000,2460,0,0,0,7540,7540,7540,0.246,0.754,0.0,0.754,10000,2460,7540,0,0,0,0,0,0,10000,2460,7540,0,0,0,0,0,0,0.6441000000001469,0.16102500000003672,0.1584485999999961,10000,0.160764047290142,10000,10000,0.13658867197527658,2760,0.522911091145346,0.17472676301805853,0.8252732369819414,0.754,0.3863224191700694,0.22928071022033691,frozen_v8_calibrated_2x2_semantic_replay,,,,,,,,,,,,,
EDF-FixedL3,40000,10000,0,30000,0,0,100,10,1000,505,edf_fixed_l3,10000,7440,0.744,10000,2560,0,0,0,7440,7440,7440,0.256,0.744,0.0,0.744,10000,2560,7440,0,0,0,0,0,0,10000,2560,7440,0,0,0,0,0,0,0.6441000000001469,0.16102500000003672,0.1648895999999959,10000,0.1623775337739403,10000,10000,0.14033237759110445,2740,0.5392233381896063,0.16263911188635788,0.8373608881136421,0.746,0.3988909605985019,0.23038578033447266,frozen_v8_calibrated_2x2_semantic_replay,,,,,,,,,,,,,
EDF-FixedL3,40000,10000,0,30000,0,0,100,10,1000,606,edf_fixed_l3,10000,7400,0.74,10000,2600,0,0,0,7400,7400,7400,0.26,0.74,0.0,0.74,10000,2600,7400,0,0,0,0,0,0,10000,2600,7400,0,0,0,0,0,0,0.6441000000001469,0.16102500000003672,0.1674659999999958,10000,0.16206443075163288,10000,10000,0.1405582683770751,2820,0.520873876350522,0.17102895462605622,0.8289710453739438,0.74,0.3803156079734469,0.22565364837646484,frozen_v8_calibrated_2x2_semantic_replay,,,,,,,,,,,,,
EDF-FixedL3,40000,10000,0,30000,0,0,100,10,1000,707,edf_fixed_l3,10000,7380,0.738,10000,2620,0,0,0,7380,7380,7380,0.262,0.738,0.0,0.738,10000,2620,7380,0,0,0,0,0,0,10000,2620,7380,0,0,0,0,0,0,0.6441000000001469,0.16102500000003672,0.16875419999999577,10000,0.1631815369398891,10000,10000,0.13797780104316065,2860,0.508515665283132,0.15997591833400635,0.8400240816659936,0.742,0.3705378642399713,0.22164511680603027,frozen_v8_calibrated_2x2_semantic_replay,,,,,,,,,,,,,
EDF-FixedL3,40000,10000,0,30000,0,0,100,10,1000,808,edf_fixed_l3,10000,7460,0.746,10000,2540,0,0,0,7460,7460,7460,0.254,0.746,0.0,0.746,10000,2540,7460,0,0,0,0,0,0,10000,2540,7460,0,0,0,0,0,0,0.6441000000001469,0.16102500000003672,0.16360139999999596,10000,0.161471637172553,10000,10000,0.14289329151863392,2760,0.5534495018771846,0.16301629460674044,0.8369837053932596,0.748,0.4105562103585506,0.22548532485961914,frozen_v8_calibrated_2x2_semantic_replay,,,,,,,,,,,,,
EDF-FixedL3,40000,10000,0,30000,0,0,100,10,1000,909,edf_fixed_l3,10000,7520,0.752,10000,2480,0,0,0,7520,7520,7520,0.248,0.752,0.0,0.752,10000,2480,7520,0,0,0,0,0,0,10000,2480,7520,0,0,0,0,0,0,0.6441000000001469,0.16102500000003672,0.15973679999999607,10000,0.15973984139543007,10000,10000,0.14097794627243046,2760,0.5380327808639199,0.16463457003271748,0.8353654299672826,0.746,0.3970548345914895,0.24622154235839844,frozen_v8_calibrated_2x2_semantic_replay,,,,,,,,,,,,,
EDF-FixedL3,40000,10000,0,30000,0,0,100,10,1000,1010,edf_fixed_l3,10000,7400,0.74,10000,2600,0,0,0,7400,7400,7400,0.26,0.74,0.0,0.74,10000,2600,7400,0,0,0,0,0,0,10000,2600,7400,0,0,0,0,0,0,0.6441000000001469,0.16102500000003672,0.1674659999999958,10000,0.16434481974768678,10000,10000,0.14714587091973372,2800,0.5525384028601076,0.1679551132780434,0.8320448867219565,0.74,0.40539253194037383,0.21324849128723145,frozen_v8_calibrated_2x2_semantic_replay,,,,,,,,,,,,,
EDF-FixedL3,16000,16000,0,0,0,0,150,4,1000,101,edf_fixed_l3,4000,0,0.0,4000,4000,0,0,0,0,0,0,1.0,0.0,0.0,0.0,16000,4000,12000,0,0,0,0,0,0,16000,4000,12000,0,0,0,0,0,0,0.6441000000000685,0.6441000000000685,0.6440999999999828,16000,0.6441000000000018,4000,4000,0.5365712329758283,4000,0.5365712329758283,0.6530537993946778,0.3469462006053222,0.056,0.0,0.1535329818725586,frozen_v8_calibrated_2x2_semantic_replay,,,,,,,,,,,,,
EDF-FixedL3,16000,16000,0,0,0,0,150,4,1000,202,edf_fixed_l3,4000,0,0.0,4000,4000,0,0,0,0,0,0,1.0,0.0,0.0,0.0,16000,4000,12000,0,0,0,0,0,0,16000,4000,12000,0,0,0,0,0,0,0.6441000000000685,0.6441000000000685,0.6440999999999828,16000,0.6441000000000018,4000,4000,0.5365712329758271,4000,0.5365712329758271,0.6530537993946778,0.3469462006053222,0.056,0.0,0.1503591537475586,frozen_v8_calibrated_2x2_semantic_replay,,,,,,,,,,,,,
EDF-FixedL3,16000,16000,0,0,0,0,150,4,1000,303,edf_fixed_l3,4000,0,0.0,4000,4000,0,0,0,0,0,0,1.0,0.0,0.0,0.0,16000,4000,12000,0,0,0,0,0,0,16000,4000,12000,0,0,0,0,0,0,0.6441000000000685,0.6441000000000685,0.6440999999999828,16000,0.644100000000003,4000,4000,0.5365712329758282,4000,0.5365712329758282,0.6530537993946778,0.3469462006053222,0.056,0.0,0.15122056007385254,frozen_v8_calibrated_2x2_semantic_replay,,,,,,,,,,,,,
EDF-FixedL3,16000,16000,0,0,0,0,150,4,1000,404,edf_fixed_l3,4000,0,0.0,4000,4000,0,0,0,0,0,0,1.0,0.0,0.0,0.0,16000,4000,12000,0,0,0,0,0,0,16000,4000,12000,0,0,0,0,0,0,0.6441000000000685,0.6441000000000685,0.6440999999999828,16000,0.6441000000000023,4000,4000,0.5365712329758273,4000,0.5365712329758273,0.6530537993946778,0.3469462006053222,0.056,0.0,0.15360808372497559,frozen_v8_calibrated_2x2_semantic_replay,,,,,,,,,,,,,
EDF-FixedL3,16000,16000,0,0,0,0,150,4,1000,505,edf_fixed_l3,4000,0,0.0,4000,4000,0,0,0,0,0,0,1.0,0.0,0.0,0.0,16000,4000,12000,0,0,0,0,0,0,16000,4000,12000,0,0,0,0,0,0,0.6441000000000685,0.6441000000000685,0.6440999999999828,16000,0.6441000000000021,4000,4000,0.536571232975828,4000,0.536571232975828,0.6530537993946778,0.3469462006053222,0.056,0.0,0.1488792896270752,frozen_v8_calibrated_2x2_semantic_replay,,,,,,,,,,,,,
EDF-FixedL3,16000,16000,0,0,0,0,150,4,1000,606,edf_fixed_l3,4000,0,0.0,4000,4000,0,0,0,0,0,0,1.0,0.0,0.0,0.0,16000,4000,12000,0,0,0,0,0,0,16000,4000,12000,0,0,0,0,0,0,0.6441000000000685,0.6441000000000685,0.6440999999999828,16000,0.6441000000000017,4000,4000,0.5365712329758265,4000,0.5365712329758265,0.6530537993946778,0.3469462006053222,0.056,0.0,0.1505262851715088,frozen_v8_calibrated_2x2_semantic_replay,,,,,,,,,,,,,
EDF-FixedL3,16000,16000,0,0,0,0,150,4,1000,707,edf_fixed_l3,4000,0,0.0,4000,4000,0,0,0,0,0,0,1.0,0.0,0.0,0.0,16000,4000,12000,0,0,0,0,0,0,16000,4000,12000,0,0,0,0,0,0,0.6441000000000685,0.6441000000000685,0.6440999999999828,16000,0.6441000000000012,4000,4000,0.5365712329758282,4000,0.5365712329758282,0.6530537993946778,0.3469462006053222,0.056,0.0,0.14916014671325684,frozen_v8_calibrated_2x2_semantic_replay,,,,,,,,,,,,,
EDF-FixedL3,16000,16000,0,0,0,0,150,4,1000,808,edf_fixed_l3,4000,0,0.0,4000,4000,0,0,0,0,0,0,1.0,0.0,0.0,0.0,16000,4000,12000,0,0,0,0,0,0,16000,4000,12000,0,0,0,0,0,0,0.6441000000000685,0.6441000000000685,0.6440999999999828,16000,0.6441000000000021,4000,4000,0.5365712329758269,4000,0.5365712329758269,0.6530537993946778,0.3469462006053222,0.056,0.0,0.15102720260620117,frozen_v8_calibrated_2x2_semantic_replay,,,,,,,,,,,,,
EDF-FixedL3,16000,16000,0,0,0,0,150,4,1000,909,edf_fixed_l3,4000,0,0.0,4000,4000,0,0,0,0,0,0,1.0,0.0,0.0,0.0,16000,4000,12000,0,0,0,0,0,0,16000,4000,12000,0,0,0,0,0,0,0.6441000000000685,0.6441000000000685,0.6440999999999828,16000,0.6441000000000002,4000,4000,0.5365712329758268,4000,0.5365712329758268,0.6530537993946778,0.3469462006053222,0.056,0.0,0.1558210849761963,frozen_v8_calibrated_2x2_semantic_replay,,,,,,,,,,,,,
EDF-FixedL3,16000,16000,0,0,0,0,150,4,1000,1010,edf_fixed_l3,4000,0,0.0,4000,4000,0,0,0,0,0,0,1.0,0.0,0.0,0.0,16000,4000,12000,0,0,0,0,0,0,16000,4000,12000,0,0,0,0,0,0,0.6441000000000685,0.6441000000000685,0.6440999999999828,16000,0.644100000000003,4000,4000,0.5365712329758273,4000,0.5365712329758273,0.6530537993946778,0.3469462006053222,0.056,0.0,0.14602375030517578,frozen_v8_calibrated_2x2_semantic_replay,,,,,,,,,,,,,
EDF-FixedL3,24000,16000,0,8000,0,0,150,6,1000,101,edf_fixed_l3,6000,2000,0.3333333333333333,6000,4000,0,0,0,2000,2000,2000,0.6666666666666666,0.3333333333333333,0.0,0.3333333333333333,16000,4000,12000,0,0,0,0,0,0,16000,4000,12000,0,0,0,0,0,0,0.6441000000000685,0.42940000000004563,0.4293999999999885,16000,0.42940000000000067,6000,6000,0.3577141553172184,4000,0.5365712329758275,0.4353691995964519,0.5646308004035481,0.37066666666666664,0.17885707765860914,0.18628358840942383,frozen_v8_calibrated_2x2_semantic_replay,,,,,,,,,,,,,
EDF-FixedL3,24000,16000,0,8000,0,0,150,6,1000,202,edf_fixed_l3,6000,2000,0.3333333333333333,6000,4000,0,0,0,2000,2000,2000,0.6666666666666666,0.3333333333333333,0.0,0.3333333333333333,16000,4000,12000,0,0,0,0,0,0,16000,4000,12000,0,0,0,0,0,0,0.6441000000000685,0.42940000000004563,0.4293999999999885,16000,0.4294000000000009,6000,6000,0.35771415531721823,4000,0.5365712329758273,0.4353691995964519,0.5646308004035481,0.37066666666666664,0.1788570776586091,0.1851511001586914,frozen_v8_calibrated_2x2_semantic_replay,,,,,,,,,,,,,
EDF-FixedL3,24000,16000,0,8000,0,0,150,6,1000,303,edf_fixed_l3,6000,2000,0.3333333333333333,6000,4000,0,0,0,2000,2000,2000,0.6666666666666666,0.3333333333333333,0.0,0.3333333333333333,16000,4000,12000,0,0,0,0,0,0,16000,4000,12000,0,0,0,0,0,0,0.6441000000000685,0.42940000000004563,0.4293999999999885,16000,0.4293999999999995,6000,6000,0.3577141553172187,4000,0.536571232975828,0.4353691995964519,0.5646308004035481,0.37066666666666664,0.1788570776586093,0.17800641059875488,frozen_v8_calibrated_2x2_semantic_replay,,,,,,,,,,,,,
EDF-FixedL3,24000,16000,0,8000,0,0,150,6,1000,404,edf_fixed_l3,6000,2000,0.3333333333333333,6000,4000,0,0,0,2000,2000,2000,0.6666666666666666,0.3333333333333333,0.0,0.3333333333333333,16000,4000,12000,0,0,0,0,0,0,16000,4000,12000,0,0,0,0,0,0,0.6441000000000685,0.42940000000004563,0.4293999999999885,16000,0.42940000000000067,6000,6000,0.3577141553172188,4000,0.5365712329758281,0.4353691995964519,0.5646308004035481,0.37066666666666664,0.1788570776586093,0.18928933143615723,frozen_v8_calibrated_2x2_semantic_replay,,,,,,,,,,,,,
EDF-FixedL3,24000,16000,0,8000,0,0,150,6,1000,505,edf_fixed_l3,6000,2000,0.3333333333333333,6000,4000,0,0,0,2000,2000,2000,0.6666666666666666,0.3333333333333333,0.0,0.3333333333333333,16000,4000,12000,0,0,0,0,0,0,16000,4000,12000,0,0,0,0,0,0,0.6441000000000685,0.42940000000004563,0.4293999999999885,16000,0.4294000000000003,6000,6000,0.35771415531721845,4000,0.5365712329758276,0.4353691995964519,0.5646308004035481,0.37066666666666664,0.1788570776586092,0.18396353721618652,frozen_v8_calibrated_2x2_semantic_replay,,,,,,,,,,,,,
EDF-FixedL3,24000,16000,0,8000,0,0,150,6,1000,606,edf_fixed_l3,6000,2000,0.3333333333333333,6000,4000,0,0,0,2000,2000,2000,0.6666666666666666,0.3333333333333333,0.0,0.3333333333333333,16000,4000,12000,0,0,0,0,0,0,16000,4000,12000,0,0,0,0,0,0,0.6441000000000685,0.42940000000004563,0.4293999999999885,16000,0.42940000000000084,6000,6000,0.35771415531721784,4000,0.5365712329758268,0.4353691995964519,0.5646308004035481,0.37066666666666664,0.17885707765860892,0.18203997611999512,frozen_v8_calibrated_2x2_semantic_replay,,,,,,,,,,,,,
EDF-FixedL3,24000,16000,0,8000,0,0,150,6,1000,707,edf_fixed_l3,6000,2000,0.3333333333333333,6000,4000,0,0,0,2000,2000,2000,0.6666666666666666,0.3333333333333333,0.0,0.3333333333333333,16000,4000,12000,0,0,0,0,0,0,16000,4000,12000,0,0,0,0,0,0,0.6441000000000685,0.42940000000004563,0.4293999999999885,16000,0.4294000000000007,6000,6000,0.35771415531721845,4000,0.5365712329758276,0.4353691995964519,0.5646308004035481,0.37066666666666664,0.1788570776586092,0.18253207206726074,frozen_v8_calibrated_2x2_semantic_replay,,,,,,,,,,,,,
EDF-FixedL3,24000,16000,0,8000,0,0,150,6,1000,808,edf_fixed_l3,6000,2000,0.3333333333333333,6000,4000,0,0,0,2000,2000,2000,0.6666666666666666,0.3333333333333333,0.0,0.3333333333333333,16000,4000,12000,0,0,0,0,0,0,16000,4000,12000,0,0,0,0,0,0,0.6441000000000685,0.42940000000004563,0.4293999999999885,16000,0.42940000000000017,6000,6000,0.35771415531721884,4000,0.5365712329758282,0.4353691995964519,0.5646308004035481,0.37066666666666664,0.17885707765860936,0.19304656982421875,frozen_v8_calibrated_2x2_semantic_replay,,,,,,,,,,,,,
EDF-FixedL3,24000,16000,0,8000,0,0,150,6,1000,909,edf_fixed_l3,6000,2000,0.3333333333333333,6000,4000,0,0,0,2000,2000,2000,0.6666666666666666,0.3333333333333333,0.0,0.3333333333333333,16000,4000,12000,0,0,0,0,0,0,16000,4000,12000,0,0,0,0,0,0,0.6441000000000685,0.42940000000004563,0.4293999999999885,16000,0.42940000000000056,6000,6000,0.35771415531721845,4000,0.5365712329758276,0.4353691995964519,0.5646308004035481,0.37066666666666664,0.1788570776586092,0.18609952926635742,frozen_v8_calibrated_2x2_semantic_replay,,,,,,,,,,,,,
EDF-FixedL3,24000,16000,0,8000,0,0,150,6,1000,1010,edf_fixed_l3,6000,2000,0.3333333333333333,6000,4000,0,0,0,2000,2000,2000,0.6666666666666666,0.3333333333333333,0.0,0.3333333333333333,16000,4000,12000,0,0,0,0,0,0,16000,4000,12000,0,0,0,0,0,0,0.6441000000000685,0.42940000000004563,0.4293999999999885,16000,0.42940000000000045,6000,6000,0.3577141553172186,4000,0.5365712329758279,0.4353691995964519,0.5646308004035481,0.37066666666666664,0.17885707765860925,0.18985366821289062,frozen_v8_calibrated_2x2_semantic_replay,,,,,,,,,,,,,
EDF-FixedL3,32000,16000,0,16000,0,0,150,8,1000,101,edf_fixed_l3,8000,4000,0.5,8000,4000,0,0,0,4000,4000,4000,0.5,0.5,0.0,0.5,16000,4000,12000,0,0,0,0,0,0,16000,4000,12000,0,0,0,0,0,0,0.6441000000000685,0.32205000000003425,0.3220499999999914,16000,0.3220499999999992,8000,8000,0.26828561648791366,4000,0.5365712329758273,0.3265268996973389,0.673473100302661,0.528,0.26828561648791366,0.22104096412658691,frozen_v8_calibrated_2x2_semantic_replay,,,,,,,,,,,,,
EDF-FixedL3,32000,16000,0,16000,0,0,150,8,1000,202,edf_fixed_l3,8000,4000,0.5,8000,4000,0,0,0,4000,4000,4000,0.5,0.5,0.0,0.5,16000,4000,12000,0,0,0,0,0,0,16000,4000,12000,0,0,0,0,0,0,0.6441000000000685,0.32205000000003425,0.3220499999999914,16000,0.32204999999999984,8000,8000,0.26828561648791377,4000,0.5365712329758275,0.3265268996973389,0.673473100302661,0.528,0.26828561648791377,0.22854137420654297,frozen_v8_calibrated_2x2_semantic_replay,,,,,,,,,,,,,
EDF-FixedL3,32000,16000,0,16000,0,0,150,8,1000,303,edf_fixed_l3,8000,4000,0.5,8000,4000,0,0,0,4000,4000,4000,0.5,0.5,0.0,0.5,16000,4000,12000,0,0,0,0,0,0,16000,4000,12000,0,0,0,0,0,0,0.6441000000000685,0.32205000000003425,0.3220499999999914,16000,0.3220499999999996,8000,8000,0.268285616487914,4000,0.536571232975828,0.3265268996973389,0.673473100302661,0.528,0.268285616487914,0.2212846279144287,frozen_v8_calibrated_2x2_semantic_replay,,,,,,,,,,,,,
EDF-FixedL3,32000,16000,0,16000,0,0,150,8,1000,404,edf_fixed_l3,8000,4000,0.5,8000,4000,0,0,0,4000,4000,4000,0.5,0.5,0.0,0.5,16000,4000,12000,0,0,0,0,0,0,16000,4000,12000,0,0,0,0,0,0,0.6441000000000685,0.32205000000003425,0.3220499999999914,16000,0.3220500000000001,8000,8000,0.2682856164879137,4000,0.5365712329758274,0.3265268996973389,0.673473100302661,0.528,0.2682856164879137,0.22904753684997559,frozen_v8_calibrated_2x2_semantic_replay,,,,,,,,,,,,,
EDF-FixedL3,32000,16000,0,16000,0,0,150,8,1000,505,edf_fixed_l3,8000,4000,0.5,8000,4000,0,0,0,4000,4000,4000,0.5,0.5,0.0,0.5,16000,4000,12000,0,0,0,0,0,0,16000,4000,12000,0,0,0,0,0,0,0.6441000000000685,0.32205000000003425,0.3220499999999914,16000,0.3220500000000001,8000,8000,0.2682856164879139,4000,0.5365712329758278,0.3265268996973389,0.673473100302661,0.528,0.2682856164879139,0.226881742477417,frozen_v8_calibrated_2x2_semantic_replay,,,,,,,,,,,,,
EDF-FixedL3,32000,16000,0,16000,0,0,150,8,1000,606,edf_fixed_l3,8000,4000,0.5,8000,4000,0,0,0,4000,4000,4000,0.5,0.5,0.0,0.5,16000,4000,12000,0,0,0,0,0,0,16000,4000,12000,0,0,0,0,0,0,0.6441000000000685,0.32205000000003425,0.3220499999999914,16000,0.3220500000000005,8000,8000,0.26828561648791344,4000,0.5365712329758269,0.3265268996973389,0.673473100302661,0.528,0.26828561648791344,0.2774214744567871,frozen_v8_calibrated_2x2_semantic_replay,,,,,,,,,,,,,
EDF-FixedL3,32000,16000,0,16000,0,0,150,8,1000,707,edf_fixed_l3,8000,4000,0.5,8000,4000,0,0,0,4000,4000,4000,0.5,0.5,0.0,0.5,16000,4000,12000,0,0,0,0,0,0,16000,4000,12000,0,0,0,0,0,0,0.6441000000000685,0.32205000000003425,0.3220499999999914,16000,0.32205000000000034,8000,8000,0.26828561648791366,4000,0.5365712329758273,0.3265268996973389,0.673473100302661,0.528,0.26828561648791366,0.23420429229736328,frozen_v8_calibrated_2x2_semantic_replay,,,,,,,,,,,,,
EDF-FixedL3,32000,16000,0,16000,0,0,150,8,1000,808,edf_fixed_l3,8000,4000,0.5,8000,4000,0,0,0,4000,4000,4000,0.5,0.5,0.0,0.5,16000,4000,12000,0,0,0,0,0,0,16000,4000,12000,0,0,0,0,0,0,0.6441000000000685,0.32205000000003425,0.3220499999999914,16000,0.3220500000000003,8000,8000,0.2682856164879138,4000,0.5365712329758276,0.3265268996973389,0.673473100302661,0.528,0.2682856164879138,0.24459242820739746,frozen_v8_calibrated_2x2_semantic_replay,,,,,,,,,,,,,
EDF-FixedL3,32000,16000,0,16000,0,0,150,8,1000,909,edf_fixed_l3,8000,4000,0.5,8000,4000,0,0,0,4000,4000,4000,0.5,0.5,0.0,0.5,16000,4000,12000,0,0,0,0,0,0,16000,4000,12000,0,0,0,0,0,0,0.6441000000000685,0.32205000000003425,0.3220499999999914,16000,0.32205000000000017,8000,8000,0.2682856164879141,4000,0.5365712329758282,0.3265268996973389,0.673473100302661,0.528,0.2682856164879141,0.23584771156311035,frozen_v8_calibrated_2x2_semantic_replay,,,,,,,,,,,,,
EDF-FixedL3,32000,16000,0,16000,0,0,150,8,1000,1010,edf_fixed_l3,8000,4000,0.5,8000,4000,0,0,0,4000,4000,4000,0.5,0.5,0.0,0.5,16000,4000,12000,0,0,0,0,0,0,16000,4000,12000,0,0,0,0,0,0,0.6441000000000685,0.32205000000003425,0.3220499999999914,16000,0.32204999999999984,8000,8000,0.2682856164879139,4000,0.5365712329758278,0.3265268996973389,0.673473100302661,0.528,0.2682856164879139,0.2564706802368164,frozen_v8_calibrated_2x2_semantic_replay,,,,,,,,,,,,,
EDF-FixedL3,40000,16000,0,24000,0,0,150,10,1000,101,edf_fixed_l3,10000,6000,0.6,10000,4000,0,0,0,6000,6000,6000,0.4,0.6,0.0,0.6,16000,4000,12000,0,0,0,0,0,0,16000,4000,12000,0,0,0,0,0,0,0.6441000000000685,0.2576400000000274,0.2576399999999931,16000,0.25763999999999754,10000,10000,0.21531907089977953,4000,0.5382976772494489,0.23115077574270007,0.7688492242573,0.616,0.32297860634966935,0.26387763023376465,frozen_v8_calibrated_2x2_semantic_replay,,,,,,,,,,,,,
EDF-FixedL3,40000,16000,0,24000,0,0,150,10,1000,202,edf_fixed_l3,10000,6000,0.6,10000,4000,0,0,0,6000,6000,6000,0.4,0.6,0.0,0.6,16000,4000,12000,0,0,0,0,0,0,16000,4000,12000,0,0,0,0,0,0,0.6441000000000685,0.2576400000000274,0.2576399999999931,16000,0.25763999999999954,10000,10000,0.22664283079543998,4000,0.5666070769885999,0.29716566473385253,0.7028343352661475,0.616,0.3399642461931599,0.2684926986694336,frozen_v8_calibrated_2x2_semantic_replay,,,,,,,,,,,,,
EDF-FixedL3,40000,16000,0,24000,0,0,150,10,1000,303,edf_fixed_l3,10000,6000,0.6,10000,4000,0,0,0,6000,6000,6000,0.4,0.6,0.0,0.6,16000,4000,12000,0,0,0,0,0,0,16000,4000,12000,0,0,0,0,0,0,0.6441000000000685,0.2576400000000274,0.2576399999999931,16000,0.257639999999997,10000,10000,0.21258229813335947,4000,0.5314557453333987,0.24158371902656856,0.7584162809734314,0.624,0.3188734472000392,0.2622711658477783,frozen_v8_calibrated_2x2_semantic_replay,,,,,,,,,,,,,
EDF-FixedL3,40000,16000,0,24000,0,0,150,10,1000,404,edf_fixed_l3,10000,6000,0.6,10000,4000,0,0,0,6000,6000,6000,0.4,0.6,0.0,0.6,16000,4000,12000,0,0,0,0,0,0,16000,4000,12000,0,0,0,0,0,0,0.6441000000000685,0.2576400000000274,0.2576399999999931,16000,0.2576399999999988,10000,10000,0.21418364911310364,4000,0.5354591227827591,0.29022001308764694,0.7097799869123531,0.624,0.3212754736696555,0.2540009021759033,frozen_v8_calibrated_2x2_semantic_replay,,,,,,,,,,,,,
EDF-FixedL3,40000,16000,0,24000,0,0,150,10,1000,505,edf_fixed_l3,10000,6000,0.6,10000,4000,0,0,0,6000,6000,6000,0.4,0.6,0.0,0.6,16000,4000,12000,0,0,0,0,0,0,16000,4000,12000,0,0,0,0,0,0,0.6441000000000685,0.2576400000000274,0.2576399999999931,16000,0.25764000000000187,10000,10000,0.21006370567736535,4000,0.5251592641934134,0.24868894797755137,0.7513110520224486,0.63,0.3150955585160481,0.2645988464355469,frozen_v8_calibrated_2x2_semantic_replay,,,,,,,,,,,,,
EDF-FixedL3,40000,16000,0,24000,0,0,150,10,1000,606,edf_fixed_l3,10000,6000,0.6,10000,4000,0,0,0,6000,6000,6000,0.4,0.6,0.0,0.6,16000,4000,12000,0,0,0,0,0,0,16000,4000,12000,0,0,0,0,0,0,0.6441000000000685,0.2576400000000274,0.2576399999999931,16000,0.2576399999999984,10000,10000,0.21243227124332933,4000,0.5310806781083234,0.24953678483547423,0.7504632151645257,0.626,0.31864840686499407,0.2689499855041504,frozen_v8_calibrated_2x2_semantic_replay,,,,,,,,,,,,,
EDF-FixedL3,40000,16000,0,24000,0,0,150,10,1000,707,edf_fixed_l3,10000,6000,0.6,10000,4000,0,0,0,6000,6000,6000,0.4,0.6,0.0,0.6,16000,4000,12000,0,0,0,0,0,0,16000,4000,12000,0,0,0,0,0,0,0.6441000000000685,0.2576400000000274,0.2576399999999931,16000,0.25763999999999904,10000,10000,0.2125779640776409,4000,0.5314449101941022,0.23523796594656585,0.7647620340534341,0.624,0.3188669461164613,0.2628669738769531,frozen_v8_calibrated_2x2_semantic_replay,,,,,,,,,,,,,
EDF-FixedL3,40000,16000,0,24000,0,0,150,10,1000,808,edf_fixed_l3,10000,6000,0.6,10000,4000,0,0,0,6000,6000,6000,0.4,0.6,0.0,0.6,16000,4000,12000,0,0,0,0,0,0,16000,4000,12000,0,0,0,0,0,0,0.6441000000000685,0.2576400000000274,0.2576399999999931,16000,0.2576400000000006,10000,10000,0.21441280462276846,4000,0.5360320115569212,0.25257312221981265,0.7474268777801873,0.628,0.3216192069341527,0.2677900791168213,frozen_v8_calibrated_2x2_semantic_replay,,,,,,,,,,,,,
EDF-FixedL3,40000,16000,0,24000,0,0,150,10,1000,909,edf_fixed_l3,10000,6000,0.6,10000,4000,0,0,0,6000,6000,6000,0.4,0.6,0.0,0.6,16000,4000,12000,0,0,0,0,0,0,16000,4000,12000,0,0,0,0,0,0,0.6441000000000685,0.2576400000000274,0.2576399999999931,16000,0.25763999999999976,10000,10000,0.2142208004270263,4000,0.5355520010675657,0.2640783491595939,0.7359216508404061,0.624,0.32133120064053944,0.2580134868621826,frozen_v8_calibrated_2x2_semantic_replay,,,,,,,,,,,,,
EDF-FixedL3,40000,16000,0,24000,0,0,150,10,1000,1010,edf_fixed_l3,10000,6000,0.6,10000,4000,0,0,0,6000,6000,6000,0.4,0.6,0.0,0.6,16000,4000,12000,0,0,0,0,0,0,16000,4000,12000,0,0,0,0,0,0,0.6441000000000685,0.2576400000000274,0.2576399999999931,16000,0.2576399999999992,10000,10000,0.22004754374126223,4000,0.5501188593531556,0.26000063797951395,0.7399993620204861,0.622,0.3300713156118934,0.26427769660949707,frozen_v8_calibrated_2x2_semantic_replay,,,,,,,,,,,,,
EDF-FixedL3,16000,16000,0,0,0,0,200,4,1000,101,edf_fixed_l3,4000,0,0.0,4000,4000,0,0,0,0,0,0,1.0,0.0,0.0,0.0,16000,4000,12000,0,0,0,0,0,0,16000,4000,12000,0,0,0,0,0,0,0.6441000000000685,0.6441000000000685,0.6440999999999828,16000,0.6441000000000018,4000,4000,0.5365712329758283,4000,0.5365712329758283,0.6530537993946778,0.3469462006053222,0.056,0.0,0.15735840797424316,frozen_v8_calibrated_2x2_semantic_replay,,,,,,,,,,,,,
EDF-FixedL3,16000,16000,0,0,0,0,200,4,1000,202,edf_fixed_l3,4000,0,0.0,4000,4000,0,0,0,0,0,0,1.0,0.0,0.0,0.0,16000,4000,12000,0,0,0,0,0,0,16000,4000,12000,0,0,0,0,0,0,0.6441000000000685,0.6441000000000685,0.6440999999999828,16000,0.6441000000000018,4000,4000,0.5365712329758271,4000,0.5365712329758271,0.6530537993946778,0.3469462006053222,0.056,0.0,0.15043377876281738,frozen_v8_calibrated_2x2_semantic_replay,,,,,,,,,,,,,
EDF-FixedL3,16000,16000,0,0,0,0,200,4,1000,303,edf_fixed_l3,4000,0,0.0,4000,4000,0,0,0,0,0,0,1.0,0.0,0.0,0.0,16000,4000,12000,0,0,0,0,0,0,16000,4000,12000,0,0,0,0,0,0,0.6441000000000685,0.6441000000000685,0.6440999999999828,16000,0.644100000000003,4000,4000,0.5365712329758282,4000,0.5365712329758282,0.6530537993946778,0.3469462006053222,0.056,0.0,0.14573001861572266,frozen_v8_calibrated_2x2_semantic_replay,,,,,,,,,,,,,
EDF-FixedL3,16000,16000,0,0,0,0,200,4,1000,404,edf_fixed_l3,4000,0,0.0,4000,4000,0,0,0,0,0,0,1.0,0.0,0.0,0.0,16000,4000,12000,0,0,0,0,0,0,16000,4000,12000,0,0,0,0,0,0,0.6441000000000685,0.6441000000000685,0.6440999999999828,16000,0.6441000000000023,4000,4000,0.5365712329758273,4000,0.5365712329758273,0.6530537993946778,0.3469462006053222,0.056,0.0,0.15239548683166504,frozen_v8_calibrated_2x2_semantic_replay,,,,,,,,,,,,,
EDF-FixedL3,16000,16000,0,0,0,0,200,4,1000,505,edf_fixed_l3,4000,0,0.0,4000,4000,0,0,0,0,0,0,1.0,0.0,0.0,0.0,16000,4000,12000,0,0,0,0,0,0,16000,4000,12000,0,0,0,0,0,0,0.6441000000000685,0.6441000000000685,0.6440999999999828,16000,0.6441000000000021,4000,4000,0.536571232975828,4000,0.536571232975828,0.6530537993946778,0.3469462006053222,0.056,0.0,0.1535191535949707,frozen_v8_calibrated_2x2_semantic_replay,,,,,,,,,,,,,
EDF-FixedL3,16000,16000,0,0,0,0,200,4,1000,606,edf_fixed_l3,4000,0,0.0,4000,4000,0,0,0,0,0,0,1.0,0.0,0.0,0.0,16000,4000,12000,0,0,0,0,0,0,16000,4000,12000,0,0,0,0,0,0,0.6441000000000685,0.6441000000000685,0.6440999999999828,16000,0.6441000000000017,4000,4000,0.5365712329758265,4000,0.5365712329758265,0.6530537993946778,0.3469462006053222,0.056,0.0,0.1546332836151123,frozen_v8_calibrated_2x2_semantic_replay,,,,,,,,,,,,,
EDF-FixedL3,16000,16000,0,0,0,0,200,4,1000,707,edf_fixed_l3,4000,0,0.0,4000,4000,0,0,0,0,0,0,1.0,0.0,0.0,0.0,16000,4000,12000,0,0,0,0,0,0,16000,4000,12000,0,0,0,0,0,0,0.6441000000000685,0.6441000000000685,0.6440999999999828,16000,0.6441000000000012,4000,4000,0.5365712329758282,4000,0.5365712329758282,0.6530537993946778,0.3469462006053222,0.056,0.0,0.1499161720275879,frozen_v8_calibrated_2x2_semantic_replay,,,,,,,,,,,,,
EDF-FixedL3,16000,16000,0,0,0,0,200,4,1000,808,edf_fixed_l3,4000,0,0.0,4000,4000,0,0,0,0,0,0,1.0,0.0,0.0,0.0,16000,4000,12000,0,0,0,0,0,0,16000,4000,12000,0,0,0,0,0,0,0.6441000000000685,0.6441000000000685,0.6440999999999828,16000,0.6441000000000021,4000,4000,0.5365712329758269,4000,0.5365712329758269,0.6530537993946778,0.3469462006053222,0.056,0.0,0.15679121017456055,frozen_v8_calibrated_2x2_semantic_replay,,,,,,,,,,,,,
EDF-FixedL3,16000,16000,0,0,0,0,200,4,1000,909,edf_fixed_l3,4000,0,0.0,4000,4000,0,0,0,0,0,0,1.0,0.0,0.0,0.0,16000,4000,12000,0,0,0,0,0,0,16000,4000,12000,0,0,0,0,0,0,0.6441000000000685,0.6441000000000685,0.6440999999999828,16000,0.6441000000000002,4000,4000,0.5365712329758268,4000,0.5365712329758268,0.6530537993946778,0.3469462006053222,0.056,0.0,0.14384889602661133,frozen_v8_calibrated_2x2_semantic_replay,,,,,,,,,,,,,
EDF-FixedL3,16000,16000,0,0,0,0,200,4,1000,1010,edf_fixed_l3,4000,0,0.0,4000,4000,0,0,0,0,0,0,1.0,0.0,0.0,0.0,16000,4000,12000,0,0,0,0,0,0,16000,4000,12000,0,0,0,0,0,0,0.6441000000000685,0.6441000000000685,0.6440999999999828,16000,0.644100000000003,4000,4000,0.5365712329758273,4000,0.5365712329758273,0.6530537993946778,0.3469462006053222,0.056,0.0,0.15327119827270508,frozen_v8_calibrated_2x2_semantic_replay,,,,,,,,,,,,,
EDF-FixedL3,24000,22000,0,2000,0,0,200,6,1000,101,edf_fixed_l3,6000,464,0.07733333333333334,6000,5536,0,0,0,464,464,464,0.9226666666666666,0.07733333333333334,0.0,0.07733333333333334,22000,5536,16464,0,0,0,0,0,0,22000,5536,16464,0,0,0,0,0,0,0.6440999999999204,0.590424999999927,0.5942895999999834,22000,0.5899824157997398,6000,6000,0.4978745263230708,5796,0.5276184515060746,0.6037685905980228,0.3962314094019772,0.108,0.029743925183003783,0.2140815258026123,frozen_v8_calibrated_2x2_semantic_replay,,,,,,,,,,,,,
EDF-FixedL3,24000,22000,0,2000,0,0,200,6,1000,202,edf_fixed_l3,6000,420,0.07,6000,5580,0,0,0,420,420,420,0.93,0.07,0.0,0.07,22000,5580,16420,0,0,0,0,0,0,22000,5580,16420,0,0,0,0,0,0,0.6440999999999204,0.590424999999927,0.5990129999999834,22000,0.5915492451009553,6000,6000,0.49867902089241956,5796,0.5293030258041312,0.6013401471303849,0.39865985286961514,0.106,0.03062400491171169,0.22761869430541992,frozen_v8_calibrated_2x2_semantic_replay,,,,,,,,,,,,,
EDF-FixedL3,24000,22000,0,2000,0,0,200,6,1000,303,edf_fixed_l3,6000,472,0.07866666666666666,6000,5528,0,0,0,472,472,472,0.9213333333333333,0.07866666666666666,0.0,0.07866666666666666,22000,5528,16472,0,0,0,0,0,0,22000,5528,16472,0,0,0,0,0,0,0.6440999999999204,0.590424999999927,0.5934307999999835,22000,0.5903142489982112,6000,6000,0.5005836597313473,5836,0.5271964856461816,0.6021999632763386,0.3978000367236614,0.09866666666666667,0.02661282591483427,0.21535229682922363,frozen_v8_calibrated_2x2_semantic_replay,,,,,,,,,,,,,
EDF-FixedL3,24000,22000,0,2000,0,0,200,6,1000,404,edf_fixed_l3,6000,452,0.07533333333333334,6000,5548,0,0,0,452,452,452,0.9246666666666666,0.07533333333333334,0.0,0.07533333333333334,22000,5548,16452,0,0,0,0,0,0,22000,5548,16452,0,0,0,0,0,0,0.6440999999999204,0.590424999999927,0.5955777999999834,22000,0.5909117812634687,6000,6000,0.49518085738916645,5796,0.5252457231334061,0.5958161567240362,0.4041838432759638,0.108,0.030064865744239666,0.21338629722595215,frozen_v8_calibrated_2x2_semantic_replay,,,,,,,,,,,,,
EDF-FixedL3,24000,22000,0,2000,0,0,200,6,1000,505,edf_fixed_l3,6000,436,0.07266666666666667,6000,5564,0,0,0,436,436,436,0.9273333333333333,0.07266666666666667,0.0,0.07266666666666667,22000,5564,16436,0,0,0,0,0,0,22000,5564,16436,0,0,0,0,0,0,0.6440999999999204,0.590424999999927,0.5972953999999834,22000,0.5914936302577037,6000,6000,0.4951837844335936,5820,0.5256526969057238,0.597219546802103,0.402780453197897,0.104,0.030468912472130183,0.21693897247314453,frozen_v8_calibrated_2x2_semantic_replay,,,,,,,,,,,,,
EDF-FixedL3,24000,22000,0,2000,0,0,200,6,1000,606,edf_fixed_l3,6000,456,0.076,6000,5544,0,0,0,456,456,456,0.924,0.076,0.0,0.076,22000,5544,16456,0,0,0,0,0,0,22000,5544,16456,0,0,0,0,0,0,0.6440999999999204,0.590424999999927,0.5951483999999835,22000,0.5902546853337414,6000,6000,0.4921224866030127,5788,0.524208322278455,0.5949387013512115,0.4050612986487885,0.112,0.03208583567544232,0.21840763092041016,frozen_v8_calibrated_2x2_semantic_replay,,,,,,,,,,,,,
EDF-FixedL3,24000,22000,0,2000,0,0,200,6,1000,707,edf_fixed_l3,6000,448,0.07466666666666667,6000,5552,0,0,0,448,448,448,0.9253333333333333,0.07466666666666667,0.0,0.07466666666666667,22000,5552,16448,0,0,0,0,0,0,22000,5552,16448,0,0,0,0,0,0,0.6440999999999204,0.590424999999927,0.5960071999999834,22000,0.5911066113227577,6000,6000,0.4942942623192094,5780,0.5278473213002015,0.5940594600753547,0.4059405399246453,0.10666666666666667,0.03355305898099209,0.2267003059387207,frozen_v8_calibrated_2x2_semantic_replay,,,,,,,,,,,,,
EDF-FixedL3,24000,22000,0,2000,0,0,200,6,1000,808,edf_fixed_l3,6000,432,0.072,6000,5568,0,0,0,432,432,432,0.928,0.072,0.0,0.072,22000,5568,16432,0,0,0,0,0,0,22000,5568,16432,0,0,0,0,0,0,0.6440999999999204,0.590424999999927,0.5977247999999834,22000,0.5913631332404765,6000,6000,0.4968472071472448,5804,0.5279761609648221,0.6012233765475159,0.3987766234524841,0.10666666666666667,0.031128953817577354,0.21780824661254883,frozen_v8_calibrated_2x2_semantic_replay,,,,,,,,,,,,,
EDF-FixedL3,24000,22000,0,2000,0,0,200,6,1000,909,edf_fixed_l3,6000,496,0.08266666666666667,6000,5504,0,0,0,496,496,496,0.9173333333333333,0.08266666666666667,0.0,0.08266666666666667,22000,5504,16496,0,0,0,0,0,0,22000,5504,16496,0,0,0,0,0,0,0.6440999999999204,0.590424999999927,0.5908543999999836,22000,0.5898840075498447,6000,6000,0.4966418463722798,5800,0.5302883985176091,0.6018228629822499,0.39817713701775015,0.10133333333333333,0.0336465521453293,0.21660923957824707,frozen_v8_calibrated_2x2_semantic_replay,,,,,,,,,,,,,
EDF-FixedL3,24000,22000,0,2000,0,0,200,6,1000,1010,edf_fixed_l3,6000,464,0.07733333333333334,6000,5536,0,0,0,464,464,464,0.9226666666666666,0.07733333333333334,0.0,0.07733333333333334,22000,5536,16464,0,0,0,0,0,0,22000,5536,16464,0,0,0,0,0,0,0.6440999999999204,0.590424999999927,0.5942895999999834,22000,0.5898530452400768,6000,6000,0.49655548752459344,5804,0.5266616922447507,0.6024561167220063,0.3975438832779937,0.10666666666666667,0.030106204720157237,0.22057867050170898,frozen_v8_calibrated_2x2_semantic_replay,,,,,,,,,,,,,
EDF-FixedL3,32000,22000,0,10000,0,0,200,8,1000,101,edf_fixed_l3,8000,2496,0.312,8000,5504,0,0,0,2496,2496,2496,0.688,0.312,0.0,0.312,22000,5504,16496,0,0,0,0,0,0,22000,5504,16496,0,0,0,0,0,0,0.6440999999999204,0.4428187499999453,0.4431407999999877,22000,0.4411819551168121,8000,8000,0.373310819757294,5784,0.5273945088654112,0.4464954853882497,0.5535045146117503,0.333,0.15408368910811715,0.263944149017334,frozen_v8_calibrated_2x2_semantic_replay,,,,,,,,,,,,,
EDF-FixedL3,32000,22000,0,10000,0,0,200,8,1000,202,edf_fixed_l3,8000,2448,0.306,8000,5552,0,0,0,2448,2448,2448,0.694,0.306,0.0,0.306,22000,5552,16448,0,0,0,0,0,0,22000,5552,16448,0,0,0,0,0,0,0.6440999999999204,0.4428187499999453,0.44700539999998756,22000,0.4436944637653672,8000,8000,0.3744098954376769,5776,0.5326082524086357,0.4458404848446483,0.5541595151553518,0.332,0.15819835697095885,0.25305700302124023,frozen_v8_calibrated_2x2_semantic_replay,,,,,,,,,,,,,
EDF-FixedL3,32000,22000,0,10000,0,0,200,8,1000,303,edf_fixed_l3,8000,2480,0.31,8000,5520,0,0,0,2480,2480,2480,0.69,0.31,0.0,0.31,22000,5520,16480,0,0,0,0,0,0,22000,5520,16480,0,0,0,0,0,0,0.6440999999999204,0.4428187499999453,0.44442899999998764,22000,0.4421169932741047,8000,8000,0.37836727683654314,5840,0.5294506470649792,0.4483211453694021,0.551678854630598,0.323,0.1510833702284361,0.25547146797180176,frozen_v8_calibrated_2x2_semantic_replay,,,,,,,,,,,,,
EDF-FixedL3,32000,22000,0,10000,0,0,200,8,1000,404,edf_fixed_l3,8000,2464,0.308,8000,5536,0,0,0,2464,2464,2464,0.692,0.308,0.0,0.308,22000,5536,16464,0,0,0,0,0,0,22000,5536,16464,0,0,0,0,0,0,0.6440999999999204,0.4428187499999453,0.4457171999999876,22000,0.4429252582588106,8000,8000,0.3656194366793759,5768,0.5185334466635556,0.43255522087732734,0.5674447791226727,0.34,0.1529140099841797,0.24702835083007812,frozen_v8_calibrated_2x2_semantic_replay,,,,,,,,,,,,,
EDF-FixedL3,32000,22000,0,10000,0,0,200,8,1000,505,edf_fixed_l3,8000,2440,0.305,8000,5560,0,0,0,2440,2440,2440,0.695,0.305,0.0,0.305,22000,5560,16440,0,0,0,0,0,0,22000,5560,16440,0,0,0,0,0,0,0.6440999999999204,0.4428187499999453,0.44764949999998754,22000,0.44297819611153266,8000,8000,0.37188275403815757,5784,0.5284266676865246,0.443234866058509,0.556765133941491,0.322,0.156543913648367,0.26048731803894043,frozen_v8_calibrated_2x2_semantic_replay,,,,,,,,,,,,,
EDF-FixedL3,32000,22000,0,10000,0,0,200,8,1000,606,edf_fixed_l3,8000,2464,0.308,8000,5536,0,0,0,2464,2464,2464,0.692,0.308,0.0,0.308,22000,5536,16464,0,0,0,0,0,0,22000,5536,16464,0,0,0,0,0,0,0.6440999999999204,0.4428187499999453,0.4457171999999876,22000,0.4422600444010101,8000,8000,0.366342202165524,5800,0.5200204867281525,0.42282154105682546,0.5771784589431745,0.334,0.1536782845626285,0.25254058837890625,frozen_v8_calibrated_2x2_semantic_replay,,,,,,,,,,,,,
EDF-FixedL3,32000,22000,0,10000,0,0,200,8,1000,707,edf_fixed_l3,8000,2416,0.302,8000,5584,0,0,0,2416,2416,2416,0.698,0.302,0.0,0.302,22000,5584,16416,0,0,0,0,0,0,22000,5584,16416,0,0,0,0,0,0,0.6440999999999204,0.4428187499999453,0.4495817999999875,22000,0.4435535868725068,8000,8000,0.37083008260745653,5760,0.5291507819164047,0.44057637080490347,0.5594236291950965,0.328,0.1583206993089482,0.2595212459564209,frozen_v8_calibrated_2x2_semantic_replay,,,,,,,,,,,,,
EDF-FixedL3,32000,22000,0,10000,0,0,200,8,1000,808,edf_fixed_l3,8000,2456,0.307,8000,5544,0,0,0,2456,2456,2456,0.693,0.307,0.0,0.307,22000,5544,16456,0,0,0,0,0,0,22000,5544,16456,0,0,0,0,0,0,0.6440999999999204,0.4428187499999453,0.4463612999999876,22000,0.4429265499398534,8000,8000,0.3693787827729205,5816,0.522123097360016,0.4485046262993784,0.5514953737006216,0.326,0.15274431458709553,0.25338053703308105,frozen_v8_calibrated_2x2_semantic_replay,,,,,,,,,,,,,
EDF-FixedL3,32000,22000,0,10000,0,0,200,8,1000,909,edf_fixed_l3,8000,2536,0.317,8000,5464,0,0,0,2536,2536,2536,0.683,0.317,0.0,0.317,22000,5464,16536,0,0,0,0,0,0,22000,5464,16536,0,0,0,0,0,0,0.6440999999999204,0.4428187499999453,0.4399202999999878,22000,0.44253167068513244,8000,8000,0.37592843836099926,5792,0.5370906490559831,0.4515653206535317,0.5484346793464683,0.323,0.16116221069498388,0.25395655632019043,frozen_v8_calibrated_2x2_semantic_replay,,,,,,,,,,,,,
EDF-FixedL3,32000,22000,0,10000,0,0,200,8,1000,1010,edf_fixed_l3,8000,2552,0.319,8000,5448,0,0,0,2552,2552,2552,0.681,0.319,0.0,0.319,22000,5448,16552,0,0,0,0,0,0,22000,5448,16552,0,0,0,0,0,0,0.6440999999999204,0.4428187499999453,0.4386320999999878,22000,0.4404582573596883,8000,8000,0.3684653734021692,5760,0.5228457409698355,0.44964853840459457,0.5503514615954055,0.338,0.15438036756766627,0.25269317626953125,frozen_v8_calibrated_2x2_semantic_replay,,,,,,,,,,,,,
EDF-FixedL3,40000,22000,0,18000,0,0,200,10,1000,101,edf_fixed_l3,10000,4540,0.454,10000,5460,0,0,0,4540,4540,4540,0.546,0.454,0.0,0.454,22000,5460,16540,0,0,0,0,0,0,22000,5460,16540,0,0,0,0,0,0,0.6440999999999204,0.35425499999995624,0.35167859999999024,22000,0.3515220530887516,10000,10000,0.2944724140821319,5760,0.5287557281807075,0.3119070303941189,0.6880929696058811,0.46,0.2342833140985756,0.29001712799072266,frozen_v8_calibrated_2x2_semantic_replay,,,,,,,,,,,,,
EDF-FixedL3,40000,22000,0,18000,0,0,200,10,1000,202,edf_fixed_l3,10000,4380,0.438,10000,5620,0,0,0,4380,4380,4380,0.562,0.438,0.0,0.438,22000,5620,16380,0,0,0,0,0,0,22000,5620,16380,0,0,0,0,0,0,0.6440999999999204,0.35425499999995624,0.36198419999998993,22000,0.3539115806483744,10000,10000,0.3106222413227631,5780,0.5530933222857232,0.39070112712186916,0.6092988728781308,0.462,0.24247108096296005,0.29035043716430664,frozen_v8_calibrated_2x2_semantic_replay,,,,,,,,,,,,,
EDF-FixedL3,40000,22000,0,18000,0,0,200,10,1000,303,edf_fixed_l3,10000,4460,0.446,10000,5540,0,0,0,4460,4460,4460,0.554,0.446,0.0,0.446,22000,5540,16460,0,0,0,0,0,0,22000,5540,16460,0,0,0,0,0,0,0.6440999999999204,0.35425499999995624,0.3568313999999901,22000,0.3543474000425538,10000,10000,0.2923151014125771,5860,0.5094896285574986,0.35268727439408226,0.6473127256059177,0.464,0.21717452714492147,0.29136061668395996,frozen_v8_calibrated_2x2_semantic_replay,,,,,,,,,,,,,
EDF-FixedL3,40000,22000,0,18000,0,0,200,10,1000,404,edf_fixed_l3,10000,4520,0.452,10000,5480,0,0,0,4520,4520,4520,0.548,0.452,0.0,0.452,22000,5480,16520,0,0,0,0,0,0,22000,5480,16520,0,0,0,0,0,0,0.6440999999999204,0.35425499999995624,0.3529667999999902,22000,0.35593115098762496,10000,10000,0.29917180094317103,5780,0.5278375678910677,0.38486213089608673,0.6151378691039133,0.466,0.2286657669478967,0.2824742794036865,frozen_v8_calibrated_2x2_semantic_replay,,,,,,,,,,,,,
EDF-FixedL3,40000,22000,0,18000,0,0,200,10,1000,505,edf_fixed_l3,10000,4420,0.442,10000,5580,0,0,0,4420,4420,4420,0.558,0.442,0.0,0.442,22000,5580,16420,0,0,0,0,0,0,22000,5580,16420,0,0,0,0,0,0,0.6440999999999204,0.35425499999995624,0.35940779999999,22000,0.35583299101389043,10000,10000,0.294955499123334,5820,0.5222519175288755,0.3611930085028492,0.6388069914971508,0.466,0.22729641840554143,0.2937746047973633,frozen_v8_calibrated_2x2_semantic_replay,,,,,,,,,,,,,
EDF-FixedL3,40000,22000,0,18000,0,0,200,10,1000,606,edf_fixed_l3,10000,4520,0.452,10000,5480,0,0,0,4520,4520,4520,0.548,0.452,0.0,0.452,22000,5480,16520,0,0,0,0,0,0,22000,5480,16520,0,0,0,0,0,0,0.6440999999999204,0.35425499999995624,0.3529667999999902,22000,0.3537885611864415,10000,10000,0.2878351741781342,5720,0.5230289991356806,0.32430007094431107,0.6756999290556889,0.468,0.23519382495754637,0.3010241985321045,frozen_v8_calibrated_2x2_semantic_replay,,,,,,,,,,,,,
EDF-FixedL3,40000,22000,0,18000,0,0,200,10,1000,707,edf_fixed_l3,10000,4400,0.44,10000,5600,0,0,0,4400,4400,4400,0.56,0.44,0.0,0.44,22000,5600,16400,0,0,0,0,0,0,22000,5600,16400,0,0,0,0,0,0,0.6440999999999204,0.35425499999995624,0.36069599999998997,22000,0.3552926715911983,10000,10000,0.29022698050017326,5840,0.5171667434611683,0.3410712665154474,0.6589287334845526,0.466,0.22693976296099505,0.29447054862976074,frozen_v8_calibrated_2x2_semantic_replay,,,,,,,,,,,,,
EDF-FixedL3,40000,22000,0,18000,0,0,200,10,1000,808,edf_fixed_l3,10000,4440,0.444,10000,5560,0,0,0,4440,4440,4440,0.556,0.444,0.0,0.444,22000,5560,16440,0,0,0,0,0,0,22000,5560,16440,0,0,0,0,0,0,0.6440999999999204,0.35425499999995624,0.35811959999999005,22000,0.35598024767096487,10000,10000,0.29644954619340924,5780,0.5271874002581206,0.36102164423806,0.63897835576194,0.474,0.23073785406471137,0.2987630367279053,frozen_v8_calibrated_2x2_semantic_replay,,,,,,,,,,,,,
EDF-FixedL3,40000,22000,0,18000,0,0,200,10,1000,909,edf_fixed_l3,10000,4520,0.452,10000,5480,0,0,0,4520,4520,4520,0.548,0.452,0.0,0.452,22000,5480,16520,0,0,0,0,0,0,22000,5480,16520,0,0,0,0,0,0,0.6440999999999204,0.35425499999995624,0.3529667999999902,22000,0.3526203245254224,10000,10000,0.2866481839482737,5740,0.5160660668600225,0.3452702267736923,0.6547297732263078,0.47,0.22941788291174886,0.2962629795074463,frozen_v8_calibrated_2x2_semantic_replay,,,,,,,,,,,,,
EDF-FixedL3,40000,22000,0,18000,0,0,200,10,1000,1010,edf_fixed_l3,10000,4460,0.446,10000,5540,0,0,0,4460,4460,4460,0.554,0.446,0.0,0.446,22000,5540,16460,0,0,0,0,0,0,22000,5540,16460,0,0,0,0,0,0,0.6440999999999204,0.35425499999995624,0.3568313999999901,22000,0.3519719807296609,10000,10000,0.3028573275821689,5820,0.5386324198068027,0.34697537951332386,0.6530246204866761,0.464,0.23577509222463378,0.29050278663635254,frozen_v8_calibrated_2x2_semantic_replay,,,,,,,,,,,,,
EDF-FixedL3,16000,16000,0,0,0,0,250,4,1000,101,edf_fixed_l3,4000,0,0.0,4000,4000,0,0,0,0,0,0,1.0,0.0,0.0,0.0,16000,4000,12000,0,0,0,0,0,0,16000,4000,12000,0,0,0,0,0,0,0.6441000000000685,0.6441000000000685,0.6440999999999828,16000,0.6441000000000018,4000,4000,0.5365712329758283,4000,0.5365712329758283,0.6530537993946778,0.3469462006053222,0.056,0.0,0.15427279472351074,frozen_v8_calibrated_2x2_semantic_replay,,,,,,,,,,,,,
EDF-FixedL3,16000,16000,0,0,0,0,250,4,1000,202,edf_fixed_l3,4000,0,0.0,4000,4000,0,0,0,0,0,0,1.0,0.0,0.0,0.0,16000,4000,12000,0,0,0,0,0,0,16000,4000,12000,0,0,0,0,0,0,0.6441000000000685,0.6441000000000685,0.6440999999999828,16000,0.6441000000000018,4000,4000,0.5365712329758271,4000,0.5365712329758271,0.6530537993946778,0.3469462006053222,0.056,0.0,0.14919018745422363,frozen_v8_calibrated_2x2_semantic_replay,,,,,,,,,,,,,
EDF-FixedL3,16000,16000,0,0,0,0,250,4,1000,303,edf_fixed_l3,4000,0,0.0,4000,4000,0,0,0,0,0,0,1.0,0.0,0.0,0.0,16000,4000,12000,0,0,0,0,0,0,16000,4000,12000,0,0,0,0,0,0,0.6441000000000685,0.6441000000000685,0.6440999999999828,16000,0.644100000000003,4000,4000,0.5365712329758282,4000,0.5365712329758282,0.6530537993946778,0.3469462006053222,0.056,0.0,0.14766669273376465,frozen_v8_calibrated_2x2_semantic_replay,,,,,,,,,,,,,
EDF-FixedL3,16000,16000,0,0,0,0,250,4,1000,404,edf_fixed_l3,4000,0,0.0,4000,4000,0,0,0,0,0,0,1.0,0.0,0.0,0.0,16000,4000,12000,0,0,0,0,0,0,16000,4000,12000,0,0,0,0,0,0,0.6441000000000685,0.6441000000000685,0.6440999999999828,16000,0.6441000000000023,4000,4000,0.5365712329758273,4000,0.5365712329758273,0.6530537993946778,0.3469462006053222,0.056,0.0,0.14018464088439941,frozen_v8_calibrated_2x2_semantic_replay,,,,,,,,,,,,,
EDF-FixedL3,16000,16000,0,0,0,0,250,4,1000,505,edf_fixed_l3,4000,0,0.0,4000,4000,0,0,0,0,0,0,1.0,0.0,0.0,0.0,16000,4000,12000,0,0,0,0,0,0,16000,4000,12000,0,0,0,0,0,0,0.6441000000000685,0.6441000000000685,0.6440999999999828,16000,0.6441000000000021,4000,4000,0.536571232975828,4000,0.536571232975828,0.6530537993946778,0.3469462006053222,0.056,0.0,0.14841485023498535,frozen_v8_calibrated_2x2_semantic_replay,,,,,,,,,,,,,
EDF-FixedL3,16000,16000,0,0,0,0,250,4,1000,606,edf_fixed_l3,4000,0,0.0,4000,4000,0,0,0,0,0,0,1.0,0.0,0.0,0.0,16000,4000,12000,0,0,0,0,0,0,16000,4000,12000,0,0,0,0,0,0,0.6441000000000685,0.6441000000000685,0.6440999999999828,16000,0.6441000000000017,4000,4000,0.5365712329758265,4000,0.5365712329758265,0.6530537993946778,0.3469462006053222,0.056,0.0,0.150970458984375,frozen_v8_calibrated_2x2_semantic_replay,,,,,,,,,,,,,
EDF-FixedL3,16000,16000,0,0,0,0,250,4,1000,707,edf_fixed_l3,4000,0,0.0,4000,4000,0,0,0,0,0,0,1.0,0.0,0.0,0.0,16000,4000,12000,0,0,0,0,0,0,16000,4000,12000,0,0,0,0,0,0,0.6441000000000685,0.6441000000000685,0.6440999999999828,16000,0.6441000000000012,4000,4000,0.5365712329758282,4000,0.5365712329758282,0.6530537993946778,0.3469462006053222,0.056,0.0,0.15485596656799316,frozen_v8_calibrated_2x2_semantic_replay,,,,,,,,,,,,,
EDF-FixedL3,16000,16000,0,0,0,0,250,4,1000,808,edf_fixed_l3,4000,0,0.0,4000,4000,0,0,0,0,0,0,1.0,0.0,0.0,0.0,16000,4000,12000,0,0,0,0,0,0,16000,4000,12000,0,0,0,0,0,0,0.6441000000000685,0.6441000000000685,0.6440999999999828,16000,0.6441000000000021,4000,4000,0.5365712329758269,4000,0.5365712329758269,0.6530537993946778,0.3469462006053222,0.056,0.0,0.15026497840881348,frozen_v8_calibrated_2x2_semantic_replay,,,,,,,,,,,,,
EDF-FixedL3,16000,16000,0,0,0,0,250,4,1000,909,edf_fixed_l3,4000,0,0.0,4000,4000,0,0,0,0,0,0,1.0,0.0,0.0,0.0,16000,4000,12000,0,0,0,0,0,0,16000,4000,12000,0,0,0,0,0,0,0.6441000000000685,0.6441000000000685,0.6440999999999828,16000,0.6441000000000002,4000,4000,0.5365712329758268,4000,0.5365712329758268,0.6530537993946778,0.3469462006053222,0.056,0.0,0.1406872272491455,frozen_v8_calibrated_2x2_semantic_replay,,,,,,,,,,,,,
EDF-FixedL3,16000,16000,0,0,0,0,250,4,1000,1010,edf_fixed_l3,4000,0,0.0,4000,4000,0,0,0,0,0,0,1.0,0.0,0.0,0.0,16000,4000,12000,0,0,0,0,0,0,16000,4000,12000,0,0,0,0,0,0,0.6441000000000685,0.6441000000000685,0.6440999999999828,16000,0.644100000000003,4000,4000,0.5365712329758273,4000,0.5365712329758273,0.6530537993946778,0.3469462006053222,0.056,0.0,0.14644575119018555,frozen_v8_calibrated_2x2_semantic_replay,,,,,,,,,,,,,
EDF-FixedL3,24000,24000,0,0,0,0,250,6,1000,101,edf_fixed_l3,6000,0,0.0,6000,6000,0,0,0,0,0,0,1.0,0.0,0.0,0.0,24000,6000,18000,0,0,0,0,0,0,24000,6000,18000,0,0,0,0,0,0,0.6440999999998875,0.6440999999998875,0.6440999999999819,24000,0.6441000000000058,6000,6000,0.5365712329758267,6000,0.5365712329758267,0.6530537993946778,0.3469462006053222,0.056,0.0,0.22606301307678223,frozen_v8_calibrated_2x2_semantic_replay,,,,,,,,,,,,,
EDF-FixedL3,24000,24000,0,0,0,0,250,6,1000,202,edf_fixed_l3,6000,0,0.0,6000,6000,0,0,0,0,0,0,1.0,0.0,0.0,0.0,24000,6000,18000,0,0,0,0,0,0,24000,6000,18000,0,0,0,0,0,0,0.6440999999998875,0.6440999999998875,0.6440999999999819,24000,0.6441000000000072,6000,6000,0.5365712329758258,6000,0.5365712329758258,0.6530537993946778,0.3469462006053222,0.056,0.0,0.2334883213043213,frozen_v8_calibrated_2x2_semantic_replay,,,,,,,,,,,,,
EDF-FixedL3,24000,24000,0,0,0,0,250,6,1000,303,edf_fixed_l3,6000,0,0.0,6000,6000,0,0,0,0,0,0,1.0,0.0,0.0,0.0,24000,6000,18000,0,0,0,0,0,0,24000,6000,18000,0,0,0,0,0,0,0.6440999999998875,0.6440999999998875,0.6440999999999819,24000,0.6441000000000066,6000,6000,0.5365712329758261,6000,0.5365712329758261,0.6530537993946778,0.3469462006053222,0.056,0.0,0.22517967224121094,frozen_v8_calibrated_2x2_semantic_replay,,,,,,,,,,,,,
EDF-FixedL3,24000,24000,0,0,0,0,250,6,1000,404,edf_fixed_l3,6000,0,0.0,6000,6000,0,0,0,0,0,0,1.0,0.0,0.0,0.0,24000,6000,18000,0,0,0,0,0,0,24000,6000,18000,0,0,0,0,0,0,0.6440999999998875,0.6440999999998875,0.6440999999999819,24000,0.6441000000000069,6000,6000,0.5365712329758261,6000,0.5365712329758261,0.6530537993946778,0.3469462006053222,0.056,0.0,0.22342848777770996,frozen_v8_calibrated_2x2_semantic_replay,,,,,,,,,,,,,
EDF-FixedL3,24000,24000,0,0,0,0,250,6,1000,505,edf_fixed_l3,6000,0,0.0,6000,6000,0,0,0,0,0,0,1.0,0.0,0.0,0.0,24000,6000,18000,0,0,0,0,0,0,24000,6000,18000,0,0,0,0,0,0,0.6440999999998875,0.6440999999998875,0.6440999999999819,24000,0.6441000000000069,6000,6000,0.5365712329758263,6000,0.5365712329758263,0.6530537993946778,0.3469462006053222,0.056,0.0,0.2209773063659668,frozen_v8_calibrated_2x2_semantic_replay,,,,,,,,,,,,,
EDF-FixedL3,24000,24000,0,0,0,0,250,6,1000,606,edf_fixed_l3,6000,0,0.0,6000,6000,0,0,0,0,0,0,1.0,0.0,0.0,0.0,24000,6000,18000,0,0,0,0,0,0,24000,6000,18000,0,0,0,0,0,0,0.6440999999998875,0.6440999999998875,0.6440999999999819,24000,0.644100000000007,6000,6000,0.5365712329758259,6000,0.5365712329758259,0.6530537993946778,0.3469462006053222,0.056,0.0,0.22932147979736328,frozen_v8_calibrated_2x2_semantic_replay,,,,,,,,,,,,,
EDF-FixedL3,24000,24000,0,0,0,0,250,6,1000,707,edf_fixed_l3,6000,0,0.0,6000,6000,0,0,0,0,0,0,1.0,0.0,0.0,0.0,24000,6000,18000,0,0,0,0,0,0,24000,6000,18000,0,0,0,0,0,0,0.6440999999998875,0.6440999999998875,0.6440999999999819,24000,0.6441000000000076,6000,6000,0.5365712329758257,6000,0.5365712329758257,0.6530537993946778,0.3469462006053222,0.056,0.0,0.23172521591186523,frozen_v8_calibrated_2x2_semantic_replay,,,,,,,,,,,,,
EDF-FixedL3,24000,24000,0,0,0,0,250,6,1000,808,edf_fixed_l3,6000,0,0.0,6000,6000,0,0,0,0,0,0,1.0,0.0,0.0,0.0,24000,6000,18000,0,0,0,0,0,0,24000,6000,18000,0,0,0,0,0,0,0.6440999999998875,0.6440999999998875,0.6440999999999819,24000,0.6441000000000067,6000,6000,0.5365712329758253,6000,0.5365712329758253,0.6530537993946778,0.3469462006053222,0.056,0.0,0.23233246803283691,frozen_v8_calibrated_2x2_semantic_replay,,,,,,,,,,,,,
EDF-FixedL3,24000,24000,0,0,0,0,250,6,1000,909,edf_fixed_l3,6000,0,0.0,6000,6000,0,0,0,0,0,0,1.0,0.0,0.0,0.0,24000,6000,18000,0,0,0,0,0,0,24000,6000,18000,0,0,0,0,0,0,0.6440999999998875,0.6440999999998875,0.6440999999999819,24000,0.6441000000000053,6000,6000,0.5365712329758258,6000,0.5365712329758258,0.6530537993946778,0.3469462006053222,0.056,0.0,0.22789454460144043,frozen_v8_calibrated_2x2_semantic_replay,,,,,,,,,,,,,
EDF-FixedL3,24000,24000,0,0,0,0,250,6,1000,1010,edf_fixed_l3,6000,0,0.0,6000,6000,0,0,0,0,0,0,1.0,0.0,0.0,0.0,24000,6000,18000,0,0,0,0,0,0,24000,6000,18000,0,0,0,0,0,0,0.6440999999998875,0.6440999999998875,0.6440999999999819,24000,0.6441000000000064,6000,6000,0.5365712329758258,6000,0.5365712329758258,0.6530537993946778,0.3469462006053222,0.056,0.0,0.2287425994873047,frozen_v8_calibrated_2x2_semantic_replay,,,,,,,,,,,,,
EDF-FixedL3,32000,28000,0,4000,0,0,250,8,1000,101,edf_fixed_l3,8000,1000,0.125,8000,7000,0,0,0,1000,1000,1000,0.875,0.125,0.0,0.125,28000,7000,21000,0,0,0,0,0,0,28000,7000,21000,0,0,0,0,0,0,0.6441000000000023,0.563587500000002,0.5635875000000204,28000,0.5635875000000038,8000,8000,0.46760970197777907,7000,0.5344110879746047,0.5812808980113915,0.4187191019886085,0.174,0.06680138599682561,0.28458237648010254,frozen_v8_calibrated_2x2_semantic_replay,,,,,,,,,,,,,
EDF-FixedL3,32000,28000,0,4000,0,0,250,8,1000,202,edf_fixed_l3,8000,1000,0.125,8000,7000,0,0,0,1000,1000,1000,0.875,0.125,0.0,0.125,28000,7000,21000,0,0,0,0,0,0,28000,7000,21000,0,0,0,0,0,0,0.6441000000000023,0.563587500000002,0.5635875000000204,28000,0.563587500000003,8000,8000,0.46755343325039916,7000,0.534346780857599,0.5649164349869614,0.4350835650130386,0.177,0.06679334760719985,0.2937307357788086,frozen_v8_calibrated_2x2_semantic_replay,,,,,,,,,,,,,
EDF-FixedL3,32000,28000,0,4000,0,0,250,8,1000,303,edf_fixed_l3,8000,1000,0.125,8000,7000,0,0,0,1000,1000,1000,0.875,0.125,0.0,0.125,28000,7000,21000,0,0,0,0,0,0,28000,7000,21000,0,0,0,0,0,0,0.6441000000000023,0.563587500000002,0.5635875000000204,28000,0.5635875000000033,8000,8000,0.4691039107435596,7000,0.5361187551354967,0.5667336874861473,0.4332663125138527,0.175,0.06701484439193706,0.2824695110321045,frozen_v8_calibrated_2x2_semantic_replay,,,,,,,,,,,,,
EDF-FixedL3,32000,28000,0,4000,0,0,250,8,1000,404,edf_fixed_l3,8000,1000,0.125,8000,7000,0,0,0,1000,1000,1000,0.875,0.125,0.0,0.125,28000,7000,21000,0,0,0,0,0,0,28000,7000,21000,0,0,0,0,0,0,0.6441000000000023,0.563587500000002,0.5635875000000204,28000,0.5635875000000008,8000,8000,0.4714784242490614,7000,0.5388324848560702,0.5630699211534802,0.4369300788465198,0.175,0.06735406060700877,0.28985166549682617,frozen_v8_calibrated_2x2_semantic_replay,,,,,,,,,,,,,
EDF-FixedL3,32000,28000,0,4000,0,0,250,8,1000,505,edf_fixed_l3,8000,1000,0.125,8000,7000,0,0,0,1000,1000,1000,0.875,0.125,0.0,0.125,28000,7000,21000,0,0,0,0,0,0,28000,7000,21000,0,0,0,0,0,0,0.6441000000000023,0.563587500000002,0.5635875000000204,28000,0.5635875000000039,8000,8000,0.4668358970800311,7000,0.5335267395200355,0.5710698875235523,0.42893011247644774,0.173,0.0666908424400044,0.28140807151794434,frozen_v8_calibrated_2x2_semantic_replay,,,,,,,,,,,,,
EDF-FixedL3,32000,28000,0,4000,0,0,250,8,1000,606,edf_fixed_l3,8000,1000,0.125,8000,7000,0,0,0,1000,1000,1000,0.875,0.125,0.0,0.125,28000,7000,21000,0,0,0,0,0,0,28000,7000,21000,0,0,0,0,0,0,0.6441000000000023,0.563587500000002,0.5635875000000204,28000,0.5635875000000058,8000,8000,0.4660009795386473,7000,0.5325725480441683,0.5578372115316693,0.4421627884683307,0.174,0.06657156850552104,0.3285813331604004,frozen_v8_calibrated_2x2_semantic_replay,,,,,,,,,,,,,
EDF-FixedL3,32000,28000,0,4000,0,0,250,8,1000,707,edf_fixed_l3,8000,1000,0.125,8000,7000,0,0,0,1000,1000,1000,0.875,0.125,0.0,0.125,28000,7000,21000,0,0,0,0,0,0,28000,7000,21000,0,0,0,0,0,0,0.6441000000000023,0.563587500000002,0.5635875000000204,28000,0.5635875000000049,8000,8000,0.4696689392032307,7000,0.5367645019465493,0.5751766539721932,0.4248233460278068,0.172,0.06709556274331863,0.2853877544403076,frozen_v8_calibrated_2x2_semantic_replay,,,,,,,,,,,,,
EDF-FixedL3,32000,28000,0,4000,0,0,250,8,1000,808,edf_fixed_l3,8000,1000,0.125,8000,7000,0,0,0,1000,1000,1000,0.875,0.125,0.0,0.125,28000,7000,21000,0,0,0,0,0,0,28000,7000,21000,0,0,0,0,0,0,0.6441000000000023,0.563587500000002,0.5635875000000204,28000,0.5635875000000052,8000,8000,0.47024285027926366,7000,0.5374204003191585,0.5759001507659339,0.4240998492340661,0.172,0.06717755003989484,0.29305505752563477,frozen_v8_calibrated_2x2_semantic_replay,,,,,,,,,,,,,
EDF-FixedL3,32000,28000,0,4000,0,0,250,8,1000,909,edf_fixed_l3,8000,1000,0.125,8000,7000,0,0,0,1000,1000,1000,0.875,0.125,0.0,0.125,28000,7000,21000,0,0,0,0,0,0,28000,7000,21000,0,0,0,0,0,0,0.6441000000000023,0.563587500000002,0.5635875000000204,28000,0.5635875000000024,8000,8000,0.4685682336898389,7000,0.5355065527883873,0.5740152674926935,0.4259847325073065,0.172,0.06693831909854842,0.28605222702026367,frozen_v8_calibrated_2x2_semantic_replay,,,,,,,,,,,,,
EDF-FixedL3,32000,28000,0,4000,0,0,250,8,1000,1010,edf_fixed_l3,8000,1000,0.125,8000,7000,0,0,0,1000,1000,1000,0.875,0.125,0.0,0.125,28000,7000,21000,0,0,0,0,0,0,28000,7000,21000,0,0,0,0,0,0,0.6441000000000023,0.563587500000002,0.5635875000000204,28000,0.5635875000000016,8000,8000,0.4660560283578733,7000,0.5326354609804266,0.5592831747904785,0.4407168252095215,0.173,0.06657943262255328,0.27954673767089844,frozen_v8_calibrated_2x2_semantic_replay,,,,,,,,,,,,,
EDF-FixedL3,40000,28000,0,12000,0,0,250,10,1000,101,edf_fixed_l3,10000,3000,0.3,10000,7000,0,0,0,3000,3000,3000,0.7,0.3,0.0,0.3,28000,7000,21000,0,0,0,0,0,0,28000,7000,21000,0,0,0,0,0,0,0.6441000000000023,0.4508700000000016,0.45087000000001637,28000,0.45086999999999694,10000,10000,0.3764790591628164,7000,0.537827227375452,0.41165199519850354,0.5883480048014964,0.334,0.1613481682126356,0.3181643486022949,frozen_v8_calibrated_2x2_semantic_replay,,,,,,,,,,,,,
EDF-FixedL3,40000,28000,0,12000,0,0,250,10,1000,202,edf_fixed_l3,10000,3000,0.3,10000,7000,0,0,0,3000,3000,3000,0.7,0.3,0.0,0.3,28000,7000,21000,0,0,0,0,0,0,28000,7000,21000,0,0,0,0,0,0,0.6441000000000023,0.4508700000000016,0.45087000000001637,28000,0.4508699999999996,10000,10000,0.38657602438332594,7000,0.5522514634047513,0.4979005610840245,0.5020994389159755,0.334,0.16567543902142534,0.32123613357543945,frozen_v8_calibrated_2x2_semantic_replay,,,,,,,,,,,,,
EDF-FixedL3,40000,28000,0,12000,0,0,250,10,1000,303,edf_fixed_l3,10000,3000,0.3,10000,7000,0,0,0,3000,3000,3000,0.7,0.3,0.0,0.3,28000,7000,21000,0,0,0,0,0,0,28000,7000,21000,0,0,0,0,0,0,0.6441000000000023,0.4508700000000016,0.45087000000001637,28000,0.4508699999999999,10000,10000,0.3710127947679131,7000,0.5300182782398759,0.44840950635634486,0.5515904936436551,0.344,0.1590054834719628,0.3238039016723633,frozen_v8_calibrated_2x2_semantic_replay,,,,,,,,,,,,,
EDF-FixedL3,40000,28000,0,12000,0,0,250,10,1000,404,edf_fixed_l3,10000,3000,0.3,10000,7000,0,0,0,3000,3000,3000,0.7,0.3,0.0,0.3,28000,7000,21000,0,0,0,0,0,0,28000,7000,21000,0,0,0,0,0,0,0.6441000000000023,0.4508700000000016,0.45087000000001637,28000,0.4508700000000028,10000,10000,0.37459831790129355,7000,0.5351404541447051,0.46609134762127197,0.533908652378728,0.34,0.16054213624341157,0.3230476379394531,frozen_v8_calibrated_2x2_semantic_replay,,,,,,,,,,,,,
EDF-FixedL3,40000,28000,0,12000,0,0,250,10,1000,505,edf_fixed_l3,10000,3000,0.3,10000,7000,0,0,0,3000,3000,3000,0.7,0.3,0.0,0.3,28000,7000,21000,0,0,0,0,0,0,28000,7000,21000,0,0,0,0,0,0,0.6441000000000023,0.4508700000000016,0.45087000000001637,28000,0.4508700000000026,10000,10000,0.3716247080268944,7000,0.5308924400384206,0.4439740650612168,0.5560259349387833,0.346,0.15926773201152622,0.31671762466430664,frozen_v8_calibrated_2x2_semantic_replay,,,,,,,,,,,,,
EDF-FixedL3,40000,28000,0,12000,0,0,250,10,1000,606,edf_fixed_l3,10000,3000,0.3,10000,7000,0,0,0,3000,3000,3000,0.7,0.3,0.0,0.3,28000,7000,21000,0,0,0,0,0,0,28000,7000,21000,0,0,0,0,0,0,0.6441000000000023,0.4508700000000016,0.45087000000001637,28000,0.45086999999999994,10000,10000,0.3778184657832481,7000,0.5397406654046402,0.44633022066920097,0.553669779330799,0.332,0.16192219962139204,0.31647348403930664,frozen_v8_calibrated_2x2_semantic_replay,,,,,,,,,,,,,
EDF-FixedL3,40000,28000,0,12000,0,0,250,10,1000,707,edf_fixed_l3,10000,3000,0.3,10000,7000,0,0,0,3000,3000,3000,0.7,0.3,0.0,0.3,28000,7000,21000,0,0,0,0,0,0,28000,7000,21000,0,0,0,0,0,0,0.6441000000000023,0.4508700000000016,0.45087000000001637,28000,0.45086999999999755,10000,10000,0.3703809730777822,7000,0.5291156758254032,0.4534508633371225,0.5465491366628775,0.34,0.15873470274762097,0.3195219039916992,frozen_v8_calibrated_2x2_semantic_replay,,,,,,,,,,,,,
EDF-FixedL3,40000,28000,0,12000,0,0,250,10,1000,808,edf_fixed_l3,10000,3000,0.3,10000,7000,0,0,0,3000,3000,3000,0.7,0.3,0.0,0.3,28000,7000,21000,0,0,0,0,0,0,28000,7000,21000,0,0,0,0,0,0,0.6441000000000023,0.4508700000000016,0.45087000000001637,28000,0.4508700000000016,10000,10000,0.37949726971611597,7000,0.5421389567373085,0.4638042652474837,0.5361957347525164,0.338,0.16264168702119253,0.3285243511199951,frozen_v8_calibrated_2x2_semantic_replay,,,,,,,,,,,,,
EDF-FixedL3,40000,28000,0,12000,0,0,250,10,1000,909,edf_fixed_l3,10000,3000,0.3,10000,7000,0,0,0,3000,3000,3000,0.7,0.3,0.0,0.3,28000,7000,21000,0,0,0,0,0,0,28000,7000,21000,0,0,0,0,0,0,0.6441000000000023,0.4508700000000016,0.45087000000001637,28000,0.4508699999999996,10000,10000,0.36691348202919455,7000,0.5241621171845636,0.4566978823283878,0.5433021176716122,0.346,0.15724863515536908,0.32596898078918457,frozen_v8_calibrated_2x2_semantic_replay,,,,,,,,,,,,,
EDF-FixedL3,40000,28000,0,12000,0,0,250,10,1000,1010,edf_fixed_l3,10000,3000,0.3,10000,7000,0,0,0,3000,3000,3000,0.7,0.3,0.0,0.3,28000,7000,21000,0,0,0,0,0,0,28000,7000,21000,0,0,0,0,0,0,0.6441000000000023,0.4508700000000016,0.45087000000001637,28000,0.4508699999999981,10000,10000,0.3769190683832925,7000,0.5384558119761321,0.4448720171057639,0.5551279828942361,0.346,0.16153674359283965,0.32100391387939453,frozen_v8_calibrated_2x2_semantic_replay,,,,,,,,,,,,,
EDF-FixedL3,16000,16000,0,0,0,0,300,4,1000,101,edf_fixed_l3,4000,0,0.0,4000,4000,0,0,0,0,0,0,1.0,0.0,0.0,0.0,16000,4000,12000,0,0,0,0,0,0,16000,4000,12000,0,0,0,0,0,0,0.6441000000000685,0.6441000000000685,0.6440999999999828,16000,0.6441000000000018,4000,4000,0.5365712329758283,4000,0.5365712329758283,0.6530537993946778,0.3469462006053222,0.056,0.0,0.14818429946899414,frozen_v8_calibrated_2x2_semantic_replay,,,,,,,,,,,,,
EDF-FixedL3,16000,16000,0,0,0,0,300,4,1000,202,edf_fixed_l3,4000,0,0.0,4000,4000,0,0,0,0,0,0,1.0,0.0,0.0,0.0,16000,4000,12000,0,0,0,0,0,0,16000,4000,12000,0,0,0,0,0,0,0.6441000000000685,0.6441000000000685,0.6440999999999828,16000,0.6441000000000018,4000,4000,0.5365712329758271,4000,0.5365712329758271,0.6530537993946778,0.3469462006053222,0.056,0.0,0.14782929420471191,frozen_v8_calibrated_2x2_semantic_replay,,,,,,,,,,,,,
EDF-FixedL3,16000,16000,0,0,0,0,300,4,1000,303,edf_fixed_l3,4000,0,0.0,4000,4000,0,0,0,0,0,0,1.0,0.0,0.0,0.0,16000,4000,12000,0,0,0,0,0,0,16000,4000,12000,0,0,0,0,0,0,0.6441000000000685,0.6441000000000685,0.6440999999999828,16000,0.644100000000003,4000,4000,0.5365712329758282,4000,0.5365712329758282,0.6530537993946778,0.3469462006053222,0.056,0.0,0.14824533462524414,frozen_v8_calibrated_2x2_semantic_replay,,,,,,,,,,,,,
EDF-FixedL3,16000,16000,0,0,0,0,300,4,1000,404,edf_fixed_l3,4000,0,0.0,4000,4000,0,0,0,0,0,0,1.0,0.0,0.0,0.0,16000,4000,12000,0,0,0,0,0,0,16000,4000,12000,0,0,0,0,0,0,0.6441000000000685,0.6441000000000685,0.6440999999999828,16000,0.6441000000000023,4000,4000,0.5365712329758273,4000,0.5365712329758273,0.6530537993946778,0.3469462006053222,0.056,0.0,0.15883994102478027,frozen_v8_calibrated_2x2_semantic_replay,,,,,,,,,,,,,
EDF-FixedL3,16000,16000,0,0,0,0,300,4,1000,505,edf_fixed_l3,4000,0,0.0,4000,4000,0,0,0,0,0,0,1.0,0.0,0.0,0.0,16000,4000,12000,0,0,0,0,0,0,16000,4000,12000,0,0,0,0,0,0,0.6441000000000685,0.6441000000000685,0.6440999999999828,16000,0.6441000000000021,4000,4000,0.536571232975828,4000,0.536571232975828,0.6530537993946778,0.3469462006053222,0.056,0.0,0.14999127388000488,frozen_v8_calibrated_2x2_semantic_replay,,,,,,,,,,,,,
EDF-FixedL3,16000,16000,0,0,0,0,300,4,1000,606,edf_fixed_l3,4000,0,0.0,4000,4000,0,0,0,0,0,0,1.0,0.0,0.0,0.0,16000,4000,12000,0,0,0,0,0,0,16000,4000,12000,0,0,0,0,0,0,0.6441000000000685,0.6441000000000685,0.6440999999999828,16000,0.6441000000000017,4000,4000,0.5365712329758265,4000,0.5365712329758265,0.6530537993946778,0.3469462006053222,0.056,0.0,0.14863967895507812,frozen_v8_calibrated_2x2_semantic_replay,,,,,,,,,,,,,
EDF-FixedL3,16000,16000,0,0,0,0,300,4,1000,707,edf_fixed_l3,4000,0,0.0,4000,4000,0,0,0,0,0,0,1.0,0.0,0.0,0.0,16000,4000,12000,0,0,0,0,0,0,16000,4000,12000,0,0,0,0,0,0,0.6441000000000685,0.6441000000000685,0.6440999999999828,16000,0.6441000000000012,4000,4000,0.5365712329758282,4000,0.5365712329758282,0.6530537993946778,0.3469462006053222,0.056,0.0,0.14173007011413574,frozen_v8_calibrated_2x2_semantic_replay,,,,,,,,,,,,,
EDF-FixedL3,16000,16000,0,0,0,0,300,4,1000,808,edf_fixed_l3,4000,0,0.0,4000,4000,0,0,0,0,0,0,1.0,0.0,0.0,0.0,16000,4000,12000,0,0,0,0,0,0,16000,4000,12000,0,0,0,0,0,0,0.6441000000000685,0.6441000000000685,0.6440999999999828,16000,0.6441000000000021,4000,4000,0.5365712329758269,4000,0.5365712329758269,0.6530537993946778,0.3469462006053222,0.056,0.0,0.14594626426696777,frozen_v8_calibrated_2x2_semantic_replay,,,,,,,,,,,,,
EDF-FixedL3,16000,16000,0,0,0,0,300,4,1000,909,edf_fixed_l3,4000,0,0.0,4000,4000,0,0,0,0,0,0,1.0,0.0,0.0,0.0,16000,4000,12000,0,0,0,0,0,0,16000,4000,12000,0,0,0,0,0,0,0.6441000000000685,0.6441000000000685,0.6440999999999828,16000,0.6441000000000002,4000,4000,0.5365712329758268,4000,0.5365712329758268,0.6530537993946778,0.3469462006053222,0.056,0.0,0.14639973640441895,frozen_v8_calibrated_2x2_semantic_replay,,,,,,,,,,,,,
EDF-FixedL3,16000,16000,0,0,0,0,300,4,1000,1010,edf_fixed_l3,4000,0,0.0,4000,4000,0,0,0,0,0,0,1.0,0.0,0.0,0.0,16000,4000,12000,0,0,0,0,0,0,16000,4000,12000,0,0,0,0,0,0,0.6441000000000685,0.6441000000000685,0.6440999999999828,16000,0.644100000000003,4000,4000,0.5365712329758273,4000,0.5365712329758273,0.6530537993946778,0.3469462006053222,0.056,0.0,0.15308189392089844,frozen_v8_calibrated_2x2_semantic_replay,,,,,,,,,,,,,
EDF-FixedL3,24000,24000,0,0,0,0,300,6,1000,101,edf_fixed_l3,6000,0,0.0,6000,6000,0,0,0,0,0,0,1.0,0.0,0.0,0.0,24000,6000,18000,0,0,0,0,0,0,24000,6000,18000,0,0,0,0,0,0,0.6440999999998875,0.6440999999998875,0.6440999999999819,24000,0.6441000000000058,6000,6000,0.5365712329758267,6000,0.5365712329758267,0.6530537993946778,0.3469462006053222,0.056,0.0,0.22020673751831055,frozen_v8_calibrated_2x2_semantic_replay,,,,,,,,,,,,,
EDF-FixedL3,24000,24000,0,0,0,0,300,6,1000,202,edf_fixed_l3,6000,0,0.0,6000,6000,0,0,0,0,0,0,1.0,0.0,0.0,0.0,24000,6000,18000,0,0,0,0,0,0,24000,6000,18000,0,0,0,0,0,0,0.6440999999998875,0.6440999999998875,0.6440999999999819,24000,0.6441000000000072,6000,6000,0.5365712329758258,6000,0.5365712329758258,0.6530537993946778,0.3469462006053222,0.056,0.0,0.23385953903198242,frozen_v8_calibrated_2x2_semantic_replay,,,,,,,,,,,,,
EDF-FixedL3,24000,24000,0,0,0,0,300,6,1000,303,edf_fixed_l3,6000,0,0.0,6000,6000,0,0,0,0,0,0,1.0,0.0,0.0,0.0,24000,6000,18000,0,0,0,0,0,0,24000,6000,18000,0,0,0,0,0,0,0.6440999999998875,0.6440999999998875,0.6440999999999819,24000,0.6441000000000066,6000,6000,0.5365712329758261,6000,0.5365712329758261,0.6530537993946778,0.3469462006053222,0.056,0.0,0.22328996658325195,frozen_v8_calibrated_2x2_semantic_replay,,,,,,,,,,,,,
EDF-FixedL3,24000,24000,0,0,0,0,300,6,1000,404,edf_fixed_l3,6000,0,0.0,6000,6000,0,0,0,0,0,0,1.0,0.0,0.0,0.0,24000,6000,18000,0,0,0,0,0,0,24000,6000,18000,0,0,0,0,0,0,0.6440999999998875,0.6440999999998875,0.6440999999999819,24000,0.6441000000000069,6000,6000,0.5365712329758261,6000,0.5365712329758261,0.6530537993946778,0.3469462006053222,0.056,0.0,0.2429800033569336,frozen_v8_calibrated_2x2_semantic_replay,,,,,,,,,,,,,
EDF-FixedL3,24000,24000,0,0,0,0,300,6,1000,505,edf_fixed_l3,6000,0,0.0,6000,6000,0,0,0,0,0,0,1.0,0.0,0.0,0.0,24000,6000,18000,0,0,0,0,0,0,24000,6000,18000,0,0,0,0,0,0,0.6440999999998875,0.6440999999998875,0.6440999999999819,24000,0.6441000000000069,6000,6000,0.5365712329758263,6000,0.5365712329758263,0.6530537993946778,0.3469462006053222,0.056,0.0,0.22628450393676758,frozen_v8_calibrated_2x2_semantic_replay,,,,,,,,,,,,,
EDF-FixedL3,24000,24000,0,0,0,0,300,6,1000,606,edf_fixed_l3,6000,0,0.0,6000,6000,0,0,0,0,0,0,1.0,0.0,0.0,0.0,24000,6000,18000,0,0,0,0,0,0,24000,6000,18000,0,0,0,0,0,0,0.6440999999998875,0.6440999999998875,0.6440999999999819,24000,0.644100000000007,6000,6000,0.5365712329758259,6000,0.5365712329758259,0.6530537993946778,0.3469462006053222,0.056,0.0,0.2530837059020996,frozen_v8_calibrated_2x2_semantic_replay,,,,,,,,,,,,,
EDF-FixedL3,24000,24000,0,0,0,0,300,6,1000,707,edf_fixed_l3,6000,0,0.0,6000,6000,0,0,0,0,0,0,1.0,0.0,0.0,0.0,24000,6000,18000,0,0,0,0,0,0,24000,6000,18000,0,0,0,0,0,0,0.6440999999998875,0.6440999999998875,0.6440999999999819,24000,0.6441000000000076,6000,6000,0.5365712329758257,6000,0.5365712329758257,0.6530537993946778,0.3469462006053222,0.056,0.0,0.22744965553283691,frozen_v8_calibrated_2x2_semantic_replay,,,,,,,,,,,,,
EDF-FixedL3,24000,24000,0,0,0,0,300,6,1000,808,edf_fixed_l3,6000,0,0.0,6000,6000,0,0,0,0,0,0,1.0,0.0,0.0,0.0,24000,6000,18000,0,0,0,0,0,0,24000,6000,18000,0,0,0,0,0,0,0.6440999999998875,0.6440999999998875,0.6440999999999819,24000,0.6441000000000067,6000,6000,0.5365712329758253,6000,0.5365712329758253,0.6530537993946778,0.3469462006053222,0.056,0.0,0.2524604797363281,frozen_v8_calibrated_2x2_semantic_replay,,,,,,,,,,,,,
EDF-FixedL3,24000,24000,0,0,0,0,300,6,1000,909,edf_fixed_l3,6000,0,0.0,6000,6000,0,0,0,0,0,0,1.0,0.0,0.0,0.0,24000,6000,18000,0,0,0,0,0,0,24000,6000,18000,0,0,0,0,0,0,0.6440999999998875,0.6440999999998875,0.6440999999999819,24000,0.6441000000000053,6000,6000,0.5365712329758258,6000,0.5365712329758258,0.6530537993946778,0.3469462006053222,0.056,0.0,0.22054338455200195,frozen_v8_calibrated_2x2_semantic_replay,,,,,,,,,,,,,
EDF-FixedL3,24000,24000,0,0,0,0,300,6,1000,1010,edf_fixed_l3,6000,0,0.0,6000,6000,0,0,0,0,0,0,1.0,0.0,0.0,0.0,24000,6000,18000,0,0,0,0,0,0,24000,6000,18000,0,0,0,0,0,0,0.6440999999998875,0.6440999999998875,0.6440999999999819,24000,0.6441000000000064,6000,6000,0.5365712329758258,6000,0.5365712329758258,0.6530537993946778,0.3469462006053222,0.056,0.0,0.22101426124572754,frozen_v8_calibrated_2x2_semantic_replay,,,,,,,,,,,,,
EDF-FixedL3,32000,32000,0,0,0,0,300,8,1000,101,edf_fixed_l3,8000,0,0.0,8000,8000,0,0,0,0,0,0,1.0,0.0,0.0,0.0,32000,8000,24000,0,0,0,0,0,0,32000,8000,24000,0,0,0,0,0,0,0.6441000000001701,0.6441000000001701,0.6441000000000748,32000,0.644099999999999,8000,8000,0.536571232975825,8000,0.536571232975825,0.6530537993946778,0.3469462006053222,0.056,0.0,0.311596155166626,frozen_v8_calibrated_2x2_semantic_replay,,,,,,,,,,,,,
EDF-FixedL3,32000,32000,0,0,0,0,300,8,1000,202,edf_fixed_l3,8000,0,0.0,8000,8000,0,0,0,0,0,0,1.0,0.0,0.0,0.0,32000,8000,24000,0,0,0,0,0,0,32000,8000,24000,0,0,0,0,0,0,0.6441000000001701,0.6441000000001701,0.6441000000000748,32000,0.6440999999999997,8000,8000,0.536571232975824,8000,0.536571232975824,0.6530537993946778,0.3469462006053222,0.056,0.0,0.3028426170349121,frozen_v8_calibrated_2x2_semantic_replay,,,,,,,,,,,,,
EDF-FixedL3,32000,32000,0,0,0,0,300,8,1000,303,edf_fixed_l3,8000,0,0.0,8000,8000,0,0,0,0,0,0,1.0,0.0,0.0,0.0,32000,8000,24000,0,0,0,0,0,0,32000,8000,24000,0,0,0,0,0,0,0.6441000000001701,0.6441000000001701,0.6441000000000748,32000,0.6440999999999993,8000,8000,0.5365712329758248,8000,0.5365712329758248,0.6530537993946778,0.3469462006053222,0.056,0.0,0.3049612045288086,frozen_v8_calibrated_2x2_semantic_replay,,,,,,,,,,,,,
EDF-FixedL3,32000,32000,0,0,0,0,300,8,1000,404,edf_fixed_l3,8000,0,0.0,8000,8000,0,0,0,0,0,0,1.0,0.0,0.0,0.0,32000,8000,24000,0,0,0,0,0,0,32000,8000,24000,0,0,0,0,0,0,0.6441000000001701,0.6441000000001701,0.6441000000000748,32000,0.6440999999999973,8000,8000,0.5365712329758243,8000,0.5365712329758243,0.6530537993946778,0.3469462006053222,0.056,0.0,0.2998940944671631,frozen_v8_calibrated_2x2_semantic_replay,,,,,,,,,,,,,
EDF-FixedL3,32000,32000,0,0,0,0,300,8,1000,505,edf_fixed_l3,8000,0,0.0,8000,8000,0,0,0,0,0,0,1.0,0.0,0.0,0.0,32000,8000,24000,0,0,0,0,0,0,32000,8000,24000,0,0,0,0,0,0,0.6441000000001701,0.6441000000001701,0.6441000000000748,32000,0.6440999999999998,8000,8000,0.536571232975825,8000,0.536571232975825,0.6530537993946778,0.3469462006053222,0.056,0.0,0.30001068115234375,frozen_v8_calibrated_2x2_semantic_replay,,,,,,,,,,,,,
EDF-FixedL3,32000,32000,0,0,0,0,300,8,1000,606,edf_fixed_l3,8000,0,0.0,8000,8000,0,0,0,0,0,0,1.0,0.0,0.0,0.0,32000,8000,24000,0,0,0,0,0,0,32000,8000,24000,0,0,0,0,0,0,0.6441000000001701,0.6441000000001701,0.6441000000000748,32000,0.6441000000000009,8000,8000,0.5365712329758242,8000,0.5365712329758242,0.6530537993946778,0.3469462006053222,0.056,0.0,0.2968888282775879,frozen_v8_calibrated_2x2_semantic_replay,,,,,,,,,,,,,
EDF-FixedL3,32000,32000,0,0,0,0,300,8,1000,707,edf_fixed_l3,8000,0,0.0,8000,8000,0,0,0,0,0,0,1.0,0.0,0.0,0.0,32000,8000,24000,0,0,0,0,0,0,32000,8000,24000,0,0,0,0,0,0,0.6441000000001701,0.6441000000001701,0.6441000000000748,32000,0.6441000000000003,8000,8000,0.5365712329758242,8000,0.5365712329758242,0.6530537993946778,0.3469462006053222,0.056,0.0,0.31717634201049805,frozen_v8_calibrated_2x2_semantic_replay,,,,,,,,,,,,,
EDF-FixedL3,32000,32000,0,0,0,0,300,8,1000,808,edf_fixed_l3,8000,0,0.0,8000,8000,0,0,0,0,0,0,1.0,0.0,0.0,0.0,32000,8000,24000,0,0,0,0,0,0,32000,8000,24000,0,0,0,0,0,0,0.6441000000001701,0.6441000000001701,0.6441000000000748,32000,0.644100000000001,8000,8000,0.5365712329758235,8000,0.5365712329758235,0.6530537993946778,0.3469462006053222,0.056,0.0,0.31189465522766113,frozen_v8_calibrated_2x2_semantic_replay,,,,,,,,,,,,,
EDF-FixedL3,32000,32000,0,0,0,0,300,8,1000,909,edf_fixed_l3,8000,0,0.0,8000,8000,0,0,0,0,0,0,1.0,0.0,0.0,0.0,32000,8000,24000,0,0,0,0,0,0,32000,8000,24000,0,0,0,0,0,0,0.6441000000001701,0.6441000000001701,0.6441000000000748,32000,0.644099999999999,8000,8000,0.536571232975824,8000,0.536571232975824,0.6530537993946778,0.3469462006053222,0.056,0.0,0.30034470558166504,frozen_v8_calibrated_2x2_semantic_replay,,,,,,,,,,,,,
EDF-FixedL3,32000,32000,0,0,0,0,300,8,1000,1010,edf_fixed_l3,8000,0,0.0,8000,8000,0,0,0,0,0,0,1.0,0.0,0.0,0.0,32000,8000,24000,0,0,0,0,0,0,32000,8000,24000,0,0,0,0,0,0,0.6441000000001701,0.6441000000001701,0.6441000000000748,32000,0.6440999999999991,8000,8000,0.5365712329758248,8000,0.5365712329758248,0.6530537993946778,0.3469462006053222,0.056,0.0,0.31426501274108887,frozen_v8_calibrated_2x2_semantic_replay,,,,,,,,,,,,,
EDF-FixedL3,40000,34000,0,6000,0,0,300,10,1000,101,edf_fixed_l3,10000,1300,0.13,10000,8700,0,0,0,1300,1300,1300,0.87,0.13,0.0,0.13,34000,8700,25300,0,0,0,0,0,0,34000,8700,25300,0,0,0,0,0,0,0.6441000000002391,0.5474850000002033,0.5603670000000903,34000,0.5519066961074829,10000,10000,0.4621344105677295,8860,0.5306442850432379,0.529898448333262,0.47010155166673795,0.17,0.06850987447550838,0.3562586307525635,frozen_v8_calibrated_2x2_semantic_replay,,,,,,,,,,,,,
EDF-FixedL3,40000,34000,0,6000,0,0,300,10,1000,202,edf_fixed_l3,10000,1480,0.148,10000,8520,0,0,0,1480,1480,1480,0.852,0.148,0.0,0.148,34000,8520,25480,0,0,0,0,0,0,34000,8520,25480,0,0,0,0,0,0,0.6441000000002391,0.5474850000002033,0.5487732000000825,34000,0.5466077736017888,10000,10000,0.46431156785164085,8760,0.5370452598432167,0.5693099212985504,0.4306900787014496,0.174,0.07273369199157587,0.344876766204834,frozen_v8_calibrated_2x2_semantic_replay,,,,,,,,,,,,,
EDF-FixedL3,40000,34000,0,6000,0,0,300,10,1000,303,edf_fixed_l3,10000,1520,0.152,10000,8480,0,0,0,1520,1520,1520,0.848,0.152,0.0,0.152,34000,8480,25520,0,0,0,0,0,0,34000,8480,25520,0,0,0,0,0,0,0.6441000000002391,0.5474850000002033,0.5461968000000808,34000,0.5491464388333447,10000,10000,0.4559096088685797,8760,0.5301494740904747,0.5438206614858444,0.4561793385141556,0.19,0.07423986522189507,0.35758328437805176,frozen_v8_calibrated_2x2_semantic_replay,,,,,,,,,,,,,
EDF-FixedL3,40000,34000,0,6000,0,0,300,10,1000,404,edf_fixed_l3,10000,1500,0.15,10000,8500,0,0,0,1500,1500,1500,0.85,0.15,0.0,0.15,34000,8500,25500,0,0,0,0,0,0,34000,8500,25500,0,0,0,0,0,0,0.6441000000002391,0.5474850000002033,0.5474850000000816,34000,0.547513808827014,10000,10000,0.4555536719792136,8740,0.5299112679528494,0.5399973178484001,0.4600026821515999,0.186,0.07435759597363578,0.3507223129272461,frozen_v8_calibrated_2x2_semantic_replay,,,,,,,,,,,,,
EDF-FixedL3,40000,34000,0,6000,0,0,300,10,1000,505,edf_fixed_l3,10000,1520,0.152,10000,8480,0,0,0,1520,1520,1520,0.848,0.152,0.0,0.152,34000,8480,25520,0,0,0,0,0,0,34000,8480,25520,0,0,0,0,0,0,0.6441000000002391,0.5474850000002033,0.5461968000000808,34000,0.5461564954857059,10000,10000,0.4639274076635084,8760,0.5367873289936504,0.5554964284274769,0.44450357157252307,0.178,0.07285992133014207,0.3573179244995117,frozen_v8_calibrated_2x2_semantic_replay,,,,,,,,,,,,,
EDF-FixedL3,40000,34000,0,6000,0,0,300,10,1000,606,edf_fixed_l3,10000,1420,0.142,10000,8580,0,0,0,1420,1420,1420,0.858,0.142,0.0,0.142,34000,8580,25420,0,0,0,0,0,0,34000,8580,25420,0,0,0,0,0,0,0.6441000000002391,0.5474850000002033,0.5526378000000851,34000,0.5488759201503158,10000,10000,0.4590375437352977,8820,0.5312747552838721,0.5544679131335666,0.4455320868664334,0.176,0.07223721154857443,0.35169339179992676,frozen_v8_calibrated_2x2_semantic_replay,,,,,,,,,,,,,
EDF-FixedL3,40000,34000,0,6000,0,0,300,10,1000,707,edf_fixed_l3,10000,1500,0.15,10000,8500,0,0,0,1500,1500,1500,0.85,0.15,0.0,0.15,34000,8500,25500,0,0,0,0,0,0,34000,8500,25500,0,0,0,0,0,0,0.6441000000002391,0.5474850000002033,0.5474850000000816,34000,0.5472205486879241,10000,10000,0.4559670824550759,8780,0.5277933335023184,0.5622212600326194,0.4377787399673806,0.184,0.0718262510472425,0.35424041748046875,frozen_v8_calibrated_2x2_semantic_replay,,,,,,,,,,,,,
EDF-FixedL3,40000,34000,0,6000,0,0,300,10,1000,808,edf_fixed_l3,10000,1460,0.146,10000,8540,0,0,0,1460,1460,1460,0.854,0.146,0.0,0.146,34000,8540,25460,0,0,0,0,0,0,34000,8540,25460,0,0,0,0,0,0,0.6441000000002391,0.5474850000002033,0.5500614000000834,34000,0.5487544046592415,10000,10000,0.4657053193376618,8780,0.5361788765240559,0.5816014950810873,0.41839850491891273,0.178,0.07047355718639414,0.3627281188964844,frozen_v8_calibrated_2x2_semantic_replay,,,,,,,,,,,,,
EDF-FixedL3,40000,34000,0,6000,0,0,300,10,1000,909,edf_fixed_l3,10000,1340,0.134,10000,8660,0,0,0,1340,1340,1340,0.866,0.134,0.0,0.134,34000,8660,25340,0,0,0,0,0,0,34000,8660,25340,0,0,0,0,0,0,0.6441000000002391,0.5474850000002033,0.5577906000000886,34000,0.5489835827190318,10000,10000,0.4514448381012899,8860,0.518221056816885,0.5357362905909314,0.4642637094090686,0.184,0.06677621871559514,0.3578364849090576,frozen_v8_calibrated_2x2_semantic_replay,,,,,,,,,,,,,
EDF-FixedL3,40000,34000,0,6000,0,0,300,10,1000,1010,edf_fixed_l3,10000,1460,0.146,10000,8540,0,0,0,1460,1460,1460,0.854,0.146,0.0,0.146,34000,8540,25460,0,0,0,0,0,0,34000,8540,25460,0,0,0,0,0,0,0.6441000000002391,0.5474850000002033,0.5500614000000834,34000,0.5481355944067052,10000,10000,0.45415444102262825,8760,0.5283778874782298,0.5465658692005169,0.45343413079948314,0.192,0.07422344645560153,0.35530924797058105,frozen_v8_calibrated_2x2_semantic_replay,,,,,,,,,,,,,
EDF-Dynamic-Reservation,16000,13896,0,2104,0,0,100,4,1000,101,edf_dynamic_reservation,4000,920,0.23,4000,3080,0,0,0,920,920,920,0.77,0.23,0.0,0.23,13896,3080,10816,8312,0,8312,1176,0,1176,480,0,480,280,0,280,3648,3080,568,0.6151885434656803,0.5342912499999434,0.530068000000001,13896,0.5369012032661991,4000,4000,0.4094246813970455,3864,0.4437897370403684,0.585083573255668,0.41491642674433205,0.132,0.03436505564332287,0.4518306255340576,frozen_v8_calibrated_2x2_semantic_replay,,,,,,,,,,,,,
EDF-Dynamic-Reservation,16000,13960,0,2040,0,0,100,4,1000,202,edf_dynamic_reservation,4000,816,0.204,4000,3184,0,0,0,816,816,816,0.796,0.204,0.0,0.204,13960,3184,10776,8368,0,8368,1232,0,1232,472,0,472,240,0,240,3648,3184,464,0.6148736389684152,0.5364772499999423,0.5479664000000011,13960,0.5430980865733739,4000,4000,0.41935300181227414,3864,0.45063791347528354,0.5687788692942356,0.4312211307057644,0.124,0.031284911663009396,0.4401736259460449,frozen_v8_calibrated_2x2_semantic_replay,,,,,,,,,,,,,
EDF-Dynamic-Reservation,16000,13896,0,2104,0,0,100,4,1000,303,edf_dynamic_reservation,4000,928,0.232,4000,3072,0,0,0,928,928,928,0.768,0.232,0.0,0.232,13896,3072,10824,8272,0,8272,1232,0,1232,520,0,520,240,0,240,3632,3072,560,0.6151377662636097,0.534247149999945,0.528691200000001,13896,0.5359017567549175,4000,4000,0.41527568994614766,3872,0.44525049477692485,0.595107702728912,0.404892297271088,0.122,0.02997480483077719,0.43996429443359375,frozen_v8_calibrated_2x2_semantic_replay,,,,,,,,,,,,,
EDF-Dynamic-Reservation,16000,13952,0,2048,0,0,100,4,1000,404,edf_dynamic_reservation,4000,848,0.212,4000,3152,0,0,0,848,848,848,0.788,0.212,0.0,0.212,13952,3152,10800,8320,0,8320,1216,0,1216,544,0,544,288,0,288,3584,3152,432,0.6150066513760816,0.5362857999999432,0.542459200000001,13952,0.5402700853107516,4000,4000,0.4120527815593833,3856,0.4441657091745595,0.5754031511242411,0.4245968488757589,0.126,0.0321129276151762,0.45931553840637207,frozen_v8_calibrated_2x2_semantic_replay,,,,,,,,,,,,,
EDF-Dynamic-Reservation,16000,13976,0,2024,0,0,100,4,1000,505,edf_dynamic_reservation,4000,832,0.208,4000,3168,0,0,0,832,832,832,0.792,0.208,0.0,0.208,13976,3168,10808,8408,0,8408,1208,0,1208,440,0,440,296,0,296,3624,3168,456,0.6148048082426345,0.5370319999999412,0.545212800000001,13976,0.5408314481374665,4000,4000,0.40890715671186123,3912,0.4334259645905274,0.5846327220352107,0.41536727796478934,0.134,0.02451880787866617,0.44651055335998535,frozen_v8_calibrated_2x2_semantic_replay,,,,,,,,,,,,,
EDF-Dynamic-Reservation,16000,13888,0,2112,0,0,100,4,1000,606,edf_dynamic_reservation,4000,984,0.246,4000,3016,0,0,0,984,984,984,0.754,0.246,0.0,0.246,13888,3016,10872,8256,0,8256,1216,0,1216,488,0,488,280,0,280,3648,3016,632,0.6153600806450968,0.5341325499999441,0.519053600000001,13888,0.5330383387609771,4000,4000,0.4109457684698076,3864,0.4449561230309817,0.5685802013196285,0.4314197986803715,0.128,0.03401035456117407,0.4465963840484619,frozen_v8_calibrated_2x2_semantic_replay,,,,,,,,,,,,,
EDF-Dynamic-Reservation,16000,13960,0,2040,0,0,100,4,1000,707,edf_dynamic_reservation,4000,856,0.214,4000,3144,0,0,0,856,856,856,0.786,0.214,0.0,0.214,13960,3144,10816,8328,0,8328,1264,0,1264,536,0,536,224,0,224,3608,3144,464,0.6148409742119698,0.5364487499999436,0.5410824000000011,13960,0.5402308764288204,4000,4000,0.4117833031328238,3880,0.44343708622270633,0.5832874115844057,0.41671258841559433,0.134,0.03165378308988254,0.44408750534057617,frozen_v8_calibrated_2x2_semantic_replay,,,,,,,,,,,,,
EDF-Dynamic-Reservation,16000,13848,0,2152,0,0,100,4,1000,808,edf_dynamic_reservation,4000,944,0.236,4000,3056,0,0,0,944,944,944,0.764,0.236,0.0,0.236,13848,3056,10792,8256,0,8256,1168,0,1168,480,0,480,264,0,264,3680,3056,624,0.615435470826048,0.5326593999999445,0.525937600000001,13848,0.5308748529603217,4000,4000,0.4026581461637558,3896,0.4342138991527174,0.5498439216913942,0.4501560783086058,0.144,0.03155575298896163,0.430924654006958,frozen_v8_calibrated_2x2_semantic_replay,,,,,,,,,,,,,
EDF-Dynamic-Reservation,16000,13920,0,2080,0,0,100,4,1000,909,edf_dynamic_reservation,4000,912,0.228,4000,3088,0,0,0,912,912,912,0.772,0.228,0.0,0.228,13920,3088,10832,8384,0,8384,1200,0,1200,480,0,480,176,0,176,3680,3088,592,0.6147431034482117,0.5348264999999441,0.531444800000001,13920,0.5357582440524692,4000,4000,0.4195196213580435,3872,0.4517404731923063,0.5757655280216016,0.42423447197839836,0.12,0.03222085183426282,0.4378952980041504,frozen_v8_calibrated_2x2_semantic_replay,,,,,,,,,,,,,
EDF-Dynamic-Reservation,16000,14008,0,1992,0,0,100,4,1000,1010,edf_dynamic_reservation,4000,832,0.208,4000,3168,0,0,0,832,832,832,0.792,0.208,0.0,0.208,14008,3168,10840,8496,0,8496,1224,0,1224,384,0,384,248,0,248,3656,3168,488,0.6144354654482463,0.5379382499999397,0.545212800000001,14008,0.5411097438950367,4000,4000,0.4179866474754905,3872,0.4490900823158864,0.5864899821967448,0.41351001780325525,0.13,0.03110343484039585,0.4427945613861084,frozen_v8_calibrated_2x2_semantic_replay,,,,,,,,,,,,,
EDF-Dynamic-Reservation,24000,13920,0,10080,0,0,100,6,1000,101,edf_dynamic_reservation,6000,2908,0.4846666666666667,6000,3092,0,0,0,2908,2908,2908,0.5153333333333333,0.4846666666666667,0.0,0.4846666666666667,13920,3092,10828,8328,0,8328,1208,0,1208,492,0,492,276,0,276,3616,3092,524,0.6149941091953366,0.35669658333329524,0.35475546666666735,13920,0.3581516274339304,6000,6000,0.2784498714855204,3876,0.4491731411699418,0.3769931261691311,0.623006873830869,0.4166666666666667,0.17072326968442136,0.808260440826416,frozen_v8_calibrated_2x2_semantic_replay,,,,,,,,,,,,,
EDF-Dynamic-Reservation,24000,13936,0,10064,0,0,100,6,1000,202,edf_dynamic_reservation,6000,2844,0.474,6000,3156,0,0,0,2844,2844,2844,0.526,0.474,0.0,0.474,13936,3156,10780,8336,0,8336,1220,0,1220,484,0,484,260,0,260,3636,3156,480,0.6149983352467766,0.35710903333329497,0.3620984000000007,13936,0.360084866263637,6000,6000,0.279845283752567,3872,0.45149973805720506,0.38242953863832807,0.6175704613616719,0.416,0.17165445430463805,0.7987520694732666,frozen_v8_calibrated_2x2_semantic_replay,,,,,,,,,,,,,
EDF-Dynamic-Reservation,24000,13944,0,10056,0,0,100,6,1000,303,edf_dynamic_reservation,6000,2896,0.4826666666666667,6000,3104,0,0,0,2896,2896,2896,0.5173333333333333,0.4826666666666667,0.0,0.4826666666666667,13944,3104,10840,8324,0,8324,1248,0,1248,516,0,516,232,0,232,3624,3104,520,0.6149230923694131,0.357270316666629,0.35613226666666736,13944,0.3589101571343539,6000,6000,0.2778170474296611,3880,0.4449473374046391,0.3931982591676653,0.6068017408323347,0.41733333333333333,0.16713028997497797,0.795018196105957,frozen_v8_calibrated_2x2_semantic_replay,,,,,,,,,,,,,
EDF-Dynamic-Reservation,24000,13984,0,10016,0,0,100,6,1000,404,edf_dynamic_reservation,6000,2848,0.4746666666666667,6000,3152,0,0,0,2848,2848,2848,0.5253333333333333,0.4746666666666667,0.0,0.4746666666666667,13984,3152,10832,8384,0,8384,1232,0,1232,528,0,528,248,0,248,3592,3152,440,0.6146884439358612,0.3581584666666285,0.36163946666666735,13984,0.36027059295749064,6000,6000,0.27400194608945966,3860,0.44282120728530927,0.38073248428206136,0.6192675157179386,0.418,0.1688192611958496,0.8030695915222168,frozen_v8_calibrated_2x2_semantic_replay,,,,,,,,,,,,,
EDF-Dynamic-Reservation,24000,13956,0,10044,0,0,100,6,1000,505,edf_dynamic_reservation,6000,2852,0.47533333333333333,6000,3148,0,0,0,2852,2852,2852,0.5246666666666666,0.47533333333333333,0.0,0.47533333333333333,13956,3148,10808,8372,0,8372,1208,0,1208,460,0,460,280,0,280,3636,3148,488,0.614935712238397,0.3575851166666279,0.361180533333334,13956,0.3600930794297514,6000,6000,0.27633502179189035,3884,0.44472502302179595,0.38201890458038246,0.6179810954196175,0.41733333333333333,0.1683900012299056,0.7920939922332764,frozen_v8_calibrated_2x2_semantic_replay,,,,,,,,,,,,,
EDF-Dynamic-Reservation,24000,13932,0,10068,0,0,100,6,1000,606,edf_dynamic_reservation,6000,2868,0.478,6000,3132,0,0,0,2868,2868,2868,0.522,0.478,0.0,0.478,13932,3132,10800,8336,0,8336,1236,0,1236,480,0,480,232,0,232,3648,3132,516,0.6149404249209797,0.3569729166666287,0.3593448000000007,13932,0.358047663925455,6000,6000,0.2752979893477636,3864,0.4460571787094331,0.37535972551824365,0.6246402744817563,0.42,0.1707591893616695,0.79707932472229,frozen_v8_calibrated_2x2_semantic_replay,,,,,,,,,,,,,
EDF-Dynamic-Reservation,24000,13996,0,10004,0,0,100,6,1000,707,edf_dynamic_reservation,6000,2872,0.4786666666666667,6000,3128,0,0,0,2872,2872,2872,0.5213333333333333,0.4786666666666667,0.0,0.4786666666666667,13996,3128,10868,8400,0,8400,1244,0,1244,492,0,492,268,0,268,3592,3128,464,0.6146584166904161,0.358448299999961,0.35888586666666733,13996,0.3608800914835047,6000,6000,0.2772543250077979,3892,0.4462339840093901,0.37995016945884363,0.6200498305411564,0.416,0.16897965900159218,0.7926561832427979,frozen_v8_calibrated_2x2_semantic_replay,,,,,,,,,,,,,
EDF-Dynamic-Reservation,24000,13868,0,10132,0,0,100,6,1000,808,edf_dynamic_reservation,6000,2932,0.4886666666666667,6000,3068,0,0,0,2932,2932,2932,0.5113333333333333,0.4886666666666667,0.0,0.4886666666666667,13868,3068,10800,8280,0,8280,1172,0,1172,512,0,512,252,0,252,3652,3068,584,0.6152422555522868,0.3555074833332964,0.35200186666666733,13868,0.3564597551007096,6000,6000,0.2739312137822278,3892,0.4411065447927415,0.37041787081178607,0.629582129188214,0.42133333333333334,0.16717533101051368,0.7955043315887451,frozen_v8_calibrated_2x2_semantic_replay,,,,,,,,,,,,,
EDF-Dynamic-Reservation,24000,13968,0,10032,0,0,100,6,1000,909,edf_dynamic_reservation,6000,2928,0.488,6000,3072,0,0,0,2928,2928,2928,0.512,0.488,0.0,0.488,13968,3072,10896,8384,0,8384,1240,0,1240,500,0,500,236,0,236,3608,3072,536,0.6146658934707246,0.35773554999996177,0.3524608000000007,13968,0.35858515375017336,6000,6000,0.27710032161990755,3864,0.44736355614015927,0.3813008067088849,0.6186991932911151,0.4186666666666667,0.17026323452025172,0.8228733539581299,frozen_v8_calibrated_2x2_semantic_replay,,,,,,,,,,,,,
EDF-Dynamic-Reservation,24000,14016,0,9984,0,0,100,6,1000,1010,edf_dynamic_reservation,6000,2836,0.4726666666666667,6000,3164,0,0,0,2836,2836,2836,0.5273333333333333,0.4726666666666667,0.0,0.4726666666666667,14016,3164,10852,8464,0,8464,1236,0,1236,444,0,444,256,0,256,3616,3164,452,0.6144690068492468,0.35884989999996014,0.36301626666666736,14016,0.3611585434744965,6000,6000,0.28001481161082425,3880,0.4510848608600613,0.3892801321612204,0.6107198678387795,0.41533333333333333,0.17107004924923702,0.8005807399749756,frozen_v8_calibrated_2x2_semantic_replay,,,,,,,,,,,,,
EDF-Dynamic-Reservation,32000,13896,0,18104,0,0,100,8,1000,101,edf_dynamic_reservation,8000,4920,0.615,8000,3080,0,0,0,4920,4920,4920,0.385,0.615,0.0,0.615,13896,3080,10816,8312,0,8312,1176,0,1176,480,0,480,280,0,280,3648,3080,568,0.6151885434656803,0.2671456249999717,0.2650340000000005,13896,0.26845060163309886,8000,8000,0.2047123406985228,3864,0.44378973704036806,0.292541786627834,0.7074582133721661,0.566,0.23907739634184527,1.1773295402526855,frozen_v8_calibrated_2x2_semantic_replay,,,,,,,,,,,,,
EDF-Dynamic-Reservation,32000,13960,0,18040,0,0,100,8,1000,202,edf_dynamic_reservation,8000,4816,0.602,8000,3184,0,0,0,4816,4816,4816,0.398,0.602,0.0,0.602,13960,3184,10776,8368,0,8368,1232,0,1232,472,0,472,240,0,240,3648,3184,464,0.6148736389684152,0.26823862499997114,0.27398320000000054,13960,0.2715490432866863,8000,8000,0.20967650090613696,3864,0.4506379134752839,0.2843894346471178,0.7156105653528821,0.562,0.24096141256914697,1.1738784313201904,frozen_v8_calibrated_2x2_semantic_replay,,,,,,,,,,,,,
EDF-Dynamic-Reservation,32000,13896,0,18104,0,0,100,8,1000,303,edf_dynamic_reservation,8000,4928,0.616,8000,3072,0,0,0,4928,4928,4928,0.384,0.616,0.0,0.616,13896,3072,10824,8272,0,8272,1232,0,1232,520,0,520,240,0,240,3632,3072,560,0.6151377662636095,0.26712357499997247,0.2643456000000005,13896,0.2679508783774572,8000,8000,0.20763784497307383,3872,0.44525049477692463,0.297553851364456,0.702446148635544,0.561,0.2376126498038508,1.177323341369629,frozen_v8_calibrated_2x2_semantic_replay,,,,,,,,,,,,,
EDF-Dynamic-Reservation,32000,13952,0,18048,0,0,100,8,1000,404,edf_dynamic_reservation,8000,4848,0.606,8000,3152,0,0,0,4848,4848,4848,0.394,0.606,0.0,0.606,13952,3152,10800,8320,0,8320,1216,0,1216,544,0,544,288,0,288,3584,3152,432,0.6150066513760817,0.26814289999997165,0.2712296000000005,13952,0.2701350426553755,8000,8000,0.20602639077969195,3856,0.4441657091745596,0.28770157556212056,0.7122984244378794,0.563,0.23813931839486766,1.1867749691009521,frozen_v8_calibrated_2x2_semantic_replay,,,,,,,,,,,,,
EDF-Dynamic-Reservation,32000,13976,0,18024,0,0,100,8,1000,505,edf_dynamic_reservation,8000,4832,0.604,8000,3168,0,0,0,4832,4832,4832,0.396,0.604,0.0,0.604,13976,3168,10808,8408,0,8408,1208,0,1208,440,0,440,296,0,296,3624,3168,456,0.6148048082426342,0.26851599999997044,0.2726064000000005,13976,0.27041572406873243,8000,8000,0.20445357835593048,3912,0.4334259645905273,0.29231636101760533,0.7076836389823946,0.567,0.22897238623459681,1.1898925304412842,frozen_v8_calibrated_2x2_semantic_replay,,,,,,,,,,,,,
EDF-Dynamic-Reservation,32000,13888,0,18112,0,0,100,8,1000,606,edf_dynamic_reservation,8000,4984,0.623,8000,3016,0,0,0,4984,4984,4984,0.377,0.623,0.0,0.623,13888,3016,10872,8256,0,8256,1216,0,1216,488,0,488,280,0,280,3648,3016,632,0.6153600806450971,0.2670662749999721,0.2595268000000005,13888,0.26651916938048775,8000,8000,0.20547288423490404,3864,0.44495612303098214,0.28429010065981425,0.7157098993401858,0.564,0.2394832387960781,1.1712868213653564,frozen_v8_calibrated_2x2_semantic_replay,,,,,,,,,,,,,
EDF-Dynamic-Reservation,32000,13960,0,18040,0,0,100,8,1000,707,edf_dynamic_reservation,8000,4856,0.607,8000,3144,0,0,0,4856,4856,4856,0.393,0.607,0.0,0.607,13960,3144,10816,8328,0,8328,1264,0,1264,536,0,536,224,0,224,3608,3144,464,0.6148409742119695,0.2682243749999717,0.27054120000000054,13960,0.2701160974126872,8000,8000,0.2058624246704327,3880,0.4433862168467709,0.2916448597603159,0.7083551402396842,0.567,0.23752379217633818,1.1596522331237793,frozen_v8_calibrated_2x2_semantic_replay,,,,,,,,,,,,,
EDF-Dynamic-Reservation,32000,13848,0,18152,0,0,100,8,1000,808,edf_dynamic_reservation,8000,4944,0.618,8000,3056,0,0,0,4944,4944,4944,0.382,0.618,0.0,0.618,13848,3056,10792,8256,0,8256,1168,0,1168,480,0,480,264,0,264,3680,3056,624,0.615435470826048,0.26632969999997225,0.2629688000000005,13848,0.2654377648320975,8000,8000,0.20132907308187747,3896,0.4342138991527171,0.2749219608456971,0.7250780391543029,0.572,0.2328848260708396,1.1819779872894287,frozen_v8_calibrated_2x2_semantic_replay,,,,,,,,,,,,,
EDF-Dynamic-Reservation,32000,13920,0,18080,0,0,100,8,1000,909,edf_dynamic_reservation,8000,4912,0.614,8000,3088,0,0,0,4912,4912,4912,0.386,0.614,0.0,0.614,13920,3088,10832,8384,0,8384,1200,0,1200,480,0,480,176,0,176,3680,3088,592,0.6147431034482111,0.26741324999997185,0.2657224000000005,13920,0.2678791220262336,8000,8000,0.2097598106790219,3872,0.4517404731923067,0.2878827640108008,0.7121172359891992,0.56,0.2419806625132848,1.1618127822875977,frozen_v8_calibrated_2x2_semantic_replay,,,,,,,,,,,,,
EDF-Dynamic-Reservation,32000,14008,0,17992,0,0,100,8,1000,1010,edf_dynamic_reservation,8000,4832,0.604,8000,3168,0,0,0,4832,4832,4832,0.396,0.604,0.0,0.604,14008,3168,10840,8496,0,8496,1224,0,1224,384,0,384,248,0,248,3656,3168,488,0.6144354654482465,0.2689691249999699,0.2726064000000005,14008,0.27055487194751626,8000,8000,0.20899332373774554,3872,0.44909008231588715,0.2932449910983724,0.7067550089016277,0.565,0.2400967585781416,1.1821293830871582,frozen_v8_calibrated_2x2_semantic_replay,,,,,,,,,,,,,
EDF-Dynamic-Reservation,40000,13800,0,26200,0,0,100,10,1000,101,edf_dynamic_reservation,10000,7040,0.704,10000,2960,0,0,0,7040,7040,7040,0.296,0.704,0.0,0.704,13800,2960,10840,8140,0,8140,1140,0,1140,620,0,620,280,0,280,3620,2960,660,0.6157762318839972,0.21244279999997903,0.2037664000000004,13800,0.21050199243957418,10000,10000,0.1640565405313923,3800,0.45082679450632124,0.2609809338915572,0.7390190661084428,0.658,0.28677025397492895,1.5976276397705078,frozen_v8_calibrated_2x2_semantic_replay,,,,,,,,,,,,,
EDF-Dynamic-Reservation,40000,13960,0,26040,0,0,100,10,1000,202,edf_dynamic_reservation,10000,6940,0.694,10000,3060,0,0,0,6940,6940,6940,0.306,0.694,0.0,0.694,13960,3060,10900,8200,0,8200,1300,0,1300,660,0,660,260,0,260,3540,3060,480,0.6152300859598233,0.21471529999997832,0.2106504000000004,13960,0.2142416528903588,10000,10000,0.16133173305994894,3860,0.43604204243893285,0.18372474695333874,0.8162752530466613,0.648,0.2747103093789839,1.6231486797332764,frozen_v8_calibrated_2x2_semantic_replay,,,,,,,,,,,,,
EDF-Dynamic-Reservation,40000,13860,0,26140,0,0,100,10,1000,303,edf_dynamic_reservation,10000,6800,0.68,10000,3200,0,0,0,6800,6800,6800,0.32,0.68,0.0,0.68,13860,3200,10660,8320,0,8320,1200,0,1200,400,0,400,200,0,200,3740,3200,540,0.6151584415583767,0.21315239999997754,0.22028800000000043,13860,0.21779977747456375,10000,10000,0.17122605585664766,3780,0.47155055705127397,0.2409773087831563,0.7590226912168437,0.65,0.3003245011946263,1.6397349834442139,frozen_v8_calibrated_2x2_semantic_replay,,,,,,,,,,,,,
EDF-Dynamic-Reservation,40000,14020,0,25980,0,0,100,10,1000,404,edf_dynamic_reservation,10000,6820,0.682,10000,3180,0,0,0,6820,6820,6820,0.318,0.682,0.0,0.682,14020,3180,10840,8360,0,8360,1260,0,1260,680,0,680,200,0,200,3520,3180,340,0.6144974322395943,0.2153813499999778,0.21891120000000042,14020,0.21696377412366258,10000,10000,0.1615106130473381,3800,0.43912470176627033,0.21249323383160854,0.7875067661683914,0.65,0.27761408871893223,1.632646083831787,frozen_v8_calibrated_2x2_semantic_replay,,,,,,,,,,,,,
EDF-Dynamic-Reservation,40000,13980,0,26020,0,0,100,10,1000,505,edf_dynamic_reservation,10000,6860,0.686,10000,3140,0,0,0,6860,6860,6860,0.314,0.686,0.0,0.686,13980,3140,10840,8460,0,8460,1160,0,1160,420,0,420,300,0,300,3640,3140,500,0.61471859799707,0.21484414999997595,0.21615760000000042,13980,0.21621997830954734,10000,10000,0.17689000497769333,3820,0.47622804725010415,0.2478459742709621,0.7521540257290379,0.64,0.2993380422724108,1.5946168899536133,frozen_v8_calibrated_2x2_semantic_replay,,,,,,,,,,,,,
EDF-Dynamic-Reservation,40000,13940,0,26060,0,0,100,10,1000,606,edf_dynamic_reservation,10000,6900,0.69,10000,3100,0,0,0,6900,6900,6900,0.31,0.69,0.0,0.69,13940,3100,10840,8300,0,8300,1280,0,1280,480,0,480,220,0,220,3660,3100,560,0.6150571018650713,0.21434739999997737,0.2134040000000004,13940,0.21297266655901195,10000,10000,0.16858239761051583,3920,0.4438665620733178,0.2429880982201608,0.7570119017798392,0.648,0.275284164462802,1.6095054149627686,frozen_v8_calibrated_2x2_semantic_replay,,,,,,,,,,,,,
EDF-Dynamic-Reservation,40000,14140,0,25860,0,0,100,10,1000,707,edf_dynamic_reservation,10000,6840,0.684,10000,3160,0,0,0,6840,6840,6840,0.316,0.684,0.0,0.684,14140,3160,10980,8680,0,8680,1280,0,1280,380,0,380,220,0,220,3580,3160,420,0.6134677510607488,0.2168608499999747,0.2175344000000004,14140,0.21815319388563703,10000,10000,0.17270481618421035,3960,0.4545655044624645,0.23714587912629118,0.7628541208737089,0.644,0.28186068827825417,1.6062226295471191,frozen_v8_calibrated_2x2_semantic_replay,,,,,,,,,,,,,
EDF-Dynamic-Reservation,40000,14020,0,25980,0,0,100,10,1000,808,edf_dynamic_reservation,10000,6880,0.688,10000,3120,0,0,0,6880,6880,6880,0.312,0.688,0.0,0.688,14020,3120,10900,8460,0,8460,1200,0,1200,540,0,540,240,0,240,3580,3120,460,0.6144155492153397,0.21535264999997658,0.2147808000000004,14020,0.2170074148855283,10000,10000,0.16035200371771777,3860,0.4325738018273749,0.22328340855144774,0.7767165914485523,0.652,0.2722217981096572,1.609147310256958,frozen_v8_calibrated_2x2_semantic_replay,,,,,,,,,,,,,
EDF-Dynamic-Reservation,40000,14020,0,25980,0,0,100,10,1000,909,edf_dynamic_reservation,10000,6940,0.694,10000,3060,0,0,0,6940,6940,6940,0.306,0.694,0.0,0.694,14020,3060,10960,8520,0,8520,1240,0,1240,480,0,480,160,0,160,3620,3060,560,0.6140248216832426,0.2152156999999765,0.2106504000000004,14020,0.2142962323561567,10000,10000,0.17690251032335746,3940,0.47495109828119675,0.23791954056243253,0.7620804594375674,0.634,0.2980485879578393,1.6103050708770752,frozen_v8_calibrated_2x2_semantic_replay,,,,,,,,,,,,,
EDF-Dynamic-Reservation,40000,14080,0,25920,0,0,100,10,1000,1010,edf_dynamic_reservation,10000,6880,0.688,10000,3120,0,0,0,6880,6880,6880,0.312,0.688,0.0,0.688,14080,3120,10960,8680,0,8680,1160,0,1160,340,0,340,260,0,260,3640,3120,520,0.6138279829544732,0.21606744999997454,0.2147808000000004,14080,0.21597143094543803,10000,10000,0.16412881536619617,3880,0.4443693562127189,0.24727121572436517,0.7527287842756348,0.646,0.2802405408465227,1.633803367614746,frozen_v8_calibrated_2x2_semantic_replay,,,,,,,,,,,,,
EDF-Dynamic-Reservation,16000,15723,0,277,0,0,150,4,1000,101,edf_dynamic_reservation,4000,277,0.06925,4000,3723,0,0,0,277,277,277,0.93075,0.06925,0.0,0.06925,15723,3723,12000,5409,0,5409,947,0,947,192,0,192,1313,0,1313,7862,3723,4139,0.644715264262415,0.633553631249872,0.6407283000000012,15723,0.6354073428436002,4000,4000,0.46192748787242965,3950,0.4709317766774485,0.6346547154310512,0.36534528456894877,0.0785,0.009004288805018856,0.33470726013183594,frozen_v8_calibrated_2x2_semantic_replay,,,,,,,,,,,,,
EDF-Dynamic-Reservation,16000,15724,0,276,0,0,150,4,1000,202,edf_dynamic_reservation,4000,276,0.069,4000,3724,0,0,0,276,276,276,0.931,0.069,0.0,0.069,15724,3724,12000,5394,0,5394,990,0,990,248,0,248,1204,0,1204,7888,3724,4164,0.6445796871023898,0.6334606874998735,0.6409004000000013,15724,0.6365390705860621,4000,4000,0.47056749125134884,3992,0.4751755048728796,0.6295543309206333,0.3704456690793667,0.0645,0.004608013621530738,0.3289978504180908,frozen_v8_calibrated_2x2_semantic_replay,,,,,,,,,,,,,
EDF-Dynamic-Reservation,16000,15791,0,209,0,0,150,4,1000,303,edf_dynamic_reservation,4000,209,0.05225,4000,3791,0,0,0,209,209,209,0.94775,0.05225,0.0,0.05225,15791,3791,12000,5589,0,5589,925,0,925,208,0,208,1225,0,1225,7844,3791,4053,0.643794940155652,0.6353853687498688,0.6524311000000013,15791,0.6387522949211359,4000,4000,0.46834002062897356,3984,0.47405047736450057,0.6355745001401659,0.3644254998598341,0.068,0.005710456735527003,0.31892991065979004,frozen_v8_calibrated_2x2_semantic_replay,,,,,,,,,,,,,
EDF-Dynamic-Reservation,16000,15755,0,245,0,0,150,4,1000,404,edf_dynamic_reservation,4000,245,0.06125,4000,3755,0,0,0,245,245,245,0.93875,0.06125,0.0,0.06125,15755,3755,12000,5476,0,5476,919,0,919,240,0,240,1283,0,1283,7837,3755,4082,0.6443576959694018,0.6344909687498703,0.6462355000000013,15755,0.6370267153318081,4000,4000,0.46598880449961516,3974,0.4738834639805995,0.6324394572690141,0.36756054273098593,0.0745,0.007894659480984334,0.33221888542175293,frozen_v8_calibrated_2x2_semantic_replay,,,,,,,,,,,,,
EDF-Dynamic-Reservation,16000,15751,0,249,0,0,150,4,1000,505,edf_dynamic_reservation,4000,249,0.06225,4000,3751,0,0,0,249,249,249,0.93775,0.06225,0.0,0.06225,15751,3751,12000,5530,0,5530,864,0,864,232,0,232,1281,0,1281,7844,3751,4093,0.6442406831310978,0.6342146874998701,0.6455471000000013,15751,0.6351590997902801,4000,4000,0.4710466387486371,3992,0.4751901779515059,0.6376626466538923,0.3623373533461077,0.06675,0.004143539202868807,0.334444522857666,frozen_v8_calibrated_2x2_semantic_replay,,,,,,,,,,,,,
EDF-Dynamic-Reservation,16000,15743,0,257,0,0,150,4,1000,606,edf_dynamic_reservation,4000,257,0.06425,4000,3743,0,0,0,257,257,257,0.93575,0.06425,0.0,0.06425,15743,3743,12000,5419,0,5419,963,0,963,224,0,224,1297,0,1297,7840,3743,4097,0.6445556310739968,0.6342024562498708,0.6441703000000012,15743,0.6359306609061726,4000,4000,0.4675202696827981,3984,0.471474073639283,0.6397912747811562,0.36020872521884384,0.07225,0.003953803956484925,0.33504247665405273,frozen_v8_calibrated_2x2_semantic_replay,,,,,,,,,,,,,
EDF-Dynamic-Reservation,16000,15777,0,223,0,0,150,4,1000,707,edf_dynamic_reservation,4000,223,0.05575,4000,3777,0,0,0,223,223,223,0.94425,0.05575,0.0,0.05575,15777,3777,12000,5467,0,5467,1011,0,1011,280,0,280,1159,0,1159,7860,3777,4083,0.6440814666918898,0.6351045812498716,0.6500217000000013,15777,0.6383398540085181,4000,4000,0.4663121421731871,3959,0.47362957114426674,0.6396969172813401,0.36030308271865985,0.07325,0.00731742897107962,0.34647393226623535,frozen_v8_calibrated_2x2_semantic_replay,,,,,,,,,,,,,
EDF-Dynamic-Reservation,16000,15753,0,247,0,0,150,4,1000,808,edf_dynamic_reservation,4000,247,0.06175,4000,3753,0,0,0,247,247,247,0.93825,0.06175,0.0,0.06175,15753,3753,12000,5475,0,5475,946,0,946,208,0,208,1265,0,1265,7859,3753,4106,0.6443464863834142,0.6343993874998702,0.6458913000000013,15753,0.6357594171225919,4000,4000,0.47159780460844825,4000,0.47409050158759775,0.6332255156197415,0.3667744843802585,0.062,0.0024926969791495,0.3321261405944824,frozen_v8_calibrated_2x2_semantic_replay,,,,,,,,,,,,,
EDF-Dynamic-Reservation,16000,15750,0,250,0,0,150,4,1000,909,edf_dynamic_reservation,4000,250,0.0625,4000,3750,0,0,0,250,250,250,0.9375,0.0625,0.0,0.0625,15750,3750,12000,5502,0,5502,927,0,927,176,0,176,1288,0,1288,7857,3750,4107,0.644302634920503,0.6342354062498702,0.6453750000000013,15750,0.6367284313197815,4000,4000,0.4725010841823268,3992,0.47713814137039673,0.6359756173956077,0.3640243826043923,0.067,0.0046370571880699485,0.3171555995941162,frozen_v8_calibrated_2x2_semantic_replay,,,,,,,,,,,,,
EDF-Dynamic-Reservation,16000,15700,0,300,0,0,150,4,1000,1010,edf_dynamic_reservation,4000,300,0.075,4000,3700,0,0,0,300,300,300,0.925,0.075,0.0,0.075,15700,3700,12000,5455,0,5455,863,0,863,208,0,208,1312,0,1312,7862,3700,4162,0.6446616242036914,0.6325742187498722,0.6367700000000013,15700,0.6344428528202526,4000,4000,0.46377951452625804,3965,0.47040071767804964,0.6373849009536805,0.3626150990463195,0.082,0.006621203151791599,0.3217804431915283,frozen_v8_calibrated_2x2_semantic_replay,,,,,,,,,,,,,
EDF-Dynamic-Reservation,24000,21004,0,2996,0,0,150,6,1000,101,edf_dynamic_reservation,6000,1484,0.24733333333333332,6000,4516,0,0,0,1484,1484,1484,0.7526666666666667,0.24733333333333332,0.0,0.24733333333333332,21004,4516,16488,12337,0,12337,2226,0,2226,476,0,476,705,0,705,5260,4516,744,0.6151923157492131,0.5383958083331863,0.5181357333333344,21004,0.5363066055592808,6000,6000,0.41311080742030676,5708,0.4512233280618543,0.5690373032006981,0.4309626967993019,0.13133333333333333,0.03811252064154752,0.8835837841033936,frozen_v8_calibrated_2x2_semantic_replay,,,,,,,,,,,,,
EDF-Dynamic-Reservation,24000,21011,0,2989,0,0,150,6,1000,202,edf_dynamic_reservation,6000,1391,0.23183333333333334,6000,4609,0,0,0,1391,1391,1391,0.7681666666666667,0.23183333333333334,0.0,0.23183333333333334,21011,4609,16402,12459,0,12459,2183,0,2183,457,0,457,608,0,608,5304,4609,695,0.6148360953784405,0.5382633833331839,0.5288059333333344,21011,0.5372625907009986,6000,6000,0.41549596496368707,5680,0.4532539458564954,0.5826236085995132,0.41737639140048677,0.13416666666666666,0.03775798089280835,0.8918964862823486,frozen_v8_calibrated_2x2_semantic_replay,,,,,,,,,,,,,
EDF-Dynamic-Reservation,24000,21113,0,2887,0,0,150,6,1000,303,edf_dynamic_reservation,6000,1387,0.23116666666666666,6000,4613,0,0,0,1387,1387,1387,0.7688333333333334,0.23116666666666666,0.0,0.23116666666666666,21113,4613,16500,12545,0,12545,2312,0,2312,418,0,418,528,0,528,5310,4613,697,0.6144577464119909,0.5405435999998486,0.5292648666666677,21113,0.540938082984208,6000,6000,0.41863965876175324,5749,0.45137873031937703,0.5834469511104649,0.41655304888953515,0.121,0.03273907155762379,0.8943862915039062,frozen_v8_calibrated_2x2_semantic_replay,,,,,,,,,,,,,
EDF-Dynamic-Reservation,24000,21253,0,2747,0,0,150,6,1000,404,edf_dynamic_reservation,6000,1296,0.216,6000,4704,0,0,0,1296,1296,1296,0.784,0.216,0.0,0.216,21253,4704,16549,12705,0,12705,2297,0,2297,398,0,398,541,0,541,5312,4704,608,0.6142029689924394,0.5439023208331798,0.5397056000000011,21253,0.5438022327477198,6000,6000,0.4086571205869846,5700,0.44497594398439694,0.5751017559465694,0.4248982440534306,0.13366666666666666,0.036318823397412325,0.9066073894500732,frozen_v8_calibrated_2x2_semantic_replay,,,,,,,,,,,,,
EDF-Dynamic-Reservation,24000,21071,0,2929,0,0,150,6,1000,505,edf_dynamic_reservation,6000,1368,0.228,6000,4632,0,0,0,1368,1368,1368,0.772,0.228,0.0,0.228,21071,4632,16439,12466,0,12466,2254,0,2254,490,0,490,574,0,574,5287,4632,655,0.6147284893928339,0.53970599999985,0.531444800000001,21071,0.5403969391076641,6000,6000,0.41157799071233,5709,0.449884323157761,0.5801508884743946,0.41984911152560545,0.13116666666666665,0.038306332445431024,0.9120235443115234,frozen_v8_calibrated_2x2_semantic_replay,,,,,,,,,,,,,
EDF-Dynamic-Reservation,24000,21089,0,2911,0,0,150,6,1000,606,edf_dynamic_reservation,6000,1398,0.233,6000,4602,0,0,0,1398,1398,1398,0.767,0.233,0.0,0.233,21089,4602,16487,12422,0,12422,2424,0,2424,411,0,411,558,0,558,5274,4602,672,0.6146321731706779,0.5400824124998511,0.528002800000001,21089,0.5398890597836884,6000,6000,0.40874469046810863,5723,0.4435625849179359,0.5657986230028212,0.43420137699717876,0.1365,0.03481789444982725,0.9131715297698975,frozen_v8_calibrated_2x2_semantic_replay,,,,,,,,,,,,,
EDF-Dynamic-Reservation,24000,21147,0,2853,0,0,150,6,1000,707,edf_dynamic_reservation,6000,1348,0.22466666666666665,6000,4652,0,0,0,1348,1348,1348,0.7753333333333333,0.22466666666666665,0.0,0.22466666666666665,21147,4652,16495,12552,0,12552,2329,0,2329,423,0,423,541,0,541,5302,4652,650,0.6144641225704061,0.5414196999998491,0.5337394666666677,21147,0.5421770316303808,6000,6000,0.41395247812529185,5712,0.44990786663189075,0.5747348009554746,0.4252651990445254,0.1355,0.035955388506598907,0.9042243957519531,frozen_v8_calibrated_2x2_semantic_replay,,,,,,,,,,,,,
EDF-Dynamic-Reservation,24000,21169,0,2831,0,0,150,6,1000,808,edf_dynamic_reservation,6000,1301,0.21683333333333332,6000,4699,0,0,0,1301,1301,1301,0.7831666666666667,0.21683333333333332,0.0,0.21683333333333332,21169,4699,16470,12522,0,12522,2396,0,2396,428,0,428,517,0,517,5306,4699,607,0.6144811280644519,0.5419979583331825,0.5391319333333344,21169,0.5438281669756058,6000,6000,0.41244071759881534,5748,0.44677077872110627,0.5682493902583605,0.4317506097416395,0.12866666666666668,0.03433006112229092,0.9143524169921875,frozen_v8_calibrated_2x2_semantic_replay,,,,,,,,,,,,,
EDF-Dynamic-Reservation,24000,21204,0,2796,0,0,150,6,1000,909,edf_dynamic_reservation,6000,1339,0.22316666666666668,6000,4661,0,0,0,1339,1339,1339,0.7768333333333334,0.22316666666666668,0.0,0.22316666666666668,21204,4661,16543,12747,0,12747,2198,0,2198,395,0,395,626,0,626,5238,4661,577,0.6140866393131653,0.5425455458331816,0.5347720666666678,21204,0.542636984541014,6000,6000,0.41756311149106046,5720,0.4531653567817452,0.5771516085779725,0.42284839142202746,0.12233333333333334,0.03560224529068473,0.91558837890625,frozen_v8_calibrated_2x2_semantic_replay,,,,,,,,,,,,,
EDF-Dynamic-Reservation,24000,21143,0,2857,0,0,150,6,1000,1010,edf_dynamic_reservation,6000,1345,0.22416666666666665,6000,4655,0,0,0,1345,1345,1345,0.7758333333333334,0.22416666666666665,0.0,0.22416666666666665,21143,4655,16488,12488,0,12488,2362,0,2362,448,0,448,523,0,523,5322,4655,667,0.6146326065362713,0.541465716666516,0.5340836666666677,21143,0.5402888355440761,6000,6000,0.41132032540320407,5733,0.4471109776667965,0.5789704615210295,0.4210295384789705,0.13116666666666665,0.03579065226359246,0.918097734451294,frozen_v8_calibrated_2x2_semantic_replay,,,,,,,,,,,,,
EDF-Dynamic-Reservation,32000,20966,0,11034,0,0,150,8,1000,101,edf_dynamic_reservation,8000,3474,0.43425,8000,4526,0,0,0,3474,3474,3474,0.56575,0.43425,0.0,0.43425,20966,4526,16440,12324,0,12324,2136,0,2136,478,0,478,752,0,752,5276,4526,750,0.6153896308307006,0.40319559374988967,0.38946230000000076,20966,0.40226998908300166,8000,8000,0.3145774479678502,5716,0.45828036865450866,0.4223264784330366,0.5776735215669634,0.3445,0.14370292068665846,1.429945945739746,frozen_v8_calibrated_2x2_semantic_replay,,,,,,,,,,,,,
EDF-Dynamic-Reservation,32000,21018,0,10982,0,0,150,8,1000,202,edf_dynamic_reservation,8000,3387,0.423375,8000,4613,0,0,0,3387,3387,3387,0.576625,0.423375,0.0,0.423375,21018,4613,16405,12525,0,12525,2181,0,2181,420,0,420,604,0,604,5288,4613,675,0.6146046483964418,0.4036800156248879,0.3969486500000008,21018,0.40199747718643325,8000,8000,0.31059528343715276,5736,0.45039543885310357,0.44069248884628,0.55930751115372,0.342375,0.1398001554159508,1.4123356342315674,frozen_v8_calibrated_2x2_semantic_replay,,,,,,,,,,,,,
EDF-Dynamic-Reservation,32000,21072,0,10928,0,0,150,8,1000,303,edf_dynamic_reservation,8000,3440,0.43,8000,4560,0,0,0,3440,3440,3440,0.57,0.43,0.0,0.43,21072,4560,16512,12440,0,12440,2365,0,2365,464,0,464,491,0,491,5312,4560,752,0.6146130267652052,0.40472267812488766,0.3923880000000008,21072,0.40422136058566094,8000,8000,0.3118508464742357,5752,0.4510095527701231,0.4354660024096503,0.5645339975903497,0.34,0.1391587062958874,1.4245688915252686,frozen_v8_calibrated_2x2_semantic_replay,,,,,,,,,,,,,
EDF-Dynamic-Reservation,32000,21296,0,10704,0,0,150,8,1000,404,edf_dynamic_reservation,8000,3281,0.410125,8000,4719,0,0,0,3281,3281,3281,0.589875,0.410125,0.0,0.410125,21296,4719,16577,12684,0,12684,2329,0,2329,430,0,430,517,0,517,5336,4719,617,0.6143061185197374,0.4088207218748852,0.4060699500000008,21296,0.4076847816033568,8000,8000,0.30869978600725523,5736,0.4475508586701344,0.4402219377416069,0.5597780622583931,0.345375,0.13885107266287916,1.4310331344604492,frozen_v8_calibrated_2x2_semantic_replay,,,,,,,,,,,,,
EDF-Dynamic-Reservation,32000,21088,0,10912,0,0,150,8,1000,505,edf_dynamic_reservation,8000,3336,0.417,8000,4664,0,0,0,3336,3336,3336,0.583,0.417,0.0,0.417,21088,4664,16424,12498,0,12498,2254,0,2254,464,0,464,554,0,554,5318,4664,654,0.6146910944611337,0.4050814312498871,0.4013372000000008,21088,0.40575781662491006,8000,8000,0.31812701498952084,5732,0.4632489014363404,0.4353047971855707,0.5646952028144293,0.3395,0.14512188644681956,1.4153399467468262,frozen_v8_calibrated_2x2_semantic_replay,,,,,,,,,,,,,
EDF-Dynamic-Reservation,32000,20937,0,11063,0,0,150,8,1000,606,edf_dynamic_reservation,8000,3451,0.431375,8000,4549,0,0,0,3451,3451,3451,0.568625,0.431375,0.0,0.431375,20937,4549,16388,12199,0,12199,2410,0,2410,432,0,432,596,0,596,5300,4549,751,0.6152363375840137,0.40253759999989047,0.39144145000000075,20937,0.4024373571857753,8000,8000,0.3072449204291643,5708,0.44650553653063024,0.43791982287248876,0.5620801771275112,0.353,0.13926061610146595,1.4253497123718262,frozen_v8_calibrated_2x2_semantic_replay,,,,,,,,,,,,,
EDF-Dynamic-Reservation,32000,21200,0,10800,0,0,150,8,1000,707,edf_dynamic_reservation,8000,3360,0.42,8000,4640,0,0,0,3360,3360,3360,0.58,0.42,0.0,0.42,21200,4640,16560,12617,0,12617,2383,0,2383,391,0,391,505,0,505,5304,4640,664,0.6142279999998285,0.40692604999988635,0.3992720000000008,21200,0.40726755379134616,8000,8000,0.31340972545914214,5736,0.45241457720455336,0.4289916282498318,0.5710083717501682,0.3485,0.13900485174541122,1.451084852218628,frozen_v8_calibrated_2x2_semantic_replay,,,,,,,,,,,,,
EDF-Dynamic-Reservation,32000,21166,0,10834,0,0,150,8,1000,808,edf_dynamic_reservation,8000,3298,0.41225,8000,4702,0,0,0,3298,3298,3298,0.58775,0.41225,0.0,0.41225,21166,4702,16464,12550,0,12550,2346,0,2346,462,0,462,500,0,500,5308,4702,606,0.6144327317394109,0.40640884999988663,0.4046071000000008,21166,0.4084291318043444,8000,8000,0.3123917503749493,5744,0.45126845674174426,0.431180309083765,0.5688196909162351,0.343,0.13887670636679494,1.4505624771118164,frozen_v8_calibrated_2x2_semantic_replay,,,,,,,,,,,,,
EDF-Dynamic-Reservation,32000,21254,0,10746,0,0,150,8,1000,909,edf_dynamic_reservation,8000,3334,0.41675,8000,4666,0,0,0,3334,3334,3334,0.58325,0.41675,0.0,0.41675,21254,4666,16588,12902,0,12902,2102,0,2102,384,0,384,637,0,637,5229,4666,563,0.6137952197231735,0.4076751124998853,0.4015093000000008,21254,0.4083725271627122,8000,8000,0.30899841309543297,5712,0.4480735622813397,0.4332916379926197,0.5667083620073803,0.346,0.13907514918590674,1.4393589496612549,frozen_v8_calibrated_2x2_semantic_replay,,,,,,,,,,,,,
EDF-Dynamic-Reservation,32000,21205,0,10795,0,0,150,8,1000,1010,edf_dynamic_reservation,8000,3289,0.411125,8000,4711,0,0,0,3289,3289,3289,0.588875,0.411125,0.0,0.411125,21205,4711,16494,12591,0,12591,2307,0,2307,512,0,512,483,0,483,5312,4711,601,0.6143940627208841,0.4071320656248859,0.4053815500000008,21205,0.4060187939671976,8000,8000,0.31396478065646155,5709,0.4536764858505042,0.44547132323298017,0.5545286767670199,0.34875,0.13971170519404263,1.4394094944000244,frozen_v8_calibrated_2x2_semantic_replay,,,,,,,,,,,,,
EDF-Dynamic-Reservation,40000,20908,0,19092,0,0,150,10,1000,101,edf_dynamic_reservation,10000,5452,0.5452,10000,4548,0,0,0,5452,5452,5452,0.4548,0.5452,0.0,0.5452,20908,4548,16360,12168,0,12168,2340,0,2340,348,0,348,700,0,700,5352,4548,804,0.6156331356416921,0.32179143999991244,0.31308432000000064,20908,0.3215407457957141,10000,10000,0.2506865548441624,5668,0.458121408564275,0.37788232179373465,0.6221176782062654,0.4772,0.2074348537201126,1.994184970855713,frozen_v8_calibrated_2x2_semantic_replay,,,,,,,,,,,,,
EDF-Dynamic-Reservation,40000,20803,0,19197,0,0,150,10,1000,202,edf_dynamic_reservation,10000,5417,0.5417,10000,4583,0,0,0,5417,5417,5417,0.4583,0.5417,0.0,0.5417,20803,4583,16220,12198,0,12198,1980,0,1980,605,0,605,660,0,660,5360,4583,777,0.6158035139160923,0.3202640124999117,0.31549372000000064,20803,0.31977862232052995,10000,10000,0.24139759596826685,5680,0.43972953884994476,0.323584408769795,0.676415591230205,0.4852,0.1983319428816779,2.0398812294006348,frozen_v8_calibrated_2x2_semantic_replay,,,,,,,,,,,,,
EDF-Dynamic-Reservation,40000,21092,0,18908,0,0,150,10,1000,303,edf_dynamic_reservation,10000,5368,0.5368,10000,4632,0,0,0,5368,5368,5368,0.4632,0.5368,0.0,0.5368,21092,4632,16460,12364,0,12364,2468,0,2468,380,0,380,580,0,580,5300,4632,668,0.6148463113975176,0.32420845999991105,0.31886688000000063,21092,0.3256004324870066,10000,10000,0.2539743401678935,5660,0.46599891676272714,0.36035507928543986,0.6396449207145601,0.476,0.21202457659483365,2.083277702331543,frozen_v8_calibrated_2x2_semantic_replay,,,,,,,,,,,,,
EDF-Dynamic-Reservation,40000,21312,0,18688,0,0,150,10,1000,404,edf_dynamic_reservation,10000,5360,0.536,10000,4640,0,0,0,5360,5360,5360,0.464,0.536,0.0,0.536,21312,4640,16672,12696,0,12696,2376,0,2376,440,0,440,480,0,480,5320,4640,680,0.614151501501328,0.32721991999990757,0.31941760000000063,21312,0.3282881436689159,10000,10000,0.24738005155582554,5760,0.44547988753959056,0.32929187323726217,0.6707081267627378,0.476,0.19809983598376502,2.1419568061828613,frozen_v8_calibrated_2x2_semantic_replay,,,,,,,,,,,,,
EDF-Dynamic-Reservation,40000,20933,0,19067,0,0,150,10,1000,505,edf_dynamic_reservation,10000,5519,0.5519,10000,4481,0,0,0,5519,5519,5519,0.4481,0.5519,0.0,0.5519,20933,4481,16452,12140,0,12140,2500,0,2500,573,0,573,480,0,480,5240,4481,759,0.6150162566281235,0.3218533824999128,0.3084720400000006,20933,0.3215412459864365,10000,10000,0.25414916462803516,5780,0.4628127798754128,0.3524925793668358,0.6475074206331641,0.4675,0.20866361524737764,2.13415789604187,frozen_v8_calibrated_2x2_semantic_replay,,,,,,,,,,,,,
EDF-Dynamic-Reservation,40000,20892,0,19108,0,0,150,10,1000,606,edf_dynamic_reservation,10000,5500,0.55,10000,4500,0,0,0,5500,5500,5500,0.45,0.55,0.0,0.55,20892,4500,16392,11996,0,11996,2496,0,2496,500,0,500,580,0,580,5320,4500,820,0.6157207926477372,0.3215909699999131,0.3097800000000006,20892,0.3224507252865887,10000,10000,0.25051134997804336,5732,0.44800980447328165,0.36969661601323633,0.6303033839867637,0.4868,0.19749845449523828,2.1048855781555176,frozen_v8_calibrated_2x2_semantic_replay,,,,,,,,,,,,,
EDF-Dynamic-Reservation,40000,21075,0,18925,0,0,150,10,1000,707,edf_dynamic_reservation,10000,5345,0.5345,10000,4655,0,0,0,5345,5345,5345,0.4655,0.5345,0.0,0.5345,21075,4655,16420,12555,0,12555,2208,0,2208,407,0,407,572,0,572,5333,4655,678,0.6146094092524974,0.32382233249990955,0.32045020000000063,21075,0.32442815392818136,10000,10000,0.24864137605944348,5700,0.45152119927031725,0.36182133177646547,0.6381786682235345,0.474,0.20287982321087378,1.973177194595337,frozen_v8_calibrated_2x2_semantic_replay,,,,,,,,,,,,,
EDF-Dynamic-Reservation,40000,21180,0,18820,0,0,150,10,1000,808,edf_dynamic_reservation,10000,5240,0.524,10000,4760,0,0,0,5240,5240,5240,0.476,0.524,0.0,0.524,21180,4760,16420,12660,0,12660,2320,0,2320,360,0,360,480,0,480,5360,4760,600,0.6142273843246613,0.3252333999999082,0.32767840000000065,21180,0.32795350276682966,10000,10000,0.25400737193309864,5820,0.45259576072104346,0.35157970404179806,0.6484202959582019,0.466,0.19858838878794483,2.0022876262664795,frozen_v8_calibrated_2x2_semantic_replay,,,,,,,,,,,,,
EDF-Dynamic-Reservation,40000,21328,0,18672,0,0,150,10,1000,909,edf_dynamic_reservation,10000,5352,0.5352,10000,4648,0,0,0,5352,5352,5352,0.4648,0.5352,0.0,0.5352,21328,4648,16680,12868,0,12868,2348,0,2348,452,0,452,420,0,420,5240,4648,592,0.6134353713426624,0.32708373999990753,0.31996832000000064,21328,0.326296880546469,10000,10000,0.252360320740592,5720,0.45222279080392985,0.356566305235611,0.643433694764389,0.478,0.19986247006333785,2.0133185386657715,frozen_v8_calibrated_2x2_semantic_replay,,,,,,,,,,,,,
EDF-Dynamic-Reservation,40000,21071,0,18929,0,0,150,10,1000,1010,edf_dynamic_reservation,10000,5285,0.5285,10000,4715,0,0,0,5285,5285,5285,0.4715,0.5285,0.0,0.5285,21071,4715,16356,12511,0,12511,2214,0,2214,346,0,346,580,0,580,5420,4715,705,0.6149262873141453,0.32392779499990887,0.32458060000000066,21071,0.32420288579096873,10000,10000,0.2465351591813421,5684,0.45534542539299216,0.34868696974650043,0.6513130302534995,0.4736,0.20881026621165005,2.0282468795776367,frozen_v8_calibrated_2x2_semantic_replay,,,,,,,,,,,,,
EDF-Dynamic-Reservation,16000,16000,0,0,0,0,200,4,1000,101,edf_dynamic_reservation,4000,0,0.0,4000,4000,0,0,0,0,0,0,1.0,0.0,0.0,0.0,16000,4000,12000,1000,0,1000,0,0,0,1000,0,1000,0,0,0,14000,4000,10000,0.6787937499997991,0.6787937499997991,0.6884000000000013,16000,0.680521160927352,4000,4000,0.49575908264595825,4000,0.49575908264595825,0.6361825383028805,0.3638174616971195,0.066,0.0,0.2699289321899414,frozen_v8_calibrated_2x2_semantic_replay,,,,,,,,,,,,,
EDF-Dynamic-Reservation,16000,16000,0,0,0,0,200,4,1000,202,edf_dynamic_reservation,4000,0,0.0,4000,4000,0,0,0,0,0,0,1.0,0.0,0.0,0.0,16000,4000,12000,1000,0,1000,0,0,0,1000,0,1000,0,0,0,14000,4000,10000,0.6787937499997991,0.6787937499997991,0.6884000000000013,16000,0.6805237172104877,4000,4000,0.4962874187913866,4000,0.4962874187913866,0.6366659685159582,0.36333403148404175,0.068,0.0,0.25032973289489746,frozen_v8_calibrated_2x2_semantic_replay,,,,,,,,,,,,,
EDF-Dynamic-Reservation,16000,16000,0,0,0,0,200,4,1000,303,edf_dynamic_reservation,4000,0,0.0,4000,4000,0,0,0,0,0,0,1.0,0.0,0.0,0.0,16000,4000,12000,1000,0,1000,0,0,0,1000,0,1000,0,0,0,14000,4000,10000,0.6787937499997991,0.6787937499997991,0.6884000000000013,16000,0.6803912139815266,4000,4000,0.49511704355682246,4000,0.49511704355682246,0.636680970101428,0.363319029898572,0.068,0.0,0.2587761878967285,frozen_v8_calibrated_2x2_semantic_replay,,,,,,,,,,,,,
EDF-Dynamic-Reservation,16000,16000,0,0,0,0,200,4,1000,404,edf_dynamic_reservation,4000,0,0.0,4000,4000,0,0,0,0,0,0,1.0,0.0,0.0,0.0,16000,4000,12000,1000,0,1000,0,0,0,1000,0,1000,0,0,0,14000,4000,10000,0.6787937499997991,0.6787937499997991,0.6884000000000013,16000,0.6805854291146514,4000,4000,0.4897692397121466,4000,0.4897692397121466,0.6318834300976809,0.3681165699023191,0.066,0.0,0.2628340721130371,frozen_v8_calibrated_2x2_semantic_replay,,,,,,,,,,,,,
EDF-Dynamic-Reservation,16000,16000,0,0,0,0,200,4,1000,505,edf_dynamic_reservation,4000,0,0.0,4000,4000,0,0,0,0,0,0,1.0,0.0,0.0,0.0,16000,4000,12000,1000,0,1000,0,0,0,1000,0,1000,0,0,0,14000,4000,10000,0.6787937499997991,0.6787937499997991,0.6884000000000013,16000,0.6806848371387476,4000,4000,0.4953711158091427,4000,0.4953711158091427,0.6348117890371545,0.3651882109628455,0.066,0.0,0.2604188919067383,frozen_v8_calibrated_2x2_semantic_replay,,,,,,,,,,,,,
EDF-Dynamic-Reservation,16000,16000,0,0,0,0,200,4,1000,606,edf_dynamic_reservation,4000,0,0.0,4000,4000,0,0,0,0,0,0,1.0,0.0,0.0,0.0,16000,4000,12000,1000,0,1000,0,0,0,1000,0,1000,0,0,0,14000,4000,10000,0.6787937499997991,0.6787937499997991,0.6884000000000013,16000,0.6808759832157367,4000,4000,0.496138808248748,4000,0.496138808248748,0.6374252795343508,0.3625747204656492,0.062,0.0,0.2803373336791992,frozen_v8_calibrated_2x2_semantic_replay,,,,,,,,,,,,,
EDF-Dynamic-Reservation,16000,16000,0,0,0,0,200,4,1000,707,edf_dynamic_reservation,4000,0,0.0,4000,4000,0,0,0,0,0,0,1.0,0.0,0.0,0.0,16000,4000,12000,1000,0,1000,0,0,0,1000,0,1000,0,0,0,14000,4000,10000,0.6787937499997991,0.6787937499997991,0.6884000000000013,16000,0.6804409664516409,4000,4000,0.49465761151599597,4000,0.49465761151599597,0.6327348112862368,0.36726518871376324,0.064,0.0,0.26477646827697754,frozen_v8_calibrated_2x2_semantic_replay,,,,,,,,,,,,,
EDF-Dynamic-Reservation,16000,16000,0,0,0,0,200,4,1000,808,edf_dynamic_reservation,4000,0,0.0,4000,4000,0,0,0,0,0,0,1.0,0.0,0.0,0.0,16000,4000,12000,1000,0,1000,0,0,0,1000,0,1000,0,0,0,14000,4000,10000,0.6787937499997991,0.6787937499997991,0.6884000000000013,16000,0.680675301083302,4000,4000,0.49522454837338464,4000,0.49522454837338464,0.6343165718640649,0.36568342813593513,0.062,0.0,0.2519257068634033,frozen_v8_calibrated_2x2_semantic_replay,,,,,,,,,,,,,
EDF-Dynamic-Reservation,16000,16000,0,0,0,0,200,4,1000,909,edf_dynamic_reservation,4000,0,0.0,4000,4000,0,0,0,0,0,0,1.0,0.0,0.0,0.0,16000,4000,12000,1000,0,1000,0,0,0,1000,0,1000,0,0,0,14000,4000,10000,0.6787937499997991,0.6787937499997991,0.6884000000000013,16000,0.6804183838932183,4000,4000,0.49458760011631625,4000,0.49458760011631625,0.6356714952813832,0.3643285047186168,0.062,0.0,0.2579667568206787,frozen_v8_calibrated_2x2_semantic_replay,,,,,,,,,,,,,
EDF-Dynamic-Reservation,16000,16000,0,0,0,0,200,4,1000,1010,edf_dynamic_reservation,4000,0,0.0,4000,4000,0,0,0,0,0,0,1.0,0.0,0.0,0.0,16000,4000,12000,1000,0,1000,0,0,0,1000,0,1000,0,0,0,14000,4000,10000,0.6787937499997991,0.6787937499997991,0.6884000000000013,16000,0.6805442566775822,4000,4000,0.4947127334453438,4000,0.4947127334453438,0.6384969037799132,0.3615030962200868,0.066,0.0,0.2569770812988281,frozen_v8_calibrated_2x2_semantic_replay,,,,,,,,,,,,,
EDF-Dynamic-Reservation,24000,23543,0,457,0,0,200,6,1000,101,edf_dynamic_reservation,6000,457,0.07616666666666666,6000,5543,0,0,0,457,457,457,0.9238333333333333,0.07616666666666666,0.0,0.07616666666666666,23543,5543,18000,11945,0,11945,240,0,240,1043,0,1043,390,0,390,9925,5543,4382,0.6299614874907115,0.6179659708330758,0.6359668666666679,23543,0.6208606345607133,6000,6000,0.4577364194766536,5953,0.4658106734303794,0.6348702910991719,0.3651297089008281,0.06683333333333333,0.008074253953725796,0.724707841873169,frozen_v8_calibrated_2x2_semantic_replay,,,,,,,,,,,,,
EDF-Dynamic-Reservation,24000,23504,0,496,0,0,200,6,1000,202,edf_dynamic_reservation,6000,496,0.08266666666666667,6000,5504,0,0,0,496,496,496,0.9173333333333333,0.08266666666666667,0.0,0.08266666666666667,23504,5504,18000,11914,0,11914,197,0,197,1002,0,1002,427,0,427,9964,5504,4460,0.6301900910480693,0.6171661624997425,0.6314922666666679,23504,0.619389105613152,6000,6000,0.45382102433524674,5957,0.461562506588243,0.6346667050223687,0.36533329497763134,0.07183333333333333,0.007741482252996257,0.7343900203704834,frozen_v8_calibrated_2x2_semantic_replay,,,,,,,,,,,,,
EDF-Dynamic-Reservation,24000,23519,0,481,0,0,200,6,1000,303,edf_dynamic_reservation,6000,481,0.08016666666666666,6000,5519,0,0,0,481,481,481,0.9198333333333333,0.08016666666666666,0.0,0.08016666666666666,23519,5519,18000,11970,0,11970,174,0,174,972,0,972,437,0,437,9966,5519,4447,0.6300852417191978,0.6174572833330756,0.6332132666666679,23519,0.6203468770240974,6000,6000,0.4517861810537604,5952,0.4594228524165026,0.6334059811211367,0.36659401887886334,0.0785,0.007636671362742209,0.7336928844451904,frozen_v8_calibrated_2x2_semantic_replay,,,,,,,,,,,,,
EDF-Dynamic-Reservation,24000,23600,0,400,0,0,200,6,1000,404,edf_dynamic_reservation,6000,400,0.06666666666666667,6000,5600,0,0,0,400,400,400,0.9333333333333333,0.06666666666666667,0.0,0.06666666666666667,23600,5600,18000,12055,0,12055,231,0,231,991,0,991,357,0,357,9966,5600,4366,0.629738593220075,0.6192429499997404,0.642506666666668,23600,0.6228311298094351,6000,6000,0.4531146432498594,5965,0.4591004691923605,0.6381829145514363,0.3618170854485637,0.0715,0.005985825942501133,0.7386739253997803,frozen_v8_calibrated_2x2_semantic_replay,,,,,,,,,,,,,
EDF-Dynamic-Reservation,24000,23530,0,470,0,0,200,6,1000,505,edf_dynamic_reservation,6000,470,0.07833333333333334,6000,5530,0,0,0,470,470,470,0.9216666666666666,0.07833333333333334,0.0,0.07833333333333334,23530,5530,18000,11932,0,11932,224,0,224,1031,0,1031,380,0,380,9963,5530,4433,0.6300664470885594,0.6177276458330752,0.6344753333333346,23530,0.6204816345330239,6000,6000,0.4603118237683043,5980,0.4644402959111349,0.643295089456295,0.356704910543705,0.07133333333333333,0.004128472142830575,0.7182066440582275,frozen_v8_calibrated_2x2_semantic_replay,,,,,,,,,,,,,
EDF-Dynamic-Reservation,24000,23540,0,460,0,0,200,6,1000,606,edf_dynamic_reservation,6000,457,0.07616666666666666,6000,5543,0,0,0,457,457,457,0.9238333333333333,0.07616666666666666,0.0,0.07616666666666666,23540,5543,17997,11911,0,11911,210,0,210,1069,0,1069,392,0,392,9958,5543,4415,0.630151151231683,0.6180732541664091,0.6359668666666679,23540,0.6212682259640285,6000,6000,0.4617190273771139,5978,0.46622485991035556,0.6413676055268808,0.35863239447311923,0.06983333333333333,0.0045058325332416604,0.7281229496002197,frozen_v8_calibrated_2x2_semantic_replay,,,,,,,,,,,,,
EDF-Dynamic-Reservation,24000,23557,0,443,0,0,200,6,1000,707,edf_dynamic_reservation,6000,441,0.0735,6000,5559,0,0,0,441,441,441,0.9265,0.0735,0.0,0.0735,23557,5559,17998,11949,0,11949,222,0,222,1052,0,1052,364,0,364,9970,5559,4411,0.6300312773270696,0.6184019499997409,0.6378026000000012,23557,0.6222321055966713,6000,6000,0.46011998991884806,5976,0.4663525883318849,0.6377980661857312,0.3622019338142688,0.067,0.006232598413036861,0.7437660694122314,frozen_v8_calibrated_2x2_semantic_replay,,,,,,,,,,,,,
EDF-Dynamic-Reservation,24000,23518,0,482,0,0,200,6,1000,808,edf_dynamic_reservation,6000,482,0.08033333333333334,6000,5518,0,0,0,482,482,482,0.9196666666666666,0.08033333333333334,0.0,0.08033333333333334,23518,5518,18000,11977,0,11977,166,0,166,1008,0,1008,388,0,388,9979,5518,4461,0.6300383195847347,0.6173850499997412,0.6330985333333345,23518,0.6208461224571067,6000,6000,0.4564504212164098,5966,0.46216440110526874,0.6378674210430976,0.36213257895690243,0.07233333333333333,0.005713979888858967,0.7308189868927002,frozen_v8_calibrated_2x2_semantic_replay,,,,,,,,,,,,,
EDF-Dynamic-Reservation,24000,23559,0,441,0,0,200,6,1000,909,edf_dynamic_reservation,6000,441,0.0735,6000,5559,0,0,0,441,441,441,0.9265,0.0735,0.0,0.0735,23559,5559,18000,12039,0,12039,201,0,201,967,0,967,402,0,402,9950,5559,4391,0.629815781654306,0.6182429166664082,0.6378026000000012,23559,0.6215933987748455,6000,6000,0.45997221595910354,5984,0.4648669040799458,0.6406727793456632,0.35932722065433675,0.06516666666666666,0.004894688120842261,0.7401645183563232,frozen_v8_calibrated_2x2_semantic_replay,,,,,,,,,,,,,
EDF-Dynamic-Reservation,24000,23555,0,445,0,0,200,6,1000,1010,edf_dynamic_reservation,6000,445,0.07416666666666667,6000,5555,0,0,0,445,445,445,0.9258333333333333,0.07416666666666667,0.0,0.07416666666666667,23555,5555,18000,11976,0,11976,204,0,204,1052,0,1052,375,0,375,9948,5555,4393,0.6299472978133641,0.6182670249997413,0.637343666666668,23555,0.6221027119606041,6000,6000,0.45548288206463844,5952,0.4629688173309562,0.6404541779456746,0.3595458220543254,0.07083333333333333,0.007485935266317745,0.7345046997070312,frozen_v8_calibrated_2x2_semantic_replay,,,,,,,,,,,,,
EDF-Dynamic-Reservation,32000,29012,0,2988,0,0,200,8,1000,101,edf_dynamic_reservation,8000,1537,0.192125,8000,6463,0,0,0,1537,1537,1537,0.807875,0.192125,0.0,0.192125,29012,6463,22549,19781,0,19781,701,0,701,281,0,281,907,0,907,7342,6463,879,0.6112044395420986,0.5541332249998551,0.5561411500000011,29012,0.5544444404582574,8000,8000,0.41475807943409726,7720,0.4411987980478429,0.5997312511297553,0.40026874887024466,0.115625,0.02644071861374564,1.5948619842529297,frozen_v8_calibrated_2x2_semantic_replay,,,,,,,,,,,,,
EDF-Dynamic-Reservation,32000,29092,0,2908,0,0,200,8,1000,202,edf_dynamic_reservation,8000,1368,0.171,8000,6632,0,0,0,1368,1368,1368,0.829,0.171,0.0,0.171,29092,6632,22460,19864,0,19864,803,0,803,278,0,278,716,0,716,7431,6632,799,0.610964495393762,0.5554430968748538,0.5706836000000011,29092,0.5606365879221658,8000,8000,0.42021636525131045,7692,0.44667591134880663,0.6015811701994989,0.39841882980050114,0.1155,0.026459546097496178,1.5567893981933594,frozen_v8_calibrated_2x2_semantic_replay,,,,,,,,,,,,,
EDF-Dynamic-Reservation,32000,29032,0,2968,0,0,200,8,1000,303,edf_dynamic_reservation,8000,1556,0.1945,8000,6444,0,0,0,1556,1556,1556,0.8055,0.1945,0.0,0.1945,29032,6444,22588,19759,0,19759,748,0,748,353,0,353,817,0,817,7355,6444,911,0.611164911132384,0.5544793656248554,0.5545062000000011,29032,0.5548848969096273,8000,8000,0.4183181315340895,7732,0.4445278794225822,0.6097148989894619,0.39028510101053815,0.111,0.02620974788849273,1.5613429546356201,frozen_v8_calibrated_2x2_semantic_replay,,,,,,,,,,,,,
EDF-Dynamic-Reservation,32000,29066,0,2934,0,0,200,8,1000,404,edf_dynamic_reservation,8000,1461,0.182625,8000,6539,0,0,0,1461,1461,1461,0.817375,0.182625,0.0,0.182625,29066,6539,22527,19906,0,19906,702,0,702,309,0,309,754,0,754,7395,6539,856,0.6109133523703072,0.5549002343748547,0.5626809500000011,29066,0.557089936255526,8000,8000,0.4107988300343811,7659,0.438829518123515,0.595227272371341,0.404772727628659,0.123375,0.028030688089133893,1.5612130165100098,frozen_v8_calibrated_2x2_semantic_replay,,,,,,,,,,,,,
EDF-Dynamic-Reservation,32000,29056,0,2944,0,0,200,8,1000,505,edf_dynamic_reservation,8000,1473,0.184125,8000,6527,0,0,0,1473,1473,1473,0.815875,0.184125,0.0,0.184125,29056,6527,22529,19940,0,19940,703,0,703,245,0,245,784,0,784,7384,6527,857,0.610837933645214,0.5546408437498543,0.5616483500000011,29056,0.5563495955030727,8000,8000,0.4145612005338685,7762,0.43882042287834316,0.6007580972912164,0.39924190270878357,0.119375,0.02425922234447464,1.5708379745483398,frozen_v8_calibrated_2x2_semantic_replay,,,,,,,,,,,,,
EDF-Dynamic-Reservation,32000,29072,0,2928,0,0,200,8,1000,606,edf_dynamic_reservation,8000,1510,0.18875,8000,6490,0,0,0,1510,1510,1510,0.81125,0.18875,0.0,0.18875,29072,6490,22582,19854,0,19854,724,0,724,339,0,339,806,0,806,7349,6490,859,0.6109987169783782,0.5550923343748566,0.558464500000001,29072,0.557072497725517,8000,8000,0.41514830717083573,7728,0.4408866443351899,0.5927667753787056,0.4072332246212944,0.118,0.025738337164354197,1.5739667415618896,frozen_v8_calibrated_2x2_semantic_replay,,,,,,,,,,,,,
EDF-Dynamic-Reservation,32000,29030,0,2970,0,0,200,8,1000,707,edf_dynamic_reservation,8000,1491,0.186375,8000,6509,0,0,0,1491,1491,1491,0.813625,0.186375,0.0,0.186375,29030,6509,22521,19864,0,19864,724,0,724,298,0,298,756,0,756,7388,6509,879,0.6109381398551608,0.5542354437498537,0.560099450000001,29030,0.5562970476445749,8000,8000,0.4175459374960468,7693,0.4443356664923854,0.600623402423877,0.399376597576123,0.119375,0.02678972899633858,1.5789859294891357,frozen_v8_calibrated_2x2_semantic_replay,,,,,,,,,,,,,
EDF-Dynamic-Reservation,32000,28944,0,3056,0,0,200,8,1000,808,edf_dynamic_reservation,8000,1594,0.19925,8000,6406,0,0,0,1594,1594,1594,0.80075,0.19925,0.0,0.19925,28944,6406,22538,19626,0,19626,737,0,737,405,0,405,821,0,821,7355,6406,949,0.6113777155885607,0.5529911437498531,0.551236300000001,28944,0.552793317800311,8000,8000,0.41168090808120517,7702,0.4396787858494274,0.5836960914523026,0.4163039085476974,0.128,0.027997877768222212,1.5797162055969238,frozen_v8_calibrated_2x2_semantic_replay,,,,,,,,,,,,,
EDF-Dynamic-Reservation,32000,29073,0,2927,0,0,200,8,1000,909,edf_dynamic_reservation,8000,1503,0.187875,8000,6497,0,0,0,1503,1503,1503,0.812125,0.187875,0.0,0.187875,29073,6497,22576,19902,0,19902,716,0,716,280,0,280,855,0,855,7320,6497,823,0.6109039933957773,0.5550253687498573,0.5590668500000011,29073,0.5549465538139521,8000,8000,0.41706233637363016,7736,0.44345861121229485,0.5995168860978247,0.4004831139021753,0.108,0.02639627483866469,1.5586631298065186,frozen_v8_calibrated_2x2_semantic_replay,,,,,,,,,,,,,
EDF-Dynamic-Reservation,32000,29188,0,2812,0,0,200,8,1000,1010,edf_dynamic_reservation,8000,1411,0.176375,8000,6589,0,0,0,1411,1411,1411,0.823625,0.176375,0.0,0.176375,29188,6589,22599,20035,0,20035,805,0,805,268,0,268,700,0,700,7380,6589,791,0.6105970707138357,0.5569408531248574,0.566983450000001,29188,0.5600891266617436,8000,8000,0.4180555801582406,7732,0.44322634232608166,0.602899048149402,0.397100951850598,0.115625,0.025170762167841032,1.5702121257781982,frozen_v8_calibrated_2x2_semantic_replay,,,,,,,,,,,,,
EDF-Dynamic-Reservation,40000,28873,0,11127,0,0,200,10,1000,101,edf_dynamic_reservation,10000,3560,0.356,10000,6440,0,0,0,3560,3560,3560,0.644,0.356,0.0,0.356,28873,6440,22433,19510,0,19510,798,0,798,334,0,334,882,0,882,7349,6440,909,0.611556138953183,0.4414365099998813,0.4433296000000008,28873,0.4433617995974278,10000,10000,0.3287538892971917,7649,0.4424990532626013,0.4762285123925048,0.5237714876074953,0.2951,0.11374516396540962,2.2960023880004883,frozen_v8_calibrated_2x2_semantic_replay,,,,,,,,,,,,,
EDF-Dynamic-Reservation,40000,28980,0,11020,0,0,200,10,1000,202,edf_dynamic_reservation,10000,3331,0.3331,10000,6669,0,0,0,3331,3331,3331,0.6669,0.3331,0.0,0.3331,28980,6669,22311,19662,0,19662,797,0,797,351,0,351,730,0,730,7440,6669,771,0.6113232643200581,0.44290370499988213,0.45909396000000086,28980,0.44708889430259335,10000,10000,0.33051125132525355,7691,0.4409576166300285,0.4476446892615272,0.5523553107384729,0.2999,0.11044636530477497,2.298348903656006,frozen_v8_calibrated_2x2_semantic_replay,,,,,,,,,,,,,
EDF-Dynamic-Reservation,40000,29080,0,10920,0,0,200,10,1000,303,edf_dynamic_reservation,10000,3651,0.3651,10000,6349,0,0,0,3651,3651,3651,0.6349,0.3651,0.0,0.3651,29080,6349,22731,19991,0,19991,600,0,600,298,0,298,940,0,940,7251,6349,902,0.6107950206325807,0.4440479799998862,0.43706516000000084,29080,0.44518398732080555,10000,10000,0.3408274789039625,7802,0.44923719328404343,0.5076155960768711,0.4923844039231289,0.2818,0.10840971438008096,2.3362655639648438,frozen_v8_calibrated_2x2_semantic_replay,,,,,,,,,,,,,
EDF-Dynamic-Reservation,40000,28889,0,11111,0,0,200,10,1000,404,edf_dynamic_reservation,10000,3413,0.3413,10000,6587,0,0,0,3413,3413,3413,0.6587,0.3413,0.0,0.3413,28889,6587,22302,19555,0,19555,783,0,783,361,0,361,721,0,721,7469,6587,882,0.6115091072724982,0.44164716499988,0.4534490800000009,28889,0.4427469502685609,10000,10000,0.3217634083364503,7562,0.43700221351859625,0.45769791933779375,0.5423020806622063,0.3138,0.11523880518214596,2.3017446994781494,frozen_v8_calibrated_2x2_semantic_replay,,,,,,,,,,,,,
EDF-Dynamic-Reservation,40000,29280,0,10720,0,0,200,10,1000,505,edf_dynamic_reservation,10000,3320,0.332,10000,6680,0,0,0,3320,3320,3320,0.668,0.332,0.0,0.332,29280,6680,22600,20240,0,20240,780,0,780,160,0,160,680,0,680,7420,6680,740,0.6103093579233425,0.44674644999988666,0.4598512000000009,29280,0.4508781485193799,10000,10000,0.33939154496923196,7720,0.4468044075908789,0.48044811219471467,0.5195518878052854,0.29,0.10741286262164695,2.305161714553833,frozen_v8_calibrated_2x2_semantic_replay,,,,,,,,,,,,,
EDF-Dynamic-Reservation,40000,29111,0,10889,0,0,200,10,1000,606,edf_dynamic_reservation,10000,3351,0.3351,10000,6649,0,0,0,3351,3351,3351,0.6649,0.3351,0.0,0.3351,29111,6649,22462,19962,0,19962,718,0,718,331,0,331,760,0,760,7340,6649,691,0.6107475009445026,0.4444867624998854,0.4577171600000009,29111,0.44757188774418455,10000,10000,0.3397959886030519,7740,0.4497834474937897,0.4791984718824542,0.5208015281175458,0.29,0.1099874588907378,2.2628021240234375,frozen_v8_calibrated_2x2_semantic_replay,,,,,,,,,,,,,
EDF-Dynamic-Reservation,40000,29073,0,10927,0,0,200,10,1000,707,edf_dynamic_reservation,10000,3560,0.356,10000,6440,0,0,0,3560,3560,3560,0.644,0.356,0.0,0.356,29073,6440,22633,19926,0,19926,669,0,669,269,0,269,889,0,889,7320,6440,880,0.6109257592954084,0.4440361149998852,0.4433296000000008,29073,0.44363458261043265,10000,10000,0.3358613771506084,7700,0.4446609102798137,0.4794813589227411,0.5205186410772589,0.2969,0.10879953312920532,2.2633349895477295,frozen_v8_calibrated_2x2_semantic_replay,,,,,,,,,,,,,
EDF-Dynamic-Reservation,40000,28973,0,11027,0,0,200,10,1000,808,edf_dynamic_reservation,10000,3489,0.3489,10000,6511,0,0,0,3489,3489,3489,0.6511,0.3489,0.0,0.3489,28973,6511,22462,19726,0,19726,800,0,800,407,0,407,660,0,660,7380,6511,869,0.6110073068027223,0.44256786749988186,0.44821724000000085,28973,0.44546206061951815,10000,10000,0.337986540658958,7851,0.44228377478423325,0.476159278427036,0.523840721572964,0.2838,0.10429723412527525,2.2843618392944336,frozen_v8_calibrated_2x2_semantic_replay,,,,,,,,,,,,,
EDF-Dynamic-Reservation,40000,29020,0,10980,0,0,200,10,1000,909,edf_dynamic_reservation,10000,3320,0.332,10000,6680,0,0,0,3320,3320,3320,0.668,0.332,0.0,0.332,29020,6680,22340,19831,0,19831,769,0,769,220,0,220,771,0,771,7429,6680,749,0.6110382598206515,0.44330825749988273,0.4598512000000009,29020,0.44662544797671155,10000,10000,0.3335527123850324,7680,0.44544630407283126,0.47539842603694954,0.5246015739630505,0.292,0.11189359168779883,2.2978529930114746,frozen_v8_calibrated_2x2_semantic_replay,,,,,,,,,,,,,
EDF-Dynamic-Reservation,40000,29153,0,10847,0,0,200,10,1000,1010,edf_dynamic_reservation,10000,3469,0.3469,10000,6531,0,0,0,3469,3469,3469,0.6531,0.3469,0.0,0.3469,29153,6531,22622,20068,0,20068,627,0,627,249,0,249,869,0,869,7340,6531,809,0.6107474359412572,0.44512799999988684,0.44959404000000086,29153,0.4461866280307032,10000,10000,0.3278950202792473,7720,0.4356959636400018,0.4799272934147738,0.5200727065852262,0.296,0.10780094336075452,2.285245656967163,frozen_v8_calibrated_2x2_semantic_replay,,,,,,,,,,,,,
EDF-Dynamic-Reservation,16000,16000,0,0,0,0,250,4,1000,101,edf_dynamic_reservation,4000,0,0.0,4000,4000,0,0,0,0,0,0,1.0,0.0,0.0,0.0,16000,4000,12000,0,0,0,0,0,0,0,0,0,0,0,0,16000,4000,12000,0.6883999999997684,0.6883999999997684,0.6884000000000013,16000,0.6883999999999986,4000,4000,0.49488550059855724,4000,0.49488550059855724,0.6317481685495717,0.3682518314504283,0.066,0.0,0.24854826927185059,frozen_v8_calibrated_2x2_semantic_replay,,,,,,,,,,,,,
EDF-Dynamic-Reservation,16000,16000,0,0,0,0,250,4,1000,202,edf_dynamic_reservation,4000,0,0.0,4000,4000,0,0,0,0,0,0,1.0,0.0,0.0,0.0,16000,4000,12000,0,0,0,0,0,0,0,0,0,0,0,0,16000,4000,12000,0.6883999999997684,0.6883999999997684,0.6884000000000013,16000,0.6883999999999983,4000,4000,0.494885500598558,4000,0.494885500598558,0.6317481685495717,0.3682518314504283,0.066,0.0,0.2406761646270752,frozen_v8_calibrated_2x2_semantic_replay,,,,,,,,,,,,,
EDF-Dynamic-Reservation,16000,16000,0,0,0,0,250,4,1000,303,edf_dynamic_reservation,4000,0,0.0,4000,4000,0,0,0,0,0,0,1.0,0.0,0.0,0.0,16000,4000,12000,0,0,0,0,0,0,0,0,0,0,0,0,16000,4000,12000,0.6883999999997684,0.6883999999997684,0.6884000000000013,16000,0.688399999999999,4000,4000,0.4948855005985574,4000,0.4948855005985574,0.6317481685495717,0.3682518314504283,0.066,0.0,0.24010491371154785,frozen_v8_calibrated_2x2_semantic_replay,,,,,,,,,,,,,
EDF-Dynamic-Reservation,16000,16000,0,0,0,0,250,4,1000,404,edf_dynamic_reservation,4000,0,0.0,4000,4000,0,0,0,0,0,0,1.0,0.0,0.0,0.0,16000,4000,12000,0,0,0,0,0,0,0,0,0,0,0,0,16000,4000,12000,0.6883999999997684,0.6883999999997684,0.6884000000000013,16000,0.6883999999999981,4000,4000,0.49488550059855746,4000,0.49488550059855746,0.6317481685495717,0.3682518314504283,0.066,0.0,0.2440788745880127,frozen_v8_calibrated_2x2_semantic_replay,,,,,,,,,,,,,
EDF-Dynamic-Reservation,16000,16000,0,0,0,0,250,4,1000,505,edf_dynamic_reservation,4000,0,0.0,4000,4000,0,0,0,0,0,0,1.0,0.0,0.0,0.0,16000,4000,12000,0,0,0,0,0,0,0,0,0,0,0,0,16000,4000,12000,0.6883999999997684,0.6883999999997684,0.6884000000000013,16000,0.6883999999999985,4000,4000,0.4948855005985575,4000,0.4948855005985575,0.6317481685495717,0.3682518314504283,0.066,0.0,0.23654675483703613,frozen_v8_calibrated_2x2_semantic_replay,,,,,,,,,,,,,
EDF-Dynamic-Reservation,16000,16000,0,0,0,0,250,4,1000,606,edf_dynamic_reservation,4000,0,0.0,4000,4000,0,0,0,0,0,0,1.0,0.0,0.0,0.0,16000,4000,12000,0,0,0,0,0,0,0,0,0,0,0,0,16000,4000,12000,0.6883999999997684,0.6883999999997684,0.6884000000000013,16000,0.6883999999999977,4000,4000,0.494885500598558,4000,0.494885500598558,0.6317481685495717,0.3682518314504283,0.066,0.0,0.245192289352417,frozen_v8_calibrated_2x2_semantic_replay,,,,,,,,,,,,,
EDF-Dynamic-Reservation,16000,16000,0,0,0,0,250,4,1000,707,edf_dynamic_reservation,4000,0,0.0,4000,4000,0,0,0,0,0,0,1.0,0.0,0.0,0.0,16000,4000,12000,0,0,0,0,0,0,0,0,0,0,0,0,16000,4000,12000,0.6883999999997684,0.6883999999997684,0.6884000000000013,16000,0.6883999999999982,4000,4000,0.49488550059855785,4000,0.49488550059855785,0.6317481685495717,0.3682518314504283,0.066,0.0,0.24398446083068848,frozen_v8_calibrated_2x2_semantic_replay,,,,,,,,,,,,,
EDF-Dynamic-Reservation,16000,16000,0,0,0,0,250,4,1000,808,edf_dynamic_reservation,4000,0,0.0,4000,4000,0,0,0,0,0,0,1.0,0.0,0.0,0.0,16000,4000,12000,0,0,0,0,0,0,0,0,0,0,0,0,16000,4000,12000,0.6883999999997684,0.6883999999997684,0.6884000000000013,16000,0.6883999999999993,4000,4000,0.4948855005985572,4000,0.4948855005985572,0.6317481685495717,0.3682518314504283,0.066,0.0,0.24544215202331543,frozen_v8_calibrated_2x2_semantic_replay,,,,,,,,,,,,,
EDF-Dynamic-Reservation,16000,16000,0,0,0,0,250,4,1000,909,edf_dynamic_reservation,4000,0,0.0,4000,4000,0,0,0,0,0,0,1.0,0.0,0.0,0.0,16000,4000,12000,0,0,0,0,0,0,0,0,0,0,0,0,16000,4000,12000,0.6883999999997684,0.6883999999997684,0.6884000000000013,16000,0.688399999999998,4000,4000,0.49488550059855696,4000,0.49488550059855696,0.6317481685495717,0.3682518314504283,0.066,0.0,0.24700331687927246,frozen_v8_calibrated_2x2_semantic_replay,,,,,,,,,,,,,
EDF-Dynamic-Reservation,16000,16000,0,0,0,0,250,4,1000,1010,edf_dynamic_reservation,4000,0,0.0,4000,4000,0,0,0,0,0,0,1.0,0.0,0.0,0.0,16000,4000,12000,0,0,0,0,0,0,0,0,0,0,0,0,16000,4000,12000,0.6883999999997684,0.6883999999997684,0.6884000000000013,16000,0.6883999999999979,4000,4000,0.49488550059855746,4000,0.49488550059855746,0.6317481685495717,0.3682518314504283,0.066,0.0,0.24275851249694824,frozen_v8_calibrated_2x2_semantic_replay,,,,,,,,,,,,,
EDF-Dynamic-Reservation,24000,23728,0,272,0,0,250,6,1000,101,edf_dynamic_reservation,6000,220,0.03666666666666667,6000,5780,0,0,0,220,220,220,0.9633333333333334,0.03666666666666667,0.0,0.03666666666666667,23728,5780,17948,5552,0,5552,2012,0,2012,132,0,132,1032,0,1032,15000,5780,9220,0.6559417060010506,0.6485076999997054,0.663158666666668,23728,0.6510872568915992,6000,6000,0.4775575189869453,5980,0.48038420754778716,0.6358922603715838,0.36410773962841625,0.06933333333333333,0.002826688560841839,0.5357151031494141,frozen_v8_calibrated_2x2_semantic_replay,,,,,,,,,,,,,
EDF-Dynamic-Reservation,24000,23736,0,264,0,0,250,6,1000,202,edf_dynamic_reservation,6000,204,0.034,6000,5796,0,0,0,204,204,204,0.966,0.034,0.0,0.034,23736,5796,17940,5532,0,5532,2040,0,2040,144,0,144,1020,0,1020,15000,5796,9204,0.6559475227499549,0.6487320999997054,0.6649944000000013,23736,0.6519435071798013,6000,6000,0.4814839056642889,5996,0.48336439608139237,0.6365793110057538,0.3634206889942462,0.06333333333333334,0.0018804904171034753,0.5444073677062988,frozen_v8_calibrated_2x2_semantic_replay,,,,,,,,,,,,,
EDF-Dynamic-Reservation,24000,23744,0,256,0,0,250,6,1000,303,edf_dynamic_reservation,6000,208,0.034666666666666665,6000,5792,0,0,0,208,208,208,0.9653333333333334,0.034666666666666665,0.0,0.034666666666666665,23744,5792,17952,5552,0,5552,2032,0,2032,116,0,116,1044,0,1044,15000,5792,9208,0.655926600404015,0.6489300499997054,0.664535466666668,23744,0.6514249179906254,6000,6000,0.47932289338058276,5984,0.4819927040281842,0.637631290317963,0.36236870968203705,0.068,0.002669810647601467,0.5385878086090088,frozen_v8_calibrated_2x2_semantic_replay,,,,,,,,,,,,,
EDF-Dynamic-Reservation,24000,23768,0,232,0,0,250,6,1000,404,edf_dynamic_reservation,6000,200,0.03333333333333333,6000,5800,0,0,0,200,200,200,0.9666666666666667,0.03333333333333333,0.0,0.03333333333333333,23768,5800,17968,5564,0,5564,2056,0,2056,116,0,116,1032,0,1032,15000,5800,9200,0.6558411477613986,0.6495013499997051,0.6654533333333347,23768,0.6525277407891776,6000,6000,0.4801651355371128,5996,0.4811480500704608,0.6369204734357502,0.3630795265642498,0.06733333333333333,0.0009829145333479783,0.5388374328613281,frozen_v8_calibrated_2x2_semantic_replay,,,,,,,,,,,,,
EDF-Dynamic-Reservation,24000,23728,0,272,0,0,250,6,1000,505,edf_dynamic_reservation,6000,212,0.035333333333333335,6000,5788,0,0,0,212,212,212,0.9646666666666667,0.035333333333333335,0.0,0.035333333333333335,23728,5788,17940,5496,0,5496,2040,0,2040,144,0,144,1048,0,1048,15000,5788,9212,0.6560843897502082,0.6486487666663725,0.6640765333333346,23728,0.6519762127503047,6000,6000,0.4794750327957204,5992,0.48171069112719067,0.636863681719329,0.36313631828067106,0.064,0.0022356583314702694,0.5428617000579834,frozen_v8_calibrated_2x2_semantic_replay,,,,,,,,,,,,,
EDF-Dynamic-Reservation,24000,23712,0,288,0,0,250,6,1000,606,edf_dynamic_reservation,6000,228,0.038,6000,5772,0,0,0,228,228,228,0.962,0.038,0.0,0.038,23712,5772,17940,5512,0,5512,2008,0,2008,156,0,156,1036,0,1036,15000,5772,9228,0.6560687415651545,0.6481959166663727,0.6622408000000013,23712,0.6507875474838858,6000,6000,0.47915780969323857,5992,0.4812645388528368,0.6372299566935,0.3627700433065,0.068,0.002106729159598253,0.5464897155761719,frozen_v8_calibrated_2x2_semantic_replay,,,,,,,,,,,,,
EDF-Dynamic-Reservation,24000,23736,0,264,0,0,250,6,1000,707,edf_dynamic_reservation,6000,208,0.034666666666666665,6000,5792,0,0,0,208,208,208,0.9653333333333334,0.034666666666666665,0.0,0.034666666666666665,23736,5792,17944,5548,0,5548,2028,0,2028,124,0,124,1036,0,1036,15000,5792,9208,0.6559361644756038,0.6487208666663722,0.664535466666668,23736,0.6519380303807439,6000,6000,0.48195249600496753,5992,0.4841064958844303,0.6379992138180098,0.36200078618199016,0.06266666666666666,0.0021539998794627424,0.552706241607666,frozen_v8_calibrated_2x2_semantic_replay,,,,,,,,,,,,,
EDF-Dynamic-Reservation,24000,23720,0,280,0,0,250,6,1000,808,edf_dynamic_reservation,6000,208,0.034666666666666665,6000,5792,0,0,0,208,208,208,0.9653333333333334,0.034666666666666665,0.0,0.034666666666666665,23720,5792,17928,5564,0,5564,2012,0,2012,132,0,132,1012,0,1012,15000,5792,9208,0.6558883979760931,0.648236366666372,0.664535466666668,23720,0.6514642735504867,6000,6000,0.47919644079616347,5992,0.4809988108422695,0.6385621579291636,0.3614378420708364,0.066,0.0018023700461060055,0.5477211475372314,frozen_v8_calibrated_2x2_semantic_replay,,,,,,,,,,,,,
EDF-Dynamic-Reservation,24000,23744,0,256,0,0,250,6,1000,909,edf_dynamic_reservation,6000,224,0.037333333333333336,6000,5776,0,0,0,224,224,224,0.9626666666666667,0.037333333333333336,0.0,0.037333333333333336,23744,5776,17968,5508,0,5508,2064,0,2064,148,0,148,1024,0,1024,15000,5776,9224,0.6559881233150663,0.6489909166663722,0.6626997333333347,23744,0.6508000510632722,6000,6000,0.48024777258948886,5984,0.4826280168744151,0.6368395582906798,0.36316044170932016,0.064,0.002380244284926225,0.5597612857818604,frozen_v8_calibrated_2x2_semantic_replay,,,,,,,,,,,,,
EDF-Dynamic-Reservation,24000,23764,0,236,0,0,250,6,1000,1010,edf_dynamic_reservation,6000,196,0.03266666666666666,6000,5804,0,0,0,196,196,196,0.9673333333333334,0.03266666666666666,0.0,0.03266666666666666,23764,5804,17960,5600,0,5600,2028,0,2028,136,0,136,1000,0,1000,15000,5804,9196,0.6557359872072422,0.649287916666371,0.665912266666668,23764,0.6524202830557483,6000,6000,0.47913527889831425,5988,0.48118277252815905,0.638944231276311,0.36105576872368905,0.06466666666666666,0.0020474936298447988,0.5498311519622803,frozen_v8_calibrated_2x2_semantic_replay,,,,,,,,,,,,,
EDF-Dynamic-Reservation,32000,31114,0,886,0,0,250,8,1000,101,edf_dynamic_reservation,8000,742,0.09275,8000,7258,0,0,0,742,742,742,0.90725,0.09275,0.0,0.09275,31114,7258,23856,16190,0,16190,2121,0,2121,792,0,792,497,0,497,11514,7258,4256,0.6253220447385414,0.608008440624843,0.6245509000000012,31114,0.6123295319491495,8000,8000,0.45316825322516796,7912,0.4648653437844878,0.6279680420482902,0.37203195795170985,0.073,0.011697090559319834,1.3207957744598389,frozen_v8_calibrated_2x2_semantic_replay,,,,,,,,,,,,,
EDF-Dynamic-Reservation,32000,30973,0,1027,0,0,250,8,1000,202,edf_dynamic_reservation,8000,811,0.101375,8000,7189,0,0,0,811,811,811,0.898625,0.101375,0.0,0.101375,30973,7189,23784,15997,0,15997,2157,0,2157,784,0,784,510,0,510,11525,7189,4336,0.625640089755428,0.6055609531248397,0.6186134500000012,30973,0.6096011470550419,8000,8000,0.4504733513017908,7888,0.46333577928480957,0.6291753348217873,0.37082466517821266,0.08,0.012862427983018787,1.306964635848999,frozen_v8_calibrated_2x2_semantic_replay,,,,,,,,,,,,,
EDF-Dynamic-Reservation,32000,31218,0,782,0,0,250,8,1000,303,edf_dynamic_reservation,8000,662,0.08275,8000,7338,0,0,0,662,662,662,0.91725,0.08275,0.0,0.08275,31218,7338,23880,16466,0,16466,1970,0,1970,832,0,832,470,0,470,11480,7338,4142,0.6248605996538886,0.6095905687498467,0.6314349000000012,31218,0.6138992664980228,8000,8000,0.454701999623208,7944,0.46311837855545807,0.6287074831782359,0.3712925168217641,0.072375,0.008416378932250057,1.298523187637329,frozen_v8_calibrated_2x2_semantic_replay,,,,,,,,,,,,,
EDF-Dynamic-Reservation,32000,31280,0,720,0,0,250,8,1000,404,edf_dynamic_reservation,8000,592,0.074,8000,7408,0,0,0,592,592,592,0.926,0.074,0.0,0.074,31280,7408,23872,16544,0,16544,1968,0,1968,816,0,816,432,0,432,11520,7408,4112,0.6247595907926821,0.6107024999998467,0.6374584000000012,31280,0.6152012686890385,8000,8000,0.4526804601994173,7952,0.4600153070322187,0.6383737485937044,0.36162625140629556,0.074,0.007334846832801389,1.3635814189910889,frozen_v8_calibrated_2x2_semantic_replay,,,,,,,,,,,,,
EDF-Dynamic-Reservation,32000,31120,0,880,0,0,250,8,1000,505,edf_dynamic_reservation,8000,728,0.091,8000,7272,0,0,0,728,728,728,0.909,0.091,0.0,0.091,31120,7272,23848,16315,0,16315,2050,0,2050,840,0,840,422,0,422,11493,7272,4221,0.6250234961437995,0.607835349999845,0.6257556000000012,31120,0.6114695875026539,8000,8000,0.4508214834441313,7928,0.4609240488626734,0.6358751655016947,0.36412483449830535,0.083,0.010102565418542098,1.300581932067871,frozen_v8_calibrated_2x2_semantic_replay,,,,,,,,,,,,,
EDF-Dynamic-Reservation,32000,31181,0,819,0,0,250,8,1000,606,edf_dynamic_reservation,8000,675,0.084375,8000,7325,0,0,0,675,675,675,0.915625,0.084375,0.0,0.084375,31181,7325,23856,16304,0,16304,1980,0,1980,896,0,896,519,0,519,11482,7325,4157,0.6252159776785586,0.609214356249848,0.6303162500000012,31181,0.6136754584966215,8000,8000,0.45176683289488734,7920,0.4615182157818823,0.6350859594968732,0.3649140405031268,0.072375,0.009751382886994953,1.3019137382507324,frozen_v8_calibrated_2x2_semantic_replay,,,,,,,,,,,,,
EDF-Dynamic-Reservation,32000,31176,0,824,0,0,250,8,1000,707,edf_dynamic_reservation,8000,704,0.088,8000,7296,0,0,0,704,704,704,0.912,0.088,0.0,0.088,31176,7296,23880,16280,0,16280,2128,0,2128,696,0,696,592,0,592,11480,7296,4184,0.6252054144211914,0.6091063749998457,0.6278208000000012,31176,0.6138343658438029,8000,8000,0.45571102160903404,7944,0.46396846743799064,0.6358321080664762,0.36416789193352384,0.069,0.0082574458289566,1.301680088043213,frozen_v8_calibrated_2x2_semantic_replay,,,,,,,,,,,,,
EDF-Dynamic-Reservation,32000,31137,0,863,0,0,250,8,1000,808,edf_dynamic_reservation,8000,719,0.089875,8000,7281,0,0,0,719,719,719,0.910125,0.089875,0.0,0.089875,31137,7281,23856,16260,0,16260,2111,0,2111,840,0,840,402,0,402,11524,7281,4243,0.6251239008252245,0.6082650906248442,0.6265300500000012,31137,0.6121802631324004,8000,8000,0.45148619997813266,7904,0.46258176586946653,0.6334788940468516,0.36652110595314835,0.0785,0.01109556589133387,1.3051600456237793,frozen_v8_calibrated_2x2_semantic_replay,,,,,,,,,,,,,
EDF-Dynamic-Reservation,32000,31144,0,856,0,0,250,8,1000,909,edf_dynamic_reservation,8000,712,0.089,8000,7288,0,0,0,712,712,712,0.911,0.089,0.0,0.089,31144,7288,23856,16256,0,16256,2101,0,2101,832,0,832,472,0,472,11483,7288,4195,0.6251514481118363,0.6084286468748448,0.6271324000000013,31144,0.6125619554544427,8000,8000,0.4586217638144893,7968,0.4653393720150967,0.632900766325496,0.36709923367450403,0.068,0.00671760820060735,1.3120861053466797,frozen_v8_calibrated_2x2_semantic_replay,,,,,,,,,,,,,
EDF-Dynamic-Reservation,32000,31232,0,768,0,0,250,8,1000,1010,edf_dynamic_reservation,8000,624,0.078,8000,7376,0,0,0,624,624,624,0.922,0.078,0.0,0.078,31232,7376,23856,16278,0,16278,2162,0,2162,848,0,848,381,0,381,11563,7376,4187,0.625137858606398,0.6101345499998445,0.6347048000000012,31232,0.6135430018652835,8000,8000,0.4521246180678609,7952,0.4597634738962515,0.6386783446591182,0.3613216553408818,0.076375,0.007638855828390578,1.2970151901245117,frozen_v8_calibrated_2x2_semantic_replay,,,,,,,,,,,,,
EDF-Dynamic-Reservation,40000,36374,0,3626,0,0,250,10,1000,101,edf_dynamic_reservation,10000,1759,0.1759,10000,8241,0,0,0,1759,1759,1759,0.8241,0.1759,0.0,0.1759,36374,8241,28133,24654,0,24654,960,0,960,1149,0,1149,511,0,511,9100,8241,859,0.6107837438830269,0.5554161975000306,0.5673104400000011,36374,0.5579595146758681,10000,10000,0.42313713403087194,9680,0.45380117533794306,0.600320568220493,0.39967943177950704,0.102,0.03066404130707112,2.3893260955810547,frozen_v8_calibrated_2x2_semantic_replay,,,,,,,,,,,,,
EDF-Dynamic-Reservation,40000,36479,0,3521,0,0,250,10,1000,202,edf_dynamic_reservation,10000,1847,0.1847,10000,8153,0,0,0,1847,1847,1847,0.8153,0.1847,0.0,0.1847,36479,8153,28326,24917,0,24917,534,0,534,1488,0,1488,447,0,447,9093,8153,940,0.6106523808218867,0.5568997050000402,0.5612525200000011,36479,0.557042931104599,10000,10000,0.41583410428432455,9580,0.44308396386030474,0.5863088565981135,0.4136911434018865,0.1174,0.027249859575980195,2.3638548851013184,frozen_v8_calibrated_2x2_semantic_replay,,,,,,,,,,,,,
EDF-Dynamic-Reservation,40000,36460,0,3540,0,0,250,10,1000,303,edf_dynamic_reservation,10000,2014,0.2014,10000,7986,0,0,0,2014,2014,2014,0.7986,0.2014,0.0,0.2014,36460,7986,28474,24720,0,24720,640,0,640,1540,0,1540,540,0,540,9020,7986,1034,0.610896708721929,0.5568323500000383,0.5497562400000011,36460,0.5566891956401762,10000,10000,0.41130407273240444,9526,0.442587648479736,0.5986132765185376,0.4013867234814624,0.1368,0.03128357574733154,2.381103992462158,frozen_v8_calibrated_2x2_semantic_replay,,,,,,,,,,,,,
EDF-Dynamic-Reservation,40000,36618,0,3382,0,0,250,10,1000,404,edf_dynamic_reservation,10000,1774,0.1774,10000,8226,0,0,0,1774,1774,1774,0.8226,0.1774,0.0,0.1774,36618,8226,28392,25042,0,25042,740,0,740,1382,0,1382,354,0,354,9100,8226,874,0.6103470478999846,0.5587422050000409,0.5662778400000011,36618,0.5602702643990584,10000,10000,0.41873363576841766,9560,0.44686717013174637,0.6041118191804502,0.3958881808195498,0.122,0.028133534363328716,2.415133237838745,frozen_v8_calibrated_2x2_semantic_replay,,,,,,,,,,,,,
EDF-Dynamic-Reservation,40000,36712,0,3288,0,0,250,10,1000,505,edf_dynamic_reservation,10000,1593,0.1593,10000,8407,0,0,0,1593,1593,1593,0.8407,0.1593,0.0,0.1593,36712,8407,28305,25337,0,25337,740,0,740,1106,0,1106,440,0,440,9089,8407,682,0.6099647853563334,0.5598256800000427,0.5787378800000011,36712,0.5644148437302587,10000,10000,0.41662065335238857,9620,0.44741827853339317,0.5983774796198928,0.40162252038010715,0.1073,0.030797625181004595,2.404322862625122,frozen_v8_calibrated_2x2_semantic_replay,,,,,,,,,,,,,
EDF-Dynamic-Reservation,40000,36673,0,3327,0,0,250,10,1000,606,edf_dynamic_reservation,10000,1660,0.166,10000,8340,0,0,0,1660,1660,1660,0.834,0.166,0.0,0.166,36673,8340,28333,25279,0,25279,667,0,667,1127,0,1127,400,0,400,9200,8340,860,0.6101853625283354,0.5594331950000412,0.5741256000000011,36673,0.5627631515663348,10000,10000,0.4150810073880066,9580,0.4438014091306664,0.5998312898618708,0.40016871013812916,0.12,0.02872040174265983,2.3857715129852295,frozen_v8_calibrated_2x2_semantic_replay,,,,,,,,,,,,,
EDF-Dynamic-Reservation,40000,36233,0,3767,0,0,250,10,1000,707,edf_dynamic_reservation,10000,1927,0.1927,10000,8073,0,0,0,1927,1927,1927,0.8073,0.1927,0.0,0.1927,36233,8073,28160,24212,0,24212,941,0,941,1440,0,1440,540,0,540,9100,8073,1027,0.6114848977451783,0.5538983075000262,0.5557453200000011,36233,0.5556826108396823,10000,10000,0.4096911980123131,9540,0.44211815442054236,0.5838142000886742,0.41618579991132576,0.1307,0.03242695640822929,2.354336977005005,frozen_v8_calibrated_2x2_semantic_replay,,,,,,,,,,,,,
EDF-Dynamic-Reservation,40000,36406,0,3594,0,0,250,10,1000,808,edf_dynamic_reservation,10000,1839,0.1839,10000,8161,0,0,0,1839,1839,1839,0.8161,0.1839,0.0,0.1839,36406,8161,28245,24557,0,24557,875,0,875,1361,0,1361,513,0,513,9100,8161,939,0.6110483052244483,0.5561456150000317,0.5618032400000011,36406,0.5605522464281051,10000,10000,0.4096599860761832,9533,0.44087970202010457,0.590900833667778,0.409099166332222,0.126,0.031219715943921367,2.378767251968384,frozen_v8_calibrated_2x2_semantic_replay,,,,,,,,,,,,,
EDF-Dynamic-Reservation,40000,36673,0,3327,0,0,250,10,1000,909,edf_dynamic_reservation,10000,1807,0.1807,10000,8193,0,0,0,1807,1807,1807,0.8193,0.1807,0.0,0.1807,36673,8193,28480,25158,0,25158,755,0,755,1220,0,1220,447,0,447,9093,8193,900,0.610246031140121,0.5594888175000414,0.564006120000001,36673,0.561935658647683,10000,10000,0.4195162811734338,9600,0.44889683002803066,0.6068804812970205,0.39311951870297945,0.11,0.029380548854596844,2.3918404579162598,frozen_v8_calibrated_2x2_semantic_replay,,,,,,,,,,,,,
EDF-Dynamic-Reservation,40000,36426,0,3574,0,0,250,10,1000,1010,edf_dynamic_reservation,10000,1841,0.1841,10000,8159,0,0,0,1841,1841,1841,0.8159,0.1841,0.0,0.1841,36426,8159,28267,24613,0,24613,852,0,852,1340,0,1340,521,0,521,9100,8159,941,0.6109890078515705,0.5563971400000327,0.5616655600000011,36426,0.5578058265548418,10000,10000,0.409945856923747,9473,0.4435156850867596,0.5914801256605334,0.40851987433946657,0.1294,0.03356982816301257,2.3706369400024414,frozen_v8_calibrated_2x2_semantic_replay,,,,,,,,,,,,,
EDF-Dynamic-Reservation,16000,16000,0,0,0,0,300,4,1000,101,edf_dynamic_reservation,4000,0,0.0,4000,4000,0,0,0,0,0,0,1.0,0.0,0.0,0.0,16000,4000,12000,0,0,0,0,0,0,0,0,0,0,0,0,16000,4000,12000,0.6883999999997684,0.6883999999997684,0.6884000000000013,16000,0.6883999999999986,4000,4000,0.49488550059855724,4000,0.49488550059855724,0.6317481685495717,0.3682518314504283,0.066,0.0,0.2629835605621338,frozen_v8_calibrated_2x2_semantic_replay,,,,,,,,,,,,,
EDF-Dynamic-Reservation,16000,16000,0,0,0,0,300,4,1000,202,edf_dynamic_reservation,4000,0,0.0,4000,4000,0,0,0,0,0,0,1.0,0.0,0.0,0.0,16000,4000,12000,0,0,0,0,0,0,0,0,0,0,0,0,16000,4000,12000,0.6883999999997684,0.6883999999997684,0.6884000000000013,16000,0.6883999999999983,4000,4000,0.494885500598558,4000,0.494885500598558,0.6317481685495717,0.3682518314504283,0.066,0.0,0.24794316291809082,frozen_v8_calibrated_2x2_semantic_replay,,,,,,,,,,,,,
EDF-Dynamic-Reservation,16000,16000,0,0,0,0,300,4,1000,303,edf_dynamic_reservation,4000,0,0.0,4000,4000,0,0,0,0,0,0,1.0,0.0,0.0,0.0,16000,4000,12000,0,0,0,0,0,0,0,0,0,0,0,0,16000,4000,12000,0.6883999999997684,0.6883999999997684,0.6884000000000013,16000,0.688399999999999,4000,4000,0.4948855005985574,4000,0.4948855005985574,0.6317481685495717,0.3682518314504283,0.066,0.0,0.2505366802215576,frozen_v8_calibrated_2x2_semantic_replay,,,,,,,,,,,,,
EDF-Dynamic-Reservation,16000,16000,0,0,0,0,300,4,1000,404,edf_dynamic_reservation,4000,0,0.0,4000,4000,0,0,0,0,0,0,1.0,0.0,0.0,0.0,16000,4000,12000,0,0,0,0,0,0,0,0,0,0,0,0,16000,4000,12000,0.6883999999997684,0.6883999999997684,0.6884000000000013,16000,0.6883999999999981,4000,4000,0.49488550059855746,4000,0.49488550059855746,0.6317481685495717,0.3682518314504283,0.066,0.0,0.2490098476409912,frozen_v8_calibrated_2x2_semantic_replay,,,,,,,,,,,,,
EDF-Dynamic-Reservation,16000,16000,0,0,0,0,300,4,1000,505,edf_dynamic_reservation,4000,0,0.0,4000,4000,0,0,0,0,0,0,1.0,0.0,0.0,0.0,16000,4000,12000,0,0,0,0,0,0,0,0,0,0,0,0,16000,4000,12000,0.6883999999997684,0.6883999999997684,0.6884000000000013,16000,0.6883999999999985,4000,4000,0.4948855005985575,4000,0.4948855005985575,0.6317481685495717,0.3682518314504283,0.066,0.0,0.239058256149292,frozen_v8_calibrated_2x2_semantic_replay,,,,,,,,,,,,,
EDF-Dynamic-Reservation,16000,16000,0,0,0,0,300,4,1000,606,edf_dynamic_reservation,4000,0,0.0,4000,4000,0,0,0,0,0,0,1.0,0.0,0.0,0.0,16000,4000,12000,0,0,0,0,0,0,0,0,0,0,0,0,16000,4000,12000,0.6883999999997684,0.6883999999997684,0.6884000000000013,16000,0.6883999999999977,4000,4000,0.494885500598558,4000,0.494885500598558,0.6317481685495717,0.3682518314504283,0.066,0.0,0.24537301063537598,frozen_v8_calibrated_2x2_semantic_replay,,,,,,,,,,,,,
EDF-Dynamic-Reservation,16000,16000,0,0,0,0,300,4,1000,707,edf_dynamic_reservation,4000,0,0.0,4000,4000,0,0,0,0,0,0,1.0,0.0,0.0,0.0,16000,4000,12000,0,0,0,0,0,0,0,0,0,0,0,0,16000,4000,12000,0.6883999999997684,0.6883999999997684,0.6884000000000013,16000,0.6883999999999982,4000,4000,0.49488550059855785,4000,0.49488550059855785,0.6317481685495717,0.3682518314504283,0.066,0.0,0.2488539218902588,frozen_v8_calibrated_2x2_semantic_replay,,,,,,,,,,,,,
EDF-Dynamic-Reservation,16000,16000,0,0,0,0,300,4,1000,808,edf_dynamic_reservation,4000,0,0.0,4000,4000,0,0,0,0,0,0,1.0,0.0,0.0,0.0,16000,4000,12000,0,0,0,0,0,0,0,0,0,0,0,0,16000,4000,12000,0.6883999999997684,0.6883999999997684,0.6884000000000013,16000,0.6883999999999993,4000,4000,0.4948855005985572,4000,0.4948855005985572,0.6317481685495717,0.3682518314504283,0.066,0.0,0.24798989295959473,frozen_v8_calibrated_2x2_semantic_replay,,,,,,,,,,,,,
EDF-Dynamic-Reservation,16000,16000,0,0,0,0,300,4,1000,909,edf_dynamic_reservation,4000,0,0.0,4000,4000,0,0,0,0,0,0,1.0,0.0,0.0,0.0,16000,4000,12000,0,0,0,0,0,0,0,0,0,0,0,0,16000,4000,12000,0.6883999999997684,0.6883999999997684,0.6884000000000013,16000,0.688399999999998,4000,4000,0.49488550059855696,4000,0.49488550059855696,0.6317481685495717,0.3682518314504283,0.066,0.0,0.2437288761138916,frozen_v8_calibrated_2x2_semantic_replay,,,,,,,,,,,,,
EDF-Dynamic-Reservation,16000,16000,0,0,0,0,300,4,1000,1010,edf_dynamic_reservation,4000,0,0.0,4000,4000,0,0,0,0,0,0,1.0,0.0,0.0,0.0,16000,4000,12000,0,0,0,0,0,0,0,0,0,0,0,0,16000,4000,12000,0.6883999999997684,0.6883999999997684,0.6884000000000013,16000,0.6883999999999979,4000,4000,0.49488550059855746,4000,0.49488550059855746,0.6317481685495717,0.3682518314504283,0.066,0.0,0.23424410820007324,frozen_v8_calibrated_2x2_semantic_replay,,,,,,,,,,,,,
EDF-Dynamic-Reservation,24000,24000,0,0,0,0,300,6,1000,101,edf_dynamic_reservation,6000,0,0.0,6000,6000,0,0,0,0,0,0,1.0,0.0,0.0,0.0,24000,6000,18000,1248,0,1248,968,0,968,784,0,784,280,0,280,20720,6000,14720,0.6782570333329367,0.6782570333329367,0.6884000000000013,24000,0.6801554688143566,6000,6000,0.49380357492331517,6000,0.49380357492331517,0.6341687815192996,0.36583121848070044,0.064,0.0,0.4423229694366455,frozen_v8_calibrated_2x2_semantic_replay,,,,,,,,,,,,,
EDF-Dynamic-Reservation,24000,24000,0,0,0,0,300,6,1000,202,edf_dynamic_reservation,6000,0,0.0,6000,6000,0,0,0,0,0,0,1.0,0.0,0.0,0.0,24000,6000,18000,1160,0,1160,948,0,948,892,0,892,212,0,212,20788,6000,14788,0.6785608666662679,0.6785608666662679,0.6884000000000013,24000,0.6802211242345054,6000,6000,0.49534923197920383,6000,0.49534923197920383,0.6347825826537217,0.36521741734627833,0.06533333333333333,0.0,0.4393002986907959,frozen_v8_calibrated_2x2_semantic_replay,,,,,,,,,,,,,
EDF-Dynamic-Reservation,24000,24000,0,0,0,0,300,6,1000,303,edf_dynamic_reservation,6000,0,0.0,6000,6000,0,0,0,0,0,0,1.0,0.0,0.0,0.0,24000,6000,18000,1196,0,1196,940,0,940,864,0,864,256,0,256,20744,6000,14744,0.6784435833329359,0.6784435833329359,0.6884000000000013,24000,0.6801222124540023,6000,6000,0.49361622466594357,6000,0.49361622466594357,0.6348025298168188,0.36519747018318116,0.06533333333333333,0.0,0.4434945583343506,frozen_v8_calibrated_2x2_semantic_replay,,,,,,,,,,,,,
EDF-Dynamic-Reservation,24000,24000,0,0,0,0,300,6,1000,404,edf_dynamic_reservation,6000,0,0.0,6000,6000,0,0,0,0,0,0,1.0,0.0,0.0,0.0,24000,6000,18000,1180,0,1180,936,0,936,884,0,884,244,0,244,20756,6000,14756,0.6784989833329355,0.6784989833329355,0.6884000000000013,24000,0.6802070589844946,6000,6000,0.49234837048767305,6000,0.49234837048767305,0.6353185184159436,0.36468148158405644,0.066,0.0,0.4320192337036133,frozen_v8_calibrated_2x2_semantic_replay,,,,,,,,,,,,,
EDF-Dynamic-Reservation,24000,24000,0,0,0,0,300,6,1000,505,edf_dynamic_reservation,6000,0,0.0,6000,6000,0,0,0,0,0,0,1.0,0.0,0.0,0.0,24000,6000,18000,1172,0,1172,940,0,940,888,0,888,232,0,232,20768,6000,14768,0.6785240833329352,0.6785240833329352,0.6884000000000013,24000,0.6802227282427635,6000,6000,0.4940046861162075,6000,0.4940046861162075,0.6354137482607022,0.3645862517392978,0.06533333333333333,0.0,0.4473083019256592,frozen_v8_calibrated_2x2_semantic_replay,,,,,,,,,,,,,
EDF-Dynamic-Reservation,24000,24000,0,0,0,0,300,6,1000,606,edf_dynamic_reservation,6000,0,0.0,6000,6000,0,0,0,0,0,0,1.0,0.0,0.0,0.0,24000,6000,18000,1192,0,1192,936,0,936,872,0,872,256,0,256,20744,6000,14744,0.6784587333329358,0.6784587333329358,0.6884000000000013,24000,0.6802419722731264,6000,6000,0.4929598502781737,6000,0.4929598502781737,0.6355148853231823,0.36448511467681766,0.06733333333333333,0.0,0.43604016304016113,frozen_v8_calibrated_2x2_semantic_replay,,,,,,,,,,,,,
EDF-Dynamic-Reservation,24000,24000,0,0,0,0,300,6,1000,707,edf_dynamic_reservation,6000,0,0.0,6000,6000,0,0,0,0,0,0,1.0,0.0,0.0,0.0,24000,6000,18000,1172,0,1172,920,0,920,908,0,908,252,0,252,20748,6000,14748,0.6785327499996022,0.6785327499996022,0.6884000000000013,24000,0.6802798622562914,6000,6000,0.4944984256306409,6000,0.4944984256306409,0.6351525942865445,0.36484740571345553,0.064,0.0,0.4356553554534912,frozen_v8_calibrated_2x2_semantic_replay,,,,,,,,,,,,,
EDF-Dynamic-Reservation,24000,24000,0,0,0,0,300,6,1000,808,edf_dynamic_reservation,6000,0,0.0,6000,6000,0,0,0,0,0,0,1.0,0.0,0.0,0.0,24000,6000,18000,1212,0,1212,944,0,944,844,0,844,268,0,268,20732,6000,14732,0.6783881833329363,0.6783881833329363,0.6884000000000013,24000,0.6803056331681556,6000,6000,0.4931861735175362,6000,0.4931861735175362,0.6353525055244162,0.36464749447558376,0.066,0.0,0.43715953826904297,frozen_v8_calibrated_2x2_semantic_replay,,,,,,,,,,,,,
EDF-Dynamic-Reservation,24000,24000,0,0,0,0,300,6,1000,909,edf_dynamic_reservation,6000,0,0.0,6000,6000,0,0,0,0,0,0,1.0,0.0,0.0,0.0,24000,6000,18000,1208,0,1208,952,0,952,840,0,840,256,0,256,20744,6000,14744,0.6783981333329359,0.6783981333329359,0.6884000000000013,24000,0.6801757304678097,6000,6000,0.49266933482438763,6000,0.49266933482438763,0.6347112839095934,0.3652887160904066,0.06333333333333334,0.0,0.4492166042327881,frozen_v8_calibrated_2x2_semantic_replay,,,,,,,,,,,,,
EDF-Dynamic-Reservation,24000,24000,0,0,0,0,300,6,1000,1010,edf_dynamic_reservation,6000,0,0.0,6000,6000,0,0,0,0,0,0,1.0,0.0,0.0,0.0,24000,6000,18000,1228,0,1228,960,0,960,812,0,812,268,0,268,20732,6000,14732,0.6783275833329362,0.6783275833329362,0.6884000000000013,24000,0.6801141679712261,6000,6000,0.4932226603843129,6000,0.4932226603843129,0.6340549233321445,0.3659450766678555,0.06466666666666666,0.0,0.4425654411315918,frozen_v8_calibrated_2x2_semantic_replay,,,,,,,,,,,,,
EDF-Dynamic-Reservation,32000,31672,0,328,0,0,300,8,1000,101,edf_dynamic_reservation,8000,288,0.036,8000,7712,0,0,0,288,288,288,0.964,0.036,0.0,0.036,31672,7712,23960,12248,0,12248,1192,0,1192,384,0,384,856,0,856,16992,7712,9280,0.6425019196764441,0.6359162749997606,0.6636176000000013,31672,0.6401563874873272,8000,8000,0.46865196955523736,7976,0.4722975350555164,0.6440038044680162,0.3559961955319838,0.066,0.0036455655002790577,1.0247776508331299,frozen_v8_calibrated_2x2_semantic_replay,,,,,,,,,,,,,
EDF-Dynamic-Reservation,32000,31608,0,392,0,0,300,8,1000,202,edf_dynamic_reservation,8000,320,0.04,8000,7680,0,0,0,320,320,320,0.96,0.04,0.0,0.04,31608,7680,23928,12200,0,12200,1144,0,1144,376,0,376,904,0,904,16984,7680,9304,0.6426694001516179,0.6347966999997605,0.6608640000000012,31608,0.6388568526782847,8000,8000,0.4671522785948235,7968,0.47137110864789544,0.6354801426403499,0.3645198573596501,0.067,0.0042188300530719425,1.0103530883789062,frozen_v8_calibrated_2x2_semantic_replay,,,,,,,,,,,,,
EDF-Dynamic-Reservation,32000,31720,0,280,0,0,300,8,1000,303,edf_dynamic_reservation,8000,240,0.03,8000,7760,0,0,0,240,240,240,0.97,0.03,0.0,0.03,31720,7760,23960,12328,0,12328,1248,0,1248,384,0,384,768,0,768,16992,7760,9232,0.6422144262292669,0.6365950499997608,0.6677480000000013,31720,0.6416360359857628,8000,8000,0.46618203560914884,7992,0.46931053987372406,0.6394743147716738,0.3605256852283262,0.066,0.003128504264575227,0.9894883632659912,frozen_v8_calibrated_2x2_semantic_replay,,,,,,,,,,,,,
EDF-Dynamic-Reservation,32000,31728,0,272,0,0,300,8,1000,404,edf_dynamic_reservation,8000,240,0.03,8000,7760,0,0,0,240,240,240,0.97,0.03,0.0,0.03,31728,7760,23968,12392,0,12392,1176,0,1176,360,0,360,800,0,800,17000,7760,9240,0.6421824508318319,0.6367238999997613,0.6677480000000013,31728,0.6428869783039378,8000,8000,0.4614498054198222,7984,0.46447094362827457,0.6377184286482146,0.3622815713517854,0.068,0.0030211382084523453,1.012800693511963,frozen_v8_calibrated_2x2_semantic_replay,,,,,,,,,,,,,
EDF-Dynamic-Reservation,32000,31640,0,360,0,0,300,8,1000,505,edf_dynamic_reservation,8000,264,0.033,8000,7736,0,0,0,264,264,264,0.967,0.033,0.0,0.033,31640,7736,23904,12264,0,12264,1200,0,1200,344,0,344,832,0,832,17000,7736,9264,0.6424501390642324,0.6352225749997598,0.6656828000000012,31640,0.6404489742081472,8000,8000,0.4669182974443375,7960,0.47164473090107045,0.6408022847909228,0.3591977152090772,0.067,0.004726433456732959,1.0038700103759766,frozen_v8_calibrated_2x2_semantic_replay,,,,,,,,,,,,,
EDF-Dynamic-Reservation,32000,31664,0,336,0,0,300,8,1000,606,edf_dynamic_reservation,8000,312,0.039,8000,7688,0,0,0,312,312,312,0.961,0.039,0.0,0.039,31664,7688,23976,12232,0,12232,1160,0,1160,456,0,456,832,0,832,16984,7688,9296,0.6425273875692382,0.6357808499997613,0.6615524000000013,31664,0.6404549632127808,8000,8000,0.46680635300153295,7976,0.4702951290594326,0.639137644574689,0.360862355425311,0.066,0.0034887760578996563,1.045191764831543,frozen_v8_calibrated_2x2_semantic_replay,,,,,,,,,,,,,
EDF-Dynamic-Reservation,32000,31696,0,304,0,0,300,8,1000,707,edf_dynamic_reservation,8000,248,0.031,8000,7752,0,0,0,248,248,248,0.969,0.031,0.0,0.031,31696,7752,23944,12328,0,12328,1216,0,1216,368,0,368,792,0,792,16992,7752,9240,0.6422609288235848,0.6361594499997607,0.6670596000000013,31696,0.6419573209476432,8000,8000,0.4688866186687156,7976,0.4726324340998855,0.6423360732657653,0.35766392673423475,0.062,0.0037458154311698633,1.0150253772735596,frozen_v8_calibrated_2x2_semantic_replay,,,,,,,,,,,,,
EDF-Dynamic-Reservation,32000,31680,0,320,0,0,300,8,1000,808,edf_dynamic_reservation,8000,312,0.039,8000,7688,0,0,0,312,312,312,0.961,0.039,0.0,0.039,31680,7688,23992,12256,0,12256,1168,0,1168,480,0,480,776,0,776,17000,7688,9312,0.6424436363633954,0.6360191999997614,0.6615524000000013,31680,0.6405666730005457,8000,8000,0.4671443144540984,7984,0.46966377555038674,0.6446752902703755,0.3553247097296245,0.068,0.002519461096288367,1.0060148239135742,frozen_v8_calibrated_2x2_semantic_replay,,,,,,,,,,,,,
EDF-Dynamic-Reservation,32000,31728,0,272,0,0,300,8,1000,909,edf_dynamic_reservation,8000,240,0.03,8000,7760,0,0,0,240,240,240,0.97,0.03,0.0,0.03,31728,7760,23968,12376,0,12376,1184,0,1184,408,0,408,768,0,768,16992,7760,9232,0.6421684568832691,0.6367100249997613,0.6677480000000013,31728,0.6428123755127146,8000,8000,0.46708654760343626,7968,0.4704732334516608,0.6383034492683883,0.36169655073161167,0.062,0.0033866858482245465,1.0113167762756348,frozen_v8_calibrated_2x2_semantic_replay,,,,,,,,,,,,,
EDF-Dynamic-Reservation,32000,31696,0,304,0,0,300,8,1000,1010,edf_dynamic_reservation,8000,264,0.033,8000,7736,0,0,0,264,264,264,0.967,0.033,0.0,0.033,31696,7736,23960,12296,0,12296,1208,0,1208,384,0,384,808,0,808,17000,7736,9264,0.6423589348811314,0.6362565249997606,0.6656828000000012,31696,0.640890424019547,8000,8000,0.46909575368795137,7968,0.47248697792779526,0.6469674418612319,0.3530325581387681,0.065,0.003391224239843893,0.9995169639587402,frozen_v8_calibrated_2x2_semantic_replay,,,,,,,,,,,,,
EDF-Dynamic-Reservation,40000,39160,0,840,0,0,300,10,1000,101,edf_dynamic_reservation,10000,680,0.068,10000,9320,0,0,0,680,680,680,0.932,0.068,0.0,0.068,39160,9320,29840,21920,0,21920,2860,0,2860,460,0,460,960,0,960,12960,9320,3640,0.6211452502553355,0.6081011999999735,0.6415888000000013,39160,0.6151426598738621,10000,10000,0.4548850278416708,9900,0.4645016743608462,0.6364167361314258,0.3635832638685742,0.068,0.009616646519175431,2.116107940673828,frozen_v8_calibrated_2x2_semantic_replay,,,,,,,,,,,,,
EDF-Dynamic-Reservation,40000,39120,0,880,0,0,300,10,1000,202,edf_dynamic_reservation,10000,780,0.078,10000,9220,0,0,0,780,780,780,0.922,0.078,0.0,0.078,39120,9220,29900,21820,0,21820,2820,0,2820,560,0,560,1000,0,1000,12920,9220,3700,0.6212988241308538,0.607630249999975,0.6347048000000013,39120,0.6136356480491739,10000,10000,0.4502963008009422,9940,0.45673265240641264,0.6337823670540126,0.3662176329459874,0.07,0.006436351605470458,2.0966622829437256,frozen_v8_calibrated_2x2_semantic_replay,,,,,,,,,,,,,
EDF-Dynamic-Reservation,40000,39492,0,508,0,0,300,10,1000,303,edf_dynamic_reservation,10000,468,0.0468,10000,9532,0,0,0,468,468,468,0.9532,0.0468,0.0,0.0468,39492,9532,29960,22592,0,22592,2612,0,2612,340,0,340,948,0,948,13000,9532,3468,0.620428583004138,0.6125491399999854,0.6561828800000012,39492,0.6202136636916162,10000,10000,0.4518522093139798,9980,0.4561001449612816,0.6410814544053598,0.3589185455946402,0.064,0.004247935647301804,2.1503970623016357,frozen_v8_calibrated_2x2_semantic_replay,,,,,,,,,,,,,
EDF-Dynamic-Reservation,40000,39400,0,600,0,0,300,10,1000,404,edf_dynamic_reservation,10000,580,0.058,10000,9420,0,0,0,580,580,580,0.942,0.058,0.0,0.058,39400,9420,29980,22220,0,22220,2840,0,2840,400,0,400,940,0,940,13000,9420,3580,0.620832791878151,0.6115202999999788,0.6484728000000013,39400,0.6173891896405062,10000,10000,0.456376035615821,9980,0.4595739300523617,0.6506219764489944,0.34937802355100556,0.064,0.0031978944365406714,2.1082265377044678,frozen_v8_calibrated_2x2_semantic_replay,,,,,,,,,,,,,
EDF-Dynamic-Reservation,40000,39240,0,760,0,0,300,10,1000,505,edf_dynamic_reservation,10000,620,0.062,10000,9380,0,0,0,620,620,620,0.938,0.062,0.0,0.062,39240,9380,29860,22180,0,22180,2620,0,2620,460,0,460,1000,0,1000,12980,9380,3600,0.620970540265015,0.6091720999999797,0.6457192000000013,39240,0.6147194687907545,10000,10000,0.45346870143768164,9940,0.4604304693967831,0.6445373498677182,0.35546265013228184,0.064,0.0069617679591014725,2.086367607116699,frozen_v8_calibrated_2x2_semantic_replay,,,,,,,,,,,,,
EDF-Dynamic-Reservation,40000,39300,0,700,0,0,300,10,1000,606,edf_dynamic_reservation,10000,580,0.058,10000,9420,0,0,0,580,580,580,0.942,0.058,0.0,0.058,39300,9420,29880,22340,0,22340,2600,0,2600,380,0,380,1020,0,1020,12960,9420,3540,0.6207461068702106,0.6098830499999819,0.6484728000000013,39300,0.6174281766213163,10000,10000,0.45381715775723813,10000,0.4573928677429437,0.6391826081179514,0.36081739188204864,0.06,0.003575709985705555,2.0929131507873535,frozen_v8_calibrated_2x2_semantic_replay,,,,,,,,,,,,,
EDF-Dynamic-Reservation,40000,39320,0,680,0,0,300,10,1000,707,edf_dynamic_reservation,10000,540,0.054,10000,9460,0,0,0,540,540,540,0.946,0.054,0.0,0.054,39320,9460,29860,22440,0,22440,2740,0,2740,280,0,280,900,0,900,12960,9460,3500,0.6204123601220557,0.6098653499999808,0.6512264000000013,39320,0.6167654881963767,10000,10000,0.45383276303959763,9960,0.4596591460044493,0.6420622531177952,0.3579377468822048,0.06,0.005826382964851662,2.1143863201141357,frozen_v8_calibrated_2x2_semantic_replay,,,,,,,,,,,,,
EDF-Dynamic-Reservation,40000,39160,0,840,0,0,300,10,1000,808,edf_dynamic_reservation,10000,700,0.07,10000,9300,0,0,0,700,700,700,0.93,0.07,0.0,0.07,39160,9300,29860,21880,0,21880,2880,0,2880,400,0,400,1040,0,1040,12960,9300,3660,0.6212576098058966,0.6082111999999729,0.6402120000000012,39160,0.61400626028125,10000,10000,0.4508880310294482,9980,0.45467836161230185,0.6480436819792466,0.35195631802075344,0.072,0.0037903305828536626,2.091383934020996,frozen_v8_calibrated_2x2_semantic_replay,,,,,,,,,,,,,
EDF-Dynamic-Reservation,40000,39400,0,600,0,0,300,10,1000,909,edf_dynamic_reservation,10000,520,0.052,10000,9480,0,0,0,520,520,520,0.948,0.052,0.0,0.052,39400,9480,29920,22460,0,22460,2640,0,2640,400,0,400,940,0,940,12960,9480,3480,0.620522233502522,0.6112143999999842,0.6526032000000013,39400,0.6190964713370017,10000,10000,0.4553575506371173,9980,0.46044592500262727,0.6476022891760016,0.3523977108239984,0.06,0.005088374365509962,2.1231207847595215,frozen_v8_calibrated_2x2_semantic_replay,,,,,,,,,,,,,
EDF-Dynamic-Reservation,40000,39560,0,440,0,0,300,10,1000,1010,edf_dynamic_reservation,10000,400,0.04,10000,9600,0,0,0,400,400,400,0.96,0.04,0.0,0.04,39560,9600,29960,22760,0,22760,2580,0,2580,300,0,300,940,0,940,12980,9600,3380,0.620185439838208,0.6133633999999877,0.6608640000000013,39560,0.6206939249886279,10000,10000,0.4563569799204717,9920,0.4623834868665485,0.6468247866745697,0.35317521332543034,0.07,0.006026506946076815,2.1244211196899414,frozen_v8_calibrated_2x2_semantic_replay,,,,,,,,,,,,,
HBTASP-FixedL3,16000,11929,0,,818,0,100,4,1000,101,,4000,0,0.0,4000,4000,0,0,0,0,0,0,1.0,0.0,0.0,0.0,11929,4000,7929,0,0,0,0,0,0,11929,4000,7929,0,0,0,0,0,0,0.6441000000001758,0.447287193750122,0.6440999999999828,11111,0.5226265177540114,4000,4000,0.43340032460439337,3735,0.5056201042732581,0.497650850626988,0.502349149373012,0.17575,0.07221977966886473,1.4685027599334717,frozen_v8_calibrated_2x2_semantic_replay,0,4071,0,manuscript_l5,fixed_l3,periodic,0.0,False,True,0.0,0.0,0.0,0
HBTASP-FixedL3,16000,11906,0,,791,0,100,4,1000,202,,4000,0,0.0,4000,4000,0,0,0,0,0,0,1.0,0.0,0.0,0.0,11906,4000,7906,0,0,0,0,0,0,11906,4000,7906,0,0,0,0,0,0,0.6441000000001758,0.44744821875012214,0.6440999999999828,11115,0.5205075970916814,4000,4000,0.4301954343421497,3752,0.5036756783370498,0.5041156272752233,0.4958843727247767,0.178,0.07348024399490016,1.4642560482025146,frozen_v8_calibrated_2x2_semantic_replay,0,4094,0,manuscript_l5,fixed_l3,periodic,0.0,False,True,0.0,0.0,0.0,0
HBTASP-FixedL3,16000,11922,0,,809,0,100,4,1000,303,,4000,0,0.0,4000,4000,0,0,0,0,0,0,1.0,0.0,0.0,0.0,11922,4000,7922,0,0,0,0,0,0,11922,4000,7922,0,0,0,0,0,0,0.6441000000001758,0.44736770625012207,0.6440999999999828,11113,0.5219991971435777,4000,4000,0.4406908135609732,3745,0.514785394731705,0.4983093748946489,0.5016906251053511,0.166,0.07409458117073181,1.469517469406128,frozen_v8_calibrated_2x2_semantic_replay,0,4078,0,manuscript_l5,fixed_l3,periodic,0.0,False,True,0.0,0.0,0.0,0
HBTASP-FixedL3,16000,11937,0,,846,0,100,4,1000,404,,4000,0,0.0,4000,4000,0,0,0,0,0,0,1.0,0.0,0.0,0.0,11937,4000,7937,0,0,0,0,0,0,11937,4000,7937,0,0,0,0,0,0,0.6441000000001752,0.4464820687501215,0.6440999999999828,11091,0.5221100122297665,4000,4000,0.4338139614566796,3755,0.5021216017273206,0.4910451662295188,0.5089548337704812,0.1825,0.06830764027064096,1.448441982269287,frozen_v8_calibrated_2x2_semantic_replay,0,4063,0,manuscript_l5,fixed_l3,periodic,0.0,False,True,0.0,0.0,0.0,0
HBTASP-FixedL3,16000,11929,0,,825,0,100,4,1000,505,,4000,0,0.0,4000,4000,0,0,0,0,0,0,1.0,0.0,0.0,0.0,11929,4000,7929,0,0,0,0,0,0,11929,4000,7929,0,0,0,0,0,0,0.6441000000001755,0.44700540000012184,0.6440999999999828,11104,0.5213137630044941,4000,4000,0.43504199597719434,3785,0.5088299413870332,0.490365417191207,0.5096345828087929,0.16525,0.07378794540983885,1.4619195461273193,frozen_v8_calibrated_2x2_semantic_replay,0,4071,0,manuscript_l5,fixed_l3,periodic,0.0,False,True,0.0,0.0,0.0,0
HBTASP-FixedL3,16000,11898,0,,756,0,100,4,1000,606,,4000,0,0.0,4000,4000,0,0,0,0,0,0,1.0,0.0,0.0,0.0,11898,4000,7898,0,0,0,0,0,0,11898,4000,7898,0,0,0,0,0,0,0.6441000000001764,0.44853513750012286,0.6440999999999828,11142,0.5217776723631183,4000,4000,0.429985832360276,3718,0.5092860747993965,0.4726809382848786,0.5273190617151213,0.17275,0.07930024243912048,1.477644443511963,frozen_v8_calibrated_2x2_semantic_replay,0,4102,0,manuscript_l5,fixed_l3,periodic,0.0,False,True,0.0,0.0,0.0,0
HBTASP-FixedL3,16000,11931,0,,831,0,100,4,1000,707,,4000,0,0.0,4000,4000,0,0,0,0,0,0,1.0,0.0,0.0,0.0,11931,4000,7931,0,0,0,0,0,0,11931,4000,7931,0,0,0,0,0,0,0.6441000000001754,0.4468443750001217,0.6440999999999828,11100,0.5204939187260293,4000,4000,0.43427860412117103,3770,0.5046411256637702,0.48592754432041213,0.5140724556795879,0.1715,0.07036252154259914,1.4953556060791016,frozen_v8_calibrated_2x2_semantic_replay,0,4069,0,manuscript_l5,fixed_l3,periodic,0.0,False,True,0.0,0.0,0.0,0
HBTASP-FixedL3,16000,11930,0,,809,0,100,4,1000,808,,4000,0,0.0,4000,4000,0,0,0,0,0,0,1.0,0.0,0.0,0.0,11930,4000,7930,0,0,0,0,0,0,11930,4000,7930,0,0,0,0,0,0,0.644100000000176,0.4476897562501223,0.6440999999999828,11121,0.521995861502267,4000,4000,0.44183040674670404,3746,0.5127163867905821,0.49101856314319814,0.5089814368568019,0.178,0.07088598004387803,1.4678456783294678,frozen_v8_calibrated_2x2_semantic_replay,0,4070,0,manuscript_l5,fixed_l3,periodic,0.0,False,True,0.0,0.0,0.0,0
HBTASP-FixedL3,16000,11913,0,,785,0,100,4,1000,909,,4000,0,0.0,4000,4000,0,0,0,0,0,0,1.0,0.0,0.0,0.0,11913,4000,7913,0,0,0,0,0,0,11913,4000,7913,0,0,0,0,0,0,0.6441000000001761,0.44797155000012245,0.6440999999999828,11128,0.5231484711449669,4000,4000,0.4403317129604852,3738,0.512188263737166,0.49854439286481733,0.5014556071351827,0.16975,0.0718565507766808,1.4330267906188965,frozen_v8_calibrated_2x2_semantic_replay,0,4087,0,manuscript_l5,fixed_l3,periodic,0.0,False,True,0.0,0.0,0.0,0
HBTASP-FixedL3,16000,11897,0,,761,0,100,4,1000,1010,,4000,0,0.0,4000,4000,0,0,0,0,0,0,1.0,0.0,0.0,0.0,11897,4000,7897,0,0,0,0,0,0,11897,4000,7897,0,0,0,0,0,0,0.6441000000001763,0.4482936000001227,0.6440999999999828,11136,0.5214139862993649,4000,4000,0.43601056332900034,3754,0.5093805040219399,0.4904174487891619,0.5095825512108381,0.168,0.07336994069293956,1.4379758834838867,frozen_v8_calibrated_2x2_semantic_replay,0,4103,0,manuscript_l5,fixed_l3,periodic,0.0,False,True,0.0,0.0,0.0,0
HBTASP-FixedL3,24000,11796,0,,574,0,100,6,1000,101,,6000,0,0.0,6000,6000,0,0,0,0,0,0,1.0,0.0,0.0,0.0,11796,6000,5796,0,0,0,0,0,0,11796,6000,5796,0,0,0,0,0,0,0.6441000000001783,0.30117042500008334,0.6440999999999819,11222,0.3976975289835,6000,6000,0.34538764864348614,5197,0.47499059311198694,0.3609108358237751,0.6390891641762249,0.29,0.1296029444685008,1.6765162944793701,frozen_v8_calibrated_2x2_semantic_replay,0,12204,0,manuscript_l5,fixed_l3,periodic,0.0,False,True,0.0,0.0,0.0,0
HBTASP-FixedL3,24000,11773,0,,566,0,100,6,1000,202,,6000,0,0.0,6000,6000,0,0,0,0,0,0,1.0,0.0,0.0,0.0,11773,6000,5773,0,0,0,0,0,0,11773,6000,5773,0,0,0,0,0,0,0.644100000000178,0.3007678625000831,0.6440999999999819,11207,0.3974018888838531,6000,6000,0.34409155677989184,5214,0.4719256883221933,0.3524223562858415,0.6475776437141585,0.2891666666666667,0.12783413154230144,1.6828951835632324,frozen_v8_calibrated_2x2_semantic_replay,0,12227,0,manuscript_l5,fixed_l3,periodic,0.0,False,True,0.0,0.0,0.0,0
HBTASP-FixedL3,24000,11768,0,,556,0,100,6,1000,303,,6000,0,0.0,6000,6000,0,0,0,0,0,0,1.0,0.0,0.0,0.0,11768,6000,5768,0,0,0,0,0,0,11768,6000,5768,0,0,0,0,0,0,0.6441000000001781,0.3009020500000832,0.6440999999999819,11212,0.3975305343654727,6000,6000,0.3443217049845041,5261,0.46878579127591463,0.35613142273580395,0.6438685772641961,0.28883333333333333,0.12446408629141054,1.6963682174682617,frozen_v8_calibrated_2x2_semantic_replay,0,12232,0,manuscript_l5,fixed_l3,periodic,0.0,False,True,0.0,0.0,0.0,0
HBTASP-FixedL3,24000,11773,0,,533,0,100,6,1000,404,,6000,0,0.0,6000,6000,0,0,0,0,0,0,1.0,0.0,0.0,0.0,11773,6000,5773,0,0,0,0,0,0,11773,6000,5773,0,0,0,0,0,0,0.6441000000001786,0.3016535000000837,0.6440999999999819,11240,0.3982592617359014,6000,6000,0.34620440355509496,5213,0.4752175116209662,0.3615894034185426,0.6384105965814574,0.29133333333333333,0.12901310806587124,1.7332165241241455,frozen_v8_calibrated_2x2_semantic_replay,0,12227,0,manuscript_l5,fixed_l3,periodic,0.0,False,True,0.0,0.0,0.0,0
HBTASP-FixedL3,24000,11785,0,,534,0,100,6,1000,505,,6000,0,0.0,6000,6000,0,0,0,0,0,0,1.0,0.0,0.0,0.0,11785,6000,5785,0,0,0,0,0,0,11785,6000,5785,0,0,0,0,0,0,0.644100000000179,0.30194871250008387,0.6440999999999819,11251,0.39851532916250465,6000,6000,0.34565961201766904,5202,0.47416533090711294,0.36158985676315847,0.6384101432368415,0.29033333333333333,0.1285057188894439,1.7721154689788818,frozen_v8_calibrated_2x2_semantic_replay,0,12215,0,manuscript_l5,fixed_l3,periodic,0.0,False,True,0.0,0.0,0.0,0
HBTASP-FixedL3,24000,11781,0,,555,0,100,6,1000,606,,6000,0,0.0,6000,6000,0,0,0,0,0,0,1.0,0.0,0.0,0.0,11781,6000,5781,0,0,0,0,0,0,11781,6000,5781,0,0,0,0,0,0,0.6441000000001783,0.3012777750000834,0.6440999999999819,11226,0.3979507604847221,6000,6000,0.34120223458889487,5225,0.4696904519461321,0.35489594875590286,0.6451040512440971,0.291,0.12848821735723726,1.674548625946045,frozen_v8_calibrated_2x2_semantic_replay,0,12219,0,manuscript_l5,fixed_l3,periodic,0.0,False,True,0.0,0.0,0.0,0
HBTASP-FixedL3,24000,11824,0,,627,0,100,6,1000,707,,6000,0,0.0,6000,6000,0,0,0,0,0,0,1.0,0.0,0.0,0.0,11824,6000,5824,0,0,0,0,0,0,11824,6000,5824,0,0,0,0,0,0,0.6441000000001776,0.30049948750008293,0.6440999999999819,11197,0.39744712476441235,6000,6000,0.3410122258039693,5186,0.4698817328475371,0.3598926512920198,0.6401073487079803,0.2955,0.1288695070435678,1.700881004333496,frozen_v8_calibrated_2x2_semantic_replay,0,12176,0,manuscript_l5,fixed_l3,periodic,0.0,False,True,0.0,0.0,0.0,0
HBTASP-FixedL3,24000,11732,0,,475,0,100,6,1000,808,,6000,0,0.0,6000,6000,0,0,0,0,0,0,1.0,0.0,0.0,0.0,11732,6000,5732,0,0,0,0,0,0,11732,6000,5732,0,0,0,0,0,0,0.6441000000001791,0.30210973750008396,0.6440999999999819,11257,0.39895321467442524,6000,6000,0.3463260908653563,5229,0.47796098263138803,0.35763590866320405,0.642364091336796,0.2815,0.13163489176603171,1.6710476875305176,frozen_v8_calibrated_2x2_semantic_replay,0,12268,0,manuscript_l5,fixed_l3,periodic,0.0,False,True,0.0,0.0,0.0,0
HBTASP-FixedL3,24000,11784,0,,562,0,100,6,1000,909,,6000,0,0.0,6000,6000,0,0,0,0,0,0,1.0,0.0,0.0,0.0,11784,6000,5784,0,0,0,0,0,0,11784,6000,5784,0,0,0,0,0,0,0.6441000000001783,0.30117042500008334,0.6440999999999819,11222,0.3977047182448442,6000,6000,0.3415111690161206,5217,0.4695750634300364,0.3586077902244229,0.6413922097755771,0.29183333333333333,0.1280638944139158,1.6706550121307373,frozen_v8_calibrated_2x2_semantic_replay,0,12216,0,manuscript_l5,fixed_l3,periodic,0.0,False,True,0.0,0.0,0.0,0
HBTASP-FixedL3,24000,11781,0,,583,0,100,6,1000,1010,,6000,0,0.0,6000,6000,0,0,0,0,0,0,1.0,0.0,0.0,0.0,11781,6000,5781,0,0,0,0,0,0,11781,6000,5781,0,0,0,0,0,0,0.6441000000001778,0.3005263250000829,0.6440999999999819,11198,0.39726118141526345,6000,6000,0.33892618671019475,5218,0.4672879603297298,0.35032829568553575,0.6496717043144642,0.29383333333333334,0.12836177361953505,1.7081496715545654,frozen_v8_calibrated_2x2_semantic_replay,0,12219,0,manuscript_l5,fixed_l3,periodic,0.0,False,True,0.0,0.0,0.0,0
HBTASP-FixedL3,32000,11825,0,,636,0,100,8,1000,101,,8000,0,0.0,8000,8000,0,0,0,0,0,0,1.0,0.0,0.0,0.0,11825,8000,3825,0,0,0,0,0,0,11825,8000,3825,0,0,0,0,0,0,0.6441000000001775,0.22521359062506208,0.6441000000000748,11189,0.32007029316773705,8000,8000,0.2750057849009092,6402,0.44497601879208953,0.2704965240419777,0.7295034759580223,0.38275,0.16997023389118032,2.0017049312591553,frozen_v8_calibrated_2x2_semantic_replay,0,20175,0,manuscript_l5,fixed_l3,periodic,0.0,False,True,0.0,0.0,0.0,0
HBTASP-FixedL3,32000,11816,0,,620,0,100,8,1000,202,,8000,0,0.0,8000,8000,0,0,0,0,0,0,1.0,0.0,0.0,0.0,11816,8000,3816,0,0,0,0,0,0,11816,8000,3816,0,0,0,0,0,0,0.6441000000001776,0.22535448750006215,0.6441000000000748,11196,0.3194127584337525,8000,8000,0.2746888533754077,6462,0.44472287799999877,0.25849701752819865,0.7415029824718014,0.375625,0.17003402462459105,1.996617078781128,frozen_v8_calibrated_2x2_semantic_replay,0,20184,0,manuscript_l5,fixed_l3,periodic,0.0,False,True,0.0,0.0,0.0,0
HBTASP-FixedL3,32000,11744,0,,489,0,100,8,1000,303,,8000,0,0.0,8000,8000,0,0,0,0,0,0,1.0,0.0,0.0,0.0,11744,8000,3744,0,0,0,0,0,0,11744,8000,3744,0,0,0,0,0,0,0.644100000000179,0.22654204687506296,0.6441000000000748,11255,0.32100487862847377,8000,8000,0.27284899010652486,6378,0.44896111853521464,0.2612889248899465,0.7387110751100535,0.38075,0.17611212842868978,2.0360591411590576,frozen_v8_calibrated_2x2_semantic_replay,0,20256,0,manuscript_l5,fixed_l3,periodic,0.0,False,True,0.0,0.0,0.0,0
HBTASP-FixedL3,32000,11825,0,,638,0,100,8,1000,404,,8000,0,0.0,8000,8000,0,0,0,0,0,0,1.0,0.0,0.0,0.0,11825,8000,3825,0,0,0,0,0,0,11825,8000,3825,0,0,0,0,0,0,0.6441000000001774,0.22517333437506204,0.6441000000000748,11187,0.31972506084528474,8000,8000,0.2693978384492032,6387,0.4414106125628973,0.2566758858415613,0.7433241141584387,0.386375,0.17201277411369414,1.9669160842895508,frozen_v8_calibrated_2x2_semantic_replay,0,20175,0,manuscript_l5,fixed_l3,periodic,0.0,False,True,0.0,0.0,0.0,0
HBTASP-FixedL3,32000,11881,0,,722,0,100,8,1000,505,,8000,0,0.0,8000,8000,0,0,0,0,0,0,1.0,0.0,0.0,0.0,11881,8000,3881,0,0,0,0,0,0,11881,8000,3881,0,0,0,0,0,0,0.6441000000001769,0.22460974687506166,0.6441000000000748,11159,0.3194013271933129,8000,8000,0.2739660744275043,6389,0.44731353793817746,0.25726818058216205,0.742731819417838,0.3795,0.17334746351067315,2.026054859161377,frozen_v8_calibrated_2x2_semantic_replay,0,20119,0,manuscript_l5,fixed_l3,periodic,0.0,False,True,0.0,0.0,0.0,0
HBTASP-FixedL3,32000,11760,0,,517,0,100,8,1000,606,,8000,0,0.0,8000,8000,0,0,0,0,0,0,1.0,0.0,0.0,0.0,11760,8000,3760,0,0,0,0,0,0,11760,8000,3760,0,0,0,0,0,0,0.6441000000001788,0.2263005093750628,0.6441000000000748,11243,0.32014714963786833,8000,8000,0.27591535172102255,6490,0.44429510747583534,0.25708698698183846,0.7429130130181616,0.374625,0.1683797557548128,2.010002374649048,frozen_v8_calibrated_2x2_semantic_replay,0,20240,0,manuscript_l5,fixed_l3,periodic,0.0,False,True,0.0,0.0,0.0,0
HBTASP-FixedL3,32000,11833,0,,656,0,100,8,1000,707,,8000,0,0.0,8000,8000,0,0,0,0,0,0,1.0,0.0,0.0,0.0,11833,8000,3833,0,0,0,0,0,0,11833,8000,3833,0,0,0,0,0,0,0.6441000000001772,0.2249720531250619,0.6441000000000748,11177,0.319179188339862,8000,8000,0.2692263528361819,6385,0.4432979155495892,0.25999304445719856,0.7400069555428015,0.38825,0.1740715627134073,2.0068697929382324,frozen_v8_calibrated_2x2_semantic_replay,0,20167,0,manuscript_l5,fixed_l3,periodic,0.0,False,True,0.0,0.0,0.0,0
HBTASP-FixedL3,32000,11786,0,,564,0,100,8,1000,808,,8000,0,0.0,8000,8000,0,0,0,0,0,0,1.0,0.0,0.0,0.0,11786,8000,3786,0,0,0,0,0,0,11786,8000,3786,0,0,0,0,0,0,0.6441000000001783,0.22587781875006252,0.6441000000000748,11222,0.3202881517574221,8000,8000,0.27484847287899833,6449,0.4404827528491108,0.2634601313495962,0.7365398686504038,0.38175,0.16563427997011249,1.987865924835205,frozen_v8_calibrated_2x2_semantic_replay,0,20214,0,manuscript_l5,fixed_l3,periodic,0.0,False,True,0.0,0.0,0.0,0
HBTASP-FixedL3,32000,11792,0,,541,0,100,8,1000,909,,8000,0,0.0,8000,8000,0,0,0,0,0,0,1.0,0.0,0.0,0.0,11792,8000,3792,0,0,0,0,0,0,11792,8000,3792,0,0,0,0,0,0,0.644100000000179,0.22646153437506292,0.6441000000000748,11251,0.32110090360205507,8000,8000,0.27772859808552547,6491,0.4438652111986074,0.2690257916818846,0.7309742083181154,0.3785,0.16613661311308192,1.942742109298706,frozen_v8_calibrated_2x2_semantic_replay,0,20208,0,manuscript_l5,fixed_l3,periodic,0.0,False,True,0.0,0.0,0.0,0
HBTASP-FixedL3,32000,11849,0,,680,0,100,8,1000,1010,,8000,0,0.0,8000,8000,0,0,0,0,0,0,1.0,0.0,0.0,0.0,11849,8000,3849,0,0,0,0,0,0,11849,8000,3849,0,0,0,0,0,0,0.6441000000001771,0.2248110281250618,0.6441000000000748,11169,0.3195293490464135,8000,8000,0.27116333646683594,6433,0.43893001656634373,0.2643542969362724,0.7356457030637276,0.3875,0.1677666800995078,1.984283685684204,frozen_v8_calibrated_2x2_semantic_replay,0,20151,0,manuscript_l5,fixed_l3,periodic,0.0,False,True,0.0,0.0,0.0,0
HBTASP-FixedL3,40000,11781,0,,562,0,100,10,1000,101,,10000,0,0.0,10000,10000,0,0,0,0,0,0,1.0,0.0,0.0,0.0,11781,10000,1781,0,0,0,0,0,0,11781,10000,1781,0,0,0,0,0,0,0.6441000000001782,0.18065394750004998,0.6441000000001469,11219,0.26757227417478413,10000,10000,0.2410589195762594,7762,0.4345946500017211,0.2069115024326884,0.7930884975673116,0.4197,0.19353573042546168,2.2492330074310303,frozen_v8_calibrated_2x2_semantic_replay,0,28219,0,manuscript_l5,fixed_l3,periodic,0.0,False,True,0.0,0.0,0.0,0
HBTASP-FixedL3,40000,11863,0,,736,0,100,10,1000,202,,10000,0,0.0,10000,10000,0,0,0,0,0,0,1.0,0.0,0.0,0.0,11863,10000,1863,0,0,0,0,0,0,11863,10000,1863,0,0,0,0,0,0,0.6441000000001761,0.17917251750004898,0.6441000000001469,11127,0.26579212498047877,10000,10000,0.22755197278885644,7645,0.4223702766724549,0.19144762909420673,0.8085523709057932,0.4335,0.19481830388359847,2.329362392425537,frozen_v8_calibrated_2x2_semantic_replay,0,28137,0,manuscript_l5,fixed_l3,periodic,0.0,False,True,0.0,0.0,0.0,0
HBTASP-FixedL3,40000,11781,0,,557,0,100,10,1000,303,,10000,0,0.0,10000,10000,0,0,0,0,0,0,1.0,0.0,0.0,0.0,11781,10000,1781,0,0,0,0,0,0,11781,10000,1781,0,0,0,0,0,0,0.6441000000001783,0.18073446000005003,0.6441000000001469,11224,0.26789356521415075,10000,10000,0.23424198648521988,7642,0.43161526024467045,0.19933360814259682,0.8006663918574032,0.4296,0.19737327375945057,2.334602117538452,frozen_v8_calibrated_2x2_semantic_replay,0,28219,0,manuscript_l5,fixed_l3,periodic,0.0,False,True,0.0,0.0,0.0,0
HBTASP-FixedL3,40000,11862,0,,685,0,100,10,1000,404,,10000,0,0.0,10000,10000,0,0,0,0,0,0,1.0,0.0,0.0,0.0,11862,10000,1862,0,0,0,0,0,0,11862,10000,1862,0,0,0,0,0,0,0.6441000000001772,0.17997764250004952,0.6441000000001469,11177,0.26655543877590954,10000,10000,0.23003395884090583,7587,0.4306798840425679,0.19994097453101706,0.800059025468983,0.4374,0.20064592520166208,2.3103957176208496,frozen_v8_calibrated_2x2_semantic_replay,0,28138,0,manuscript_l5,fixed_l3,periodic,0.0,False,True,0.0,0.0,0.0,0
HBTASP-FixedL3,40000,11840,0,,657,0,100,10,1000,505,,10000,0,0.0,10000,10000,0,0,0,0,0,0,1.0,0.0,0.0,0.0,11840,10000,1840,0,0,0,0,0,0,11840,10000,1840,0,0,0,0,0,0,0.6441000000001774,0.1800742575000496,0.6441000000001469,11183,0.26756683699676775,10000,10000,0.23229777727515055,7662,0.42604902735570566,0.20236379240410382,0.7976362075958962,0.4393,0.1937512500805551,2.339614152908325,frozen_v8_calibrated_2x2_semantic_replay,0,28160,0,manuscript_l5,fixed_l3,periodic,0.0,False,True,0.0,0.0,0.0,0
HBTASP-FixedL3,40000,11820,0,,618,0,100,10,1000,606,,10000,0,0.0,10000,10000,0,0,0,0,0,0,1.0,0.0,0.0,0.0,11820,10000,1820,0,0,0,0,0,0,11820,10000,1820,0,0,0,0,0,0,0.6441000000001779,0.1803802050000498,0.6441000000001469,11202,0.2674308341575818,10000,10000,0.2314415920138245,7683,0.426711461043004,0.2002794498638359,0.7997205501361642,0.4339,0.1952698690291795,2.238034725189209,frozen_v8_calibrated_2x2_semantic_replay,0,28180,0,manuscript_l5,fixed_l3,periodic,0.0,False,True,0.0,0.0,0.0,0
HBTASP-FixedL3,40000,11802,0,,564,0,100,10,1000,707,,10000,0,0.0,10000,10000,0,0,0,0,0,0,1.0,0.0,0.0,0.0,11802,10000,1802,0,0,0,0,0,0,11802,10000,1802,0,0,0,0,0,0,0.6441000000001786,0.1809598950000502,0.6441000000001469,11238,0.2685893904578452,10000,10000,0.23374087721409642,7625,0.43447433777508987,0.19910704711017124,0.8008929528898288,0.4277,0.20073346056099345,2.393549919128418,frozen_v8_calibrated_2x2_semantic_replay,0,28198,0,manuscript_l5,fixed_l3,periodic,0.0,False,True,0.0,0.0,0.0,0
HBTASP-FixedL3,40000,11882,0,,746,0,100,10,1000,808,,10000,0,0.0,10000,10000,0,0,0,0,0,0,1.0,0.0,0.0,0.0,11882,10000,1882,0,0,0,0,0,0,11882,10000,1882,0,0,0,0,0,0,0.6441000000001763,0.17931744000004907,0.6441000000001469,11136,0.26593810639125254,10000,10000,0.23391381919072318,7645,0.4326880197167559,0.20538674375833071,0.7946132562416692,0.4295,0.19877420052603273,2.3020529747009277,frozen_v8_calibrated_2x2_semantic_replay,0,28118,0,manuscript_l5,fixed_l3,periodic,0.0,False,True,0.0,0.0,0.0,0
HBTASP-FixedL3,40000,11842,0,,695,0,100,10,1000,909,,10000,0,0.0,10000,10000,0,0,0,0,0,0,1.0,0.0,0.0,0.0,11842,10000,1842,0,0,0,0,0,0,11842,10000,1842,0,0,0,0,0,0,0.6441000000001765,0.1794945675000492,0.6441000000001469,11147,0.26634473847232376,10000,10000,0.23664217907079968,7645,0.4352292029377586,0.20638676840379255,0.7936132315962074,0.4256,0.1985870238669589,2.2742221355438232,frozen_v8_calibrated_2x2_semantic_replay,0,28158,0,manuscript_l5,fixed_l3,periodic,0.0,False,True,0.0,0.0,0.0,0
HBTASP-FixedL3,40000,11780,0,,562,0,100,10,1000,1010,,10000,0,0.0,10000,10000,0,0,0,0,0,0,1.0,0.0,0.0,0.0,11780,10000,1780,0,0,0,0,0,0,11780,10000,1780,0,0,0,0,0,0,0.6441000000001782,0.18063784500004998,0.6441000000001469,11218,0.2679543559899261,10000,10000,0.234855888964086,7603,0.4337007489483004,0.20764695928165813,0.7923530407183419,0.4297,0.19884485998421442,2.234915018081665,frozen_v8_calibrated_2x2_semantic_replay,0,28220,0,manuscript_l5,fixed_l3,periodic,0.0,False,True,0.0,0.0,0.0,0
HBTASP-FixedL3,16000,16000,0,,0,0,150,4,1000,101,,4000,0,0.0,4000,4000,0,0,0,0,0,0,1.0,0.0,0.0,0.0,16000,4000,12000,0,0,0,0,0,0,16000,4000,12000,0,0,0,0,0,0,0.6441000000000685,0.6441000000000685,0.6440999999999828,16000,0.6441000000000018,4000,4000,0.5365712329758283,4000,0.5365712329758283,0.6530537993946778,0.3469462006053222,0.056,0.0,1.6068308353424072,frozen_v8_calibrated_2x2_semantic_replay,0,0,0,manuscript_l5,fixed_l3,periodic,0.0,False,True,0.0,0.0,0.0,0
HBTASP-FixedL3,16000,15984,0,,0,0,150,4,1000,202,,4000,0,0.0,4000,4000,0,0,0,0,0,0,1.0,0.0,0.0,0.0,15984,4000,11984,0,0,0,0,0,0,15984,4000,11984,0,0,0,0,0,0,0.644100000000069,0.6434559000000689,0.6440999999999828,15984,0.6435788823379262,4000,4000,0.5365638758537857,4000,0.5366042906282468,0.6530434136816603,0.3469565863183397,0.056,4.041477446103947e-05,1.6308403015136719,frozen_v8_calibrated_2x2_semantic_replay,0,16,0,manuscript_l5,fixed_l3,periodic,0.0,False,True,0.0,0.0,0.0,0
HBTASP-FixedL3,16000,16000,0,,0,0,150,4,1000,303,,4000,0,0.0,4000,4000,0,0,0,0,0,0,1.0,0.0,0.0,0.0,16000,4000,12000,0,0,0,0,0,0,16000,4000,12000,0,0,0,0,0,0,0.6441000000000685,0.6441000000000685,0.6440999999999828,16000,0.6441000000000031,4000,4000,0.5365712329758282,4000,0.5365712329758282,0.6530537993946778,0.3469462006053222,0.056,0.0,1.6585605144500732,frozen_v8_calibrated_2x2_semantic_replay,0,0,0,manuscript_l5,fixed_l3,periodic,0.0,False,True,0.0,0.0,0.0,0
HBTASP-FixedL3,16000,16000,0,,0,0,150,4,1000,404,,4000,0,0.0,4000,4000,0,0,0,0,0,0,1.0,0.0,0.0,0.0,16000,4000,12000,0,0,0,0,0,0,16000,4000,12000,0,0,0,0,0,0,0.6441000000000685,0.6441000000000685,0.6440999999999828,16000,0.6441000000000022,4000,4000,0.5365712329758273,4000,0.5365712329758273,0.6530537993946778,0.3469462006053222,0.056,0.0,1.6706221103668213,frozen_v8_calibrated_2x2_semantic_replay,0,0,0,manuscript_l5,fixed_l3,periodic,0.0,False,True,0.0,0.0,0.0,0
HBTASP-FixedL3,16000,16000,0,,0,0,150,4,1000,505,,4000,0,0.0,4000,4000,0,0,0,0,0,0,1.0,0.0,0.0,0.0,16000,4000,12000,0,0,0,0,0,0,16000,4000,12000,0,0,0,0,0,0,0.6441000000000685,0.6441000000000685,0.6440999999999828,16000,0.6441000000000021,4000,4000,0.536571232975828,4000,0.536571232975828,0.6530537993946778,0.3469462006053222,0.056,0.0,1.6412618160247803,frozen_v8_calibrated_2x2_semantic_replay,0,0,0,manuscript_l5,fixed_l3,periodic,0.0,False,True,0.0,0.0,0.0,0
HBTASP-FixedL3,16000,16000,0,,0,0,150,4,1000,606,,4000,0,0.0,4000,4000,0,0,0,0,0,0,1.0,0.0,0.0,0.0,16000,4000,12000,0,0,0,0,0,0,16000,4000,12000,0,0,0,0,0,0,0.6441000000000685,0.6441000000000685,0.6440999999999828,16000,0.6441000000000017,4000,4000,0.5365712329758265,4000,0.5365712329758265,0.6530537993946778,0.3469462006053222,0.056,0.0,1.610630750656128,frozen_v8_calibrated_2x2_semantic_replay,0,0,0,manuscript_l5,fixed_l3,periodic,0.0,False,True,0.0,0.0,0.0,0
HBTASP-FixedL3,16000,16000,0,,0,0,150,4,1000,707,,4000,0,0.0,4000,4000,0,0,0,0,0,0,1.0,0.0,0.0,0.0,16000,4000,12000,0,0,0,0,0,0,16000,4000,12000,0,0,0,0,0,0,0.6441000000000685,0.6441000000000685,0.6440999999999828,16000,0.6441000000000012,4000,4000,0.5365712329758282,4000,0.5365712329758282,0.6530537993946778,0.3469462006053222,0.056,0.0,1.623723030090332,frozen_v8_calibrated_2x2_semantic_replay,0,0,0,manuscript_l5,fixed_l3,periodic,0.0,False,True,0.0,0.0,0.0,0
HBTASP-FixedL3,16000,16000,0,,0,0,150,4,1000,808,,4000,0,0.0,4000,4000,0,0,0,0,0,0,1.0,0.0,0.0,0.0,16000,4000,12000,0,0,0,0,0,0,16000,4000,12000,0,0,0,0,0,0,0.6441000000000685,0.6441000000000685,0.6440999999999828,16000,0.6441000000000023,4000,4000,0.5365712329758269,4000,0.5365712329758269,0.6530537993946778,0.3469462006053222,0.056,0.0,1.629913330078125,frozen_v8_calibrated_2x2_semantic_replay,0,0,0,manuscript_l5,fixed_l3,periodic,0.0,False,True,0.0,0.0,0.0,0
HBTASP-FixedL3,16000,15992,0,,0,0,150,4,1000,909,,4000,0,0.0,4000,4000,0,0,0,0,0,0,1.0,0.0,0.0,0.0,15992,4000,11992,0,0,0,0,0,0,15992,4000,11992,0,0,0,0,0,0,0.6441000000000687,0.6437779500000687,0.6440999999999828,15992,0.6438163498130456,4000,4000,0.5360817612262595,4000,0.536402947309079,0.651879884118522,0.34812011588147795,0.056,0.00032118608281950234,1.6225652694702148,frozen_v8_calibrated_2x2_semantic_replay,0,8,0,manuscript_l5,fixed_l3,periodic,0.0,False,True,0.0,0.0,0.0,0
HBTASP-FixedL3,16000,16000,0,,0,0,150,4,1000,1010,,4000,0,0.0,4000,4000,0,0,0,0,0,0,1.0,0.0,0.0,0.0,16000,4000,12000,0,0,0,0,0,0,16000,4000,12000,0,0,0,0,0,0,0.6441000000000685,0.6441000000000685,0.6440999999999828,16000,0.644100000000003,4000,4000,0.5365712329758273,4000,0.5365712329758273,0.6530537993946778,0.3469462006053222,0.056,0.0,1.6405353546142578,frozen_v8_calibrated_2x2_semantic_replay,0,0,0,manuscript_l5,fixed_l3,periodic,0.0,False,True,0.0,0.0,0.0,0
HBTASP-FixedL3,24000,17404,0,,123,0,150,6,1000,101,,6000,0,0.0,6000,6000,0,0,0,0,0,0,1.0,0.0,0.0,0.0,17404,6000,11404,0,0,0,0,0,0,17404,6000,11404,0,0,0,0,0,0,0.6441000000000282,0.4637788375000203,0.6440999999999819,17281,0.5386771288590075,6000,6000,0.4464850175720162,5652,0.5095333210673049,0.5119358218985397,0.4880641781014603,0.162,0.06304830349528867,2.003908395767212,frozen_v8_calibrated_2x2_semantic_replay,0,6596,0,manuscript_l5,fixed_l3,periodic,0.0,False,True,0.0,0.0,0.0,0
HBTASP-FixedL3,24000,17420,0,,138,0,150,6,1000,202,,6000,0,0.0,6000,6000,0,0,0,0,0,0,1.0,0.0,0.0,0.0,17420,6000,11420,0,0,0,0,0,0,17420,6000,11420,0,0,0,0,0,0,0.6441000000000282,0.4638056750000203,0.6440999999999819,17282,0.5387655035379214,6000,6000,0.43911161578104424,5628,0.5073334501046467,0.5150583977927558,0.48494160220724425,0.172,0.06822183432360246,1.9796104431152344,frozen_v8_calibrated_2x2_semantic_replay,0,6580,0,manuscript_l5,fixed_l3,periodic,0.0,False,True,0.0,0.0,0.0,0
HBTASP-FixedL3,24000,17480,0,,153,0,150,6,1000,303,,6000,0,0.0,6000,6000,0,0,0,0,0,0,1.0,0.0,0.0,0.0,17480,6000,11480,0,0,0,0,0,0,17480,6000,11480,0,0,0,0,0,0,0.6441000000000269,0.4650133625000194,0.6440999999999819,17327,0.5395177813497235,6000,6000,0.43930411075884257,5628,0.5072074563977678,0.4996988486667808,0.5003011513332192,0.17133333333333334,0.0679033456389252,1.9727082252502441,frozen_v8_calibrated_2x2_semantic_replay,0,6520,0,manuscript_l5,fixed_l3,periodic,0.0,False,True,0.0,0.0,0.0,0
HBTASP-FixedL3,24000,17416,0,,109,0,150,6,1000,404,,6000,0,0.0,6000,6000,0,0,0,0,0,0,1.0,0.0,0.0,0.0,17416,6000,11416,0,0,0,0,0,0,17416,6000,11416,0,0,0,0,0,0,0.6441000000000274,0.4644766125000198,0.6440999999999819,17307,0.5381740894272283,6000,6000,0.4414465912770927,5620,0.5070684390408076,0.5089747878024361,0.4910252121975639,0.17666666666666667,0.06562184776371488,1.9935643672943115,frozen_v8_calibrated_2x2_semantic_replay,0,6584,0,manuscript_l5,fixed_l3,periodic,0.0,False,True,0.0,0.0,0.0,0
HBTASP-FixedL3,24000,17428,0,,116,0,150,6,1000,505,,6000,0,0.0,6000,6000,0,0,0,0,0,0,1.0,0.0,0.0,0.0,17428,6000,11428,0,0,0,0,0,0,17428,6000,11428,0,0,0,0,0,0,0.6441000000000273,0.4646108000000197,0.6440999999999819,17312,0.5389012036285031,6000,6000,0.440759191456462,5636,0.5075254577858532,0.5034439972268497,0.49655600277315026,0.17133333333333334,0.06676626632939126,1.9919202327728271,frozen_v8_calibrated_2x2_semantic_replay,0,6572,0,manuscript_l5,fixed_l3,periodic,0.0,False,True,0.0,0.0,0.0,0
HBTASP-FixedL3,24000,17396,0,,114,0,150,6,1000,606,,6000,0,0.0,6000,6000,0,0,0,0,0,0,1.0,0.0,0.0,0.0,17396,6000,11396,0,0,0,0,0,0,17396,6000,11396,0,0,0,0,0,0,0.6441000000000282,0.4638056750000203,0.6440999999999819,17282,0.5387155785030593,6000,6000,0.44177164790833295,5633,0.5048430376152346,0.5095024671975634,0.4904975328024366,0.17316666666666666,0.06307138970690168,2.0227019786834717,frozen_v8_calibrated_2x2_semantic_replay,0,6604,0,manuscript_l5,fixed_l3,periodic,0.0,False,True,0.0,0.0,0.0,0
HBTASP-FixedL3,24000,17424,0,,136,0,150,6,1000,707,,6000,0,0.0,6000,6000,0,0,0,0,0,0,1.0,0.0,0.0,0.0,17424,6000,11424,0,0,0,0,0,0,17424,6000,11424,0,0,0,0,0,0,0.644100000000028,0.46396670000002016,0.6440999999999819,17288,0.5385538386434017,6000,6000,0.44104739368710916,5644,0.5072668615452118,0.5082399505244414,0.4917600494755586,0.17,0.06621946785810268,2.020627498626709,frozen_v8_calibrated_2x2_semantic_replay,0,6576,0,manuscript_l5,fixed_l3,periodic,0.0,False,True,0.0,0.0,0.0,0
HBTASP-FixedL3,24000,17416,0,,117,0,150,6,1000,808,,6000,0,0.0,6000,6000,0,0,0,0,0,0,1.0,0.0,0.0,0.0,17416,6000,11416,0,0,0,0,0,0,17416,6000,11416,0,0,0,0,0,0,0.6441000000000277,0.46426191250001997,0.6440999999999819,17299,0.5388227433325903,6000,6000,0.44092456291582866,5616,0.5075704485740812,0.5065983209818906,0.4934016790181094,0.17383333333333334,0.06664588565825252,1.9929358959197998,frozen_v8_calibrated_2x2_semantic_replay,0,6584,0,manuscript_l5,fixed_l3,periodic,0.0,False,True,0.0,0.0,0.0,0
HBTASP-FixedL3,24000,17416,0,,114,0,150,6,1000,909,,6000,0,0.0,6000,6000,0,0,0,0,0,0,1.0,0.0,0.0,0.0,17416,6000,11416,0,0,0,0,0,0,17416,6000,11416,0,0,0,0,0,0,0.6441000000000277,0.46434242500001993,0.6440999999999819,17302,0.5387891919668353,6000,6000,0.4431457383948924,5652,0.5073370460686469,0.5061430530858577,0.4938569469141423,0.17,0.06419130767375453,1.9720525741577148,frozen_v8_calibrated_2x2_semantic_replay,0,6584,0,manuscript_l5,fixed_l3,periodic,0.0,False,True,0.0,0.0,0.0,0
HBTASP-FixedL3,24000,17452,0,,172,0,150,6,1000,1010,,6000,0,0.0,6000,6000,0,0,0,0,0,0,1.0,0.0,0.0,0.0,17452,6000,11452,0,0,0,0,0,0,17452,6000,11452,0,0,0,0,0,0,0.6441000000000282,0.4637520000000203,0.6440999999999819,17280,0.5393842447660695,6000,6000,0.44329522671326965,5632,0.508172433263318,0.5096303996743832,0.49036960032561683,0.16733333333333333,0.0648772065500483,1.9841229915618896,frozen_v8_calibrated_2x2_semantic_replay,0,6548,0,manuscript_l5,fixed_l3,periodic,0.0,False,True,0.0,0.0,0.0,0
HBTASP-FixedL3,32000,17752,0,,531,0,150,8,1000,101,,8000,0,0.0,8000,8000,0,0,0,0,0,0,1.0,0.0,0.0,0.0,17752,8000,9752,0,0,0,0,0,0,17752,8000,9752,0,0,0,0,0,0,0.64410000000003,0.34662644062501613,0.6441000000000748,17221,0.4432068831840514,8000,8000,0.38056571407084117,7176,0.48891997305372115,0.40779236853686157,0.5922076314631384,0.244,0.10835425898287998,2.254117965698242,frozen_v8_calibrated_2x2_semantic_replay,0,14248,0,manuscript_l5,fixed_l3,periodic,0.0,False,True,0.0,0.0,0.0,0
HBTASP-FixedL3,32000,17792,0,,591,0,150,8,1000,202,,8000,0,0.0,8000,8000,0,0,0,0,0,0,1.0,0.0,0.0,0.0,17792,8000,9792,0,0,0,0,0,0,17792,8000,9792,0,0,0,0,0,0,0.6441000000000305,0.3462238781250164,0.6441000000000748,17201,0.4424634219970506,8000,8000,0.3791203520403164,7147,0.4874955562734099,0.4125252502647739,0.5874747497352262,0.250625,0.10837520423309349,2.3225197792053223,frozen_v8_calibrated_2x2_semantic_replay,0,14208,0,manuscript_l5,fixed_l3,periodic,0.0,False,True,0.0,0.0,0.0,0
HBTASP-FixedL3,32000,17720,0,,501,0,150,8,1000,303,,8000,0,0.0,8000,8000,0,0,0,0,0,0,1.0,0.0,0.0,0.0,17720,8000,9720,0,0,0,0,0,0,17720,8000,9720,0,0,0,0,0,0,0.64410000000003,0.34658618437501615,0.6441000000000748,17219,0.4435469025803496,8000,8000,0.3821128595058701,7211,0.4903408903519949,0.40652911346152437,0.5934708865384757,0.243625,0.10822803084612481,2.3185367584228516,frozen_v8_calibrated_2x2_semantic_replay,0,14280,0,manuscript_l5,fixed_l3,periodic,0.0,False,True,0.0,0.0,0.0,0
HBTASP-FixedL3,32000,17784,0,,573,0,150,8,1000,404,,8000,0,0.0,8000,8000,0,0,0,0,0,0,1.0,0.0,0.0,0.0,17784,8000,9784,0,0,0,0,0,0,17784,8000,9784,0,0,0,0,0,0,0.6441000000000303,0.3464251593750163,0.6441000000000748,17211,0.4429241154132911,8000,8000,0.37762733693658634,7176,0.48328163537058766,0.4049724207802951,0.5950275792197048,0.25375,0.10565429843400131,2.289132833480835,frozen_v8_calibrated_2x2_semantic_replay,0,14216,0,manuscript_l5,fixed_l3,periodic,0.0,False,True,0.0,0.0,0.0,0
HBTASP-FixedL3,32000,17720,0,,499,0,150,8,1000,505,,8000,0,0.0,8000,8000,0,0,0,0,0,0,1.0,0.0,0.0,0.0,17720,8000,9720,0,0,0,0,0,0,17720,8000,9720,0,0,0,0,0,0,0.64410000000003,0.34662644062501613,0.6441000000000748,17221,0.44346458669150746,8000,8000,0.3773310542140304,7218,0.48447823491313435,0.395168781642939,0.604831218357061,0.244375,0.10714718069910395,2.2504873275756836,frozen_v8_calibrated_2x2_semantic_replay,0,14280,0,manuscript_l5,fixed_l3,periodic,0.0,False,True,0.0,0.0,0.0,0
HBTASP-FixedL3,32000,17712,0,,475,0,150,8,1000,606,,8000,0,0.0,8000,8000,0,0,0,0,0,0,1.0,0.0,0.0,0.0,17712,8000,9712,0,0,0,0,0,0,17712,8000,9712,0,0,0,0,0,0,0.6441000000000295,0.34694849062501587,0.6441000000000748,17237,0.44335627860079246,8000,8000,0.3809637387233877,7193,0.4857825196315002,0.40569547453270677,0.5943045254672932,0.240875,0.10481878090811253,2.3006691932678223,frozen_v8_calibrated_2x2_semantic_replay,0,14288,0,manuscript_l5,fixed_l3,periodic,0.0,False,True,0.0,0.0,0.0,0
HBTASP-FixedL3,32000,17761,0,,540,0,150,8,1000,707,,8000,0,0.0,8000,8000,0,0,0,0,0,0,1.0,0.0,0.0,0.0,17761,8000,9761,0,0,0,0,0,0,17761,8000,9761,0,0,0,0,0,0,0.64410000000003,0.34662644062501613,0.6441000000000748,17221,0.4436366346786586,8000,8000,0.3776693879210623,7169,0.48237711968498354,0.40282599372521594,0.5971740062747841,0.24875,0.10470773176392123,2.297257661819458,frozen_v8_calibrated_2x2_semantic_replay,0,14239,0,manuscript_l5,fixed_l3,periodic,0.0,False,True,0.0,0.0,0.0,0
HBTASP-FixedL3,32000,17784,0,,563,0,150,8,1000,808,,8000,0,0.0,8000,8000,0,0,0,0,0,0,1.0,0.0,0.0,0.0,17784,8000,9784,0,0,0,0,0,0,17784,8000,9784,0,0,0,0,0,0,0.64410000000003,0.34662644062501613,0.6441000000000748,17221,0.44318158872531105,8000,8000,0.3834098090219101,7224,0.4909363027638228,0.41350187820674345,0.5864981217932566,0.24,0.1075264937419127,2.3245327472686768,frozen_v8_calibrated_2x2_semantic_replay,0,14216,0,manuscript_l5,fixed_l3,periodic,0.0,False,True,0.0,0.0,0.0,0
HBTASP-FixedL3,32000,17776,0,,558,0,150,8,1000,909,,8000,0,0.0,8000,8000,0,0,0,0,0,0,1.0,0.0,0.0,0.0,17776,8000,9776,0,0,0,0,0,0,17776,8000,9776,0,0,0,0,0,0,0.6441000000000301,0.3465660562500162,0.6441000000000748,17218,0.4432749241508219,8000,8000,0.37690633443362603,7125,0.48431035154680313,0.4073797116002892,0.5926202883997108,0.251375,0.1074040171131771,2.405147075653076,frozen_v8_calibrated_2x2_semantic_replay,0,14224,0,manuscript_l5,fixed_l3,periodic,0.0,False,True,0.0,0.0,0.0,0
HBTASP-FixedL3,32000,17688,0,,458,0,150,8,1000,1010,,8000,0,0.0,8000,8000,0,0,0,0,0,0,1.0,0.0,0.0,0.0,17688,8000,9688,0,0,0,0,0,0,17688,8000,9688,0,0,0,0,0,0,0.6441000000000298,0.346807593750016,0.6441000000000748,17230,0.44438515232205555,8000,8000,0.3740859389075028,7243,0.4776506943581602,0.3955761014769885,0.6044238985230115,0.248875,0.10356475545065741,2.7275607585906982,frozen_v8_calibrated_2x2_semantic_replay,0,14312,0,manuscript_l5,fixed_l3,periodic,0.0,False,True,0.0,0.0,0.0,0
HBTASP-FixedL3,40000,17882,0,,744,0,150,10,1000,101,,10000,0,0.0,10000,10000,0,0,0,0,0,0,1.0,0.0,0.0,0.0,17882,10000,7882,0,0,0,0,0,0,17882,10000,7882,0,0,0,0,0,0,0.6441000000000324,0.2759646450000139,0.6441000000001469,17138,0.3749105036743405,10000,10000,0.3283628655232529,8521,0.4701915419795639,0.3375951807324252,0.6624048192675748,0.3099,0.14182867645631103,3.021854877471924,frozen_v8_calibrated_2x2_semantic_replay,0,22118,0,manuscript_l5,fixed_l3,periodic,0.0,False,True,0.0,0.0,0.0,0
HBTASP-FixedL3,40000,17861,0,,736,0,150,10,1000,202,,10000,0,0.0,10000,10000,0,0,0,0,0,0,1.0,0.0,0.0,0.0,17861,10000,7861,0,0,0,0,0,0,17861,10000,7861,0,0,0,0,0,0,0.6441000000000328,0.27575531250001406,0.6441000000001469,17125,0.3753526048115975,10000,10000,0.33187316409003864,8442,0.47907393396001724,0.33813369231632806,0.6618663076836719,0.3037,0.1472007698699786,3.4367048740386963,frozen_v8_calibrated_2x2_semantic_replay,0,22139,0,manuscript_l5,fixed_l3,periodic,0.0,False,True,0.0,0.0,0.0,0
HBTASP-FixedL3,40000,17881,0,,734,0,150,10,1000,303,,10000,0,0.0,10000,10000,0,0,0,0,0,0,1.0,0.0,0.0,0.0,17881,10000,7881,0,0,0,0,0,0,17881,10000,7881,0,0,0,0,0,0,0.6441000000000322,0.2761095675000138,0.6441000000001469,17147,0.37501087836119384,10000,10000,0.3222265552147356,8523,0.45815725465144885,0.3360313519948111,0.663968648005189,0.3215,0.13593069943671326,2.7089295387268066,frozen_v8_calibrated_2x2_semantic_replay,0,22119,0,manuscript_l5,fixed_l3,periodic,0.0,False,True,0.0,0.0,0.0,0
HBTASP-FixedL3,40000,17882,0,,746,0,150,10,1000,404,,10000,0,0.0,10000,10000,0,0,0,0,0,0,1.0,0.0,0.0,0.0,17882,10000,7882,0,0,0,0,0,0,17882,10000,7882,0,0,0,0,0,0,0.6441000000000324,0.27593244000001393,0.6441000000001469,17136,0.3745035774870306,10000,10000,0.3164946874193892,8401,0.46106273444363466,0.32619544708475096,0.673804552915249,0.33,0.14456804702424547,2.8578052520751953,frozen_v8_calibrated_2x2_semantic_replay,0,22118,0,manuscript_l5,fixed_l3,periodic,0.0,False,True,0.0,0.0,0.0,0
HBTASP-FixedL3,40000,17881,0,,742,0,150,10,1000,505,,10000,0,0.0,10000,10000,0,0,0,0,0,0,1.0,0.0,0.0,0.0,17881,10000,7881,0,0,0,0,0,0,17881,10000,7881,0,0,0,0,0,0,0.6441000000000324,0.2759807475000139,0.6441000000001469,17139,0.37431968636119956,10000,10000,0.3295239994913173,8581,0.4698001844222827,0.3372265991957996,0.6627734008042003,0.3075,0.14027618493096544,2.848375082015991,frozen_v8_calibrated_2x2_semantic_replay,0,22119,0,manuscript_l5,fixed_l3,periodic,0.0,False,True,0.0,0.0,0.0,0
HBTASP-FixedL3,40000,17760,0,,527,0,150,10,1000,606,,10000,0,0.0,10000,10000,0,0,0,0,0,0,1.0,0.0,0.0,0.0,17760,10000,7760,0,0,0,0,0,0,17760,10000,7760,0,0,0,0,0,0,0.6441000000000296,0.27749438250001274,0.6441000000001469,17233,0.37705065040794694,10000,10000,0.32475602805297865,8581,0.464306793284047,0.3270382353321792,0.6729617646678208,0.3079,0.13955076523106835,3.0220272541046143,frozen_v8_calibrated_2x2_semantic_replay,0,22240,0,manuscript_l5,fixed_l3,periodic,0.0,False,True,0.0,0.0,0.0,0
HBTASP-FixedL3,40000,17881,0,,746,0,150,10,1000,707,,10000,0,0.0,10000,10000,0,0,0,0,0,0,1.0,0.0,0.0,0.0,17881,10000,7881,0,0,0,0,0,0,17881,10000,7881,0,0,0,0,0,0,0.6441000000000325,0.27591633750001393,0.6441000000001469,17135,0.3750899097757858,10000,10000,0.3219913804332958,8466,0.46898802457701866,0.320368390307624,0.679631609692376,0.3135,0.14699664414372288,2.848565101623535,frozen_v8_calibrated_2x2_semantic_replay,0,22119,0,manuscript_l5,fixed_l3,periodic,0.0,False,True,0.0,0.0,0.0,0
HBTASP-FixedL3,40000,17820,0,,626,0,150,10,1000,808,,10000,0,0.0,10000,10000,0,0,0,0,0,0,1.0,0.0,0.0,0.0,17820,10000,7820,0,0,0,0,0,0,17820,10000,7820,0,0,0,0,0,0,0.6441000000000308,0.2768663850000132,0.6441000000001469,17194,0.3762801238443848,10000,10000,0.33239368872666286,8581,0.4713400556969998,0.3342527244568952,0.6657472755431049,0.3119,0.13894636697033697,2.640632390975952,frozen_v8_calibrated_2x2_semantic_replay,0,22180,0,manuscript_l5,fixed_l3,periodic,0.0,False,True,0.0,0.0,0.0,0
HBTASP-FixedL3,40000,17922,0,,824,0,150,10,1000,909,,10000,0,0.0,10000,10000,0,0,0,0,0,0,1.0,0.0,0.0,0.0,17922,10000,7922,0,0,0,0,0,0,17922,10000,7922,0,0,0,0,0,0,0.6441000000000336,0.27532054500001435,0.6441000000001469,17098,0.3745968848166865,10000,10000,0.32325505589466563,8542,0.46644728725561685,0.32843449141451847,0.6715655085854815,0.3117,0.14319223136095122,2.890744209289551,frozen_v8_calibrated_2x2_semantic_replay,0,22078,0,manuscript_l5,fixed_l3,periodic,0.0,False,True,0.0,0.0,0.0,0
HBTASP-FixedL3,40000,17903,0,,786,0,150,10,1000,1010,,10000,0,0.0,10000,10000,0,0,0,0,0,0,1.0,0.0,0.0,0.0,17903,10000,7903,0,0,0,0,0,0,17903,10000,7903,0,0,0,0,0,0,0.6441000000000331,0.27562649250001414,0.6441000000001469,17117,0.3749071046196747,10000,10000,0.32541731006186614,8603,0.46425698333062654,0.32298874691509294,0.6770112530849071,0.3038,0.1388396732687604,3.0539391040802,frozen_v8_calibrated_2x2_semantic_replay,0,22097,0,manuscript_l5,fixed_l3,periodic,0.0,False,True,0.0,0.0,0.0,0
HBTASP-FixedL3,16000,16000,0,,0,0,200,4,1000,101,,4000,0,0.0,4000,4000,0,0,0,0,0,0,1.0,0.0,0.0,0.0,16000,4000,12000,0,0,0,0,0,0,16000,4000,12000,0,0,0,0,0,0,0.6441000000000685,0.6441000000000685,0.6440999999999828,16000,0.6441000000000018,4000,4000,0.5365712329758283,4000,0.5365712329758283,0.6530537993946778,0.3469462006053222,0.056,0.0,1.6728410720825195,frozen_v8_calibrated_2x2_semantic_replay,0,0,0,manuscript_l5,fixed_l3,periodic,0.0,False,True,0.0,0.0,0.0,0
HBTASP-FixedL3,16000,16000,0,,0,0,200,4,1000,202,,4000,0,0.0,4000,4000,0,0,0,0,0,0,1.0,0.0,0.0,0.0,16000,4000,12000,0,0,0,0,0,0,16000,4000,12000,0,0,0,0,0,0,0.6441000000000685,0.6441000000000685,0.6440999999999828,16000,0.6441000000000018,4000,4000,0.5365712329758271,4000,0.5365712329758271,0.6530537993946778,0.3469462006053222,0.056,0.0,1.71864652633667,frozen_v8_calibrated_2x2_semantic_replay,0,0,0,manuscript_l5,fixed_l3,periodic,0.0,False,True,0.0,0.0,0.0,0
HBTASP-FixedL3,16000,16000,0,,0,0,200,4,1000,303,,4000,0,0.0,4000,4000,0,0,0,0,0,0,1.0,0.0,0.0,0.0,16000,4000,12000,0,0,0,0,0,0,16000,4000,12000,0,0,0,0,0,0,0.6441000000000685,0.6441000000000685,0.6440999999999828,16000,0.644100000000003,4000,4000,0.5365712329758282,4000,0.5365712329758282,0.6530537993946778,0.3469462006053222,0.056,0.0,1.9214637279510498,frozen_v8_calibrated_2x2_semantic_replay,0,0,0,manuscript_l5,fixed_l3,periodic,0.0,False,True,0.0,0.0,0.0,0
HBTASP-FixedL3,16000,16000,0,,0,0,200,4,1000,404,,4000,0,0.0,4000,4000,0,0,0,0,0,0,1.0,0.0,0.0,0.0,16000,4000,12000,0,0,0,0,0,0,16000,4000,12000,0,0,0,0,0,0,0.6441000000000685,0.6441000000000685,0.6440999999999828,16000,0.6441000000000022,4000,4000,0.5365712329758273,4000,0.5365712329758273,0.6530537993946778,0.3469462006053222,0.056,0.0,1.853959560394287,frozen_v8_calibrated_2x2_semantic_replay,0,0,0,manuscript_l5,fixed_l3,periodic,0.0,False,True,0.0,0.0,0.0,0
HBTASP-FixedL3,16000,16000,0,,0,0,200,4,1000,505,,4000,0,0.0,4000,4000,0,0,0,0,0,0,1.0,0.0,0.0,0.0,16000,4000,12000,0,0,0,0,0,0,16000,4000,12000,0,0,0,0,0,0,0.6441000000000685,0.6441000000000685,0.6440999999999828,16000,0.6441000000000021,4000,4000,0.536571232975828,4000,0.536571232975828,0.6530537993946778,0.3469462006053222,0.056,0.0,1.7795765399932861,frozen_v8_calibrated_2x2_semantic_replay,0,0,0,manuscript_l5,fixed_l3,periodic,0.0,False,True,0.0,0.0,0.0,0
HBTASP-FixedL3,16000,16000,0,,0,0,200,4,1000,606,,4000,0,0.0,4000,4000,0,0,0,0,0,0,1.0,0.0,0.0,0.0,16000,4000,12000,0,0,0,0,0,0,16000,4000,12000,0,0,0,0,0,0,0.6441000000000685,0.6441000000000685,0.6440999999999828,16000,0.6441000000000017,4000,4000,0.5365712329758265,4000,0.5365712329758265,0.6530537993946778,0.3469462006053222,0.056,0.0,2.143401622772217,frozen_v8_calibrated_2x2_semantic_replay,0,0,0,manuscript_l5,fixed_l3,periodic,0.0,False,True,0.0,0.0,0.0,0
HBTASP-FixedL3,16000,16000,0,,0,0,200,4,1000,707,,4000,0,0.0,4000,4000,0,0,0,0,0,0,1.0,0.0,0.0,0.0,16000,4000,12000,0,0,0,0,0,0,16000,4000,12000,0,0,0,0,0,0,0.6441000000000685,0.6441000000000685,0.6440999999999828,16000,0.6441000000000012,4000,4000,0.5365712329758282,4000,0.5365712329758282,0.6530537993946778,0.3469462006053222,0.056,0.0,1.7224493026733398,frozen_v8_calibrated_2x2_semantic_replay,0,0,0,manuscript_l5,fixed_l3,periodic,0.0,False,True,0.0,0.0,0.0,0
HBTASP-FixedL3,16000,16000,0,,0,0,200,4,1000,808,,4000,0,0.0,4000,4000,0,0,0,0,0,0,1.0,0.0,0.0,0.0,16000,4000,12000,0,0,0,0,0,0,16000,4000,12000,0,0,0,0,0,0,0.6441000000000685,0.6441000000000685,0.6440999999999828,16000,0.6441000000000023,4000,4000,0.5365712329758269,4000,0.5365712329758269,0.6530537993946778,0.3469462006053222,0.056,0.0,1.769855260848999,frozen_v8_calibrated_2x2_semantic_replay,0,0,0,manuscript_l5,fixed_l3,periodic,0.0,False,True,0.0,0.0,0.0,0
HBTASP-FixedL3,16000,16000,0,,0,0,200,4,1000,909,,4000,0,0.0,4000,4000,0,0,0,0,0,0,1.0,0.0,0.0,0.0,16000,4000,12000,0,0,0,0,0,0,16000,4000,12000,0,0,0,0,0,0,0.6441000000000685,0.6441000000000685,0.6440999999999828,16000,0.6441000000000002,4000,4000,0.5365712329758268,4000,0.5365712329758268,0.6530537993946778,0.3469462006053222,0.056,0.0,1.728701114654541,frozen_v8_calibrated_2x2_semantic_replay,0,0,0,manuscript_l5,fixed_l3,periodic,0.0,False,True,0.0,0.0,0.0,0
HBTASP-FixedL3,16000,16000,0,,0,0,200,4,1000,1010,,4000,0,0.0,4000,4000,0,0,0,0,0,0,1.0,0.0,0.0,0.0,16000,4000,12000,0,0,0,0,0,0,16000,4000,12000,0,0,0,0,0,0,0.6441000000000685,0.6441000000000685,0.6440999999999828,16000,0.644100000000003,4000,4000,0.5365712329758273,4000,0.5365712329758273,0.6530537993946778,0.3469462006053222,0.056,0.0,1.839909553527832,frozen_v8_calibrated_2x2_semantic_replay,0,0,0,manuscript_l5,fixed_l3,periodic,0.0,False,True,0.0,0.0,0.0,0
HBTASP-FixedL3,24000,23620,0,,337,0,200,6,1000,101,,6000,0,0.0,6000,6000,0,0,0,0,0,0,1.0,0.0,0.0,0.0,23620,6000,17620,0,0,0,0,0,0,23620,6000,17620,0,0,0,0,0,0,0.6440999999998986,0.6248575124999017,0.6440999999999819,23283,0.6291628337983954,6000,6000,0.5291434216498121,5988,0.533908190132419,0.6420490168287841,0.3579509831712159,0.06533333333333333,0.004764768482606874,2.4933273792266846,frozen_v8_calibrated_2x2_semantic_replay,0,380,0,manuscript_l5,fixed_l3,periodic,0.0,False,True,0.0,0.0,0.0,0
HBTASP-FixedL3,24000,23652,0,,397,0,200,6,1000,202,,6000,0,0.0,6000,6000,0,0,0,0,0,0,1.0,0.0,0.0,0.0,23652,6000,17652,0,0,0,0,0,0,23652,6000,17652,0,0,0,0,0,0,0.6440999999998991,0.6241060624999022,0.6440999999999819,23255,0.6281030532342942,6000,6000,0.5287015236848782,5980,0.5359432152921134,0.6384502436287703,0.36154975637122966,0.06316666666666666,0.007241691607235201,2.4549856185913086,frozen_v8_calibrated_2x2_semantic_replay,0,348,0,manuscript_l5,fixed_l3,periodic,0.0,False,True,0.0,0.0,0.0,0
HBTASP-FixedL3,24000,23640,0,,375,0,200,6,1000,303,,6000,0,0.0,6000,6000,0,0,0,0,0,0,1.0,0.0,0.0,0.0,23640,6000,17640,0,0,0,0,0,0,23640,6000,17640,0,0,0,0,0,0,0.644099999999899,0.6243744374999021,0.6440999999999819,23265,0.6286140360162125,6000,6000,0.5273478867453705,5988,0.5342414378229425,0.6363427681491503,0.36365723185084975,0.06116666666666667,0.006893551077572058,2.4038288593292236,frozen_v8_calibrated_2x2_semantic_replay,0,360,0,manuscript_l5,fixed_l3,periodic,0.0,False,True,0.0,0.0,0.0,0
HBTASP-FixedL3,24000,23664,0,,417,0,200,6,1000,404,,6000,0,0.0,6000,6000,0,0,0,0,0,0,1.0,0.0,0.0,0.0,23664,6000,17664,0,0,0,0,0,0,23664,6000,17664,0,0,0,0,0,0,0.6440999999998992,0.6238913624999024,0.6440999999999819,23247,0.6282871759294281,6000,6000,0.5250197045907385,5976,0.5319761076043428,0.6330332700271921,0.3669667299728079,0.06783333333333333,0.006956403013604229,2.4503440856933594,frozen_v8_calibrated_2x2_semantic_replay,0,336,0,manuscript_l5,fixed_l3,periodic,0.0,False,True,0.0,0.0,0.0,0
HBTASP-FixedL3,24000,23648,0,,391,0,200,6,1000,505,,6000,0,0.0,6000,6000,0,0,0,0,0,0,1.0,0.0,0.0,0.0,23648,6000,17648,0,0,0,0,0,0,23648,6000,17648,0,0,0,0,0,0,0.6440999999998991,0.6241597374999022,0.6440999999999819,23257,0.6282056952561985,6000,6000,0.5314810151082932,6000,0.5356795631073356,0.6414669429486133,0.3585330570513867,0.06,0.004198547999042401,2.8769819736480713,frozen_v8_calibrated_2x2_semantic_replay,0,352,0,manuscript_l5,fixed_l3,periodic,0.0,False,True,0.0,0.0,0.0,0
HBTASP-FixedL3,24000,23624,0,,366,0,200,6,1000,606,,6000,0,0.0,6000,6000,0,0,0,0,0,0,1.0,0.0,0.0,0.0,23624,6000,17624,0,0,0,0,0,0,23624,6000,17624,0,0,0,0,0,0,0.6440999999998991,0.6241865749999022,0.6440999999999819,23258,0.6284471380294714,6000,6000,0.5252531311494109,5984,0.5325126482675608,0.6305905736795864,0.3694094263204136,0.06333333333333334,0.007259517118149983,2.479478359222412,frozen_v8_calibrated_2x2_semantic_replay,0,376,0,manuscript_l5,fixed_l3,periodic,0.0,False,True,0.0,0.0,0.0,0
HBTASP-FixedL3,24000,23632,0,,375,0,200,6,1000,707,,6000,0,0.0,6000,6000,0,0,0,0,0,0,1.0,0.0,0.0,0.0,23632,6000,17632,0,0,0,0,0,0,23632,6000,17632,0,0,0,0,0,0,0.6440999999998991,0.6241597374999022,0.6440999999999819,23257,0.6284070501939277,6000,6000,0.5301165094941601,5984,0.5355806886896787,0.640063051443926,0.35993694855607405,0.06133333333333333,0.005464179195518559,2.5296919345855713,frozen_v8_calibrated_2x2_semantic_replay,0,368,0,manuscript_l5,fixed_l3,periodic,0.0,False,True,0.0,0.0,0.0,0
HBTASP-FixedL3,24000,23616,0,,361,0,200,6,1000,808,,6000,0,0.0,6000,6000,0,0,0,0,0,0,1.0,0.0,0.0,0.0,23616,6000,17616,0,0,0,0,0,0,23616,6000,17616,0,0,0,0,0,0,0.6440999999998991,0.6241060624999022,0.6440999999999819,23255,0.6285132627454735,6000,6000,0.5254391623224872,5988,0.5316978564358055,0.6358312923896106,0.36416870761038944,0.06516666666666666,0.006258694113318253,2.407803535461426,frozen_v8_calibrated_2x2_semantic_replay,0,384,0,manuscript_l5,fixed_l3,periodic,0.0,False,True,0.0,0.0,0.0,0
HBTASP-FixedL3,24000,23667,0,,383,0,200,6,1000,909,,6000,0,0.0,6000,6000,0,0,0,0,0,0,1.0,0.0,0.0,0.0,23667,6000,17667,0,0,0,0,0,0,23667,6000,17667,0,0,0,0,0,0,0.6440999999998986,0.6248843499999016,0.6440999999999819,23284,0.6286002153935271,6000,6000,0.5263465809047103,5988,0.5336213599891645,0.6376732521703599,0.36232674782964014,0.06333333333333334,0.007274779084454175,2.378627300262451,frozen_v8_calibrated_2x2_semantic_replay,0,333,0,manuscript_l5,fixed_l3,periodic,0.0,False,True,0.0,0.0,0.0,0
HBTASP-FixedL3,24000,23636,0,,363,0,200,6,1000,1010,,6000,0,0.0,6000,6000,0,0,0,0,0,0,1.0,0.0,0.0,0.0,23636,6000,17636,0,0,0,0,0,0,23636,6000,17636,0,0,0,0,0,0,0.6440999999998989,0.6245891374999019,0.6440999999999819,23273,0.6284711623066712,6000,6000,0.526558596049175,5985,0.5331027029836779,0.6332806519414291,0.36671934805857087,0.06433333333333334,0.0065441069345029135,2.780031204223633,frozen_v8_calibrated_2x2_semantic_replay,0,364,0,manuscript_l5,fixed_l3,periodic,0.0,False,True,0.0,0.0,0.0,0
HBTASP-FixedL3,32000,23801,0,,590,0,200,8,1000,101,,8000,0,0.0,8000,8000,0,0,0,0,0,0,1.0,0.0,0.0,0.0,23801,8000,15801,0,0,0,0,0,0,23801,8000,15801,0,0,0,0,0,0,0.6440999999998999,0.46719390937492733,0.6441000000000748,23211,0.5454043627404369,8000,8000,0.44438943763478267,7552,0.503662851562926,0.5216044416150245,0.4783955583849755,0.169875,0.05927341392814334,3.534069061279297,frozen_v8_calibrated_2x2_semantic_replay,0,8199,0,manuscript_l5,fixed_l3,periodic,0.0,False,True,0.0,0.0,0.0,0
HBTASP-FixedL3,32000,23800,0,,619,0,200,8,1000,202,,8000,0,0.0,8000,8000,0,0,0,0,0,0,1.0,0.0,0.0,0.0,23800,8000,15800,0,0,0,0,0,0,23800,8000,15800,0,0,0,0,0,0,0.6440999999999003,0.4665900656249278,0.6441000000000748,23181,0.5448370717722933,8000,8000,0.4472465931789536,7551,0.510507008270257,0.5169434510702271,0.4830565489297729,0.164875,0.06326041509130337,3.06499981880188,frozen_v8_calibrated_2x2_semantic_replay,0,8200,0,manuscript_l5,fixed_l3,periodic,0.0,False,True,0.0,0.0,0.0,0
HBTASP-FixedL3,32000,23808,0,,623,0,200,8,1000,303,,8000,0,0.0,8000,8000,0,0,0,0,0,0,1.0,0.0,0.0,0.0,23808,8000,15808,0,0,0,0,0,0,23808,8000,15808,0,0,0,0,0,0,0.6440999999999002,0.46667057812492774,0.6441000000000748,23185,0.5448246022220177,8000,8000,0.44487085813360533,7512,0.5106410785933128,0.5047595363306666,0.4952404636693334,0.167875,0.06577022045970743,2.812009334564209,frozen_v8_calibrated_2x2_semantic_replay,0,8192,0,manuscript_l5,fixed_l3,periodic,0.0,False,True,0.0,0.0,0.0,0
HBTASP-FixedL3,32000,23761,0,,549,0,200,8,1000,404,,8000,0,0.0,8000,8000,0,0,0,0,0,0,1.0,0.0,0.0,0.0,23761,8000,15761,0,0,0,0,0,0,23761,8000,15761,0,0,0,0,0,0,0.6440999999998998,0.4672140374999273,0.6441000000000748,23212,0.5441848930715208,8000,8000,0.4475606519828493,7561,0.5106522871462585,0.5077604664701789,0.4922395335298211,0.164875,0.06309163516340927,3.019125461578369,frozen_v8_calibrated_2x2_semantic_replay,0,8239,0,manuscript_l5,fixed_l3,periodic,0.0,False,True,0.0,0.0,0.0,0
HBTASP-FixedL3,32000,23775,0,,574,0,200,8,1000,505,,8000,0,0.0,8000,8000,0,0,0,0,0,0,1.0,0.0,0.0,0.0,23775,8000,15775,0,0,0,0,0,0,23775,8000,15775,0,0,0,0,0,0,0.6440999999999,0.4669926281249275,0.6441000000000748,23201,0.5439219689834313,8000,8000,0.44852396375041825,7552,0.5126298829418363,0.5172335864727242,0.4827664135272758,0.16075,0.06410591919141806,3.1469130516052246,frozen_v8_calibrated_2x2_semantic_replay,0,8225,0,manuscript_l5,fixed_l3,periodic,0.0,False,True,0.0,0.0,0.0,0
HBTASP-FixedL3,32000,23729,0,,494,0,200,8,1000,606,,8000,0,0.0,8000,8000,0,0,0,0,0,0,1.0,0.0,0.0,0.0,23729,8000,15729,0,0,0,0,0,0,23729,8000,15729,0,0,0,0,0,0,0.6440999999998994,0.467676984374927,0.6441000000000748,23235,0.5451906246994367,8000,8000,0.4425707955670401,7488,0.5085635694545215,0.5011523401937562,0.4988476598062438,0.17,0.06599277388748143,3.3936800956726074,frozen_v8_calibrated_2x2_semantic_replay,0,8271,0,manuscript_l5,fixed_l3,periodic,0.0,False,True,0.0,0.0,0.0,0
HBTASP-FixedL3,32000,23769,0,,552,0,200,8,1000,707,,8000,0,0.0,8000,8000,0,0,0,0,0,0,1.0,0.0,0.0,0.0,23769,8000,15769,0,0,0,0,0,0,23769,8000,15769,0,0,0,0,0,0,0.6440999999998998,0.4673146781249272,0.6441000000000748,23217,0.5450194925676682,8000,8000,0.4460833869800688,7577,0.5051296033137317,0.5160953669334228,0.48390463306657716,0.16775,0.059046216333662915,3.618184804916382,frozen_v8_calibrated_2x2_semantic_replay,0,8231,0,manuscript_l5,fixed_l3,periodic,0.0,False,True,0.0,0.0,0.0,0
HBTASP-FixedL3,32000,23784,0,,593,0,200,8,1000,808,,8000,0,0.0,8000,8000,0,0,0,0,0,0,1.0,0.0,0.0,0.0,23784,8000,15784,0,0,0,0,0,0,23784,8000,15784,0,0,0,0,0,0,0.6440999999999001,0.4667913468749276,0.6441000000000748,23191,0.5438843747627142,8000,8000,0.4466769295231261,7520,0.512228885541935,0.5178005145214111,0.48219948547858893,0.168,0.06555195601880892,3.343815565109253,frozen_v8_calibrated_2x2_semantic_replay,0,8216,0,manuscript_l5,fixed_l3,periodic,0.0,False,True,0.0,0.0,0.0,0
HBTASP-FixedL3,32000,23769,0,,557,0,200,8,1000,909,,8000,0,0.0,8000,8000,0,0,0,0,0,0,1.0,0.0,0.0,0.0,23769,8000,15769,0,0,0,0,0,0,23769,8000,15769,0,0,0,0,0,0,0.6440999999998998,0.4672140374999273,0.6441000000000748,23212,0.5442098034354442,8000,8000,0.4446573085436936,7529,0.5096721690200033,0.5058807915083773,0.4941192084916227,0.163875,0.06501486047630972,3.754849910736084,frozen_v8_calibrated_2x2_semantic_replay,0,8231,0,manuscript_l5,fixed_l3,periodic,0.0,False,True,0.0,0.0,0.0,0
HBTASP-FixedL3,32000,23768,0,,575,0,200,8,1000,1010,,8000,0,0.0,8000,8000,0,0,0,0,0,0,1.0,0.0,0.0,0.0,23768,8000,15768,0,0,0,0,0,0,23768,8000,15768,0,0,0,0,0,0,0.6440999999999001,0.4668316031249276,0.6441000000000748,23193,0.5451725109309256,8000,8000,0.44648163809247166,7537,0.5088312821706439,0.5093310428302683,0.4906689571697317,0.16775,0.06234964407817223,3.288055896759033,frozen_v8_calibrated_2x2_semantic_replay,0,8232,0,manuscript_l5,fixed_l3,periodic,0.0,False,True,0.0,0.0,0.0,0
HBTASP-FixedL3,40000,23901,0,,790,0,200,10,1000,101,,10000,0,0.0,10000,10000,0,0,0,0,0,0,1.0,0.0,0.0,0.0,23901,10000,13901,0,0,0,0,0,0,23901,10000,13901,0,0,0,0,0,0,0.6440999999999014,0.37214487749994307,0.6441000000001469,23111,0.4687156839548058,10000,10000,0.4035199998567098,9162,0.49519706646887307,0.43965889197135755,0.5603411080286425,0.2179,0.0916770666121633,4.2649383544921875,frozen_v8_calibrated_2x2_semantic_replay,0,16099,0,manuscript_l5,fixed_l3,periodic,0.0,False,True,0.0,0.0,0.0,0
HBTASP-FixedL3,40000,23921,0,,808,0,200,10,1000,202,,10000,0,0.0,10000,10000,0,0,0,0,0,0,1.0,0.0,0.0,0.0,23921,10000,13921,0,0,0,0,0,0,23921,10000,13921,0,0,0,0,0,0,0.6440999999999014,0.372177082499943,0.6441000000001469,23113,0.46878064004535897,10000,10000,0.402305884550812,9080,0.49723124050339795,0.4442518045794565,0.5557481954205434,0.2178,0.09492535595258594,4.233527421951294,frozen_v8_calibrated_2x2_semantic_replay,0,16079,0,manuscript_l5,fixed_l3,periodic,0.0,False,True,0.0,0.0,0.0,0
HBTASP-FixedL3,40000,23881,0,,749,0,200,10,1000,303,,10000,0,0.0,10000,10000,0,0,0,0,0,0,1.0,0.0,0.0,0.0,23881,10000,13881,0,0,0,0,0,0,23881,10000,13881,0,0,0,0,0,0,0.6440999999999011,0.3724830299999428,0.6441000000001469,23132,0.4686308690134915,10000,10000,0.3968198061371421,9103,0.4964202582025301,0.42725947162602596,0.572740528373974,0.2235,0.09960045206538803,3.7155659198760986,frozen_v8_calibrated_2x2_semantic_replay,0,16119,0,manuscript_l5,fixed_l3,periodic,0.0,False,True,0.0,0.0,0.0,0
HBTASP-FixedL3,40000,23902,0,,789,0,200,10,1000,404,,10000,0,0.0,10000,10000,0,0,0,0,0,0,1.0,0.0,0.0,0.0,23902,10000,13902,0,0,0,0,0,0,23902,10000,13902,0,0,0,0,0,0,0.6440999999999014,0.372177082499943,0.6441000000001469,23113,0.4689363430931165,10000,10000,0.40371893943569,9238,0.4925931801257922,0.4414758642211445,0.5585241357788555,0.2164,0.08887424069010219,3.438251256942749,frozen_v8_calibrated_2x2_semantic_replay,0,16098,0,manuscript_l5,fixed_l3,periodic,0.0,False,True,0.0,0.0,0.0,0
HBTASP-FixedL3,40000,23921,0,,815,0,200,10,1000,505,,10000,0,0.0,10000,10000,0,0,0,0,0,0,1.0,0.0,0.0,0.0,23921,10000,13921,0,0,0,0,0,0,23921,10000,13921,0,0,0,0,0,0,0.6440999999999015,0.3720643649999431,0.6441000000001469,23106,0.46879367629706076,10000,10000,0.39608064447868274,9193,0.48696700445708724,0.43508466128274603,0.564915338717254,0.2304,0.0908863599784045,3.6879186630249023,frozen_v8_calibrated_2x2_semantic_replay,0,16079,0,manuscript_l5,fixed_l3,periodic,0.0,False,True,0.0,0.0,0.0,0
HBTASP-FixedL3,40000,23922,0,,828,0,200,10,1000,606,,10000,0,0.0,10000,10000,0,0,0,0,0,0,1.0,0.0,0.0,0.0,23922,10000,13922,0,0,0,0,0,0,23922,10000,13922,0,0,0,0,0,0,0.6440999999999018,0.37187113499994323,0.6441000000001469,23094,0.46787648083552397,10000,10000,0.3937086603238185,9199,0.4861067389578912,0.4364126106954216,0.5635873893045784,0.224,0.09239807863407268,3.342217445373535,frozen_v8_calibrated_2x2_semantic_replay,0,16078,0,manuscript_l5,fixed_l3,periodic,0.0,False,True,0.0,0.0,0.0,0
HBTASP-FixedL3,40000,23880,0,,766,0,200,10,1000,707,,10000,0,0.0,10000,10000,0,0,0,0,0,0,1.0,0.0,0.0,0.0,23880,10000,13880,0,0,0,0,0,0,23880,10000,13880,0,0,0,0,0,0,0.6440999999999014,0.372193184999943,0.6441000000001469,23114,0.4681915104383634,10000,10000,0.3956006356765068,9102,0.49861913537330277,0.42530427460286807,0.5746957253971319,0.2156,0.103018499696796,3.519056797027588,frozen_v8_calibrated_2x2_semantic_replay,0,16120,0,manuscript_l5,fixed_l3,periodic,0.0,False,True,0.0,0.0,0.0,0
HBTASP-FixedL3,40000,23921,0,,828,0,200,10,1000,808,,10000,0,0.0,10000,10000,0,0,0,0,0,0,1.0,0.0,0.0,0.0,23921,10000,13921,0,0,0,0,0,0,23921,10000,13921,0,0,0,0,0,0,0.6440999999999018,0.3718550324999433,0.6441000000001469,23093,0.4682586178985052,10000,10000,0.40158237844876926,9180,0.4981252374915523,0.439475373949549,0.5605246260504511,0.216,0.09654285904278304,4.070115566253662,frozen_v8_calibrated_2x2_semantic_replay,0,16079,0,manuscript_l5,fixed_l3,periodic,0.0,False,True,0.0,0.0,0.0,0
HBTASP-FixedL3,40000,23881,0,,768,0,200,10,1000,909,,10000,0,0.0,10000,10000,0,0,0,0,0,0,1.0,0.0,0.0,0.0,23881,10000,13881,0,0,0,0,0,0,23881,10000,13881,0,0,0,0,0,0,0.6440999999999014,0.372177082499943,0.6441000000001469,23113,0.46853920143292005,10000,10000,0.4040592232488302,9182,0.49546250666340963,0.42864713476723765,0.5713528652327624,0.2115,0.09140328341457943,4.003772020339966,frozen_v8_calibrated_2x2_semantic_replay,0,16119,0,manuscript_l5,fixed_l3,periodic,0.0,False,True,0.0,0.0,0.0,0
HBTASP-FixedL3,40000,23861,0,,690,0,200,10,1000,1010,,10000,0,0.0,10000,10000,0,0,0,0,0,0,1.0,0.0,0.0,0.0,23861,10000,13861,0,0,0,0,0,0,23861,10000,13861,0,0,0,0,0,0,0.6440999999999004,0.37311102749994235,0.6441000000001469,23171,0.46925013406496785,10000,10000,0.401594993908476,9182,0.4952905872002275,0.43686769450606494,0.563132305493935,0.2201,0.09369559329175153,4.149537801742554,frozen_v8_calibrated_2x2_semantic_replay,0,16139,0,manuscript_l5,fixed_l3,periodic,0.0,False,True,0.0,0.0,0.0,0
HBTASP-FixedL3,16000,16000,0,,0,0,250,4,1000,101,,4000,0,0.0,4000,4000,0,0,0,0,0,0,1.0,0.0,0.0,0.0,16000,4000,12000,0,0,0,0,0,0,16000,4000,12000,0,0,0,0,0,0,0.6441000000000685,0.6441000000000685,0.6440999999999828,16000,0.6441000000000018,4000,4000,0.5365712329758283,4000,0.5365712329758283,0.6530537993946778,0.3469462006053222,0.056,0.0,2.043738603591919,frozen_v8_calibrated_2x2_semantic_replay,0,0,0,manuscript_l5,fixed_l3,periodic,0.0,False,True,0.0,0.0,0.0,0
HBTASP-FixedL3,16000,16000,0,,0,0,250,4,1000,202,,4000,0,0.0,4000,4000,0,0,0,0,0,0,1.0,0.0,0.0,0.0,16000,4000,12000,0,0,0,0,0,0,16000,4000,12000,0,0,0,0,0,0,0.6441000000000685,0.6441000000000685,0.6440999999999828,16000,0.6441000000000018,4000,4000,0.5365712329758271,4000,0.5365712329758271,0.6530537993946778,0.3469462006053222,0.056,0.0,1.8999619483947754,frozen_v8_calibrated_2x2_semantic_replay,0,0,0,manuscript_l5,fixed_l3,periodic,0.0,False,True,0.0,0.0,0.0,0
HBTASP-FixedL3,16000,16000,0,,0,0,250,4,1000,303,,4000,0,0.0,4000,4000,0,0,0,0,0,0,1.0,0.0,0.0,0.0,16000,4000,12000,0,0,0,0,0,0,16000,4000,12000,0,0,0,0,0,0,0.6441000000000685,0.6441000000000685,0.6440999999999828,16000,0.644100000000003,4000,4000,0.5365712329758282,4000,0.5365712329758282,0.6530537993946778,0.3469462006053222,0.056,0.0,2.045945167541504,frozen_v8_calibrated_2x2_semantic_replay,0,0,0,manuscript_l5,fixed_l3,periodic,0.0,False,True,0.0,0.0,0.0,0
HBTASP-FixedL3,16000,16000,0,,0,0,250,4,1000,404,,4000,0,0.0,4000,4000,0,0,0,0,0,0,1.0,0.0,0.0,0.0,16000,4000,12000,0,0,0,0,0,0,16000,4000,12000,0,0,0,0,0,0,0.6441000000000685,0.6441000000000685,0.6440999999999828,16000,0.6441000000000022,4000,4000,0.5365712329758273,4000,0.5365712329758273,0.6530537993946778,0.3469462006053222,0.056,0.0,1.8559963703155518,frozen_v8_calibrated_2x2_semantic_replay,0,0,0,manuscript_l5,fixed_l3,periodic,0.0,False,True,0.0,0.0,0.0,0
HBTASP-FixedL3,16000,16000,0,,0,0,250,4,1000,505,,4000,0,0.0,4000,4000,0,0,0,0,0,0,1.0,0.0,0.0,0.0,16000,4000,12000,0,0,0,0,0,0,16000,4000,12000,0,0,0,0,0,0,0.6441000000000685,0.6441000000000685,0.6440999999999828,16000,0.6441000000000021,4000,4000,0.536571232975828,4000,0.536571232975828,0.6530537993946778,0.3469462006053222,0.056,0.0,1.9937553405761719,frozen_v8_calibrated_2x2_semantic_replay,0,0,0,manuscript_l5,fixed_l3,periodic,0.0,False,True,0.0,0.0,0.0,0
HBTASP-FixedL3,16000,16000,0,,0,0,250,4,1000,606,,4000,0,0.0,4000,4000,0,0,0,0,0,0,1.0,0.0,0.0,0.0,16000,4000,12000,0,0,0,0,0,0,16000,4000,12000,0,0,0,0,0,0,0.6441000000000685,0.6441000000000685,0.6440999999999828,16000,0.6441000000000017,4000,4000,0.5365712329758265,4000,0.5365712329758265,0.6530537993946778,0.3469462006053222,0.056,0.0,2.073875665664673,frozen_v8_calibrated_2x2_semantic_replay,0,0,0,manuscript_l5,fixed_l3,periodic,0.0,False,True,0.0,0.0,0.0,0
HBTASP-FixedL3,16000,16000,0,,0,0,250,4,1000,707,,4000,0,0.0,4000,4000,0,0,0,0,0,0,1.0,0.0,0.0,0.0,16000,4000,12000,0,0,0,0,0,0,16000,4000,12000,0,0,0,0,0,0,0.6441000000000685,0.6441000000000685,0.6440999999999828,16000,0.6441000000000012,4000,4000,0.5365712329758282,4000,0.5365712329758282,0.6530537993946778,0.3469462006053222,0.056,0.0,1.9512865543365479,frozen_v8_calibrated_2x2_semantic_replay,0,0,0,manuscript_l5,fixed_l3,periodic,0.0,False,True,0.0,0.0,0.0,0
HBTASP-FixedL3,16000,16000,0,,0,0,250,4,1000,808,,4000,0,0.0,4000,4000,0,0,0,0,0,0,1.0,0.0,0.0,0.0,16000,4000,12000,0,0,0,0,0,0,16000,4000,12000,0,0,0,0,0,0,0.6441000000000685,0.6441000000000685,0.6440999999999828,16000,0.6441000000000023,4000,4000,0.5365712329758269,4000,0.5365712329758269,0.6530537993946778,0.3469462006053222,0.056,0.0,2.0553834438323975,frozen_v8_calibrated_2x2_semantic_replay,0,0,0,manuscript_l5,fixed_l3,periodic,0.0,False,True,0.0,0.0,0.0,0
HBTASP-FixedL3,16000,16000,0,,0,0,250,4,1000,909,,4000,0,0.0,4000,4000,0,0,0,0,0,0,1.0,0.0,0.0,0.0,16000,4000,12000,0,0,0,0,0,0,16000,4000,12000,0,0,0,0,0,0,0.6441000000000685,0.6441000000000685,0.6440999999999828,16000,0.6441000000000002,4000,4000,0.5365712329758268,4000,0.5365712329758268,0.6530537993946778,0.3469462006053222,0.056,0.0,1.881836175918579,frozen_v8_calibrated_2x2_semantic_replay,0,0,0,manuscript_l5,fixed_l3,periodic,0.0,False,True,0.0,0.0,0.0,0
HBTASP-FixedL3,16000,16000,0,,0,0,250,4,1000,1010,,4000,0,0.0,4000,4000,0,0,0,0,0,0,1.0,0.0,0.0,0.0,16000,4000,12000,0,0,0,0,0,0,16000,4000,12000,0,0,0,0,0,0,0.6441000000000685,0.6441000000000685,0.6440999999999828,16000,0.644100000000003,4000,4000,0.5365712329758273,4000,0.5365712329758273,0.6530537993946778,0.3469462006053222,0.056,0.0,1.5913572311401367,frozen_v8_calibrated_2x2_semantic_replay,0,0,0,manuscript_l5,fixed_l3,periodic,0.0,False,True,0.0,0.0,0.0,0
HBTASP-FixedL3,24000,24000,0,,93,0,250,6,1000,101,,6000,0,0.0,6000,6000,0,0,0,0,0,0,1.0,0.0,0.0,0.0,24000,6000,18000,0,0,0,0,0,0,24000,6000,18000,0,0,0,0,0,0,0.6440999999998889,0.6416041124998894,0.6440999999999819,23907,0.6421821226773383,6000,6000,0.5355931036760321,5996,0.5364519735427346,0.652563095061173,0.34743690493882695,0.05733333333333333,0.0008588698667024719,2.2999022006988525,frozen_v8_calibrated_2x2_semantic_replay,0,0,0,manuscript_l5,fixed_l3,periodic,0.0,False,True,0.0,0.0,0.0,0
HBTASP-FixedL3,24000,24000,0,,136,0,250,6,1000,202,,6000,0,0.0,6000,6000,0,0,0,0,0,0,1.0,0.0,0.0,0.0,24000,6000,18000,0,0,0,0,0,0,24000,6000,18000,0,0,0,0,0,0,0.6440999999998895,0.6404500999998902,0.6440999999999819,23864,0.6411689988869855,6000,6000,0.5351066681279693,5996,0.5361834201679458,0.6500567244016147,0.34994327559838534,0.05733333333333333,0.0010767520399765917,2.2925872802734375,frozen_v8_calibrated_2x2_semantic_replay,0,0,0,manuscript_l5,fixed_l3,periodic,0.0,False,True,0.0,0.0,0.0,0
HBTASP-FixedL3,24000,24000,0,,132,0,250,6,1000,303,,6000,0,0.0,6000,6000,0,0,0,0,0,0,1.0,0.0,0.0,0.0,24000,6000,18000,0,0,0,0,0,0,24000,6000,18000,0,0,0,0,0,0,0.6440999999998895,0.6405574499998902,0.6440999999999819,23868,0.6410781470987243,6000,6000,0.5362198171862022,6000,0.5369131887244694,0.6515842347404134,0.3484157652595866,0.056,0.0006933715382672068,2.3325462341308594,frozen_v8_calibrated_2x2_semantic_replay,0,0,0,manuscript_l5,fixed_l3,periodic,0.0,False,True,0.0,0.0,0.0,0
HBTASP-FixedL3,24000,24000,0,,123,0,250,6,1000,404,,6000,0,0.0,6000,6000,0,0,0,0,0,0,1.0,0.0,0.0,0.0,24000,6000,18000,0,0,0,0,0,0,24000,6000,18000,0,0,0,0,0,0,0.6440999999998894,0.64079898749989,0.6440999999999819,23877,0.6415236525622592,6000,6000,0.5347795595291027,5996,0.5354440986528755,0.6485969547385956,0.3514030452614044,0.05733333333333333,0.0006645391237727338,2.4109981060028076,frozen_v8_calibrated_2x2_semantic_replay,0,0,0,manuscript_l5,fixed_l3,periodic,0.0,False,True,0.0,0.0,0.0,0
HBTASP-FixedL3,24000,24000,0,,117,0,250,6,1000,505,,6000,0,0.0,6000,6000,0,0,0,0,0,0,1.0,0.0,0.0,0.0,24000,6000,18000,0,0,0,0,0,0,24000,6000,18000,0,0,0,0,0,0,0.6440999999998893,0.6409600124998899,0.6440999999999819,23883,0.6413838088155296,6000,6000,0.5353043379597143,5997,0.5362933248754984,0.6501445633553634,0.3498554366446366,0.0565,0.0009889869157840847,2.3928585052490234,frozen_v8_calibrated_2x2_semantic_replay,0,0,0,manuscript_l5,fixed_l3,periodic,0.0,False,True,0.0,0.0,0.0,0
HBTASP-FixedL3,24000,24000,0,,88,0,250,6,1000,606,,6000,0,0.0,6000,6000,0,0,0,0,0,0,1.0,0.0,0.0,0.0,24000,6000,18000,0,0,0,0,0,0,24000,6000,18000,0,0,0,0,0,0,0.6440999999998889,0.6417382999998893,0.6440999999999819,23912,0.642262562405684,6000,6000,0.5356361220383459,5996,0.5370793265640237,0.6499240661506176,0.3500759338493824,0.056,0.0014432045256778103,2.7657063007354736,frozen_v8_calibrated_2x2_semantic_replay,0,0,0,manuscript_l5,fixed_l3,periodic,0.0,False,True,0.0,0.0,0.0,0
HBTASP-FixedL3,24000,24000,0,,155,0,250,6,1000,707,,6000,0,0.0,6000,6000,0,0,0,0,0,0,1.0,0.0,0.0,0.0,24000,6000,18000,0,0,0,0,0,0,24000,6000,18000,0,0,0,0,0,0,0.6440999999998899,0.6399401874998906,0.6440999999999819,23845,0.6407969528826147,6000,6000,0.5342412818420166,5993,0.5365111521632311,0.6490781319663097,0.3509218680336903,0.056666666666666664,0.0022698703212145066,2.8095648288726807,frozen_v8_calibrated_2x2_semantic_replay,0,0,0,manuscript_l5,fixed_l3,periodic,0.0,False,True,0.0,0.0,0.0,0
HBTASP-FixedL3,24000,24000,0,,85,0,250,6,1000,808,,6000,0,0.0,6000,6000,0,0,0,0,0,0,1.0,0.0,0.0,0.0,24000,6000,18000,0,0,0,0,0,0,24000,6000,18000,0,0,0,0,0,0,0.6440999999998888,0.6418188124998891,0.6440999999999819,23915,0.6420832946090606,6000,6000,0.5350161495570785,5996,0.5358831079373596,0.6502715822740937,0.34972841772590635,0.05733333333333333,0.0008669583802810577,2.9163427352905273,frozen_v8_calibrated_2x2_semantic_replay,0,0,0,manuscript_l5,fixed_l3,periodic,0.0,False,True,0.0,0.0,0.0,0
HBTASP-FixedL3,24000,24000,0,,107,0,250,6,1000,909,,6000,0,0.0,6000,6000,0,0,0,0,0,0,1.0,0.0,0.0,0.0,24000,6000,18000,0,0,0,0,0,0,24000,6000,18000,0,0,0,0,0,0,0.6440999999998891,0.6412283874998896,0.6440999999999819,23893,0.6415977791993189,6000,6000,0.5357035168844471,6000,0.536419984181997,0.6508121888596303,0.3491878111403697,0.056666666666666664,0.0007164672975499276,2.6362712383270264,frozen_v8_calibrated_2x2_semantic_replay,0,0,0,manuscript_l5,fixed_l3,periodic,0.0,False,True,0.0,0.0,0.0,0
HBTASP-FixedL3,24000,24000,0,,120,0,250,6,1000,1010,,6000,0,0.0,6000,6000,0,0,0,0,0,0,1.0,0.0,0.0,0.0,24000,6000,18000,0,0,0,0,0,0,24000,6000,18000,0,0,0,0,0,0,0.6440999999998893,0.6408794999998899,0.6440999999999819,23880,0.6417463746406821,6000,6000,0.5347271541539903,5996,0.5362045860749857,0.6508871693115479,0.3491128306884521,0.058666666666666666,0.0014774319209953646,2.8969027996063232,frozen_v8_calibrated_2x2_semantic_replay,0,0,0,manuscript_l5,fixed_l3,periodic,0.0,False,True,0.0,0.0,0.0,0
HBTASP-FixedL3,32000,29577,0,,327,0,250,8,1000,101,,8000,0,0.0,8000,8000,0,0,0,0,0,0,1.0,0.0,0.0,0.0,29577,8000,21577,0,0,0,0,0,0,29577,8000,21577,0,0,0,0,0,0,0.6441000000000596,0.5887476562500545,0.6441000000000748,29250,0.6101005301026332,8000,8000,0.4933906045455296,7832,0.5185419356452123,0.5975159362996414,0.4024840637003586,0.104,0.02515133109968276,3.689143180847168,frozen_v8_calibrated_2x2_semantic_replay,0,2423,0,manuscript_l5,fixed_l3,periodic,0.0,False,True,0.0,0.0,0.0,0
HBTASP-FixedL3,32000,29656,0,,428,0,250,8,1000,202,,8000,0,0.0,8000,8000,0,0,0,0,0,0,1.0,0.0,0.0,0.0,29656,8000,21656,0,0,0,0,0,0,29656,8000,21656,0,0,0,0,0,0,0.6441000000000587,0.5883048375000536,0.6441000000000748,29228,0.6105982596241211,8000,8000,0.49732736342439254,7832,0.5202147890280534,0.6073713803626444,0.3926286196373556,0.101,0.02288742560366086,3.0882880687713623,frozen_v8_calibrated_2x2_semantic_replay,0,2344,0,manuscript_l5,fixed_l3,periodic,0.0,False,True,0.0,0.0,0.0,0
HBTASP-FixedL3,32000,29632,0,,353,0,250,8,1000,303,,8000,0,0.0,8000,8000,0,0,0,0,0,0,1.0,0.0,0.0,0.0,29632,8000,21632,0,0,0,0,0,0,29632,8000,21632,0,0,0,0,0,0,0.644100000000061,0.5893313718750558,0.6441000000000748,29279,0.6102586796789868,8000,8000,0.50096004779847,7848,0.5240268453006224,0.6061330540895352,0.3938669459104648,0.092,0.023066797502152347,3.1240298748016357,frozen_v8_calibrated_2x2_semantic_replay,0,2368,0,manuscript_l5,fixed_l3,periodic,0.0,False,True,0.0,0.0,0.0,0
HBTASP-FixedL3,32000,29543,0,,225,0,250,8,1000,404,,8000,0,0.0,8000,8000,0,0,0,0,0,0,1.0,0.0,0.0,0.0,29543,8000,21543,0,0,0,0,0,0,29543,8000,21543,0,0,0,0,0,0,0.6441000000000626,0.5901163687500574,0.6441000000000748,29318,0.6113176802286975,8000,8000,0.4967956509699935,7793,0.5223046768998033,0.5955319457114052,0.4044680542885948,0.102875,0.025509025929809803,3.044778823852539,frozen_v8_calibrated_2x2_semantic_replay,0,2457,0,manuscript_l5,fixed_l3,periodic,0.0,False,True,0.0,0.0,0.0,0
HBTASP-FixedL3,32000,29648,0,,376,0,250,8,1000,505,,8000,0,0.0,8000,8000,0,0,0,0,0,0,1.0,0.0,0.0,0.0,29648,8000,21648,0,0,0,0,0,0,29648,8000,21648,0,0,0,0,0,0,0.6441000000000606,0.5891904750000555,0.6441000000000748,29272,0.6112203714436635,8000,8000,0.49249678617189546,7817,0.520505998820372,0.6012068208829653,0.3987931791170347,0.095875,0.0280092126484765,3.024811267852783,frozen_v8_calibrated_2x2_semantic_replay,0,2352,0,manuscript_l5,fixed_l3,periodic,0.0,False,True,0.0,0.0,0.0,0
HBTASP-FixedL3,32000,29600,0,,352,0,250,8,1000,606,,8000,0,0.0,8000,8000,0,0,0,0,0,0,1.0,0.0,0.0,0.0,29600,8000,21600,0,0,0,0,0,0,29600,8000,21600,0,0,0,0,0,0,0.6441000000000596,0.5887074000000545,0.6441000000000748,29248,0.6098039996962483,8000,8000,0.49831665072268455,7808,0.5243682398542738,0.5915368256777028,0.4084631743222972,0.094875,0.02605158913158928,3.2804718017578125,frozen_v8_calibrated_2x2_semantic_replay,0,2400,0,manuscript_l5,fixed_l3,periodic,0.0,False,True,0.0,0.0,0.0,0
HBTASP-FixedL3,32000,29720,0,,507,0,250,8,1000,707,,8000,0,0.0,8000,8000,0,0,0,0,0,0,1.0,0.0,0.0,0.0,29720,8000,21720,0,0,0,0,0,0,29720,8000,21720,0,0,0,0,0,0,0.6441000000000581,0.588002915625053,0.6441000000000748,29213,0.6085603533133197,8000,8000,0.49691115174482137,7824,0.5206734709205261,0.5976320285828011,0.40236797141719893,0.103875,0.023762319175704705,3.1356637477874756,frozen_v8_calibrated_2x2_semantic_replay,0,2280,0,manuscript_l5,fixed_l3,periodic,0.0,False,True,0.0,0.0,0.0,0
HBTASP-FixedL3,32000,29624,0,,353,0,250,8,1000,808,,8000,0,0.0,8000,8000,0,0,0,0,0,0,1.0,0.0,0.0,0.0,29624,8000,21624,0,0,0,0,0,0,29624,8000,21624,0,0,0,0,0,0,0.6441000000000606,0.5891703468750554,0.6441000000000748,29271,0.6098031038252156,8000,8000,0.5075322835552243,7856,0.5283293741042038,0.6164195206976957,0.3835804793023043,0.092875,0.02079709054897949,3.118723154067993,frozen_v8_calibrated_2x2_semantic_replay,0,2376,0,manuscript_l5,fixed_l3,periodic,0.0,False,True,0.0,0.0,0.0,0
HBTASP-FixedL3,32000,29616,0,,394,0,250,8,1000,909,,8000,0,0.0,8000,8000,0,0,0,0,0,0,1.0,0.0,0.0,0.0,29616,8000,21616,0,0,0,0,0,0,29616,8000,21616,0,0,0,0,0,0,0.6441000000000584,0.5881840687500534,0.6441000000000748,29222,0.6087674285182879,8000,8000,0.494716680442699,7832,0.5201000876472155,0.5978276416328946,0.4021723583671054,0.101,0.025383407204516484,3.1261465549468994,frozen_v8_calibrated_2x2_semantic_replay,0,2384,0,manuscript_l5,fixed_l3,periodic,0.0,False,True,0.0,0.0,0.0,0
HBTASP-FixedL3,32000,29631,0,,394,0,250,8,1000,1010,,8000,0,0.0,8000,8000,0,0,0,0,0,0,1.0,0.0,0.0,0.0,29631,8000,21631,0,0,0,0,0,0,29631,8000,21631,0,0,0,0,0,0,0.6441000000000591,0.588485990625054,0.6441000000000748,29237,0.6087940164752221,8000,8000,0.4978129474042295,7800,0.5245562005348643,0.6015500285153763,0.3984499714846237,0.099,0.026743253130634803,3.395334482192993,frozen_v8_calibrated_2x2_semantic_replay,0,2369,0,manuscript_l5,fixed_l3,periodic,0.0,False,True,0.0,0.0,0.0,0
HBTASP-FixedL3,40000,29560,0,,255,0,250,10,1000,101,,10000,0,0.0,10000,10000,0,0,0,0,0,0,1.0,0.0,0.0,0.0,29560,10000,19560,0,0,0,0,0,0,29560,10000,19560,0,0,0,0,0,0,0.6441000000000621,0.4718837625000455,0.6441000000001469,29305,0.550612691576425,10000,10000,0.45165192902456863,9480,0.5096320933820837,0.5135462874331801,0.4864537125668199,0.158,0.057980164357515074,3.4224090576171875,frozen_v8_calibrated_2x2_semantic_replay,0,10440,0,manuscript_l5,fixed_l3,periodic,0.0,False,True,0.0,0.0,0.0,0
HBTASP-FixedL3,40000,29560,0,,275,0,250,10,1000,202,,10000,0,0.0,10000,10000,0,0,0,0,0,0,1.0,0.0,0.0,0.0,29560,10000,19560,0,0,0,0,0,0,29560,10000,19560,0,0,0,0,0,0,0.6441000000000612,0.4715617125000448,0.6441000000001469,29285,0.5516427272286291,10000,10000,0.45180651301977476,9480,0.5104687144364578,0.529935746231202,0.470064253768798,0.1639,0.058662201416683046,3.374084234237671,frozen_v8_calibrated_2x2_semantic_replay,0,10440,0,manuscript_l5,fixed_l3,periodic,0.0,False,True,0.0,0.0,0.0,0
HBTASP-FixedL3,40000,29580,0,,355,0,250,10,1000,303,,10000,0,0.0,10000,10000,0,0,0,0,0,0,1.0,0.0,0.0,0.0,29580,10000,19580,0,0,0,0,0,0,29580,10000,19580,0,0,0,0,0,0,0.6441000000000586,0.4705955625000428,0.6441000000001469,29225,0.5487304987010259,10000,10000,0.4441973260045592,9281,0.5130519892617971,0.5036998855346058,0.49630011446539424,0.172,0.06885466325723788,3.4459471702575684,frozen_v8_calibrated_2x2_semantic_replay,0,10420,0,manuscript_l5,fixed_l3,periodic,0.0,False,True,0.0,0.0,0.0,0
HBTASP-FixedL3,40000,29719,0,,473,0,250,10,1000,404,,10000,0,0.0,10000,10000,0,0,0,0,0,0,1.0,0.0,0.0,0.0,29719,10000,19719,0,0,0,0,0,0,29719,10000,19719,0,0,0,0,0,0,0.6441000000000595,0.4709337150000435,0.6441000000001469,29246,0.5500194927721451,10000,10000,0.4453790856498971,9442,0.5067810205098127,0.5089145479193914,0.4910854520806086,0.1678,0.061401934859915575,3.438948631286621,frozen_v8_calibrated_2x2_semantic_replay,0,10281,0,manuscript_l5,fixed_l3,periodic,0.0,False,True,0.0,0.0,0.0,0
HBTASP-FixedL3,40000,29540,0,,238,0,250,10,1000,505,,10000,0,0.0,10000,10000,0,0,0,0,0,0,1.0,0.0,0.0,0.0,29540,10000,19540,0,0,0,0,0,0,29540,10000,19540,0,0,0,0,0,0,0.644100000000062,0.47183545500004537,0.6441000000001469,29302,0.5498311148833532,10000,10000,0.4496924516689815,9440,0.5079992303426871,0.5191631654037722,0.48083683459622784,0.166,0.05830677867370565,3.395935535430908,frozen_v8_calibrated_2x2_semantic_replay,0,10460,0,manuscript_l5,fixed_l3,periodic,0.0,False,True,0.0,0.0,0.0,0
HBTASP-FixedL3,40000,29801,0,,609,0,250,10,1000,606,,10000,0,0.0,10000,10000,0,0,0,0,0,0,1.0,0.0,0.0,0.0,29801,10000,19801,0,0,0,0,0,0,29801,10000,19801,0,0,0,0,0,0,0.6441000000000571,0.4700641800000417,0.6441000000001469,29192,0.5491571915346325,10000,10000,0.4446820091086746,9420,0.5096428393021033,0.5176490149934253,0.4823509850065747,0.1679,0.06496083019342869,3.5270192623138428,frozen_v8_calibrated_2x2_semantic_replay,0,10199,0,manuscript_l5,fixed_l3,periodic,0.0,False,True,0.0,0.0,0.0,0
HBTASP-FixedL3,40000,29620,0,,339,0,250,10,1000,707,,10000,0,0.0,10000,10000,0,0,0,0,0,0,1.0,0.0,0.0,0.0,29620,10000,19620,0,0,0,0,0,0,29620,10000,19620,0,0,0,0,0,0,0.6441000000000611,0.4714973025000447,0.6441000000001469,29281,0.5509160174086749,10000,10000,0.44556512670969795,9500,0.5085592671003267,0.5076748358542179,0.4923251641457821,0.162,0.06299414039062878,3.3883562088012695,frozen_v8_calibrated_2x2_semantic_replay,0,10380,0,manuscript_l5,fixed_l3,periodic,0.0,False,True,0.0,0.0,0.0,0
HBTASP-FixedL3,40000,29680,0,,456,0,250,10,1000,808,,10000,0,0.0,10000,10000,0,0,0,0,0,0,1.0,0.0,0.0,0.0,29680,10000,19680,0,0,0,0,0,0,29680,10000,19680,0,0,0,0,0,0,0.6441000000000585,0.47057946000004275,0.6441000000001469,29224,0.5499079562774215,10000,10000,0.4445487552610087,9500,0.501837294851984,0.514174004873537,0.48582599512646296,0.17,0.05728853959097535,3.5678305625915527,frozen_v8_calibrated_2x2_semantic_replay,0,10320,0,manuscript_l5,fixed_l3,periodic,0.0,False,True,0.0,0.0,0.0,0
HBTASP-FixedL3,40000,29680,0,,416,0,250,10,1000,909,,10000,0,0.0,10000,10000,0,0,0,0,0,0,1.0,0.0,0.0,0.0,29680,10000,19680,0,0,0,0,0,0,29680,10000,19680,0,0,0,0,0,0,0.6441000000000603,0.4712235600000441,0.6441000000001469,29264,0.5500524576817776,10000,10000,0.45204720113819274,9440,0.5121438923143327,0.5120093008181387,0.48799069918186133,0.156,0.060096691176139916,3.385651111602783,frozen_v8_calibrated_2x2_semantic_replay,0,10320,0,manuscript_l5,fixed_l3,periodic,0.0,False,True,0.0,0.0,0.0,0
HBTASP-FixedL3,40000,29740,0,,514,0,250,10,1000,1010,,10000,0,0.0,10000,10000,0,0,0,0,0,0,1.0,0.0,0.0,0.0,29740,10000,19740,0,0,0,0,0,0,29740,10000,19740,0,0,0,0,0,0,0.6441000000000586,0.4706116650000428,0.6441000000001469,29226,0.5495621055067311,10000,10000,0.45037537861165367,9441,0.513024962837314,0.5164210445538021,0.4835789554461979,0.1639,0.06264958422566036,3.5777065753936768,frozen_v8_calibrated_2x2_semantic_replay,0,10260,0,manuscript_l5,fixed_l3,periodic,0.0,False,True,0.0,0.0,0.0,0
HBTASP-FixedL3,16000,16000,0,,0,0,300,4,1000,101,,4000,0,0.0,4000,4000,0,0,0,0,0,0,1.0,0.0,0.0,0.0,16000,4000,12000,0,0,0,0,0,0,16000,4000,12000,0,0,0,0,0,0,0.6441000000000685,0.6441000000000685,0.6440999999999828,16000,0.6441000000000018,4000,4000,0.5365712329758283,4000,0.5365712329758283,0.6530537993946778,0.3469462006053222,0.056,0.0,1.714501142501831,frozen_v8_calibrated_2x2_semantic_replay,0,0,0,manuscript_l5,fixed_l3,periodic,0.0,False,True,0.0,0.0,0.0,0
HBTASP-FixedL3,16000,16000,0,,0,0,300,4,1000,202,,4000,0,0.0,4000,4000,0,0,0,0,0,0,1.0,0.0,0.0,0.0,16000,4000,12000,0,0,0,0,0,0,16000,4000,12000,0,0,0,0,0,0,0.6441000000000685,0.6441000000000685,0.6440999999999828,16000,0.6441000000000018,4000,4000,0.5365712329758271,4000,0.5365712329758271,0.6530537993946778,0.3469462006053222,0.056,0.0,1.757554292678833,frozen_v8_calibrated_2x2_semantic_replay,0,0,0,manuscript_l5,fixed_l3,periodic,0.0,False,True,0.0,0.0,0.0,0
HBTASP-FixedL3,16000,16000,0,,0,0,300,4,1000,303,,4000,0,0.0,4000,4000,0,0,0,0,0,0,1.0,0.0,0.0,0.0,16000,4000,12000,0,0,0,0,0,0,16000,4000,12000,0,0,0,0,0,0,0.6441000000000685,0.6441000000000685,0.6440999999999828,16000,0.644100000000003,4000,4000,0.5365712329758282,4000,0.5365712329758282,0.6530537993946778,0.3469462006053222,0.056,0.0,1.6772270202636719,frozen_v8_calibrated_2x2_semantic_replay,0,0,0,manuscript_l5,fixed_l3,periodic,0.0,False,True,0.0,0.0,0.0,0
HBTASP-FixedL3,16000,16000,0,,0,0,300,4,1000,404,,4000,0,0.0,4000,4000,0,0,0,0,0,0,1.0,0.0,0.0,0.0,16000,4000,12000,0,0,0,0,0,0,16000,4000,12000,0,0,0,0,0,0,0.6441000000000685,0.6441000000000685,0.6440999999999828,16000,0.6441000000000022,4000,4000,0.5365712329758273,4000,0.5365712329758273,0.6530537993946778,0.3469462006053222,0.056,0.0,1.6047542095184326,frozen_v8_calibrated_2x2_semantic_replay,0,0,0,manuscript_l5,fixed_l3,periodic,0.0,False,True,0.0,0.0,0.0,0
HBTASP-FixedL3,16000,16000,0,,0,0,300,4,1000,505,,4000,0,0.0,4000,4000,0,0,0,0,0,0,1.0,0.0,0.0,0.0,16000,4000,12000,0,0,0,0,0,0,16000,4000,12000,0,0,0,0,0,0,0.6441000000000685,0.6441000000000685,0.6440999999999828,16000,0.6441000000000021,4000,4000,0.536571232975828,4000,0.536571232975828,0.6530537993946778,0.3469462006053222,0.056,0.0,1.6160805225372314,frozen_v8_calibrated_2x2_semantic_replay,0,0,0,manuscript_l5,fixed_l3,periodic,0.0,False,True,0.0,0.0,0.0,0
HBTASP-FixedL3,16000,16000,0,,0,0,300,4,1000,606,,4000,0,0.0,4000,4000,0,0,0,0,0,0,1.0,0.0,0.0,0.0,16000,4000,12000,0,0,0,0,0,0,16000,4000,12000,0,0,0,0,0,0,0.6441000000000685,0.6441000000000685,0.6440999999999828,16000,0.6441000000000017,4000,4000,0.5365712329758265,4000,0.5365712329758265,0.6530537993946778,0.3469462006053222,0.056,0.0,1.56007981300354,frozen_v8_calibrated_2x2_semantic_replay,0,0,0,manuscript_l5,fixed_l3,periodic,0.0,False,True,0.0,0.0,0.0,0
HBTASP-FixedL3,16000,16000,0,,0,0,300,4,1000,707,,4000,0,0.0,4000,4000,0,0,0,0,0,0,1.0,0.0,0.0,0.0,16000,4000,12000,0,0,0,0,0,0,16000,4000,12000,0,0,0,0,0,0,0.6441000000000685,0.6441000000000685,0.6440999999999828,16000,0.6441000000000012,4000,4000,0.5365712329758282,4000,0.5365712329758282,0.6530537993946778,0.3469462006053222,0.056,0.0,1.6846323013305664,frozen_v8_calibrated_2x2_semantic_replay,0,0,0,manuscript_l5,fixed_l3,periodic,0.0,False,True,0.0,0.0,0.0,0
HBTASP-FixedL3,16000,16000,0,,0,0,300,4,1000,808,,4000,0,0.0,4000,4000,0,0,0,0,0,0,1.0,0.0,0.0,0.0,16000,4000,12000,0,0,0,0,0,0,16000,4000,12000,0,0,0,0,0,0,0.6441000000000685,0.6441000000000685,0.6440999999999828,16000,0.6441000000000023,4000,4000,0.5365712329758269,4000,0.5365712329758269,0.6530537993946778,0.3469462006053222,0.056,0.0,1.7623984813690186,frozen_v8_calibrated_2x2_semantic_replay,0,0,0,manuscript_l5,fixed_l3,periodic,0.0,False,True,0.0,0.0,0.0,0
HBTASP-FixedL3,16000,16000,0,,0,0,300,4,1000,909,,4000,0,0.0,4000,4000,0,0,0,0,0,0,1.0,0.0,0.0,0.0,16000,4000,12000,0,0,0,0,0,0,16000,4000,12000,0,0,0,0,0,0,0.6441000000000685,0.6441000000000685,0.6440999999999828,16000,0.6441000000000002,4000,4000,0.5365712329758268,4000,0.5365712329758268,0.6530537993946778,0.3469462006053222,0.056,0.0,1.6081054210662842,frozen_v8_calibrated_2x2_semantic_replay,0,0,0,manuscript_l5,fixed_l3,periodic,0.0,False,True,0.0,0.0,0.0,0
HBTASP-FixedL3,16000,16000,0,,0,0,300,4,1000,1010,,4000,0,0.0,4000,4000,0,0,0,0,0,0,1.0,0.0,0.0,0.0,16000,4000,12000,0,0,0,0,0,0,16000,4000,12000,0,0,0,0,0,0,0.6441000000000685,0.6441000000000685,0.6440999999999828,16000,0.644100000000003,4000,4000,0.5365712329758273,4000,0.5365712329758273,0.6530537993946778,0.3469462006053222,0.056,0.0,1.710949182510376,frozen_v8_calibrated_2x2_semantic_replay,0,0,0,manuscript_l5,fixed_l3,periodic,0.0,False,True,0.0,0.0,0.0,0
HBTASP-FixedL3,24000,24000,0,,0,0,300,6,1000,101,,6000,0,0.0,6000,6000,0,0,0,0,0,0,1.0,0.0,0.0,0.0,24000,6000,18000,0,0,0,0,0,0,24000,6000,18000,0,0,0,0,0,0,0.6440999999998875,0.6440999999998875,0.6440999999999819,24000,0.6441000000000057,6000,6000,0.5365712329758267,6000,0.5365712329758267,0.6530537993946778,0.3469462006053222,0.056,0.0,2.5393483638763428,frozen_v8_calibrated_2x2_semantic_replay,0,0,0,manuscript_l5,fixed_l3,periodic,0.0,False,True,0.0,0.0,0.0,0
HBTASP-FixedL3,24000,24000,0,,0,0,300,6,1000,202,,6000,0,0.0,6000,6000,0,0,0,0,0,0,1.0,0.0,0.0,0.0,24000,6000,18000,0,0,0,0,0,0,24000,6000,18000,0,0,0,0,0,0,0.6440999999998875,0.6440999999998875,0.6440999999999819,24000,0.6441000000000071,6000,6000,0.5365712329758258,6000,0.5365712329758258,0.6530537993946778,0.3469462006053222,0.056,0.0,2.4219319820404053,frozen_v8_calibrated_2x2_semantic_replay,0,0,0,manuscript_l5,fixed_l3,periodic,0.0,False,True,0.0,0.0,0.0,0
HBTASP-FixedL3,24000,24000,0,,0,0,300,6,1000,303,,6000,0,0.0,6000,6000,0,0,0,0,0,0,1.0,0.0,0.0,0.0,24000,6000,18000,0,0,0,0,0,0,24000,6000,18000,0,0,0,0,0,0,0.6440999999998875,0.6440999999998875,0.6440999999999819,24000,0.6441000000000067,6000,6000,0.5365712329758261,6000,0.5365712329758261,0.6530537993946778,0.3469462006053222,0.056,0.0,2.7320988178253174,frozen_v8_calibrated_2x2_semantic_replay,0,0,0,manuscript_l5,fixed_l3,periodic,0.0,False,True,0.0,0.0,0.0,0
HBTASP-FixedL3,24000,24000,0,,0,0,300,6,1000,404,,6000,0,0.0,6000,6000,0,0,0,0,0,0,1.0,0.0,0.0,0.0,24000,6000,18000,0,0,0,0,0,0,24000,6000,18000,0,0,0,0,0,0,0.6440999999998875,0.6440999999998875,0.6440999999999819,24000,0.6441000000000068,6000,6000,0.5365712329758261,6000,0.5365712329758261,0.6530537993946778,0.3469462006053222,0.056,0.0,2.664640426635742,frozen_v8_calibrated_2x2_semantic_replay,0,0,0,manuscript_l5,fixed_l3,periodic,0.0,False,True,0.0,0.0,0.0,0
HBTASP-FixedL3,24000,24000,0,,0,0,300,6,1000,505,,6000,0,0.0,6000,6000,0,0,0,0,0,0,1.0,0.0,0.0,0.0,24000,6000,18000,0,0,0,0,0,0,24000,6000,18000,0,0,0,0,0,0,0.6440999999998875,0.6440999999998875,0.6440999999999819,24000,0.6441000000000069,6000,6000,0.5365712329758263,6000,0.5365712329758263,0.6530537993946778,0.3469462006053222,0.056,0.0,2.403925657272339,frozen_v8_calibrated_2x2_semantic_replay,0,0,0,manuscript_l5,fixed_l3,periodic,0.0,False,True,0.0,0.0,0.0,0
HBTASP-FixedL3,24000,24000,0,,0,0,300,6,1000,606,,6000,0,0.0,6000,6000,0,0,0,0,0,0,1.0,0.0,0.0,0.0,24000,6000,18000,0,0,0,0,0,0,24000,6000,18000,0,0,0,0,0,0,0.6440999999998875,0.6440999999998875,0.6440999999999819,24000,0.644100000000007,6000,6000,0.5365712329758259,6000,0.5365712329758259,0.6530537993946778,0.3469462006053222,0.056,0.0,2.251417875289917,frozen_v8_calibrated_2x2_semantic_replay,0,0,0,manuscript_l5,fixed_l3,periodic,0.0,False,True,0.0,0.0,0.0,0
HBTASP-FixedL3,24000,24000,0,,0,0,300,6,1000,707,,6000,0,0.0,6000,6000,0,0,0,0,0,0,1.0,0.0,0.0,0.0,24000,6000,18000,0,0,0,0,0,0,24000,6000,18000,0,0,0,0,0,0,0.6440999999998875,0.6440999999998875,0.6440999999999819,24000,0.6441000000000073,6000,6000,0.5365712329758257,6000,0.5365712329758257,0.6530537993946778,0.3469462006053222,0.056,0.0,2.2734968662261963,frozen_v8_calibrated_2x2_semantic_replay,0,0,0,manuscript_l5,fixed_l3,periodic,0.0,False,True,0.0,0.0,0.0,0
HBTASP-FixedL3,24000,24000,0,,0,0,300,6,1000,808,,6000,0,0.0,6000,6000,0,0,0,0,0,0,1.0,0.0,0.0,0.0,24000,6000,18000,0,0,0,0,0,0,24000,6000,18000,0,0,0,0,0,0,0.6440999999998875,0.6440999999998875,0.6440999999999819,24000,0.6441000000000067,6000,6000,0.5365712329758253,6000,0.5365712329758253,0.6530537993946778,0.3469462006053222,0.056,0.0,2.26353120803833,frozen_v8_calibrated_2x2_semantic_replay,0,0,0,manuscript_l5,fixed_l3,periodic,0.0,False,True,0.0,0.0,0.0,0
HBTASP-FixedL3,24000,24000,0,,0,0,300,6,1000,909,,6000,0,0.0,6000,6000,0,0,0,0,0,0,1.0,0.0,0.0,0.0,24000,6000,18000,0,0,0,0,0,0,24000,6000,18000,0,0,0,0,0,0,0.6440999999998875,0.6440999999998875,0.6440999999999819,24000,0.6441000000000052,6000,6000,0.5365712329758258,6000,0.5365712329758258,0.6530537993946778,0.3469462006053222,0.056,0.0,2.2946600914001465,frozen_v8_calibrated_2x2_semantic_replay,0,0,0,manuscript_l5,fixed_l3,periodic,0.0,False,True,0.0,0.0,0.0,0
HBTASP-FixedL3,24000,24000,0,,0,0,300,6,1000,1010,,6000,0,0.0,6000,6000,0,0,0,0,0,0,1.0,0.0,0.0,0.0,24000,6000,18000,0,0,0,0,0,0,24000,6000,18000,0,0,0,0,0,0,0.6440999999998875,0.6440999999998875,0.6440999999999819,24000,0.6441000000000066,6000,6000,0.5365712329758258,6000,0.5365712329758258,0.6530537993946778,0.3469462006053222,0.056,0.0,2.240241765975952,frozen_v8_calibrated_2x2_semantic_replay,0,0,0,manuscript_l5,fixed_l3,periodic,0.0,False,True,0.0,0.0,0.0,0
HBTASP-FixedL3,32000,32000,0,,0,0,300,8,1000,101,,8000,0,0.0,8000,8000,0,0,0,0,0,0,1.0,0.0,0.0,0.0,32000,8000,24000,0,0,0,0,0,0,32000,8000,24000,0,0,0,0,0,0,0.6441000000001701,0.6441000000001701,0.6441000000000748,32000,0.644099999999999,8000,8000,0.536571232975825,8000,0.536571232975825,0.6530537993946778,0.3469462006053222,0.056,0.0,3.132176637649536,frozen_v8_calibrated_2x2_semantic_replay,0,0,0,manuscript_l5,fixed_l3,periodic,0.0,False,True,0.0,0.0,0.0,0
HBTASP-FixedL3,32000,32000,0,,16,0,300,8,1000,202,,8000,0,0.0,8000,8000,0,0,0,0,0,0,1.0,0.0,0.0,0.0,32000,8000,24000,0,0,0,0,0,0,32000,8000,24000,0,0,0,0,0,0,0.6441000000001695,0.6437779500001695,0.6441000000000748,31984,0.6437637442176961,8000,8000,0.5365882443190685,8000,0.5365882443190685,0.6530537993946778,0.3469462006053222,0.056,0.0,3.190847396850586,frozen_v8_calibrated_2x2_semantic_replay,0,0,0,manuscript_l5,fixed_l3,periodic,0.0,False,True,0.0,0.0,0.0,0
HBTASP-FixedL3,32000,32000,0,,0,0,300,8,1000,303,,8000,0,0.0,8000,8000,0,0,0,0,0,0,1.0,0.0,0.0,0.0,32000,8000,24000,0,0,0,0,0,0,32000,8000,24000,0,0,0,0,0,0,0.6441000000001701,0.6441000000001701,0.6441000000000748,32000,0.6440999999999995,8000,8000,0.5365712329758248,8000,0.5365712329758248,0.6530537993946778,0.3469462006053222,0.056,0.0,3.2953941822052,frozen_v8_calibrated_2x2_semantic_replay,0,0,0,manuscript_l5,fixed_l3,periodic,0.0,False,True,0.0,0.0,0.0,0
HBTASP-FixedL3,32000,32000,0,,0,0,300,8,1000,404,,8000,0,0.0,8000,8000,0,0,0,0,0,0,1.0,0.0,0.0,0.0,32000,8000,24000,0,0,0,0,0,0,32000,8000,24000,0,0,0,0,0,0,0.6441000000001701,0.6441000000001701,0.6441000000000748,32000,0.6440999999999975,8000,8000,0.5365712329758243,8000,0.5365712329758243,0.6530537993946778,0.3469462006053222,0.056,0.0,3.302279233932495,frozen_v8_calibrated_2x2_semantic_replay,0,0,0,manuscript_l5,fixed_l3,periodic,0.0,False,True,0.0,0.0,0.0,0
HBTASP-FixedL3,32000,32000,0,,15,0,300,8,1000,505,,8000,0,0.0,8000,8000,0,0,0,0,0,0,1.0,0.0,0.0,0.0,32000,8000,24000,0,0,0,0,0,0,32000,8000,24000,0,0,0,0,0,0,0.6441000000001695,0.6437980781251694,0.6441000000000748,31985,0.643918600636943,8000,8000,0.5365535197530309,8000,0.5365851704782263,0.653032306738572,0.34696769326142796,0.056,3.165072519539791e-05,3.20167875289917,frozen_v8_calibrated_2x2_semantic_replay,0,0,0,manuscript_l5,fixed_l3,periodic,0.0,False,True,0.0,0.0,0.0,0
HBTASP-FixedL3,32000,32000,0,,0,0,300,8,1000,606,,8000,0,0.0,8000,8000,0,0,0,0,0,0,1.0,0.0,0.0,0.0,32000,8000,24000,0,0,0,0,0,0,32000,8000,24000,0,0,0,0,0,0,0.6441000000001701,0.6441000000001701,0.6441000000000748,32000,0.6441000000000008,8000,8000,0.5365712329758242,8000,0.5365712329758242,0.6530537993946778,0.3469462006053222,0.056,0.0,3.8305788040161133,frozen_v8_calibrated_2x2_semantic_replay,0,0,0,manuscript_l5,fixed_l3,periodic,0.0,False,True,0.0,0.0,0.0,0
HBTASP-FixedL3,32000,32000,0,,0,0,300,8,1000,707,,8000,0,0.0,8000,8000,0,0,0,0,0,0,1.0,0.0,0.0,0.0,32000,8000,24000,0,0,0,0,0,0,32000,8000,24000,0,0,0,0,0,0,0.6441000000001701,0.6441000000001701,0.6441000000000748,32000,0.6441000000000006,8000,8000,0.5365712329758242,8000,0.5365712329758242,0.6530537993946778,0.3469462006053222,0.056,0.0,3.3801612854003906,frozen_v8_calibrated_2x2_semantic_replay,0,0,0,manuscript_l5,fixed_l3,periodic,0.0,False,True,0.0,0.0,0.0,0
HBTASP-FixedL3,32000,32000,0,,0,0,300,8,1000,808,,8000,0,0.0,8000,8000,0,0,0,0,0,0,1.0,0.0,0.0,0.0,32000,8000,24000,0,0,0,0,0,0,32000,8000,24000,0,0,0,0,0,0,0.6441000000001701,0.6441000000001701,0.6441000000000748,32000,0.6441000000000009,8000,8000,0.5365712329758235,8000,0.5365712329758235,0.6530537993946778,0.3469462006053222,0.056,0.0,3.960146427154541,frozen_v8_calibrated_2x2_semantic_replay,0,0,0,manuscript_l5,fixed_l3,periodic,0.0,False,True,0.0,0.0,0.0,0
HBTASP-FixedL3,32000,32000,0,,0,0,300,8,1000,909,,8000,0,0.0,8000,8000,0,0,0,0,0,0,1.0,0.0,0.0,0.0,32000,8000,24000,0,0,0,0,0,0,32000,8000,24000,0,0,0,0,0,0,0.6441000000001701,0.6441000000001701,0.6441000000000748,32000,0.6440999999999988,8000,8000,0.536571232975824,8000,0.536571232975824,0.6530537993946778,0.3469462006053222,0.056,0.0,3.7884681224823,frozen_v8_calibrated_2x2_semantic_replay,0,0,0,manuscript_l5,fixed_l3,periodic,0.0,False,True,0.0,0.0,0.0,0
HBTASP-FixedL3,32000,32000,0,,0,0,300,8,1000,1010,,8000,0,0.0,8000,8000,0,0,0,0,0,0,1.0,0.0,0.0,0.0,32000,8000,24000,0,0,0,0,0,0,32000,8000,24000,0,0,0,0,0,0,0.6441000000001701,0.6441000000001701,0.6441000000000748,32000,0.644099999999999,8000,8000,0.5365712329758248,8000,0.5365712329758248,0.6530537993946778,0.3469462006053222,0.056,0.0,3.424149513244629,frozen_v8_calibrated_2x2_semantic_replay,0,0,0,manuscript_l5,fixed_l3,periodic,0.0,False,True,0.0,0.0,0.0,0
HBTASP-FixedL3,40000,35580,0,,338,0,300,10,1000,101,,10000,0,0.0,10000,10000,0,0,0,0,0,0,1.0,0.0,0.0,0.0,35580,10000,25580,0,0,0,0,0,0,35580,10000,25580,0,0,0,0,0,0,0.6441000000002781,0.567484305000245,0.6441000000001469,35242,0.607927039063095,10000,10000,0.49183620374663806,9680,0.5221444191542565,0.5939778855199339,0.4060221144800661,0.112,0.03030821540761841,3.930243730545044,frozen_v8_calibrated_2x2_semantic_replay,0,4420,0,manuscript_l5,fixed_l3,periodic,0.0,False,True,0.0,0.0,0.0,0
HBTASP-FixedL3,40000,35660,0,,375,0,300,10,1000,202,,10000,0,0.0,10000,10000,0,0,0,0,0,0,1.0,0.0,0.0,0.0,35660,10000,25660,0,0,0,0,0,0,35660,10000,25660,0,0,0,0,0,0,0.6441000000002794,0.5681767125002465,0.6441000000001469,35285,0.6087040498216625,10000,10000,0.4876703973648063,9660,0.5191385522225636,0.6006573002371981,0.3993426997628019,0.122,0.03146815485775728,3.875455856323242,frozen_v8_calibrated_2x2_semantic_replay,0,4340,0,manuscript_l5,fixed_l3,periodic,0.0,False,True,0.0,0.0,0.0,0
HBTASP-FixedL3,40000,35740,0,,531,0,300,10,1000,303,,10000,0,0.0,10000,10000,0,0,0,0,0,0,1.0,0.0,0.0,0.0,35740,10000,25740,0,0,0,0,0,0,35740,10000,25740,0,0,0,0,0,0,0.6441000000002771,0.566952922500244,0.6441000000001469,35209,0.607519046531865,10000,10000,0.48909636460897,9721,0.5212079447343736,0.5832082102193603,0.4167917897806397,0.1078,0.032111580125403605,3.96144962310791,frozen_v8_calibrated_2x2_semantic_replay,0,4260,0,manuscript_l5,fixed_l3,periodic,0.0,False,True,0.0,0.0,0.0,0
HBTASP-FixedL3,40000,35720,0,,459,0,300,10,1000,404,,10000,0,0.0,10000,10000,0,0,0,0,0,0,1.0,0.0,0.0,0.0,35720,10000,25720,0,0,0,0,0,0,35720,10000,25720,0,0,0,0,0,0,0.6441000000002787,0.5677902525002457,0.6441000000001469,35261,0.6071439222771073,10000,10000,0.48348992894306275,9640,0.5184064756108833,0.572430910486611,0.427569089513389,0.116,0.034916546667820514,3.878397226333618,frozen_v8_calibrated_2x2_semantic_replay,0,4280,0,manuscript_l5,fixed_l3,periodic,0.0,False,True,0.0,0.0,0.0,0
HBTASP-FixedL3,40000,35620,0,,377,0,300,10,1000,505,,10000,0,0.0,10000,10000,0,0,0,0,0,0,1.0,0.0,0.0,0.0,35620,10000,25620,0,0,0,0,0,0,35620,10000,25620,0,0,0,0,0,0,0.6441000000002782,0.5675004075002451,0.6441000000001469,35243,0.6061639198862412,10000,10000,0.49224193736115657,9640,0.5233163647504017,0.592073590854506,0.40792640914549405,0.11,0.031074427389245096,3.9967682361602783,frozen_v8_calibrated_2x2_semantic_replay,0,4380,0,manuscript_l5,fixed_l3,periodic,0.0,False,True,0.0,0.0,0.0,0
HBTASP-FixedL3,40000,35520,0,,219,0,300,10,1000,606,,10000,0,0.0,10000,10000,0,0,0,0,0,0,1.0,0.0,0.0,0.0,35520,10000,25520,0,0,0,0,0,0,35520,10000,25520,0,0,0,0,0,0,0.6441000000002799,0.568434352500247,0.6441000000001469,35301,0.609205206759688,10000,10000,0.4907153915969702,9680,0.5231340980786877,0.6054217872971355,0.39457821270286453,0.11,0.03241870648171752,4.470107793807983,frozen_v8_calibrated_2x2_semantic_replay,0,4480,0,manuscript_l5,fixed_l3,periodic,0.0,False,True,0.0,0.0,0.0,0
HBTASP-FixedL3,40000,35500,0,,219,0,300,10,1000,707,,10000,0,0.0,10000,10000,0,0,0,0,0,0,1.0,0.0,0.0,0.0,35500,10000,25500,0,0,0,0,0,0,35500,10000,25500,0,0,0,0,0,0,0.6441000000002793,0.5681123025002464,0.6441000000001469,35281,0.6084960709078728,10000,10000,0.4848709966064111,9660,0.5215277646206434,0.5888457771896937,0.41115422281030634,0.116,0.036656768014232344,4.512719392776489,frozen_v8_calibrated_2x2_semantic_replay,0,4500,0,manuscript_l5,fixed_l3,periodic,0.0,False,True,0.0,0.0,0.0,0
HBTASP-FixedL3,40000,35698,0,,490,0,300,10,1000,808,,10000,0,0.0,10000,10000,0,0,0,0,0,0,1.0,0.0,0.0,0.0,35698,10000,25698,0,0,0,0,0,0,35698,10000,25698,0,0,0,0,0,0,0.6441000000002771,0.5669368200002439,0.6441000000001469,35208,0.6074254666317362,10000,10000,0.4934497613085055,9741,0.5239079882615312,0.6025798399627565,0.39742016003724345,0.1138,0.03045822695302569,4.263366222381592,frozen_v8_calibrated_2x2_semantic_replay,0,4302,0,manuscript_l5,fixed_l3,periodic,0.0,False,True,0.0,0.0,0.0,0
HBTASP-FixedL3,40000,35600,0,,316,0,300,10,1000,909,,10000,0,0.0,10000,10000,0,0,0,0,0,0,1.0,0.0,0.0,0.0,35600,10000,25600,0,0,0,0,0,0,35600,10000,25600,0,0,0,0,0,0,0.6441000000002794,0.5681606100002464,0.6441000000001469,35284,0.6070382062375339,10000,10000,0.4926855152238534,9740,0.5225942490694134,0.5985198215866385,0.4014801784133615,0.11,0.02990873384556003,4.090155601501465,frozen_v8_calibrated_2x2_semantic_replay,0,4400,0,manuscript_l5,fixed_l3,periodic,0.0,False,True,0.0,0.0,0.0,0
HBTASP-FixedL3,40000,35620,0,,374,0,300,10,1000,1010,,10000,0,0.0,10000,10000,0,0,0,0,0,0,1.0,0.0,0.0,0.0,35620,10000,25620,0,0,0,0,0,0,35620,10000,25620,0,0,0,0,0,0,0.6441000000002782,0.5675487150002452,0.6441000000001469,35246,0.606702689844775,10000,10000,0.4943174018923997,9681,0.5236968565251915,0.6001682774000867,0.3998317225999133,0.1079,0.02937945463279179,3.989664316177368,frozen_v8_calibrated_2x2_semantic_replay,0,4380,0,manuscript_l5,fixed_l3,periodic,0.0,False,True,0.0,0.0,0.0,0
HBTASP-Dynamic,16000,13896,0,,0,0,100,4,1000,101,,4000,0,0.0,4000,4000,0,0,0,0,0,0,1.0,0.0,0.0,0.0,13896,4000,9896,9010,0,9010,862,0,862,0,0,0,24,0,24,4000,4000,0,0.6130912924581856,0.5324697874999342,0.6884000000000013,13896,0.5827423602770513,4000,4000,0.41462013365554384,3880,0.4415295231620432,0.5773967237691302,0.4226032762308698,0.122,0.026909389506499348,2.189171314239502,frozen_v8_calibrated_2x2_semantic_replay,0,2104,0,assigned_level_sensitivity,dynamic,periodic,0.0,False,True,0.0,0.0,0.0,0
HBTASP-Dynamic,16000,13928,0,,0,0,100,4,1000,202,,4000,0,0.0,4000,4000,0,0,0,0,0,0,1.0,0.0,0.0,0.0,13928,4000,9928,9139,0,9139,780,0,780,9,0,9,0,0,0,4000,4000,0,0.6126616815048046,0.5333219937499324,0.6884000000000013,13928,0.5834749797691754,4000,4000,0.4167691518719085,3913,0.4390796005044689,0.5906608350888073,0.4093391649111927,0.116,0.02231044863256043,2.5776073932647705,frozen_v8_calibrated_2x2_semantic_replay,0,2072,0,assigned_level_sensitivity,dynamic,periodic,0.0,False,True,0.0,0.0,0.0,0
HBTASP-Dynamic,16000,13920,0,,0,0,100,4,1000,303,,4000,0,0.0,4000,4000,0,0,0,0,0,0,1.0,0.0,0.0,0.0,13920,4000,9920,9049,0,9049,871,0,871,0,0,0,0,0,0,4000,4000,0,0.6128958548849811,0.5332193937499337,0.6884000000000013,13920,0.5829447212443887,4000,4000,0.4182390780854688,3904,0.4428923937876278,0.5956685621417187,0.4043314378582813,0.118,0.024653315702159007,2.3228485584259033,frozen_v8_calibrated_2x2_semantic_replay,0,2080,0,assigned_level_sensitivity,dynamic,periodic,0.0,False,True,0.0,0.0,0.0,0
HBTASP-Dynamic,16000,13896,0,,0,0,100,4,1000,404,,4000,0,0.0,4000,4000,0,0,0,0,0,0,1.0,0.0,0.0,0.0,13896,4000,9896,9038,0,9038,826,0,826,24,0,24,8,0,8,4000,4000,0,0.612993681634927,0.5323850124999341,0.6884000000000013,13896,0.581345750869884,4000,4000,0.42319756944830667,3920,0.44717345360778377,0.5958497763486158,0.4041502236513842,0.112,0.0239758841594771,2.206723690032959,frozen_v8_calibrated_2x2_semantic_replay,0,2104,0,assigned_level_sensitivity,dynamic,periodic,0.0,False,True,0.0,0.0,0.0,0
HBTASP-Dynamic,16000,13912,0,,0,0,100,4,1000,505,,4000,0,0.0,4000,4000,0,0,0,0,0,0,1.0,0.0,0.0,0.0,13912,4000,9912,9063,0,9063,833,0,833,0,0,0,16,0,16,4000,4000,0,0.6129161083955529,0.5329305562499332,0.6884000000000013,13912,0.5800777951925807,4000,4000,0.41250968792559917,3880,0.4419857660686206,0.5812431055556888,0.4187568944443112,0.12,0.029476078143021445,2.3387975692749023,frozen_v8_calibrated_2x2_semantic_replay,0,2088,0,assigned_level_sensitivity,dynamic,periodic,0.0,False,True,0.0,0.0,0.0,0
HBTASP-Dynamic,16000,13936,0,,0,0,100,4,1000,606,,4000,0,0.0,4000,4000,0,0,0,0,0,0,1.0,0.0,0.0,0.0,13936,4000,9936,9170,0,9170,766,0,766,0,0,0,0,0,0,4000,4000,0,0.6125608352467647,0.5335404874999321,0.6884000000000013,13936,0.5808269860413727,4000,4000,0.4173614311483022,3904,0.4436000158983858,0.5809003976326839,0.41909960236731614,0.114,0.026238584750083616,2.294962167739868,frozen_v8_calibrated_2x2_semantic_replay,0,2064,0,assigned_level_sensitivity,dynamic,periodic,0.0,False,True,0.0,0.0,0.0,0
HBTASP-Dynamic,16000,13920,0,,0,0,100,4,1000,707,,4000,0,0.0,4000,4000,0,0,0,0,0,0,1.0,0.0,0.0,0.0,13920,4000,9920,9002,0,9002,918,0,918,0,0,0,0,0,0,4000,4000,0,0.613028548850499,0.5333348374999342,0.6884000000000013,13920,0.5818557064170072,4000,4000,0.4162747384082268,3888,0.44401374589293113,0.5930815201815423,0.40691847981845775,0.128,0.027739007484704314,2.3119943141937256,frozen_v8_calibrated_2x2_semantic_replay,0,2080,0,assigned_level_sensitivity,dynamic,periodic,0.0,False,True,0.0,0.0,0.0,0
HBTASP-Dynamic,16000,13888,0,,0,0,100,4,1000,808,,4000,0,0.0,4000,4000,0,0,0,0,0,0,1.0,0.0,0.0,0.0,13888,4000,9888,8997,0,8997,866,0,866,8,0,8,17,0,17,4000,4000,0,0.6131123703916295,0.5321815374999344,0.6884000000000013,13888,0.5799703627428773,4000,4000,0.421019822565301,3888,0.44673692698582623,0.6083791499887364,0.39162085001126357,0.12,0.025717104420525216,2.3735337257385254,frozen_v8_calibrated_2x2_semantic_replay,0,2112,0,assigned_level_sensitivity,dynamic,periodic,0.0,False,True,0.0,0.0,0.0,0
HBTASP-Dynamic,16000,13920,0,,0,0,100,4,1000,909,,4000,0,0.0,4000,4000,0,0,0,0,0,0,1.0,0.0,0.0,0.0,13920,4000,9920,9057,0,9057,847,0,847,16,0,16,0,0,0,4000,4000,0,0.6129029238504982,0.5332255437499335,0.6884000000000013,13920,0.5826619954389057,4000,4000,0.42449812562503575,3896,0.4485177040355556,0.5912721599999868,0.40872784000001317,0.114,0.024019578410519826,2.264580011367798,frozen_v8_calibrated_2x2_semantic_replay,0,2080,0,assigned_level_sensitivity,dynamic,periodic,0.0,False,True,0.0,0.0,0.0,0
HBTASP-Dynamic,16000,13888,0,,0,0,100,4,1000,1010,,4000,0,0.0,4000,4000,0,0,0,0,0,0,1.0,0.0,0.0,0.0,13888,4000,9888,9058,0,9058,821,0,821,9,0,9,0,0,0,4000,4000,0,0.6128746543778043,0.5319751999999341,0.6884000000000013,13888,0.5799756967185616,4000,4000,0.413572886096525,3880,0.4402725089394832,0.5995858099343632,0.40041419006563683,0.124,0.026699622842958237,2.159651517868042,frozen_v8_calibrated_2x2_semantic_replay,0,2112,0,assigned_level_sensitivity,dynamic,periodic,0.0,False,True,0.0,0.0,0.0,0
HBTASP-Dynamic,24000,10000,0,,0,0,100,6,1000,101,,6000,0,0.0,6000,6000,0,0,0,0,0,0,1.0,0.0,0.0,0.0,10000,6000,4000,3550,0,3550,450,0,450,0,0,0,0,0,0,6000,6000,0,0.646408499999984,0.2693368749999933,0.6884000000000013,10000,0.37160285451914876,6000,6000,0.28578430435337027,5177,0.4086263003069651,0.3145808225940802,0.6854191774059197,0.3265,0.12284199595359485,2.5208466053009033,frozen_v8_calibrated_2x2_semantic_replay,0,14000,0,assigned_level_sensitivity,dynamic,periodic,0.0,False,True,0.0,0.0,0.0,0
HBTASP-Dynamic,24000,10000,0,,0,0,100,6,1000,202,,6000,0,0.0,6000,6000,0,0,0,0,0,0,1.0,0.0,0.0,0.0,10000,6000,4000,3549,0,3549,451,0,451,0,0,0,0,0,0,6000,6000,0,0.6464124299999839,0.2693385124999933,0.6884000000000013,10000,0.3713373157073241,6000,6000,0.2905673048795344,5191,0.41365955498406326,0.32051787176518354,0.6794821282348165,0.31833333333333336,0.12309225010452884,2.5967252254486084,frozen_v8_calibrated_2x2_semantic_replay,0,14000,0,assigned_level_sensitivity,dynamic,periodic,0.0,False,True,0.0,0.0,0.0,0
HBTASP-Dynamic,24000,10000,0,,0,0,100,6,1000,303,,6000,0,0.0,6000,6000,0,0,0,0,0,0,1.0,0.0,0.0,0.0,10000,6000,4000,3549,0,3549,451,0,451,0,0,0,0,0,0,6000,6000,0,0.6464124299999839,0.2693385124999933,0.6884000000000013,10000,0.3713482043904725,6000,6000,0.2821434535175324,5156,0.4084657490131035,0.31034784088307354,0.6896521591169265,0.3305,0.1263222954955711,2.950463056564331,frozen_v8_calibrated_2x2_semantic_replay,0,14000,0,assigned_level_sensitivity,dynamic,periodic,0.0,False,True,0.0,0.0,0.0,0
HBTASP-Dynamic,24000,10000,0,,0,0,100,6,1000,404,,6000,0,0.0,6000,6000,0,0,0,0,0,0,1.0,0.0,0.0,0.0,10000,6000,4000,3547,0,3547,453,0,453,0,0,0,0,0,0,6000,6000,0,0.6464202899999839,0.2693417874999933,0.6884000000000013,10000,0.3714293114572814,6000,6000,0.28479682435344367,5171,0.40903936574021627,0.3108666182384715,0.6891333817615285,0.3268333333333333,0.1242425413867726,2.9393863677978516,frozen_v8_calibrated_2x2_semantic_replay,0,14000,0,assigned_level_sensitivity,dynamic,periodic,0.0,False,True,0.0,0.0,0.0,0
HBTASP-Dynamic,24000,10000,0,,0,0,100,6,1000,505,,6000,0,0.0,6000,6000,0,0,0,0,0,0,1.0,0.0,0.0,0.0,10000,6000,4000,3550,0,3550,450,0,450,0,0,0,0,0,0,6000,6000,0,0.646408499999984,0.2693368749999933,0.6884000000000013,10000,0.3712721559057361,6000,6000,0.2864166223964191,5139,0.41403116816997165,0.3182156160844801,0.6817843839155199,0.32216666666666666,0.12761454577355258,2.6138076782226562,frozen_v8_calibrated_2x2_semantic_replay,0,14000,0,assigned_level_sensitivity,dynamic,periodic,0.0,False,True,0.0,0.0,0.0,0
HBTASP-Dynamic,24000,10000,0,,0,0,100,6,1000,606,,6000,0,0.0,6000,6000,0,0,0,0,0,0,1.0,0.0,0.0,0.0,10000,6000,4000,3550,0,3550,450,0,450,0,0,0,0,0,0,6000,6000,0,0.646408499999984,0.2693368749999933,0.6884000000000013,10000,0.37106571516721376,6000,6000,0.28405797607567734,5176,0.41091295191337446,0.3091699691448159,0.690830030855184,0.32466666666666666,0.12685497583769711,2.547224521636963,frozen_v8_calibrated_2x2_semantic_replay,0,14000,0,assigned_level_sensitivity,dynamic,periodic,0.0,False,True,0.0,0.0,0.0,0
HBTASP-Dynamic,24000,10000,0,,0,0,100,6,1000,707,,6000,0,0.0,6000,6000,0,0,0,0,0,0,1.0,0.0,0.0,0.0,10000,6000,4000,3548,0,3548,452,0,452,0,0,0,0,0,0,6000,6000,0,0.6464163599999839,0.26934014999999334,0.6884000000000013,10000,0.3713435648443448,6000,6000,0.2861214934327028,5180,0.41084407270828843,0.3121903089593013,0.6878096910406988,0.3255,0.12472257927558561,2.6173095703125,frozen_v8_calibrated_2x2_semantic_replay,0,14000,0,assigned_level_sensitivity,dynamic,periodic,0.0,False,True,0.0,0.0,0.0,0
HBTASP-Dynamic,24000,10000,0,,0,0,100,6,1000,808,,6000,0,0.0,6000,6000,0,0,0,0,0,0,1.0,0.0,0.0,0.0,10000,6000,4000,3547,0,3547,453,0,453,0,0,0,0,0,0,6000,6000,0,0.6464202899999839,0.2693417874999933,0.6884000000000013,10000,0.3713652569633069,6000,6000,0.2888231536111575,5190,0.41106484244000124,0.31992925186351423,0.6800707481364858,0.3253333333333333,0.12224168882884373,2.639394998550415,frozen_v8_calibrated_2x2_semantic_replay,0,14000,0,assigned_level_sensitivity,dynamic,periodic,0.0,False,True,0.0,0.0,0.0,0
HBTASP-Dynamic,24000,10000,0,,0,0,100,6,1000,909,,6000,0,0.0,6000,6000,0,0,0,0,0,0,1.0,0.0,0.0,0.0,10000,6000,4000,3549,0,3549,451,0,451,0,0,0,0,0,0,6000,6000,0,0.6464124299999839,0.2693385124999933,0.6884000000000013,10000,0.37127413651329794,6000,6000,0.28534504083987267,5188,0.4096745877736424,0.31492270625414726,0.6850772937458527,0.322,0.12432954693376974,2.6491732597351074,frozen_v8_calibrated_2x2_semantic_replay,0,14000,0,assigned_level_sensitivity,dynamic,periodic,0.0,False,True,0.0,0.0,0.0,0
HBTASP-Dynamic,24000,10000,0,,0,0,100,6,1000,1010,,6000,0,0.0,6000,6000,0,0,0,0,0,0,1.0,0.0,0.0,0.0,10000,6000,4000,3548,0,3548,452,0,452,0,0,0,0,0,0,6000,6000,0,0.6464163599999839,0.26934014999999334,0.6884000000000013,10000,0.37143861950518303,6000,6000,0.28583979985161,5177,0.4089221702298334,0.3103548952000504,0.6896451047999497,0.32666666666666666,0.1230823703782234,2.687525510787964,frozen_v8_calibrated_2x2_semantic_replay,0,14000,0,assigned_level_sensitivity,dynamic,periodic,0.0,False,True,0.0,0.0,0.0,0
HBTASP-Dynamic,32000,10000,0,,0,0,100,8,1000,101,,8000,2000,0.25,8000,6000,0,0,2000,0,2000,2000,0.75,0.25,0.0,0.0,10000,6000,4000,3547,0,3547,453,0,453,0,0,0,0,0,0,6000,6000,0,0.6464202899999839,0.20200634062499498,0.516300000000001,10000,0.28195886611744947,8000,8000,0.21638685118051704,5476,0.4016916167257847,0.23426989488422031,0.7657301051157797,0.478,0.18530476554526765,3.566387176513672,frozen_v8_calibrated_2x2_semantic_replay,2000,20000,0,assigned_level_sensitivity,dynamic,periodic,0.0,False,True,0.0,0.0,0.0,0
HBTASP-Dynamic,32000,10000,0,,0,0,100,8,1000,202,,8000,2000,0.25,8000,6000,0,0,2000,0,2000,2000,0.75,0.25,0.0,0.0,10000,6000,4000,3546,0,3546,454,0,454,0,0,0,0,0,0,6000,6000,0,0.646424219999984,0.20200756874999498,0.516300000000001,10000,0.28234993225671023,8000,8000,0.21483148016426531,5361,0.4052169129396313,0.22780805467270127,0.7721919453272987,0.484375,0.190385432775366,4.247072458267212,frozen_v8_calibrated_2x2_semantic_replay,2000,20000,0,assigned_level_sensitivity,dynamic,periodic,0.0,False,True,0.0,0.0,0.0,0
HBTASP-Dynamic,32000,10000,0,,0,0,100,8,1000,303,,8000,2000,0.25,8000,6000,0,0,2000,0,2000,2000,0.75,0.25,0.0,0.0,10000,6000,4000,3549,0,3549,451,0,451,0,0,0,0,0,0,6000,6000,0,0.6464124299999839,0.20200388437499497,0.516300000000001,10000,0.28131434560186747,8000,8000,0.21398866596853583,5389,0.40403165913279954,0.22988599062928436,0.7701140093707156,0.482375,0.1900429931642637,3.4768753051757812,frozen_v8_calibrated_2x2_semantic_replay,2000,20000,0,assigned_level_sensitivity,dynamic,periodic,0.0,False,True,0.0,0.0,0.0,0
HBTASP-Dynamic,32000,10000,0,,0,0,100,8,1000,404,,8000,2000,0.25,8000,6000,0,0,2000,0,2000,2000,0.75,0.25,0.0,0.0,10000,6000,4000,3547,0,3547,453,0,453,0,0,0,0,0,0,6000,6000,0,0.6464202899999839,0.20200634062499498,0.516300000000001,10000,0.2809718512000162,8000,8000,0.20822008276993545,5370,0.390377256109193,0.22930155214481046,0.7706984478551895,0.49,0.18215717333925754,3.4768123626708984,frozen_v8_calibrated_2x2_semantic_replay,2000,20000,0,assigned_level_sensitivity,dynamic,periodic,0.0,False,True,0.0,0.0,0.0,0
HBTASP-Dynamic,32000,10000,0,,0,0,100,8,1000,505,,8000,2000,0.25,8000,6000,0,0,2000,0,2000,2000,0.75,0.25,0.0,0.0,10000,6000,4000,3547,0,3547,453,0,453,0,0,0,0,0,0,6000,6000,0,0.6464202899999839,0.20200634062499498,0.516300000000001,10000,0.28155525638008666,8000,8000,0.21082511057606257,5298,0.4024436209010948,0.2269121066174219,0.7730878933825781,0.486875,0.19161851032503224,3.9221601486206055,frozen_v8_calibrated_2x2_semantic_replay,2000,20000,0,assigned_level_sensitivity,dynamic,periodic,0.0,False,True,0.0,0.0,0.0,0
HBTASP-Dynamic,32000,10000,0,,0,0,100,8,1000,606,,8000,2000,0.25,8000,6000,0,0,2000,0,2000,2000,0.75,0.25,0.0,0.0,10000,6000,4000,3547,0,3547,453,0,453,0,0,0,0,0,0,6000,6000,0,0.6464202899999839,0.20200634062499498,0.516300000000001,10000,0.2804554653626952,8000,8000,0.21682343884831684,5457,0.398675091689466,0.2293617903106408,0.7706382096893591,0.479,0.18185165284114918,3.394805908203125,frozen_v8_calibrated_2x2_semantic_replay,2000,20000,0,assigned_level_sensitivity,dynamic,periodic,0.0,False,True,0.0,0.0,0.0,0
HBTASP-Dynamic,32000,10000,0,,0,0,100,8,1000,707,,8000,2000,0.25,8000,6000,0,0,2000,0,2000,2000,0.75,0.25,0.0,0.0,10000,6000,4000,3548,0,3548,452,0,452,0,0,0,0,0,0,6000,6000,0,0.6464163599999839,0.202005112499995,0.516300000000001,10000,0.282657290211749,8000,8000,0.21417608469128777,5467,0.39648243478381484,0.23275410625128432,0.7672458937487157,0.482,0.18230635009252708,3.395643472671509,frozen_v8_calibrated_2x2_semantic_replay,2000,20000,0,assigned_level_sensitivity,dynamic,periodic,0.0,False,True,0.0,0.0,0.0,0
HBTASP-Dynamic,32000,10000,0,,0,0,100,8,1000,808,,8000,2000,0.25,8000,6000,0,0,2000,0,2000,2000,0.75,0.25,0.0,0.0,10000,6000,4000,3549,0,3549,451,0,451,0,0,0,0,0,0,6000,6000,0,0.6464124299999839,0.20200388437499497,0.516300000000001,10000,0.2819001011780664,8000,8000,0.21582652930666002,5430,0.39914804716345526,0.23096947395786582,0.7690305260421342,0.48325,0.18332151785679524,3.352039337158203,frozen_v8_calibrated_2x2_semantic_replay,2000,20000,0,assigned_level_sensitivity,dynamic,periodic,0.0,False,True,0.0,0.0,0.0,0
HBTASP-Dynamic,32000,10000,0,,0,0,100,8,1000,909,,8000,2000,0.25,8000,6000,0,0,2000,0,2000,2000,0.75,0.25,0.0,0.0,10000,6000,4000,3548,0,3548,452,0,452,0,0,0,0,0,0,6000,6000,0,0.6464163599999839,0.202005112499995,0.516300000000001,10000,0.28205310135016803,8000,8000,0.21711205462468974,5496,0.40183185070169875,0.22843574120319804,0.7715642587968019,0.476,0.184719796077009,3.3848166465759277,frozen_v8_calibrated_2x2_semantic_replay,2000,20000,0,assigned_level_sensitivity,dynamic,periodic,0.0,False,True,0.0,0.0,0.0,0
HBTASP-Dynamic,32000,10000,0,,0,0,100,8,1000,1010,,8000,2000,0.25,8000,6000,0,0,2000,0,2000,2000,0.75,0.25,0.0,0.0,10000,6000,4000,3549,0,3549,451,0,451,0,0,0,0,0,0,6000,6000,0,0.6464124299999839,0.20200388437499497,0.516300000000001,10000,0.282371193408938,8000,8000,0.21933462973534854,5408,0.4062895902812889,0.2366149435491163,0.7633850564508837,0.475375,0.18695496054594038,3.3545775413513184,frozen_v8_calibrated_2x2_semantic_replay,2000,20000,0,assigned_level_sensitivity,dynamic,periodic,0.0,False,True,0.0,0.0,0.0,0
HBTASP-Dynamic,40000,10000,0,,0,0,100,10,1000,101,,10000,4000,0.4,10000,6000,0,0,4000,0,4000,4000,0.6,0.4,0.0,0.0,10000,6000,4000,3547,0,3547,453,0,453,0,0,0,0,0,0,6000,6000,0,0.6464202899999839,0.16160507249999598,0.4130400000000008,10000,0.2271748997628606,10000,10000,0.17819243826129696,5932,0.3885495086738688,0.18476021490513023,0.8152397850948698,0.557,0.21035707041257182,5.028845548629761,frozen_v8_calibrated_2x2_semantic_replay,4000,26000,0,assigned_level_sensitivity,dynamic,periodic,0.0,False,True,0.0,0.0,0.0,0
HBTASP-Dynamic,40000,10000,0,,0,0,100,10,1000,202,,10000,4000,0.4,10000,6000,0,0,4000,0,4000,4000,0.6,0.4,0.0,0.0,10000,6000,4000,3547,0,3547,453,0,453,0,0,0,0,0,0,6000,6000,0,0.6464202899999839,0.16160507249999598,0.4130400000000008,10000,0.23005076178067244,10000,10000,0.18703609140732547,5763,0.4212704135995781,0.19469735578922312,0.8053026442107769,0.554,0.23423432219225265,4.684750318527222,frozen_v8_calibrated_2x2_semantic_replay,4000,26000,0,assigned_level_sensitivity,dynamic,periodic,0.0,False,True,0.0,0.0,0.0,0
HBTASP-Dynamic,40000,10000,0,,0,0,100,10,1000,303,,10000,4000,0.4,10000,6000,0,0,4000,0,4000,4000,0.6,0.4,0.0,0.0,10000,6000,4000,3547,0,3547,453,0,453,0,0,0,0,0,0,6000,6000,0,0.6464202899999839,0.16160507249999598,0.4130400000000008,10000,0.22670362702249747,10000,10000,0.16073382209611345,5618,0.3747871739168514,0.1677025508712418,0.8322974491287582,0.598,0.21405335182073795,4.833798170089722,frozen_v8_calibrated_2x2_semantic_replay,4000,26000,0,assigned_level_sensitivity,dynamic,periodic,0.0,False,True,0.0,0.0,0.0,0
HBTASP-Dynamic,40000,10000,0,,0,0,100,10,1000,404,,10000,4000,0.4,10000,6000,0,0,4000,0,4000,4000,0.6,0.4,0.0,0.0,10000,6000,4000,3547,0,3547,453,0,453,0,0,0,0,0,0,6000,6000,0,0.6464202899999839,0.16160507249999598,0.4130400000000008,10000,0.22714620668155414,10000,10000,0.16473602154273648,5649,0.39253201576792257,0.18893479346567205,0.811065206534328,0.5728,0.2277959942251861,5.243731737136841,frozen_v8_calibrated_2x2_semantic_replay,4000,26000,0,assigned_level_sensitivity,dynamic,periodic,0.0,False,True,0.0,0.0,0.0,0
HBTASP-Dynamic,40000,10000,0,,0,0,100,10,1000,505,,10000,4000,0.4,10000,6000,0,0,4000,0,4000,4000,0.6,0.4,0.0,0.0,10000,6000,4000,3547,0,3547,453,0,453,0,0,0,0,0,0,6000,6000,0,0.6464202899999839,0.16160507249999598,0.4130400000000008,10000,0.22886928020849903,10000,10000,0.16273698626663316,5709,0.3827345154436057,0.18128939204096653,0.8187106079590335,0.58,0.21999752917697254,4.9360129833221436,frozen_v8_calibrated_2x2_semantic_replay,4000,26000,0,assigned_level_sensitivity,dynamic,periodic,0.0,False,True,0.0,0.0,0.0,0
HBTASP-Dynamic,40000,10000,0,,0,0,100,10,1000,606,,10000,4000,0.4,10000,6000,0,0,4000,0,4000,4000,0.6,0.4,0.0,0.0,10000,6000,4000,3549,0,3549,451,0,451,0,0,0,0,0,0,6000,6000,0,0.6464124299999839,0.16160310749999598,0.4130400000000008,10000,0.2276227864621112,10000,10000,0.17255459082764002,5849,0.38139377949747627,0.17242279561798743,0.8275772043820125,0.5688,0.20883918866983625,5.737305164337158,frozen_v8_calibrated_2x2_semantic_replay,4000,26000,0,assigned_level_sensitivity,dynamic,periodic,0.0,False,True,0.0,0.0,0.0,0
HBTASP-Dynamic,40000,10000,0,,0,0,100,10,1000,707,,10000,4000,0.4,10000,6000,0,0,4000,0,4000,4000,0.6,0.4,0.0,0.0,10000,6000,4000,3548,0,3548,452,0,452,0,0,0,0,0,0,6000,6000,0,0.6464163599999839,0.16160408999999598,0.4130400000000008,10000,0.22856334887909818,10000,10000,0.17851813712622758,5921,0.38642279153697334,0.1901035900689834,0.8098964099310166,0.562,0.20790465441074577,5.6490888595581055,frozen_v8_calibrated_2x2_semantic_replay,4000,26000,0,assigned_level_sensitivity,dynamic,periodic,0.0,False,True,0.0,0.0,0.0,0
HBTASP-Dynamic,40000,10000,0,,0,0,100,10,1000,808,,10000,4000,0.4,10000,6000,0,0,4000,0,4000,4000,0.6,0.4,0.0,0.0,10000,6000,4000,3546,0,3546,454,0,454,0,0,0,0,0,0,6000,6000,0,0.646424219999984,0.161606054999996,0.4130400000000008,10000,0.2274107936876682,10000,10000,0.18470946178832404,5890,0.40115590785508054,0.20604507020288657,0.7939549297971135,0.566,0.2164464460667565,5.374690771102905,frozen_v8_calibrated_2x2_semantic_replay,4000,26000,0,assigned_level_sensitivity,dynamic,periodic,0.0,False,True,0.0,0.0,0.0,0
HBTASP-Dynamic,40000,10000,0,,0,0,100,10,1000,909,,10000,4000,0.4,10000,6000,0,0,4000,0,4000,4000,0.6,0.4,0.0,0.0,10000,6000,4000,3547,0,3547,453,0,453,0,0,0,0,0,0,6000,6000,0,0.6464202899999839,0.16160507249999598,0.4130400000000008,10000,0.22711834492394523,10000,10000,0.17603350519382555,5920,0.3865755430130528,0.18526598264382502,0.814734017356175,0.557,0.21054203781922726,4.450754642486572,frozen_v8_calibrated_2x2_semantic_replay,4000,26000,0,assigned_level_sensitivity,dynamic,periodic,0.0,False,True,0.0,0.0,0.0,0
HBTASP-Dynamic,40000,10000,0,,0,0,100,10,1000,1010,,10000,4000,0.4,10000,6000,0,0,4000,0,4000,4000,0.6,0.4,0.0,0.0,10000,6000,4000,3546,0,3546,454,0,454,0,0,0,0,0,0,6000,6000,0,0.646424219999984,0.161606054999996,0.4130400000000008,10000,0.22954654991741627,10000,10000,0.16738555768635888,5820,0.3738002124674786,0.1777560900461101,0.8222439099538899,0.58,0.2064146547811197,4.351504325866699,frozen_v8_calibrated_2x2_semantic_replay,4000,26000,0,assigned_level_sensitivity,dynamic,periodic,0.0,False,True,0.0,0.0,0.0,0
HBTASP-Dynamic,16000,15384,0,,0,0,150,4,1000,101,,4000,0,0.0,4000,4000,0,0,0,0,0,0,1.0,0.0,0.0,0.0,15384,4000,11384,3306,0,3306,3520,0,3520,270,0,270,3409,0,3409,4879,4000,879,0.6446605304211538,0.6198410999999394,0.6884000000000013,15384,0.6404960716705087,4000,4000,0.47305343388632043,3992,0.4809935161686101,0.6287099662703364,0.3712900337296636,0.074,0.007940082282289651,2.515228271484375,frozen_v8_calibrated_2x2_semantic_replay,0,616,0,assigned_level_sensitivity,dynamic,periodic,0.0,False,True,0.0,0.0,0.0,0
HBTASP-Dynamic,16000,15342,0,,0,0,150,4,1000,202,,4000,0,0.0,4000,4000,0,0,0,0,0,0,1.0,0.0,0.0,0.0,15342,4000,11342,3313,0,3313,3413,0,3413,270,0,270,3526,0,3526,4820,4000,820,0.6448623321600211,0.6183423687499402,0.6884000000000013,15342,0.6409000560869595,4000,4000,0.47546527876051586,3992,0.48236833892269215,0.6311553071282011,0.3688446928717989,0.078,0.006903060162176289,2.587981939315796,frozen_v8_calibrated_2x2_semantic_replay,0,658,0,assigned_level_sensitivity,dynamic,periodic,0.0,False,True,0.0,0.0,0.0,0
HBTASP-Dynamic,16000,15320,0,,0,0,150,4,1000,303,,4000,0,0.0,4000,4000,0,0,0,0,0,0,1.0,0.0,0.0,0.0,15320,4000,11320,3396,0,3396,3455,0,3455,250,0,250,3300,0,3300,4919,4000,919,0.6442999412532001,0.6169171937499391,0.6884000000000013,15320,0.6393159676691442,4000,4000,0.4803864463869333,4000,0.48526003012386193,0.6277184912921978,0.3722815087078022,0.07775,0.004873583736928644,2.923234224319458,frozen_v8_calibrated_2x2_semantic_replay,0,680,0,assigned_level_sensitivity,dynamic,periodic,0.0,False,True,0.0,0.0,0.0,0
HBTASP-Dynamic,16000,15256,0,,0,0,150,4,1000,404,,4000,0,0.0,4000,4000,0,0,0,0,0,0,1.0,0.0,0.0,0.0,15256,4000,11256,3220,0,3220,3406,0,3406,188,0,188,3474,0,3474,4968,4000,968,0.6456065679076449,0.6155858624999395,0.6884000000000013,15256,0.6386918780424199,4000,4000,0.4776385352545064,3992,0.48565381128887164,0.6184517976391626,0.3815482023608374,0.082,0.008015276034365248,3.1370127201080322,frozen_v8_calibrated_2x2_semantic_replay,0,744,0,assigned_level_sensitivity,dynamic,periodic,0.0,False,True,0.0,0.0,0.0,0
HBTASP-Dynamic,16000,15368,0,,0,0,150,4,1000,505,,4000,0,0.0,4000,4000,0,0,0,0,0,0,1.0,0.0,0.0,0.0,15368,4000,11368,3225,0,3225,3558,0,3558,155,0,155,3541,0,3541,4889,4000,889,0.6452174973971261,0.6197314062499396,0.6884000000000013,15368,0.6417309234711679,4000,4000,0.4757946225542319,3984,0.48470040601479,0.6277983520675935,0.3722016479324065,0.072,0.008905783460558092,2.766777753829956,frozen_v8_calibrated_2x2_semantic_replay,0,632,0,assigned_level_sensitivity,dynamic,periodic,0.0,False,True,0.0,0.0,0.0,0
HBTASP-Dynamic,16000,15296,0,,0,0,150,4,1000,606,,4000,0,0.0,4000,4000,0,0,0,0,0,0,1.0,0.0,0.0,0.0,15296,4000,11296,3078,0,3078,3556,0,3556,287,0,287,3548,0,3548,4827,4000,827,0.6456854275627015,0.6172752687499428,0.6884000000000013,15296,0.6408829006790866,4000,4000,0.47479938114019915,3984,0.4833944091936123,0.6259617396926538,0.3740382603073462,0.072,0.008595028053413167,2.993169069290161,frozen_v8_calibrated_2x2_semantic_replay,0,704,0,assigned_level_sensitivity,dynamic,periodic,0.0,False,True,0.0,0.0,0.0,0
HBTASP-Dynamic,16000,15376,0,,0,0,150,4,1000,707,,4000,0,0.0,4000,4000,0,0,0,0,0,0,1.0,0.0,0.0,0.0,15376,4000,11376,3448,0,3448,3296,0,3296,246,0,246,3570,0,3570,4816,4000,816,0.6445565686783953,0.6194188624999378,0.6884000000000013,15376,0.6411215307501575,4000,4000,0.47843985395833266,3976,0.48778609442818077,0.6272640854378209,0.37273591456217914,0.069,0.00934624046984811,3.2042932510375977,frozen_v8_calibrated_2x2_semantic_replay,0,624,0,assigned_level_sensitivity,dynamic,periodic,0.0,False,True,0.0,0.0,0.0,0
HBTASP-Dynamic,16000,15368,0,,0,0,150,4,1000,808,,4000,0,0.0,4000,4000,0,0,0,0,0,0,1.0,0.0,0.0,0.0,15368,4000,11368,3234,0,3234,3638,0,3638,232,0,232,3437,0,3437,4827,4000,827,0.6446707704320047,0.6192062749999405,0.6884000000000013,15368,0.6396878237065459,4000,4000,0.4749789445029068,3976,0.4844928133057453,0.6238679263712295,0.37613207362877055,0.07975,0.009513868802838499,2.6030354499816895,frozen_v8_calibrated_2x2_semantic_replay,0,632,0,assigned_level_sensitivity,dynamic,periodic,0.0,False,True,0.0,0.0,0.0,0
HBTASP-Dynamic,16000,15360,0,,0,0,150,4,1000,909,,4000,0,0.0,4000,4000,0,0,0,0,0,0,1.0,0.0,0.0,0.0,15360,4000,11360,3390,0,3390,3304,0,3304,314,0,314,3545,0,3545,4807,4000,807,0.6447164322916027,0.6189277749999386,0.6884000000000013,15360,0.639108478760699,4000,4000,0.4751976629873165,3976,0.48606443507441316,0.6246011185577772,0.3753988814422228,0.074,0.010866772087096632,2.6910901069641113,frozen_v8_calibrated_2x2_semantic_replay,0,640,0,assigned_level_sensitivity,dynamic,periodic,0.0,False,True,0.0,0.0,0.0,0
HBTASP-Dynamic,16000,15424,0,,0,0,150,4,1000,1010,,4000,0,0.0,4000,4000,0,0,0,0,0,0,1.0,0.0,0.0,0.0,15424,4000,11424,3454,0,3454,3400,0,3400,159,0,159,3540,0,3540,4871,4000,871,0.6444576179978592,0.6212571437499362,0.6884000000000013,15424,0.6419307382468226,4000,4000,0.4759048880018052,3984,0.48372842643659203,0.6267477980433811,0.3732522019566189,0.06825,0.007823538434786836,2.552579164505005,frozen_v8_calibrated_2x2_semantic_replay,0,576,0,assigned_level_sensitivity,dynamic,periodic,0.0,False,True,0.0,0.0,0.0,0
HBTASP-Dynamic,24000,21684,0,,0,0,150,6,1000,101,,6000,0,0.0,6000,6000,0,0,0,0,0,0,1.0,0.0,0.0,0.0,21684,6000,15684,15231,0,15231,405,0,405,20,0,20,24,0,24,6004,6000,4,0.6101894530527299,0.5513061708331414,0.6884000000000013,21684,0.5937483996662029,6000,6000,0.4200422586368906,5872,0.4397264490420965,0.610032762253747,0.38996723774625297,0.108,0.019684190405205915,3.518066644668579,frozen_v8_calibrated_2x2_semantic_replay,0,2316,0,assigned_level_sensitivity,dynamic,periodic,0.0,False,True,0.0,0.0,0.0,0
HBTASP-Dynamic,24000,21684,0,,0,0,150,6,1000,202,,6000,0,0.0,6000,6000,0,0,0,0,0,0,1.0,0.0,0.0,0.0,21684,6000,15684,15142,0,15142,494,0,494,32,0,32,16,0,16,6000,6000,0,0.6103319221543725,0.5514348916664755,0.6884000000000013,21684,0.5939265711472506,6000,6000,0.4248441530292723,5856,0.44373950555774483,0.6223738673699938,0.3776261326300062,0.108,0.01889535252847252,3.7013087272644043,frozen_v8_calibrated_2x2_semantic_replay,0,2316,0,assigned_level_sensitivity,dynamic,periodic,0.0,False,True,0.0,0.0,0.0,0
HBTASP-Dynamic,24000,21744,0,,0,0,150,6,1000,303,,6000,0,0.0,6000,6000,0,0,0,0,0,0,1.0,0.0,0.0,0.0,21744,6000,15744,15353,0,15353,341,0,341,28,0,28,22,0,22,6000,6000,0,0.6099828964309858,0.5526445041664731,0.6884000000000013,21744,0.5940451637111823,6000,6000,0.423069829454623,5896,0.4413664203522156,0.6113152535653974,0.3886847464346026,0.10333333333333333,0.018296590897592613,3.6973893642425537,frozen_v8_calibrated_2x2_semantic_replay,0,2256,0,assigned_level_sensitivity,dynamic,periodic,0.0,False,True,0.0,0.0,0.0,0
HBTASP-Dynamic,24000,21704,0,,0,0,150,6,1000,404,,6000,0,0.0,6000,6000,0,0,0,0,0,0,1.0,0.0,0.0,0.0,21704,6000,15704,15229,0,15229,419,0,419,16,0,16,40,0,40,6000,6000,0,0.6102231984885458,0.5518451791664749,0.6884000000000013,21704,0.5940804406676216,6000,6000,0.420664172550194,5876,0.4392512999303266,0.6106033445347919,0.3893966554652081,0.11333333333333333,0.018587127380132573,3.5810375213623047,frozen_v8_calibrated_2x2_semantic_replay,0,2296,0,assigned_level_sensitivity,dynamic,periodic,0.0,False,True,0.0,0.0,0.0,0
HBTASP-Dynamic,24000,21708,0,,0,0,150,6,1000,505,,6000,0,0.0,6000,6000,0,0,0,0,0,0,1.0,0.0,0.0,0.0,21708,6000,15708,15254,0,15254,402,0,402,24,0,24,28,0,28,6000,6000,0,0.610158697254256,0.5518885416664745,0.6884000000000013,21708,0.5947321279322468,6000,6000,0.42141078862743536,5876,0.44172155409943276,0.6118739595912788,0.38812604040872123,0.10466666666666667,0.020310765471997394,3.4880809783935547,frozen_v8_calibrated_2x2_semantic_replay,0,2292,0,assigned_level_sensitivity,dynamic,periodic,0.0,False,True,0.0,0.0,0.0,0
HBTASP-Dynamic,24000,21699,0,,0,0,150,6,1000,606,,6000,0,0.0,6000,6000,0,0,0,0,0,0,1.0,0.0,0.0,0.0,21699,6000,15699,15119,0,15119,552,0,552,12,0,12,16,0,16,6000,6000,0,0.6103553066959498,0.5518374916664757,0.6884000000000013,21699,0.5945589320523079,6000,6000,0.4210612885164216,5868,0.4414564442003207,0.6067430876554454,0.3932569123445546,0.10866666666666666,0.020395155683899102,3.5712718963623047,frozen_v8_calibrated_2x2_semantic_replay,0,2301,0,assigned_level_sensitivity,dynamic,periodic,0.0,False,True,0.0,0.0,0.0,0
HBTASP-Dynamic,24000,21736,0,,0,0,150,6,1000,707,,6000,0,0.0,6000,6000,0,0,0,0,0,0,1.0,0.0,0.0,0.0,21736,6000,15736,15272,0,15272,432,0,432,16,0,16,16,0,16,6000,6000,0,0.6100969451598905,0.5525444666664742,0.6884000000000013,21736,0.594805384520997,6000,6000,0.4241081768458016,5883,0.4442365587951584,0.6075831695728942,0.39241683042710584,0.10216666666666667,0.02012838194935679,3.4784984588623047,frozen_v8_calibrated_2x2_semantic_replay,0,2264,0,assigned_level_sensitivity,dynamic,periodic,0.0,False,True,0.0,0.0,0.0,0
HBTASP-Dynamic,24000,21704,0,,0,0,150,6,1000,808,,6000,0,0.0,6000,6000,0,0,0,0,0,0,1.0,0.0,0.0,0.0,21704,6000,15704,15241,0,15241,415,0,415,16,0,16,32,0,32,6000,6000,0,0.610181307592858,0.5518072958331414,0.6884000000000013,21704,0.5944255389767125,6000,6000,0.4238507520332626,5864,0.443592675373876,0.6192296683113735,0.3807703316886265,0.10333333333333333,0.019741923340613365,3.3844265937805176,frozen_v8_calibrated_2x2_semantic_replay,0,2296,0,assigned_level_sensitivity,dynamic,periodic,0.0,False,True,0.0,0.0,0.0,0
HBTASP-Dynamic,24000,21700,0,,0,0,150,6,1000,909,,6000,0,0.0,6000,6000,0,0,0,0,0,0,1.0,0.0,0.0,0.0,21700,6000,15700,15194,0,15194,470,0,470,8,0,8,28,0,28,6000,6000,0,0.6102453364053184,0.5517634916664754,0.6884000000000013,21700,0.594185474643588,6000,6000,0.4239250395581573,5880,0.4435724788985808,0.6169413014611737,0.38305869853882635,0.106,0.01964743934042351,3.4452388286590576,frozen_v8_calibrated_2x2_semantic_replay,0,2300,0,assigned_level_sensitivity,dynamic,periodic,0.0,False,True,0.0,0.0,0.0,0
HBTASP-Dynamic,24000,21676,0,,0,0,150,6,1000,1010,,6000,0,0.0,6000,6000,0,0,0,0,0,0,1.0,0.0,0.0,0.0,21676,6000,15676,15128,0,15128,496,0,496,16,0,16,36,0,36,6000,6000,0,0.6103857907360871,0.5512800999998093,0.6884000000000013,21676,0.5937076874983443,6000,6000,0.4220797190208091,5872,0.4415997182425039,0.6124475160877579,0.38755248391224206,0.10866666666666666,0.019519999221694784,3.6020872592926025,frozen_v8_calibrated_2x2_semantic_replay,0,2324,0,assigned_level_sensitivity,dynamic,periodic,0.0,False,True,0.0,0.0,0.0,0
HBTASP-Dynamic,32000,17000,0,,0,0,150,8,1000,101,,8000,0,0.0,8000,8000,0,0,0,0,0,0,1.0,0.0,0.0,0.0,17000,8000,9000,7056,0,7056,1944,0,1944,0,0,0,0,0,0,8000,8000,0,0.6349764235292584,0.3373312249999186,0.6884000000000013,17000,0.43805844611964,8000,8000,0.3364774895519376,7224,0.4277114788339743,0.4042906265395686,0.5957093734604314,0.253,0.09123398928203669,3.7391281127929688,frozen_v8_calibrated_2x2_semantic_replay,0,15000,0,assigned_level_sensitivity,dynamic,periodic,0.0,False,True,0.0,0.0,0.0,0
HBTASP-Dynamic,32000,17000,0,,0,0,150,8,1000,202,,8000,0,0.0,8000,8000,0,0,0,0,0,0,1.0,0.0,0.0,0.0,17000,8000,9000,7154,0,7154,1846,0,1846,0,0,0,0,0,0,8000,8000,0,0.634749870588081,0.337210868749918,0.6884000000000013,17000,0.4380608634391224,8000,8000,0.3388341528697265,7272,0.4293097164223281,0.4079018770198048,0.5920981229801952,0.243,0.09047556355260161,3.794220209121704,frozen_v8_calibrated_2x2_semantic_replay,0,15000,0,assigned_level_sensitivity,dynamic,periodic,0.0,False,True,0.0,0.0,0.0,0
HBTASP-Dynamic,32000,17000,0,,0,0,150,8,1000,303,,8000,0,0.0,8000,8000,0,0,0,0,0,0,1.0,0.0,0.0,0.0,17000,8000,9000,7027,0,7027,1973,0,1973,0,0,0,0,0,0,8000,8000,0,0.6350434647057295,0.3373668406249188,0.6884000000000013,17000,0.43805640048588024,8000,8000,0.3444900937343058,7336,0.4328023209650542,0.4078930316481525,0.5921069683518475,0.233,0.08831222723074844,3.8710711002349854,frozen_v8_calibrated_2x2_semantic_replay,0,15000,0,assigned_level_sensitivity,dynamic,periodic,0.0,False,True,0.0,0.0,0.0,0
HBTASP-Dynamic,32000,17000,0,,0,0,150,8,1000,404,,8000,0,0.0,8000,8000,0,0,0,0,0,0,1.0,0.0,0.0,0.0,17000,8000,9000,7073,0,7073,1927,0,1927,0,0,0,0,0,0,8000,8000,0,0.6349371235292582,0.3373103468749184,0.6884000000000013,17000,0.4382547566205676,8000,8000,0.33794473727734087,7280,0.4264586758455219,0.39962788443602815,0.6003721155639719,0.245,0.08851393856818102,4.5477190017700195,frozen_v8_calibrated_2x2_semantic_replay,0,15000,0,assigned_level_sensitivity,dynamic,periodic,0.0,False,True,0.0,0.0,0.0,0
HBTASP-Dynamic,32000,17000,0,,0,0,150,8,1000,505,,8000,0,0.0,8000,8000,0,0,0,0,0,0,1.0,0.0,0.0,0.0,17000,8000,9000,7134,0,7134,1866,0,1866,0,0,0,0,0,0,8000,8000,0,0.6347961058821987,0.33723543124991806,0.6884000000000013,17000,0.437871596459548,8000,8000,0.33261863138693876,7248,0.4229094777124354,0.38952300295308684,0.6104769970469132,0.255,0.09029084632549667,4.644304990768433,frozen_v8_calibrated_2x2_semantic_replay,0,15000,0,assigned_level_sensitivity,dynamic,periodic,0.0,False,True,0.0,0.0,0.0,0
HBTASP-Dynamic,32000,17000,0,,0,0,150,8,1000,606,,8000,0,0.0,8000,8000,0,0,0,0,0,0,1.0,0.0,0.0,0.0,17000,8000,9000,7032,0,7032,1968,0,1968,0,0,0,0,0,0,8000,8000,0,0.6350319058821999,0.33736069999991875,0.6884000000000013,17000,0.4379064215747365,8000,8000,0.3347177288062254,7248,0.4238257160792845,0.39316072772855964,0.6068392722714404,0.251,0.08910798727305907,4.347471237182617,frozen_v8_calibrated_2x2_semantic_replay,0,15000,0,assigned_level_sensitivity,dynamic,periodic,0.0,False,True,0.0,0.0,0.0,0
HBTASP-Dynamic,32000,17000,0,,0,0,150,8,1000,707,,8000,0,0.0,8000,8000,0,0,0,0,0,0,1.0,0.0,0.0,0.0,17000,8000,9000,7082,0,7082,1918,0,1918,0,0,0,0,0,0,8000,8000,0,0.634916317646905,0.3372992937499183,0.6884000000000013,17000,0.4380880656274845,8000,8000,0.33856359659179225,7248,0.42863018606945563,0.4024305432774722,0.5975694567225278,0.25,0.09006658947766338,3.833693742752075,frozen_v8_calibrated_2x2_semantic_replay,0,15000,0,assigned_level_sensitivity,dynamic,periodic,0.0,False,True,0.0,0.0,0.0,0
HBTASP-Dynamic,32000,17000,0,,0,0,150,8,1000,808,,8000,0,0.0,8000,8000,0,0,0,0,0,0,1.0,0.0,0.0,0.0,17000,8000,9000,7016,0,7016,1984,0,1984,0,0,0,0,0,0,8000,8000,0,0.6350688941174942,0.3373803499999188,0.6884000000000013,17000,0.43775684117230107,8000,8000,0.33789179815387266,7304,0.42780190138835295,0.40350390877849096,0.596496091221509,0.242,0.08991010323448029,4.109013557434082,frozen_v8_calibrated_2x2_semantic_replay,0,15000,0,assigned_level_sensitivity,dynamic,periodic,0.0,False,True,0.0,0.0,0.0,0
HBTASP-Dynamic,32000,17000,0,,0,0,150,8,1000,909,,8000,0,0.0,8000,8000,0,0,0,0,0,0,1.0,0.0,0.0,0.0,17000,8000,9000,7142,0,7142,1858,0,1858,0,0,0,0,0,0,8000,8000,0,0.6347776117645515,0.337225606249918,0.6884000000000013,17000,0.43789555400086455,8000,8000,0.33476006617192744,7224,0.4246367671705963,0.40149457725655785,0.5985054227434421,0.257,0.08987670099866885,4.060387849807739,frozen_v8_calibrated_2x2_semantic_replay,0,15000,0,assigned_level_sensitivity,dynamic,periodic,0.0,False,True,0.0,0.0,0.0,0
HBTASP-Dynamic,32000,17000,0,,0,0,150,8,1000,1010,,8000,0,0.0,8000,8000,0,0,0,0,0,0,1.0,0.0,0.0,0.0,17000,8000,9000,7106,0,7106,1894,0,1894,0,0,0,0,0,0,8000,8000,0,0.6348608352939638,0.33726981874991824,0.6884000000000013,17000,0.43860726436672903,8000,8000,0.3307752325003349,7312,0.41893636476150303,0.3932866493472538,0.6067133506527462,0.254,0.08816113226116812,3.7653374671936035,frozen_v8_calibrated_2x2_semantic_replay,0,15000,0,assigned_level_sensitivity,dynamic,periodic,0.0,False,True,0.0,0.0,0.0,0
HBTASP-Dynamic,40000,13000,0,,0,0,150,10,1000,101,,10000,0,0.0,10000,10000,0,0,0,0,0,0,1.0,0.0,0.0,0.0,13000,10000,3000,2115,0,2115,885,0,885,0,0,0,0,0,0,10000,10000,0,0.66582926923072,0.21639451249998395,0.6884000000000013,13000,0.3146301859056447,10000,10000,0.24043939993758523,8060,0.40701109176566796,0.22885354669214628,0.7711464533078537,0.4,0.16657169182808274,4.7862160205841064,frozen_v8_calibrated_2x2_semantic_replay,0,27000,0,assigned_level_sensitivity,dynamic,periodic,0.0,False,True,0.0,0.0,0.0,0
HBTASP-Dynamic,40000,13000,0,,0,0,150,10,1000,202,,10000,0,0.0,10000,10000,0,0,0,0,0,0,1.0,0.0,0.0,0.0,13000,10000,3000,2115,0,2115,885,0,885,0,0,0,0,0,0,10000,10000,0,0.66582926923072,0.21639451249998395,0.6884000000000013,13000,0.31491065888074316,10000,10000,0.24170569367095346,8080,0.4055259875783563,0.22774061038813634,0.7722593896118637,0.398,0.16382029390740283,4.551339864730835,frozen_v8_calibrated_2x2_semantic_replay,0,27000,0,assigned_level_sensitivity,dynamic,periodic,0.0,False,True,0.0,0.0,0.0,0
HBTASP-Dynamic,40000,13000,0,,0,0,150,10,1000,303,,10000,0,0.0,10000,10000,0,0,0,0,0,0,1.0,0.0,0.0,0.0,13000,10000,3000,2117,0,2117,883,0,883,0,0,0,0,0,0,10000,10000,0,0.6658232230768738,0.216392547499984,0.6884000000000013,13000,0.31470769412089844,10000,10000,0.23956704213367117,8097,0.40180758937935496,0.23042241991894033,0.7695775800810597,0.3998,0.1622405472456838,4.521985054016113,frozen_v8_calibrated_2x2_semantic_replay,0,27000,0,assigned_level_sensitivity,dynamic,periodic,0.0,False,True,0.0,0.0,0.0,0
HBTASP-Dynamic,40000,13000,0,,0,0,150,10,1000,404,,10000,0,0.0,10000,10000,0,0,0,0,0,0,1.0,0.0,0.0,0.0,13000,10000,3000,2117,0,2117,883,0,883,0,0,0,0,0,0,10000,10000,0,0.6658232230768738,0.216392547499984,0.6884000000000013,13000,0.31424073307343536,10000,10000,0.23687366377182997,8000,0.4046708106193535,0.23906864552415746,0.7609313544758425,0.404,0.16779714684752353,4.456449747085571,frozen_v8_calibrated_2x2_semantic_replay,0,27000,0,assigned_level_sensitivity,dynamic,periodic,0.0,False,True,0.0,0.0,0.0,0
HBTASP-Dynamic,40000,13000,0,,0,0,150,10,1000,505,,10000,0,0.0,10000,10000,0,0,0,0,0,0,1.0,0.0,0.0,0.0,13000,10000,3000,2979,0,2979,21,0,21,0,0,0,0,0,0,10000,10000,0,0.6632173307691713,0.21554563249998068,0.6884000000000013,13000,0.31405333926472156,10000,10000,0.23704260260411705,8119,0.39605580985889927,0.23090890402620298,0.769091095973797,0.412,0.1590132072547822,4.933799505233765,frozen_v8_calibrated_2x2_semantic_replay,0,27000,0,assigned_level_sensitivity,dynamic,periodic,0.0,False,True,0.0,0.0,0.0,0
HBTASP-Dynamic,40000,13000,0,,0,0,150,10,1000,606,,10000,0,0.0,10000,10000,0,0,0,0,0,0,1.0,0.0,0.0,0.0,13000,10000,3000,2979,0,2979,21,0,21,0,0,0,0,0,0,10000,10000,0,0.6632173307691713,0.21554563249998068,0.6884000000000013,13000,0.3130597129361736,10000,10000,0.23522491776702578,8040,0.3971132314572663,0.22568152738560035,0.7743184726143997,0.412,0.1618883136902405,4.672433137893677,frozen_v8_calibrated_2x2_semantic_replay,0,27000,0,assigned_level_sensitivity,dynamic,periodic,0.0,False,True,0.0,0.0,0.0,0
HBTASP-Dynamic,40000,13000,0,,0,0,150,10,1000,707,,10000,0,0.0,10000,10000,0,0,0,0,0,0,1.0,0.0,0.0,0.0,13000,10000,3000,2115,0,2115,885,0,885,0,0,0,0,0,0,10000,10000,0,0.6658292692307201,0.216394512499984,0.6884000000000013,13000,0.31495352178151725,10000,10000,0.24265360974322944,8060,0.4042233471089745,0.23941601465407622,0.7605839853459238,0.404,0.16156973736574506,4.777482986450195,frozen_v8_calibrated_2x2_semantic_replay,0,27000,0,assigned_level_sensitivity,dynamic,periodic,0.0,False,True,0.0,0.0,0.0,0
HBTASP-Dynamic,40000,13000,0,,0,0,150,10,1000,808,,10000,0,0.0,10000,10000,0,0,0,0,0,0,1.0,0.0,0.0,0.0,13000,10000,3000,2115,0,2115,885,0,885,0,0,0,0,0,0,10000,10000,0,0.66582926923072,0.21639451249998395,0.6884000000000013,13000,0.31441028193014264,10000,10000,0.23853269859742626,8160,0.4008392500315642,0.23094245564909016,0.7690575443509098,0.3998,0.1623065514341379,5.113048315048218,frozen_v8_calibrated_2x2_semantic_replay,0,27000,0,assigned_level_sensitivity,dynamic,periodic,0.0,False,True,0.0,0.0,0.0,0
HBTASP-Dynamic,40000,13000,0,,0,0,150,10,1000,909,,10000,0,0.0,10000,10000,0,0,0,0,0,0,1.0,0.0,0.0,0.0,13000,10000,3000,2116,0,2116,884,0,884,0,0,0,0,0,0,10000,10000,0,0.6658262461537969,0.216393529999984,0.6884000000000013,13000,0.3148905849071513,10000,10000,0.24862792002039033,8201,0.40766706476161074,0.24656585271525813,0.7534341472847419,0.388,0.1590391447412204,4.746742248535156,frozen_v8_calibrated_2x2_semantic_replay,0,27000,0,assigned_level_sensitivity,dynamic,periodic,0.0,False,True,0.0,0.0,0.0,0
HBTASP-Dynamic,40000,13000,0,,0,0,150,10,1000,1010,,10000,0,0.0,10000,10000,0,0,0,0,0,0,1.0,0.0,0.0,0.0,13000,10000,3000,2979,0,2979,21,0,21,0,0,0,0,0,0,10000,10000,0,0.6632173307691713,0.21554563249998068,0.6884000000000013,13000,0.3135203941885303,10000,10000,0.24200511180746034,8101,0.39996316707598484,0.2484080020764832,0.7515919979235168,0.396,0.1579580552685245,4.601127624511719,frozen_v8_calibrated_2x2_semantic_replay,0,27000,0,assigned_level_sensitivity,dynamic,periodic,0.0,False,True,0.0,0.0,0.0,0
HBTASP-Dynamic,16000,15816,0,,0,0,200,4,1000,101,,4000,0,0.0,4000,4000,0,0,0,0,0,0,1.0,0.0,0.0,0.0,15816,4000,11816,943,0,943,1839,0,1839,111,0,111,3235,0,3235,9688,4000,5688,0.6702655538693805,0.6625574999998826,0.6884000000000013,15816,0.670625408027748,4000,4000,0.49224269884925687,4000,0.49306246484262006,0.6386219032544456,0.36137809674555443,0.069,0.0008197659933631973,2.5436229705810547,frozen_v8_calibrated_2x2_semantic_replay,0,184,0,assigned_level_sensitivity,dynamic,periodic,0.0,False,True,0.0,0.0,0.0,0
HBTASP-Dynamic,16000,15896,0,,0,0,200,4,1000,202,,4000,0,0.0,4000,4000,0,0,0,0,0,0,1.0,0.0,0.0,0.0,15896,4000,11896,1041,0,1041,1960,0,1960,102,0,102,3064,0,3064,9729,4000,5729,0.6693395067940413,0.66498879999988,0.6884000000000013,15896,0.6735612527564961,4000,4000,0.49072024229380806,4000,0.4913397955864007,0.6315438646771268,0.36845613532287325,0.06,0.0006195532925926117,2.5155255794525146,frozen_v8_calibrated_2x2_semantic_replay,0,104,0,assigned_level_sensitivity,dynamic,periodic,0.0,False,True,0.0,0.0,0.0,0
HBTASP-Dynamic,16000,15912,0,,0,0,200,4,1000,303,,4000,0,0.0,4000,4000,0,0,0,0,0,0,1.0,0.0,0.0,0.0,15912,4000,11912,1037,0,1037,2007,0,2007,154,0,154,3058,0,3058,9656,4000,5656,0.6690401520863567,0.6653604312498816,0.6884000000000013,15912,0.6731858409063955,4000,4000,0.49430680076344824,4000,0.49467573170996354,0.6365931139755348,0.36340688602446525,0.06225,0.0003689309465153001,2.7164223194122314,frozen_v8_calibrated_2x2_semantic_replay,0,88,0,assigned_level_sensitivity,dynamic,periodic,0.0,False,True,0.0,0.0,0.0,0
HBTASP-Dynamic,16000,15880,0,,0,0,200,4,1000,404,,4000,0,0.0,4000,4000,0,0,0,0,0,0,1.0,0.0,0.0,0.0,15880,4000,11880,1059,0,1059,1868,0,1868,79,0,79,3427,0,3427,9447,4000,5447,0.6693145528966088,0.6642946937498843,0.6884000000000013,15880,0.6724024627203662,4000,4000,0.4887032831612856,4000,0.48979460146772474,0.6340855103559984,0.36591448964400164,0.06575,0.0010913183064391596,2.523374080657959,frozen_v8_calibrated_2x2_semantic_replay,0,120,0,assigned_level_sensitivity,dynamic,periodic,0.0,False,True,0.0,0.0,0.0,0
HBTASP-Dynamic,16000,15904,0,,0,0,200,4,1000,505,,4000,0,0.0,4000,4000,0,0,0,0,0,0,1.0,0.0,0.0,0.0,15904,4000,11904,1034,0,1034,2027,0,2027,125,0,125,3279,0,3279,9439,4000,5439,0.6688296780682941,0.6648166999998844,0.6884000000000013,15904,0.6720341443782423,4000,4000,0.49573228725878055,4000,0.49750454704586144,0.6355954364187886,0.3644045635812114,0.062,0.0017722597870808987,2.616966962814331,frozen_v8_calibrated_2x2_semantic_replay,0,96,0,assigned_level_sensitivity,dynamic,periodic,0.0,False,True,0.0,0.0,0.0,0
HBTASP-Dynamic,16000,15880,0,,0,0,200,4,1000,606,,4000,0,0.0,4000,4000,0,0,0,0,0,0,1.0,0.0,0.0,0.0,15880,4000,11880,1010,0,1010,1911,0,1911,141,0,141,3139,0,3139,9679,4000,5679,0.6695686397983692,0.6645468749998814,0.6884000000000013,15880,0.6727244550866346,4000,4000,0.4883829550170742,3992,0.49053440096629175,0.6260669980698235,0.37393300193017653,0.06275,0.0021514459492175675,2.8168630599975586,frozen_v8_calibrated_2x2_semantic_replay,0,120,0,assigned_level_sensitivity,dynamic,periodic,0.0,False,True,0.0,0.0,0.0,0
HBTASP-Dynamic,16000,15876,0,,0,0,200,4,1000,707,,4000,0,0.0,4000,4000,0,0,0,0,0,0,1.0,0.0,0.0,0.0,15876,4000,11876,988,0,988,1801,0,1801,116,0,116,3375,0,3375,9596,4000,5596,0.6700420319978655,0.6648492062498821,0.6884000000000013,15876,0.6725503001372316,4000,4000,0.4929001801906568,4000,0.49375373393208244,0.6388296690312297,0.36117033096877027,0.06075,0.00085355374142565,2.66526198387146,frozen_v8_calibrated_2x2_semantic_replay,0,124,0,assigned_level_sensitivity,dynamic,periodic,0.0,False,True,0.0,0.0,0.0,0
HBTASP-Dynamic,16000,15872,0,,0,0,200,4,1000,808,,4000,0,0.0,4000,4000,0,0,0,0,0,0,1.0,0.0,0.0,0.0,15872,4000,11872,857,0,857,2083,0,2083,79,0,79,3128,0,3128,9725,4000,5725,0.6700377898184314,0.664677487499884,0.6884000000000013,15872,0.6729981315702308,4000,4000,0.49293851178308845,3992,0.4950081666448595,0.6364990346644602,0.36350096533553977,0.066,0.0020696548617710753,2.5601131916046143,frozen_v8_calibrated_2x2_semantic_replay,0,128,0,assigned_level_sensitivity,dynamic,periodic,0.0,False,True,0.0,0.0,0.0,0
HBTASP-Dynamic,16000,15880,0,,0,0,200,4,1000,909,,4000,0,0.0,4000,4000,0,0,0,0,0,0,1.0,0.0,0.0,0.0,15880,4000,11880,973,0,973,2000,0,2000,128,0,128,3163,0,3163,9616,4000,5616,0.6694436523928284,0.6644228249998823,0.6884000000000013,15880,0.6713235314894109,4000,4000,0.49024310656860537,3992,0.491919737123812,0.6351017956485676,0.3648982043514324,0.064,0.0016766305552066152,2.710454225540161,frozen_v8_calibrated_2x2_semantic_replay,0,120,0,assigned_level_sensitivity,dynamic,periodic,0.0,False,True,0.0,0.0,0.0,0
HBTASP-Dynamic,16000,15888,0,,0,0,200,4,1000,1010,,4000,0,0.0,4000,4000,0,0,0,0,0,0,1.0,0.0,0.0,0.0,15888,4000,11888,1040,0,1040,2062,0,2062,125,0,125,3043,0,3043,9618,4000,5618,0.6688429821247552,0.6641610812498819,0.6884000000000013,15888,0.6716605852583464,4000,4000,0.4962290231434257,3992,0.4977726926302029,0.6353833947780141,0.3646166052219859,0.06175,0.0015436694867771994,2.687978506088257,frozen_v8_calibrated_2x2_semantic_replay,0,112,0,assigned_level_sensitivity,dynamic,periodic,0.0,False,True,0.0,0.0,0.0,0
HBTASP-Dynamic,24000,23256,0,,0,0,200,6,1000,101,,6000,0,0.0,6000,6000,0,0,0,0,0,0,1.0,0.0,0.0,0.0,23256,6000,17256,6202,0,6202,7553,0,7553,208,0,208,3077,0,3077,6216,6000,216,0.6340241701065376,0.6143694208332349,0.6884000000000013,23256,0.6371234661023361,6000,6000,0.4731952814592339,5972,0.47988279452613414,0.6314383143734998,0.36856168562650016,0.07866666666666666,0.006687513066900241,4.101403474807739,frozen_v8_calibrated_2x2_semantic_replay,0,744,0,assigned_level_sensitivity,dynamic,periodic,0.0,False,True,0.0,0.0,0.0,0
HBTASP-Dynamic,24000,23252,0,,0,0,200,6,1000,202,,6000,0,0.0,6000,6000,0,0,0,0,0,0,1.0,0.0,0.0,0.0,23252,6000,17252,6231,0,6231,7424,0,7424,197,0,197,3182,0,3182,6218,6000,218,0.6342186951659053,0.6144522124999012,0.6884000000000013,23252,0.6377387770474721,6000,6000,0.47442639915046886,5956,0.48249783256755086,0.6288147335241722,0.37118526647582784,0.074,0.008071433417081997,3.8698205947875977,frozen_v8_calibrated_2x2_semantic_replay,0,748,0,assigned_level_sensitivity,dynamic,periodic,0.0,False,True,0.0,0.0,0.0,0
HBTASP-Dynamic,24000,23214,0,,0,0,200,6,1000,303,,6000,0,0.0,6000,6000,0,0,0,0,0,0,1.0,0.0,0.0,0.0,23214,6000,17214,6104,0,6104,7587,0,7587,188,0,188,3029,0,3029,6306,6000,306,0.6343549711380033,0.6135798458332337,0.6884000000000013,23214,0.636601707309778,6000,6000,0.474591042639003,5960,0.48295158099742247,0.6268735393545576,0.3731264606454424,0.07933333333333334,0.00836053835841949,3.9249889850616455,frozen_v8_calibrated_2x2_semantic_replay,0,786,0,assigned_level_sensitivity,dynamic,periodic,0.0,False,True,0.0,0.0,0.0,0
HBTASP-Dynamic,24000,23252,0,,0,0,200,6,1000,404,,6000,0,0.0,6000,6000,0,0,0,0,0,0,1.0,0.0,0.0,0.0,23252,6000,17252,6443,0,6443,7375,0,7375,193,0,193,2945,0,2945,6296,6000,296,0.6335335541027656,0.613788424999896,0.6884000000000013,23252,0.6371230735485428,6000,6000,0.4761558529021801,5991,0.4814815251658199,0.6357067599974097,0.36429324000259034,0.07466666666666667,0.00532567226363978,3.81870436668396,frozen_v8_calibrated_2x2_semantic_replay,0,748,0,assigned_level_sensitivity,dynamic,periodic,0.0,False,True,0.0,0.0,0.0,0
HBTASP-Dynamic,24000,23256,0,,0,0,200,6,1000,505,,6000,0,0.0,6000,6000,0,0,0,0,0,0,1.0,0.0,0.0,0.0,23256,6000,17256,6302,0,6302,7434,0,7434,153,0,153,3093,0,3093,6274,6000,274,0.6340066262468862,0.6143524208332327,0.6884000000000013,23256,0.6374105172349316,6000,6000,0.47336964827132766,5980,0.47977491313749976,0.6319446384896777,0.36805536151032225,0.07733333333333334,0.0064052648661721,3.9507904052734375,frozen_v8_calibrated_2x2_semantic_replay,0,744,0,assigned_level_sensitivity,dynamic,periodic,0.0,False,True,0.0,0.0,0.0,0
HBTASP-Dynamic,24000,23176,0,,0,0,200,6,1000,606,,6000,0,0.0,6000,6000,0,0,0,0,0,0,1.0,0.0,0.0,0.0,23176,6000,17176,6148,0,6148,7496,0,7496,199,0,199,3004,0,3004,6329,6000,329,0.6343294917154642,0.6125508458332332,0.6884000000000013,23176,0.6366381840583205,6000,6000,0.4724689288825538,5948,0.4823209244344161,0.6265917856758103,0.3734082143241897,0.07816666666666666,0.00985199555186228,4.08148717880249,frozen_v8_calibrated_2x2_semantic_replay,0,824,0,assigned_level_sensitivity,dynamic,periodic,0.0,False,True,0.0,0.0,0.0,0
HBTASP-Dynamic,24000,23274,0,,0,0,200,6,1000,707,,6000,0,0.0,6000,6000,0,0,0,0,0,0,1.0,0.0,0.0,0.0,23274,6000,17274,6297,0,6297,7456,0,7456,156,0,156,3104,0,3104,6261,6000,261,0.6339929449169712,0.6148146583332329,0.6884000000000013,23274,0.637388541609587,6000,6000,0.4732552611902027,5960,0.48180287024541085,0.6348423348478616,0.36515766515213843,0.07533333333333334,0.008547609055208127,3.956264019012451,frozen_v8_calibrated_2x2_semantic_replay,0,726,0,assigned_level_sensitivity,dynamic,periodic,0.0,False,True,0.0,0.0,0.0,0
HBTASP-Dynamic,24000,23201,0,,0,0,200,6,1000,808,,6000,0,0.0,6000,6000,0,0,0,0,0,0,1.0,0.0,0.0,0.0,23201,6000,17201,6103,0,6103,7531,0,7531,175,0,175,3145,0,3145,6247,6000,247,0.6344464290331303,0.6133246499999023,0.6884000000000013,23201,0.6372497009893732,6000,6000,0.47410501383927606,5972,0.48128591009843635,0.6310819580300149,0.3689180419699851,0.078,0.0071808962591602965,3.864485263824463,frozen_v8_calibrated_2x2_semantic_replay,0,799,0,assigned_level_sensitivity,dynamic,periodic,0.0,False,True,0.0,0.0,0.0,0
HBTASP-Dynamic,24000,23325,0,,0,0,200,6,1000,909,,6000,0,0.0,6000,6000,0,0,0,0,0,0,1.0,0.0,0.0,0.0,23325,6000,17325,6332,0,6332,7509,0,7509,163,0,163,3149,0,3149,6172,6000,172,0.6337454576633497,0.6159213666665679,0.6884000000000013,23325,0.6382039451904574,6000,6000,0.4746950991386134,5980,0.4803925212628899,0.6395214420051482,0.36047855799485184,0.07816666666666666,0.0056974221242764855,3.935385227203369,frozen_v8_calibrated_2x2_semantic_replay,0,675,0,assigned_level_sensitivity,dynamic,periodic,0.0,False,True,0.0,0.0,0.0,0
HBTASP-Dynamic,24000,23252,0,,0,0,200,6,1000,1010,,6000,0,0.0,6000,6000,0,0,0,0,0,0,1.0,0.0,0.0,0.0,23252,6000,17252,6301,0,6301,7457,0,7457,154,0,154,3057,0,3057,6283,6000,283,0.6339545716496466,0.6141963208332326,0.6884000000000013,23252,0.6374387942257188,6000,6000,0.4755610188872286,5960,0.4833595298602306,0.6331554464011623,0.3668445535988377,0.07683333333333334,0.007798510973001993,3.9078166484832764,frozen_v8_calibrated_2x2_semantic_replay,0,748,0,assigned_level_sensitivity,dynamic,periodic,0.0,False,True,0.0,0.0,0.0,0
HBTASP-Dynamic,32000,28672,0,,0,0,200,8,1000,101,,8000,0,0.0,8000,8000,0,0,0,0,0,0,1.0,0.0,0.0,0.0,28672,8000,20672,19319,0,19319,1289,0,1289,24,0,24,40,0,40,8000,8000,0,0.6114769845143219,0.5478833781248323,0.6884000000000013,28672,0.5960519347668838,8000,8000,0.42336306015832337,7824,0.4414867990569587,0.6161611709347413,0.3838388290652587,0.111125,0.018123738898635333,5.134059190750122,frozen_v8_calibrated_2x2_semantic_replay,0,3328,0,assigned_level_sensitivity,dynamic,periodic,0.0,False,True,0.0,0.0,0.0,0
HBTASP-Dynamic,32000,28768,0,,0,0,200,8,1000,202,,8000,0,0.0,8000,8000,0,0,0,0,0,0,1.0,0.0,0.0,0.0,28768,8000,20768,19498,0,19498,1246,0,1246,24,0,24,0,0,0,8000,8000,0,0.6111791643490926,0.5494500687498343,0.6884000000000013,28768,0.596829699212707,8000,8000,0.4259450744664038,7800,0.44770855105214613,0.6152341481667032,0.3847658518332968,0.107,0.021763476585742347,5.207871198654175,frozen_v8_calibrated_2x2_semantic_replay,0,3232,0,assigned_level_sensitivity,dynamic,periodic,0.0,False,True,0.0,0.0,0.0,0
HBTASP-Dynamic,32000,28736,0,,0,0,200,8,1000,303,,8000,0,0.0,8000,8000,0,0,0,0,0,0,1.0,0.0,0.0,0.0,28736,8000,20736,19446,0,19446,1265,0,1265,25,0,25,0,0,0,8000,8000,0,0.6112432488862284,0.5488964374998331,0.6884000000000013,28736,0.5954160103473167,8000,8000,0.42480500299721313,7824,0.4465902861375166,0.6030065887045809,0.3969934112954191,0.106,0.02178528314030348,5.1849846839904785,frozen_v8_calibrated_2x2_semantic_replay,0,3264,0,assigned_level_sensitivity,dynamic,periodic,0.0,False,True,0.0,0.0,0.0,0
HBTASP-Dynamic,32000,28672,0,,0,0,200,8,1000,404,,8000,0,0.0,8000,8000,0,0,0,0,0,0,1.0,0.0,0.0,0.0,28672,8000,20672,19279,0,19279,1352,0,1352,16,0,16,25,0,25,8000,8000,0,0.6114959960935634,0.5479004124998328,0.6884000000000013,28672,0.5948635781198814,8000,8000,0.42369932794653037,7808,0.44627387989579825,0.5959892983057852,0.4040107016942148,0.109875,0.022574551949267885,5.306942939758301,frozen_v8_calibrated_2x2_semantic_replay,0,3328,0,assigned_level_sensitivity,dynamic,periodic,0.0,False,True,0.0,0.0,0.0,0
HBTASP-Dynamic,32000,28696,0,,0,0,200,8,1000,505,,8000,0,0.0,8000,8000,0,0,0,0,0,0,1.0,0.0,0.0,0.0,28696,8000,20696,19386,0,19386,1261,0,1261,24,0,24,25,0,25,8000,8000,0,0.6113623396987253,0.5482391781248319,0.6884000000000013,28696,0.5953639091979601,8000,8000,0.42351953407607645,7839,0.44498229238415143,0.6053804711173734,0.39461952888262664,0.104,0.02146275830807498,5.587475299835205,frozen_v8_calibrated_2x2_semantic_replay,0,3304,0,assigned_level_sensitivity,dynamic,periodic,0.0,False,True,0.0,0.0,0.0,0
HBTASP-Dynamic,32000,28736,0,,0,0,200,8,1000,606,,8000,0,0.0,8000,8000,0,0,0,0,0,0,1.0,0.0,0.0,0.0,28736,8000,20736,19452,0,19452,1219,0,1219,41,0,41,24,0,24,8000,8000,0,0.6112950932626217,0.5489429937498342,0.6884000000000013,28736,0.596748087833478,8000,8000,0.42336576528772185,7792,0.4470105898925122,0.604053778705678,0.395946221294322,0.104875,0.023644824604790338,5.367164611816406,frozen_v8_calibrated_2x2_semantic_replay,0,3264,0,assigned_level_sensitivity,dynamic,periodic,0.0,False,True,0.0,0.0,0.0,0
HBTASP-Dynamic,32000,28768,0,,0,0,200,8,1000,707,,8000,0,0.0,8000,8000,0,0,0,0,0,0,1.0,0.0,0.0,0.0,28768,8000,20768,19525,0,19525,1203,0,1203,24,0,24,16,0,16,8000,8000,0,0.6111727023079356,0.5494442593748341,0.6884000000000013,28768,0.5955154883581301,8000,8000,0.4247138077957977,7808,0.44724371841414434,0.61593586381231,0.38406413618769,0.109,0.022529910618346638,5.0519163608551025,frozen_v8_calibrated_2x2_semantic_replay,0,3232,0,assigned_level_sensitivity,dynamic,periodic,0.0,False,True,0.0,0.0,0.0,0
HBTASP-Dynamic,32000,28696,0,,0,0,200,8,1000,808,,8000,0,0.0,8000,8000,0,0,0,0,0,0,1.0,0.0,0.0,0.0,28696,8000,20696,19350,0,19350,1257,0,1257,40,0,40,49,0,49,8000,8000,0,0.6114717765540373,0.548337315624833,0.6884000000000013,28696,0.5957758484648343,8000,8000,0.42346113963965587,7816,0.44350571952551804,0.618527398005498,0.38147260199450195,0.111125,0.020044579885862168,4.845404148101807,frozen_v8_calibrated_2x2_semantic_replay,0,3304,0,assigned_level_sensitivity,dynamic,periodic,0.0,False,True,0.0,0.0,0.0,0
HBTASP-Dynamic,32000,28800,0,,0,0,200,8,1000,909,,8000,0,0.0,8000,8000,0,0,0,0,0,0,1.0,0.0,0.0,0.0,28800,8000,20800,19584,0,19584,1177,0,1177,24,0,24,15,0,15,8000,8000,0,0.6110982118053719,0.5499883906248347,0.6884000000000013,28800,0.5959598524915796,8000,8000,0.4228962176637654,7824,0.4448880683741412,0.6100374742902086,0.3899625257097914,0.108,0.021991850710375793,5.196527481079102,frozen_v8_calibrated_2x2_semantic_replay,0,3200,0,assigned_level_sensitivity,dynamic,periodic,0.0,False,True,0.0,0.0,0.0,0
HBTASP-Dynamic,32000,28656,0,,0,0,200,8,1000,1010,,8000,0,0.0,8000,8000,0,0,0,0,0,0,1.0,0.0,0.0,0.0,28656,8000,20656,19396,0,19396,1180,0,1180,24,0,24,56,0,56,8000,8000,0,0.611398115577702,0.547507012499832,0.6884000000000013,28656,0.595306097841923,8000,8000,0.42431234388703126,7815,0.4449469152693095,0.613727539762238,0.38627246023776196,0.112125,0.020634571382278255,4.986032009124756,frozen_v8_calibrated_2x2_semantic_replay,0,3344,0,assigned_level_sensitivity,dynamic,periodic,0.0,False,True,0.0,0.0,0.0,0
HBTASP-Dynamic,40000,25000,0,,0,0,200,10,1000,101,,10000,0,0.0,10000,10000,0,0,0,0,0,0,1.0,0.0,0.0,0.0,25000,10000,15000,15000,0,15000,0,0,0,0,0,0,0,0,0,10000,10000,0,0.6227599999997173,0.38922499999982335,0.6884000000000013,25000,0.4882203766788728,10000,10000,0.363719869356748,9340,0.4286007375912753,0.4614116772176444,0.5385883227823556,0.196,0.06488086823452732,5.28205680847168,frozen_v8_calibrated_2x2_semantic_replay,0,15000,0,assigned_level_sensitivity,dynamic,periodic,0.0,False,True,0.0,0.0,0.0,0
HBTASP-Dynamic,40000,25000,0,,0,0,200,10,1000,202,,10000,0,0.0,10000,10000,0,0,0,0,0,0,1.0,0.0,0.0,0.0,25000,10000,15000,15000,0,15000,0,0,0,0,0,0,0,0,0,10000,10000,0,0.6227599999997173,0.38922499999982335,0.6884000000000013,25000,0.4883814759378844,10000,10000,0.36300487596816466,9320,0.42416115974675417,0.4718503079157844,0.5281496920842156,0.2,0.061156283778589504,5.1782402992248535,frozen_v8_calibrated_2x2_semantic_replay,0,15000,0,assigned_level_sensitivity,dynamic,periodic,0.0,False,True,0.0,0.0,0.0,0
HBTASP-Dynamic,40000,25000,0,,0,0,200,10,1000,303,,10000,0,0.0,10000,10000,0,0,0,0,0,0,1.0,0.0,0.0,0.0,25000,10000,15000,15000,0,15000,0,0,0,0,0,0,0,0,0,10000,10000,0,0.6227599999997173,0.38922499999982335,0.6884000000000013,25000,0.4881345259616333,10000,10000,0.36075013325459665,9400,0.42066994293752186,0.4665535942768457,0.5334464057231543,0.204,0.05991980968292521,5.218382358551025,frozen_v8_calibrated_2x2_semantic_replay,0,15000,0,assigned_level_sensitivity,dynamic,periodic,0.0,False,True,0.0,0.0,0.0,0
HBTASP-Dynamic,40000,25000,0,,0,0,200,10,1000,404,,10000,0,0.0,10000,10000,0,0,0,0,0,0,1.0,0.0,0.0,0.0,25000,10000,15000,15000,0,15000,0,0,0,0,0,0,0,0,0,10000,10000,0,0.6227599999997173,0.38922499999982335,0.6884000000000013,25000,0.48811698157127204,10000,10000,0.36572471862630257,9460,0.42492686744559877,0.46261856301131604,0.537381436988684,0.192,0.059202148819296196,5.433025360107422,frozen_v8_calibrated_2x2_semantic_replay,0,15000,0,assigned_level_sensitivity,dynamic,periodic,0.0,False,True,0.0,0.0,0.0,0
HBTASP-Dynamic,40000,25000,0,,0,0,200,10,1000,505,,10000,0,0.0,10000,10000,0,0,0,0,0,0,1.0,0.0,0.0,0.0,25000,10000,15000,15000,0,15000,0,0,0,0,0,0,0,0,0,10000,10000,0,0.6227599999997173,0.38922499999982335,0.6884000000000013,25000,0.48778242629925433,10000,10000,0.36342742236534864,9360,0.4279363550626093,0.4691364221927521,0.5308635778072479,0.196,0.06450893269726066,5.522011995315552,frozen_v8_calibrated_2x2_semantic_replay,0,15000,0,assigned_level_sensitivity,dynamic,periodic,0.0,False,True,0.0,0.0,0.0,0
HBTASP-Dynamic,40000,25000,0,,0,0,200,10,1000,606,,10000,0,0.0,10000,10000,0,0,0,0,0,0,1.0,0.0,0.0,0.0,25000,10000,15000,15000,0,15000,0,0,0,0,0,0,0,0,0,10000,10000,0,0.6227599999997173,0.38922499999982335,0.6884000000000013,25000,0.48847930492726943,10000,10000,0.3542389556599362,9360,0.4203216278915283,0.4512354918389314,0.5487645081610686,0.21,0.06608267223159214,5.7477545738220215,frozen_v8_calibrated_2x2_semantic_replay,0,15000,0,assigned_level_sensitivity,dynamic,periodic,0.0,False,True,0.0,0.0,0.0,0
HBTASP-Dynamic,40000,25000,0,,0,0,200,10,1000,707,,10000,0,0.0,10000,10000,0,0,0,0,0,0,1.0,0.0,0.0,0.0,25000,10000,15000,15000,0,15000,0,0,0,0,0,0,0,0,0,10000,10000,0,0.6227599999997173,0.38922499999982335,0.6884000000000013,25000,0.4879705780899858,10000,10000,0.3578902625564541,9307,0.42465099380756205,0.4602129598696873,0.5397870401303126,0.2013,0.06676073125110793,5.24082612991333,frozen_v8_calibrated_2x2_semantic_replay,0,15000,0,assigned_level_sensitivity,dynamic,periodic,0.0,False,True,0.0,0.0,0.0,0
HBTASP-Dynamic,40000,25000,0,,0,0,200,10,1000,808,,10000,0,0.0,10000,10000,0,0,0,0,0,0,1.0,0.0,0.0,0.0,25000,10000,15000,15000,0,15000,0,0,0,0,0,0,0,0,0,10000,10000,0,0.6227599999997173,0.38922499999982335,0.6884000000000013,25000,0.48780632934681023,10000,10000,0.3645792514983912,9460,0.42546695706840726,0.465766505597446,0.534233494402554,0.194,0.06088770557001605,5.149165391921997,frozen_v8_calibrated_2x2_semantic_replay,0,15000,0,assigned_level_sensitivity,dynamic,periodic,0.0,False,True,0.0,0.0,0.0,0
HBTASP-Dynamic,40000,25000,0,,0,0,200,10,1000,909,,10000,0,0.0,10000,10000,0,0,0,0,0,0,1.0,0.0,0.0,0.0,25000,10000,15000,15000,0,15000,0,0,0,0,0,0,0,0,0,10000,10000,0,0.6227599999997173,0.38922499999982335,0.6884000000000013,25000,0.488100419349091,10000,10000,0.37006081777009653,9420,0.4286589228164076,0.46292716705526543,0.5370728329447345,0.192,0.05859810504631108,5.132007598876953,frozen_v8_calibrated_2x2_semantic_replay,0,15000,0,assigned_level_sensitivity,dynamic,periodic,0.0,False,True,0.0,0.0,0.0,0
HBTASP-Dynamic,40000,25000,0,,0,0,200,10,1000,1010,,10000,0,0.0,10000,10000,0,0,0,0,0,0,1.0,0.0,0.0,0.0,25000,10000,15000,15000,0,15000,0,0,0,0,0,0,0,0,0,10000,10000,0,0.6227599999997173,0.38922499999982335,0.6884000000000013,25000,0.48806115176043546,10000,10000,0.3633108773364362,9380,0.42697996546301803,0.4768707286179394,0.5231292713820606,0.204,0.06366908812658184,5.145552635192871,frozen_v8_calibrated_2x2_semantic_replay,0,15000,0,assigned_level_sensitivity,dynamic,periodic,0.0,False,True,0.0,0.0,0.0,0
HBTASP-Dynamic,16000,15792,0,,0,0,250,4,1000,101,,4000,0,0.0,4000,4000,0,0,0,0,0,0,1.0,0.0,0.0,0.0,15792,4000,11792,67,0,67,84,0,84,47,0,47,3415,0,3415,12179,4000,8179,0.684100905521623,0.6752075937498419,0.6884000000000013,15792,0.6772844960213866,4000,4000,0.4919614151036486,4000,0.4948085291458196,0.6314067073242603,0.3685932926757397,0.066,0.002847114042170973,2.38922119140625,frozen_v8_calibrated_2x2_semantic_replay,0,208,0,assigned_level_sensitivity,dynamic,periodic,0.0,False,True,0.0,0.0,0.0,0
HBTASP-Dynamic,16000,15832,0,,0,0,250,4,1000,202,,4000,0,0.0,4000,4000,0,0,0,0,0,0,1.0,0.0,0.0,0.0,15832,4000,11832,93,0,93,61,0,61,62,0,62,3383,0,3383,12233,4000,8233,0.6840230987871044,0.6768408562498398,0.6884000000000013,15832,0.6790436010800481,4000,4000,0.4950881309017435,4000,0.49675336812593823,0.6303862285939945,0.3696137714060055,0.062,0.00166523722419476,2.3142101764678955,frozen_v8_calibrated_2x2_semantic_replay,0,168,0,assigned_level_sensitivity,dynamic,periodic,0.0,False,True,0.0,0.0,0.0,0
HBTASP-Dynamic,16000,15832,0,,0,0,250,4,1000,303,,4000,0,0.0,4000,4000,0,0,0,0,0,0,1.0,0.0,0.0,0.0,15832,4000,11832,78,0,78,32,0,32,79,0,79,3400,0,3400,12243,4000,8243,0.6841910497724502,0.6770070437498394,0.6884000000000013,15832,0.6784112568740905,4000,4000,0.49441389423393256,4000,0.4959888979326233,0.6320868478874677,0.3679131521125323,0.062,0.0015750036986907356,2.3204801082611084,frozen_v8_calibrated_2x2_semantic_replay,0,168,0,assigned_level_sensitivity,dynamic,periodic,0.0,False,True,0.0,0.0,0.0,0
HBTASP-Dynamic,16000,15808,0,,0,0,250,4,1000,404,,4000,0,0.0,4000,4000,0,0,0,0,0,0,1.0,0.0,0.0,0.0,15808,4000,11808,85,0,85,47,0,47,15,0,15,3502,0,3502,12159,4000,8159,0.6841496837042931,0.6759398874998416,0.6884000000000013,15808,0.6776134979368615,4000,4000,0.4938085475252438,4000,0.49576625308130806,0.6305042939565618,0.3694957060434382,0.064,0.001957705556064282,2.418668031692505,frozen_v8_calibrated_2x2_semantic_replay,0,192,0,assigned_level_sensitivity,dynamic,periodic,0.0,False,True,0.0,0.0,0.0,0
HBTASP-Dynamic,16000,15800,0,,0,0,250,4,1000,505,,4000,0,0.0,4000,4000,0,0,0,0,0,0,1.0,0.0,0.0,0.0,15800,4000,11800,120,0,120,56,0,56,65,0,65,3306,0,3306,12253,4000,8253,0.683916107594775,0.6753671562498402,0.6884000000000013,15800,0.6770285685168266,4000,4000,0.49065830107917213,4000,0.49249861010187407,0.6216160400248895,0.37838395997511054,0.06425,0.0018403090227019359,3.0602691173553467,frozen_v8_calibrated_2x2_semantic_replay,0,200,0,assigned_level_sensitivity,dynamic,periodic,0.0,False,True,0.0,0.0,0.0,0
HBTASP-Dynamic,16000,15816,0,,0,0,250,4,1000,606,,4000,0,0.0,4000,4000,0,0,0,0,0,0,1.0,0.0,0.0,0.0,15816,4000,11816,98,0,98,55,0,55,67,0,67,3360,0,3360,12236,4000,8236,0.6840190692967527,0.6761528499998402,0.6884000000000013,15816,0.6779435794862881,4000,4000,0.49269074061891377,4000,0.49399872341088835,0.6232665750415984,0.37673342495840156,0.064,0.0013079827919745823,2.3748421669006348,frozen_v8_calibrated_2x2_semantic_replay,0,184,0,assigned_level_sensitivity,dynamic,periodic,0.0,False,True,0.0,0.0,0.0,0
HBTASP-Dynamic,16000,15832,0,,0,0,250,4,1000,707,,4000,0,0.0,4000,4000,0,0,0,0,0,0,1.0,0.0,0.0,0.0,15832,4000,11832,78,0,78,71,0,71,24,0,24,3456,0,3456,12203,4000,8203,0.6841177930771506,0.6769345562498406,0.6884000000000013,15832,0.6784280481070992,4000,4000,0.496196290791906,4000,0.4972700946472273,0.6338711401724243,0.3661288598275757,0.06,0.001073803855321298,3.2153286933898926,frozen_v8_calibrated_2x2_semantic_replay,0,168,0,assigned_level_sensitivity,dynamic,periodic,0.0,False,True,0.0,0.0,0.0,0
HBTASP-Dynamic,16000,15872,0,,0,0,250,4,1000,808,,4000,0,0.0,4000,4000,0,0,0,0,0,0,1.0,0.0,0.0,0.0,15872,4000,11872,100,0,100,74,0,74,51,0,51,3436,0,3436,12211,4000,8211,0.6839077431954025,0.6784364812498392,0.6884000000000013,15872,0.6796157688380083,4000,4000,0.4929358858183809,4000,0.4940236943805,0.6315431743569162,0.3684568256430838,0.066,0.001087808562119097,3.096622943878174,frozen_v8_calibrated_2x2_semantic_replay,0,128,0,assigned_level_sensitivity,dynamic,periodic,0.0,False,True,0.0,0.0,0.0,0
HBTASP-Dynamic,16000,15824,0,,0,0,250,4,1000,909,,4000,0,0.0,4000,4000,0,0,0,0,0,0,1.0,0.0,0.0,0.0,15824,4000,11824,93,0,93,83,0,83,44,0,44,3484,0,3484,12120,4000,8120,0.6838755245195574,0.6763528937498422,0.6884000000000013,15824,0.6782622740552141,4000,4000,0.49424753992342835,3992,0.49647778791246727,0.6297494957777543,0.3702505042222457,0.064,0.002230247989038925,3.2758491039276123,frozen_v8_calibrated_2x2_semantic_replay,0,176,0,assigned_level_sensitivity,dynamic,periodic,0.0,False,True,0.0,0.0,0.0,0
HBTASP-Dynamic,16000,15840,0,,0,0,250,4,1000,1010,,4000,0,0.0,4000,4000,0,0,0,0,0,0,1.0,0.0,0.0,0.0,15840,4000,11840,71,0,71,62,0,62,71,0,71,3314,0,3314,12322,4000,8322,0.684214741161453,0.6773725937498384,0.6884000000000013,15840,0.6794319202087471,4000,4000,0.4948576721388244,4000,0.49525924171989155,0.6340655837994746,0.36593441620052536,0.064,0.00040156958106712937,2.8368797302246094,frozen_v8_calibrated_2x2_semantic_replay,0,160,0,assigned_level_sensitivity,dynamic,periodic,0.0,False,True,0.0,0.0,0.0,0
HBTASP-Dynamic,24000,23672,0,,0,0,250,6,1000,101,,6000,0,0.0,6000,6000,0,0,0,0,0,0,1.0,0.0,0.0,0.0,23672,6000,17672,2801,0,2801,5090,0,5090,260,0,260,8212,0,8212,7309,6000,1309,0.654553210544046,0.645607649999944,0.6884000000000013,23672,0.6596355631008833,6000,6000,0.49170688197917767,5988,0.4936801572033503,0.6455337463824817,0.35446625361751827,0.06716666666666667,0.0019732752241726215,4.389985084533691,frozen_v8_calibrated_2x2_semantic_replay,0,328,0,assigned_level_sensitivity,dynamic,periodic,0.0,False,True,0.0,0.0,0.0,0
HBTASP-Dynamic,24000,23648,0,,0,0,250,6,1000,202,,6000,0,0.0,6000,6000,0,0,0,0,0,0,1.0,0.0,0.0,0.0,23648,6000,17648,2813,0,2813,4919,0,4919,240,0,240,8425,0,8425,7251,6000,1251,0.6548689994925039,0.6452642541666138,0.6884000000000013,23648,0.6591079306006068,6000,6000,0.4901101938311274,5988,0.4933540147372663,0.641889879130907,0.358110120869093,0.06716666666666667,0.0032438209061388945,4.288299798965454,frozen_v8_calibrated_2x2_semantic_replay,0,352,0,assigned_level_sensitivity,dynamic,periodic,0.0,False,True,0.0,0.0,0.0,0
HBTASP-Dynamic,24000,23684,0,,0,0,250,6,1000,303,,6000,0,0.0,6000,6000,0,0,0,0,0,0,1.0,0.0,0.0,0.0,23684,6000,17684,2722,0,2722,5199,0,5199,213,0,213,8231,0,8231,7319,6000,1319,0.6546882114507139,0.6460681499999462,0.6884000000000013,23684,0.6605098598659283,6000,6000,0.4916552946704342,5996,0.4935443568368961,0.6421568922407817,0.35784310775921835,0.0655,0.0018890621664619522,4.249897241592407,frozen_v8_calibrated_2x2_semantic_replay,0,316,0,assigned_level_sensitivity,dynamic,periodic,0.0,False,True,0.0,0.0,0.0,0
HBTASP-Dynamic,24000,23608,0,,0,0,250,6,1000,404,,6000,0,0.0,6000,6000,0,0,0,0,0,0,1.0,0.0,0.0,0.0,23608,6000,17608,2723,0,2723,5158,0,5158,221,0,221,8160,0,8160,7346,6000,1346,0.6547280964079407,0.644034204166611,0.6884000000000013,23608,0.6585040451532895,6000,6000,0.48629579890692354,5992,0.48907361325310456,0.6340676994076819,0.36593230059231807,0.07016666666666667,0.002777814346181018,4.360217094421387,frozen_v8_calibrated_2x2_semantic_replay,0,392,0,assigned_level_sensitivity,dynamic,periodic,0.0,False,True,0.0,0.0,0.0,0
HBTASP-Dynamic,24000,23652,0,,0,0,250,6,1000,505,,6000,0,0.0,6000,6000,0,0,0,0,0,0,1.0,0.0,0.0,0.0,23652,6000,17652,2570,0,2570,5407,0,5407,255,0,255,8197,0,8197,7223,6000,1223,0.6546726619312863,0.6451799083332825,0.6884000000000013,23652,0.6599220479564877,6000,6000,0.48887641071044285,5988,0.49229481151199894,0.6373693601628722,0.36263063983712784,0.06816666666666667,0.0034184008015560874,5.051138639450073,frozen_v8_calibrated_2x2_semantic_replay,0,348,0,assigned_level_sensitivity,dynamic,periodic,0.0,False,True,0.0,0.0,0.0,0
HBTASP-Dynamic,24000,23628,0,,0,0,250,6,1000,606,,6000,0,0.0,6000,6000,0,0,0,0,0,0,1.0,0.0,0.0,0.0,23628,6000,17628,2645,0,2645,5142,0,5142,281,0,281,8185,0,8185,7375,6000,1375,0.6550364271203086,0.6448833624999438,0.6884000000000013,23628,0.659222972965536,6000,6000,0.4889883679442728,5992,0.49174914921550555,0.6385181628948532,0.3614818371051468,0.06866666666666667,0.0027607812712327484,4.439497232437134,frozen_v8_calibrated_2x2_semantic_replay,0,372,0,assigned_level_sensitivity,dynamic,periodic,0.0,False,True,0.0,0.0,0.0,0
HBTASP-Dynamic,24000,23640,0,,0,0,250,6,1000,707,,6000,0,0.0,6000,6000,0,0,0,0,0,0,1.0,0.0,0.0,0.0,23640,6000,17640,2726,0,2726,5072,0,5072,217,0,217,8309,0,8309,7316,6000,1316,0.6549252411166969,0.6451013624999464,0.6884000000000013,23640,0.6598869553227366,6000,6000,0.4887786060273365,5984,0.4918897050754656,0.6396283283016202,0.3603716716983798,0.06866666666666667,0.0031110990481290623,5.475213527679443,frozen_v8_calibrated_2x2_semantic_replay,0,360,0,assigned_level_sensitivity,dynamic,periodic,0.0,False,True,0.0,0.0,0.0,0
HBTASP-Dynamic,24000,23588,0,,0,0,250,6,1000,808,,6000,0,0.0,6000,6000,0,0,0,0,0,0,1.0,0.0,0.0,0.0,23588,6000,17588,2640,0,2640,5165,0,5165,214,0,214,8202,0,8202,7367,6000,1367,0.6550494191961458,0.6438044041666119,0.6884000000000013,23588,0.6590559971752838,6000,6000,0.48738352423331116,5992,0.4904833501302723,0.6399125685068968,0.3600874314931032,0.07066666666666667,0.003099825896961117,4.705164909362793,frozen_v8_calibrated_2x2_semantic_replay,0,412,0,assigned_level_sensitivity,dynamic,periodic,0.0,False,True,0.0,0.0,0.0,0
HBTASP-Dynamic,24000,23652,0,,0,0,250,6,1000,909,,6000,0,0.0,6000,6000,0,0,0,0,0,0,1.0,0.0,0.0,0.0,23652,6000,17652,2671,0,2671,5172,0,5172,230,0,230,8314,0,8314,7265,6000,1265,0.6548726365634503,0.6453769833332803,0.6884000000000013,23652,0.6596107659264638,6000,6000,0.48928187676357476,5988,0.492833744177922,0.642267082457863,0.357732917542137,0.06666666666666667,0.0035518674143472095,4.9078369140625,frozen_v8_calibrated_2x2_semantic_replay,0,348,0,assigned_level_sensitivity,dynamic,periodic,0.0,False,True,0.0,0.0,0.0,0
HBTASP-Dynamic,24000,23636,0,,0,0,250,6,1000,1010,,6000,0,0.0,6000,6000,0,0,0,0,0,0,1.0,0.0,0.0,0.0,23636,6000,17636,2627,0,2627,5348,0,5348,207,0,207,8110,0,8110,7344,6000,1344,0.6547076366558925,0.6447779041666114,0.6884000000000013,23636,0.6595724442444877,6000,6000,0.4903700127746138,5992,0.4931001156800562,0.6382837493841725,0.36171625061582746,0.06883333333333333,0.0027301029054423998,4.709763526916504,frozen_v8_calibrated_2x2_semantic_replay,0,364,0,assigned_level_sensitivity,dynamic,periodic,0.0,False,True,0.0,0.0,0.0,0
HBTASP-Dynamic,32000,30528,0,,0,0,250,8,1000,101,,8000,0,0.0,8000,8000,0,0,0,0,0,0,1.0,0.0,0.0,0.0,30528,8000,22528,9412,0,9412,10665,0,10665,102,0,102,1680,0,1680,8669,8000,669,0.6291861667975055,0.6002436031248202,0.6884000000000013,30528,0.6280715094504111,8000,8000,0.470024805668835,7915,0.4809914764074372,0.630869426983121,0.369130573016879,0.086,0.010966670738602247,6.511924505233765,frozen_v8_calibrated_2x2_semantic_replay,0,1472,0,assigned_level_sensitivity,dynamic,periodic,0.0,False,True,0.0,0.0,0.0,0
HBTASP-Dynamic,32000,30584,0,,0,0,250,8,1000,202,,8000,0,0.0,8000,8000,0,0,0,0,0,0,1.0,0.0,0.0,0.0,30584,8000,22584,9280,0,9280,10905,0,10905,90,0,90,1684,0,1684,8625,8000,625,0.6292320330890078,0.6013885156248192,0.6884000000000013,30584,0.6287455617106921,8000,8000,0.4708592227088121,7921,0.4806029416521382,0.6298905683795757,0.3701094316204243,0.085875,0.009743718943326096,8.876271724700928,frozen_v8_calibrated_2x2_semantic_replay,0,1416,0,assigned_level_sensitivity,dynamic,periodic,0.0,False,True,0.0,0.0,0.0,0
HBTASP-Dynamic,32000,30648,0,,0,0,250,8,1000,303,,8000,0,0.0,8000,8000,0,0,0,0,0,0,1.0,0.0,0.0,0.0,30648,8000,22648,9169,0,9169,11053,0,11053,96,0,96,1729,0,1729,8601,8000,601,0.6293820118766047,0.6027906218748181,0.6884000000000013,30648,0.6291551614215125,8000,8000,0.4669284200463647,7952,0.47572957367334023,0.6209398765303574,0.3790601234696426,0.087,0.008801153626975533,13.19525694847107,frozen_v8_calibrated_2x2_semantic_replay,0,1352,0,assigned_level_sensitivity,dynamic,periodic,0.0,False,True,0.0,0.0,0.0,0
HBTASP-Dynamic,32000,30608,0,,0,0,250,8,1000,404,,8000,0,0.0,8000,8000,0,0,0,0,0,0,1.0,0.0,0.0,0.0,30608,8000,22608,9418,0,9418,10732,0,10732,118,0,118,1674,0,1674,8666,8000,666,0.6291459030316988,0.6017780562498198,0.6884000000000013,30608,0.6281899051888461,8000,8000,0.47136196209217085,7968,0.4792094212459885,0.6256678538937893,0.3743321461062107,0.082,0.007847459153817626,20.118059873580933,frozen_v8_calibrated_2x2_semantic_replay,0,1392,0,assigned_level_sensitivity,dynamic,periodic,0.0,False,True,0.0,0.0,0.0,0
HBTASP-Dynamic,32000,30728,0,,0,0,250,8,1000,505,,8000,0,0.0,8000,8000,0,0,0,0,0,0,1.0,0.0,0.0,0.0,30728,8000,22728,9467,0,9467,10863,0,10863,63,0,63,1805,0,1805,8530,8000,530,0.6289176386355831,0.6039181624998187,0.6884000000000013,30728,0.6302713441126985,8000,8000,0.47312182307779405,7952,0.48126833899204596,0.6330926444341521,0.36690735556584786,0.077,0.008146515914251917,7.788987636566162,frozen_v8_calibrated_2x2_semantic_replay,0,1272,0,assigned_level_sensitivity,dynamic,periodic,0.0,False,True,0.0,0.0,0.0,0
HBTASP-Dynamic,32000,30696,0,,0,0,250,8,1000,606,,8000,0,0.0,8000,8000,0,0,0,0,0,0,1.0,0.0,0.0,0.0,30696,8000,22696,9109,0,9109,11233,0,11233,105,0,105,1703,0,1703,8546,8000,546,0.6292771305705679,0.6036340874998173,0.6884000000000013,30696,0.6305047117791853,8000,8000,0.4716066196198606,7936,0.48062206856296874,0.6262593604329556,0.3737406395670444,0.081,0.009015448943108129,6.939161777496338,frozen_v8_calibrated_2x2_semantic_replay,0,1304,0,assigned_level_sensitivity,dynamic,periodic,0.0,False,True,0.0,0.0,0.0,0
HBTASP-Dynamic,32000,30560,0,,0,0,250,8,1000,707,,8000,0,0.0,8000,8000,0,0,0,0,0,0,1.0,0.0,0.0,0.0,30560,8000,22560,9298,0,9298,10773,0,10773,75,0,75,1771,0,1771,8643,8000,643,0.6294018193715407,0.6010787374998214,0.6884000000000013,30560,0.6277744515959528,8000,8000,0.47084622377602425,7927,0.4812014908245399,0.6267471025715273,0.3732528974284727,0.083,0.010355267048515637,7.043954133987427,frozen_v8_calibrated_2x2_semantic_replay,0,1440,0,assigned_level_sensitivity,dynamic,periodic,0.0,False,True,0.0,0.0,0.0,0
HBTASP-Dynamic,32000,30664,0,,0,0,250,8,1000,808,,8000,0,0.0,8000,8000,0,0,0,0,0,0,1.0,0.0,0.0,0.0,30664,8000,22664,9557,0,9557,10696,0,10696,103,0,103,1651,0,1651,8657,8000,657,0.6288737248889344,0.6026182468748215,0.6884000000000013,30664,0.6292712274629902,8000,8000,0.47361100755863705,7952,0.48015031713068995,0.6321908080505102,0.3678091919494898,0.083,0.006539309572052898,5.7207653522491455,frozen_v8_calibrated_2x2_semantic_replay,0,1336,0,assigned_level_sensitivity,dynamic,periodic,0.0,False,True,0.0,0.0,0.0,0
HBTASP-Dynamic,32000,30680,0,,0,0,250,8,1000,909,,8000,0,0.0,8000,8000,0,0,0,0,0,0,1.0,0.0,0.0,0.0,30680,8000,22680,9447,0,9447,10958,0,10958,95,0,95,1604,0,1604,8576,8000,576,0.6287335169489628,0.6027982593748181,0.6884000000000013,30680,0.6290343531228951,8000,8000,0.47102087796029246,7936,0.4800775925785839,0.6325599593588915,0.36744004064110847,0.079,0.00905671461829144,5.57639217376709,frozen_v8_calibrated_2x2_semantic_replay,0,1320,0,assigned_level_sensitivity,dynamic,periodic,0.0,False,True,0.0,0.0,0.0,0
HBTASP-Dynamic,32000,30696,0,,0,0,250,8,1000,1010,,8000,0,0.0,8000,8000,0,0,0,0,0,0,1.0,0.0,0.0,0.0,30696,8000,22696,9764,0,9764,10553,0,10553,24,0,24,1781,0,1781,8574,8000,574,0.6285733939273623,0.6029590281248224,0.6884000000000013,30696,0.6296728718366181,8000,8000,0.4727578230432872,7944,0.48077388060181825,0.6299567154803422,0.37004328451965784,0.082,0.008016057558531076,6.262588024139404,frozen_v8_calibrated_2x2_semantic_replay,0,1304,0,assigned_level_sensitivity,dynamic,periodic,0.0,False,True,0.0,0.0,0.0,0
HBTASP-Dynamic,40000,36640,0,,0,0,250,10,1000,101,,10000,0,0.0,10000,10000,0,0,0,0,0,0,1.0,0.0,0.0,0.0,36640,10000,26640,25940,0,25940,700,0,700,0,0,0,0,0,0,10000,10000,0,0.609608897379941,0.5584017500000259,0.6884000000000013,36640,0.6031705235706174,10000,10000,0.42630152225086715,9780,0.44399817160296456,0.6246522537697872,0.37534774623021283,0.104,0.017696649352097416,6.667162179946899,frozen_v8_calibrated_2x2_semantic_replay,0,3360,0,assigned_level_sensitivity,dynamic,periodic,0.0,False,True,0.0,0.0,0.0,0
HBTASP-Dynamic,40000,36720,0,,0,0,250,10,1000,202,,10000,0,0.0,10000,10000,0,0,0,0,0,0,1.0,0.0,0.0,0.0,36720,10000,26720,26201,0,26201,519,0,519,0,0,0,0,0,0,10000,10000,0,0.6093484940087484,0.559381917500031,0.6884000000000013,36720,0.6036372367002797,10000,10000,0.4221130987554973,9740,0.4405667315907925,0.6309799967045968,0.3690200032954032,0.108,0.01845363283529522,7.232465505599976,frozen_v8_calibrated_2x2_semantic_replay,0,3280,0,assigned_level_sensitivity,dynamic,periodic,0.0,False,True,0.0,0.0,0.0,0
HBTASP-Dynamic,40000,36740,0,,0,0,250,10,1000,303,,10000,0,0.0,10000,10000,0,0,0,0,0,0,1.0,0.0,0.0,0.0,36740,10000,26740,26220,0,26220,520,0,520,0,0,0,0,0,0,10000,10000,0,0.6093330430049341,0.5596724000000319,0.6884000000000013,36740,0.6029815181063782,10000,10000,0.4270164259792129,9800,0.4441508133733191,0.610959845124291,0.389040154875709,0.098,0.017134387394106165,6.419832468032837,frozen_v8_calibrated_2x2_semantic_replay,0,3260,0,assigned_level_sensitivity,dynamic,periodic,0.0,False,True,0.0,0.0,0.0,0
HBTASP-Dynamic,40000,36500,0,,0,0,250,10,1000,404,,10000,0,0.0,10000,10000,0,0,0,0,0,0,1.0,0.0,0.0,0.0,36500,10000,26500,25519,0,25519,961,0,961,0,0,0,20,0,20,10000,10000,0,0.6100588301370065,0.5566786825000184,0.6884000000000013,36500,0.6015412621467456,10000,10000,0.4227075588608759,9740,0.44343619519246086,0.6098556624926815,0.3901443375073185,0.112,0.02072863633158495,6.65292501449585,frozen_v8_calibrated_2x2_semantic_replay,0,3500,0,assigned_level_sensitivity,dynamic,periodic,0.0,False,True,0.0,0.0,0.0,0
HBTASP-Dynamic,40000,36620,0,,0,0,250,10,1000,505,,10000,0,0.0,10000,10000,0,0,0,0,0,0,1.0,0.0,0.0,0.0,36620,10000,26620,25810,0,25810,810,0,810,0,0,0,0,0,0,10000,10000,0,0.6097436646641443,0.5582203250000242,0.6884000000000013,36620,0.6022765733184817,10000,10000,0.42687204204049156,9820,0.44382495735215466,0.6239904530569481,0.3760095469430519,0.098,0.016952915311663097,6.668787002563477,frozen_v8_calibrated_2x2_semantic_replay,0,3380,0,assigned_level_sensitivity,dynamic,periodic,0.0,False,True,0.0,0.0,0.0,0
HBTASP-Dynamic,40000,36600,0,,0,0,250,10,1000,606,,10000,0,0.0,10000,10000,0,0,0,0,0,0,1.0,0.0,0.0,0.0,36600,10000,26600,25778,0,25778,822,0,822,0,0,0,0,0,0,10000,10000,0,0.6097733497268011,0.5579426150000231,0.6884000000000013,36600,0.6033460002349398,10000,10000,0.42750513762979336,9760,0.4462265300845254,0.6245465008348547,0.37545349916514525,0.102,0.018721392454732033,6.572176456451416,frozen_v8_calibrated_2x2_semantic_replay,0,3400,0,assigned_level_sensitivity,dynamic,periodic,0.0,False,True,0.0,0.0,0.0,0
HBTASP-Dynamic,40000,36580,0,,0,0,250,10,1000,707,,10000,0,0.0,10000,10000,0,0,0,0,0,0,1.0,0.0,0.0,0.0,36580,10000,26580,25880,0,25880,660,0,660,20,0,20,20,0,20,10000,10000,0,0.609703116457108,0.5575735000000253,0.6884000000000013,36580,0.6006868839575857,10000,10000,0.421590847180761,9720,0.44418169923166906,0.6244979723543859,0.37550202764561413,0.114,0.02259085205090805,6.659023761749268,frozen_v8_calibrated_2x2_semantic_replay,0,3420,0,assigned_level_sensitivity,dynamic,periodic,0.0,False,True,0.0,0.0,0.0,0
HBTASP-Dynamic,40000,36620,0,,0,0,250,10,1000,808,,10000,0,0.0,10000,10000,0,0,0,0,0,0,1.0,0.0,0.0,0.0,36620,10000,26620,25939,0,25939,661,0,661,0,0,0,20,0,20,10000,10000,0,0.6096350983069639,0.5581209325000255,0.6884000000000013,36620,0.6022164544284082,10000,10000,0.4252033871156465,9800,0.44414447320984296,0.6168639210303353,0.38313607896966473,0.1,0.01894108609419648,6.88008451461792,frozen_v8_calibrated_2x2_semantic_replay,0,3380,0,assigned_level_sensitivity,dynamic,periodic,0.0,False,True,0.0,0.0,0.0,0
HBTASP-Dynamic,40000,36700,0,,0,0,250,10,1000,909,,10000,0,0.0,10000,10000,0,0,0,0,0,0,1.0,0.0,0.0,0.0,36700,10000,26700,26190,0,26190,490,0,490,0,0,0,20,0,20,10000,10000,0,0.6093852043597059,0.5591109250000301,0.6884000000000013,36700,0.6019436451444179,10000,10000,0.4206925412728475,9780,0.4382902416055371,0.6234972965412031,0.3765027034587969,0.114,0.017597700332689592,6.609289646148682,frozen_v8_calibrated_2x2_semantic_replay,0,3300,0,assigned_level_sensitivity,dynamic,periodic,0.0,False,True,0.0,0.0,0.0,0
HBTASP-Dynamic,40000,36500,0,,0,0,250,10,1000,1010,,10000,0,0.0,10000,10000,0,0,0,0,0,0,1.0,0.0,0.0,0.0,36500,10000,26500,25620,0,25620,840,0,840,20,0,20,20,0,20,10000,10000,0,0.6099642191781041,0.5565923500000199,0.6884000000000013,36500,0.6012574815554244,10000,10000,0.42679926060222206,9780,0.44362401922311023,0.6242187738907461,0.3757812261092539,0.108,0.01682475862088817,6.714268207550049,frozen_v8_calibrated_2x2_semantic_replay,0,3500,0,assigned_level_sensitivity,dynamic,periodic,0.0,False,True,0.0,0.0,0.0,0
HBTASP-Dynamic,16000,16000,0,,0,0,300,4,1000,101,,4000,0,0.0,4000,4000,0,0,0,0,0,0,1.0,0.0,0.0,0.0,16000,4000,12000,125,0,125,80,0,80,55,0,55,3556,0,3556,12184,4000,8184,0.6836198812498366,0.6836198812498366,0.6884000000000013,16000,0.6854411994622925,4000,4000,0.49422103622030267,4000,0.49422103622030267,0.6343798443478353,0.36562015565216466,0.06,0.0,2.330852746963501,frozen_v8_calibrated_2x2_semantic_replay,0,0,0,assigned_level_sensitivity,dynamic,periodic,0.0,False,True,0.0,0.0,0.0,0
HBTASP-Dynamic,16000,16000,0,,0,0,300,4,1000,202,,4000,0,0.0,4000,4000,0,0,0,0,0,0,1.0,0.0,0.0,0.0,16000,4000,12000,94,0,94,68,0,68,52,0,52,3542,0,3542,12244,4000,8244,0.6839061999998362,0.6839061999998362,0.6884000000000013,16000,0.6855800399939538,4000,4000,0.49377424203865544,4000,0.49377424203865544,0.6347656303126322,0.3652343696873678,0.062,0.0,2.363877296447754,frozen_v8_calibrated_2x2_semantic_replay,0,0,0,assigned_level_sensitivity,dynamic,periodic,0.0,False,True,0.0,0.0,0.0,0
HBTASP-Dynamic,16000,16000,0,,0,0,300,4,1000,303,,4000,0,0.0,4000,4000,0,0,0,0,0,0,1.0,0.0,0.0,0.0,16000,4000,12000,55,0,55,99,0,99,10,0,10,3677,0,3677,12159,4000,8159,0.6840233937498379,0.6840233937498379,0.6884000000000013,16000,0.6856273575398889,4000,4000,0.4933532910277673,4000,0.4933532910277673,0.6316779619538362,0.3683220380461638,0.062,0.0,2.301645278930664,frozen_v8_calibrated_2x2_semantic_replay,0,0,0,assigned_level_sensitivity,dynamic,periodic,0.0,False,True,0.0,0.0,0.0,0
HBTASP-Dynamic,16000,16000,0,,0,0,300,4,1000,404,,4000,0,0.0,4000,4000,0,0,0,0,0,0,1.0,0.0,0.0,0.0,16000,4000,12000,88,0,88,75,0,75,12,0,12,3723,0,3723,12102,4000,8102,0.6838530937498385,0.6838530937498385,0.6884000000000013,16000,0.6854821696842675,4000,4000,0.49712132651850294,4000,0.49712132651850294,0.6373392676967811,0.36266073230321894,0.06375,0.0,2.3152449131011963,frozen_v8_calibrated_2x2_semantic_replay,0,0,0,assigned_level_sensitivity,dynamic,periodic,0.0,False,True,0.0,0.0,0.0,0
HBTASP-Dynamic,16000,16000,0,,0,0,300,4,1000,505,,4000,0,0.0,4000,4000,0,0,0,0,0,0,1.0,0.0,0.0,0.0,16000,4000,12000,95,0,95,37,0,37,54,0,54,3589,0,3589,12225,4000,8225,0.683984406249836,0.683984406249836,0.6884000000000013,16000,0.6856105459501034,4000,4000,0.4950360653124071,4000,0.4950360653124071,0.6383446830218568,0.36165531697814324,0.062,0.0,2.3336637020111084,frozen_v8_calibrated_2x2_semantic_replay,0,0,0,assigned_level_sensitivity,dynamic,periodic,0.0,False,True,0.0,0.0,0.0,0
HBTASP-Dynamic,16000,16000,0,,0,0,300,4,1000,606,,4000,0,0.0,4000,4000,0,0,0,0,0,0,1.0,0.0,0.0,0.0,16000,4000,12000,101,0,101,38,0,38,25,0,25,3550,0,3550,12286,4000,8286,0.684056831249835,0.684056831249835,0.6884000000000013,16000,0.685705715033933,4000,4000,0.4944495985180446,4000,0.4944495985180446,0.6325778407130006,0.3674221592869994,0.064,0.0,2.327550172805786,frozen_v8_calibrated_2x2_semantic_replay,0,0,0,assigned_level_sensitivity,dynamic,periodic,0.0,False,True,0.0,0.0,0.0,0
HBTASP-Dynamic,16000,16000,0,,0,0,300,4,1000,707,,4000,0,0.0,4000,4000,0,0,0,0,0,0,1.0,0.0,0.0,0.0,16000,4000,12000,78,0,78,65,0,65,47,0,47,3676,0,3676,12134,4000,8134,0.6839136124998381,0.6839136124998381,0.6884000000000013,16000,0.6855710902268055,4000,4000,0.49256001199576194,4000,0.49256001199576194,0.6326269667840994,0.36737303321590065,0.062,0.0,2.316112995147705,frozen_v8_calibrated_2x2_semantic_replay,0,0,0,assigned_level_sensitivity,dynamic,periodic,0.0,False,True,0.0,0.0,0.0,0
HBTASP-Dynamic,16000,16000,0,,0,0,300,4,1000,808,,4000,0,0.0,4000,4000,0,0,0,0,0,0,1.0,0.0,0.0,0.0,16000,4000,12000,88,0,88,62,0,62,16,0,16,3520,0,3520,12314,4000,8314,0.6840943624998349,0.6840943624998349,0.6884000000000013,16000,0.6856019624888798,4000,4000,0.49351640136875874,4000,0.49351640136875874,0.6326826560488412,0.3673173439511588,0.062,0.0,2.337977886199951,frozen_v8_calibrated_2x2_semantic_replay,0,0,0,assigned_level_sensitivity,dynamic,periodic,0.0,False,True,0.0,0.0,0.0,0
HBTASP-Dynamic,16000,16000,0,,0,0,300,4,1000,909,,4000,0,0.0,4000,4000,0,0,0,0,0,0,1.0,0.0,0.0,0.0,16000,4000,12000,58,0,58,64,0,64,39,0,39,3622,0,3622,12217,4000,8217,0.6841288687498367,0.6841288687498367,0.6884000000000013,16000,0.6857123794920092,4000,4000,0.49392910996663153,4000,0.49392910996663153,0.6327568500165388,0.3672431499834612,0.064,0.0,2.524467706680298,frozen_v8_calibrated_2x2_semantic_replay,0,0,0,assigned_level_sensitivity,dynamic,periodic,0.0,False,True,0.0,0.0,0.0,0
HBTASP-Dynamic,16000,16000,0,,0,0,300,4,1000,1010,,4000,0,0.0,4000,4000,0,0,0,0,0,0,1.0,0.0,0.0,0.0,16000,4000,12000,66,0,66,66,0,66,23,0,23,3753,0,3753,12092,4000,8092,0.683983618749839,0.683983618749839,0.6884000000000013,16000,0.6856805782153497,4000,4000,0.4980972102769603,4000,0.4980972102769603,0.6345342494026772,0.3654657505973228,0.059,0.0,2.360560655593872,frozen_v8_calibrated_2x2_semantic_replay,0,0,0,assigned_level_sensitivity,dynamic,periodic,0.0,False,True,0.0,0.0,0.0,0
HBTASP-Dynamic,24000,23802,0,,0,0,300,6,1000,101,,6000,0,0.0,6000,6000,0,0,0,0,0,0,1.0,0.0,0.0,0.0,23802,6000,17802,1274,0,1274,3182,0,3182,205,0,205,4771,0,4771,14370,6000,8370,0.6697045668429064,0.6641795041664524,0.6884000000000013,23802,0.6728058848429497,6000,6000,0.4905490549888406,5996,0.4917437315591332,0.6347099238757459,0.3652900761242541,0.0685,0.0011946765702925966,3.965859889984131,frozen_v8_calibrated_2x2_semantic_replay,0,198,0,assigned_level_sensitivity,dynamic,periodic,0.0,False,True,0.0,0.0,0.0,0
HBTASP-Dynamic,24000,23836,0,,0,0,300,6,1000,202,,6000,0,0.0,6000,6000,0,0,0,0,0,0,1.0,0.0,0.0,0.0,23836,6000,17836,1424,0,1424,3351,0,3351,193,0,193,4445,0,4445,14423,6000,8423,0.668778687699057,0.6642086999997802,0.6884000000000013,23836,0.6731280380825172,6000,6000,0.49094133542164564,6000,0.4914914634980935,0.6349211549912981,0.3650788450087019,0.066,0.0005501280764478311,3.9108402729034424,frozen_v8_calibrated_2x2_semantic_replay,0,164,0,assigned_level_sensitivity,dynamic,periodic,0.0,False,True,0.0,0.0,0.0,0
HBTASP-Dynamic,24000,23857,0,,0,0,300,6,1000,303,,6000,0,0.0,6000,6000,0,0,0,0,0,0,1.0,0.0,0.0,0.0,23857,6000,17857,1443,0,1443,3101,0,3101,217,0,217,4706,0,4706,14390,6000,8390,0.6692303726367433,0.6652428749997827,0.6884000000000013,23857,0.6735823359206112,6000,6000,0.4953403063242354,6000,0.49611782754353734,0.6390036881095648,0.36099631189043524,0.06233333333333333,0.0007775212193019132,3.9176604747772217,frozen_v8_calibrated_2x2_semantic_replay,0,143,0,assigned_level_sensitivity,dynamic,periodic,0.0,False,True,0.0,0.0,0.0,0
HBTASP-Dynamic,24000,23826,0,,0,0,300,6,1000,404,,6000,0,0.0,6000,6000,0,0,0,0,0,0,1.0,0.0,0.0,0.0,23826,6000,17826,1296,0,1296,3318,0,3318,228,0,228,4767,0,4767,14217,6000,8217,0.6691820700073419,0.6643304999997887,0.6884000000000013,23826,0.6733617133879372,6000,6000,0.4914889346104532,5996,0.49224488826093904,0.6355556039123146,0.3644443960876854,0.0675,0.0007559536504858633,3.8194994926452637,frozen_v8_calibrated_2x2_semantic_replay,0,174,0,assigned_level_sensitivity,dynamic,periodic,0.0,False,True,0.0,0.0,0.0,0
HBTASP-Dynamic,24000,23820,0,,0,0,300,6,1000,505,,6000,0,0.0,6000,6000,0,0,0,0,0,0,1.0,0.0,0.0,0.0,23820,6000,17820,1365,0,1365,3297,0,3297,230,0,230,4620,0,4620,14308,6000,8308,0.6690134466832421,0.6639958458331179,0.6884000000000013,23820,0.673156797563452,6000,6000,0.4927894989967792,5992,0.49408972637538046,0.63556621629764,0.36443378370236,0.06333333333333334,0.0013002273786012486,3.7521650791168213,frozen_v8_calibrated_2x2_semantic_replay,0,180,0,assigned_level_sensitivity,dynamic,periodic,0.0,False,True,0.0,0.0,0.0,0
HBTASP-Dynamic,24000,23825,0,,0,0,300,6,1000,606,,6000,0,0.0,6000,6000,0,0,0,0,0,0,1.0,0.0,0.0,0.0,23825,6000,17825,1422,0,1422,3189,0,3189,223,0,223,4680,0,4680,14311,6000,8311,0.6690477817416506,0.6641693083331177,0.6884000000000013,23825,0.6733479704117166,6000,6000,0.4933823123542263,5988,0.4947547539227151,0.6373343289880115,0.36266567101198854,0.06816666666666667,0.0013724415684888136,3.96889591217041,frozen_v8_calibrated_2x2_semantic_replay,0,175,0,assigned_level_sensitivity,dynamic,periodic,0.0,False,True,0.0,0.0,0.0,0
HBTASP-Dynamic,24000,23865,0,,0,0,300,6,1000,707,,6000,0,0.0,6000,6000,0,0,0,0,0,0,1.0,0.0,0.0,0.0,23865,6000,17865,1424,0,1424,3188,0,3188,219,0,219,4646,0,4646,14388,6000,8388,0.66910335218918,0.665339645833116,0.6884000000000013,23865,0.6740188229140661,6000,6000,0.49406159548808987,5988,0.4955249435081961,0.6382044484206889,0.3617955515793111,0.06383333333333334,0.0014633480201062254,3.7873432636260986,frozen_v8_calibrated_2x2_semantic_replay,0,135,0,assigned_level_sensitivity,dynamic,periodic,0.0,False,True,0.0,0.0,0.0,0
HBTASP-Dynamic,24000,23796,0,,0,0,300,6,1000,808,,6000,0,0.0,6000,6000,0,0,0,0,0,0,1.0,0.0,0.0,0.0,23796,6000,17796,1389,0,1389,3182,0,3182,179,0,179,4601,0,4601,14445,6000,8445,0.6693295721967875,0.6636402708331147,0.6884000000000013,23796,0.6729146212527625,6000,6000,0.4903006521005571,5980,0.4927598327485014,0.6331720621682188,0.36682793783178125,0.06366666666666666,0.002459180647944259,3.7923622131347656,frozen_v8_calibrated_2x2_semantic_replay,0,204,0,assigned_level_sensitivity,dynamic,periodic,0.0,False,True,0.0,0.0,0.0,0
HBTASP-Dynamic,24000,23833,0,,0,0,300,6,1000,909,,6000,0,0.0,6000,6000,0,0,0,0,0,0,1.0,0.0,0.0,0.0,23833,6000,17833,1352,0,1352,3147,0,3147,179,0,179,4829,0,4829,14326,6000,8326,0.669484638945785,0.6648261416664539,0.6884000000000013,23833,0.67331807252555,6000,6000,0.49139475335629595,5992,0.4931685000538949,0.6360118677927308,0.3639881322072692,0.06366666666666666,0.0017737466975989435,3.8464815616607666,frozen_v8_calibrated_2x2_semantic_replay,0,167,0,assigned_level_sensitivity,dynamic,periodic,0.0,False,True,0.0,0.0,0.0,0
HBTASP-Dynamic,24000,23833,0,,0,0,300,6,1000,1010,,6000,0,0.0,6000,6000,0,0,0,0,0,0,1.0,0.0,0.0,0.0,23833,6000,17833,1364,0,1364,3308,0,3308,185,0,185,4699,0,4699,14277,6000,8277,0.6690288549488042,0.6643735291664521,0.6884000000000013,23833,0.6730193833949943,6000,6000,0.49168781544695206,5996,0.49297014822077,0.6357154078893997,0.36428459211060027,0.06483333333333334,0.0012823327738179513,3.9375269412994385,frozen_v8_calibrated_2x2_semantic_replay,0,167,0,assigned_level_sensitivity,dynamic,periodic,0.0,False,True,0.0,0.0,0.0,0
HBTASP-Dynamic,32000,31279,0,,0,0,300,8,1000,101,,8000,0,0.0,8000,8000,0,0,0,0,0,0,1.0,0.0,0.0,0.0,31279,8000,23279,6837,0,6837,5888,0,5888,319,0,319,9746,0,9746,8489,8000,489,0.6460413344414728,0.6314852156248384,0.6884000000000013,31279,0.6526251993501516,8000,8000,0.4832541541466341,7976,0.48730405311891506,0.6455051221347486,0.35449487786525136,0.068125,0.004049898972280974,5.458192348480225,frozen_v8_calibrated_2x2_semantic_replay,0,721,0,assigned_level_sensitivity,dynamic,periodic,0.0,False,True,0.0,0.0,0.0,0
HBTASP-Dynamic,32000,31352,0,,0,0,300,8,1000,202,,8000,0,0.0,8000,8000,0,0,0,0,0,0,1.0,0.0,0.0,0.0,31352,8000,23352,6876,0,6876,5764,0,5764,261,0,261,9986,0,9986,8465,8000,465,0.6462451932889391,0.6331587281248382,0.6884000000000013,31352,0.6536364891428634,8000,8000,0.482014537634388,8000,0.48380321380755364,0.6436902084816492,0.35630979151835085,0.073,0.0017886761731656375,5.298578500747681,frozen_v8_calibrated_2x2_semantic_replay,0,648,0,assigned_level_sensitivity,dynamic,periodic,0.0,False,True,0.0,0.0,0.0,0
HBTASP-Dynamic,32000,31339,0,,0,0,300,8,1000,303,,8000,0,0.0,8000,8000,0,0,0,0,0,0,1.0,0.0,0.0,0.0,31339,8000,23339,6905,0,6905,5974,0,5974,344,0,344,9673,0,9673,8443,8000,443,0.6456932193112364,0.6323556187498386,0.6884000000000013,31339,0.6534919561830907,8000,8000,0.47847753795353803,7984,0.48234103023464636,0.6387363161018693,0.3612636838981307,0.079125,0.003863492281108327,5.318758010864258,frozen_v8_calibrated_2x2_semantic_replay,0,661,0,assigned_level_sensitivity,dynamic,periodic,0.0,False,True,0.0,0.0,0.0,0
HBTASP-Dynamic,32000,31334,0,,0,0,300,8,1000,404,,8000,0,0.0,8000,8000,0,0,0,0,0,0,1.0,0.0,0.0,0.0,31334,8000,23334,7043,0,7043,5961,0,5961,267,0,267,9580,0,9580,8483,8000,483,0.6453882428031801,0.6319560999998389,0.6884000000000013,31334,0.6528599098442235,8000,8000,0.47891353525245584,7984,0.48354740125329654,0.6350183596326787,0.3649816403673213,0.077125,0.004633866000840703,5.735125541687012,frozen_v8_calibrated_2x2_semantic_replay,0,666,0,assigned_level_sensitivity,dynamic,periodic,0.0,False,True,0.0,0.0,0.0,0
HBTASP-Dynamic,32000,31375,0,,0,0,300,8,1000,505,,8000,0,0.0,8000,8000,0,0,0,0,0,0,1.0,0.0,0.0,0.0,31375,8000,23375,7063,0,7063,5852,0,5852,232,0,232,9805,0,9805,8423,8000,423,0.6455572270914701,0.6329486874998398,0.6884000000000013,31375,0.6538619643308048,8000,8000,0.4813820370401044,7976,0.48520770447561257,0.6462085584292384,0.3537914415707616,0.077,0.003825667435508162,5.502515077590942,frozen_v8_calibrated_2x2_semantic_replay,0,625,0,assigned_level_sensitivity,dynamic,periodic,0.0,False,True,0.0,0.0,0.0,0
HBTASP-Dynamic,32000,31352,0,,0,0,300,8,1000,606,,8000,0,0.0,8000,8000,0,0,0,0,0,0,1.0,0.0,0.0,0.0,31352,8000,23352,6905,0,6905,5795,0,5795,182,0,182,9950,0,9950,8520,8000,520,0.646203996555075,0.6331183656248347,0.6884000000000013,31352,0.6539994911508494,8000,8000,0.48034459442867733,7984,0.48397386792018565,0.640985863602123,0.35901413639787705,0.072625,0.0036292734915083225,5.639727592468262,frozen_v8_calibrated_2x2_semantic_replay,0,648,0,assigned_level_sensitivity,dynamic,periodic,0.0,False,True,0.0,0.0,0.0,0
HBTASP-Dynamic,32000,31400,0,,0,0,300,8,1000,707,,8000,0,0.0,8000,8000,0,0,0,0,0,0,1.0,0.0,0.0,0.0,31400,8000,23400,6895,0,6895,5838,0,5838,335,0,335,9989,0,9989,8343,8000,343,0.6459723598724478,0.6338603781248395,0.6884000000000013,31400,0.6548808264264261,8000,8000,0.4812446608530214,7968,0.485488837143215,0.6362892082303314,0.3637107917696686,0.0745,0.00424417629019358,5.5785300731658936,frozen_v8_calibrated_2x2_semantic_replay,0,600,0,assigned_level_sensitivity,dynamic,periodic,0.0,False,True,0.0,0.0,0.0,0
HBTASP-Dynamic,32000,31449,0,,0,0,300,8,1000,808,,8000,0,0.0,8000,8000,0,0,0,0,0,0,1.0,0.0,0.0,0.0,31449,8000,23449,6813,0,6813,6208,0,6208,311,0,311,9777,0,9777,8340,8000,340,0.6456366021175478,0.6345195468748362,0.6884000000000013,31449,0.6549093104861666,8000,8000,0.48447166242281897,7976,0.4883608315312092,0.6435422996490865,0.3564577003509135,0.069875,0.0038891691083902113,6.125155925750732,frozen_v8_calibrated_2x2_semantic_replay,0,551,0,assigned_level_sensitivity,dynamic,periodic,0.0,False,True,0.0,0.0,0.0,0
HBTASP-Dynamic,32000,31386,0,,0,0,300,8,1000,909,,8000,0,0.0,8000,8000,0,0,0,0,0,0,1.0,0.0,0.0,0.0,31386,8000,23386,6882,0,6882,5951,0,5951,302,0,302,9844,0,9844,8407,8000,407,0.6458640890841398,0.6334715718748378,0.6884000000000013,31386,0.6540212689960851,8000,8000,0.48047819923536794,7981,0.4846384976916942,0.6439638019573113,0.3560361980426887,0.06925,0.004160298456326261,6.331940412521362,frozen_v8_calibrated_2x2_semantic_replay,0,614,0,assigned_level_sensitivity,dynamic,periodic,0.0,False,True,0.0,0.0,0.0,0
HBTASP-Dynamic,32000,31432,0,,0,0,300,8,1000,1010,,8000,0,0.0,8000,8000,0,0,0,0,0,0,1.0,0.0,0.0,0.0,31432,8000,23432,7133,0,7133,5677,0,5677,319,0,319,9960,0,9960,8343,8000,343,0.6455830109440994,0.6341239124998417,0.6884000000000013,31432,0.6542499995102862,8000,8000,0.47980995815364746,8000,0.48162911770305294,0.6435419029725477,0.35645809702745235,0.07225,0.0018191595494054802,5.6100804805755615,frozen_v8_calibrated_2x2_semantic_replay,0,568,0,assigned_level_sensitivity,dynamic,periodic,0.0,False,True,0.0,0.0,0.0,0
HBTASP-Dynamic,40000,38600,0,,0,0,300,10,1000,101,,10000,0,0.0,10000,10000,0,0,0,0,0,0,1.0,0.0,0.0,0.0,38600,10000,28600,13527,0,13527,12871,0,12871,80,0,80,2122,0,2122,10000,10000,0,0.6257488678754464,0.6038476574998058,0.6884000000000013,38600,0.6309510353977955,10000,10000,0.47028297122065077,9880,0.4802675230570685,0.6304543353798958,0.3695456646201042,0.082,0.009984551836417721,7.423047065734863,frozen_v8_calibrated_2x2_semantic_replay,0,1400,0,assigned_level_sensitivity,dynamic,periodic,0.0,False,True,0.0,0.0,0.0,0
HBTASP-Dynamic,40000,38680,0,,0,0,300,10,1000,202,,10000,0,0.0,10000,10000,0,0,0,0,0,0,1.0,0.0,0.0,0.0,38680,10000,28680,13835,0,13835,12643,0,12643,103,0,103,2099,0,2099,10000,10000,0,0.6254033402273099,0.6047650299998086,0.6884000000000013,38680,0.630504553369905,10000,10000,0.47111178968156603,9900,0.47938490464489497,0.6407760402589802,0.35922395974101984,0.0819,0.008273114963328942,7.934237241744995,frozen_v8_calibrated_2x2_semantic_replay,0,1320,0,assigned_level_sensitivity,dynamic,periodic,0.0,False,True,0.0,0.0,0.0,0
HBTASP-Dynamic,40000,38680,0,,0,0,300,10,1000,303,,10000,0,0.0,10000,10000,0,0,0,0,0,0,1.0,0.0,0.0,0.0,38680,10000,28680,13206,0,13206,13111,0,13111,101,0,101,2262,0,2262,10000,10000,0,0.6262715977247132,0.6056046349997977,0.6884000000000013,38680,0.6316670810969395,10000,10000,0.46786474777427295,9920,0.47549068448093024,0.6332671697473082,0.36673283025269177,0.078,0.007625936706657288,7.6994922161102295,frozen_v8_calibrated_2x2_semantic_replay,0,1320,0,assigned_level_sensitivity,dynamic,periodic,0.0,False,True,0.0,0.0,0.0,0
HBTASP-Dynamic,40000,38642,0,,0,0,300,10,1000,404,,10000,0,0.0,10000,10000,0,0,0,0,0,0,1.0,0.0,0.0,0.0,38642,10000,28642,14098,0,14098,12225,0,12225,140,0,140,2139,0,2139,10040,10000,40,0.6252967367111621,0.6040679124998182,0.6884000000000013,38642,0.6305105382566569,10000,10000,0.46575665349413803,9900,0.4762398468438305,0.6244572455226244,0.3755427544773756,0.0899,0.010483193349692499,7.789194107055664,frozen_v8_calibrated_2x2_semantic_replay,0,1358,0,assigned_level_sensitivity,dynamic,periodic,0.0,False,True,0.0,0.0,0.0,0
HBTASP-Dynamic,40000,38520,0,,0,0,300,10,1000,505,,10000,0,0.0,10000,10000,0,0,0,0,0,0,1.0,0.0,0.0,0.0,38520,10000,28520,13567,0,13567,12528,0,12528,42,0,42,2383,0,2383,10000,10000,0,0.6260687071649093,0.6029041649998077,0.6884000000000013,38520,0.628176137656858,10000,10000,0.4685191294851509,9900,0.4766942883372682,0.6392209858003399,0.3607790141996601,0.084,0.008175158852117281,7.74882173538208,frozen_v8_calibrated_2x2_semantic_replay,0,1480,0,assigned_level_sensitivity,dynamic,periodic,0.0,False,True,0.0,0.0,0.0,0
HBTASP-Dynamic,40000,38560,0,,0,0,300,10,1000,606,,10000,0,0.0,10000,10000,0,0,0,0,0,0,1.0,0.0,0.0,0.0,38560,10000,28560,13854,0,13854,12240,0,12240,229,0,229,2197,0,2197,10040,10000,40,0.6257021239624658,0.603176847499817,0.6884000000000013,38560,0.6296266741880171,10000,10000,0.4648914402646923,9900,0.4733509669167532,0.633030993687712,0.366969006312288,0.084,0.0084595266520609,7.500643491744995,frozen_v8_calibrated_2x2_semantic_replay,0,1440,0,assigned_level_sensitivity,dynamic,periodic,0.0,False,True,0.0,0.0,0.0,0
HBTASP-Dynamic,40000,38700,0,,0,0,300,10,1000,707,,10000,0,0.0,10000,10000,0,0,0,0,0,0,1.0,0.0,0.0,0.0,38700,10000,28700,13500,0,13500,12960,0,12960,99,0,99,2141,0,2141,10000,10000,0,0.6257965607233105,0.6054581724998029,0.6884000000000013,38700,0.631848878698332,10000,10000,0.46855673192741826,9900,0.47769558604289386,0.6370659791984059,0.3629340208015941,0.082,0.009138854115475603,7.4440600872039795,frozen_v8_calibrated_2x2_semantic_replay,0,1300,0,assigned_level_sensitivity,dynamic,periodic,0.0,False,True,0.0,0.0,0.0,0
HBTASP-Dynamic,40000,38600,0,,0,0,300,10,1000,808,,10000,0,0.0,10000,10000,0,0,0,0,0,0,1.0,0.0,0.0,0.0,38600,10000,28600,13746,0,13746,12551,0,12551,139,0,139,2124,0,2124,10040,10000,40,0.6256408082899603,0.6037433799998116,0.6884000000000013,38600,0.6304630983910741,10000,10000,0.46602426073776176,9880,0.4754042188085203,0.6380608357152472,0.3619391642847528,0.0861,0.009379958070758532,8.708130359649658,frozen_v8_calibrated_2x2_semantic_replay,0,1400,0,assigned_level_sensitivity,dynamic,periodic,0.0,False,True,0.0,0.0,0.0,0
HBTASP-Dynamic,40000,38540,0,,0,0,300,10,1000,909,,10000,0,0.0,10000,10000,0,0,0,0,0,0,1.0,0.0,0.0,0.0,38540,10000,28540,13743,0,13743,12514,0,12514,179,0,179,2104,0,2104,10000,10000,0,0.6255809314995457,0.6027472274998122,0.6884000000000013,38540,0.628973545443165,10000,10000,0.4677462952047417,9900,0.4784106873231287,0.6366503528545998,0.3633496471454002,0.08,0.01066439211838699,7.572170972824097,frozen_v8_calibrated_2x2_semantic_replay,0,1460,0,assigned_level_sensitivity,dynamic,periodic,0.0,False,True,0.0,0.0,0.0,0
HBTASP-Dynamic,40000,38700,0,,0,0,300,10,1000,1010,,10000,0,0.0,10000,10000,0,0,0,0,0,0,1.0,0.0,0.0,0.0,38700,10000,28700,13376,0,13376,13320,0,13320,63,0,63,1941,0,1941,10000,10000,0,0.6256157958654244,0.605283282499798,0.6884000000000013,38700,0.6304415793492757,10000,10000,0.4751403154949926,9900,0.4835150561800995,0.6358655968393143,0.3641344031606857,0.078,0.008374740685106907,7.011615991592407,frozen_v8_calibrated_2x2_semantic_replay,0,1300,0,assigned_level_sensitivity,dynamic,periodic,0.0,False,True,0.0,0.0,0.0,0
