configuration,period_ms,lines,seed,epochs,total_regions,mandatory_infeasible,optional_skipped,dispatch_infeasible,expired_waiting,completed,deadline_misses,thermal_violations,mandatory_released,mandatory_unique_terminal_uids,mandatory_pre_reject,mandatory_wait_expire,mandatory_late_complete,mandatory_on_time,mandatory_terminal_residual,mandatory_pre_rejection_rate,mandatory_admitted_dmr,mandatory_service_failure_rate,mandatory_terminal_table_sha256,budget_mode,network_mode,release_mode,priority_overhead_ms,all_regions_mandatory,enable_productive_cooling,fixed_voltage_index,enforce_thermal_feasibility,overrun_probability,overrun_min_extra,overrun_max_extra,forced_overrun_count,historical_completed_only_dice,historical_coverage_adjusted_dice,historical_mandatory_effective_dice,on_time_completed_regions,historical_weighted_coverage_utility,images,defective_images,mean_complete_image_dice,completed_only_images,mean_completed_only_dice,pixel_defect_recall,pixel_missed_detection_rate,image_complete_miss_rate,optimism_gap,average_temperature_c,iit_celsius_seconds,peak_temperature_c,observation_horizon_s,admission_infeasible,scheduler,early_exit,temperature_compensation
Static-V,100,4,101,1000,16000,0.0,2104.0,0.0,0,13896,0,0,4000,4000,0,0,0,4000,0,0.0,0.0,0.0,358345139b329c40140caebe1f44495eb1cb4ce7057ad9123725a473225c7759,assigned_level_sensitivity,dynamic,periodic,0.0,False,False,2.0,False,0.0,0.0,0.0,0.0,0.6139881980425299,0.5332487499999372,0.6884000000000013,13896,0.5836982433882885,4000,4000,0.4166996179133443,3888,0.4429259941330638,0.5774844665588695,0.4225155334411304,0.122,0.0262263762197195,58.61466031746362,0.0,59.49139249451422,99.99809999999998,nan,nan,nan,
Static-V,100,4,202,1000,16000,0.0,2072.0,0.0,0,13928,0,0,4000,4000,0,0,0,4000,0,0.0,0.0,0.0,34b8939f5e22fe77656bcf596b267a8e14848f4c8183e258a0aa6bf6964bce30,assigned_level_sensitivity,dynamic,periodic,0.0,False,False,2.0,False,0.0,0.0,0.0,0.0,0.6136685812750561,0.5341984999999363,0.6884000000000013,13928,0.5845199599187866,4000,4000,0.4179984195744503,3920,0.4396669625258189,0.5903769280231348,0.4096230719768652,0.116,0.0216685429513685,58.60583538289267,0.0,59.48034836145391,99.99809999999998,nan,nan,nan,
Static-V,100,4,303,1000,16000,0.0,2080.0,0.0,0,13920,0,0,4000,4000,0,0,0,4000,0,0.0,0.0,0.0,cb9cf6119f28cbbe2f515263b460577c6bf03d42557f7919b99931e42d877f4b,assigned_level_sensitivity,dynamic,periodic,0.0,False,False,2.0,False,0.0,0.0,0.0,0.0,0.6137569540229156,0.5339685499999366,0.6884000000000013,13920,0.583734687980203,4000,4000,0.420257786015787,3904,0.4451410538060428,0.5949181222531953,0.4050818777468047,0.118,0.0248832677902557,58.59685265191053,0.0,59.47268838770898,99.99809999999998,nan,nan,nan,
Static-V,100,4,404,1000,16000,0.0,2104.0,0.0,0,13896,0,0,4000,4000,0,0,0,4000,0,0.0,0.0,0.0,19660c8d7c38bf482c258d456033c0235b91bafa3f9150f8928502cb0b6a233e,assigned_level_sensitivity,dynamic,periodic,0.0,False,False,2.0,False,0.0,0.0,0.0,0.0,0.6138715025906013,0.5331473999999372,0.6884000000000013,13896,0.5822522442761766,4000,4000,0.4249627859287465,3920,0.4490657177350871,0.5953675928332316,0.4046324071667684,0.112,0.0241029318063406,58.59362919635058,0.0,59.443852841002894,99.99809999999998,nan,nan,nan,
Static-V,100,4,505,1000,16000,0.0,2088.0,0.0,0,13912,0,0,4000,4000,0,0,0,4000,0,0.0,0.0,0.0,73cdab68096cc443e0e24ada558429cabf1afc7f75cc16ce9d024a0d7cee62f9,assigned_level_sensitivity,dynamic,periodic,0.0,False,False,2.0,False,0.0,0.0,0.0,0.0,0.6138349626221233,0.5337294999999362,0.6884000000000013,13912,0.5810533716410936,4000,4000,0.4138545060570744,3880,0.4434416710437729,0.5804005851937154,0.4195994148062846,0.12,0.0295871649866984,58.6158259077496,0.0,59.47683551972604,99.99809999999998,nan,nan,nan,
Static-V,100,4,606,1000,16000,0.0,2064.0,0.0,0,13936,0,0,4000,4000,0,0,0,4000,0,0.0,0.0,0.0,7833957291a032d51d81862cac99e9d8ccb12f68b533b2caf53ee51ae3f9dc9c,assigned_level_sensitivity,dynamic,periodic,0.0,False,False,2.0,False,0.0,0.0,0.0,0.0,0.613590528128514,0.5344373499999356,0.6884000000000013,13936,0.5818786340439488,4000,4000,0.4194373541576299,3904,0.4457761554831883,0.5802121174729648,0.4197878825270352,0.114,0.0263388013255584,58.59871434950953,0.0,59.46987743869136,99.99809999999998,nan,nan,nan,
Static-V,100,4,707,1000,16000,0.0,2080.0,0.0,0,13920,0,0,4000,4000,0,0,0,4000,0,0.0,0.0,0.0,7299403d9d2d4f4ccec9f76133c48d8d07e2ed601a2777f731db87ca14e66056,assigned_level_sensitivity,dynamic,periodic,0.0,False,False,2.0,False,0.0,0.0,0.0,0.0,0.6137795402298123,0.5339881999999366,0.6884000000000013,13920,0.5825886329567176,4000,4000,0.417415858178287,3888,0.4452227982287555,0.5927906171841842,0.4072093828158157,0.128,0.0278069400504685,58.60202017628362,0.0,59.48792349709713,99.99809999999998,nan,nan,nan,
Static-V,100,4,808,1000,16000,0.0,2112.0,0.0,0,13888,0,0,4000,4000,0,0,0,4000,0,0.0,0.0,0.0,332b0fc25c5dccfb6fb5145b59221f17277c51b24f8c2d6148183eada1540c2c,assigned_level_sensitivity,dynamic,periodic,0.0,False,False,2.0,False,0.0,0.0,0.0,0.0,0.6140380760367943,0.5329850499999375,0.6884000000000013,13888,0.5809202403063537,4000,4000,0.42267530336395,3888,0.4485064203082857,0.6088526993498461,0.3911473006501539,0.12,0.0258311169443357,58.61535009478403,0.0,59.50976786137961,99.99809999999998,nan,nan,nan,
Static-V,100,4,909,1000,16000,0.0,2080.0,0.0,0,13920,0,0,4000,4000,0,0,0,4000,0,0.0,0.0,0.0,3a15676bda67054cb5929717fc730bfa67cd49969827870cd1819db4b67b2b0f,assigned_level_sensitivity,dynamic,periodic,0.0,False,False,2.0,False,0.0,0.0,0.0,0.0,0.6137414367815364,0.5339550499999366,0.6884000000000013,13920,0.583475481800584,4000,4000,0.4260783842119654,3896,0.4504894744266093,0.5900279350952283,0.4099720649047716,0.114,0.0244110902146438,58.60089492990805,0.0,59.47175295156298,99.99809999999998,nan,nan,nan,
Static-V,100,4,1010,1000,16000,0.0,2112.0,0.0,0,13888,0,0,4000,4000,0,0,0,4000,0,0.0,0.0,0.0,f74ec5db6e908852b709fb2fc49501319e260c6bb970c5803f31b89af1514827,assigned_level_sensitivity,dynamic,periodic,0.0,False,False,2.0,False,0.0,0.0,0.0,0.0,0.6139792626727397,0.5329339999999381,0.6884000000000013,13888,0.5811157366169764,4000,4000,0.4155330395395272,3880,0.442543945419904,0.5987830911690035,0.4012169088309965,0.124,0.0270109058803767,58.595581254654064,0.0,59.48679612336358,99.99809999999998,nan,nan,nan,
Static-V,100,6,101,1000,24000,0.0,14000.0,0.0,0,10000,0,0,6000,6000,0,0,0,6000,0,0.0,0.0,0.0,368e16a18b5b73e12179e2ceeeef5d7bbd6d7e12c7147fe591b0919c4402b0f8,assigned_level_sensitivity,dynamic,periodic,0.0,False,False,2.0,False,0.0,0.0,0.0,0.0,0.6485699999999911,0.2702374999999963,0.6884000000000013,10000,0.3726499957427494,6000,6000,0.2882106978177253,5176,0.4127265976393869,0.3140084338034297,0.6859915661965703,0.3273333333333333,0.1245158998216616,58.94045189161896,0.0,59.795055954877,99.9993,nan,nan,nan,
Static-V,100,6,202,1000,24000,0.0,14000.0,0.0,0,10000,0,0,6000,6000,0,0,0,6000,0,0.0,0.0,0.0,1647dacc78c42fdbc64e7d28ec9e5575601944c739c0044734f158d076fd1351,assigned_level_sensitivity,dynamic,periodic,0.0,False,False,2.0,False,0.0,0.0,0.0,0.0,0.6485699999999911,0.2702374999999963,0.6884000000000013,10000,0.3723868030281969,6000,6000,0.2928760295828164,5196,0.4166617024336316,0.3199259273363314,0.6800740726636686,0.3186666666666666,0.1237856728508152,58.94045189161896,0.0,59.795055954877,99.9993,nan,nan,nan,
Static-V,100,6,303,1000,24000,0.0,14000.0,0.0,0,10000,0,0,6000,6000,0,0,0,6000,0,0.0,0.0,0.0,b40e3956fc736148fe48725c99a765faa7ca344bcdde335f7de5815dce321912,assigned_level_sensitivity,dynamic,periodic,0.0,False,False,2.0,False,0.0,0.0,0.0,0.0,0.6485699999999911,0.2702374999999963,0.6884000000000013,10000,0.3723833679434392,6000,6000,0.284640494795948,5156,0.4120902700784999,0.3096678926478851,0.6903321073521149,0.3306666666666666,0.1274497752825519,58.94045189161896,0.0,59.795055954877,99.9993,nan,nan,nan,
Static-V,100,6,404,1000,24000,0.0,14000.0,0.0,0,10000,0,0,6000,6000,0,0,0,6000,0,0.0,0.0,0.0,90dd8c8ff63030dd9dbbd25c0b5e9d426cebafe711c88974834a56210f18bdc1,assigned_level_sensitivity,dynamic,periodic,0.0,False,False,2.0,False,0.0,0.0,0.0,0.0,0.6485699999999911,0.2702374999999963,0.6884000000000013,10000,0.3724622052226375,6000,6000,0.2872866411465852,5176,0.4122009190354262,0.3105602671798857,0.6894397328201143,0.3273333333333333,0.124914277888841,58.94045189161896,0.0,59.795055954877,99.9993,nan,nan,nan,
Static-V,100,6,505,1000,24000,0.0,14000.0,0.0,0,10000,0,0,6000,6000,0,0,0,6000,0,0.0,0.0,0.0,64fec059e2099a382af339a6780c28497caac0c5ebb5f50adb7d0e94049738cd,assigned_level_sensitivity,dynamic,periodic,0.0,False,False,2.0,False,0.0,0.0,0.0,0.0,0.6485699999999911,0.2702374999999963,0.6884000000000013,10000,0.3723186292608225,6000,6000,0.2890038496145874,5136,0.4183042774457355,0.3173183440568567,0.6826816559431432,0.3226666666666666,0.1293004278311481,58.94045189161896,0.0,59.795055954877,99.9993,nan,nan,nan,
Static-V,100,6,606,1000,24000,0.0,14000.0,0.0,0,10000,0,0,6000,6000,0,0,0,6000,0,0.0,0.0,0.0,ae880915da58fff9f20affe7a5a25900cde6365bd54144492baa5036a1d84adc,assigned_level_sensitivity,dynamic,periodic,0.0,False,False,2.0,False,0.0,0.0,0.0,0.0,0.6485699999999911,0.2702374999999963,0.6884000000000013,10000,0.3721003781781865,6000,6000,0.2866928486989403,5176,0.4147225801568384,0.3083519293920981,0.6916480706079019,0.3246666666666666,0.1280297314578981,58.94045189161896,0.0,59.795055954877,99.9993,nan,nan,nan,
Static-V,100,6,707,1000,24000,0.0,14000.0,0.0,0,10000,0,0,6000,6000,0,0,0,6000,0,0.0,0.0,0.0,c0f27110c744a3fc7a33aecc95f2268b53928f9aef18cbadd02b335ecd207f0e,assigned_level_sensitivity,dynamic,periodic,0.0,False,False,2.0,False,0.0,0.0,0.0,0.0,0.6485699999999911,0.2702374999999963,0.6884000000000013,10000,0.3723898434799451,6000,6000,0.2881326987311851,5180,0.4142861612899664,0.3117816050504018,0.6882183949495981,0.326,0.1261534625587813,58.94045189161896,0.0,59.795055954877,99.9993,nan,nan,nan,
Static-V,100,6,808,1000,24000,0.0,14000.0,0.0,0,10000,0,0,6000,6000,0,0,0,6000,0,0.0,0.0,0.0,063cb3f34bb5042d5a315795e5ea1e803957554d0c67c50190b2b486a6968f17,assigned_level_sensitivity,dynamic,periodic,0.0,False,False,2.0,False,0.0,0.0,0.0,0.0,0.6485699999999911,0.2702374999999963,0.6884000000000013,10000,0.3724085903453547,6000,6000,0.290914542093674,5188,0.414653443304836,0.3190897400612641,0.6809102599387358,0.326,0.123738901211162,58.94045189161896,0.0,59.795055954877,99.9993,nan,nan,nan,
Static-V,100,6,909,1000,24000,0.0,14000.0,0.0,0,10000,0,0,6000,6000,0,0,0,6000,0,0.0,0.0,0.0,43ca3bc1908129b5c2ac96d7e4719f6173824add31150444bda10a9206dc8922,assigned_level_sensitivity,dynamic,periodic,0.0,False,False,2.0,False,0.0,0.0,0.0,0.0,0.6485699999999911,0.2702374999999963,0.6884000000000013,10000,0.3723123685894813,6000,6000,0.2879226743247103,5192,0.4133910117854708,0.3139448007046239,0.6860551992953761,0.322,0.1254683374607605,58.94045189161896,0.0,59.795055954877,99.9993,nan,nan,nan,
Static-V,100,6,1010,1000,24000,0.0,14000.0,0.0,0,10000,0,0,6000,6000,0,0,0,6000,0,0.0,0.0,0.0,da29db140ec3433f5a7bef5bfca040b9d439fbd33929da0e9b1ac51f823030f9,assigned_level_sensitivity,dynamic,periodic,0.0,False,False,2.0,False,0.0,0.0,0.0,0.0,0.6485699999999911,0.2702374999999963,0.6884000000000013,10000,0.3724743970746037,6000,6000,0.2883807352650029,5176,0.412526721248925,0.310088733828545,0.689911266171455,0.3273333333333333,0.124145985983922,58.94045189161896,0.0,59.795055954877,99.9993,nan,nan,nan,
Static-V,100,8,101,1000,32000,2000.0,20000.0,0.0,0,10000,0,0,8000,8000,2000,0,0,6000,0,0.25,0.0,0.25,7cf8bd76105a69cbcfa528024b06ba0685b7cf989f92593219acc9df57a75972,assigned_level_sensitivity,dynamic,periodic,0.0,False,False,2.0,False,0.0,0.0,0.0,0.0,0.6485699999999911,0.2026781249999972,0.516300000000001,10000,0.2827940540842482,8000,8000,0.2179864945787688,5480,0.4047792309760736,0.2335868024293666,0.7664131975706334,0.478,0.1867927363973048,58.94045189161896,0.0,59.795055954877,99.9993,nan,nan,nan,
Static-V,100,8,202,1000,32000,2000.0,20000.0,0.0,0,10000,0,0,8000,8000,2000,0,0,6000,0,0.25,0.0,0.25,cecd2e2b4015e0253a77c84bc8294dc40fcdb67626c85441a4885ac7e1e0a2cf,assigned_level_sensitivity,dynamic,periodic,0.0,False,False,2.0,False,0.0,0.0,0.0,0.0,0.6485699999999911,0.2026781249999972,0.516300000000001,10000,0.2831630764285491,8000,8000,0.2159279076883859,5360,0.4078025527098997,0.2272247289431935,0.7727752710568064,0.485,0.1918746450215138,58.94045189161896,0.0,59.795055954877,99.9993,nan,nan,nan,
Static-V,100,8,303,1000,32000,2000.0,20000.0,0.0,0,10000,0,0,8000,8000,2000,0,0,6000,0,0.25,0.0,0.25,bd7b84aea338fe302b0ee7d2c48f979d735627420e20962c2e02d923a38d6eb4,assigned_level_sensitivity,dynamic,periodic,0.0,False,False,2.0,False,0.0,0.0,0.0,0.0,0.6485699999999911,0.2026781249999972,0.516300000000001,10000,0.2821402178797269,8000,8000,0.2157553799062428,5400,0.4070865264701533,0.2291333509890454,0.7708666490109546,0.483,0.1913311465639104,58.94045189161896,0.0,59.795055954877,99.9993,nan,nan,nan,
Static-V,100,8,404,1000,32000,2000.0,20000.0,0.0,0,10000,0,0,8000,8000,2000,0,0,6000,0,0.25,0.0,0.25,5ca264925b9e61abe6af384f83d2bd438e28677b091df6a9162c7f00606a3ba8,assigned_level_sensitivity,dynamic,periodic,0.0,False,False,2.0,False,0.0,0.0,0.0,0.0,0.6485699999999911,0.2026781249999972,0.516300000000001,10000,0.2817866780170162,8000,8000,0.2097010683848626,5360,0.3938022713474355,0.2290218282135477,0.7709781717864522,0.49,0.1841012029625729,58.94045189161896,0.0,59.795055954877,99.9993,nan,nan,nan,
Static-V,100,8,505,1000,32000,2000.0,20000.0,0.0,0,10000,0,0,8000,8000,2000,0,0,6000,0,0.25,0.0,0.25,e0562cda5afacd25e9cea92463a72bba01cebcb83b3a0e2cf87acf3c559f242f,assigned_level_sensitivity,dynamic,periodic,0.0,False,False,2.0,False,0.0,0.0,0.0,0.0,0.6485699999999911,0.2026781249999972,0.516300000000001,10000,0.2823753393212612,8000,8000,0.2123124122368827,5296,0.405567423896234,0.2267682933413319,0.773231706658668,0.488,0.1932550116593513,58.94045189161896,0.0,59.795055954877,99.9993,nan,nan,nan,
Static-V,100,8,606,1000,32000,2000.0,20000.0,0.0,0,10000,0,0,8000,8000,2000,0,0,6000,0,0.25,0.0,0.25,b3f7d87e9e930f58c751ea196132bfa7bbd098461be2f291f3de0fd681adfca1,assigned_level_sensitivity,dynamic,periodic,0.0,False,False,2.0,False,0.0,0.0,0.0,0.0,0.6485699999999911,0.2026781249999972,0.516300000000001,10000,0.2812681650526234,8000,8000,0.2185797419167944,5448,0.4033471624288631,0.22891813593596,0.77108186406404,0.479,0.1847674205120686,58.94045189161896,0.0,59.795055954877,99.9993,nan,nan,nan,
Static-V,100,8,707,1000,32000,2000.0,20000.0,0.0,0,10000,0,0,8000,8000,2000,0,0,6000,0,0.25,0.0,0.25,3229d72bc8e3fae88853d8b2ca6a7c360b501109e3ed6d246910f2374674f459,assigned_level_sensitivity,dynamic,periodic,0.0,False,False,2.0,False,0.0,0.0,0.0,0.0,0.6485699999999911,0.2026781249999972,0.516300000000001,10000,0.2834745932183942,8000,8000,0.2154258737719309,5464,0.3992640797893085,0.231986413509142,0.7680135864908579,0.482,0.1838382060173776,58.94045189161896,0.0,59.795055954877,99.9993,nan,nan,nan,
Static-V,100,8,808,1000,32000,2000.0,20000.0,0.0,0,10000,0,0,8000,8000,2000,0,0,6000,0,0.25,0.0,0.25,27de0289d48909259c3ec73273a30652238c998725af9bca56b9346640409341,assigned_level_sensitivity,dynamic,periodic,0.0,False,False,2.0,False,0.0,0.0,0.0,0.0,0.6485699999999911,0.2026781249999972,0.516300000000001,10000,0.282710072970894,8000,8000,0.2173936359378125,5424,0.4022376262538615,0.2303958745310253,0.7696041254689747,0.484,0.184843990316049,58.94045189161896,0.0,59.795055954877,99.9993,nan,nan,nan,
Static-V,100,8,909,1000,32000,2000.0,20000.0,0.0,0,10000,0,0,8000,8000,2000,0,0,6000,0,0.25,0.0,0.25,dc764352a55b9710473d6c335317ee1833e6e0e75afae6c4e03aa4de75f0bf00,assigned_level_sensitivity,dynamic,periodic,0.0,False,False,2.0,False,0.0,0.0,0.0,0.0,0.6485699999999911,0.2026781249999972,0.516300000000001,10000,0.282876649941564,8000,8000,0.2194543149248284,5496,0.4062399242787384,0.2277219243473341,0.7722780756526658,0.476,0.1867856093539099,58.94045189161896,0.0,59.795055954877,99.9993,nan,nan,nan,
Static-V,100,8,1010,1000,32000,2000.0,20000.0,0.0,0,10000,0,0,8000,8000,2000,0,0,6000,0,0.25,0.0,0.25,3e60c13bb053d2a15d370770980f7254e411ef520a9a5217c622de4cf4d89024,assigned_level_sensitivity,dynamic,periodic,0.0,False,False,2.0,False,0.0,0.0,0.0,0.0,0.6485699999999911,0.2026781249999972,0.516300000000001,10000,0.2832021118915196,8000,8000,0.220868089804402,5408,0.4091618689759513,0.2365395595518021,0.7634604404481979,0.476,0.1882937791715493,58.94045189161896,0.0,59.795055954877,99.9993,nan,nan,nan,
Static-V,100,10,101,1000,40000,4000.0,26000.0,0.0,0,10000,0,0,10000,10000,4000,0,0,6000,0,0.4,0.0,0.4,a925780f8b1d683f3eb6d71845f8efaf6bc3b25b7b67acfa41bcb9db8f32d6c4,assigned_level_sensitivity,dynamic,periodic,0.0,False,False,2.0,False,0.0,0.0,0.0,0.0,0.6485699999999911,0.1621424999999977,0.4130400000000008,10000,0.227853355994188,10000,10000,0.1805477787824743,5920,0.3941277249701417,0.184567720659928,0.815432279340072,0.558,0.2135799461876673,58.94045189161896,0.0,59.795055954877,99.9993,nan,nan,nan,
Static-V,100,10,202,1000,40000,4000.0,26000.0,0.0,0,10000,0,0,10000,10000,4000,0,0,6000,0,0.4,0.0,0.4,7c19c4e792ca4dd66b416e493bc6af1289cd3d367758a27bcc3c2c322e41ad80,assigned_level_sensitivity,dynamic,periodic,0.0,False,False,2.0,False,0.0,0.0,0.0,0.0,0.6485699999999911,0.1621424999999977,0.4130400000000008,10000,0.2307366335867852,10000,10000,0.1887033825131429,5740,0.4267647847595147,0.1947172823457468,0.8052827176542532,0.554,0.2380614022463718,58.94045189161896,0.0,59.795055954877,99.9993,nan,nan,nan,
Static-V,100,10,303,1000,40000,4000.0,26000.0,0.0,0,10000,0,0,10000,10000,4000,0,0,6000,0,0.4,0.0,0.4,72f4a780a924c370b4e0f79ceff95e6c13e99e499ef58be4b869d68d4f51cd1c,assigned_level_sensitivity,dynamic,periodic,0.0,False,False,2.0,False,0.0,0.0,0.0,0.0,0.6485699999999911,0.1621424999999977,0.4130400000000008,10000,0.2273980365770315,10000,10000,0.1621522775965087,5620,0.3780090890440349,0.166945061473942,0.8330549385260579,0.598,0.2158568114475262,58.94045189161896,0.0,59.795055954877,99.9993,nan,nan,nan,
Static-V,100,10,404,1000,40000,4000.0,26000.0,0.0,0,10000,0,0,10000,10000,4000,0,0,6000,0,0.4,0.0,0.4,adc4d22cc1b03f53d681c17d2bb0b0520921b513b27c41ce62fcd480deab5955,assigned_level_sensitivity,dynamic,periodic,0.0,False,False,2.0,False,0.0,0.0,0.0,0.0,0.6485699999999911,0.1621424999999977,0.4130400000000008,10000,0.2278135375059916,10000,10000,0.1661402161683383,5640,0.3965858381530075,0.1888264399811705,0.8111735600188295,0.574,0.2304456219846692,58.94045189161896,0.0,59.795055954877,99.9993,nan,nan,nan,
Static-V,100,10,505,1000,40000,4000.0,26000.0,0.0,0,10000,0,0,10000,10000,4000,0,0,6000,0,0.4,0.0,0.4,72371a6dc2392aa631a2f1a80556a510e93ef225cc1a7e07482cb1ad30663640,assigned_level_sensitivity,dynamic,periodic,0.0,False,False,2.0,False,0.0,0.0,0.0,0.0,0.6485699999999911,0.1621424999999977,0.4130400000000008,10000,0.2295342742353902,10000,10000,0.1645603681647807,5700,0.386853387509099,0.181447638161099,0.818552361838901,0.58,0.2222930193443183,58.94045189161896,0.0,59.795055954877,99.9993,nan,nan,nan,
Static-V,100,10,606,1000,40000,4000.0,26000.0,0.0,0,10000,0,0,10000,10000,4000,0,0,6000,0,0.4,0.0,0.4,903a0f173f46d881f64c89dd6f644e1f36c9438a2dc8bf2dd26576201fbfc42f,assigned_level_sensitivity,dynamic,periodic,0.0,False,False,2.0,False,0.0,0.0,0.0,0.0,0.6485699999999911,0.1621424999999977,0.4130400000000008,10000,0.2282974600428936,10000,10000,0.1743826515008643,5840,0.3862514390851168,0.1723682994738482,0.8276317005261518,0.57,0.2118687875842524,58.94045189161896,0.0,59.795055954877,99.9993,nan,nan,nan,
Static-V,100,10,707,1000,40000,4000.0,26000.0,0.0,0,10000,0,0,10000,10000,4000,0,0,6000,0,0.4,0.0,0.4,013c9d9f2e8835d1195b690780ad4a7dde5a40c816ed2c5eecc755fd9402198c,assigned_level_sensitivity,dynamic,periodic,0.0,False,False,2.0,False,0.0,0.0,0.0,0.0,0.6485699999999911,0.1621424999999977,0.4130400000000008,10000,0.2292287656652989,10000,10000,0.1793459880527081,5920,0.3886709697823253,0.1897368383960799,0.8102631616039201,0.562,0.2093249817296171,58.94045189161896,0.0,59.795055954877,99.9993,nan,nan,nan,
Static-V,100,10,808,1000,40000,4000.0,26000.0,0.0,0,10000,0,0,10000,10000,4000,0,0,6000,0,0.4,0.0,0.4,4802fffd4eb60a7f490c928b0e7b1988ba6d3b0af4fa286453bae90d24f9aa25,assigned_level_sensitivity,dynamic,periodic,0.0,False,False,2.0,False,0.0,0.0,0.0,0.0,0.6485699999999911,0.1621424999999977,0.4130400000000008,10000,0.2280858599832464,10000,10000,0.1861328325549555,5900,0.4043708407561296,0.2050315317665578,0.7949684682334421,0.566,0.218238008201174,58.94045189161896,0.0,59.795055954877,99.9993,nan,nan,nan,
Static-V,100,10,909,1000,40000,4000.0,26000.0,0.0,0,10000,0,0,10000,10000,4000,0,0,6000,0,0.4,0.0,0.4,bcc4bd9bcf311ca8bd1be474f6e2d488cb7a8c39b1a2701ed39f21885120600c,assigned_level_sensitivity,dynamic,periodic,0.0,False,False,2.0,False,0.0,0.0,0.0,0.0,0.6485699999999911,0.1621424999999977,0.4130400000000008,10000,0.2277703060464773,10000,10000,0.1767372264646581,5920,0.3888452486876107,0.1846907831165563,0.8153092168834437,0.558,0.2121080222229526,58.94045189161896,0.0,59.795055954877,99.9993,nan,nan,nan,
Static-V,100,10,1010,1000,40000,4000.0,26000.0,0.0,0,10000,0,0,10000,10000,4000,0,0,6000,0,0.4,0.0,0.4,94917fed05a933472c176ccc8c4d3a3bfd4010636e8520465ce79b1a92644bd3,assigned_level_sensitivity,dynamic,periodic,0.0,False,False,2.0,False,0.0,0.0,0.0,0.0,0.6485699999999911,0.1621424999999977,0.4130400000000008,10000,0.2302127635437535,10000,10000,0.1692445307892739,5820,0.3783384860498535,0.1780050215746702,0.8219949784253298,0.58,0.2090939552605796,58.94045189161896,0.0,59.795055954877,99.9993,nan,nan,nan,
Static-V,150,4,101,1000,16000,0.0,616.0,0.0,0,15384,0,0,4000,4000,0,0,0,4000,0,0.0,0.0,0.0,358345139b329c40140caebe1f44495eb1cb4ce7057ad9123725a473225c7759,assigned_level_sensitivity,dynamic,periodic,0.0,False,False,2.0,False,0.0,0.0,0.0,0.0,0.6570948517940204,0.6317966999999507,0.6884000000000013,15384,0.6507793289048084,4000,4000,0.4839334488887968,3992,0.4921052562569261,0.6262317064113891,0.3737682935886108,0.074,0.0081718073681292,59.241598259472,0.0,59.83697180748353,149.99949999999998,nan,nan,nan,
Static-V,150,4,202,1000,16000,0.0,658.0,0.0,0,15342,0,0,4000,4000,0,0,0,4000,0,0.0,0.0,0.0,34b8939f5e22fe77656bcf596b267a8e14848f4c8183e258a0aa6bf6964bce30,assigned_level_sensitivity,dynamic,periodic,0.0,False,False,2.0,False,0.0,0.0,0.0,0.0,0.6573140138182244,0.63028197499995,0.6884000000000013,15342,0.6512713734313683,4000,4000,0.484955714695664,3992,0.4919409985387866,0.6271959704092902,0.3728040295907098,0.078,0.0069852838431225,59.2186230975661,0.0,59.84598899854071,149.99740000000008,nan,nan,nan,
Static-V,150,4,303,1000,16000,0.0,680.0,0.0,0,15320,0,0,4000,4000,0,0,0,4000,0,0.0,0.0,0.0,cb9cf6119f28cbbe2f515263b460577c6bf03d42557f7919b99931e42d877f4b,assigned_level_sensitivity,dynamic,periodic,0.0,False,False,2.0,False,0.0,0.0,0.0,0.0,0.6572280417754023,0.6292958499999477,0.6884000000000013,15320,0.6500555957508991,4000,4000,0.4873272686224611,4000,0.4924253764969372,0.6215719007445649,0.3784280992554351,0.076,0.005098107874476,59.2714183809172,0.0,59.8263535632564,149.99949999999998,nan,nan,nan,
Static-V,150,4,404,1000,16000,0.0,744.0,0.0,0,15256,0,0,4000,4000,0,0,0,4000,0,0.0,0.0,0.0,19660c8d7c38bf482c258d456033c0235b91bafa3f9150f8928502cb0b6a233e,assigned_level_sensitivity,dynamic,periodic,0.0,False,False,2.0,False,0.0,0.0,0.0,0.0,0.6580732039852653,0.6274727999999504,0.6884000000000013,15256,0.6488008952901284,4000,4000,0.4824142504477537,4000,0.4891900384212643,0.6121766220732174,0.3878233779267825,0.082,0.0067757879735106,59.28319379957578,0.0,59.86804602174493,149.9997,nan,nan,nan,
Static-V,150,4,505,1000,16000,0.0,632.0,0.0,0,15368,0,0,4000,4000,0,0,0,4000,0,0.0,0.0,0.0,73cdab68096cc443e0e24ada558429cabf1afc7f75cc16ce9d024a0d7cee62f9,assigned_level_sensitivity,dynamic,periodic,0.0,False,False,2.0,False,0.0,0.0,0.0,0.0,0.6571424778760541,0.6311853499999499,0.6884000000000013,15368,0.6513555739127378,4000,4000,0.4839828262783462,3992,0.4921006256529371,0.6255556459497245,0.3744443540502755,0.07,0.0081177993745908,59.23186447117565,0.0,59.84479368468227,149.99949999999998,nan,nan,nan,
Static-V,150,4,606,1000,16000,0.0,704.0,0.0,0,15296,0,0,4000,4000,0,0,0,4000,0,0.0,0.0,0.0,7833957291a032d51d81862cac99e9d8ccb12f68b533b2caf53ee51ae3f9dc9c,assigned_level_sensitivity,dynamic,periodic,0.0,False,False,2.0,False,0.0,0.0,0.0,0.0,0.6578698744769367,0.6289235999999514,0.6884000000000013,15296,0.6509327518732262,4000,4000,0.4836263308720662,3984,0.4924977923736336,0.6268862536103748,0.3731137463896252,0.076,0.0088714615015674,59.24927052123241,0.0,59.80879421047813,149.99949999999998,nan,nan,nan,
Static-V,150,4,707,1000,16000,0.0,624.0,0.0,0,15376,0,0,4000,4000,0,0,0,4000,0,0.0,0.0,0.0,7299403d9d2d4f4ccec9f76133c48d8d07e2ed601a2777f731db87ca14e66056,assigned_level_sensitivity,dynamic,periodic,0.0,False,False,2.0,False,0.0,0.0,0.0,0.0,0.6569005202913097,0.6312813999999487,0.6884000000000013,15376,0.6511616816840912,4000,4000,0.4879585820416783,3984,0.4964957880245797,0.6216997439262331,0.3783002560737669,0.072,0.0085372059829014,59.22310174817439,0.0,59.82955942311517,149.99949999999998,nan,nan,nan,
Static-V,150,4,808,1000,16000,0.0,632.0,0.0,0,15368,0,0,4000,4000,0,0,0,4000,0,0.0,0.0,0.0,332b0fc25c5dccfb6fb5145b59221f17277c51b24f8c2d6148183eada1540c2c,assigned_level_sensitivity,dynamic,periodic,0.0,False,False,2.0,False,0.0,0.0,0.0,0.0,0.6572782404996883,0.6313157499999507,0.6884000000000013,15368,0.6500879929215801,4000,4000,0.4866502775398094,3984,0.4954133121882699,0.6238411790388946,0.3761588209611054,0.078,0.0087630346484604,59.24196659455319,0.0,59.862172498771,149.9997,nan,nan,nan,
Static-V,150,4,909,1000,16000,0.0,640.0,0.0,0,15360,0,0,4000,4000,0,0,0,4000,0,0.0,0.0,0.0,3a15676bda67054cb5929717fc730bfa67cd49969827870cd1819db4b67b2b0f,assigned_level_sensitivity,dynamic,periodic,0.0,False,False,2.0,False,0.0,0.0,0.0,0.0,0.6569025520832795,0.6306264499999483,0.6884000000000013,15360,0.6492087074379599,4000,4000,0.4840050423098045,3984,0.4942097637987799,0.61943887311387,0.38056112688613,0.078,0.0102047214889753,59.18224968204799,0.0,59.78754688866643,149.99760000000006,nan,nan,nan,
Static-V,150,4,1010,1000,16000,0.0,576.0,0.0,0,15424,0,0,4000,4000,0,0,0,4000,0,0.0,0.0,0.0,f74ec5db6e908852b709fb2fc49501319e260c6bb970c5803f31b89af1514827,assigned_level_sensitivity,dynamic,periodic,0.0,False,False,2.0,False,0.0,0.0,0.0,0.0,0.6568788381742229,0.6332311999999508,0.6884000000000013,15424,0.6519844132017134,4000,4000,0.489249089581679,3984,0.4973344094120435,0.6279316456879385,0.3720683543120615,0.072,0.0080853198303644,59.22305086432072,0.0,59.85384833769219,149.9997,nan,nan,nan,
Static-V,150,6,101,1000,24000,0.0,2316.0,0.0,0,21684,0,0,6000,6000,0,0,0,6000,0,0.0,0.0,0.0,368e16a18b5b73e12179e2ceeeef5d7bbd6d7e12c7147fe591b0919c4402b0f8,assigned_level_sensitivity,dynamic,periodic,0.0,False,False,2.0,False,0.0,0.0,0.0,0.0,0.610745914037791,0.5518089333331442,0.6884000000000013,21684,0.5943695792626708,6000,6000,0.4208609520525739,5872,0.4406441128599765,0.6100520912196408,0.3899479087803592,0.1086666666666666,0.0197831608074026,59.066755725629314,0.0,59.941990084757,149.99970000000008,nan,nan,nan,
Static-V,150,6,202,1000,24000,0.0,2316.0,0.0,0,21684,0,0,6000,6000,0,0,0,6000,0,0.0,0.0,0.0,1647dacc78c42fdbc64e7d28ec9e5575601944c739c0044734f158d076fd1351,assigned_level_sensitivity,dynamic,periodic,0.0,False,False,2.0,False,0.0,0.0,0.0,0.0,0.6108997970852007,0.5519479666664788,0.6884000000000013,21684,0.5945221693901852,6000,6000,0.4255027488534162,5856,0.4445257549797247,0.6220989619424888,0.3779010380575112,0.1086666666666666,0.0190230061263084,59.09710624545505,0.0,59.94206897255122,149.99970000000008,nan,nan,nan,
Static-V,150,6,303,1000,24000,0.0,2256.0,0.0,0,21744,0,0,6000,6000,0,0,0,6000,0,0.0,0.0,0.0,b40e3956fc736148fe48725c99a765faa7ca344bcdde335f7de5815dce321912,assigned_level_sensitivity,dynamic,periodic,0.0,False,False,2.0,False,0.0,0.0,0.0,0.0,0.6104487306841155,0.5530665499998086,0.6884000000000013,21744,0.594543581079793,6000,6000,0.4234108300068281,5896,0.4417563549363129,0.611160195969063,0.388839804030937,0.104,0.0183455249294847,59.075961775548464,0.0,59.94206895122546,149.99970000000008,nan,nan,nan,
Static-V,150,6,404,1000,24000,0.0,2296.0,0.0,0,21704,0,0,6000,6000,0,0,0,6000,0,0.0,0.0,0.0,90dd8c8ff63030dd9dbbd25c0b5e9d426cebafe711c88974834a56210f18bdc1,assigned_level_sensitivity,dynamic,periodic,0.0,False,False,2.0,False,0.0,0.0,0.0,0.0,0.6106653888682014,0.5522450666664769,0.6884000000000013,21704,0.5945676308485904,6000,6000,0.4213219389361565,5876,0.4400071665818404,0.6104215189995492,0.3895784810004508,0.1133333333333333,0.0186852276456839,59.07330147946384,0.0,59.942068816649005,149.99970000000008,nan,nan,nan,
Static-V,150,6,505,1000,24000,0.0,2292.0,0.0,0,21708,0,0,6000,6000,0,0,0,6000,0,0.0,0.0,0.0,64fec059e2099a382af339a6780c28497caac0c5ebb5f50adb7d0e94049738cd,assigned_level_sensitivity,dynamic,periodic,0.0,False,False,2.0,False,0.0,0.0,0.0,0.0,0.6106044591853433,0.5522917333331431,0.6884000000000013,21708,0.5952392920534223,6000,6000,0.4221863561330289,5876,0.4425407410398533,0.6124675868902958,0.3875324131097042,0.1046666666666666,0.0203543849068243,59.07176863254565,0.0,59.94158212296404,149.99970000000008,nan,nan,nan,
Static-V,150,6,606,1000,24000,0.0,2301.0,0.0,0,21699,0,0,6000,6000,0,0,0,6000,0,0.0,0.0,0.0,ae880915da58fff9f20affe7a5a25900cde6365bd54144492baa5036a1d84adc,assigned_level_sensitivity,dynamic,periodic,0.0,False,False,2.0,False,0.0,0.0,0.0,0.0,0.6108009770033397,0.5522404333331445,0.6884000000000013,21699,0.5950415415955115,6000,6000,0.4221199627102733,5868,0.4425758046274274,0.6064919828202723,0.3935080171797277,0.1086666666666666,0.0204558419171541,59.08920755036083,0.0,59.9420588384624,149.99970000000008,nan,nan,nan,
Static-V,150,6,707,1000,24000,0.0,2264.0,0.0,0,21736,0,0,6000,6000,0,0,0,6000,0,0.0,0.0,0.0,c0f27110c744a3fc7a33aecc95f2268b53928f9aef18cbadd02b335ecd207f0e,assigned_level_sensitivity,dynamic,periodic,0.0,False,False,2.0,False,0.0,0.0,0.0,0.0,0.6105353330877545,0.5529414999998097,0.6884000000000013,21736,0.5953015007420103,6000,6000,0.4251166343647354,5883,0.4453740071388515,0.6074968280301493,0.3925031719698507,0.1028333333333333,0.0202573727741161,59.08022792870737,0.0,59.94206897290354,149.99970000000008,nan,nan,nan,
Static-V,150,6,808,1000,24000,0.0,2296.0,0.0,0,21704,0,0,6000,6000,0,0,0,6000,0,0.0,0.0,0.0,063cb3f34bb5042d5a315795e5ea1e803957554d0c67c50190b2b486a6968f17,assigned_level_sensitivity,dynamic,periodic,0.0,False,False,2.0,False,0.0,0.0,0.0,0.0,0.6106295245114006,0.5522126333331433,0.6884000000000013,21704,0.5949380282647109,6000,6000,0.4243213692424963,5864,0.4441068920077293,0.6194763770775444,0.3805236229224555,0.1033333333333333,0.0197855227652329,59.06754793123857,0.0,59.9420639497083,149.99970000000016,nan,nan,nan,
Static-V,150,6,909,1000,24000,0.0,2300.0,0.0,0,21700,0,0,6000,6000,0,0,0,6000,0,0.0,0.0,0.0,43ca3bc1908129b5c2ac96d7e4719f6173824add31150444bda10a9206dc8922,assigned_level_sensitivity,dynamic,periodic,0.0,False,False,2.0,False,0.0,0.0,0.0,0.0,0.6107271336403439,0.5521991166664777,0.6884000000000013,21700,0.5947160448104257,6000,6000,0.42471526292116,5880,0.4443957022620678,0.6164434397778249,0.3835565602221751,0.106,0.0196804393409077,59.07851293387788,0.0,59.94206829064195,149.99970000000008,nan,nan,nan,
Static-V,150,6,1010,1000,24000,0.0,2324.0,0.0,0,21676,0,0,6000,6000,0,0,0,6000,0,0.0,0.0,0.0,da29db140ec3433f5a7bef5bfca040b9d439fbd33929da0e9b1ac51f823030f9,assigned_level_sensitivity,dynamic,periodic,0.0,False,False,2.0,False,0.0,0.0,0.0,0.0,0.610863000553399,0.5517110999998116,0.6884000000000013,21676,0.5942162256373673,6000,6000,0.4229108033789039,5872,0.4425094785060722,0.612098509422136,0.387901490577864,0.1086666666666666,0.0195986751271682,59.0819356949793,0.0,59.94203831012321,149.99970000000008,nan,nan,nan,
Static-V,150,8,101,1000,32000,0.0,15000.0,0.0,0,17000,0,0,8000,8000,0,0,0,8000,0,0.0,0.0,0.0,48536fc5e075a2292b527fb68f9e0371d396b2957068a8b27317e7a61bf9ac13,assigned_level_sensitivity,dynamic,periodic,0.0,False,False,2.0,False,0.0,0.0,0.0,0.0,0.6351058823527885,0.3373999999999189,0.6884000000000013,17000,0.4381408330888886,8000,8000,0.3368706604541611,7224,0.4282824631392525,0.4043331585071642,0.5956668414928358,0.253,0.0914118026850914,59.143982177781545,0.0,59.99982601818866,150.00000000000009,nan,nan,nan,
Static-V,150,8,202,1000,32000,0.0,15000.0,0.0,0,17000,0,0,8000,8000,0,0,0,8000,0,0.0,0.0,0.0,570e9630deff505ba1c5363a004cd8917cdc4ddeaaa2dfbdb2999707f9626552,assigned_level_sensitivity,dynamic,periodic,0.0,False,False,2.0,False,0.0,0.0,0.0,0.0,0.6351058823527885,0.3373999999999189,0.6884000000000013,17000,0.4382873404596896,8000,8000,0.3386920853417446,7272,0.429087280725684,0.4077676973168015,0.5922323026831984,0.244,0.0903951953839394,59.14398217778161,0.0,59.99982601818866,150.00000000000009,nan,nan,nan,
Static-V,150,8,303,1000,32000,0.0,15000.0,0.0,0,17000,0,0,8000,8000,0,0,0,8000,0,0.0,0.0,0.0,7258aada57693e7fc41c3edb014bd97cd32dde8bd5dca77e2f1cb8b3ef00eaf8,assigned_level_sensitivity,dynamic,periodic,0.0,False,False,2.0,False,0.0,0.0,0.0,0.0,0.6351058823527885,0.3373999999999189,0.6884000000000013,17000,0.438093827880379,8000,8000,0.3446710438475767,7336,0.4330324962199306,0.40784443619632,0.59215556380368,0.233,0.0883614523723538,59.1439821777816,0.0,59.99982601818866,150.00000000000009,nan,nan,nan,
Static-V,150,8,404,1000,32000,0.0,15000.0,0.0,0,17000,0,0,8000,8000,0,0,0,8000,0,0.0,0.0,0.0,620f015056b4913eca566e19dd498b9d34ce3df10a7782d95a50b5b4aece1a2a,assigned_level_sensitivity,dynamic,periodic,0.0,False,False,2.0,False,0.0,0.0,0.0,0.0,0.6351058823527885,0.3373999999999189,0.6884000000000013,17000,0.4383565951083152,8000,8000,0.3379892014245356,7280,0.4264923773143153,0.3993728677863289,0.600627132213671,0.247,0.0885031758897797,59.14398217778157,0.0,59.99982601818866,150.00000000000009,nan,nan,nan,
Static-V,150,8,505,1000,32000,0.0,15000.0,0.0,0,17000,0,0,8000,8000,0,0,0,8000,0,0.0,0.0,0.0,4c81619bc200eebb3080c210bdc746b4414b0cc7c3fbb63c2a1ce3f91c436327,assigned_level_sensitivity,dynamic,periodic,0.0,False,False,2.0,False,0.0,0.0,0.0,0.0,0.6351058823527885,0.3373999999999189,0.6884000000000013,17000,0.4380713096944031,8000,8000,0.3326681869706872,7248,0.4231264162527811,0.3893275753621543,0.6106724246378457,0.255,0.0904582292820939,59.14398217778158,0.0,59.99982601818866,150.00000000000009,nan,nan,nan,
Static-V,150,8,606,1000,32000,0.0,15000.0,0.0,0,17000,0,0,8000,8000,0,0,0,8000,0,0.0,0.0,0.0,820400f60474dd2d047d6af68da1f0bbcc78c2597c68a44e9fae693f09b01e62,assigned_level_sensitivity,dynamic,periodic,0.0,False,False,2.0,False,0.0,0.0,0.0,0.0,0.6351058823527885,0.3373999999999189,0.6884000000000013,17000,0.4379505055464456,8000,8000,0.3347314318721193,7248,0.4238411711368641,0.3928777994751258,0.6071222005248742,0.251,0.0891097392647448,59.1439821777816,0.0,59.99982601818866,150.00000000000009,nan,nan,nan,
Static-V,150,8,707,1000,32000,0.0,15000.0,0.0,0,17000,0,0,8000,8000,0,0,0,8000,0,0.0,0.0,0.0,265cd3c30607304ee4b6dbfbe241a7f7f4ee382cc1c459bb4718426a447809b3,assigned_level_sensitivity,dynamic,periodic,0.0,False,False,2.0,False,0.0,0.0,0.0,0.0,0.6351058823527885,0.3373999999999189,0.6884000000000013,17000,0.4382074842737863,8000,8000,0.3389276845765164,7248,0.4290575838268536,0.4023713715018178,0.5976286284981822,0.25,0.0901298992503372,59.143982177781545,0.0,59.99982601818866,150.00000000000009,nan,nan,nan,
Static-V,150,8,808,1000,32000,0.0,15000.0,0.0,0,17000,0,0,8000,8000,0,0,0,8000,0,0.0,0.0,0.0,f4866bde13e803cb907ec64e47284a1135ec88db541e26e30e289fa70c4a5ff8,assigned_level_sensitivity,dynamic,periodic,0.0,False,False,2.0,False,0.0,0.0,0.0,0.0,0.6351058823527885,0.3373999999999189,0.6884000000000013,17000,0.4377792435093896,8000,8000,0.3379428996810509,7304,0.4278754889135447,0.4035155720990622,0.5964844279009378,0.242,0.0899325892324938,59.14398217778156,0.0,59.99982601818866,150.00000000000009,nan,nan,nan,
Static-V,150,8,909,1000,32000,0.0,15000.0,0.0,0,17000,0,0,8000,8000,0,0,0,8000,0,0.0,0.0,0.0,a8c124acc17ac65b2cb1529125ce780607cdb86f117209ab5b3479ea9aad8a28,assigned_level_sensitivity,dynamic,periodic,0.0,False,False,2.0,False,0.0,0.0,0.0,0.0,0.6351058823527885,0.3373999999999189,0.6884000000000013,17000,0.4380982287683271,8000,8000,0.3351833622654004,7224,0.4251259278849151,0.4015743092408695,0.5984256907591305,0.258,0.0899425656195146,59.14398217778156,0.0,59.99982601818866,150.00000000000009,nan,nan,nan,
Static-V,150,8,1010,1000,32000,0.0,15000.0,0.0,0,17000,0,0,8000,8000,0,0,0,8000,0,0.0,0.0,0.0,d3b8735acadda44f30d6c9e91006c692298437fd0395e4753048eb08f289bf45,assigned_level_sensitivity,dynamic,periodic,0.0,False,False,2.0,False,0.0,0.0,0.0,0.0,0.6351058823527885,0.3373999999999189,0.6884000000000013,17000,0.4387703240927916,8000,8000,0.3308014045331095,7312,0.4190675487978739,0.3931359586272758,0.6068640413727242,0.254,0.0882661442647644,59.143982177781545,0.0,59.99982601818866,150.00000000000009,nan,nan,nan,
Static-V,150,10,101,1000,40000,0.0,27000.0,0.0,0,13000,0,0,10000,10000,0,0,0,10000,0,0.0,0.0,0.0,ba24034ae3cf4562ab6a0153556be98ed2c4b4bffe7e7bdc8e8a9fe95da3ae23,assigned_level_sensitivity,dynamic,periodic,0.0,False,False,2.0,False,0.0,0.0,0.0,0.0,0.6661769230768751,0.2165074999999844,0.6884000000000013,13000,0.3147742776196724,10000,10000,0.2406760930876098,8060,0.4073314482201239,0.2288580883809341,0.7711419116190659,0.4,0.1666553551325141,59.11439187413635,0.0,59.942068972988935,149.99970000000008,nan,nan,nan,
Static-V,150,10,202,1000,40000,0.0,27000.0,0.0,0,13000,0,0,10000,10000,0,0,0,10000,0,0.0,0.0,0.0,a31dd7180ec5a17c6109cc36edd6a1a2865732b406c1cba67be0cad853f4b566,assigned_level_sensitivity,dynamic,periodic,0.0,False,False,2.0,False,0.0,0.0,0.0,0.0,0.6661769230768751,0.2165074999999844,0.6884000000000013,13000,0.3150543024497462,10000,10000,0.2419061218978406,8080,0.4058454539881191,0.2276325742448659,0.7723674257551341,0.398,0.1639393320902785,59.11439187413635,0.0,59.942068972988935,149.99970000000008,nan,nan,nan,
Static-V,150,10,303,1000,40000,0.0,27000.0,0.0,0,13000,0,0,10000,10000,0,0,0,10000,0,0.0,0.0,0.0,50217851ecebf8d2338a275cd29e82ffabe16ff153d1881d800178b818384e08,assigned_level_sensitivity,dynamic,periodic,0.0,False,False,2.0,False,0.0,0.0,0.0,0.0,0.6661769230768751,0.2165074999999844,0.6884000000000013,13000,0.3148524830787995,10000,10000,0.2398276973733447,8100,0.402141587987559,0.2303456357049603,0.7696543642950396,0.4,0.1623138906142143,59.11439187413635,0.0,59.942068972988935,149.99970000000008,nan,nan,nan,
Static-V,150,10,404,1000,40000,0.0,27000.0,0.0,0,13000,0,0,10000,10000,0,0,0,10000,0,0.0,0.0,0.0,666c91aca3d98fc592001468c87d42b3811143a5760cc295453880e244dc758a,assigned_level_sensitivity,dynamic,periodic,0.0,False,False,2.0,False,0.0,0.0,0.0,0.0,0.6661769230768751,0.2165074999999844,0.6884000000000013,13000,0.3143884602802191,10000,10000,0.2371454386841835,8000,0.4050203156354807,0.2389741849914742,0.7610258150085257,0.404,0.1678748769512971,59.11439187413635,0.0,59.942068972988935,149.99970000000008,nan,nan,nan,
Static-V,150,10,505,1000,40000,0.0,27000.0,0.0,0,13000,0,0,10000,10000,0,0,0,10000,0,0.0,0.0,0.0,04672988e5cbc3ed558a7a8a37b1047a717d071003dab2e756353934eb08b021,assigned_level_sensitivity,dynamic,periodic,0.0,False,False,2.0,False,0.0,0.0,0.0,0.0,0.6661769230768751,0.2165074999999844,0.6884000000000013,13000,0.3152841860582825,10000,10000,0.2392657784634648,8100,0.4017368290248938,0.2302541425188535,0.7697458574811464,0.412,0.162471050561429,59.11439187413635,0.0,59.942068972988935,149.99970000000008,nan,nan,nan,
Static-V,150,10,606,1000,40000,0.0,27000.0,0.0,0,13000,0,0,10000,10000,0,0,0,10000,0,0.0,0.0,0.0,4774fcd2535e12b211f86580e78668e1e9bd961da670be7bd6bd7a6c26dc59af,assigned_level_sensitivity,dynamic,periodic,0.0,False,False,2.0,False,0.0,0.0,0.0,0.0,0.6661769230768751,0.2165074999999844,0.6884000000000013,13000,0.3142548166122983,10000,10000,0.2377582095406364,8040,0.4008592268993491,0.2253211761144096,0.7746788238855904,0.412,0.1631010173587126,59.11439187413635,0.0,59.942068972988935,149.99970000000008,nan,nan,nan,
Static-V,150,10,707,1000,40000,0.0,27000.0,0.0,0,13000,0,0,10000,10000,0,0,0,10000,0,0.0,0.0,0.0,c605b9756ab83b71cebd84bc5abee05ba757a64ae099f5222f6e8681ffb7d720,assigned_level_sensitivity,dynamic,periodic,0.0,False,False,2.0,False,0.0,0.0,0.0,0.0,0.6661769230768751,0.2165074999999844,0.6884000000000013,13000,0.3150978234649568,10000,10000,0.2430558823081896,8060,0.4048326990588896,0.2394008234881307,0.7605991765118693,0.404,0.1617768167506999,59.11439187413635,0.0,59.942068972988935,149.99970000000008,nan,nan,nan,
Static-V,150,10,808,1000,40000,0.0,27000.0,0.0,0,13000,0,0,10000,10000,0,0,0,10000,0,0.0,0.0,0.0,e605a1726b1f4167ef338b823102f2cdcf91485c2169dd1f43f679edd32d0c6b,assigned_level_sensitivity,dynamic,periodic,0.0,False,False,2.0,False,0.0,0.0,0.0,0.0,0.6661769230768751,0.2165074999999844,0.6884000000000013,13000,0.3145521138104785,10000,10000,0.2386064620404633,8160,0.4010295612552849,0.2308870116025723,0.7691129883974276,0.4,0.1624230992148215,59.11439187413635,0.0,59.942068972988935,149.99970000000008,nan,nan,nan,
Static-V,150,10,909,1000,40000,0.0,27000.0,0.0,0,13000,0,0,10000,10000,0,0,0,10000,0,0.0,0.0,0.0,4aa46a36bd6ab7692e6e9b8d01c77bc74efc702a0031843df833c095ec32a39e,assigned_level_sensitivity,dynamic,periodic,0.0,False,False,2.0,False,0.0,0.0,0.0,0.0,0.6661769230768751,0.2165074999999844,0.6884000000000013,13000,0.315035942671183,10000,10000,0.2490403456833997,8200,0.4083609744096451,0.2464894847540618,0.7535105152459383,0.388,0.1593206287262454,59.11439187413635,0.0,59.942068972988935,149.99970000000008,nan,nan,nan,
Static-V,150,10,1010,1000,40000,0.0,27000.0,0.0,0,13000,0,0,10000,10000,0,0,0,10000,0,0.0,0.0,0.0,59935886a4422cb71f0cc89a8bc7b0c529d05a68340841646e4c8885c5e0c9ac,assigned_level_sensitivity,dynamic,periodic,0.0,False,False,2.0,False,0.0,0.0,0.0,0.0,0.6661769230768751,0.2165074999999844,0.6884000000000013,13000,0.3147441416529765,10000,10000,0.2448740207769998,8080,0.4047515124756707,0.2476937329063321,0.7523062670936679,0.396,0.1598774916986708,59.11439187413635,0.0,59.942068972988935,149.99970000000008,nan,nan,nan,
Static-V,200,4,101,1000,16000,0.0,184.0,0.0,0,15816,0,0,4000,4000,0,0,0,4000,0,0.0,0.0,0.0,358345139b329c40140caebe1f44495eb1cb4ce7057ad9123725a473225c7759,assigned_level_sensitivity,dynamic,periodic,0.0,False,False,2.0,False,0.0,0.0,0.0,0.0,0.6836762266058015,0.6758139499998348,0.6884000000000013,15816,0.6806959203762473,4000,4000,0.4933450313954557,4000,0.4941684794930184,0.6314935537280547,0.3685064462719453,0.064,0.0008234480975626,59.44425963994351,0.0,59.98847466614791,199.9999999999997,nan,nan,nan,
Static-V,200,4,202,1000,16000,0.0,104.0,0.0,0,15896,0,0,4000,4000,0,0,0,4000,0,0.0,0.0,0.0,34b8939f5e22fe77656bcf596b267a8e14848f4c8183e258a0aa6bf6964bce30,assigned_level_sensitivity,dynamic,periodic,0.0,False,False,2.0,False,0.0,0.0,0.0,0.0,0.6835230498236877,0.6790801499998338,0.6884000000000013,15896,0.6839182971649062,4000,4000,0.4927361310928168,4000,0.4934404819188827,0.6347859896071983,0.3652140103928016,0.062,0.0007043508260659,59.53410192461202,0.0,59.99823894133255,199.9999999999991,nan,nan,nan,
Static-V,200,4,303,1000,16000,0.0,88.0,0.0,0,15912,0,0,4000,4000,0,0,0,4000,0,0.0,0.0,0.0,cb9cf6119f28cbbe2f515263b460577c6bf03d42557f7919b99931e42d877f4b,assigned_level_sensitivity,dynamic,periodic,0.0,False,False,2.0,False,0.0,0.0,0.0,0.0,0.6832940170938496,0.6795358999998334,0.6884000000000013,15912,0.6837990431174913,4000,4000,0.4949387766635723,4000,0.4954103027522357,0.6348570410724452,0.3651429589275548,0.062,0.0004715260886633,59.51502216717876,0.0,59.99773395736832,199.9999999999993,nan,nan,nan,
Static-V,200,4,404,1000,16000,0.0,120.0,0.0,0,15880,0,0,4000,4000,0,0,0,4000,0,0.0,0.0,0.0,19660c8d7c38bf482c258d456033c0235b91bafa3f9150f8928502cb0b6a233e,assigned_level_sensitivity,dynamic,periodic,0.0,False,False,2.0,False,0.0,0.0,0.0,0.0,0.6837700755665836,0.6786417999998342,0.6884000000000013,15880,0.6832348416941942,4000,4000,0.4910675336729691,4000,0.4921431868709838,0.6293072787115715,0.3706927212884284,0.064,0.0010756531980147,59.53093495644108,0.0,59.99818005707144,199.9999999999993,nan,nan,nan,
Static-V,200,4,505,1000,16000,0.0,96.0,0.0,0,15904,0,0,4000,4000,0,0,0,4000,0,0.0,0.0,0.0,73cdab68096cc443e0e24ada558429cabf1afc7f75cc16ce9d024a0d7cee62f9,assigned_level_sensitivity,dynamic,periodic,0.0,False,False,2.0,False,0.0,0.0,0.0,0.0,0.6836945171024483,0.6795923499998336,0.6884000000000013,15904,0.6832474425432675,4000,4000,0.4936938464666893,4000,0.495448064620328,0.6288659683346204,0.3711340316653796,0.064,0.0017542181536387,59.57988441264148,0.0,59.99982404163648,200.0,nan,nan,nan,
Static-V,200,4,606,1000,16000,0.0,120.0,0.0,0,15880,0,0,4000,4000,0,0,0,4000,0,0.0,0.0,0.0,7833957291a032d51d81862cac99e9d8ccb12f68b533b2caf53ee51ae3f9dc9c,assigned_level_sensitivity,dynamic,periodic,0.0,False,False,2.0,False,0.0,0.0,0.0,0.0,0.6834335012592774,0.6783077499998328,0.6884000000000013,15880,0.6832429569797394,4000,4000,0.492672603515985,3992,0.4948155637545279,0.6229159438911029,0.377084056108897,0.062,0.0021429602385429,59.52508776929091,0.0,59.99976202086474,199.99999999999983,nan,nan,nan,
Static-V,200,4,707,1000,16000,0.0,124.0,0.0,0,15876,0,0,4000,4000,0,0,0,4000,0,0.0,0.0,0.0,7299403d9d2d4f4ccec9f76133c48d8d07e2ed601a2777f731db87ca14e66056,assigned_level_sensitivity,dynamic,periodic,0.0,False,False,2.0,False,0.0,0.0,0.0,0.0,0.6834039052656423,0.6781075249998336,0.6884000000000013,15876,0.6825920214197058,4000,4000,0.494598297427256,4000,0.4954254261008399,0.6329382393793103,0.3670617606206897,0.064,0.0008271286735839,59.50300620353058,0.0,59.9961583097794,199.9999999999997,nan,nan,nan,
Static-V,200,4,808,1000,16000,0.0,128.0,0.0,0,15872,0,0,4000,4000,0,0,0,4000,0,0.0,0.0,0.0,332b0fc25c5dccfb6fb5145b59221f17277c51b24f8c2d6148183eada1540c2c,assigned_level_sensitivity,dynamic,periodic,0.0,False,False,2.0,False,0.0,0.0,0.0,0.0,0.6835067540320908,0.6780386999998341,0.6884000000000013,15872,0.6830684390737163,4000,4000,0.4908046492468046,3992,0.4928697014636818,0.62771587425737,0.37228412574263,0.066,0.0020650522168771,59.48166380359113,0.0,59.99978609414201,199.9999999999993,nan,nan,nan,
Static-V,200,4,909,1000,16000,0.0,120.0,0.0,0,15880,0,0,4000,4000,0,0,0,4000,0,0.0,0.0,0.0,3a15676bda67054cb5929717fc730bfa67cd49969827870cd1819db4b67b2b0f,assigned_level_sensitivity,dynamic,periodic,0.0,False,False,2.0,False,0.0,0.0,0.0,0.0,0.683625440805877,0.6784982499998329,0.6884000000000013,15880,0.6819649025022622,4000,4000,0.493637841948099,3992,0.4952909936488729,0.6336467551941547,0.3663532448058453,0.066,0.0016531517007739,59.57034939210044,0.0,59.99982404163648,199.99999999999903,nan,nan,nan,
Static-V,200,4,1010,1000,16000,0.0,112.0,0.0,0,15888,0,0,4000,4000,0,0,0,4000,0,0.0,0.0,0.0,f74ec5db6e908852b709fb2fc49501319e260c6bb970c5803f31b89af1514827,assigned_level_sensitivity,dynamic,periodic,0.0,False,False,2.0,False,0.0,0.0,0.0,0.0,0.6837396273915752,0.6789534499998342,0.6884000000000013,15888,0.6827303094435018,4000,4000,0.4946030008810008,3992,0.4961329723319826,0.629316510456476,0.370683489543524,0.062,0.0015299714509818,59.55367105001642,0.0,59.99972187612234,199.99999999999943,nan,nan,nan,
Static-V,200,6,101,1000,24000,0.0,744.0,0.0,0,23256,0,0,6000,6000,0,0,0,6000,0,0.0,0.0,0.0,368e16a18b5b73e12179e2ceeeef5d7bbd6d7e12c7147fe591b0919c4402b0f8,assigned_level_sensitivity,dynamic,periodic,0.0,False,False,2.0,False,0.0,0.0,0.0,0.0,0.6424436704505666,0.622527916666599,0.6884000000000013,23256,0.6452165694473233,6000,6000,0.4796892115057534,5972,0.4864229222773513,0.629401546916236,0.370598453083764,0.0786666666666666,0.0067337107715979,59.40886415208781,0.0,59.81939276073369,199.9987,nan,nan,nan,
Static-V,200,6,202,1000,24000,0.0,748.0,0.0,0,23252,0,0,6000,6000,0,0,0,6000,0,0.0,0.0,0.0,1647dacc78c42fdbc64e7d28ec9e5575601944c739c0044734f158d076fd1351,assigned_level_sensitivity,dynamic,periodic,0.0,False,False,2.0,False,0.0,0.0,0.0,0.0,0.6424745570272831,0.6224507666665994,0.6884000000000013,23252,0.6455982672037079,6000,6000,0.48313280843784,5956,0.4913217004749894,0.6277125772056185,0.3722874227943815,0.0733333333333333,0.0081888920371493,59.41027547860038,0.0,59.826401908014105,199.9984,nan,nan,nan,
Static-V,200,6,303,1000,24000,0.0,786.0,0.0,0,23214,0,0,6000,6000,0,0,0,6000,0,0.0,0.0,0.0,b40e3956fc736148fe48725c99a765faa7ca344bcdde335f7de5815dce321912,assigned_level_sensitivity,dynamic,periodic,0.0,False,False,2.0,False,0.0,0.0,0.0,0.0,0.6424382613939114,0.6213984083332608,0.6884000000000013,23214,0.6443754227174994,6000,6000,0.4827332406317711,5960,0.4911528117276258,0.6255309867501656,0.3744690132498344,0.0786666666666666,0.0084195710958547,59.41426425613305,0.0,59.83206198155312,199.9983,nan,nan,nan,
Static-V,200,6,404,1000,24000,0.0,748.0,0.0,0,23252,0,0,6000,6000,0,0,0,6000,0,0.0,0.0,0.0,90dd8c8ff63030dd9dbbd25c0b5e9d426cebafe711c88974834a56210f18bdc1,assigned_level_sensitivity,dynamic,periodic,0.0,False,False,2.0,False,0.0,0.0,0.0,0.0,0.6423744022018888,0.6223537333332633,0.6884000000000013,23252,0.645496534286478,6000,6000,0.4846559157278039,5992,0.4898991619733322,0.6326372666363942,0.3673627333636058,0.0746666666666666,0.0052432462455282,59.415418714332375,0.0,59.86448540333713,199.9987,nan,nan,nan,
Static-V,200,6,505,1000,24000,0.0,744.0,0.0,0,23256,0,0,6000,6000,0,0,0,6000,0,0.0,0.0,0.0,64fec059e2099a382af339a6780c28497caac0c5ebb5f50adb7d0e94049738cd,assigned_level_sensitivity,dynamic,periodic,0.0,False,False,2.0,False,0.0,0.0,0.0,0.0,0.6423654282765012,0.6224520999999297,0.6884000000000013,23256,0.6453532641380755,6000,6000,0.4817862180730962,5980,0.4882842462902933,0.627888365014841,0.372111634985159,0.0786666666666666,0.0064980282171971,59.41403253247614,0.0,59.82219918682692,199.9987,nan,nan,nan,
Static-V,200,6,606,1000,24000,0.0,824.0,0.0,0,23176,0,0,6000,6000,0,0,0,6000,0,0.0,0.0,0.0,ae880915da58fff9f20affe7a5a25900cde6365bd54144492baa5036a1d84adc,assigned_level_sensitivity,dynamic,periodic,0.0,False,False,2.0,False,0.0,0.0,0.0,0.0,0.642580100103481,0.6205181833332615,0.6884000000000013,23176,0.6444898115327643,6000,6000,0.4784423633833294,5948,0.4882902711602552,0.6246182941367457,0.3753817058632542,0.0786666666666666,0.0098479077769258,59.41379326349063,0.0,59.83097379706237,199.99910000000003,nan,nan,nan,
Static-V,200,6,707,1000,24000,0.0,726.0,0.0,0,23274,0,0,6000,6000,0,0,0,6000,0,0.0,0.0,0.0,c0f27110c744a3fc7a33aecc95f2268b53928f9aef18cbadd02b335ecd207f0e,assigned_level_sensitivity,dynamic,periodic,0.0,False,False,2.0,False,0.0,0.0,0.0,0.0,0.6422374838875279,0.6228097999999301,0.6884000000000013,23274,0.645208537947127,6000,6000,0.4817330409792094,5960,0.490392557544653,0.6322565327165209,0.367743467283479,0.0753333333333333,0.0086595165654436,59.414610420178406,0.0,59.826423260609126,200.0,nan,nan,nan,
Static-V,200,6,808,1000,24000,0.0,799.0,0.0,0,23201,0,0,6000,6000,0,0,0,6000,0,0.0,0.0,0.0,063cb3f34bb5042d5a315795e5ea1e803957554d0c67c50190b2b486a6968f17,assigned_level_sensitivity,dynamic,periodic,0.0,False,False,2.0,False,0.0,0.0,0.0,0.0,0.6426757424248262,0.6212799958332663,0.6884000000000013,23201,0.6451106476079341,6000,6000,0.4799621086823981,5972,0.4871028409855851,0.6310379355202732,0.3689620644797268,0.078,0.007140732303187,59.40839661192186,0.0,59.826203850497485,199.9982999999999,nan,nan,nan,
Static-V,200,6,909,1000,24000,0.0,675.0,0.0,0,23325,0,0,6000,6000,0,0,0,6000,0,0.0,0.0,0.0,43ca3bc1908129b5c2ac96d7e4719f6173824add31150444bda10a9206dc8922,assigned_level_sensitivity,dynamic,periodic,0.0,False,False,2.0,False,0.0,0.0,0.0,0.0,0.6421773804929648,0.6241161416666001,0.6884000000000013,23325,0.6462765060495761,6000,6000,0.4835470129549327,5984,0.4890500621506412,0.6369008559778282,0.3630991440221718,0.078,0.0055030491957084,59.40559058056561,0.0,59.8080453885954,199.9983,nan,nan,nan,
Static-V,200,6,1010,1000,24000,0.0,748.0,0.0,0,23252,0,0,6000,6000,0,0,0,6000,0,0.0,0.0,0.0,da29db140ec3433f5a7bef5bfca040b9d439fbd33929da0e9b1ac51f823030f9,assigned_level_sensitivity,dynamic,periodic,0.0,False,False,2.0,False,0.0,0.0,0.0,0.0,0.6422323929123631,0.6222161499999278,0.6884000000000013,23252,0.6454502666663802,6000,6000,0.4826532676175747,5960,0.4905259492092939,0.6299736128705691,0.3700263871294309,0.078,0.0078726815917191,59.41276129602976,0.0,59.823097679003936,199.99880000000007,nan,nan,nan,
Static-V,200,8,101,1000,32000,0.0,3328.0,0.0,0,28672,0,0,8000,8000,0,0,0,8000,0,0.0,0.0,0.0,48536fc5e075a2292b527fb68f9e0371d396b2957068a8b27317e7a61bf9ac13,assigned_level_sensitivity,dynamic,periodic,0.0,False,False,2.0,False,0.0,0.0,0.0,0.0,0.6118446707587417,0.5482128249998326,0.6884000000000013,28672,0.5964876039970922,8000,8000,0.4241797709902808,7824,0.4423030368471505,0.6156878482459396,0.3843121517540604,0.111125,0.0181232658568696,59.30483448795472,0.0,59.70789662868656,199.998,nan,nan,nan,
Static-V,200,8,202,1000,32000,0.0,3232.0,0.0,0,28768,0,0,8000,8000,0,0,0,8000,0,0.0,0.0,0.0,570e9630deff505ba1c5363a004cd8917cdc4ddeaaa2dfbdb2999707f9626552,assigned_level_sensitivity,dynamic,periodic,0.0,False,False,2.0,False,0.0,0.0,0.0,0.0,0.6114441879864678,0.5496883249998346,0.6884000000000013,28768,0.5971488764463344,8000,8000,0.4266033170082935,7808,0.4479906374662213,0.6150793464353225,0.3849206535646775,0.107,0.0213873204579278,59.30225649781433,0.0,59.72580124626397,199.998,nan,nan,nan,
Static-V,200,8,303,1000,32000,0.0,3264.0,0.0,0,28736,0,0,8000,8000,0,0,0,8000,0,0.0,0.0,0.0,7258aada57693e7fc41c3edb014bd97cd32dde8bd5dca77e2f1cb8b3ef00eaf8,assigned_level_sensitivity,dynamic,periodic,0.0,False,False,2.0,False,0.0,0.0,0.0,0.0,0.6115864977726438,0.5492046749998342,0.6884000000000013,28736,0.5958360520367247,8000,8000,0.4253713447810643,7824,0.447229893654499,0.6027422321254666,0.3972577678745334,0.106,0.0218585488734347,59.30764843973081,0.0,59.7157509197224,199.998,nan,nan,nan,
Static-V,200,8,404,1000,32000,0.0,3328.0,0.0,0,28672,0,0,8000,8000,0,0,0,8000,0,0.0,0.0,0.0,620f015056b4913eca566e19dd498b9d34ce3df10a7782d95a50b5b4aece1a2a,assigned_level_sensitivity,dynamic,periodic,0.0,False,False,2.0,False,0.0,0.0,0.0,0.0,0.6118380022319571,0.5482068499998335,0.6884000000000013,28672,0.5952923539260214,8000,8000,0.4238502105845346,7808,0.4464397172773988,0.5959075056641289,0.4040924943358711,0.109875,0.0225895066928641,59.30620772960406,0.0,59.716813721492045,199.998,nan,nan,nan,
Static-V,200,8,505,1000,32000,0.0,3304.0,0.0,0,28696,0,0,8000,8000,0,0,0,8000,0,0.0,0.0,0.0,4c81619bc200eebb3080c210bdc746b4414b0cc7c3fbb63c2a1ce3f91c436327,assigned_level_sensitivity,dynamic,periodic,0.0,False,False,2.0,False,0.0,0.0,0.0,0.0,0.6117405073876029,0.5485782999998329,0.6884000000000013,28696,0.5958216465751376,8000,8000,0.4239013642611252,7832,0.4457793348763706,0.6057695438306351,0.3942304561693649,0.104,0.0218779706152454,59.3078732984042,0.0,59.716787739151336,199.9977,nan,nan,nan,
Static-V,200,8,606,1000,32000,0.0,3264.0,0.0,0,28736,0,0,8000,8000,0,0,0,8000,0,0.0,0.0,0.0,820400f60474dd2d047d6af68da1f0bbcc78c2597c68a44e9fae693f09b01e62,assigned_level_sensitivity,dynamic,periodic,0.0,False,False,2.0,False,0.0,0.0,0.0,0.0,0.6116022550109521,0.549218824999835,0.6884000000000013,28736,0.5971104068933679,8000,8000,0.4237091707905977,7792,0.447456575759722,0.6035996922531895,0.3964003077468104,0.104875,0.0237474049691243,59.3192608635079,0.0,59.73602265168082,199.998,nan,nan,nan,
Static-V,200,8,707,1000,32000,0.0,3232.0,0.0,0,28768,0,0,8000,8000,0,0,0,8000,0,0.0,0.0,0.0,265cd3c30607304ee4b6dbfbe241a7f7f4ee382cc1c459bb4718426a447809b3,assigned_level_sensitivity,dynamic,periodic,0.0,False,False,2.0,False,0.0,0.0,0.0,0.0,0.611457035594922,0.549699874999835,0.6884000000000013,28768,0.5958526588166978,8000,8000,0.4252309963953629,7808,0.44781602980512,0.6158291372167822,0.3841708627832177,0.109,0.022585033409757,59.31322773062724,0.0,59.74212782990165,199.998,nan,nan,nan,
Static-V,200,8,808,1000,32000,0.0,3304.0,0.0,0,28696,0,0,8000,8000,0,0,0,8000,0,0.0,0.0,0.0,f4866bde13e803cb907ec64e47284a1135ec88db541e26e30e289fa70c4a5ff8,assigned_level_sensitivity,dynamic,periodic,0.0,False,False,2.0,False,0.0,0.0,0.0,0.0,0.6117496236407404,0.5485864749998339,0.6884000000000013,28696,0.596111582944103,8000,8000,0.4242726337888262,7816,0.4443870824353744,0.6184349569170127,0.3815650430829873,0.111125,0.0201144486465481,59.3194390097005,0.0,59.75372084089597,199.9977000000002,nan,nan,nan,
Static-V,200,8,909,1000,32000,0.0,3200.0,0.0,0,28800,0,0,8000,8000,0,0,0,8000,0,0.0,0.0,0.0,a8c124acc17ac65b2cb1529125ce780607cdb86f117209ab5b3479ea9aad8a28,assigned_level_sensitivity,dynamic,periodic,0.0,False,False,2.0,False,0.0,0.0,0.0,0.0,0.6113336388887062,0.5502002749998355,0.6884000000000013,28800,0.5962426561612033,8000,8000,0.4229174202315638,7824,0.4449865038324441,0.6096510804314951,0.3903489195685049,0.108,0.0220690836008803,59.31892435260946,0.0,59.72098024096211,199.9977000000002,nan,nan,nan,
Static-V,200,8,1010,1000,32000,0.0,3344.0,0.0,0,28656,0,0,8000,8000,0,0,0,8000,0,0.0,0.0,0.0,d3b8735acadda44f30d6c9e91006c692298437fd0395e4753048eb08f289bf45,assigned_level_sensitivity,dynamic,periodic,0.0,False,False,2.0,False,0.0,0.0,0.0,0.0,0.6119088218870276,0.5479643499998332,0.6884000000000013,28656,0.5959076825718461,8000,8000,0.4249706608846128,7815,0.4457376008370611,0.613333238130964,0.386666761869036,0.112125,0.0207669399524482,59.31006709977693,0.0,59.73403653338583,199.998,nan,nan,nan,
Static-V,200,10,101,1000,40000,0.0,15000.0,0.0,0,25000,0,0,10000,10000,0,0,0,10000,0,0.0,0.0,0.0,ba24034ae3cf4562ab6a0153556be98ed2c4b4bffe7e7bdc8e8a9fe95da3ae23,assigned_level_sensitivity,dynamic,periodic,0.0,False,False,2.0,False,0.0,0.0,0.0,0.0,0.6227599999997173,0.3892249999998233,0.6884000000000013,25000,0.4882203766788728,10000,10000,0.363719869356748,9340,0.4286007375912753,0.4614116772176444,0.5385883227823556,0.196,0.0648808682345273,59.31242159975565,0.0,59.71460006036354,199.998,nan,nan,nan,
Static-V,200,10,202,1000,40000,0.0,15000.0,0.0,0,25000,0,0,10000,10000,0,0,0,10000,0,0.0,0.0,0.0,a31dd7180ec5a17c6109cc36edd6a1a2865732b406c1cba67be0cad853f4b566,assigned_level_sensitivity,dynamic,periodic,0.0,False,False,2.0,False,0.0,0.0,0.0,0.0,0.6227599999997173,0.3892249999998233,0.6884000000000013,25000,0.4883814759378844,10000,10000,0.3630048759681646,9320,0.4241611597467541,0.4718503079157844,0.5281496920842156,0.2,0.0611562837785895,59.31242159975565,0.0,59.71460006036354,199.998,nan,nan,nan,
Static-V,200,10,303,1000,40000,0.0,15000.0,0.0,0,25000,0,0,10000,10000,0,0,0,10000,0,0.0,0.0,0.0,50217851ecebf8d2338a275cd29e82ffabe16ff153d1881d800178b818384e08,assigned_level_sensitivity,dynamic,periodic,0.0,False,False,2.0,False,0.0,0.0,0.0,0.0,0.6227599999997173,0.3892249999998233,0.6884000000000013,25000,0.4881345259616333,10000,10000,0.3607501332545966,9400,0.4206699429375218,0.4665535942768457,0.5334464057231543,0.204,0.0599198096829252,59.31242159975565,0.0,59.71460006036354,199.998,nan,nan,nan,
Static-V,200,10,404,1000,40000,0.0,15000.0,0.0,0,25000,0,0,10000,10000,0,0,0,10000,0,0.0,0.0,0.0,666c91aca3d98fc592001468c87d42b3811143a5760cc295453880e244dc758a,assigned_level_sensitivity,dynamic,periodic,0.0,False,False,2.0,False,0.0,0.0,0.0,0.0,0.6227599999997173,0.3892249999998233,0.6884000000000013,25000,0.4881169815712721,10000,10000,0.3657247186263025,9460,0.4249268674455987,0.462618563011316,0.537381436988684,0.192,0.0592021488192961,59.31242159975565,0.0,59.71460006036354,199.998,nan,nan,nan,
Static-V,200,10,505,1000,40000,0.0,15000.0,0.0,0,25000,0,0,10000,10000,0,0,0,10000,0,0.0,0.0,0.0,04672988e5cbc3ed558a7a8a37b1047a717d071003dab2e756353934eb08b021,assigned_level_sensitivity,dynamic,periodic,0.0,False,False,2.0,False,0.0,0.0,0.0,0.0,0.6227599999997173,0.3892249999998233,0.6884000000000013,25000,0.4877824262992543,10000,10000,0.3634274223653486,9360,0.4279363550626093,0.4691364221927521,0.5308635778072479,0.196,0.0645089326972606,59.31242159975565,0.0,59.71460006036354,199.998,nan,nan,nan,
Static-V,200,10,606,1000,40000,0.0,15000.0,0.0,0,25000,0,0,10000,10000,0,0,0,10000,0,0.0,0.0,0.0,4774fcd2535e12b211f86580e78668e1e9bd961da670be7bd6bd7a6c26dc59af,assigned_level_sensitivity,dynamic,periodic,0.0,False,False,2.0,False,0.0,0.0,0.0,0.0,0.6227599999997173,0.3892249999998233,0.6884000000000013,25000,0.4884793049272694,10000,10000,0.3542389556599362,9360,0.4203216278915283,0.4512354918389314,0.5487645081610686,0.21,0.0660826722315921,59.31242159975565,0.0,59.71460006036354,199.998,nan,nan,nan,
Static-V,200,10,707,1000,40000,0.0,15000.0,0.0,0,25000,0,0,10000,10000,0,0,0,10000,0,0.0,0.0,0.0,c605b9756ab83b71cebd84bc5abee05ba757a64ae099f5222f6e8681ffb7d720,assigned_level_sensitivity,dynamic,periodic,0.0,False,False,2.0,False,0.0,0.0,0.0,0.0,0.6227599999997173,0.3892249999998233,0.6884000000000013,25000,0.4879705780899858,10000,10000,0.3578902625564541,9307,0.424650993807562,0.4602129598696873,0.5397870401303126,0.2013,0.0667607312511079,59.31242159975565,0.0,59.71460006036354,199.998,nan,nan,nan,
Static-V,200,10,808,1000,40000,0.0,15000.0,0.0,0,25000,0,0,10000,10000,0,0,0,10000,0,0.0,0.0,0.0,e605a1726b1f4167ef338b823102f2cdcf91485c2169dd1f43f679edd32d0c6b,assigned_level_sensitivity,dynamic,periodic,0.0,False,False,2.0,False,0.0,0.0,0.0,0.0,0.6227599999997173,0.3892249999998233,0.6884000000000013,25000,0.4878063293468102,10000,10000,0.3645792514983912,9460,0.4254669570684072,0.465766505597446,0.534233494402554,0.194,0.060887705570016,59.31242159975565,0.0,59.71460006036354,199.998,nan,nan,nan,
Static-V,200,10,909,1000,40000,0.0,15000.0,0.0,0,25000,0,0,10000,10000,0,0,0,10000,0,0.0,0.0,0.0,4aa46a36bd6ab7692e6e9b8d01c77bc74efc702a0031843df833c095ec32a39e,assigned_level_sensitivity,dynamic,periodic,0.0,False,False,2.0,False,0.0,0.0,0.0,0.0,0.6227599999997173,0.3892249999998233,0.6884000000000013,25000,0.488100419349091,10000,10000,0.3700608177700965,9420,0.4286589228164076,0.4629271670552654,0.5370728329447345,0.192,0.058598105046311,59.31242159975565,0.0,59.71460006036354,199.998,nan,nan,nan,
Static-V,200,10,1010,1000,40000,0.0,15000.0,0.0,0,25000,0,0,10000,10000,0,0,0,10000,0,0.0,0.0,0.0,59935886a4422cb71f0cc89a8bc7b0c529d05a68340841646e4c8885c5e0c9ac,assigned_level_sensitivity,dynamic,periodic,0.0,False,False,2.0,False,0.0,0.0,0.0,0.0,0.6227599999997173,0.3892249999998233,0.6884000000000013,25000,0.4880611517604354,10000,10000,0.3633108773364362,9380,0.426979965463018,0.4768707286179394,0.5231292713820606,0.204,0.0636690881265818,59.31242159975565,0.0,59.71460006036354,199.998,nan,nan,nan,
Static-V,250,4,101,1000,16000,0.0,208.0,0.0,0,15792,0,0,4000,4000,0,0,0,4000,0,0.0,0.0,0.0,358345139b329c40140caebe1f44495eb1cb4ce7057ad9123725a473225c7759,assigned_level_sensitivity,dynamic,periodic,0.0,False,False,2.0,False,0.0,0.0,0.0,0.0,0.6883999999997773,0.6794507999997802,0.6884000000000013,15792,0.6801663525957501,4000,4000,0.4902122826951035,4000,0.4931327598187857,0.627525222239834,0.372474777760166,0.07,0.0029204771236822,55.96228331835204,0.0,58.87124600787078,249.98999999999995,nan,nan,nan,
Static-V,250,4,202,1000,16000,0.0,168.0,0.0,0,15832,0,0,4000,4000,0,0,0,4000,0,0.0,0.0,0.0,34b8939f5e22fe77656bcf596b267a8e14848f4c8183e258a0aa6bf6964bce30,assigned_level_sensitivity,dynamic,periodic,0.0,False,False,2.0,False,0.0,0.0,0.0,0.0,0.6883999999997755,0.681171799999778,0.6884000000000013,15832,0.6818956186371403,4000,4000,0.4937137059059225,4000,0.4954430946549589,0.6275929766533292,0.3724070233466707,0.068,0.0017293887490363,56.011945172250606,0.0,58.87124600787078,249.98999999999995,nan,nan,nan,
Static-V,250,4,303,1000,16000,0.0,168.0,0.0,0,15832,0,0,4000,4000,0,0,0,4000,0,0.0,0.0,0.0,cb9cf6119f28cbbe2f515263b460577c6bf03d42557f7919b99931e42d877f4b,assigned_level_sensitivity,dynamic,periodic,0.0,False,False,2.0,False,0.0,0.0,0.0,0.0,0.6883999999997755,0.681171799999778,0.6884000000000013,15832,0.681204372589509,4000,4000,0.4931508558134739,4000,0.4948262569015746,0.6302899649861347,0.3697100350138653,0.068,0.0016754010881006,56.01050535137012,0.0,58.87124600787078,249.98999999999995,nan,nan,nan,
Static-V,250,4,404,1000,16000,0.0,192.0,0.0,0,15808,0,0,4000,4000,0,0,0,4000,0,0.0,0.0,0.0,19660c8d7c38bf482c258d456033c0235b91bafa3f9150f8928502cb0b6a233e,assigned_level_sensitivity,dynamic,periodic,0.0,False,False,2.0,False,0.0,0.0,0.0,0.0,0.6883999999997766,0.6801391999997793,0.6884000000000013,15808,0.6803119919857727,4000,4000,0.4939787361399705,4000,0.4959922049457728,0.6269660422627633,0.3730339577372367,0.068,0.0020134688058022,55.98306045520716,0.0,58.87124600787078,249.98999999999995,nan,nan,nan,
Static-V,250,4,505,1000,16000,0.0,200.0,0.0,0,15800,0,0,4000,4000,0,0,0,4000,0,0.0,0.0,0.0,73cdab68096cc443e0e24ada558429cabf1afc7f75cc16ce9d024a0d7cee62f9,assigned_level_sensitivity,dynamic,periodic,0.0,False,False,2.0,False,0.0,0.0,0.0,0.0,0.688399999999777,0.6797949999997798,0.6884000000000013,15800,0.6800204618811102,4000,4000,0.4905660920692579,4000,0.4924058900920248,0.619618974565801,0.380381025434199,0.072,0.0018397980227669,55.97451233423559,0.0,58.87124600787078,249.98999999999995,nan,nan,nan,
Static-V,250,4,606,1000,16000,0.0,184.0,0.0,0,15816,0,0,4000,4000,0,0,0,4000,0,0.0,0.0,0.0,7833957291a032d51d81862cac99e9d8ccb12f68b533b2caf53ee51ae3f9dc9c,assigned_level_sensitivity,dynamic,periodic,0.0,False,False,2.0,False,0.0,0.0,0.0,0.0,0.6883999999997763,0.6804833999997788,0.6884000000000013,15816,0.6808973694312763,4000,4000,0.4919825439840519,4000,0.4932664329727628,0.6219920275640121,0.3780079724359879,0.068,0.0012838889887108,55.99273751641158,0.0,58.87124600787078,249.98999999999995,nan,nan,nan,
Static-V,250,4,707,1000,16000,0.0,168.0,0.0,0,15832,0,0,4000,4000,0,0,0,4000,0,0.0,0.0,0.0,7299403d9d2d4f4ccec9f76133c48d8d07e2ed601a2777f731db87ca14e66056,assigned_level_sensitivity,dynamic,periodic,0.0,False,False,2.0,False,0.0,0.0,0.0,0.0,0.6883999999997755,0.681171799999778,0.6884000000000013,15832,0.6813829067541198,4000,4000,0.4950002267801373,4000,0.4960857120543663,0.6310318840565375,0.3689681159434624,0.066,0.001085485274229,56.01229170288003,0.0,58.87124600787078,249.98999999999995,nan,nan,nan,
Static-V,250,4,808,1000,16000,0.0,128.0,0.0,0,15872,0,0,4000,4000,0,0,0,4000,0,0.0,0.0,0.0,332b0fc25c5dccfb6fb5145b59221f17277c51b24f8c2d6148183eada1540c2c,assigned_level_sensitivity,dynamic,periodic,0.0,False,False,2.0,False,0.0,0.0,0.0,0.0,0.6883999999997739,0.6828927999997757,0.6884000000000013,15872,0.6826053610021059,4000,4000,0.4935040501985402,4000,0.4945838371374911,0.6291519875740713,0.3708480124259287,0.068,0.0010797869389509,56.06039657287199,0.0,58.87124600787078,249.98999999999995,nan,nan,nan,
Static-V,250,4,909,1000,16000,0.0,176.0,0.0,0,15824,0,0,4000,4000,0,0,0,4000,0,0.0,0.0,0.0,3a15676bda67054cb5929717fc730bfa67cd49969827870cd1819db4b67b2b0f,assigned_level_sensitivity,dynamic,periodic,0.0,False,False,2.0,False,0.0,0.0,0.0,0.0,0.688399999999776,0.6808275999997784,0.6884000000000013,15824,0.6812267616429813,4000,4000,0.4927370353105889,3992,0.4950407106357834,0.6287301298024547,0.3712698701975453,0.07,0.0023036753251944,56.0020854884049,0.0,58.87124600787078,249.98999999999995,nan,nan,nan,
Static-V,250,4,1010,1000,16000,0.0,160.0,0.0,0,15840,0,0,4000,4000,0,0,0,4000,0,0.0,0.0,0.0,f74ec5db6e908852b709fb2fc49501319e260c6bb970c5803f31b89af1514827,assigned_level_sensitivity,dynamic,periodic,0.0,False,False,2.0,False,0.0,0.0,0.0,0.0,0.6883999999997752,0.6815159999997775,0.6884000000000013,15840,0.6822334898528837,4000,4000,0.4942401967949861,4000,0.4946153413082116,0.6312888892405744,0.3687111107594256,0.068,0.0003751445132255,56.02003411938574,0.0,58.87124600787078,249.98999999999995,nan,nan,nan,
Static-V,250,6,101,1000,24000,0.0,328.0,0.0,0,23672,0,0,6000,6000,0,0,0,6000,0,0.0,0.0,0.0,368e16a18b5b73e12179e2ceeeef5d7bbd6d7e12c7147fe591b0919c4402b0f8,assigned_level_sensitivity,dynamic,periodic,0.0,False,False,2.0,False,0.0,0.0,0.0,0.0,0.6698103751267126,0.6606562999999809,0.6884000000000013,23672,0.671796132921788,6000,6000,0.493786997650581,5992,0.4954356381469337,0.6444961092453919,0.3555038907546081,0.0693333333333333,0.0016486404963526,59.46561451728683,0.0,59.98092928976679,249.99960000000007,nan,nan,nan,
Static-V,250,6,202,1000,24000,0.0,352.0,0.0,0,23648,0,0,6000,6000,0,0,0,6000,0,0.0,0.0,0.0,1647dacc78c42fdbc64e7d28ec9e5575601944c739c0044734f158d076fd1351,assigned_level_sensitivity,dynamic,periodic,0.0,False,False,2.0,False,0.0,0.0,0.0,0.0,0.6700701285520791,0.6602424333333153,0.6884000000000013,23648,0.6712543085517976,6000,6000,0.4920315683780429,5988,0.4952450102057257,0.6394421685170958,0.3605578314829042,0.07,0.0032134418276827,59.48877978170008,0.0,59.9778768351572,249.9990000000001,nan,nan,nan,
Static-V,250,6,303,1000,24000,0.0,316.0,0.0,0,23684,0,0,6000,6000,0,0,0,6000,0,0.0,0.0,0.0,b40e3956fc736148fe48725c99a765faa7ca344bcdde335f7de5815dce321912,assigned_level_sensitivity,dynamic,periodic,0.0,False,False,2.0,False,0.0,0.0,0.0,0.0,0.6697441310589245,0.6609258333333153,0.6884000000000013,23684,0.672460387345158,6000,6000,0.492290463878422,5996,0.4941875722166495,0.6412444743816743,0.3587555256183257,0.0706666666666666,0.0018971083382274,59.469923922721286,0.0,59.98238907125238,249.99950000000013,nan,nan,nan,
Static-V,250,6,404,1000,24000,0.0,392.0,0.0,0,23608,0,0,6000,6000,0,0,0,6000,0,0.0,0.0,0.0,90dd8c8ff63030dd9dbbd25c0b5e9d426cebafe711c88974834a56210f18bdc1,assigned_level_sensitivity,dynamic,periodic,0.0,False,False,2.0,False,0.0,0.0,0.0,0.0,0.6698832768552805,0.6589418499999776,0.6884000000000013,23608,0.6704879742484678,6000,6000,0.4894000598166543,5992,0.492150476740043,0.633458404243987,0.366541595756013,0.0706666666666666,0.0027504169233886,59.41524357859738,0.0,59.981000594842456,249.99970000000013,nan,nan,nan,
Static-V,250,6,505,1000,24000,0.0,348.0,0.0,0,23652,0,0,6000,6000,0,0,0,6000,0,0.0,0.0,0.0,64fec059e2099a382af339a6780c28497caac0c5ebb5f50adb7d0e94049738cd,assigned_level_sensitivity,dynamic,periodic,0.0,False,False,2.0,False,0.0,0.0,0.0,0.0,0.670121562658534,0.6604047999999851,0.6884000000000013,23652,0.6721444380338543,6000,6000,0.4912705462335652,5988,0.4946739250151208,0.6376217563433146,0.3623782436566853,0.0693333333333333,0.0034033787815556,59.46317746972223,0.0,59.97908721986904,250.0000000000001,nan,nan,nan,
Static-V,250,6,606,1000,24000,0.0,372.0,0.0,0,23628,0,0,6000,6000,0,0,0,6000,0,0.0,0.0,0.0,ae880915da58fff9f20affe7a5a25900cde6365bd54144492baa5036a1d84adc,assigned_level_sensitivity,dynamic,periodic,0.0,False,False,2.0,False,0.0,0.0,0.0,0.0,0.6700218215676096,0.6596364833333117,0.6884000000000013,23628,0.6710944022289304,6000,6000,0.491635227399291,5992,0.4943716037486111,0.637828728767021,0.362171271232979,0.07,0.0027363763493201,59.4715709340989,0.0,59.98365812884487,249.99960000000007,nan,nan,nan,
Static-V,250,6,707,1000,24000,0.0,360.0,0.0,0,23640,0,0,6000,6000,0,0,0,6000,0,0.0,0.0,0.0,c0f27110c744a3fc7a33aecc95f2268b53928f9aef18cbadd02b335ecd207f0e,assigned_level_sensitivity,dynamic,periodic,0.0,False,False,2.0,False,0.0,0.0,0.0,0.0,0.6699250253806909,0.6598761499999805,0.6884000000000013,23640,0.6718040521366538,6000,6000,0.4898205068616028,5984,0.4929499969945701,0.6378312839821285,0.3621687160178715,0.072,0.0031294901329673,59.45191693890826,0.0,59.98076903388541,249.99900000000008,nan,nan,nan,
Static-V,250,6,808,1000,24000,0.0,412.0,0.0,0,23588,0,0,6000,6000,0,0,0,6000,0,0.0,0.0,0.0,063cb3f34bb5042d5a315795e5ea1e803957554d0c67c50190b2b486a6968f17,assigned_level_sensitivity,dynamic,periodic,0.0,False,False,2.0,False,0.0,0.0,0.0,0.0,0.6700717144310444,0.6585688166666448,0.6884000000000013,23588,0.6708877824420356,6000,6000,0.4906937490830647,5992,0.4937884195255891,0.63851619153266,0.3614838084673399,0.0733333333333333,0.0030946704425244,59.43029840021653,0.0,59.97782315044881,250.0000000000001,nan,nan,nan,
Static-V,250,6,909,1000,24000,0.0,348.0,0.0,0,23652,0,0,6000,6000,0,0,0,6000,0,0.0,0.0,0.0,43ca3bc1908129b5c2ac96d7e4719f6173824add31150444bda10a9206dc8922,assigned_level_sensitivity,dynamic,periodic,0.0,False,False,2.0,False,0.0,0.0,0.0,0.0,0.6698962117368308,0.6601827166666467,0.6884000000000013,23652,0.6715477927062546,6000,6000,0.4918949646005929,5988,0.4954145229169924,0.6403791081986054,0.3596208918013945,0.068,0.0035195583163994,59.46249849389327,0.0,59.980450765809245,250.0000000000001,nan,nan,nan,
Static-V,250,6,1010,1000,24000,0.0,364.0,0.0,0,23636,0,0,6000,6000,0,0,0,6000,0,0.0,0.0,0.0,da29db140ec3433f5a7bef5bfca040b9d439fbd33929da0e9b1ac51f823030f9,assigned_level_sensitivity,dynamic,periodic,0.0,False,False,2.0,False,0.0,0.0,0.0,0.0,0.6699658317820077,0.659804683333314,0.6884000000000013,23636,0.6716457864843688,6000,6000,0.4920588528279381,5992,0.4947827322886858,0.6352816463871882,0.3647183536128118,0.0713333333333333,0.0027238794607477,59.44735659841405,0.0,59.97620672156569,249.99960000000007,nan,nan,nan,
Static-V,250,8,101,1000,32000,0.0,1472.0,0.0,0,30528,0,0,8000,8000,0,0,0,8000,0,0.0,0.0,0.0,48536fc5e075a2292b527fb68f9e0371d396b2957068a8b27317e7a61bf9ac13,assigned_level_sensitivity,dynamic,periodic,0.0,False,False,2.0,False,0.0,0.0,0.0,0.0,0.6357420073373138,0.6064978749997973,0.6884000000000013,30528,0.634479533344033,8000,8000,0.4772338189728126,7912,0.4885887201565712,0.6305055097443952,0.3694944902556047,0.087,0.0113549011837585,59.49334701992144,0.0,59.94462037080957,249.9999,nan,nan,nan,
Static-V,250,8,202,1000,32000,0.0,1416.0,0.0,0,30584,0,0,8000,8000,0,0,0,8000,0,0.0,0.0,0.0,570e9630deff505ba1c5363a004cd8917cdc4ddeaaa2dfbdb2999707f9626552,assigned_level_sensitivity,dynamic,periodic,0.0,False,False,2.0,False,0.0,0.0,0.0,0.0,0.6353591681923062,0.6072445249997966,0.6884000000000013,30584,0.6348111683764132,8000,8000,0.4787029422929794,7920,0.4887381615657359,0.6291314634269177,0.3708685365730823,0.085,0.0100352192727565,59.46593371768206,0.0,59.955282012639294,249.999,nan,nan,nan,
Static-V,250,8,303,1000,32000,0.0,1352.0,0.0,0,30648,0,0,8000,8000,0,0,0,8000,0,0.0,0.0,0.0,7258aada57693e7fc41c3edb014bd97cd32dde8bd5dca77e2f1cb8b3ef00eaf8,assigned_level_sensitivity,dynamic,periodic,0.0,False,False,2.0,False,0.0,0.0,0.0,0.0,0.6354229444007286,0.6085763249997977,0.6884000000000013,30648,0.6350223332507752,8000,8000,0.4732515881499236,7952,0.4821945601991983,0.6191333188427909,0.3808666811572091,0.087,0.0089429720492747,59.49923434211839,0.0,59.96921226685535,249.9999,nan,nan,nan,
Static-V,250,8,404,1000,32000,0.0,1392.0,0.0,0,30608,0,0,8000,8000,0,0,0,8000,0,0.0,0.0,0.0,620f015056b4913eca566e19dd498b9d34ce3df10a7782d95a50b5b4aece1a2a,assigned_level_sensitivity,dynamic,periodic,0.0,False,False,2.0,False,0.0,0.0,0.0,0.0,0.6352172765288019,0.607585324999799,0.6884000000000013,30608,0.6341520797023332,8000,8000,0.4771453495043895,7968,0.4850170938581482,0.6220431730793087,0.3779568269206913,0.082,0.0078717443537587,59.46758072956542,0.0,59.9484762667402,249.999,nan,nan,nan,
Static-V,250,8,505,1000,32000,0.0,1272.0,0.0,0,30728,0,0,8000,8000,0,0,0,8000,0,0.0,0.0,0.0,4c81619bc200eebb3080c210bdc746b4414b0cc7c3fbb63c2a1ce3f91c436327,assigned_level_sensitivity,dynamic,periodic,0.0,False,False,2.0,False,0.0,0.0,0.0,0.0,0.6351339234572237,0.6098873499997991,0.6884000000000013,30728,0.636395986318284,8000,8000,0.4799820863464495,7952,0.4881563988591711,0.6313935294205407,0.3686064705794593,0.078,0.0081743125127215,59.498636406599,0.0,59.95584871198879,249.9999,nan,nan,nan,
Static-V,250,8,606,1000,32000,0.0,1304.0,0.0,0,30696,0,0,8000,8000,0,0,0,8000,0,0.0,0.0,0.0,820400f60474dd2d047d6af68da1f0bbcc78c2597c68a44e9fae693f09b01e62,assigned_level_sensitivity,dynamic,periodic,0.0,False,False,2.0,False,0.0,0.0,0.0,0.0,0.635172869429034,0.6092895749998009,0.6884000000000013,30696,0.636332664279677,8000,8000,0.4761424899917575,7936,0.4853897527928776,0.6244010184263156,0.3755989815736844,0.081,0.00924726280112,59.47455422677212,0.0,59.95100534363432,249.999,nan,nan,nan,
Static-V,250,8,707,1000,32000,0.0,1440.0,0.0,0,30560,0,0,8000,8000,0,0,0,8000,0,0.0,0.0,0.0,265cd3c30607304ee4b6dbfbe241a7f7f4ee382cc1c459bb4718426a447809b3,assigned_level_sensitivity,dynamic,periodic,0.0,False,False,2.0,False,0.0,0.0,0.0,0.0,0.6355342408374874,0.6069351999998005,0.6884000000000013,30560,0.6337225759912266,8000,8000,0.4760806949414305,7920,0.4871672997705297,0.623910458338825,0.376089541661175,0.084,0.0110866048290991,59.46727499025714,0.0,59.95785572367512,249.9999,nan,nan,nan,
Static-V,250,8,808,1000,32000,0.0,1336.0,0.0,0,30664,0,0,8000,8000,0,0,0,8000,0,0.0,0.0,0.0,f4866bde13e803cb907ec64e47284a1135ec88db541e26e30e289fa70c4a5ff8,assigned_level_sensitivity,dynamic,periodic,0.0,False,False,2.0,False,0.0,0.0,0.0,0.0,0.6352214975213135,0.6087009999997987,0.6884000000000013,30664,0.6354702456827942,8000,8000,0.4805921302900368,7952,0.4871408460990231,0.6299511104923644,0.3700488895076356,0.083,0.0065487158089863,59.486385920651074,0.0,59.96525542816512,249.999,nan,nan,nan,
Static-V,250,8,909,1000,32000,0.0,1320.0,0.0,0,30680,0,0,8000,8000,0,0,0,8000,0,0.0,0.0,0.0,a8c124acc17ac65b2cb1529125ce780607cdb86f117209ab5b3479ea9aad8a28,assigned_level_sensitivity,dynamic,periodic,0.0,False,False,2.0,False,0.0,0.0,0.0,0.0,0.6353756714469877,0.6091664249997994,0.6884000000000013,30680,0.6355944408210552,8000,8000,0.4795211880875816,7936,0.4887140096879386,0.6312083999646886,0.3687916000353114,0.08,0.0091928216003569,59.50085623953162,0.0,59.96136212713593,249.9999,nan,nan,nan,
Static-V,250,8,1010,1000,32000,0.0,1304.0,0.0,0,30696,0,0,8000,8000,0,0,0,8000,0,0.0,0.0,0.0,d3b8735acadda44f30d6c9e91006c692298437fd0395e4753048eb08f289bf45,assigned_level_sensitivity,dynamic,periodic,0.0,False,False,2.0,False,0.0,0.0,0.0,0.0,0.6350473025799325,0.6091691249998002,0.6884000000000013,30696,0.6361358877208,8000,8000,0.4808642308443282,7944,0.4891730188739594,0.6267073061265568,0.3732926938734432,0.083,0.0083087880296311,59.48541985606686,0.0,59.96319759005484,249.9999,nan,nan,nan,
Static-V,250,10,101,1000,40000,0.0,3360.0,0.0,0,36640,0,0,10000,10000,0,0,0,10000,0,0.0,0.0,0.0,ba24034ae3cf4562ab6a0153556be98ed2c4b4bffe7e7bdc8e8a9fe95da3ae23,assigned_level_sensitivity,dynamic,periodic,0.0,False,False,2.0,False,0.0,0.0,0.0,0.0,0.6096732532751363,0.5584607000000249,0.6884000000000013,36640,0.6032489846031794,10000,10000,0.4263015222508671,9780,0.4439981716029645,0.6246522537697872,0.3753477462302128,0.104,0.0176966493520974,59.54881022723541,0.0,59.95766713994964,250.00000000000003,nan,nan,nan,
Static-V,250,10,202,1000,40000,0.0,3280.0,0.0,0,36720,0,0,10000,10000,0,0,0,10000,0,0.0,0.0,0.0,a31dd7180ec5a17c6109cc36edd6a1a2865732b406c1cba67be0cad853f4b566,assigned_level_sensitivity,dynamic,periodic,0.0,False,False,2.0,False,0.0,0.0,0.0,0.0,0.6094137799564595,0.5594418500000298,0.6884000000000013,36720,0.6037121976124197,10000,10000,0.4225059268083683,9740,0.4409700458134528,0.630959925902059,0.369040074097941,0.108,0.0184641190050844,59.55501113777831,0.0,59.98304060922528,250.00000000000003,nan,nan,nan,
Static-V,250,10,303,1000,40000,0.0,3260.0,0.0,0,36740,0,0,10000,10000,0,0,0,10000,0,0.0,0.0,0.0,50217851ecebf8d2338a275cd29e82ffabe16ff153d1881d800178b818384e08,assigned_level_sensitivity,dynamic,periodic,0.0,False,False,2.0,False,0.0,0.0,0.0,0.0,0.6093758301579002,0.5597117000000313,0.6884000000000013,36740,0.6030246056086176,10000,10000,0.4270204498291227,9800,0.4441549193426149,0.610959845124291,0.389040154875709,0.098,0.0171344695134921,59.56423901388781,0.0,59.99040624577879,250.00000000000003,nan,nan,nan,
Static-V,250,10,404,1000,40000,0.0,3500.0,0.0,0,36500,0,0,10000,10000,0,0,0,10000,0,0.0,0.0,0.0,666c91aca3d98fc592001468c87d42b3811143a5760cc295453880e244dc758a,assigned_level_sensitivity,dynamic,periodic,0.0,False,False,2.0,False,0.0,0.0,0.0,0.0,0.610186958904128,0.5567956000000167,0.6884000000000013,36500,0.601659514384239,10000,10000,0.4233338269402166,9740,0.4440791809002027,0.6098736314247277,0.3901263685752723,0.112,0.0207453539599861,59.55904967248447,0.0,59.97542410251151,250.00000000000003,nan,nan,nan,
Static-V,250,10,505,1000,40000,0.0,3380.0,0.0,0,36620,0,0,10000,10000,0,0,0,10000,0,0.0,0.0,0.0,04672988e5cbc3ed558a7a8a37b1047a717d071003dab2e756353934eb08b021,assigned_level_sensitivity,dynamic,periodic,0.0,False,False,2.0,False,0.0,0.0,0.0,0.0,0.60986171490991,0.5583284000000226,0.6884000000000013,36620,0.6023952087810944,10000,10000,0.4269738434893466,9820,0.443928624815347,0.6239850953478517,0.3760149046521482,0.098,0.0169547813260004,59.58202777272341,0.0,59.995542391335015,250.00000000000003,nan,nan,nan,
Static-V,250,10,606,1000,40000,0.0,3400.0,0.0,0,36600,0,0,10000,10000,0,0,0,10000,0,0.0,0.0,0.0,4774fcd2535e12b211f86580e78668e1e9bd961da670be7bd6bd7a6c26dc59af,assigned_level_sensitivity,dynamic,periodic,0.0,False,False,2.0,False,0.0,0.0,0.0,0.0,0.609878579234996,0.5580389000000214,0.6884000000000013,36600,0.603463951886831,10000,10000,0.4274998643665215,9760,0.4462211271508451,0.6245541664801771,0.3754458335198228,0.102,0.0187212627843236,59.5663466926788,0.0,59.99124826096129,250.00000000000003,nan,nan,nan,
Static-V,250,10,707,1000,40000,0.0,3420.0,0.0,0,36580,0,0,10000,10000,0,0,0,10000,0,0.0,0.0,0.0,c605b9756ab83b71cebd84bc5abee05ba757a64ae099f5222f6e8681ffb7d720,assigned_level_sensitivity,dynamic,periodic,0.0,False,False,2.0,False,0.0,0.0,0.0,0.0,0.609896500820145,0.5577503500000226,0.6884000000000013,36580,0.6008787136393571,10000,10000,0.4219202995162158,9720,0.444520581246129,0.6243419187736682,0.3756580812263318,0.114,0.0226002817299132,59.561298224374895,0.0,59.9870237367775,249.99780000000027,nan,nan,nan,
Static-V,250,10,808,1000,40000,0.0,3380.0,0.0,0,36620,0,0,10000,10000,0,0,0,10000,0,0.0,0.0,0.0,e605a1726b1f4167ef338b823102f2cdcf91485c2169dd1f43f679edd32d0c6b,assigned_level_sensitivity,dynamic,periodic,0.0,False,False,2.0,False,0.0,0.0,0.0,0.0,0.6097842708902494,0.5582575000000234,0.6884000000000013,36620,0.6023703096056616,10000,10000,0.4251541700538642,9800,0.4440882719698062,0.6167840870434851,0.3832159129565149,0.1,0.0189341019159419,59.56545475903566,0.0,59.98908468242725,249.99780000000027,nan,nan,nan,
Static-V,250,10,909,1000,40000,0.0,3300.0,0.0,0,36700,0,0,10000,10000,0,0,0,10000,0,0.0,0.0,0.0,4aa46a36bd6ab7692e6e9b8d01c77bc74efc702a0031843df833c095ec32a39e,assigned_level_sensitivity,dynamic,periodic,0.0,False,False,2.0,False,0.0,0.0,0.0,0.0,0.609502997275235,0.5592190000000281,0.6884000000000013,36700,0.6020760116479041,10000,10000,0.420838015803317,9780,0.4384389885692074,0.6230958804904463,0.3769041195095537,0.114,0.0176009727658904,59.56556821277994,0.0,59.98480674549303,249.99780000000027,nan,nan,nan,
Static-V,250,10,1010,1000,40000,0.0,3500.0,0.0,0,36500,0,0,10000,10000,0,0,0,10000,0,0.0,0.0,0.0,59935886a4422cb71f0cc89a8bc7b0c529d05a68340841646e4c8885c5e0c9ac,assigned_level_sensitivity,dynamic,periodic,0.0,False,False,2.0,False,0.0,0.0,0.0,0.0,0.6101795616438538,0.5567888500000165,0.6884000000000013,36500,0.6014778277468197,10000,10000,0.4269974710349396,9780,0.4438752212489932,0.6239311885517131,0.3760688114482868,0.108,0.0168777502140535,59.560332344850586,0.0,59.98773709006642,250.00000000000003,nan,nan,nan,
Static-V,300,4,101,1000,16000,0.0,0.0,0.0,0,16000,0,0,4000,4000,0,0,0,4000,0,0.0,0.0,0.0,358345139b329c40140caebe1f44495eb1cb4ce7057ad9123725a473225c7759,assigned_level_sensitivity,dynamic,periodic,0.0,False,False,2.0,False,0.0,0.0,0.0,0.0,0.6883649499997686,0.6883649499997686,0.6884000000000013,16000,0.6883623329333319,4000,4000,0.4950178723120929,4000,0.4950178723120929,0.6318512014168091,0.3681487985831909,0.066,0.0,52.86153043746608,0.0,58.37671210843949,299.98000000000013,nan,nan,nan,
Static-V,300,4,202,1000,16000,0.0,0.0,0.0,0,16000,0,0,4000,4000,0,0,0,4000,0,0.0,0.0,0.0,34b8939f5e22fe77656bcf596b267a8e14848f4c8183e258a0aa6bf6964bce30,assigned_level_sensitivity,dynamic,periodic,0.0,False,False,2.0,False,0.0,0.0,0.0,0.0,0.6883999999997684,0.6883999999997684,0.6884000000000013,16000,0.6883999999999982,4000,4000,0.494885500598558,4000,0.494885500598558,0.6317481685495717,0.3682518314504283,0.066,0.0,52.862290276322526,0.0,58.138330905797964,299.98000000000013,nan,nan,nan,
Static-V,300,4,303,1000,16000,0.0,0.0,0.0,0,16000,0,0,4000,4000,0,0,0,4000,0,0.0,0.0,0.0,cb9cf6119f28cbbe2f515263b460577c6bf03d42557f7919b99931e42d877f4b,assigned_level_sensitivity,dynamic,periodic,0.0,False,False,2.0,False,0.0,0.0,0.0,0.0,0.6883649499997686,0.6883649499997686,0.6884000000000013,16000,0.6883691292064797,4000,4000,0.4948777120957631,4000,0.4948777120957631,0.6317139616376489,0.3682860383623511,0.066,0.0,52.86153228668728,0.0,58.37671210843949,299.98000000000013,nan,nan,nan,
Static-V,300,4,404,1000,16000,0.0,0.0,0.0,0,16000,0,0,4000,4000,0,0,0,4000,0,0.0,0.0,0.0,19660c8d7c38bf482c258d456033c0235b91bafa3f9150f8928502cb0b6a233e,assigned_level_sensitivity,dynamic,periodic,0.0,False,False,2.0,False,0.0,0.0,0.0,0.0,0.6883649499997686,0.6883649499997686,0.6884000000000013,16000,0.688362452183906,4000,4000,0.4948855005985574,4000,0.4948855005985574,0.6317481685495717,0.3682518314504283,0.066,0.0,52.86153022588858,0.0,58.37671210843971,299.98000000000013,nan,nan,nan,
Static-V,300,4,505,1000,16000,0.0,0.0,0.0,0,16000,0,0,4000,4000,0,0,0,4000,0,0.0,0.0,0.0,73cdab68096cc443e0e24ada558429cabf1afc7f75cc16ce9d024a0d7cee62f9,assigned_level_sensitivity,dynamic,periodic,0.0,False,False,2.0,False,0.0,0.0,0.0,0.0,0.6883999999997684,0.6883999999997684,0.6884000000000013,16000,0.6883999999999985,4000,4000,0.4948855005985575,4000,0.4948855005985575,0.6317481685495717,0.3682518314504283,0.066,0.0,52.862290276322526,0.0,58.138330905797964,299.98000000000013,nan,nan,nan,
Static-V,300,4,606,1000,16000,0.0,0.0,0.0,0,16000,0,0,4000,4000,0,0,0,4000,0,0.0,0.0,0.0,7833957291a032d51d81862cac99e9d8ccb12f68b533b2caf53ee51ae3f9dc9c,assigned_level_sensitivity,dynamic,periodic,0.0,False,False,2.0,False,0.0,0.0,0.0,0.0,0.6883999999997684,0.6883999999997684,0.6884000000000013,16000,0.6883999999999975,4000,4000,0.494885500598558,4000,0.494885500598558,0.6317481685495717,0.3682518314504283,0.066,0.0,52.862290276322526,0.0,58.138330905797964,299.98000000000013,nan,nan,nan,
Static-V,300,4,707,1000,16000,0.0,0.0,0.0,0,16000,0,0,4000,4000,0,0,0,4000,0,0.0,0.0,0.0,7299403d9d2d4f4ccec9f76133c48d8d07e2ed601a2777f731db87ca14e66056,assigned_level_sensitivity,dynamic,periodic,0.0,False,False,2.0,False,0.0,0.0,0.0,0.0,0.6883999999997684,0.6883999999997684,0.6884000000000013,16000,0.6883999999999982,4000,4000,0.4948855005985578,4000,0.4948855005985578,0.6317481685495717,0.3682518314504283,0.066,0.0,52.862290276322526,0.0,58.138330905797964,299.98000000000013,nan,nan,nan,
Static-V,300,4,808,1000,16000,0.0,0.0,0.0,0,16000,0,0,4000,4000,0,0,0,4000,0,0.0,0.0,0.0,332b0fc25c5dccfb6fb5145b59221f17277c51b24f8c2d6148183eada1540c2c,assigned_level_sensitivity,dynamic,periodic,0.0,False,False,2.0,False,0.0,0.0,0.0,0.0,0.6883999999997684,0.6883999999997684,0.6884000000000013,16000,0.6883999999999996,4000,4000,0.4948855005985572,4000,0.4948855005985572,0.6317481685495717,0.3682518314504283,0.066,0.0,52.862290276322526,0.0,58.138330905797964,299.98000000000013,nan,nan,nan,
Static-V,300,4,909,1000,16000,0.0,0.0,0.0,0,16000,0,0,4000,4000,0,0,0,4000,0,0.0,0.0,0.0,3a15676bda67054cb5929717fc730bfa67cd49969827870cd1819db4b67b2b0f,assigned_level_sensitivity,dynamic,periodic,0.0,False,False,2.0,False,0.0,0.0,0.0,0.0,0.6883298999997687,0.6883298999997687,0.6884000000000013,16000,0.6883297636114053,4000,4000,0.4948818962200329,4000,0.4948818962200329,0.6317184950838074,0.3682815049161926,0.066,0.0,52.86077457629332,0.0,58.392238652575024,299.98000000000013,nan,nan,nan,
Static-V,300,4,1010,1000,16000,0.0,0.0,0.0,0,16000,0,0,4000,4000,0,0,0,4000,0,0.0,0.0,0.0,f74ec5db6e908852b709fb2fc49501319e260c6bb970c5803f31b89af1514827,assigned_level_sensitivity,dynamic,periodic,0.0,False,False,2.0,False,0.0,0.0,0.0,0.0,0.6883999999997684,0.6883999999997684,0.6884000000000013,16000,0.688399999999998,4000,4000,0.4948855005985574,4000,0.4948855005985574,0.6317481685495717,0.3682518314504283,0.066,0.0,52.862290276322526,0.0,58.138330905797964,299.98000000000013,nan,nan,nan,
Static-V,300,6,101,1000,24000,0.0,198.0,0.0,0,23802,0,0,6000,6000,0,0,0,6000,0,0.0,0.0,0.0,368e16a18b5b73e12179e2ceeeef5d7bbd6d7e12c7147fe591b0919c4402b0f8,assigned_level_sensitivity,dynamic,periodic,0.0,False,False,2.0,False,0.0,0.0,0.0,0.0,0.6818300478948159,0.6762049499996837,0.6884000000000013,23802,0.6815335950156497,6000,6000,0.492664226743926,5996,0.4939014544953475,0.6300474736986627,0.3699525263013373,0.0653333333333333,0.0012372277514214,59.27308247265594,0.0,59.88990338961125,299.9988,nan,nan,nan,
Static-V,300,6,202,1000,24000,0.0,164.0,0.0,0,23836,0,0,6000,6000,0,0,0,6000,0,0.0,0.0,0.0,1647dacc78c42fdbc64e7d28ec9e5575601944c739c0044734f158d076fd1351,assigned_level_sensitivity,dynamic,periodic,0.0,False,False,2.0,False,0.0,0.0,0.0,0.0,0.6815888571904819,0.6769313333330136,0.6884000000000013,23836,0.6824181199520014,6000,6000,0.4926199756386165,6000,0.493164274178242,0.6321312584876759,0.367868741512324,0.0646666666666666,0.0005442985396254,59.2837334716776,0.0,59.92062106964262,299.99990000000014,nan,nan,nan,
Static-V,300,6,303,1000,24000,0.0,143.0,0.0,0,23857,0,0,6000,6000,0,0,0,6000,0,0.0,0.0,0.0,b40e3956fc736148fe48725c99a765faa7ca344bcdde335f7de5815dce321912,assigned_level_sensitivity,dynamic,periodic,0.0,False,False,2.0,False,0.0,0.0,0.0,0.0,0.6814686549017988,0.6774082374996755,0.6884000000000013,23857,0.6824834114852215,6000,6000,0.4950859361166256,6000,0.4958523994868447,0.6330296432702655,0.3669703567297345,0.0625,0.000766463370219,59.3341401289388,0.0,59.924012066895465,299.9982000000001,nan,nan,nan,
Static-V,300,6,404,1000,24000,0.0,174.0,0.0,0,23826,0,0,6000,6000,0,0,0,6000,0,0.0,0.0,0.0,90dd8c8ff63030dd9dbbd25c0b5e9d426cebafe711c88974834a56210f18bdc1,assigned_level_sensitivity,dynamic,periodic,0.0,False,False,2.0,False,0.0,0.0,0.0,0.0,0.6817697557287178,0.6768269249996846,0.6884000000000013,23826,0.6824479909439821,6000,6000,0.4929057102875592,5996,0.4936743949025325,0.6313736234705905,0.3686263765294095,0.0653333333333333,0.0007686846149733,59.281598442456776,0.0,59.89130944011463,299.9982000000001,nan,nan,nan,
Static-V,300,6,505,1000,24000,0.0,180.0,0.0,0,23820,0,0,6000,6000,0,0,0,6000,0,0.0,0.0,0.0,64fec059e2099a382af339a6780c28497caac0c5ebb5f50adb7d0e94049738cd,assigned_level_sensitivity,dynamic,periodic,0.0,False,False,2.0,False,0.0,0.0,0.0,0.0,0.6817680268678586,0.6766547666663497,0.6884000000000013,23820,0.6824029058911779,6000,6000,0.4943134718696126,5992,0.4956203601219651,0.6330843811981998,0.3669156188018002,0.0633333333333333,0.0013068882523524,59.280955803563096,0.0,59.91799582089834,299.99990000000014,nan,nan,nan,
Static-V,300,6,606,1000,24000,0.0,175.0,0.0,0,23825,0,0,6000,6000,0,0,0,6000,0,0.0,0.0,0.0,ae880915da58fff9f20affe7a5a25900cde6365bd54144492baa5036a1d84adc,assigned_level_sensitivity,dynamic,periodic,0.0,False,False,2.0,False,0.0,0.0,0.0,0.0,0.6815952528853015,0.6766252874996795,0.6884000000000013,23825,0.6823758920946628,6000,6000,0.4927994152012867,5988,0.4941712335409788,0.6330205626402329,0.3669794373597671,0.0666666666666666,0.001371818339692,59.284363498083344,0.0,59.93674403461903,299.99990000000014,nan,nan,nan,
Static-V,300,6,707,1000,24000,0.0,135.0,0.0,0,23865,0,0,6000,6000,0,0,0,6000,0,0.0,0.0,0.0,c0f27110c744a3fc7a33aecc95f2268b53928f9aef18cbadd02b335ecd207f0e,assigned_level_sensitivity,dynamic,periodic,0.0,False,False,2.0,False,0.0,0.0,0.0,0.0,0.6814389608209639,0.6776058666663459,0.6884000000000013,23865,0.682996029877614,6000,6000,0.4935963917406853,5988,0.4950546060190908,0.6327080296096128,0.3672919703903872,0.0626666666666666,0.0014582142784054,59.30235784795157,0.0,59.89872682182808,299.99990000000014,nan,nan,nan,
Static-V,300,6,808,1000,24000,0.0,204.0,0.0,0,23796,0,0,6000,6000,0,0,0,6000,0,0.0,0.0,0.0,063cb3f34bb5042d5a315795e5ea1e803957554d0c67c50190b2b486a6968f17,assigned_level_sensitivity,dynamic,periodic,0.0,False,False,2.0,False,0.0,0.0,0.0,0.0,0.6817848041684447,0.6759896333330129,0.6884000000000013,23796,0.6820222358495275,6000,6000,0.491570655908275,5980,0.4940258479266312,0.6283330686075531,0.3716669313924469,0.0666666666666666,0.0024551920183562,59.290589916089935,0.0,59.91591993031218,299.9978000000001,nan,nan,nan,
Static-V,300,6,909,1000,24000,0.0,167.0,0.0,0,23833,0,0,6000,6000,0,0,0,6000,0,0.0,0.0,0.0,43ca3bc1908129b5c2ac96d7e4719f6173824add31150444bda10a9206dc8922,assigned_level_sensitivity,dynamic,periodic,0.0,False,False,2.0,False,0.0,0.0,0.0,0.0,0.6818260646998822,0.6770816916663455,0.6884000000000013,23833,0.6822448938757605,6000,6000,0.4916333937984016,5992,0.493397754678296,0.6302274927242998,0.3697725072757002,0.064,0.0017643608798943,59.36495582444128,0.0,59.94497196946677,299.99990000000014,nan,nan,nan,
Static-V,300,6,1010,1000,24000,0.0,167.0,0.0,0,23833,0,0,6000,6000,0,0,0,6000,0,0.0,0.0,0.0,da29db140ec3433f5a7bef5bfca040b9d439fbd33929da0e9b1ac51f823030f9,assigned_level_sensitivity,dynamic,periodic,0.0,False,False,2.0,False,0.0,0.0,0.0,0.0,0.6817839550200302,0.6770398749996824,0.6884000000000013,23833,0.6823078489248834,6000,6000,0.4933916368123787,5996,0.4946701572864567,0.6293476057758083,0.3706523942241917,0.0631666666666666,0.001278520474078,59.31894607782305,0.0,59.90356995937485,299.9982000000001,nan,nan,nan,
Static-V,300,8,101,1000,32000,0.0,721.0,0.0,0,31279,0,0,8000,8000,0,0,0,8000,0,0.0,0.0,0.0,48536fc5e075a2292b527fb68f9e0371d396b2957068a8b27317e7a61bf9ac13,assigned_level_sensitivity,dynamic,periodic,0.0,False,False,2.0,False,0.0,0.0,0.0,0.0,0.6571957031872464,0.6423882624998087,0.6884000000000013,31279,0.662430934751125,8000,8000,0.491931892030243,7992,0.4951058106618,0.6444081157423424,0.3555918842576576,0.07,0.0031739186315569,59.55307336598627,0.0,59.86579411369649,299.9990000000001,nan,nan,nan,
Static-V,300,8,202,1000,32000,0.0,648.0,0.0,0,31352,0,0,8000,8000,0,0,0,8000,0,0.0,0.0,0.0,570e9630deff505ba1c5363a004cd8917cdc4ddeaaa2dfbdb2999707f9626552,assigned_level_sensitivity,dynamic,periodic,0.0,False,False,2.0,False,0.0,0.0,0.0,0.0,0.6569072180401214,0.6436048468748089,0.6884000000000013,31352,0.6628399630973066,8000,8000,0.4891913512154639,8000,0.490997594245591,0.6430324672637793,0.3569675327362207,0.073,0.001806243030127,59.55328573198375,0.0,59.87589482948511,299.9981,nan,nan,nan,
Static-V,300,8,303,1000,32000,0.0,661.0,0.0,0,31339,0,0,8000,8000,0,0,0,8000,0,0.0,0.0,0.0,7258aada57693e7fc41c3edb014bd97cd32dde8bd5dca77e2f1cb8b3ef00eaf8,assigned_level_sensitivity,dynamic,periodic,0.0,False,False,2.0,False,0.0,0.0,0.0,0.0,0.6571609432334699,0.6435864624998034,0.6884000000000013,31339,0.6633769588457187,8000,8000,0.4867681826419814,8000,0.4896086967905704,0.6359338015064394,0.3640661984935606,0.08,0.0028405141485889,59.55187483274422,0.0,59.8725278565628,299.9981,nan,nan,nan,
Static-V,300,8,404,1000,32000,0.0,666.0,0.0,0,31334,0,0,8000,8000,0,0,0,8000,0,0.0,0.0,0.0,620f015056b4913eca566e19dd498b9d34ce3df10a7782d95a50b5b4aece1a2a,assigned_level_sensitivity,dynamic,periodic,0.0,False,False,2.0,False,0.0,0.0,0.0,0.0,0.6570194932020724,0.6433452749998042,0.6884000000000013,31334,0.6629300965887047,8000,8000,0.4861155069364766,7992,0.4902477595451394,0.6325221772064756,0.3674778227935243,0.077,0.0041322526086627,59.553677415751466,0.0,59.873101481482536,299.99830000000003,nan,nan,nan,
Static-V,300,8,505,1000,32000,0.0,625.0,0.0,0,31375,0,0,8000,8000,0,0,0,8000,0,0.0,0.0,0.0,4c81619bc200eebb3080c210bdc746b4414b0cc7c3fbb63c2a1ce3f91c436327,assigned_level_sensitivity,dynamic,periodic,0.0,False,False,2.0,False,0.0,0.0,0.0,0.0,0.6570008414340641,0.6441687937498051,0.6884000000000013,31375,0.6637356843014295,8000,8000,0.4879329585698913,7992,0.4908294880994687,0.6426484637675856,0.3573515362324144,0.076,0.0028965295295774,59.55405078211805,0.0,59.87912960607074,299.9985,nan,nan,nan,
Static-V,300,8,606,1000,32000,0.0,648.0,0.0,0,31352,0,0,8000,8000,0,0,0,8000,0,0.0,0.0,0.0,820400f60474dd2d047d6af68da1f0bbcc78c2597c68a44e9fae693f09b01e62,assigned_level_sensitivity,dynamic,periodic,0.0,False,False,2.0,False,0.0,0.0,0.0,0.0,0.6568336055114137,0.6435327249998075,0.6884000000000013,31352,0.6631765891959143,8000,8000,0.4882728182134027,7984,0.4919012058084261,0.6395325180383762,0.3604674819616238,0.074,0.0036283875950234,59.553395357275214,0.0,59.8658246439758,299.9981,nan,nan,nan,
Static-V,300,8,707,1000,32000,0.0,600.0,0.0,0,31400,0,0,8000,8000,0,0,0,8000,0,0.0,0.0,0.0,265cd3c30607304ee4b6dbfbe241a7f7f4ee382cc1c459bb4718426a447809b3,assigned_level_sensitivity,dynamic,periodic,0.0,False,False,2.0,False,0.0,0.0,0.0,0.0,0.6569431847131803,0.6446254999998081,0.6884000000000013,31400,0.664302722428198,8000,8000,0.4880599388185049,7976,0.4918016612367331,0.6351022180833232,0.3648977819166767,0.075,0.0037417224182281,59.54663159705123,0.0,59.87478497716982,299.9990000000001,nan,nan,nan,
Static-V,300,8,808,1000,32000,0.0,551.0,0.0,0,31449,0,0,8000,8000,0,0,0,8000,0,0.0,0.0,0.0,f4866bde13e803cb907ec64e47284a1135ec88db541e26e30e289fa70c4a5ff8,assigned_level_sensitivity,dynamic,periodic,0.0,False,False,2.0,False,0.0,0.0,0.0,0.0,0.6567606791946934,0.6454520812498098,0.6884000000000013,31449,0.6646574237008758,8000,8000,0.4926315143341964,7992,0.4955425761587688,0.6413481220116862,0.3586518779883137,0.069,0.0029110618245724,59.54410602543507,0.0,59.8644955486438,299.9978,nan,nan,nan,
Static-V,300,8,909,1000,32000,0.0,614.0,0.0,0,31386,0,0,8000,8000,0,0,0,8000,0,0.0,0.0,0.0,a8c124acc17ac65b2cb1529125ce780607cdb86f117209ab5b3479ea9aad8a28,assigned_level_sensitivity,dynamic,periodic,0.0,False,False,2.0,False,0.0,0.0,0.0,0.0,0.6569959058176833,0.6443897968748065,0.6884000000000013,31386,0.6637329026621813,8000,8000,0.4872286680016183,7984,0.4911616900580317,0.6425739452463561,0.3574260547536438,0.07,0.0039330220564133,59.55455158932635,0.0,59.88566715333234,299.99819999999994,nan,nan,nan,
Static-V,300,8,1010,1000,32000,0.0,568.0,0.0,0,31432,0,0,8000,8000,0,0,0,8000,0,0.0,0.0,0.0,d3b8735acadda44f30d6c9e91006c692298437fd0395e4753048eb08f289bf45,assigned_level_sensitivity,dynamic,periodic,0.0,False,False,2.0,False,0.0,0.0,0.0,0.0,0.6567738101296112,0.6451160749998106,0.6884000000000013,31432,0.6639723309169401,8000,8000,0.4906171935924634,8000,0.4925100009305729,0.6448051941093884,0.3551948058906116,0.074,0.0018928073381095,59.54838900658183,0.0,59.8641926913776,299.9987,nan,nan,nan,
Static-V,300,10,101,1000,40000,0.0,1400.0,0.0,0,38600,0,0,10000,10000,0,0,0,10000,0,0.0,0.0,0.0,ba24034ae3cf4562ab6a0153556be98ed2c4b4bffe7e7bdc8e8a9fe95da3ae23,assigned_level_sensitivity,dynamic,periodic,0.0,False,False,2.0,False,0.0,0.0,0.0,0.0,0.6303728497406571,0.6083097999997341,0.6884000000000013,38600,0.6354210124401389,10000,10000,0.4778662746547864,9880,0.4881666411740618,0.6285543969440947,0.3714456030559053,0.082,0.0103003665192754,59.63348006162427,0.0,59.97184769548328,299.99949999999995,nan,nan,nan,
Static-V,300,10,202,1000,40000,0.0,1320.0,0.0,0,38680,0,0,10000,10000,0,0,0,10000,0,0.0,0.0,0.0,a31dd7180ec5a17c6109cc36edd6a1a2865732b406c1cba67be0cad853f4b566,assigned_level_sensitivity,dynamic,periodic,0.0,False,False,2.0,False,0.0,0.0,0.0,0.0,0.6301480868663194,0.6093531999997309,0.6884000000000013,38680,0.6350813335277465,10000,10000,0.4794110628145466,9900,0.4880633847788226,0.6389906331584,0.3610093668416,0.082,0.008652321964276,59.64692278484085,0.0,59.97451681371607,299.99910000000034,nan,nan,nan,
Static-V,300,10,303,1000,40000,0.0,1320.0,0.0,0,38680,0,0,10000,10000,0,0,0,10000,0,0.0,0.0,0.0,50217851ecebf8d2338a275cd29e82ffabe16ff153d1881d800178b818384e08,assigned_level_sensitivity,dynamic,periodic,0.0,False,False,2.0,False,0.0,0.0,0.0,0.0,0.6302150465353968,0.6094179499997288,0.6884000000000013,38680,0.6354570976829833,10000,10000,0.4751958205871878,9920,0.4829415745509487,0.6324278557681632,0.3675721442318368,0.08,0.0077457539637609,59.65377087665139,0.0,59.97238064498112,300.00000000000034,nan,nan,nan,
Static-V,300,10,404,1000,40000,0.0,1358.0,0.0,0,38642,0,0,10000,10000,0,0,0,10000,0,0.0,0.0,0.0,666c91aca3d98fc592001468c87d42b3811143a5760cc295453880e244dc758a,assigned_level_sensitivity,dynamic,periodic,0.0,False,False,2.0,False,0.0,0.0,0.0,0.0,0.6301773381292243,0.6087828174997372,0.6884000000000013,38642,0.6352942040180485,10000,10000,0.4726448729178584,9900,0.4832794260254655,0.6216782512701273,0.3783217487298727,0.0899,0.010634553107607,59.649130184873,0.0,59.97568778226557,300.00000000000034,nan,nan,nan,
Static-V,300,10,505,1000,40000,0.0,1480.0,0.0,0,38520,0,0,10000,10000,0,0,0,10000,0,0.0,0.0,0.0,04672988e5cbc3ed558a7a8a37b1047a717d071003dab2e756353934eb08b021,assigned_level_sensitivity,dynamic,periodic,0.0,False,False,2.0,False,0.0,0.0,0.0,0.0,0.6307179646933887,0.6073813999997334,0.6884000000000013,38520,0.6326934452330566,10000,10000,0.4787912993679428,9900,0.4871094359685992,0.6377795477450597,0.3622204522549402,0.082,0.0083181366006563,59.67353485004392,0.0,59.97300779433831,300.00000000000034,nan,nan,nan,
Static-V,300,10,606,1000,40000,0.0,1440.0,0.0,0,38560,0,0,10000,10000,0,0,0,10000,0,0.0,0.0,0.0,4774fcd2535e12b211f86580e78668e1e9bd961da670be7bd6bd7a6c26dc59af,assigned_level_sensitivity,dynamic,periodic,0.0,False,False,2.0,False,0.0,0.0,0.0,0.0,0.6304044605806461,0.6077098999997429,0.6884000000000013,38560,0.63427683795616,10000,10000,0.4739606777574369,9900,0.4825191726211618,0.6328023184208507,0.3671976815791493,0.084,0.0085584948637248,59.6646793983183,0.0,59.98462743495744,300.00000000000034,nan,nan,nan,
Static-V,300,10,707,1000,40000,0.0,1300.0,0.0,0,38700,0,0,10000,10000,0,0,0,10000,0,0.0,0.0,0.0,c605b9756ab83b71cebd84bc5abee05ba757a64ae099f5222f6e8681ffb7d720,assigned_level_sensitivity,dynamic,periodic,0.0,False,False,2.0,False,0.0,0.0,0.0,0.0,0.6301947286818934,0.6097133999997318,0.6884000000000013,38700,0.6362461380063439,10000,10000,0.4758302629938696,9900,0.4850570427365941,0.6361025847979044,0.3638974152020956,0.082,0.0092267797427245,59.667685051038525,0.0,59.98166232729156,300.00000000000034,nan,nan,nan,
Static-V,300,10,808,1000,40000,0.0,1400.0,0.0,0,38600,0,0,10000,10000,0,0,0,10000,0,0.0,0.0,0.0,e605a1726b1f4167ef338b823102f2cdcf91485c2169dd1f43f679edd32d0c6b,assigned_level_sensitivity,dynamic,periodic,0.0,False,False,2.0,False,0.0,0.0,0.0,0.0,0.6304057512950617,0.6083415499997346,0.6884000000000013,38600,0.6350714507328263,10000,10000,0.4758925787958196,9880,0.485416887714877,0.6364875980161969,0.3635124019838031,0.086,0.0095243089190573,59.67325577510569,0.0,59.97840558435208,299.99910000000034,nan,nan,nan,
Static-V,300,10,909,1000,40000,0.0,1460.0,0.0,0,38540,0,0,10000,10000,0,0,0,10000,0,0.0,0.0,0.0,4aa46a36bd6ab7692e6e9b8d01c77bc74efc702a0031843df833c095ec32a39e,assigned_level_sensitivity,dynamic,periodic,0.0,False,False,2.0,False,0.0,0.0,0.0,0.0,0.630594758691991,0.6075780499997333,0.6884000000000013,38540,0.6338260348516501,10000,10000,0.4780575373779448,9900,0.4888281966902623,0.6349126788207534,0.3650873211792466,0.08,0.0107706593123175,59.65825441379906,0.0,59.96349605407044,300.00000000000034,nan,nan,nan,
Static-V,300,10,1010,1000,40000,0.0,1300.0,0.0,0,38700,0,0,10000,10000,0,0,0,10000,0,0.0,0.0,0.0,59935886a4422cb71f0cc89a8bc7b0c529d05a68340841646e4c8885c5e0c9ac,assigned_level_sensitivity,dynamic,periodic,0.0,False,False,2.0,False,0.0,0.0,0.0,0.0,0.6302113178291717,0.6097294499997236,0.6884000000000013,38700,0.6349262386423564,10000,10000,0.4815458377436987,9900,0.4899370028243865,0.6336470230796095,0.3663529769203905,0.08,0.0083911650806878,59.63535625778261,0.0,59.98379601183924,300.00000000000034,nan,nan,nan,
ESATD-L3,100,4,101,1000,16000,nan,nan,nan,0,9889,2000,0,4000,4000,0,0,0,4000,0,0.0,0.0,0.0,358345139b329c40140caebe1f44495eb1cb4ce7057ad9123725a473225c7759,nan,nan,periodic,nan,nan,nan,nan,nan,nan,nan,nan,nan,0.6441000000000697,0.3175815562500343,0.6440999999999828,7889,0.3737058661007995,4000,4000,0.333089587098005,3368,0.473933779069109,0.3310652914334105,0.6689347085665894,0.30825,0.140844191971104,39.530506543429546,0.0,43.87160139681859,100.01862317290797,6111.0,ESATD-L3,False,
ESATD-L3,100,4,202,1000,16000,nan,nan,nan,0,9889,2000,0,4000,4000,0,0,0,4000,0,0.0,0.0,0.0,34b8939f5e22fe77656bcf596b267a8e14848f4c8183e258a0aa6bf6964bce30,nan,nan,periodic,nan,nan,nan,nan,nan,nan,nan,nan,nan,0.6441000000000697,0.3175815562500343,0.6440999999999828,7889,0.3714353406597043,4000,4000,0.3251472863927832,3364,0.4747073203592768,0.3290984352109961,0.670901564789004,0.31325,0.1495600339664936,39.530506543429546,0.0,43.87160139681859,100.01862317290797,6111.0,ESATD-L3,False,
ESATD-L3,100,4,303,1000,16000,nan,nan,nan,0,9889,2000,0,4000,4000,0,0,0,4000,0,0.0,0.0,0.0,cb9cf6119f28cbbe2f515263b460577c6bf03d42557f7919b99931e42d877f4b,nan,nan,periodic,nan,nan,nan,nan,nan,nan,nan,nan,nan,0.6441000000000697,0.3175815562500343,0.6440999999999828,7889,0.3729716761599635,4000,4000,0.3284841457681532,3389,0.4729611649993471,0.330066583547992,0.669933416452008,0.3055,0.1444770192311939,39.530506543429546,0.0,43.87160139681859,100.01862317290797,6111.0,ESATD-L3,False,
ESATD-L3,100,4,404,1000,16000,nan,nan,nan,0,9889,2000,0,4000,4000,0,0,0,4000,0,0.0,0.0,0.0,19660c8d7c38bf482c258d456033c0235b91bafa3f9150f8928502cb0b6a233e,nan,nan,periodic,nan,nan,nan,nan,nan,nan,nan,nan,nan,0.6441000000000697,0.3175815562500343,0.6440999999999828,7889,0.3738751131625996,4000,4000,0.3216159353405717,3364,0.4681074024483689,0.3143227080895061,0.6856772919104939,0.31675,0.1464914671077972,39.530506543429546,0.0,43.87160139681859,100.01862317290797,6111.0,ESATD-L3,False,
ESATD-L3,100,4,505,1000,16000,nan,nan,nan,0,9889,2000,0,4000,4000,0,0,0,4000,0,0.0,0.0,0.0,73cdab68096cc443e0e24ada558429cabf1afc7f75cc16ce9d024a0d7cee62f9,nan,nan,periodic,nan,nan,nan,nan,nan,nan,nan,nan,nan,0.6441000000000697,0.3175815562500343,0.6440999999999828,7889,0.3729327564477074,4000,4000,0.3270293715335218,3401,0.4685868184694966,0.3278699434250647,0.6721300565749353,0.3,0.1415574469359747,39.530506543429546,0.0,43.87160139681859,100.01862317290797,6111.0,ESATD-L3,False,
ESATD-L3,100,4,606,1000,16000,nan,nan,nan,0,9889,2000,0,4000,4000,0,0,0,4000,0,0.0,0.0,0.0,7833957291a032d51d81862cac99e9d8ccb12f68b533b2caf53ee51ae3f9dc9c,nan,nan,periodic,nan,nan,nan,nan,nan,nan,nan,nan,nan,0.6441000000000697,0.3175815562500343,0.6440999999999828,7889,0.3733491357424093,4000,4000,0.3163047554649218,3406,0.4567365420383114,0.2988318504430949,0.7011681495569051,0.3075,0.1404317865733896,39.530506543429546,0.0,43.87160139681859,100.01862317290797,6111.0,ESATD-L3,False,
ESATD-L3,100,4,707,1000,16000,nan,nan,nan,0,9889,2000,0,4000,4000,0,0,0,4000,0,0.0,0.0,0.0,7299403d9d2d4f4ccec9f76133c48d8d07e2ed601a2777f731db87ca14e66056,nan,nan,periodic,nan,nan,nan,nan,nan,nan,nan,nan,nan,0.6441000000000697,0.3175815562500343,0.6440999999999828,7889,0.3720578398066844,4000,4000,0.3223332942710833,3329,0.47133671880625,0.3198717286137356,0.6801282713862644,0.31125,0.1490034245351666,39.530506543429546,0.0,43.87160139681859,100.01862317290797,6111.0,ESATD-L3,False,
ESATD-L3,100,4,808,1000,16000,nan,nan,nan,0,9889,2000,0,4000,4000,0,0,0,4000,0,0.0,0.0,0.0,332b0fc25c5dccfb6fb5145b59221f17277c51b24f8c2d6148183eada1540c2c,nan,nan,periodic,nan,nan,nan,nan,nan,nan,nan,nan,nan,0.6441000000000697,0.3175815562500343,0.6440999999999828,7889,0.3736992100634333,4000,4000,0.3149088893379823,3335,0.4592871114799897,0.3367371889551074,0.6632628110448926,0.327,0.1443782221420074,39.530506543429546,0.0,43.87160139681859,100.01862317290797,6111.0,ESATD-L3,False,
ESATD-L3,100,4,909,1000,16000,nan,nan,nan,0,9889,2000,0,4000,4000,0,0,0,4000,0,0.0,0.0,0.0,3a15676bda67054cb5929717fc730bfa67cd49969827870cd1819db4b67b2b0f,nan,nan,periodic,nan,nan,nan,nan,nan,nan,nan,nan,nan,0.6441000000000697,0.3175815562500343,0.6440999999999828,7889,0.3715371918273073,4000,4000,0.3336959979544678,3365,0.4750100410610838,0.3439569286347378,0.6560430713652621,0.3095,0.1413140431066159,39.530506543429546,0.0,43.87160139681859,100.01862317290797,6111.0,ESATD-L3,False,
ESATD-L3,100,4,1010,1000,16000,nan,nan,nan,0,9889,2000,0,4000,4000,0,0,0,4000,0,0.0,0.0,0.0,f74ec5db6e908852b709fb2fc49501319e260c6bb970c5803f31b89af1514827,nan,nan,periodic,nan,nan,nan,nan,nan,nan,nan,nan,nan,0.6441000000000697,0.3175815562500343,0.6440999999999828,7889,0.3719468010446303,4000,4000,0.3065704291694338,3328,0.4504678424075174,0.3258961840005453,0.6741038159994547,0.33425,0.1438974132380836,39.530506543429546,0.0,43.87160139681859,100.01862317290797,6111.0,ESATD-L3,False,
ESATD-L3,100,6,101,1000,24000,nan,nan,nan,0,9889,2000,0,6000,6000,0,0,0,6000,0,0.0,0.0,0.0,368e16a18b5b73e12179e2ceeeef5d7bbd6d7e12c7147fe591b0919c4402b0f8,nan,nan,periodic,nan,nan,nan,nan,nan,nan,nan,nan,nan,0.6441000000000697,0.2117210375000229,0.6440999999999819,7889,0.2857902486740776,6000,6000,0.2561511136466792,4717,0.4407995688016458,0.2298425124765246,0.7701574875234753,0.3998333333333333,0.1846484551549666,39.530506543429546,0.0,43.87160139681859,100.01862317290797,14111.0,ESATD-L3,False,
ESATD-L3,100,6,202,1000,24000,nan,nan,nan,0,9889,2000,0,6000,6000,0,0,0,6000,0,0.0,0.0,0.0,1647dacc78c42fdbc64e7d28ec9e5575601944c739c0044734f158d076fd1351,nan,nan,periodic,nan,nan,nan,nan,nan,nan,nan,nan,nan,0.6441000000000697,0.2117210375000229,0.6440999999999819,7889,0.2845043379289351,6000,6000,0.2528842758819663,4680,0.4416938897646801,0.2316195066000519,0.7683804933999481,0.4068333333333333,0.1888096138827137,39.530506543429546,0.0,43.87160139681859,100.01862317290797,14111.0,ESATD-L3,False,
ESATD-L3,100,6,303,1000,24000,nan,nan,nan,0,9889,2000,0,6000,6000,0,0,0,6000,0,0.0,0.0,0.0,b40e3956fc736148fe48725c99a765faa7ca344bcdde335f7de5815dce321912,nan,nan,periodic,nan,nan,nan,nan,nan,nan,nan,nan,nan,0.6441000000000697,0.2117210375000229,0.6440999999999819,7889,0.2852906940174206,6000,6000,0.253368247254423,4675,0.4426757150148748,0.2270398398973649,0.772960160102635,0.4068333333333333,0.1893074677604518,39.530506543429546,0.0,43.87160139681859,100.01862317290797,14111.0,ESATD-L3,False,
ESATD-L3,100,6,404,1000,24000,nan,nan,nan,0,9889,2000,0,6000,6000,0,0,0,6000,0,0.0,0.0,0.0,90dd8c8ff63030dd9dbbd25c0b5e9d426cebafe711c88974834a56210f18bdc1,nan,nan,periodic,nan,nan,nan,nan,nan,nan,nan,nan,nan,0.6441000000000697,0.2117210375000229,0.6440999999999819,7889,0.2850271306846219,6000,6000,0.2520678601412267,4674,0.4379281402772392,0.2298622192295982,0.7701377807704017,0.4095,0.1858602801360125,39.530506543429546,0.0,43.87160139681859,100.01862317290797,14111.0,ESATD-L3,False,
ESATD-L3,100,6,505,1000,24000,nan,nan,nan,0,9889,2000,0,6000,6000,0,0,0,6000,0,0.0,0.0,0.0,64fec059e2099a382af339a6780c28497caac0c5ebb5f50adb7d0e94049738cd,nan,nan,periodic,nan,nan,nan,nan,nan,nan,nan,nan,nan,0.6441000000000697,0.2117210375000229,0.6440999999999819,7889,0.284309607042343,6000,6000,0.251187632143145,4697,0.4373598887850367,0.2274521293500442,0.7725478706499558,0.4046666666666667,0.1861722566418917,39.530506543429546,0.0,43.87160139681859,100.01862317290797,14111.0,ESATD-L3,False,
ESATD-L3,100,6,606,1000,24000,nan,nan,nan,0,9889,2000,0,6000,6000,0,0,0,6000,0,0.0,0.0,0.0,ae880915da58fff9f20affe7a5a25900cde6365bd54144492baa5036a1d84adc,nan,nan,periodic,nan,nan,nan,nan,nan,nan,nan,nan,nan,0.6441000000000697,0.2117210375000229,0.6440999999999819,7889,0.2847509071620652,6000,6000,0.253141499250644,4719,0.4367766697362383,0.2291005865372639,0.770899413462736,0.4006666666666666,0.1836351704855943,39.530506543429546,0.0,43.87160139681859,100.01862317290797,14111.0,ESATD-L3,False,
ESATD-L3,100,6,707,1000,24000,nan,nan,nan,0,9889,2000,0,6000,6000,0,0,0,6000,0,0.0,0.0,0.0,c0f27110c744a3fc7a33aecc95f2268b53928f9aef18cbadd02b335ecd207f0e,nan,nan,periodic,nan,nan,nan,nan,nan,nan,nan,nan,nan,0.6441000000000697,0.2117210375000229,0.6440999999999819,7889,0.2845853570545476,6000,6000,0.2533650213425989,4698,0.4385340652516783,0.2292491049809577,0.7707508950190423,0.4028333333333333,0.1851690439090794,39.530506543429546,0.0,43.87160139681859,100.01862317290797,14111.0,ESATD-L3,False,
ESATD-L3,100,6,808,1000,24000,nan,nan,nan,0,9889,2000,0,6000,6000,0,0,0,6000,0,0.0,0.0,0.0,063cb3f34bb5042d5a315795e5ea1e803957554d0c67c50190b2b486a6968f17,nan,nan,periodic,nan,nan,nan,nan,nan,nan,nan,nan,nan,0.6441000000000697,0.2117210375000229,0.6440999999999819,7889,0.285290624690704,6000,6000,0.2517488093194109,4670,0.4382716439133848,0.2357956485126326,0.7642043514873673,0.408,0.1865228345939739,39.530506543429546,0.0,43.87160139681859,100.01862317290797,14111.0,ESATD-L3,False,
ESATD-L3,100,6,909,1000,24000,nan,nan,nan,0,9889,2000,0,6000,6000,0,0,0,6000,0,0.0,0.0,0.0,43ca3bc1908129b5c2ac96d7e4719f6173824add31150444bda10a9206dc8922,nan,nan,periodic,nan,nan,nan,nan,nan,nan,nan,nan,nan,0.6441000000000697,0.2117210375000229,0.6440999999999819,7889,0.2848408767212818,6000,6000,0.253898183799824,4706,0.4374878141519436,0.2352701602831486,0.7647298397168514,0.4045,0.1835896303521196,39.530506543429546,0.0,43.87160139681859,100.01862317290797,14111.0,ESATD-L3,False,
ESATD-L3,100,6,1010,1000,24000,nan,nan,nan,0,9889,2000,0,6000,6000,0,0,0,6000,0,0.0,0.0,0.0,da29db140ec3433f5a7bef5bfca040b9d439fbd33929da0e9b1ac51f823030f9,nan,nan,periodic,nan,nan,nan,nan,nan,nan,nan,nan,nan,0.6441000000000697,0.2117210375000229,0.6440999999999819,7889,0.2848663845621699,6000,6000,0.2509640432854058,4685,0.4357915269963924,0.2312745662982568,0.7687254337017432,0.407,0.1848274837109866,39.530506543429546,0.0,43.87160139681859,100.01862317290797,14111.0,ESATD-L3,False,
ESATD-L3,100,8,101,1000,32000,nan,nan,nan,0,9889,2000,0,8000,8000,0,0,436,7564,0,0.0,0.0545,0.0545,332c7b76afcc086a33664fee87f12dd967e980314baa3be2e0835a8eb3fb0f15,nan,nan,periodic,nan,nan,nan,nan,nan,nan,nan,nan,nan,0.6441000000000697,0.1587907781250171,0.6089965500000512,7889,0.2345954660124223,8000,8000,0.2076307122704637,5681,0.4251748553100023,0.1737165154515094,0.8262834845484905,0.477625,0.2175441430395385,39.530506543429546,0.0,43.87160139681859,100.01862317290797,22111.0,ESATD-L3,False,
ESATD-L3,100,8,202,1000,32000,nan,nan,nan,0,9889,2000,0,8000,8000,0,0,436,7564,0,0.0,0.0545,0.0545,8381a8399fa5a3a653a787e2a6675513a9900f7f0b96329bad81beca7a405750,nan,nan,periodic,nan,nan,nan,nan,nan,nan,nan,nan,nan,0.6441000000000697,0.1587907781250171,0.6089965500000512,7889,0.2347526289373686,8000,8000,0.2072695015095541,5685,0.4226065689236935,0.1734109663320736,0.8265890336679264,0.47975,0.2153370674141394,39.530506543429546,0.0,43.87160139681859,100.01862317290797,22111.0,ESATD-L3,False,
ESATD-L3,100,8,303,1000,32000,nan,nan,nan,0,9889,2000,0,8000,8000,0,0,436,7564,0,0.0,0.0545,0.0545,7814e4498611b6e399d03d5efaaf9b16f5b967861c773cf0976c1a676bacc763,nan,nan,periodic,nan,nan,nan,nan,nan,nan,nan,nan,nan,0.6441000000000697,0.1587907781250171,0.6089965500000512,7889,0.2351207481194271,8000,8000,0.2071502614936768,5681,0.42239387791823,0.1734666349902419,0.826533365009758,0.481,0.2152436164245531,39.530506543429546,0.0,43.87160139681859,100.01862317290797,22111.0,ESATD-L3,False,
ESATD-L3,100,8,404,1000,32000,nan,nan,nan,0,9889,2000,0,8000,8000,0,0,436,7564,0,0.0,0.0545,0.0545,a4350d3f3948acbb67be7cfddc638e0172a10f5b742669dc2eec3dd52129cc43,nan,nan,periodic,nan,nan,nan,nan,nan,nan,nan,nan,nan,0.6441000000000697,0.1587907781250171,0.6089965500000512,7889,0.2346271708603925,8000,8000,0.20934885605728,5669,0.4258952475118324,0.1761706398613062,0.8238293601386938,0.479375,0.2165463914545523,39.530506543429546,0.0,43.87160139681859,100.01862317290797,22111.0,ESATD-L3,False,
ESATD-L3,100,8,505,1000,32000,nan,nan,nan,0,9889,2000,0,8000,8000,0,0,436,7564,0,0.0,0.0545,0.0545,4dcc16a90566077862554058ac0f0907b78cd812541f1762c7032b6464349990,nan,nan,periodic,nan,nan,nan,nan,nan,nan,nan,nan,nan,0.6441000000000697,0.1587907781250171,0.6089965500000512,7889,0.2343059779443958,8000,8000,0.207263711723746,5652,0.4222475252687064,0.1747924207127055,0.8252075792872945,0.48225,0.2149838135449603,39.530506543429546,0.0,43.87160139681859,100.01862317290797,22111.0,ESATD-L3,False,
ESATD-L3,100,8,606,1000,32000,nan,nan,nan,0,9889,2000,0,8000,8000,0,0,436,7564,0,0.0,0.0545,0.0545,9448a2dc17eb1e5e92dbd5eab9e7d7cad0af4265828a4f5dc75cdebb6f013ec4,nan,nan,periodic,nan,nan,nan,nan,nan,nan,nan,nan,nan,0.6441000000000697,0.1587907781250171,0.6089965500000512,7889,0.2342347380747453,8000,8000,0.2095791130189928,5705,0.4232229223936989,0.177343375411132,0.822656624588868,0.4775,0.2136438093747061,39.530506543429546,0.0,43.87160139681859,100.01862317290797,22111.0,ESATD-L3,False,
ESATD-L3,100,8,707,1000,32000,nan,nan,nan,0,9889,2000,0,8000,8000,0,0,436,7564,0,0.0,0.0545,0.0545,16e93c669ed4d456a311784946622af883a6aa0c8d277f9c169c5afddeddbc9e,nan,nan,periodic,nan,nan,nan,nan,nan,nan,nan,nan,nan,0.6441000000000697,0.1587907781250171,0.6089965500000512,7889,0.2347582451821481,8000,8000,0.2088451808770849,5661,0.4274753395698935,0.1764793675446963,0.8235206324553037,0.476625,0.2186301586928085,39.530506543429546,0.0,43.87160139681859,100.01862317290797,22111.0,ESATD-L3,False,
ESATD-L3,100,8,808,1000,32000,nan,nan,nan,0,9889,2000,0,8000,8000,0,0,436,7564,0,0.0,0.0545,0.0545,23cce3f53a4ad567379210e70f34cf8c22403026d6f5cd36b51442412f53b8cf,nan,nan,periodic,nan,nan,nan,nan,nan,nan,nan,nan,nan,0.6441000000000697,0.1587907781250171,0.6089965500000512,7889,0.2344229926983239,8000,8000,0.2111978988704098,5697,0.4265435001717147,0.1797158977900768,0.8202841022099231,0.4745,0.2153456013013048,39.530506543429546,0.0,43.87160139681859,100.01862317290797,22111.0,ESATD-L3,False,
ESATD-L3,100,8,909,1000,32000,nan,nan,nan,0,9889,2000,0,8000,8000,0,0,436,7564,0,0.0,0.0545,0.0545,e91860c81cc72b8b6c3b2ae01540169dcbf6911fcc924cf11d32bdeb9d8ce29d,nan,nan,periodic,nan,nan,nan,nan,nan,nan,nan,nan,nan,0.6441000000000697,0.1587907781250171,0.6089965500000512,7889,0.2346887130456861,8000,8000,0.208850889914298,5675,0.4260265182656975,0.1759411856659685,0.8240588143340314,0.4785,0.2171756283513994,39.530506543429546,0.0,43.87160139681859,100.01862317290797,22111.0,ESATD-L3,False,
ESATD-L3,100,8,1010,1000,32000,nan,nan,nan,0,9889,2000,0,8000,8000,0,0,436,7564,0,0.0,0.0545,0.0545,e26f33a7fb8481f2421b970649f9fe3c1ca7b037523a36b81b8eb435d0bdd54a,nan,nan,periodic,nan,nan,nan,nan,nan,nan,nan,nan,nan,0.6441000000000697,0.1587907781250171,0.6089965500000512,7889,0.2349274712877897,8000,8000,0.2085433891214226,5669,0.4243373719605617,0.1781004712228789,0.821899528777121,0.479375,0.2157939828391391,39.530506543429546,0.0,43.87160139681859,100.01862317290797,22111.0,ESATD-L3,False,
ESATD-L3,100,10,101,1000,40000,nan,nan,nan,0,9889,2000,0,10000,10000,306,0,1805,7889,0,0.0306,0.1861976480297091,0.2111,82cc0931d39138a724c2cefb9625c6b60d891f04b25e5a46ceb8de11b33af733,nan,nan,periodic,nan,nan,nan,nan,nan,nan,nan,nan,nan,0.6441000000000697,0.1270326225000137,0.5081304900000551,7889,0.1903846443767284,10000,10000,0.1696811652780517,5884,0.4176127156024248,0.1344195058197496,0.8655804941802503,0.5711,0.2479315503243731,39.530506543429546,0.0,43.87160139681859,100.01862317290797,30111.0,ESATD-L3,False,
ESATD-L3,100,10,202,1000,40000,nan,nan,nan,0,9889,2000,0,10000,10000,306,0,1805,7889,0,0.0306,0.1861976480297091,0.2111,c30a9de2efa4bf8d980658a72e1f38646d082b4369b65f04f653e38c53eb8ecc,nan,nan,periodic,nan,nan,nan,nan,nan,nan,nan,nan,nan,0.6441000000000697,0.1270326225000137,0.5081304900000551,7889,0.1924168108236595,10000,10000,0.1755035867669446,5953,0.4285929838363735,0.1505604987977712,0.8494395012022287,0.5647,0.2530893970694289,39.530506543429546,0.0,43.87160139681859,100.01862317290797,30111.0,ESATD-L3,False,
ESATD-L3,100,10,303,1000,40000,nan,nan,nan,0,9889,2000,0,10000,10000,306,0,1805,7889,0,0.0306,0.1861976480297091,0.2111,dc1ff09169d085414b92a931e8433b0e1e758837b5e0c62cce8aefa60ad965fc,nan,nan,periodic,nan,nan,nan,nan,nan,nan,nan,nan,nan,0.6441000000000697,0.1270326225000137,0.5081304900000551,7889,0.1899073787051072,10000,10000,0.1690495447452358,5878,0.4159055673132771,0.1370084538879699,0.86299154611203,0.5775,0.2468560225680413,39.530506543429546,0.0,43.87160139681859,100.01862317290797,30111.0,ESATD-L3,False,
ESATD-L3,100,10,404,1000,40000,nan,nan,nan,0,9889,2000,0,10000,10000,306,0,1805,7889,0,0.0306,0.1861976480297091,0.2111,17e74f0774cfa4a165c35640fc312ca02b7f496830929922d325b0d2904e5087,nan,nan,periodic,nan,nan,nan,nan,nan,nan,nan,nan,nan,0.6441000000000697,0.1270326225000137,0.5081304900000551,7889,0.1907119323161453,10000,10000,0.1707697240221783,5944,0.4211854560673349,0.1400940203762744,0.8599059796237256,0.5683,0.2504157320451565,39.530506543429546,0.0,43.87160139681859,100.01862317290797,30111.0,ESATD-L3,False,
ESATD-L3,100,10,505,1000,40000,nan,nan,nan,0,9889,2000,0,10000,10000,306,0,1805,7889,0,0.0306,0.1861976480297091,0.2111,5d78f0ec8216d47523f7b025924f8a8ac2bc03f88f1f252cf2889dae389f1c20,nan,nan,periodic,nan,nan,nan,nan,nan,nan,nan,nan,nan,0.6441000000000697,0.1270326225000137,0.5081304900000551,7889,0.1916422728848323,10000,10000,0.1674402479224303,5788,0.4240104554605965,0.1433231404978432,0.8566768595021568,0.5796,0.2565702075381662,39.530506543429546,0.0,43.87160139681859,100.01862317290797,30111.0,ESATD-L3,False,
ESATD-L3,100,10,606,1000,40000,nan,nan,nan,0,9889,2000,0,10000,10000,306,0,1805,7889,0,0.0306,0.1861976480297091,0.2111,e710fdc05c330e5189789c88be24b30ae520c6898b462aaf40798bba19cc9df1,nan,nan,periodic,nan,nan,nan,nan,nan,nan,nan,nan,nan,0.6441000000000697,0.1270326225000137,0.5081304900000551,7889,0.1917392571220078,10000,10000,0.1684767240325155,5886,0.4126004527653555,0.1375184171250186,0.8624815828749813,0.5758,0.2441237287328399,39.530506543429546,0.0,43.87160139681859,100.01862317290797,30111.0,ESATD-L3,False,
ESATD-L3,100,10,707,1000,40000,nan,nan,nan,0,9889,2000,0,10000,10000,306,0,1805,7889,0,0.0306,0.1861976480297091,0.2111,5f0339fd50611899188ad99a1ef77b88b9730825413bfe90c32ddb36cddafb06,nan,nan,periodic,nan,nan,nan,nan,nan,nan,nan,nan,nan,0.6441000000000697,0.1270326225000137,0.5081304900000551,7889,0.1915384565311915,10000,10000,0.170782620851809,5956,0.4091075757739054,0.1449460482815313,0.8550539517184688,0.5734,0.2383249549220963,39.530506543429546,0.0,43.87160139681859,100.01862317290797,30111.0,ESATD-L3,False,
ESATD-L3,100,10,808,1000,40000,nan,nan,nan,0,9889,2000,0,10000,10000,306,0,1805,7889,0,0.0306,0.1861976480297091,0.2111,f71e67b4eeaaef16f828ff7a15c10e880862704e71b0944a8c54fcab2ad1c44f,nan,nan,periodic,nan,nan,nan,nan,nan,nan,nan,nan,nan,0.6441000000000697,0.1270326225000137,0.5081304900000551,7889,0.1902543415542264,10000,10000,0.1725078128075107,5924,0.4253943494020371,0.1507735831311622,0.8492264168688377,0.5651,0.2528865365945263,39.530506543429546,0.0,43.87160139681859,100.01862317290797,30111.0,ESATD-L3,False,
ESATD-L3,100,10,909,1000,40000,nan,nan,nan,0,9889,2000,0,10000,10000,306,0,1805,7889,0,0.0306,0.1861976480297091,0.2111,18d4eb8db99b76023179e536c2f60803f4a0e1c30905944f6129c6000264d6fb,nan,nan,periodic,nan,nan,nan,nan,nan,nan,nan,nan,nan,0.6441000000000697,0.1270326225000137,0.5081304900000551,7889,0.1919975183566389,10000,10000,0.1631674970168676,5830,0.4132308242210304,0.1316981893663322,0.8683018106336677,0.5784,0.2500633272041628,39.530506543429546,0.0,43.87160139681859,100.01862317290797,30111.0,ESATD-L3,False,
ESATD-L3,100,10,1010,1000,40000,nan,nan,nan,0,9889,2000,0,10000,10000,306,0,1805,7889,0,0.0306,0.1861976480297091,0.2111,65b898b1cad19cd0dce59bd4629213af041838052375082e0f3be05bfc9b93da,nan,nan,periodic,nan,nan,nan,nan,nan,nan,nan,nan,nan,0.6441000000000697,0.1270326225000137,0.5081304900000551,7889,0.1924700413803421,10000,10000,0.1630784912872631,5823,0.4126490274757251,0.1381168237753039,0.8618831762246961,0.5891,0.2495705361884619,39.530506543429546,0.0,43.87160139681859,100.01862317290797,30111.0,ESATD-L3,False,
ESATD-L3,150,4,101,1000,16000,nan,nan,nan,0,14500,1999,0,4000,4000,0,0,0,4000,0,0.0,0.0,0.0,358345139b329c40140caebe1f44495eb1cb4ce7057ad9123725a473225c7759,nan,nan,periodic,nan,nan,nan,nan,nan,nan,nan,nan,nan,0.6441000000002045,0.5032433812501598,0.6440999999999828,12501,0.5290307278164424,4000,4000,0.4545468804457309,3764,0.5117070709819607,0.5399320465270052,0.4600679534729948,0.156,0.0571601905362297,37.22985347760488,0.0,41.4157284705524,150.02139610390185,1500.0,ESATD-L3,False,
ESATD-L3,150,4,202,1000,16000,nan,nan,nan,0,14500,1999,0,4000,4000,0,0,0,4000,0,0.0,0.0,0.0,34b8939f5e22fe77656bcf596b267a8e14848f4c8183e258a0aa6bf6964bce30,nan,nan,periodic,nan,nan,nan,nan,nan,nan,nan,nan,nan,0.6441000000002045,0.5032433812501598,0.6440999999999828,12501,0.5257602017900946,4000,4000,0.4499024256331363,3756,0.5128909539988749,0.519985604659921,0.4800143953400789,0.165,0.0629885283657384,37.22985347760488,0.0,41.4157284705524,150.02139610390185,1500.0,ESATD-L3,False,
ESATD-L3,150,4,303,1000,16000,nan,nan,nan,0,14500,1999,0,4000,4000,0,0,0,4000,0,0.0,0.0,0.0,cb9cf6119f28cbbe2f515263b460577c6bf03d42557f7919b99931e42d877f4b,nan,nan,periodic,nan,nan,nan,nan,nan,nan,nan,nan,nan,0.6441000000002045,0.5032433812501598,0.6440999999999828,12501,0.5261104173590324,4000,4000,0.4545350339376126,3745,0.5224783043392353,0.5170293753298597,0.4829706246701403,0.15375,0.0679432704016226,37.22985347760488,0.0,41.4157284705524,150.02139610390185,1500.0,ESATD-L3,False,
ESATD-L3,150,4,404,1000,16000,nan,nan,nan,0,14500,1999,0,4000,4000,0,0,0,4000,0,0.0,0.0,0.0,19660c8d7c38bf482c258d456033c0235b91bafa3f9150f8928502cb0b6a233e,nan,nan,periodic,nan,nan,nan,nan,nan,nan,nan,nan,nan,0.6441000000002045,0.5032433812501598,0.6440999999999828,12501,0.5275022748373402,4000,4000,0.4543747614602622,3784,0.5124986285982628,0.5101291096616722,0.4898708903383277,0.1565,0.0581238671380006,37.22985347760488,0.0,41.4157284705524,150.02139610390185,1500.0,ESATD-L3,False,
ESATD-L3,150,4,505,1000,16000,nan,nan,nan,0,14500,1999,0,4000,4000,0,0,0,4000,0,0.0,0.0,0.0,73cdab68096cc443e0e24ada558429cabf1afc7f75cc16ce9d024a0d7cee62f9,nan,nan,periodic,nan,nan,nan,nan,nan,nan,nan,nan,nan,0.6441000000002045,0.5032433812501598,0.6440999999999828,12501,0.5275725458430374,4000,4000,0.449615698321251,3812,0.5096675751528882,0.5211638164066406,0.4788361835933594,0.147,0.0600518768316371,37.22985347760488,0.0,41.4157284705524,150.02139610390185,1500.0,ESATD-L3,False,
ESATD-L3,150,4,606,1000,16000,nan,nan,nan,0,14500,1999,0,4000,4000,0,0,0,4000,0,0.0,0.0,0.0,7833957291a032d51d81862cac99e9d8ccb12f68b533b2caf53ee51ae3f9dc9c,nan,nan,periodic,nan,nan,nan,nan,nan,nan,nan,nan,nan,0.6441000000002045,0.5032433812501598,0.6440999999999828,12501,0.5283157693818935,4000,4000,0.4425399904895145,3732,0.5101894852365245,0.4886111486837634,0.5113888513162366,0.15925,0.06764949474701,37.22985347760488,0.0,41.4157284705524,150.02139610390185,1500.0,ESATD-L3,False,
ESATD-L3,150,4,707,1000,16000,nan,nan,nan,0,14500,1999,0,4000,4000,0,0,0,4000,0,0.0,0.0,0.0,7299403d9d2d4f4ccec9f76133c48d8d07e2ed601a2777f731db87ca14e66056,nan,nan,periodic,nan,nan,nan,nan,nan,nan,nan,nan,nan,0.6441000000002045,0.5032433812501598,0.6440999999999828,12501,0.5265474470670666,4000,4000,0.4463773041776577,3770,0.5007629133592296,0.5260028065328772,0.4739971934671227,0.16975,0.0543856091815718,37.22985347760488,0.0,41.4157284705524,150.02139610390185,1500.0,ESATD-L3,False,
ESATD-L3,150,4,808,1000,16000,nan,nan,nan,0,14500,1999,0,4000,4000,0,0,0,4000,0,0.0,0.0,0.0,332b0fc25c5dccfb6fb5145b59221f17277c51b24f8c2d6148183eada1540c2c,nan,nan,periodic,nan,nan,nan,nan,nan,nan,nan,nan,nan,0.6441000000002045,0.5032433812501598,0.6440999999999828,12501,0.5275999885129645,4000,4000,0.4476458736469224,3724,0.5125012741831921,0.5233646190574043,0.4766353809425957,0.16575,0.0648554005362697,37.22985347760488,0.0,41.4157284705524,150.02139610390185,1500.0,ESATD-L3,False,
ESATD-L3,150,4,909,1000,16000,nan,nan,nan,0,14500,1999,0,4000,4000,0,0,0,4000,0,0.0,0.0,0.0,3a15676bda67054cb5929717fc730bfa67cd49969827870cd1819db4b67b2b0f,nan,nan,periodic,nan,nan,nan,nan,nan,nan,nan,nan,nan,0.6441000000002045,0.5032433812501598,0.6440999999999828,12501,0.5273785517911991,4000,4000,0.4508433811932812,3752,0.5070349409703512,0.5310944023397198,0.4689055976602801,0.1615,0.0561915597770699,37.22985347760488,0.0,41.4157284705524,150.02139610390185,1500.0,ESATD-L3,False,
ESATD-L3,150,4,1010,1000,16000,nan,nan,nan,0,14500,1999,0,4000,4000,0,0,0,4000,0,0.0,0.0,0.0,f74ec5db6e908852b709fb2fc49501319e260c6bb970c5803f31b89af1514827,nan,nan,periodic,nan,nan,nan,nan,nan,nan,nan,nan,nan,0.6441000000002045,0.5032433812501598,0.6440999999999828,12501,0.5254524664577609,4000,4000,0.4384306063874526,3728,0.502705135556214,0.4931782247700739,0.5068217752299261,0.169,0.0642745291687613,37.22985347760488,0.0,41.4157284705524,150.02139610390185,1500.0,ESATD-L3,False,
ESATD-L3,150,6,101,1000,24000,nan,nan,nan,0,14500,1999,0,6000,6000,0,0,0,6000,0,0.0,0.0,0.0,368e16a18b5b73e12179e2ceeeef5d7bbd6d7e12c7147fe591b0919c4402b0f8,nan,nan,periodic,nan,nan,nan,nan,nan,nan,nan,nan,nan,0.6441000000002045,0.3354955875001065,0.6440999999999819,12501,0.3882797718657281,6000,6000,0.3326289132751501,5070,0.4711991473380083,0.3478842118286512,0.6521157881713487,0.3053333333333333,0.1385702340628582,37.22985347760488,0.0,41.4157284705524,150.02139610390185,9500.0,ESATD-L3,False,
ESATD-L3,150,6,202,1000,24000,nan,nan,nan,0,14500,1999,0,6000,6000,0,0,0,6000,0,0.0,0.0,0.0,1647dacc78c42fdbc64e7d28ec9e5575601944c739c0044734f158d076fd1351,nan,nan,periodic,nan,nan,nan,nan,nan,nan,nan,nan,nan,0.6441000000002045,0.3354955875001065,0.6440999999999819,12501,0.3876053950914163,6000,6000,0.3304055197135998,5044,0.470236478873468,0.3490460447839089,0.6509539552160911,0.3101666666666666,0.1398309591598682,37.22985347760488,0.0,41.4157284705524,150.02139610390185,9500.0,ESATD-L3,False,
ESATD-L3,150,6,303,1000,24000,nan,nan,nan,0,14500,1999,0,6000,6000,0,0,0,6000,0,0.0,0.0,0.0,b40e3956fc736148fe48725c99a765faa7ca344bcdde335f7de5815dce321912,nan,nan,periodic,nan,nan,nan,nan,nan,nan,nan,nan,nan,0.6441000000002045,0.3354955875001065,0.6440999999999819,12501,0.3879758419677809,6000,6000,0.331716056521075,5050,0.4721053120743342,0.3485499346593031,0.6514500653406969,0.3083333333333333,0.1403892555532592,37.22985347760488,0.0,41.4157284705524,150.02139610390185,9500.0,ESATD-L3,False,
ESATD-L3,150,6,404,1000,24000,nan,nan,nan,0,14500,1999,0,6000,6000,0,0,0,6000,0,0.0,0.0,0.0,90dd8c8ff63030dd9dbbd25c0b5e9d426cebafe711c88974834a56210f18bdc1,nan,nan,periodic,nan,nan,nan,nan,nan,nan,nan,nan,nan,0.6441000000002045,0.3354955875001065,0.6440999999999819,12501,0.3879266745650617,6000,6000,0.333393283345292,5056,0.4715058838015209,0.3513321861241764,0.6486678138758236,0.3063333333333333,0.1381126004562289,37.22985347760488,0.0,41.4157284705524,150.02139610390185,9500.0,ESATD-L3,False,
ESATD-L3,150,6,505,1000,24000,nan,nan,nan,0,14500,1999,0,6000,6000,0,0,0,6000,0,0.0,0.0,0.0,64fec059e2099a382af339a6780c28497caac0c5ebb5f50adb7d0e94049738cd,nan,nan,periodic,nan,nan,nan,nan,nan,nan,nan,nan,nan,0.6441000000002045,0.3354955875001065,0.6440999999999819,12501,0.3877115368807616,6000,6000,0.3316550661676051,5046,0.471195199071775,0.3499136708211992,0.6500863291788008,0.3085,0.1395401329041699,37.22985347760488,0.0,41.4157284705524,150.02139610390185,9500.0,ESATD-L3,False,
ESATD-L3,150,6,606,1000,24000,nan,nan,nan,0,14500,1999,0,6000,6000,0,0,0,6000,0,0.0,0.0,0.0,ae880915da58fff9f20affe7a5a25900cde6365bd54144492baa5036a1d84adc,nan,nan,periodic,nan,nan,nan,nan,nan,nan,nan,nan,nan,0.6441000000002045,0.3354955875001065,0.6440999999999819,12501,0.3878671184833266,6000,6000,0.3330342410918844,5068,0.4712666585851516,0.3501875940020364,0.6498124059979635,0.3043333333333333,0.1382324174932672,37.22985347760488,0.0,41.4157284705524,150.02139610390185,9500.0,ESATD-L3,False,
ESATD-L3,150,6,707,1000,24000,nan,nan,nan,0,14500,1999,0,6000,6000,0,0,0,6000,0,0.0,0.0,0.0,c0f27110c744a3fc7a33aecc95f2268b53928f9aef18cbadd02b335ecd207f0e,nan,nan,periodic,nan,nan,nan,nan,nan,nan,nan,nan,nan,0.6441000000002045,0.3354955875001065,0.6440999999999819,12501,0.3875323438194863,6000,6000,0.3318190935503883,5054,0.4707098359468323,0.3490901153756552,0.6509098846243448,0.3066666666666666,0.138890742396444,37.22985347760488,0.0,41.4157284705524,150.02139610390185,9500.0,ESATD-L3,False,
ESATD-L3,150,6,808,1000,24000,nan,nan,nan,0,14500,1999,0,6000,6000,0,0,0,6000,0,0.0,0.0,0.0,063cb3f34bb5042d5a315795e5ea1e803957554d0c67c50190b2b486a6968f17,nan,nan,periodic,nan,nan,nan,nan,nan,nan,nan,nan,nan,0.6441000000002045,0.3354955875001065,0.6440999999999819,12501,0.388203300648079,6000,6000,0.3334352846345774,5052,0.472247848413413,0.3529277874505033,0.6470722125494967,0.3055,0.1388125637788355,37.22985347760488,0.0,41.4157284705524,150.02139610390185,9500.0,ESATD-L3,False,
ESATD-L3,150,6,909,1000,24000,nan,nan,nan,0,14500,1999,0,6000,6000,0,0,0,6000,0,0.0,0.0,0.0,43ca3bc1908129b5c2ac96d7e4719f6173824add31150444bda10a9206dc8922,nan,nan,periodic,nan,nan,nan,nan,nan,nan,nan,nan,nan,0.6441000000002045,0.3354955875001065,0.6440999999999819,12501,0.3880180688282633,6000,6000,0.3334616298004273,5061,0.470785735639015,0.3525152850632318,0.6474847149367682,0.3076666666666666,0.1373241058385876,37.22985347760488,0.0,41.4157284705524,150.02139610390185,9500.0,ESATD-L3,False,
ESATD-L3,150,6,1010,1000,24000,nan,nan,nan,0,14500,1999,0,6000,6000,0,0,0,6000,0,0.0,0.0,0.0,da29db140ec3433f5a7bef5bfca040b9d439fbd33929da0e9b1ac51f823030f9,nan,nan,periodic,nan,nan,nan,nan,nan,nan,nan,nan,nan,0.6441000000002045,0.3354955875001065,0.6440999999999819,12501,0.3880542850493076,6000,6000,0.33147538157333,5044,0.4701374247583231,0.350512896239336,0.649487103760664,0.3096666666666666,0.138662043184993,37.22985347760488,0.0,41.4157284705524,150.02139610390185,9500.0,ESATD-L3,False,
ESATD-L3,150,8,101,1000,32000,nan,nan,nan,0,14500,1999,0,8000,8000,0,0,0,8000,0,0.0,0.0,0.0,48536fc5e075a2292b527fb68f9e0371d396b2957068a8b27317e7a61bf9ac13,nan,nan,periodic,nan,nan,nan,nan,nan,nan,nan,nan,nan,0.6441000000002045,0.2516216906250799,0.6441000000000748,12501,0.3179753563099445,8000,8000,0.2829895681391342,6394,0.4533862931421886,0.2732953912739074,0.7267046087260925,0.373625,0.1703967250030544,37.22985347760488,0.0,41.4157284705524,150.02139610390185,17500.0,ESATD-L3,False,
ESATD-L3,150,8,202,1000,32000,nan,nan,nan,0,14500,1999,0,8000,8000,0,0,0,8000,0,0.0,0.0,0.0,570e9630deff505ba1c5363a004cd8917cdc4ddeaaa2dfbdb2999707f9626552,nan,nan,periodic,nan,nan,nan,nan,nan,nan,nan,nan,nan,0.6441000000002045,0.2516216906250799,0.6441000000000748,12501,0.3168872811853593,8000,8000,0.2801145371414561,6419,0.4543462577667219,0.2682086637700419,0.7317913362299582,0.3725,0.1742317206252657,37.22985347760488,0.0,41.4157284705524,150.02139610390185,17500.0,ESATD-L3,False,
ESATD-L3,150,8,303,1000,32000,nan,nan,nan,0,14500,1999,0,8000,8000,0,0,0,8000,0,0.0,0.0,0.0,7258aada57693e7fc41c3edb014bd97cd32dde8bd5dca77e2f1cb8b3ef00eaf8,nan,nan,periodic,nan,nan,nan,nan,nan,nan,nan,nan,nan,0.6441000000002045,0.2516216906250799,0.6441000000000748,12501,0.3176564549148996,8000,8000,0.2824236387283675,6437,0.4540121714847084,0.2722728930994438,0.7277271069005562,0.367,0.1715885327563408,37.22985347760488,0.0,41.4157284705524,150.02139610390185,17500.0,ESATD-L3,False,
ESATD-L3,150,8,404,1000,32000,nan,nan,nan,0,14500,1999,0,8000,8000,0,0,0,8000,0,0.0,0.0,0.0,620f015056b4913eca566e19dd498b9d34ce3df10a7782d95a50b5b4aece1a2a,nan,nan,periodic,nan,nan,nan,nan,nan,nan,nan,nan,nan,0.6441000000002045,0.2516216906250799,0.6441000000000748,12501,0.3184483152163341,8000,8000,0.2780987718847902,6427,0.4508790315257137,0.2583708949954134,0.7416291050045867,0.372625,0.1727802596409234,37.22985347760488,0.0,41.4157284705524,150.02139610390185,17500.0,ESATD-L3,False,
ESATD-L3,150,8,505,1000,32000,nan,nan,nan,0,14500,1999,0,8000,8000,0,0,0,8000,0,0.0,0.0,0.0,4c81619bc200eebb3080c210bdc746b4414b0cc7c3fbb63c2a1ce3f91c436327,nan,nan,periodic,nan,nan,nan,nan,nan,nan,nan,nan,nan,0.6441000000002045,0.2516216906250799,0.6441000000000748,12501,0.3182708814022987,8000,8000,0.2826079537473284,6463,0.4523675244489898,0.2700486659263137,0.7299513340736863,0.362625,0.1697595707016614,37.22985347760488,0.0,41.4157284705524,150.02139610390185,17500.0,ESATD-L3,False,
ESATD-L3,150,8,606,1000,32000,nan,nan,nan,0,14500,1999,0,8000,8000,0,0,0,8000,0,0.0,0.0,0.0,820400f60474dd2d047d6af68da1f0bbcc78c2597c68a44e9fae693f09b01e62,nan,nan,periodic,nan,nan,nan,nan,nan,nan,nan,nan,nan,0.6441000000002045,0.2516216906250799,0.6441000000000748,12501,0.3183085715735541,8000,8000,0.2730645008128078,6430,0.4445360424395359,0.2465386777965242,0.7534613222034757,0.371875,0.1714715416267281,37.22985347760488,0.0,41.4157284705524,150.02139610390185,17500.0,ESATD-L3,False,
ESATD-L3,150,8,707,1000,32000,nan,nan,nan,0,14500,1999,0,8000,8000,0,0,0,8000,0,0.0,0.0,0.0,265cd3c30607304ee4b6dbfbe241a7f7f4ee382cc1c459bb4718426a447809b3,nan,nan,periodic,nan,nan,nan,nan,nan,nan,nan,nan,nan,0.6441000000002045,0.2516216906250799,0.6441000000000748,12501,0.3175598502248359,8000,8000,0.277756293108201,6372,0.4510433455103238,0.2645015154486245,0.7354984845513755,0.37375,0.1732870524021227,37.22985347760488,0.0,41.4157284705524,150.02139610390185,17500.0,ESATD-L3,False,
ESATD-L3,150,8,808,1000,32000,nan,nan,nan,0,14500,1999,0,8000,8000,0,0,0,8000,0,0.0,0.0,0.0,f4866bde13e803cb907ec64e47284a1135ec88db541e26e30e289fa70c4a5ff8,nan,nan,periodic,nan,nan,nan,nan,nan,nan,nan,nan,nan,0.6441000000002045,0.2516216906250799,0.6441000000000748,12501,0.3180249293010538,8000,8000,0.273650743060533,6387,0.4448725228572211,0.2692429901176643,0.7307570098823357,0.37925,0.1712217797966881,37.22985347760488,0.0,41.4157284705524,150.02139610390185,17500.0,ESATD-L3,False,
ESATD-L3,150,8,909,1000,32000,nan,nan,nan,0,14500,1999,0,8000,8000,0,0,0,8000,0,0.0,0.0,0.0,a8c124acc17ac65b2cb1529125ce780607cdb86f117209ab5b3479ea9aad8a28,nan,nan,periodic,nan,nan,nan,nan,nan,nan,nan,nan,nan,0.6441000000002045,0.2516216906250799,0.6441000000000748,12501,0.3174094585952471,8000,8000,0.2839149016463853,6403,0.4541420649712502,0.2763126778810936,0.7236873221189064,0.3715,0.1702271633248649,37.22985347760488,0.0,41.4157284705524,150.02139610390185,17500.0,ESATD-L3,False,
ESATD-L3,150,8,1010,1000,32000,nan,nan,nan,0,14500,1999,0,8000,8000,0,0,0,8000,0,0.0,0.0,0.0,d3b8735acadda44f30d6c9e91006c692298437fd0395e4753048eb08f289bf45,nan,nan,periodic,nan,nan,nan,nan,nan,nan,nan,nan,nan,0.6441000000002045,0.2516216906250799,0.6441000000000748,12501,0.3170837843840782,8000,8000,0.2688654600955436,6371,0.440519034115711,0.2626525236746861,0.7373474763253138,0.38425,0.1716535740201674,37.22985347760488,0.0,41.4157284705524,150.02139610390185,17500.0,ESATD-L3,False,
ESATD-L3,150,10,101,1000,40000,nan,nan,nan,0,14500,1999,0,10000,10000,0,0,0,10000,0,0.0,0.0,0.0,ba24034ae3cf4562ab6a0153556be98ed2c4b4bffe7e7bdc8e8a9fe95da3ae23,nan,nan,periodic,nan,nan,nan,nan,nan,nan,nan,nan,nan,0.6441000000002045,0.2012973525000639,0.6441000000001469,12501,0.2752914937626167,10000,10000,0.2478585901824397,7646,0.4387445549711993,0.2186677256796892,0.7813322743203107,0.4209,0.1908859647887596,37.22985347760488,0.0,41.4157284705524,150.02139610390185,25500.0,ESATD-L3,False,
ESATD-L3,150,10,202,1000,40000,nan,nan,nan,0,14500,1999,0,10000,10000,0,0,0,10000,0,0.0,0.0,0.0,a31dd7180ec5a17c6109cc36edd6a1a2865732b406c1cba67be0cad853f4b566,nan,nan,periodic,nan,nan,nan,nan,nan,nan,nan,nan,nan,0.6441000000002045,0.2012973525000639,0.6441000000001469,12501,0.2770124312531828,10000,10000,0.2525518099399818,7694,0.4496321264654483,0.2414420364701731,0.758557963529827,0.4098,0.1970803165254664,37.22985347760488,0.0,41.4157284705524,150.02139610390185,25500.0,ESATD-L3,False,
ESATD-L3,150,10,303,1000,40000,nan,nan,nan,0,14500,1999,0,10000,10000,0,0,0,10000,0,0.0,0.0,0.0,50217851ecebf8d2338a275cd29e82ffabe16ff153d1881d800178b818384e08,nan,nan,periodic,nan,nan,nan,nan,nan,nan,nan,nan,nan,0.6441000000002045,0.2012973525000639,0.6441000000001469,12501,0.2762475163666645,10000,10000,0.2517240827118203,7714,0.4503173067970878,0.2125000340008462,0.7874999659991538,0.3972,0.1985932240852675,37.22985347760488,0.0,41.4157284705524,150.02139610390185,25500.0,ESATD-L3,False,
ESATD-L3,150,10,404,1000,40000,nan,nan,nan,0,14500,1999,0,10000,10000,0,0,0,10000,0,0.0,0.0,0.0,666c91aca3d98fc592001468c87d42b3811143a5760cc295453880e244dc758a,nan,nan,periodic,nan,nan,nan,nan,nan,nan,nan,nan,nan,0.6441000000002045,0.2012973525000639,0.6441000000001469,12501,0.2755441626481295,10000,10000,0.2426609909421135,7675,0.43243364202555,0.2162883547060591,0.7837116452939408,0.4226,0.1897726510834364,37.22985347760488,0.0,41.4157284705524,150.02139610390185,25500.0,ESATD-L3,False,
ESATD-L3,150,10,505,1000,40000,nan,nan,nan,0,14500,1999,0,10000,10000,0,0,0,10000,0,0.0,0.0,0.0,04672988e5cbc3ed558a7a8a37b1047a717d071003dab2e756353934eb08b021,nan,nan,periodic,nan,nan,nan,nan,nan,nan,nan,nan,nan,0.6441000000002045,0.2012973525000639,0.6441000000001469,12501,0.2759733603878716,10000,10000,0.2487791836304958,7726,0.4417529099572858,0.2154038299047704,0.7845961700952295,0.4109,0.19297372632679,37.22985347760488,0.0,41.4157284705524,150.02139610390185,25500.0,ESATD-L3,False,
ESATD-L3,150,10,606,1000,40000,nan,nan,nan,0,14500,1999,0,10000,10000,0,0,0,10000,0,0.0,0.0,0.0,4774fcd2535e12b211f86580e78668e1e9bd961da670be7bd6bd7a6c26dc59af,nan,nan,periodic,nan,nan,nan,nan,nan,nan,nan,nan,nan,0.6441000000002045,0.2012973525000639,0.6441000000001469,12501,0.2745468788822801,10000,10000,0.2443472991058958,7665,0.4363760454968222,0.2248561104795883,0.7751438895204117,0.422,0.1920287463909263,37.22985347760488,0.0,41.4157284705524,150.02139610390185,25500.0,ESATD-L3,False,
ESATD-L3,150,10,707,1000,40000,nan,nan,nan,0,14500,1999,0,10000,10000,0,0,0,10000,0,0.0,0.0,0.0,c605b9756ab83b71cebd84bc5abee05ba757a64ae099f5222f6e8681ffb7d720,nan,nan,periodic,nan,nan,nan,nan,nan,nan,nan,nan,nan,0.6441000000002045,0.2012973525000639,0.6441000000001469,12501,0.2740959407797666,10000,10000,0.2469432886441789,7648,0.4403869734877915,0.2290269674929655,0.7709730325070345,0.4217,0.1934436848436126,37.22985347760488,0.0,41.4157284705524,150.02139610390185,25500.0,ESATD-L3,False,
ESATD-L3,150,10,808,1000,40000,nan,nan,nan,0,14500,1999,0,10000,10000,0,0,0,10000,0,0.0,0.0,0.0,e605a1726b1f4167ef338b823102f2cdcf91485c2169dd1f43f679edd32d0c6b,nan,nan,periodic,nan,nan,nan,nan,nan,nan,nan,nan,nan,0.6441000000002045,0.2012973525000639,0.6441000000001469,12501,0.27745254396572,10000,10000,0.2430771578090489,7625,0.4363765806533164,0.2293670460171985,0.7706329539828014,0.4275,0.1932994228442675,37.22985347760488,0.0,41.4157284705524,150.02139610390185,25500.0,ESATD-L3,False,
ESATD-L3,150,10,909,1000,40000,nan,nan,nan,0,14500,1999,0,10000,10000,0,0,0,10000,0,0.0,0.0,0.0,4aa46a36bd6ab7692e6e9b8d01c77bc74efc702a0031843df833c095ec32a39e,nan,nan,periodic,nan,nan,nan,nan,nan,nan,nan,nan,nan,0.6441000000002045,0.2012973525000639,0.6441000000001469,12501,0.2757763968785851,10000,10000,0.2416351668126556,7679,0.4334748642989585,0.2139227077103451,0.7860772922896548,0.4226,0.1918396974863029,37.22985347760488,0.0,41.4157284705524,150.02139610390185,25500.0,ESATD-L3,False,
ESATD-L3,150,10,1010,1000,40000,nan,nan,nan,0,14500,1999,0,10000,10000,0,0,0,10000,0,0.0,0.0,0.0,59935886a4422cb71f0cc89a8bc7b0c529d05a68340841646e4c8885c5e0c9ac,nan,nan,periodic,nan,nan,nan,nan,nan,nan,nan,nan,nan,0.6441000000002045,0.2012973525000639,0.6441000000001469,12501,0.2740800560215466,10000,10000,0.2467838662251127,7720,0.4403473810096089,0.2203653199281803,0.7796346800718197,0.4135,0.1935635147844961,37.22985347760488,0.0,41.4157284705524,150.02139610390185,25500.0,ESATD-L3,False,
ESATD-L3,200,4,101,1000,16000,nan,nan,nan,0,16000,0,0,4000,4000,0,0,0,4000,0,0.0,0.0,0.0,358345139b329c40140caebe1f44495eb1cb4ce7057ad9123725a473225c7759,nan,nan,periodic,nan,nan,nan,nan,nan,nan,nan,nan,nan,0.6441000000000685,0.6441000000000685,0.6440999999999828,16000,0.6441000000000018,4000,4000,0.5365712329758283,4000,0.5365712329758283,0.6530537993946778,0.3469462006053222,0.056,0.0,29.95040407316911,0.0,29.99983392645304,199.9804000000001,0.0,ESATD-L3,False,
ESATD-L3,200,4,202,1000,16000,nan,nan,nan,0,16000,0,0,4000,4000,0,0,0,4000,0,0.0,0.0,0.0,34b8939f5e22fe77656bcf596b267a8e14848f4c8183e258a0aa6bf6964bce30,nan,nan,periodic,nan,nan,nan,nan,nan,nan,nan,nan,nan,0.6441000000000685,0.6441000000000685,0.6440999999999828,16000,0.6441000000000018,4000,4000,0.5365712329758271,4000,0.5365712329758271,0.6530537993946778,0.3469462006053222,0.056,0.0,29.95040407316911,0.0,29.99983392645304,199.9804000000001,0.0,ESATD-L3,False,
ESATD-L3,200,4,303,1000,16000,nan,nan,nan,0,16000,0,0,4000,4000,0,0,0,4000,0,0.0,0.0,0.0,cb9cf6119f28cbbe2f515263b460577c6bf03d42557f7919b99931e42d877f4b,nan,nan,periodic,nan,nan,nan,nan,nan,nan,nan,nan,nan,0.6441000000000685,0.6441000000000685,0.6440999999999828,16000,0.644100000000003,4000,4000,0.5365712329758282,4000,0.5365712329758282,0.6530537993946778,0.3469462006053222,0.056,0.0,29.95040407316911,0.0,29.99983392645304,199.9804000000001,0.0,ESATD-L3,False,
ESATD-L3,200,4,404,1000,16000,nan,nan,nan,0,16000,0,0,4000,4000,0,0,0,4000,0,0.0,0.0,0.0,19660c8d7c38bf482c258d456033c0235b91bafa3f9150f8928502cb0b6a233e,nan,nan,periodic,nan,nan,nan,nan,nan,nan,nan,nan,nan,0.6441000000000685,0.6441000000000685,0.6440999999999828,16000,0.6441000000000022,4000,4000,0.5365712329758273,4000,0.5365712329758273,0.6530537993946778,0.3469462006053222,0.056,0.0,29.95040407316911,0.0,29.99983392645304,199.9804000000001,0.0,ESATD-L3,False,
ESATD-L3,200,4,505,1000,16000,nan,nan,nan,0,16000,0,0,4000,4000,0,0,0,4000,0,0.0,0.0,0.0,73cdab68096cc443e0e24ada558429cabf1afc7f75cc16ce9d024a0d7cee62f9,nan,nan,periodic,nan,nan,nan,nan,nan,nan,nan,nan,nan,0.6441000000000685,0.6441000000000685,0.6440999999999828,16000,0.6441000000000021,4000,4000,0.536571232975828,4000,0.536571232975828,0.6530537993946778,0.3469462006053222,0.056,0.0,29.95040407316911,0.0,29.99983392645304,199.9804000000001,0.0,ESATD-L3,False,
ESATD-L3,200,4,606,1000,16000,nan,nan,nan,0,16000,0,0,4000,4000,0,0,0,4000,0,0.0,0.0,0.0,7833957291a032d51d81862cac99e9d8ccb12f68b533b2caf53ee51ae3f9dc9c,nan,nan,periodic,nan,nan,nan,nan,nan,nan,nan,nan,nan,0.6441000000000685,0.6441000000000685,0.6440999999999828,16000,0.6441000000000017,4000,4000,0.5365712329758265,4000,0.5365712329758265,0.6530537993946778,0.3469462006053222,0.056,0.0,29.95040407316911,0.0,29.99983392645304,199.9804000000001,0.0,ESATD-L3,False,
ESATD-L3,200,4,707,1000,16000,nan,nan,nan,0,16000,0,0,4000,4000,0,0,0,4000,0,0.0,0.0,0.0,7299403d9d2d4f4ccec9f76133c48d8d07e2ed601a2777f731db87ca14e66056,nan,nan,periodic,nan,nan,nan,nan,nan,nan,nan,nan,nan,0.6441000000000685,0.6441000000000685,0.6440999999999828,16000,0.6441000000000012,4000,4000,0.5365712329758282,4000,0.5365712329758282,0.6530537993946778,0.3469462006053222,0.056,0.0,29.95040407316911,0.0,29.99983392645304,199.9804000000001,0.0,ESATD-L3,False,
ESATD-L3,200,4,808,1000,16000,nan,nan,nan,0,16000,0,0,4000,4000,0,0,0,4000,0,0.0,0.0,0.0,332b0fc25c5dccfb6fb5145b59221f17277c51b24f8c2d6148183eada1540c2c,nan,nan,periodic,nan,nan,nan,nan,nan,nan,nan,nan,nan,0.6441000000000685,0.6441000000000685,0.6440999999999828,16000,0.6441000000000023,4000,4000,0.5365712329758269,4000,0.5365712329758269,0.6530537993946778,0.3469462006053222,0.056,0.0,29.95040407316911,0.0,29.99983392645304,199.9804000000001,0.0,ESATD-L3,False,
ESATD-L3,200,4,909,1000,16000,nan,nan,nan,0,16000,0,0,4000,4000,0,0,0,4000,0,0.0,0.0,0.0,3a15676bda67054cb5929717fc730bfa67cd49969827870cd1819db4b67b2b0f,nan,nan,periodic,nan,nan,nan,nan,nan,nan,nan,nan,nan,0.6441000000000685,0.6441000000000685,0.6440999999999828,16000,0.6441000000000002,4000,4000,0.5365712329758268,4000,0.5365712329758268,0.6530537993946778,0.3469462006053222,0.056,0.0,29.95040407316911,0.0,29.99983392645304,199.9804000000001,0.0,ESATD-L3,False,
ESATD-L3,200,4,1010,1000,16000,nan,nan,nan,0,16000,0,0,4000,4000,0,0,0,4000,0,0.0,0.0,0.0,f74ec5db6e908852b709fb2fc49501319e260c6bb970c5803f31b89af1514827,nan,nan,periodic,nan,nan,nan,nan,nan,nan,nan,nan,nan,0.6441000000000685,0.6441000000000685,0.6440999999999828,16000,0.644100000000003,4000,4000,0.5365712329758273,4000,0.5365712329758273,0.6530537993946778,0.3469462006053222,0.056,0.0,29.95040407316911,0.0,29.99983392645304,199.9804000000001,0.0,ESATD-L3,False,
ESATD-L3,200,6,101,1000,24000,nan,nan,nan,0,18896,2000,0,6000,6000,0,0,0,6000,0,0.0,0.0,0.0,368e16a18b5b73e12179e2ceeeef5d7bbd6d7e12c7147fe591b0919c4402b0f8,nan,nan,periodic,nan,nan,nan,nan,nan,nan,nan,nan,nan,0.6441000000000396,0.4534464000000279,0.6440999999999819,16896,0.4860142653165628,6000,6000,0.4131484709881642,5440,0.499835199188498,0.4699091274838854,0.5300908725161145,0.2076666666666666,0.0866867282003338,34.47406465578,0.0,36.884533656267486,200.00939154572276,5104.0,ESATD-L3,False,
ESATD-L3,200,6,202,1000,24000,nan,nan,nan,0,18896,2000,0,6000,6000,0,0,0,6000,0,0.0,0.0,0.0,1647dacc78c42fdbc64e7d28ec9e5575601944c739c0044734f158d076fd1351,nan,nan,periodic,nan,nan,nan,nan,nan,nan,nan,nan,nan,0.6441000000000396,0.4534464000000279,0.6440999999999819,16896,0.4857989851850871,6000,6000,0.4143162567127646,5444,0.501640881886328,0.4689365178237381,0.5310634821762619,0.2053333333333333,0.0873246251735634,34.47406465578,0.0,36.884533656267486,200.00939154572276,5104.0,ESATD-L3,False,
ESATD-L3,200,6,303,1000,24000,nan,nan,nan,0,18896,2000,0,6000,6000,0,0,0,6000,0,0.0,0.0,0.0,b40e3956fc736148fe48725c99a765faa7ca344bcdde335f7de5815dce321912,nan,nan,periodic,nan,nan,nan,nan,nan,nan,nan,nan,nan,0.6441000000000396,0.4534464000000279,0.6440999999999819,16896,0.4853522729524126,6000,6000,0.41289881825586,5443,0.5004361198316559,0.4648217216803105,0.5351782783196894,0.2048333333333333,0.0875373015757959,34.47406465578,0.0,36.884533656267486,200.00939154572276,5104.0,ESATD-L3,False,
ESATD-L3,200,6,404,1000,24000,nan,nan,nan,0,18896,2000,0,6000,6000,0,0,0,6000,0,0.0,0.0,0.0,90dd8c8ff63030dd9dbbd25c0b5e9d426cebafe711c88974834a56210f18bdc1,nan,nan,periodic,nan,nan,nan,nan,nan,nan,nan,nan,nan,0.6441000000000396,0.4534464000000279,0.6440999999999819,16896,0.4859895001331692,6000,6000,0.4101483442176735,5435,0.4971013593536456,0.4632631915796156,0.5367368084203844,0.2108333333333333,0.086953015135972,34.47406465578,0.0,36.884533656267486,200.00939154572276,5104.0,ESATD-L3,False,
ESATD-L3,200,6,505,1000,24000,nan,nan,nan,0,18896,2000,0,6000,6000,0,0,0,6000,0,0.0,0.0,0.0,64fec059e2099a382af339a6780c28497caac0c5ebb5f50adb7d0e94049738cd,nan,nan,periodic,nan,nan,nan,nan,nan,nan,nan,nan,nan,0.6441000000000396,0.4534464000000279,0.6440999999999819,16896,0.4860914806470566,6000,6000,0.4124188932907817,5455,0.4988613984896283,0.4676568290060765,0.5323431709939235,0.2051666666666666,0.0864425051988466,34.47406465578,0.0,36.884533656267486,200.00939154572276,5104.0,ESATD-L3,False,
ESATD-L3,200,6,606,1000,24000,nan,nan,nan,0,18896,2000,0,6000,6000,0,0,0,6000,0,0.0,0.0,0.0,ae880915da58fff9f20affe7a5a25900cde6365bd54144492baa5036a1d84adc,nan,nan,periodic,nan,nan,nan,nan,nan,nan,nan,nan,nan,0.6441000000000396,0.4534464000000279,0.6440999999999819,16896,0.4864194320463136,6000,6000,0.4113275526705216,5444,0.4979046350394185,0.4671283322168691,0.5328716677831309,0.2066666666666666,0.0865770823688969,34.47406465578,0.0,36.884533656267486,200.00939154572276,5104.0,ESATD-L3,False,
ESATD-L3,200,6,707,1000,24000,nan,nan,nan,0,18896,2000,0,6000,6000,0,0,0,6000,0,0.0,0.0,0.0,c0f27110c744a3fc7a33aecc95f2268b53928f9aef18cbadd02b335ecd207f0e,nan,nan,periodic,nan,nan,nan,nan,nan,nan,nan,nan,nan,0.6441000000000396,0.4534464000000279,0.6440999999999819,16896,0.4858545730029508,6000,6000,0.4130317002646341,5446,0.5004834287135922,0.4670534822732501,0.5329465177267498,0.2056666666666666,0.087451728448958,34.47406465578,0.0,36.884533656267486,200.00939154572276,5104.0,ESATD-L3,False,
ESATD-L3,200,6,808,1000,24000,nan,nan,nan,0,18896,2000,0,6000,6000,0,0,0,6000,0,0.0,0.0,0.0,063cb3f34bb5042d5a315795e5ea1e803957554d0c67c50190b2b486a6968f17,nan,nan,periodic,nan,nan,nan,nan,nan,nan,nan,nan,nan,0.6441000000000396,0.4534464000000279,0.6440999999999819,16896,0.4865439576269565,6000,6000,0.4105645380451619,5433,0.4987594743036805,0.4683618279657193,0.5316381720342807,0.2096666666666666,0.0881949362585185,34.47406465578,0.0,36.884533656267486,200.00939154572276,5104.0,ESATD-L3,False,
ESATD-L3,200,6,909,1000,24000,nan,nan,nan,0,18896,2000,0,6000,6000,0,0,0,6000,0,0.0,0.0,0.0,43ca3bc1908129b5c2ac96d7e4719f6173824add31150444bda10a9206dc8922,nan,nan,periodic,nan,nan,nan,nan,nan,nan,nan,nan,nan,0.6441000000000396,0.4534464000000279,0.6440999999999819,16896,0.4861839395768486,6000,6000,0.4124429281318159,5444,0.5003341506440835,0.4691317513694373,0.5308682486305627,0.2053333333333333,0.0878912225122676,34.47406465578,0.0,36.884533656267486,200.00939154572276,5104.0,ESATD-L3,False,
ESATD-L3,200,6,1010,1000,24000,nan,nan,nan,0,18896,2000,0,6000,6000,0,0,0,6000,0,0.0,0.0,0.0,da29db140ec3433f5a7bef5bfca040b9d439fbd33929da0e9b1ac51f823030f9,nan,nan,periodic,nan,nan,nan,nan,nan,nan,nan,nan,nan,0.6441000000000396,0.4534464000000279,0.6440999999999819,16896,0.485833809367187,6000,6000,0.4120719102912489,5451,0.4988174409438496,0.4654617549827313,0.5345382450172687,0.2046666666666666,0.0867455306526007,34.47406465578,0.0,36.884533656267486,200.00939154572276,5104.0,ESATD-L3,False,
ESATD-L3,200,8,101,1000,32000,nan,nan,nan,0,18896,2000,0,8000,8000,0,0,0,8000,0,0.0,0.0,0.0,48536fc5e075a2292b527fb68f9e0371d396b2957068a8b27317e7a61bf9ac13,nan,nan,periodic,nan,nan,nan,nan,nan,nan,nan,nan,nan,0.6441000000000396,0.3400848000000209,0.6441000000000748,16896,0.392098629145793,8000,8000,0.3397970614202779,6789,0.4737503692772812,0.3645750778248459,0.635424922175154,0.299,0.1339533078570033,34.47406465578,0.0,36.884533656267486,200.00939154572276,13104.0,ESATD-L3,False,
ESATD-L3,200,8,202,1000,32000,nan,nan,nan,0,18896,2000,0,8000,8000,0,0,0,8000,0,0.0,0.0,0.0,570e9630deff505ba1c5363a004cd8917cdc4ddeaaa2dfbdb2999707f9626552,nan,nan,periodic,nan,nan,nan,nan,nan,nan,nan,nan,nan,0.6441000000000396,0.3400848000000209,0.6441000000000748,16896,0.3910394294329902,8000,8000,0.3394287058526621,6798,0.4749377501875499,0.3585990066724909,0.6414009933275091,0.300125,0.1355090443348878,34.47406465578,0.0,36.884533656267486,200.00939154572276,13104.0,ESATD-L3,False,
ESATD-L3,200,8,303,1000,32000,nan,nan,nan,0,18896,2000,0,8000,8000,0,0,0,8000,0,0.0,0.0,0.0,7258aada57693e7fc41c3edb014bd97cd32dde8bd5dca77e2f1cb8b3ef00eaf8,nan,nan,periodic,nan,nan,nan,nan,nan,nan,nan,nan,nan,0.6441000000000396,0.3400848000000209,0.6441000000000748,16896,0.391195267259026,8000,8000,0.340511655538752,6784,0.478417117295506,0.3564327767003287,0.6435672232996712,0.296625,0.137905461756754,34.47406465578,0.0,36.884533656267486,200.00939154572276,13104.0,ESATD-L3,False,
ESATD-L3,200,8,404,1000,32000,nan,nan,nan,0,18896,2000,0,8000,8000,0,0,0,8000,0,0.0,0.0,0.0,620f015056b4913eca566e19dd498b9d34ce3df10a7782d95a50b5b4aece1a2a,nan,nan,periodic,nan,nan,nan,nan,nan,nan,nan,nan,nan,0.6441000000000396,0.3400848000000209,0.6441000000000748,16896,0.3914199081279731,8000,8000,0.3382093332643802,6802,0.4735312033169912,0.3512073308956581,0.6487926691043419,0.30075,0.1353218700526109,34.47406465578,0.0,36.884533656267486,200.00939154572276,13104.0,ESATD-L3,False,
ESATD-L3,200,8,505,1000,32000,nan,nan,nan,0,18896,2000,0,8000,8000,0,0,0,8000,0,0.0,0.0,0.0,4c81619bc200eebb3080c210bdc746b4414b0cc7c3fbb63c2a1ce3f91c436327,nan,nan,periodic,nan,nan,nan,nan,nan,nan,nan,nan,nan,0.6441000000000396,0.3400848000000209,0.6441000000000748,16896,0.3918551056226676,8000,8000,0.3372336044230481,6829,0.4718942573448396,0.3583796651530726,0.6416203348469274,0.29625,0.1346606529217914,34.47406465578,0.0,36.884533656267486,200.00939154572276,13104.0,ESATD-L3,False,
ESATD-L3,200,8,606,1000,32000,nan,nan,nan,0,18896,2000,0,8000,8000,0,0,0,8000,0,0.0,0.0,0.0,820400f60474dd2d047d6af68da1f0bbcc78c2597c68a44e9fae693f09b01e62,nan,nan,periodic,nan,nan,nan,nan,nan,nan,nan,nan,nan,0.6441000000000396,0.3400848000000209,0.6441000000000748,16896,0.3919890578214403,8000,8000,0.3347978560686063,6763,0.4733582438306856,0.3442343085682709,0.6557656914317291,0.300125,0.1385603877620793,34.47406465578,0.0,36.884533656267486,200.00939154572276,13104.0,ESATD-L3,False,
ESATD-L3,200,8,707,1000,32000,nan,nan,nan,0,18896,2000,0,8000,8000,0,0,0,8000,0,0.0,0.0,0.0,265cd3c30607304ee4b6dbfbe241a7f7f4ee382cc1c459bb4718426a447809b3,nan,nan,periodic,nan,nan,nan,nan,nan,nan,nan,nan,nan,0.6441000000000396,0.3400848000000209,0.6441000000000748,16896,0.3912278908330724,8000,8000,0.3369782282297019,6810,0.4689355383503886,0.3601568327152598,0.6398431672847402,0.3035,0.1319573101206866,34.47406465578,0.0,36.884533656267486,200.00939154572276,13104.0,ESATD-L3,False,
ESATD-L3,200,8,808,1000,32000,nan,nan,nan,0,18896,2000,0,8000,8000,0,0,0,8000,0,0.0,0.0,0.0,f4866bde13e803cb907ec64e47284a1135ec88db541e26e30e289fa70c4a5ff8,nan,nan,periodic,nan,nan,nan,nan,nan,nan,nan,nan,nan,0.6441000000000396,0.3400848000000209,0.6441000000000748,16896,0.3919564967971962,8000,8000,0.3385402281122605,6775,0.4758888407530955,0.3599466199078787,0.6400533800921213,0.30075,0.137348612640835,34.47406465578,0.0,36.884533656267486,200.00939154572276,13104.0,ESATD-L3,False,
ESATD-L3,200,8,909,1000,32000,nan,nan,nan,0,18896,2000,0,8000,8000,0,0,0,8000,0,0.0,0.0,0.0,a8c124acc17ac65b2cb1529125ce780607cdb86f117209ab5b3479ea9aad8a28,nan,nan,periodic,nan,nan,nan,nan,nan,nan,nan,nan,nan,0.6441000000000396,0.3400848000000209,0.6441000000000748,16896,0.3912835911554581,8000,8000,0.3380067562936266,6790,0.4714429764493055,0.3613417158401328,0.6386582841598671,0.299875,0.1334362201556789,34.47406465578,0.0,36.884533656267486,200.00939154572276,13104.0,ESATD-L3,False,
ESATD-L3,200,8,1010,1000,32000,nan,nan,nan,0,18896,2000,0,8000,8000,0,0,0,8000,0,0.0,0.0,0.0,d3b8735acadda44f30d6c9e91006c692298437fd0395e4753048eb08f289bf45,nan,nan,periodic,nan,nan,nan,nan,nan,nan,nan,nan,nan,0.6441000000000396,0.3400848000000209,0.6441000000000748,16896,0.3908046314297702,8000,8000,0.3343117383125979,6759,0.471322095784687,0.3469827927281215,0.6530172072718785,0.301625,0.137010357472089,34.47406465578,0.0,36.884533656267486,200.00939154572276,13104.0,ESATD-L3,False,
ESATD-L3,200,10,101,1000,40000,nan,nan,nan,0,18896,2000,0,10000,10000,0,0,0,10000,0,0.0,0.0,0.0,ba24034ae3cf4562ab6a0153556be98ed2c4b4bffe7e7bdc8e8a9fe95da3ae23,nan,nan,periodic,nan,nan,nan,nan,nan,nan,nan,nan,nan,0.6441000000000396,0.2720678400000167,0.6441000000001469,16896,0.3350074002575481,10000,10000,0.3014606803431565,8161,0.4604985683367877,0.2805023981518046,0.7194976018481953,0.3542,0.1590378879936311,34.47406465578,0.0,36.884533656267486,200.00939154572276,21104.0,ESATD-L3,False,
ESATD-L3,200,10,202,1000,40000,nan,nan,nan,0,18896,2000,0,10000,10000,0,0,0,10000,0,0.0,0.0,0.0,a31dd7180ec5a17c6109cc36edd6a1a2865732b406c1cba67be0cad853f4b566,nan,nan,periodic,nan,nan,nan,nan,nan,nan,nan,nan,nan,0.6441000000000396,0.2720678400000167,0.6441000000001469,16896,0.3350476256650289,10000,10000,0.3001789369703933,8027,0.4682254641118524,0.3192755206848372,0.6807244793151628,0.3562,0.168046527141459,34.47406465578,0.0,36.884533656267486,200.00939154572276,21104.0,ESATD-L3,False,
ESATD-L3,200,10,303,1000,40000,nan,nan,nan,0,18896,2000,0,10000,10000,0,0,0,10000,0,0.0,0.0,0.0,50217851ecebf8d2338a275cd29e82ffabe16ff153d1881d800178b818384e08,nan,nan,periodic,nan,nan,nan,nan,nan,nan,nan,nan,nan,0.6441000000000396,0.2720678400000167,0.6441000000001469,16896,0.3364600365528414,10000,10000,0.2917227409643135,8123,0.4602448870864014,0.2768291734019252,0.7231708265980747,0.3436,0.1685221461220878,34.47406465578,0.0,36.884533656267486,200.00939154572276,21104.0,ESATD-L3,False,
ESATD-L3,200,10,404,1000,40000,nan,nan,nan,0,18896,2000,0,10000,10000,0,0,0,10000,0,0.0,0.0,0.0,666c91aca3d98fc592001468c87d42b3811143a5760cc295453880e244dc758a,nan,nan,periodic,nan,nan,nan,nan,nan,nan,nan,nan,nan,0.6441000000000396,0.2720678400000167,0.6441000000001469,16896,0.3351542837645642,10000,10000,0.2916365802167428,8041,0.4547471106216671,0.2971444152353135,0.7028555847646865,0.3674,0.1631105304049243,34.47406465578,0.0,36.884533656267486,200.00939154572276,21104.0,ESATD-L3,False,
ESATD-L3,200,10,505,1000,40000,nan,nan,nan,0,18896,2000,0,10000,10000,0,0,0,10000,0,0.0,0.0,0.0,04672988e5cbc3ed558a7a8a37b1047a717d071003dab2e756353934eb08b021,nan,nan,periodic,nan,nan,nan,nan,nan,nan,nan,nan,nan,0.6441000000000396,0.2720678400000167,0.6441000000001469,16896,0.3343994223579756,10000,10000,0.3017687675265332,8189,0.4615851168998953,0.2958552556364954,0.7041447443635045,0.3509,0.1598163493733621,34.47406465578,0.0,36.884533656267486,200.00939154572276,21104.0,ESATD-L3,False,
ESATD-L3,200,10,606,1000,40000,nan,nan,nan,0,18896,2000,0,10000,10000,0,0,0,10000,0,0.0,0.0,0.0,4774fcd2535e12b211f86580e78668e1e9bd961da670be7bd6bd7a6c26dc59af,nan,nan,periodic,nan,nan,nan,nan,nan,nan,nan,nan,nan,0.6441000000000396,0.2720678400000167,0.6441000000001469,16896,0.3336972381232679,10000,10000,0.2883183125125255,8043,0.4553424353570405,0.2872581519810624,0.7127418480189376,0.3667,0.167024122844515,34.47406465578,0.0,36.884533656267486,200.00939154572276,21104.0,ESATD-L3,False,
ESATD-L3,200,10,707,1000,40000,nan,nan,nan,0,18896,2000,0,10000,10000,0,0,0,10000,0,0.0,0.0,0.0,c605b9756ab83b71cebd84bc5abee05ba757a64ae099f5222f6e8681ffb7d720,nan,nan,periodic,nan,nan,nan,nan,nan,nan,nan,nan,nan,0.6441000000000396,0.2720678400000167,0.6441000000001469,16896,0.3331639343020116,10000,10000,0.290677494196921,7972,0.4606841938630574,0.2920583213835814,0.7079416786164185,0.359,0.1700066996661364,34.47406465578,0.0,36.884533656267486,200.00939154572276,21104.0,ESATD-L3,False,
ESATD-L3,200,10,808,1000,40000,nan,nan,nan,0,18896,2000,0,10000,10000,0,0,0,10000,0,0.0,0.0,0.0,e605a1726b1f4167ef338b823102f2cdcf91485c2169dd1f43f679edd32d0c6b,nan,nan,periodic,nan,nan,nan,nan,nan,nan,nan,nan,nan,0.6441000000000396,0.2720678400000167,0.6441000000001469,16896,0.3359838421731624,10000,10000,0.2969527250964525,8054,0.4629449117340234,0.2952622355445093,0.7047377644554906,0.3623,0.1659921866375708,34.47406465578,0.0,36.884533656267486,200.00939154572276,21104.0,ESATD-L3,False,
ESATD-L3,200,10,909,1000,40000,nan,nan,nan,0,18896,2000,0,10000,10000,0,0,0,10000,0,0.0,0.0,0.0,4aa46a36bd6ab7692e6e9b8d01c77bc74efc702a0031843df833c095ec32a39e,nan,nan,periodic,nan,nan,nan,nan,nan,nan,nan,nan,nan,0.6441000000000396,0.2720678400000167,0.6441000000001469,16896,0.3348167498457078,10000,10000,0.2933799152976078,8137,0.4564045719243173,0.2865813373188094,0.7134186626811905,0.3602,0.1630246566267095,34.47406465578,0.0,36.884533656267486,200.00939154572276,21104.0,ESATD-L3,False,
ESATD-L3,200,10,1010,1000,40000,nan,nan,nan,0,18896,2000,0,10000,10000,0,0,0,10000,0,0.0,0.0,0.0,59935886a4422cb71f0cc89a8bc7b0c529d05a68340841646e4c8885c5e0c9ac,nan,nan,periodic,nan,nan,nan,nan,nan,nan,nan,nan,nan,0.6441000000000396,0.2720678400000167,0.6441000000001469,16896,0.3342325025851329,10000,10000,0.3047176457597573,8163,0.4731362832330844,0.2977216671772975,0.7022783328227025,0.3397,0.1684186374733271,34.47406465578,0.0,36.884533656267486,200.00939154572276,21104.0,ESATD-L3,False,
ESATD-L3,250,4,101,1000,16000,nan,nan,nan,0,16000,0,0,4000,4000,0,0,0,4000,0,0.0,0.0,0.0,358345139b329c40140caebe1f44495eb1cb4ce7057ad9123725a473225c7759,nan,nan,periodic,nan,nan,nan,nan,nan,nan,nan,nan,nan,0.6441000000000685,0.6441000000000685,0.6440999999999828,16000,0.6441000000000018,4000,4000,0.5365712329758283,4000,0.5365712329758283,0.6530537993946778,0.3469462006053222,0.056,0.0,29.960282908122807,0.0,29.999833926453096,249.93040000000005,0.0,ESATD-L3,False,
ESATD-L3,250,4,202,1000,16000,nan,nan,nan,0,16000,0,0,4000,4000,0,0,0,4000,0,0.0,0.0,0.0,34b8939f5e22fe77656bcf596b267a8e14848f4c8183e258a0aa6bf6964bce30,nan,nan,periodic,nan,nan,nan,nan,nan,nan,nan,nan,nan,0.6441000000000685,0.6441000000000685,0.6440999999999828,16000,0.6441000000000018,4000,4000,0.5365712329758271,4000,0.5365712329758271,0.6530537993946778,0.3469462006053222,0.056,0.0,29.960282908122807,0.0,29.999833926453096,249.93040000000005,0.0,ESATD-L3,False,
ESATD-L3,250,4,303,1000,16000,nan,nan,nan,0,16000,0,0,4000,4000,0,0,0,4000,0,0.0,0.0,0.0,cb9cf6119f28cbbe2f515263b460577c6bf03d42557f7919b99931e42d877f4b,nan,nan,periodic,nan,nan,nan,nan,nan,nan,nan,nan,nan,0.6441000000000685,0.6441000000000685,0.6440999999999828,16000,0.644100000000003,4000,4000,0.5365712329758282,4000,0.5365712329758282,0.6530537993946778,0.3469462006053222,0.056,0.0,29.960282908122807,0.0,29.999833926453096,249.93040000000005,0.0,ESATD-L3,False,
ESATD-L3,250,4,404,1000,16000,nan,nan,nan,0,16000,0,0,4000,4000,0,0,0,4000,0,0.0,0.0,0.0,19660c8d7c38bf482c258d456033c0235b91bafa3f9150f8928502cb0b6a233e,nan,nan,periodic,nan,nan,nan,nan,nan,nan,nan,nan,nan,0.6441000000000685,0.6441000000000685,0.6440999999999828,16000,0.6441000000000022,4000,4000,0.5365712329758273,4000,0.5365712329758273,0.6530537993946778,0.3469462006053222,0.056,0.0,29.960282908122807,0.0,29.999833926453096,249.93040000000005,0.0,ESATD-L3,False,
ESATD-L3,250,4,505,1000,16000,nan,nan,nan,0,16000,0,0,4000,4000,0,0,0,4000,0,0.0,0.0,0.0,73cdab68096cc443e0e24ada558429cabf1afc7f75cc16ce9d024a0d7cee62f9,nan,nan,periodic,nan,nan,nan,nan,nan,nan,nan,nan,nan,0.6441000000000685,0.6441000000000685,0.6440999999999828,16000,0.6441000000000021,4000,4000,0.536571232975828,4000,0.536571232975828,0.6530537993946778,0.3469462006053222,0.056,0.0,29.960282908122807,0.0,29.999833926453096,249.93040000000005,0.0,ESATD-L3,False,
ESATD-L3,250,4,606,1000,16000,nan,nan,nan,0,16000,0,0,4000,4000,0,0,0,4000,0,0.0,0.0,0.0,7833957291a032d51d81862cac99e9d8ccb12f68b533b2caf53ee51ae3f9dc9c,nan,nan,periodic,nan,nan,nan,nan,nan,nan,nan,nan,nan,0.6441000000000685,0.6441000000000685,0.6440999999999828,16000,0.6441000000000017,4000,4000,0.5365712329758265,4000,0.5365712329758265,0.6530537993946778,0.3469462006053222,0.056,0.0,29.960282908122807,0.0,29.999833926453096,249.93040000000005,0.0,ESATD-L3,False,
ESATD-L3,250,4,707,1000,16000,nan,nan,nan,0,16000,0,0,4000,4000,0,0,0,4000,0,0.0,0.0,0.0,7299403d9d2d4f4ccec9f76133c48d8d07e2ed601a2777f731db87ca14e66056,nan,nan,periodic,nan,nan,nan,nan,nan,nan,nan,nan,nan,0.6441000000000685,0.6441000000000685,0.6440999999999828,16000,0.6441000000000012,4000,4000,0.5365712329758282,4000,0.5365712329758282,0.6530537993946778,0.3469462006053222,0.056,0.0,29.960282908122807,0.0,29.999833926453096,249.93040000000005,0.0,ESATD-L3,False,
ESATD-L3,250,4,808,1000,16000,nan,nan,nan,0,16000,0,0,4000,4000,0,0,0,4000,0,0.0,0.0,0.0,332b0fc25c5dccfb6fb5145b59221f17277c51b24f8c2d6148183eada1540c2c,nan,nan,periodic,nan,nan,nan,nan,nan,nan,nan,nan,nan,0.6441000000000685,0.6441000000000685,0.6440999999999828,16000,0.6441000000000023,4000,4000,0.5365712329758269,4000,0.5365712329758269,0.6530537993946778,0.3469462006053222,0.056,0.0,29.960282908122807,0.0,29.999833926453096,249.93040000000005,0.0,ESATD-L3,False,
ESATD-L3,250,4,909,1000,16000,nan,nan,nan,0,16000,0,0,4000,4000,0,0,0,4000,0,0.0,0.0,0.0,3a15676bda67054cb5929717fc730bfa67cd49969827870cd1819db4b67b2b0f,nan,nan,periodic,nan,nan,nan,nan,nan,nan,nan,nan,nan,0.6441000000000685,0.6441000000000685,0.6440999999999828,16000,0.6441000000000002,4000,4000,0.5365712329758268,4000,0.5365712329758268,0.6530537993946778,0.3469462006053222,0.056,0.0,29.960282908122807,0.0,29.999833926453096,249.93040000000005,0.0,ESATD-L3,False,
ESATD-L3,250,4,1010,1000,16000,nan,nan,nan,0,16000,0,0,4000,4000,0,0,0,4000,0,0.0,0.0,0.0,f74ec5db6e908852b709fb2fc49501319e260c6bb970c5803f31b89af1514827,nan,nan,periodic,nan,nan,nan,nan,nan,nan,nan,nan,nan,0.6441000000000685,0.6441000000000685,0.6440999999999828,16000,0.644100000000003,4000,4000,0.5365712329758273,4000,0.5365712329758273,0.6530537993946778,0.3469462006053222,0.056,0.0,29.960282908122807,0.0,29.999833926453096,249.93040000000005,0.0,ESATD-L3,False,
ESATD-L3,250,6,101,1000,24000,nan,nan,nan,0,23667,2000,0,6000,6000,0,0,0,6000,0,0.0,0.0,0.0,368e16a18b5b73e12179e2ceeeef5d7bbd6d7e12c7147fe591b0919c4402b0f8,nan,nan,periodic,nan,nan,nan,nan,nan,nan,nan,nan,nan,0.6440999999999265,0.5814881124999336,0.6440999999999819,21667,0.5929552500180084,6000,6000,0.4970084390300208,5848,0.5232760485287868,0.5946820670854966,0.4053179329145033,0.1011666666666666,0.0262676094987659,34.699733499867165,0.0,37.22584390490565,250.01979610391484,333.0,ESATD-L3,False,
ESATD-L3,250,6,202,1000,24000,nan,nan,nan,0,23667,2000,0,6000,6000,0,0,0,6000,0,0.0,0.0,0.0,1647dacc78c42fdbc64e7d28ec9e5575601944c739c0044734f158d076fd1351,nan,nan,periodic,nan,nan,nan,nan,nan,nan,nan,nan,nan,0.6440999999999265,0.5814881124999336,0.6440999999999819,21667,0.5920612198914793,6000,6000,0.498063301612158,5845,0.5269375991474482,0.5947892487428548,0.4052107512571452,0.0996666666666666,0.0288742975352901,34.699733499867165,0.0,37.22584390490565,250.01979610391484,333.0,ESATD-L3,False,
ESATD-L3,250,6,303,1000,24000,nan,nan,nan,0,23667,2000,0,6000,6000,0,0,0,6000,0,0.0,0.0,0.0,b40e3956fc736148fe48725c99a765faa7ca344bcdde335f7de5815dce321912,nan,nan,periodic,nan,nan,nan,nan,nan,nan,nan,nan,nan,0.6440999999999265,0.5814881124999336,0.6440999999999819,21667,0.5921544748527329,6000,6000,0.4954819787625011,5838,0.5255636927699229,0.5860799285572846,0.4139200714427153,0.1006666666666666,0.0300817140074217,34.699733499867165,0.0,37.22584390490565,250.01979610391484,333.0,ESATD-L3,False,
ESATD-L3,250,6,404,1000,24000,nan,nan,nan,0,23667,2000,0,6000,6000,0,0,0,6000,0,0.0,0.0,0.0,90dd8c8ff63030dd9dbbd25c0b5e9d426cebafe711c88974834a56210f18bdc1,nan,nan,periodic,nan,nan,nan,nan,nan,nan,nan,nan,nan,0.6440999999999265,0.5814881124999336,0.6440999999999819,21667,0.5926113000297688,6000,6000,0.4917784295823737,5824,0.5203838601535302,0.5845450410651917,0.4154549589348083,0.1108333333333333,0.0286054305711564,34.699733499867165,0.0,37.22584390490565,250.01979610391484,333.0,ESATD-L3,False,
ESATD-L3,250,6,505,1000,24000,nan,nan,nan,0,23667,2000,0,6000,6000,0,0,0,6000,0,0.0,0.0,0.0,64fec059e2099a382af339a6780c28497caac0c5ebb5f50adb7d0e94049738cd,nan,nan,periodic,nan,nan,nan,nan,nan,nan,nan,nan,nan,0.6440999999999265,0.5814881124999336,0.6440999999999819,21667,0.592455917831781,6000,6000,0.4947220403653246,5863,0.5220996683339696,0.5898893078067894,0.4101106921932106,0.1015,0.0273776279686449,34.699733499867165,0.0,37.22584390490565,250.01979610391484,333.0,ESATD-L3,False,
ESATD-L3,250,6,606,1000,24000,nan,nan,nan,0,23667,2000,0,6000,6000,0,0,0,6000,0,0.0,0.0,0.0,ae880915da58fff9f20affe7a5a25900cde6365bd54144492baa5036a1d84adc,nan,nan,periodic,nan,nan,nan,nan,nan,nan,nan,nan,nan,0.6440999999999265,0.5814881124999336,0.6440999999999819,21667,0.592969656300723,6000,6000,0.4939875137106834,5854,0.5207414846142261,0.5920189559594389,0.4079810440405611,0.1006666666666666,0.0267539709035427,34.699733499867165,0.0,37.22584390490565,250.01979610391484,333.0,ESATD-L3,False,
ESATD-L3,250,6,707,1000,24000,nan,nan,nan,0,23667,2000,0,6000,6000,0,0,0,6000,0,0.0,0.0,0.0,c0f27110c744a3fc7a33aecc95f2268b53928f9aef18cbadd02b335ecd207f0e,nan,nan,periodic,nan,nan,nan,nan,nan,nan,nan,nan,nan,0.6440999999999265,0.5814881124999336,0.6440999999999819,21667,0.5926015273521651,6000,6000,0.4965094608801974,5851,0.5249383904280344,0.5893826539854363,0.4106173460145637,0.1,0.0284289295478369,34.699733499867165,0.0,37.22584390490565,250.01979610391484,333.0,ESATD-L3,False,
ESATD-L3,250,6,808,1000,24000,nan,nan,nan,0,23667,2000,0,6000,6000,0,0,0,6000,0,0.0,0.0,0.0,063cb3f34bb5042d5a315795e5ea1e803957554d0c67c50190b2b486a6968f17,nan,nan,periodic,nan,nan,nan,nan,nan,nan,nan,nan,nan,0.6440999999999265,0.5814881124999336,0.6440999999999819,21667,0.5936918955329877,6000,6000,0.4931334399265539,5821,0.5231924696942146,0.5942760076868564,0.4057239923131436,0.1065,0.0300590297676607,34.699733499867165,0.0,37.22584390490565,250.01979610391484,333.0,ESATD-L3,False,
ESATD-L3,250,6,909,1000,24000,nan,nan,nan,0,23667,2000,0,6000,6000,0,0,0,6000,0,0.0,0.0,0.0,43ca3bc1908129b5c2ac96d7e4719f6173824add31150444bda10a9206dc8922,nan,nan,periodic,nan,nan,nan,nan,nan,nan,nan,nan,nan,0.6440999999999265,0.5814881124999336,0.6440999999999819,21667,0.5924356621624544,6000,6000,0.4946059374426777,5843,0.5240011357621025,0.5957321231175174,0.4042678768824825,0.1003333333333333,0.0293951983194247,34.699733499867165,0.0,37.22584390490565,250.01979610391484,333.0,ESATD-L3,False,
ESATD-L3,250,6,1010,1000,24000,nan,nan,nan,0,23667,2000,0,6000,6000,0,0,0,6000,0,0.0,0.0,0.0,da29db140ec3433f5a7bef5bfca040b9d439fbd33929da0e9b1ac51f823030f9,nan,nan,periodic,nan,nan,nan,nan,nan,nan,nan,nan,nan,0.6440999999999265,0.5814881124999336,0.6440999999999819,21667,0.592390037304976,6000,6000,0.4943382870783975,5838,0.5222405436296031,0.5886988248455819,0.4113011751544181,0.1021666666666666,0.0279022565512056,34.699733499867165,0.0,37.22584390490565,250.01979610391484,333.0,ESATD-L3,False,
ESATD-L3,250,8,101,1000,32000,nan,nan,nan,0,23667,2000,0,8000,8000,0,0,0,8000,0,0.0,0.0,0.0,48536fc5e075a2292b527fb68f9e0371d396b2957068a8b27317e7a61bf9ac13,nan,nan,periodic,nan,nan,nan,nan,nan,nan,nan,nan,nan,0.6440999999999265,0.4361160843749502,0.6441000000000748,21667,0.4724250217201247,8000,8000,0.4034349761220608,7219,0.496665851432946,0.4430854271878679,0.5569145728121321,0.21575,0.0932308753108852,34.699733499867165,0.0,37.22584390490565,250.01979610391484,8333.0,ESATD-L3,False,
ESATD-L3,250,8,202,1000,32000,nan,nan,nan,0,23667,2000,0,8000,8000,0,0,0,8000,0,0.0,0.0,0.0,570e9630deff505ba1c5363a004cd8917cdc4ddeaaa2dfbdb2999707f9626552,nan,nan,periodic,nan,nan,nan,nan,nan,nan,nan,nan,nan,0.6440999999999265,0.4361160843749502,0.6441000000000748,21667,0.4710054083951329,8000,8000,0.4025864229921841,7189,0.4990289807637026,0.4528005095758334,0.5471994904241666,0.2175,0.0964425577715184,34.699733499867165,0.0,37.22584390490565,250.01979610391484,8333.0,ESATD-L3,False,
ESATD-L3,250,8,303,1000,32000,nan,nan,nan,0,23667,2000,0,8000,8000,0,0,0,8000,0,0.0,0.0,0.0,7258aada57693e7fc41c3edb014bd97cd32dde8bd5dca77e2f1cb8b3ef00eaf8,nan,nan,periodic,nan,nan,nan,nan,nan,nan,nan,nan,nan,0.6440999999999265,0.4361160843749502,0.6441000000000748,21667,0.472245758654513,8000,8000,0.4037634000557934,7181,0.5007081385117446,0.4488722784795415,0.5511277215204584,0.2175,0.0969447384559511,34.699733499867165,0.0,37.22584390490565,250.01979610391484,8333.0,ESATD-L3,False,
ESATD-L3,250,8,404,1000,32000,nan,nan,nan,0,23667,2000,0,8000,8000,0,0,0,8000,0,0.0,0.0,0.0,620f015056b4913eca566e19dd498b9d34ce3df10a7782d95a50b5b4aece1a2a,nan,nan,periodic,nan,nan,nan,nan,nan,nan,nan,nan,nan,0.6440999999999265,0.4361160843749502,0.6441000000000748,21667,0.4719854142866845,8000,8000,0.4021464399636596,7169,0.4974150011879201,0.446985102725005,0.553014897274995,0.220375,0.0952685612242605,34.699733499867165,0.0,37.22584390490565,250.01979610391484,8333.0,ESATD-L3,False,
ESATD-L3,250,8,505,1000,32000,nan,nan,nan,0,23667,2000,0,8000,8000,0,0,0,8000,0,0.0,0.0,0.0,4c81619bc200eebb3080c210bdc746b4414b0cc7c3fbb63c2a1ce3f91c436327,nan,nan,periodic,nan,nan,nan,nan,nan,nan,nan,nan,nan,0.6440999999999265,0.4361160843749502,0.6441000000000748,21667,0.4712420513163213,8000,8000,0.4003084315506366,7185,0.4953965298540589,0.4467775584688854,0.5532224415311146,0.222,0.0950880983034223,34.699733499867165,0.0,37.22584390490565,250.01979610391484,8333.0,ESATD-L3,False,
ESATD-L3,250,8,606,1000,32000,nan,nan,nan,0,23667,2000,0,8000,8000,0,0,0,8000,0,0.0,0.0,0.0,820400f60474dd2d047d6af68da1f0bbcc78c2597c68a44e9fae693f09b01e62,nan,nan,periodic,nan,nan,nan,nan,nan,nan,nan,nan,nan,0.6440999999999265,0.4361160843749502,0.6441000000000748,21667,0.4722705556007314,8000,8000,0.4032182737555541,7242,0.4939610475674257,0.4492464783984175,0.5507535216015824,0.215,0.0907427738118716,34.699733499867165,0.0,37.22584390490565,250.01979610391484,8333.0,ESATD-L3,False,
ESATD-L3,250,8,707,1000,32000,nan,nan,nan,0,23667,2000,0,8000,8000,0,0,0,8000,0,0.0,0.0,0.0,265cd3c30607304ee4b6dbfbe241a7f7f4ee382cc1c459bb4718426a447809b3,nan,nan,periodic,nan,nan,nan,nan,nan,nan,nan,nan,nan,0.6440999999999265,0.4361160843749502,0.6441000000000748,21667,0.4705462493930872,8000,8000,0.4039360351609934,7179,0.4999759443573539,0.4470784195928619,0.5529215804071381,0.215125,0.0960399091963604,34.699733499867165,0.0,37.22584390490565,250.01979610391484,8333.0,ESATD-L3,False,
ESATD-L3,250,8,808,1000,32000,nan,nan,nan,0,23667,2000,0,8000,8000,0,0,0,8000,0,0.0,0.0,0.0,f4866bde13e803cb907ec64e47284a1135ec88db541e26e30e289fa70c4a5ff8,nan,nan,periodic,nan,nan,nan,nan,nan,nan,nan,nan,nan,0.6440999999999265,0.4361160843749502,0.6441000000000748,21667,0.4725824328049287,8000,8000,0.4035475721465955,7172,0.4980460923050757,0.4584977068180805,0.5415022931819196,0.218625,0.0944985201584802,34.699733499867165,0.0,37.22584390490565,250.01979610391484,8333.0,ESATD-L3,False,
ESATD-L3,250,8,909,1000,32000,nan,nan,nan,0,23667,2000,0,8000,8000,0,0,0,8000,0,0.0,0.0,0.0,a8c124acc17ac65b2cb1529125ce780607cdb86f117209ab5b3479ea9aad8a28,nan,nan,periodic,nan,nan,nan,nan,nan,nan,nan,nan,nan,0.6440999999999265,0.4361160843749502,0.6441000000000748,21667,0.4718739562053784,8000,8000,0.4055495872441058,7203,0.497387424963351,0.4566512908658231,0.5433487091341769,0.2185,0.0918378377192451,34.699733499867165,0.0,37.22584390490565,250.01979610391484,8333.0,ESATD-L3,False,
ESATD-L3,250,8,1010,1000,32000,nan,nan,nan,0,23667,2000,0,8000,8000,0,0,0,8000,0,0.0,0.0,0.0,d3b8735acadda44f30d6c9e91006c692298437fd0395e4753048eb08f289bf45,nan,nan,periodic,nan,nan,nan,nan,nan,nan,nan,nan,nan,0.6440999999999265,0.4361160843749502,0.6441000000000748,21667,0.4721126768812701,8000,8000,0.3985771945905484,7163,0.4924597661721861,0.4501112950728611,0.5498887049271388,0.226,0.0938825715816376,34.699733499867165,0.0,37.22584390490565,250.01979610391484,8333.0,ESATD-L3,False,
ESATD-L3,250,10,101,1000,40000,nan,nan,nan,0,23667,2000,0,10000,10000,0,0,0,10000,0,0.0,0.0,0.0,ba24034ae3cf4562ab6a0153556be98ed2c4b4bffe7e7bdc8e8a9fe95da3ae23,nan,nan,periodic,nan,nan,nan,nan,nan,nan,nan,nan,nan,0.6440999999999265,0.3488928674999602,0.6441000000001469,21667,0.3990372644803752,10000,10000,0.3491082929522239,8460,0.4824916488615874,0.3453289142948706,0.6546710857051293,0.2967,0.1333833559093634,34.699733499867165,0.0,37.22584390490565,250.01979610391484,16333.0,ESATD-L3,False,
ESATD-L3,250,10,202,1000,40000,nan,nan,nan,0,23667,2000,0,10000,10000,0,0,0,10000,0,0.0,0.0,0.0,a31dd7180ec5a17c6109cc36edd6a1a2865732b406c1cba67be0cad853f4b566,nan,nan,periodic,nan,nan,nan,nan,nan,nan,nan,nan,nan,0.6440999999999265,0.3488928674999602,0.6441000000001469,21667,0.3974887863077044,10000,10000,0.3439959752325814,8360,0.4826356673243818,0.3870046952489731,0.6129953047510268,0.2986,0.1386396920918003,34.699733499867165,0.0,37.22584390490565,250.01979610391484,16333.0,ESATD-L3,False,
ESATD-L3,250,10,303,1000,40000,nan,nan,nan,0,23667,2000,0,10000,10000,0,0,0,10000,0,0.0,0.0,0.0,50217851ecebf8d2338a275cd29e82ffabe16ff153d1881d800178b818384e08,nan,nan,periodic,nan,nan,nan,nan,nan,nan,nan,nan,nan,0.6440999999999265,0.3488928674999602,0.6441000000001469,21667,0.3988723380325752,10000,10000,0.3457692229930688,8540,0.4797635992177791,0.3535282616269912,0.6464717383730088,0.2773,0.1339943762247103,34.699733499867165,0.0,37.22584390490565,250.01979610391484,16333.0,ESATD-L3,False,
ESATD-L3,250,10,404,1000,40000,nan,nan,nan,0,23667,2000,0,10000,10000,0,0,0,10000,0,0.0,0.0,0.0,666c91aca3d98fc592001468c87d42b3811143a5760cc295453880e244dc758a,nan,nan,periodic,nan,nan,nan,nan,nan,nan,nan,nan,nan,0.6440999999999265,0.3488928674999602,0.6441000000001469,21667,0.3995529682033067,10000,10000,0.3380352740104615,8420,0.470000862922467,0.3796711413428776,0.6203288586571223,0.314,0.1319655889120055,34.699733499867165,0.0,37.22584390490565,250.01979610391484,16333.0,ESATD-L3,False,
ESATD-L3,250,10,505,1000,40000,nan,nan,nan,0,23667,2000,0,10000,10000,0,0,0,10000,0,0.0,0.0,0.0,04672988e5cbc3ed558a7a8a37b1047a717d071003dab2e756353934eb08b021,nan,nan,periodic,nan,nan,nan,nan,nan,nan,nan,nan,nan,0.6440999999999265,0.3488928674999602,0.6441000000001469,21667,0.3975568820893134,10000,10000,0.3463202224248323,8607,0.4734587612597657,0.3578167780534387,0.6421832219465613,0.2947,0.1271385388349334,34.699733499867165,0.0,37.22584390490565,250.01979610391484,16333.0,ESATD-L3,False,
ESATD-L3,250,10,606,1000,40000,nan,nan,nan,0,23667,2000,0,10000,10000,0,0,0,10000,0,0.0,0.0,0.0,4774fcd2535e12b211f86580e78668e1e9bd961da670be7bd6bd7a6c26dc59af,nan,nan,periodic,nan,nan,nan,nan,nan,nan,nan,nan,nan,0.6440999999999265,0.3488928674999602,0.6441000000001469,21667,0.3980982285375262,10000,10000,0.3425866851105587,8433,0.4832022837969812,0.3583992352158757,0.6416007647841243,0.2961,0.1406155986864225,34.699733499867165,0.0,37.22584390490565,250.01979610391484,16333.0,ESATD-L3,False,
ESATD-L3,250,10,707,1000,40000,nan,nan,nan,0,23667,2000,0,10000,10000,0,0,0,10000,0,0.0,0.0,0.0,c605b9756ab83b71cebd84bc5abee05ba757a64ae099f5222f6e8681ffb7d720,nan,nan,periodic,nan,nan,nan,nan,nan,nan,nan,nan,nan,0.6440999999999265,0.3488928674999602,0.6441000000001469,21667,0.397315859083726,10000,10000,0.3424853017541899,8380,0.4849598545910882,0.3529485492601374,0.6470514507398626,0.2927,0.1424745528368983,34.699733499867165,0.0,37.22584390490565,250.01979610391484,16333.0,ESATD-L3,False,
ESATD-L3,250,10,808,1000,40000,nan,nan,nan,0,23667,2000,0,10000,10000,0,0,0,10000,0,0.0,0.0,0.0,e605a1726b1f4167ef338b823102f2cdcf91485c2169dd1f43f679edd32d0c6b,nan,nan,periodic,nan,nan,nan,nan,nan,nan,nan,nan,nan,0.6440999999999265,0.3488928674999602,0.6441000000001469,21667,0.3992806272081243,10000,10000,0.3417809640918481,8513,0.4751194026323947,0.363214319656256,0.6367856803437439,0.3034,0.1333384385405466,34.699733499867165,0.0,37.22584390490565,250.01979610391484,16333.0,ESATD-L3,False,
ESATD-L3,250,10,909,1000,40000,nan,nan,nan,0,23667,2000,0,10000,10000,0,0,0,10000,0,0.0,0.0,0.0,4aa46a36bd6ab7692e6e9b8d01c77bc74efc702a0031843df833c095ec32a39e,nan,nan,periodic,nan,nan,nan,nan,nan,nan,nan,nan,nan,0.6440999999999265,0.3488928674999602,0.6441000000001469,21667,0.3981004367754196,10000,10000,0.3422086074433098,8453,0.4761908929652486,0.3658732229200157,0.6341267770799843,0.304,0.1339822855219387,34.699733499867165,0.0,37.22584390490565,250.01979610391484,16333.0,ESATD-L3,False,
ESATD-L3,250,10,1010,1000,40000,nan,nan,nan,0,23667,2000,0,10000,10000,0,0,0,10000,0,0.0,0.0,0.0,59935886a4422cb71f0cc89a8bc7b0c529d05a68340841646e4c8885c5e0c9ac,nan,nan,periodic,nan,nan,nan,nan,nan,nan,nan,nan,nan,0.6440999999999265,0.3488928674999602,0.6441000000001469,21667,0.3967474497249612,10000,10000,0.3498077794660281,8487,0.4893700816542521,0.3654946842871003,0.6345053157128997,0.2813,0.139562302188224,34.699733499867165,0.0,37.22584390490565,250.01979610391484,16333.0,ESATD-L3,False,
ESATD-L3,300,4,101,1000,16000,nan,nan,nan,0,16000,0,0,4000,4000,0,0,0,4000,0,0.0,0.0,0.0,358345139b329c40140caebe1f44495eb1cb4ce7057ad9123725a473225c7759,nan,nan,periodic,nan,nan,nan,nan,nan,nan,nan,nan,nan,0.6441000000000685,0.6441000000000685,0.6440999999999828,16000,0.6441000000000018,4000,4000,0.5365712329758283,4000,0.5365712329758283,0.6530537993946778,0.3469462006053222,0.056,0.0,29.966870779038132,0.0,29.999833926453118,299.8803999999997,0.0,ESATD-L3,False,
ESATD-L3,300,4,202,1000,16000,nan,nan,nan,0,16000,0,0,4000,4000,0,0,0,4000,0,0.0,0.0,0.0,34b8939f5e22fe77656bcf596b267a8e14848f4c8183e258a0aa6bf6964bce30,nan,nan,periodic,nan,nan,nan,nan,nan,nan,nan,nan,nan,0.6441000000000685,0.6441000000000685,0.6440999999999828,16000,0.6441000000000018,4000,4000,0.5365712329758271,4000,0.5365712329758271,0.6530537993946778,0.3469462006053222,0.056,0.0,29.966870779038132,0.0,29.999833926453118,299.8803999999997,0.0,ESATD-L3,False,
ESATD-L3,300,4,303,1000,16000,nan,nan,nan,0,16000,0,0,4000,4000,0,0,0,4000,0,0.0,0.0,0.0,cb9cf6119f28cbbe2f515263b460577c6bf03d42557f7919b99931e42d877f4b,nan,nan,periodic,nan,nan,nan,nan,nan,nan,nan,nan,nan,0.6441000000000685,0.6441000000000685,0.6440999999999828,16000,0.644100000000003,4000,4000,0.5365712329758282,4000,0.5365712329758282,0.6530537993946778,0.3469462006053222,0.056,0.0,29.966870779038132,0.0,29.999833926453118,299.8803999999997,0.0,ESATD-L3,False,
ESATD-L3,300,4,404,1000,16000,nan,nan,nan,0,16000,0,0,4000,4000,0,0,0,4000,0,0.0,0.0,0.0,19660c8d7c38bf482c258d456033c0235b91bafa3f9150f8928502cb0b6a233e,nan,nan,periodic,nan,nan,nan,nan,nan,nan,nan,nan,nan,0.6441000000000685,0.6441000000000685,0.6440999999999828,16000,0.6441000000000022,4000,4000,0.5365712329758273,4000,0.5365712329758273,0.6530537993946778,0.3469462006053222,0.056,0.0,29.966870779038132,0.0,29.999833926453118,299.8803999999997,0.0,ESATD-L3,False,
ESATD-L3,300,4,505,1000,16000,nan,nan,nan,0,16000,0,0,4000,4000,0,0,0,4000,0,0.0,0.0,0.0,73cdab68096cc443e0e24ada558429cabf1afc7f75cc16ce9d024a0d7cee62f9,nan,nan,periodic,nan,nan,nan,nan,nan,nan,nan,nan,nan,0.6441000000000685,0.6441000000000685,0.6440999999999828,16000,0.6441000000000021,4000,4000,0.536571232975828,4000,0.536571232975828,0.6530537993946778,0.3469462006053222,0.056,0.0,29.966870779038132,0.0,29.999833926453118,299.8803999999997,0.0,ESATD-L3,False,
ESATD-L3,300,4,606,1000,16000,nan,nan,nan,0,16000,0,0,4000,4000,0,0,0,4000,0,0.0,0.0,0.0,7833957291a032d51d81862cac99e9d8ccb12f68b533b2caf53ee51ae3f9dc9c,nan,nan,periodic,nan,nan,nan,nan,nan,nan,nan,nan,nan,0.6441000000000685,0.6441000000000685,0.6440999999999828,16000,0.6441000000000017,4000,4000,0.5365712329758265,4000,0.5365712329758265,0.6530537993946778,0.3469462006053222,0.056,0.0,29.966870779038132,0.0,29.999833926453118,299.8803999999997,0.0,ESATD-L3,False,
ESATD-L3,300,4,707,1000,16000,nan,nan,nan,0,16000,0,0,4000,4000,0,0,0,4000,0,0.0,0.0,0.0,7299403d9d2d4f4ccec9f76133c48d8d07e2ed601a2777f731db87ca14e66056,nan,nan,periodic,nan,nan,nan,nan,nan,nan,nan,nan,nan,0.6441000000000685,0.6441000000000685,0.6440999999999828,16000,0.6441000000000012,4000,4000,0.5365712329758282,4000,0.5365712329758282,0.6530537993946778,0.3469462006053222,0.056,0.0,29.966870779038132,0.0,29.999833926453118,299.8803999999997,0.0,ESATD-L3,False,
ESATD-L3,300,4,808,1000,16000,nan,nan,nan,0,16000,0,0,4000,4000,0,0,0,4000,0,0.0,0.0,0.0,332b0fc25c5dccfb6fb5145b59221f17277c51b24f8c2d6148183eada1540c2c,nan,nan,periodic,nan,nan,nan,nan,nan,nan,nan,nan,nan,0.6441000000000685,0.6441000000000685,0.6440999999999828,16000,0.6441000000000023,4000,4000,0.5365712329758269,4000,0.5365712329758269,0.6530537993946778,0.3469462006053222,0.056,0.0,29.966870779038132,0.0,29.999833926453118,299.8803999999997,0.0,ESATD-L3,False,
ESATD-L3,300,4,909,1000,16000,nan,nan,nan,0,16000,0,0,4000,4000,0,0,0,4000,0,0.0,0.0,0.0,3a15676bda67054cb5929717fc730bfa67cd49969827870cd1819db4b67b2b0f,nan,nan,periodic,nan,nan,nan,nan,nan,nan,nan,nan,nan,0.6441000000000685,0.6441000000000685,0.6440999999999828,16000,0.6441000000000002,4000,4000,0.5365712329758268,4000,0.5365712329758268,0.6530537993946778,0.3469462006053222,0.056,0.0,29.966870779038132,0.0,29.999833926453118,299.8803999999997,0.0,ESATD-L3,False,
ESATD-L3,300,4,1010,1000,16000,nan,nan,nan,0,16000,0,0,4000,4000,0,0,0,4000,0,0.0,0.0,0.0,f74ec5db6e908852b709fb2fc49501319e260c6bb970c5803f31b89af1514827,nan,nan,periodic,nan,nan,nan,nan,nan,nan,nan,nan,nan,0.6441000000000685,0.6441000000000685,0.6440999999999828,16000,0.644100000000003,4000,4000,0.5365712329758273,4000,0.5365712329758273,0.6530537993946778,0.3469462006053222,0.056,0.0,29.966870779038132,0.0,29.999833926453118,299.8803999999997,0.0,ESATD-L3,False,
ESATD-L3,300,6,101,1000,24000,nan,nan,nan,0,24000,0,0,6000,6000,0,0,0,6000,0,0.0,0.0,0.0,368e16a18b5b73e12179e2ceeeef5d7bbd6d7e12c7147fe591b0919c4402b0f8,nan,nan,periodic,nan,nan,nan,nan,nan,nan,nan,nan,nan,0.6440999999998875,0.6440999999998875,0.6440999999999819,24000,0.6441000000000057,6000,6000,0.5365712329758267,6000,0.5365712329758267,0.6530537993946778,0.3469462006053222,0.056,0.0,29.966880376008643,0.0,29.999833926453046,299.9677333333331,0.0,ESATD-L3,False,
ESATD-L3,300,6,202,1000,24000,nan,nan,nan,0,24000,0,0,6000,6000,0,0,0,6000,0,0.0,0.0,0.0,1647dacc78c42fdbc64e7d28ec9e5575601944c739c0044734f158d076fd1351,nan,nan,periodic,nan,nan,nan,nan,nan,nan,nan,nan,nan,0.6440999999998875,0.6440999999998875,0.6440999999999819,24000,0.6441000000000071,6000,6000,0.5365712329758258,6000,0.5365712329758258,0.6530537993946778,0.3469462006053222,0.056,0.0,29.966880376008643,0.0,29.999833926453046,299.9677333333331,0.0,ESATD-L3,False,
ESATD-L3,300,6,303,1000,24000,nan,nan,nan,0,24000,0,0,6000,6000,0,0,0,6000,0,0.0,0.0,0.0,b40e3956fc736148fe48725c99a765faa7ca344bcdde335f7de5815dce321912,nan,nan,periodic,nan,nan,nan,nan,nan,nan,nan,nan,nan,0.6440999999998875,0.6440999999998875,0.6440999999999819,24000,0.6441000000000067,6000,6000,0.5365712329758261,6000,0.5365712329758261,0.6530537993946778,0.3469462006053222,0.056,0.0,29.966880376008643,0.0,29.999833926453046,299.9677333333331,0.0,ESATD-L3,False,
ESATD-L3,300,6,404,1000,24000,nan,nan,nan,0,24000,0,0,6000,6000,0,0,0,6000,0,0.0,0.0,0.0,90dd8c8ff63030dd9dbbd25c0b5e9d426cebafe711c88974834a56210f18bdc1,nan,nan,periodic,nan,nan,nan,nan,nan,nan,nan,nan,nan,0.6440999999998875,0.6440999999998875,0.6440999999999819,24000,0.6441000000000068,6000,6000,0.5365712329758261,6000,0.5365712329758261,0.6530537993946778,0.3469462006053222,0.056,0.0,29.966880376008643,0.0,29.999833926453046,299.9677333333331,0.0,ESATD-L3,False,
ESATD-L3,300,6,505,1000,24000,nan,nan,nan,0,24000,0,0,6000,6000,0,0,0,6000,0,0.0,0.0,0.0,64fec059e2099a382af339a6780c28497caac0c5ebb5f50adb7d0e94049738cd,nan,nan,periodic,nan,nan,nan,nan,nan,nan,nan,nan,nan,0.6440999999998875,0.6440999999998875,0.6440999999999819,24000,0.6441000000000069,6000,6000,0.5365712329758263,6000,0.5365712329758263,0.6530537993946778,0.3469462006053222,0.056,0.0,29.966880376008643,0.0,29.999833926453046,299.9677333333331,0.0,ESATD-L3,False,
ESATD-L3,300,6,606,1000,24000,nan,nan,nan,0,24000,0,0,6000,6000,0,0,0,6000,0,0.0,0.0,0.0,ae880915da58fff9f20affe7a5a25900cde6365bd54144492baa5036a1d84adc,nan,nan,periodic,nan,nan,nan,nan,nan,nan,nan,nan,nan,0.6440999999998875,0.6440999999998875,0.6440999999999819,24000,0.644100000000007,6000,6000,0.5365712329758259,6000,0.5365712329758259,0.6530537993946778,0.3469462006053222,0.056,0.0,29.966880376008643,0.0,29.999833926453046,299.9677333333331,0.0,ESATD-L3,False,
ESATD-L3,300,6,707,1000,24000,nan,nan,nan,0,24000,0,0,6000,6000,0,0,0,6000,0,0.0,0.0,0.0,c0f27110c744a3fc7a33aecc95f2268b53928f9aef18cbadd02b335ecd207f0e,nan,nan,periodic,nan,nan,nan,nan,nan,nan,nan,nan,nan,0.6440999999998875,0.6440999999998875,0.6440999999999819,24000,0.6441000000000073,6000,6000,0.5365712329758257,6000,0.5365712329758257,0.6530537993946778,0.3469462006053222,0.056,0.0,29.966880376008643,0.0,29.999833926453046,299.9677333333331,0.0,ESATD-L3,False,
ESATD-L3,300,6,808,1000,24000,nan,nan,nan,0,24000,0,0,6000,6000,0,0,0,6000,0,0.0,0.0,0.0,063cb3f34bb5042d5a315795e5ea1e803957554d0c67c50190b2b486a6968f17,nan,nan,periodic,nan,nan,nan,nan,nan,nan,nan,nan,nan,0.6440999999998875,0.6440999999998875,0.6440999999999819,24000,0.6441000000000067,6000,6000,0.5365712329758253,6000,0.5365712329758253,0.6530537993946778,0.3469462006053222,0.056,0.0,29.966880376008643,0.0,29.999833926453046,299.9677333333331,0.0,ESATD-L3,False,
ESATD-L3,300,6,909,1000,24000,nan,nan,nan,0,24000,0,0,6000,6000,0,0,0,6000,0,0.0,0.0,0.0,43ca3bc1908129b5c2ac96d7e4719f6173824add31150444bda10a9206dc8922,nan,nan,periodic,nan,nan,nan,nan,nan,nan,nan,nan,nan,0.6440999999998875,0.6440999999998875,0.6440999999999819,24000,0.6441000000000052,6000,6000,0.5365712329758258,6000,0.5365712329758258,0.6530537993946778,0.3469462006053222,0.056,0.0,29.966880376008643,0.0,29.999833926453046,299.9677333333331,0.0,ESATD-L3,False,
ESATD-L3,300,6,1010,1000,24000,nan,nan,nan,0,24000,0,0,6000,6000,0,0,0,6000,0,0.0,0.0,0.0,da29db140ec3433f5a7bef5bfca040b9d439fbd33929da0e9b1ac51f823030f9,nan,nan,periodic,nan,nan,nan,nan,nan,nan,nan,nan,nan,0.6440999999998875,0.6440999999998875,0.6440999999999819,24000,0.6441000000000066,6000,6000,0.5365712329758258,6000,0.5365712329758258,0.6530537993946778,0.3469462006053222,0.056,0.0,29.966880376008643,0.0,29.999833926453046,299.9677333333331,0.0,ESATD-L3,False,
ESATD-L3,300,8,101,1000,32000,nan,nan,nan,0,28084,2000,0,8000,8000,0,0,0,8000,0,0.0,0.0,0.0,48536fc5e075a2292b527fb68f9e0371d396b2957068a8b27317e7a61bf9ac13,nan,nan,periodic,nan,nan,nan,nan,nan,nan,nan,nan,nan,0.6440999999999037,0.5250220124999215,0.6441000000000748,26084,0.545789266948041,8000,8000,0.462924572836901,7547,0.5156942486270131,0.5407258220394886,0.4592741779605114,0.1475,0.052769675790112,33.20206182806541,0.0,34.52663233851475,300.021386580076,3916.0,ESATD-L3,False,
ESATD-L3,300,8,202,1000,32000,nan,nan,nan,0,28084,2000,0,8000,8000,0,0,0,8000,0,0.0,0.0,0.0,570e9630deff505ba1c5363a004cd8917cdc4ddeaaa2dfbdb2999707f9626552,nan,nan,periodic,nan,nan,nan,nan,nan,nan,nan,nan,nan,0.6440999999999037,0.5250220124999215,0.6441000000000748,26084,0.5449384255757104,8000,8000,0.4597656210307284,7565,0.5157541919123019,0.5362782177143832,0.4637217822856168,0.149,0.0559885708815734,33.20206182806541,0.0,34.52663233851475,300.021386580076,3916.0,ESATD-L3,False,
ESATD-L3,300,8,303,1000,32000,nan,nan,nan,0,28084,2000,0,8000,8000,0,0,0,8000,0,0.0,0.0,0.0,7258aada57693e7fc41c3edb014bd97cd32dde8bd5dca77e2f1cb8b3ef00eaf8,nan,nan,periodic,nan,nan,nan,nan,nan,nan,nan,nan,nan,0.6440999999999037,0.5250220124999215,0.6441000000000748,26084,0.5459311957719922,8000,8000,0.462693674127941,7583,0.5160861214864138,0.5389493757073721,0.4610506242926279,0.144375,0.0533924473584727,33.20206182806541,0.0,34.52663233851475,300.021386580076,3916.0,ESATD-L3,False,
ESATD-L3,300,8,404,1000,32000,nan,nan,nan,0,28084,2000,0,8000,8000,0,0,0,8000,0,0.0,0.0,0.0,620f015056b4913eca566e19dd498b9d34ce3df10a7782d95a50b5b4aece1a2a,nan,nan,periodic,nan,nan,nan,nan,nan,nan,nan,nan,nan,0.6440999999999037,0.5250220124999215,0.6441000000000748,26084,0.5459649605765592,8000,8000,0.4623875799664546,7592,0.5165052267021425,0.5309512639289103,0.4690487360710896,0.140875,0.0541176467356879,33.20206182806541,0.0,34.52663233851475,300.021386580076,3916.0,ESATD-L3,False,
ESATD-L3,300,8,505,1000,32000,nan,nan,nan,0,28084,2000,0,8000,8000,0,0,0,8000,0,0.0,0.0,0.0,4c81619bc200eebb3080c210bdc746b4414b0cc7c3fbb63c2a1ce3f91c436327,nan,nan,periodic,nan,nan,nan,nan,nan,nan,nan,nan,nan,0.6440999999999037,0.5250220124999215,0.6441000000000748,26084,0.5459755162558948,8000,8000,0.4615732724443929,7607,0.5149252468741571,0.5364386244337417,0.4635613755662583,0.13775,0.0533519744297641,33.20206182806541,0.0,34.52663233851475,300.021386580076,3916.0,ESATD-L3,False,
ESATD-L3,300,8,606,1000,32000,nan,nan,nan,0,28084,2000,0,8000,8000,0,0,0,8000,0,0.0,0.0,0.0,820400f60474dd2d047d6af68da1f0bbcc78c2597c68a44e9fae693f09b01e62,nan,nan,periodic,nan,nan,nan,nan,nan,nan,nan,nan,nan,0.6440999999999037,0.5250220124999215,0.6441000000000748,26084,0.545894328661688,8000,8000,0.4564201352611448,7567,0.512747686620415,0.5147489952440852,0.4852510047559147,0.144375,0.0563275513592702,33.20206182806541,0.0,34.52663233851475,300.021386580076,3916.0,ESATD-L3,False,
ESATD-L3,300,8,707,1000,32000,nan,nan,nan,0,28084,2000,0,8000,8000,0,0,0,8000,0,0.0,0.0,0.0,265cd3c30607304ee4b6dbfbe241a7f7f4ee382cc1c459bb4718426a447809b3,nan,nan,periodic,nan,nan,nan,nan,nan,nan,nan,nan,nan,0.6440999999999037,0.5250220124999215,0.6441000000000748,26084,0.5450174284124767,8000,8000,0.4600238975206498,7557,0.5125355759570159,0.5378423648235571,0.4621576351764429,0.1465,0.052511678436366,33.20206182806541,0.0,34.52663233851475,300.021386580076,3916.0,ESATD-L3,False,
ESATD-L3,300,8,808,1000,32000,nan,nan,nan,0,28084,2000,0,8000,8000,0,0,0,8000,0,0.0,0.0,0.0,f4866bde13e803cb907ec64e47284a1135ec88db541e26e30e289fa70c4a5ff8,nan,nan,periodic,nan,nan,nan,nan,nan,nan,nan,nan,nan,0.6440999999999037,0.5250220124999215,0.6441000000000748,26084,0.5450049049891748,8000,8000,0.4570951560547142,7552,0.5116156302931647,0.5371028567222476,0.4628971432777524,0.15125,0.0545204742384504,33.20206182806541,0.0,34.52663233851475,300.021386580076,3916.0,ESATD-L3,False,
ESATD-L3,300,8,909,1000,32000,nan,nan,nan,0,28084,2000,0,8000,8000,0,0,0,8000,0,0.0,0.0,0.0,a8c124acc17ac65b2cb1529125ce780607cdb86f117209ab5b3479ea9aad8a28,nan,nan,periodic,nan,nan,nan,nan,nan,nan,nan,nan,nan,0.6440999999999037,0.5250220124999215,0.6441000000000748,26084,0.5450104029386185,8000,8000,0.4634004034086662,7565,0.5137922239769087,0.5406553166484381,0.4593446833515618,0.14675,0.0503918205682424,33.20206182806541,0.0,34.52663233851475,300.021386580076,3916.0,ESATD-L3,False,
ESATD-L3,300,8,1010,1000,32000,nan,nan,nan,0,28084,2000,0,8000,8000,0,0,0,8000,0,0.0,0.0,0.0,d3b8735acadda44f30d6c9e91006c692298437fd0395e4753048eb08f289bf45,nan,nan,periodic,nan,nan,nan,nan,nan,nan,nan,nan,nan,0.6440999999999037,0.5250220124999215,0.6441000000000748,26084,0.544912491415404,8000,8000,0.4494156907573115,7532,0.5058687652244906,0.52708169459558,0.47291830540442,0.158,0.0564530744671791,33.20206182806541,0.0,34.52663233851475,300.021386580076,3916.0,ESATD-L3,False,
ESATD-L3,300,10,101,1000,40000,nan,nan,nan,0,28084,2000,0,10000,10000,0,0,0,10000,0,0.0,0.0,0.0,ba24034ae3cf4562ab6a0153556be98ed2c4b4bffe7e7bdc8e8a9fe95da3ae23,nan,nan,periodic,nan,nan,nan,nan,nan,nan,nan,nan,nan,0.6440999999999037,0.4200176099999372,0.6441000000001469,26084,0.4577237476801258,10000,10000,0.3979591727845805,8851,0.5049664720001684,0.4069168065646938,0.5930831934353062,0.2315,0.1070072992155879,33.20206182806541,0.0,34.52663233851475,300.021386580076,11916.0,ESATD-L3,False,
ESATD-L3,300,10,202,1000,40000,nan,nan,nan,0,28084,2000,0,10000,10000,0,0,0,10000,0,0.0,0.0,0.0,a31dd7180ec5a17c6109cc36edd6a1a2865732b406c1cba67be0cad853f4b566,nan,nan,periodic,nan,nan,nan,nan,nan,nan,nan,nan,nan,0.6440999999999037,0.4200176099999372,0.6441000000001469,26084,0.4550237530115671,10000,10000,0.3947469215242657,8804,0.5010799592401537,0.4508424873914559,0.5491575126085442,0.237,0.1063330377158879,33.20206182806541,0.0,34.52663233851475,300.021386580076,11916.0,ESATD-L3,False,
ESATD-L3,300,10,303,1000,40000,nan,nan,nan,0,28084,2000,0,10000,10000,0,0,0,10000,0,0.0,0.0,0.0,50217851ecebf8d2338a275cd29e82ffabe16ff153d1881d800178b818384e08,nan,nan,periodic,nan,nan,nan,nan,nan,nan,nan,nan,nan,0.6440999999999037,0.4200176099999372,0.6441000000001469,26084,0.458705921327261,10000,10000,0.391492313517958,8922,0.4938746684342214,0.4362526336231194,0.5637473663768806,0.222,0.1023823549162633,33.20206182806541,0.0,34.52663233851475,300.021386580076,11916.0,ESATD-L3,False,
ESATD-L3,300,10,404,1000,40000,nan,nan,nan,0,28084,2000,0,10000,10000,0,0,0,10000,0,0.0,0.0,0.0,666c91aca3d98fc592001468c87d42b3811143a5760cc295453880e244dc758a,nan,nan,periodic,nan,nan,nan,nan,nan,nan,nan,nan,nan,0.6440999999999037,0.4200176099999372,0.6441000000001469,26084,0.4593886076310237,10000,10000,0.3946016200555366,8818,0.4931628676026261,0.4531223533432228,0.5468776466567772,0.242,0.0985612475470895,33.20206182806541,0.0,34.52663233851475,300.021386580076,11916.0,ESATD-L3,False,
ESATD-L3,300,10,505,1000,40000,nan,nan,nan,0,28084,2000,0,10000,10000,0,0,0,10000,0,0.0,0.0,0.0,04672988e5cbc3ed558a7a8a37b1047a717d071003dab2e756353934eb08b021,nan,nan,periodic,nan,nan,nan,nan,nan,nan,nan,nan,nan,0.6440999999999037,0.4200176099999372,0.6441000000001469,26084,0.4569097149365882,10000,10000,0.394674887735093,9058,0.4856488677321324,0.4352920994150123,0.5647079005849877,0.2319,0.0909739799970393,33.20206182806541,0.0,34.52663233851475,300.021386580076,11916.0,ESATD-L3,False,
ESATD-L3,300,10,606,1000,40000,nan,nan,nan,0,28084,2000,0,10000,10000,0,0,0,10000,0,0.0,0.0,0.0,4774fcd2535e12b211f86580e78668e1e9bd961da670be7bd6bd7a6c26dc59af,nan,nan,periodic,nan,nan,nan,nan,nan,nan,nan,nan,nan,0.6440999999999037,0.4200176099999372,0.6441000000001469,26084,0.4566637018916669,10000,10000,0.3897909632898859,8828,0.5035760887102761,0.4118339388781006,0.5881660611218993,0.2237,0.1137851254203902,33.20206182806541,0.0,34.52663233851475,300.021386580076,11916.0,ESATD-L3,False,
ESATD-L3,300,10,707,1000,40000,nan,nan,nan,0,28084,2000,0,10000,10000,0,0,0,10000,0,0.0,0.0,0.0,c605b9756ab83b71cebd84bc5abee05ba757a64ae099f5222f6e8681ffb7d720,nan,nan,periodic,nan,nan,nan,nan,nan,nan,nan,nan,nan,0.6440999999999037,0.4200176099999372,0.6441000000001469,26084,0.4565831426217192,10000,10000,0.3891244648718661,8803,0.4994101948683731,0.4296692661446939,0.5703307338553061,0.233,0.1102857299965069,33.20206182806541,0.0,34.52663233851475,300.021386580076,11916.0,ESATD-L3,False,
ESATD-L3,300,10,808,1000,40000,nan,nan,nan,0,28084,2000,0,10000,10000,0,0,0,10000,0,0.0,0.0,0.0,e605a1726b1f4167ef338b823102f2cdcf91485c2169dd1f43f679edd32d0c6b,nan,nan,periodic,nan,nan,nan,nan,nan,nan,nan,nan,nan,0.6440999999999037,0.4200176099999372,0.6441000000001469,26084,0.4596875429108433,10000,10000,0.3908103495681052,8930,0.4904858877947512,0.4383003047052802,0.5616996952947197,0.2434,0.099675538226646,33.20206182806541,0.0,34.52663233851475,300.021386580076,11916.0,ESATD-L3,False,
ESATD-L3,300,10,909,1000,40000,nan,nan,nan,0,28084,2000,0,10000,10000,0,0,0,10000,0,0.0,0.0,0.0,4aa46a36bd6ab7692e6e9b8d01c77bc74efc702a0031843df833c095ec32a39e,nan,nan,periodic,nan,nan,nan,nan,nan,nan,nan,nan,nan,0.6440999999999037,0.4200176099999372,0.6441000000001469,26084,0.457362520637782,10000,10000,0.3863357087242861,8931,0.4887090601262173,0.4239959714973173,0.5760040285026826,0.2367,0.1023733514019312,33.20206182806541,0.0,34.52663233851475,300.021386580076,11916.0,ESATD-L3,False,
ESATD-L3,300,10,1010,1000,40000,nan,nan,nan,0,28084,2000,0,10000,10000,0,0,0,10000,0,0.0,0.0,0.0,59935886a4422cb71f0cc89a8bc7b0c529d05a68340841646e4c8885c5e0c9ac,nan,nan,periodic,nan,nan,nan,nan,nan,nan,nan,nan,nan,0.6440999999999037,0.4200176099999372,0.6441000000001469,26084,0.4549559505565629,10000,10000,0.4004434547745108,8899,0.5076526015111387,0.4305541824708782,0.5694458175291218,0.2205,0.1072091467366278,33.20206182806541,0.0,34.52663233851475,300.021386580076,11916.0,ESATD-L3,False,
HEAT-L3,100,4,101,1000,16000,,,,0,16000,15969,15705,4000,4000,0,0,3992,8,0,0.0,0.998,0.998,b4bf3d2475b6351987c6d10a97df4eeaa4e0bbe9f35cf92b20c773cd4f147ef6,,,periodic,,,,,,,,,,0.6441000000000003,0.0012479437500000005,0.0012882,31,0.0012530974024829423,4000,4000,0.0015103651536685656,11,0.6083943341264952,0.0020317875353474857,0.9979682124646525,0.9975,0.6068839689728267,74.99022662805781,3935.134886937738,77.17603770660278,123.00868235297635,0,HEAT-L3,False,source_raise
HEAT-L3,100,4,202,1000,16000,,,,0,16000,15969,15705,4000,4000,0,0,3992,8,0,0.0,0.998,0.998,cfa9282b9800b9b68fadd22b90028f3282342cb23723df85bacd540af3d8e196,,,periodic,,,,,,,,,,0.6441000000000003,0.0012479437500000005,0.0012882,31,0.0012669177137330115,4000,4000,0.001001938636380242,10,0.4789588597349187,0.001893064082899091,0.9981069359171009,0.99775,0.47795692109853843,74.99022662805781,3935.134886937738,77.17603770660278,123.00868235297635,0,HEAT-L3,False,source_raise
HEAT-L3,100,4,303,1000,16000,,,,0,16000,15969,15705,4000,4000,0,0,3992,8,0,0.0,0.998,0.998,5930d49c4285369e82f175c1bc5bb1f0bbd5b4bd124e5240e4e5ab8641936cf6,,,periodic,,,,,,,,,,0.6441000000000003,0.0012479437500000005,0.0012882,31,0.0012000644601288665,4000,4000,0.0012738328445147029,9,0.6202657365626172,0.0009432762028448446,0.9990567237971552,0.998,0.6189919037181025,74.99022662805781,3935.134886937738,77.17603770660278,123.00868235297635,0,HEAT-L3,False,source_raise
HEAT-L3,100,4,404,1000,16000,,,,0,16000,15969,15705,4000,4000,0,0,3991,9,0,0.0,0.99775,0.99775,0e658fdc45634dfc319ba524b919794fa3a804b5df66e7af3aa65b6a58565dae,,,periodic,,,,,,,,,,0.6441000000000003,0.0012479437500000005,0.001449225,31,0.0012431683505311835,4000,4000,0.0014489306615031732,9,0.6508999445933865,0.002568063306031272,0.9974319366939687,0.99775,0.6494510139318833,74.99022662805781,3935.134886937738,77.17603770660278,123.00868235297635,0,HEAT-L3,False,source_raise
HEAT-L3,100,4,505,1000,16000,,,,0,16000,15969,15705,4000,4000,0,0,3994,6,0,0.0,0.9985,0.9985,f6bd1a0c3a46ee585f7415d96d174d1d1c0390fa68dceac280a08c44d941778c,,,periodic,,,,,,,,,,0.6441000000000003,0.0012479437500000005,0.0009661499999999999,31,0.001149782980222389,4000,4000,0.0008896176353669349,9,0.4655968722805564,0.001152958390959616,0.9988470416090404,0.99775,0.46470725464518947,74.99022662805781,3935.134886937738,77.17603770660278,123.00868235297635,0,HEAT-L3,False,source_raise
HEAT-L3,100,4,606,1000,16000,,,,0,16000,15969,15705,4000,4000,0,0,3993,7,0,0.0,0.99825,0.99825,ee67e547615210572b9095be2af4ad4f241ff41b02e17eabff832f18ae3f6539,,,periodic,,,,,,,,,,0.6441000000000003,0.0012479437500000005,0.001127175,31,0.0011979886869040147,4000,4000,0.0011831718150189892,9,0.5258541400084397,0.0013876569592396208,0.9986123430407604,0.998,0.5246709681934206,74.99022662805781,3935.134886937738,77.17603770660278,123.00868235297635,0,HEAT-L3,False,source_raise
HEAT-L3,100,4,707,1000,16000,,,,0,16000,15969,15705,4000,4000,0,0,3993,7,0,0.0,0.99825,0.99825,d430af6be958c30dad273173e64fd531ddd8064d2bb804624370a9c2b0e56c84,,,periodic,,,,,,,,,,0.6441000000000003,0.0012479437500000005,0.001127175,31,0.001238781227144967,4000,4000,0.001013834759054397,10,0.44408710391228673,0.0012878181108866094,0.9987121818891134,0.998,0.4430732691532323,74.99022662805781,3935.134886937738,77.17603770660278,123.00868235297635,0,HEAT-L3,False,source_raise
HEAT-L3,100,4,808,1000,16000,,,,0,16000,15969,15705,4000,4000,0,0,3993,7,0,0.0,0.99825,0.99825,2fdf99523b288226e243e4f0a60b808486de3ca6c3de4b9719c41a4187aed32d,,,periodic,,,,,,,,,,0.6441000000000003,0.0012479437500000005,0.001127175,31,0.001345826205277306,4000,4000,0.0013513994557739803,10,0.5405597823095921,0.002155169393864236,0.9978448306061357,0.99775,0.5392083828538181,74.99022662805781,3935.134886937738,77.17603770660278,123.00868235297635,0,HEAT-L3,False,source_raise
HEAT-L3,100,4,909,1000,16000,,,,0,16000,15969,15705,4000,4000,0,0,3992,8,0,0.0,0.998,0.998,d239a1f1869d1a1ff0e7661220a5b29e5a5f9514a35f09dd0c00bdcdf7bc0b8e,,,periodic,,,,,,,,,,0.6441000000000003,0.0012479437500000005,0.0012882,31,0.0012849901857048289,4000,4000,0.0011542920124018954,9,0.5951207829260811,0.0009422870873193659,0.9990577129126806,0.99775,0.5939664909136791,74.99022662805781,3935.134886937738,77.17603770660278,123.00868235297635,0,HEAT-L3,False,source_raise
HEAT-L3,100,4,1010,1000,16000,,,,0,16000,15969,15705,4000,4000,0,0,3991,9,0,0.0,0.99775,0.99775,ae6f9f66a365e59050dd0401c8847d0b2dc87594f206c578c5850b1bf4a0ef92,,,periodic,,,,,,,,,,0.6441000000000003,0.0012479437500000005,0.001449225,31,0.001296617204684739,4000,4000,0.001358340110655711,9,0.6509454470232074,0.0018691913675601924,0.9981308086324399,0.998,0.6495871069125517,74.99022662805781,3935.134886937738,77.17603770660278,123.00868235297635,0,HEAT-L3,False,source_raise
HEAT-L3,100,6,101,1000,24000,,,,0,24000,23987,23702,6000,6000,0,0,5996,4,0,0.0,0.9993333333333333,0.9993333333333333,750e8532571a7cacfe544ce844edb556cff687b03abef59fbb86d123ac73d2fa,,,periodic,,,,,,,,,,0.6441,0.00034888750000000004,0.00042940000000000003,13,0.00035976173675062893,6000,6000,0.0003076083762020263,5,0.4491974900076974,9.648684573888894e-05,0.9999035131542611,0.9993333333333333,0.44888988163149535,76.34196799587916,6070.698098282406,77.17603770660278,182.5583401069793,0,HEAT-L3,False,source_raise
HEAT-L3,100,6,202,1000,24000,,,,0,24000,23987,23702,6000,6000,0,0,5998,2,0,0.0,0.9996666666666667,0.9996666666666667,577c5d9490e9afe91807c7f5864efe4ac175af67dcdf01563d0fc142bf8dc2d8,,,periodic,,,,,,,,,,0.6441,0.00034888750000000004,0.00021470000000000001,13,0.0003409207729937449,6000,6000,0.00043835227887271017,5,0.5696945864037299,0.0010202520579578836,0.9989797479420421,0.9993333333333333,0.5692562341248573,76.34196799587916,6070.698098282406,77.17603770660278,182.5583401069793,0,HEAT-L3,False,source_raise
HEAT-L3,100,6,303,1000,24000,,,,0,24000,23987,23702,6000,6000,0,0,5997,3,0,0.0,0.9995,0.9995,6e2e10def2512e928717256142fee1d1a20a0653b0f1766fbbe961a87ec5fb7a,,,periodic,,,,,,,,,,0.6441,0.00034888750000000004,0.00032205,13,0.00035197545556127927,6000,6000,0.00021259036439833878,4,0.3188855465975082,0.00018583007934932025,0.9998141699206506,0.9996666666666667,0.3186729562331098,76.34196799587916,6070.698098282406,77.17603770660278,182.5583401069793,0,HEAT-L3,False,source_raise
HEAT-L3,100,6,404,1000,24000,,,,0,24000,23987,23702,6000,6000,0,0,5997,3,0,0.0,0.9995,0.9995,58d66a9dcdaf95123028ddedafc4a1db3c39e2eadef70814587dada9f9bfddca,,,periodic,,,,,,,,,,0.6441,0.00034888750000000004,0.00032205,13,0.00034223929381235833,6000,6000,0.0003388402545100385,3,0.7006221733243385,0.0010309468695771226,0.9989690531304228,0.9995,0.7002833330698285,76.34196799587916,6070.698098282406,77.17603770660278,182.5583401069793,0,HEAT-L3,False,source_raise
HEAT-L3,100,6,505,1000,24000,,,,0,24000,23987,23702,6000,6000,0,0,5997,3,0,0.0,0.9995,0.9995,07629e1ac819a762ee169cc01292610cbc3bc58cfa204db43aa34b2cd0b2f157,,,periodic,,,,,,,,,,0.6441,0.00034888750000000004,0.00032205,13,0.0003361059826619976,6000,6000,0.00026216506232602154,3,0.5677018191477551,0.0005303925939645325,0.9994696074060355,0.9995,0.5674396540854291,76.34196799587916,6070.698098282406,77.17603770660278,182.5583401069793,0,HEAT-L3,False,source_raise
HEAT-L3,100,6,606,1000,24000,,,,0,24000,23987,23702,6000,6000,0,0,5997,3,0,0.0,0.9995,0.9995,1858e64e7fbc2923917515ca1a62bd965eebae50b13f25454861ab1915c0235e,,,periodic,,,,,,,,,,0.6441,0.00034888750000000004,0.00032205,13,0.00033547515421172353,6000,6000,0.00026006469008617425,4,0.4123152962558394,0.0001810493543095063,0.9998189506456905,0.9993333333333333,0.41205523156575324,76.34196799587916,6070.698098282406,77.17603770660278,182.5583401069793,0,HEAT-L3,False,source_raise
HEAT-L3,100,6,707,1000,24000,,,,0,24000,23987,23702,6000,6000,0,0,5996,4,0,0.0,0.9993333333333333,0.9993333333333333,156cb04aa0dda27f7e9981366eef377e014195f9fa9800dde6145ba5aece607c,,,periodic,,,,,,,,,,0.6441,0.00034888750000000004,0.00042940000000000003,13,0.00037797867232877106,6000,6000,0.0003263756138308377,3,0.706204528891444,0.0007024712199665717,0.9992975287800334,0.9995,0.7058781532776132,76.34196799587916,6070.698098282406,77.17603770660278,182.5583401069793,0,HEAT-L3,False,source_raise
HEAT-L3,100,6,808,1000,24000,,,,0,24000,23987,23702,6000,6000,0,0,5996,4,0,0.0,0.9993333333333333,0.9993333333333333,f58b8205f6fda9cd90a66acfecf090e0b46b9262972a5d60e57f30f784aa710b,,,periodic,,,,,,,,,,0.6441,0.00034888750000000004,0.00042940000000000003,13,0.00037856647770435816,6000,6000,0.0003665472212597183,3,0.7330944425194366,0.0011460071068500014,0.99885399289315,0.9995,0.7327278952981768,76.34196799587916,6070.698098282406,77.17603770660278,182.5583401069793,0,HEAT-L3,False,source_raise
HEAT-L3,100,6,909,1000,24000,,,,0,24000,23987,23702,6000,6000,0,0,5997,3,0,0.0,0.9995,0.9995,270aea9533f4da19362d9bc5c66445dc5cad1d207dcc25f6c89d8ef6c34c4797,,,periodic,,,,,,,,,,0.6441,0.00034888750000000004,0.00032205,13,0.00035107121228662865,6000,6000,0.00013231472921496624,4,0.19847209382244935,1.8429145519857553e-05,0.9999815708544801,0.9996666666666667,0.1983397790932344,76.34196799587916,6070.698098282406,77.17603770660278,182.5583401069793,0,HEAT-L3,False,source_raise
HEAT-L3,100,6,1010,1000,24000,,,,0,24000,23987,23702,6000,6000,0,0,5996,4,0,0.0,0.9993333333333333,0.9993333333333333,43efaec9091f0dbdeac6088d3a7423b545c096d70ae8bd1cc6cf4e83aa38320e,,,periodic,,,,,,,,,,0.6441,0.00034888750000000004,0.00042940000000000003,13,0.00037921707172920526,6000,6000,0.00029568559739977343,4,0.5722137217672048,0.0005488011329109426,0.9994511988670891,0.9993333333333333,0.571918036169805,76.34196799587916,6070.698098282406,77.17603770660278,182.5583401069793,0,HEAT-L3,False,source_raise
HEAT-L3,100,8,101,1000,32000,,,,0,32000,31988,31705,8000,8000,0,0,7998,2,0,0.0,0.99975,0.99975,6f85d198f502603c274315f165b4723e792483ff7f591b65df65e97ca452da25,,,periodic,,,,,,,,,,0.6441,0.00024153749999999998,0.000161025,12,0.0002347047292758336,8000,8000,0.00021550583022506725,4,0.48148585936050425,0.00021152132479495842,0.999788478675205,0.999625,0.4812703535302792,75.42326438558638,8207.260805970822,77.17603770660278,251.00885882359688,0,HEAT-L3,False,source_raise
HEAT-L3,100,8,202,1000,32000,,,,0,32000,31988,31705,8000,8000,0,0,7997,3,0,0.0,0.999625,0.999625,cf0b73e317eb69d9733a6c4f5ba164707fa92eea1d6f80099340fa97c753cc72,,,periodic,,,,,,,,,,0.6441,0.00024153749999999998,0.0002415375,12,0.00024496136635927953,8000,8000,0.00019227137551015223,4,0.38454275102030444,0.00027046127649809585,0.9997295387235019,0.999625,0.3843504796447943,75.42326438558638,8207.260805970822,77.17603770660278,251.00885882359688,0,HEAT-L3,False,source_raise
HEAT-L3,100,8,303,1000,32000,,,,0,32000,31988,31705,8000,8000,0,0,7997,3,0,0.0,0.999625,0.999625,8e8ee15c3e9002d76bb0b7e577d96acbc5ce7040a263e364be2b0b754b9a1cd9,,,periodic,,,,,,,,,,0.6441,0.00024153749999999998,0.0002415375,12,0.000247877651601685,8000,8000,0.00026461063190577817,3,0.7056283517487417,0.0001869479859588457,0.9998130520140411,0.999625,0.705363741116836,75.42326438558638,8207.260805970822,77.17603770660278,251.00885882359688,0,HEAT-L3,False,source_raise
HEAT-L3,100,8,404,1000,32000,,,,0,32000,31988,31705,8000,8000,0,0,7998,2,0,0.0,0.99975,0.99975,b4b850f59fc42179491d174bb5251f865ccaa15d6d7059e4d16d625a6256cd02,,,periodic,,,,,,,,,,0.6441,0.00024153749999999998,0.000161025,12,0.00023230089934916533,8000,8000,0.00027430014760533393,3,0.7314670602808905,0.0006608115973135952,0.9993391884026864,0.999625,0.7311927601332852,75.42326438558638,8207.260805970822,77.17603770660278,251.00885882359688,0,HEAT-L3,False,source_raise
HEAT-L3,100,8,505,1000,32000,,,,0,32000,31988,31705,8000,8000,0,0,7997,3,0,0.0,0.999625,0.999625,a4646cff32ba9004c858bae5a06899214b49ff3d1d84689bd89d694a696888f3,,,periodic,,,,,,,,,,0.6441,0.00024153749999999998,0.0002415375,12,0.00023541681103790205,8000,8000,0.0002124036025248155,3,0.5664096067328414,0.00040754135471405455,0.9995924586452859,0.999625,0.5661972031303165,75.42326438558638,8207.260805970822,77.17603770660278,251.00885882359688,0,HEAT-L3,False,source_raise
HEAT-L3,100,8,606,1000,32000,,,,0,32000,31988,31705,8000,8000,0,0,7997,3,0,0.0,0.999625,0.999625,2fe3b8553e28fea8baedb72b91d9a8568d7d3401bd1ad6ac6690d99fa5941756,,,periodic,,,,,,,,,,0.6441,0.00024153749999999998,0.0002415375,12,0.00024049194511978168,8000,8000,0.0002067868923142414,3,0.5514317128379771,0.00012979565450227666,0.9998702043454977,0.999625,0.5512249259456629,75.42326438558638,8207.260805970822,77.17603770660278,251.00885882359688,0,HEAT-L3,False,source_raise
HEAT-L3,100,8,707,1000,32000,,,,0,32000,31988,31705,8000,8000,0,0,7997,3,0,0.0,0.999625,0.999625,9756b131bf1f41a9132fa08cda7f9b23838b4dba6d7da59f6150aaaab5b46f83,,,periodic,,,,,,,,,,0.6441,0.00024153749999999998,0.0002415375,12,0.00023649364606458104,8000,8000,0.0001599316588905156,3,0.42648442370804157,0.00012270184159298374,0.999877298158407,0.99975,0.42632449204915107,75.42326438558638,8207.260805970822,77.17603770660278,251.00885882359688,0,HEAT-L3,False,source_raise
HEAT-L3,100,8,808,1000,32000,,,,0,32000,31988,31705,8000,8000,0,0,7997,3,0,0.0,0.999625,0.999625,eafd913947f595690f1bfe92cea130449042049146d61f9ceb85e6b58aeffe9c,,,periodic,,,,,,,,,,0.6441,0.00024153749999999998,0.0002415375,12,0.00025936937279861675,8000,8000,0.0002310163432539707,3,0.6160435820105885,0.0008717816962688337,0.9991282183037312,0.999625,0.6158125656673346,75.42326438558638,8207.260805970822,77.17603770660278,251.00885882359688,0,HEAT-L3,False,source_raise
HEAT-L3,100,8,909,1000,32000,,,,0,32000,31988,31705,8000,8000,0,0,7997,3,0,0.0,0.999625,0.999625,ea72fd5ca80c54bcd450f30834dfeb139c2d801f4ba4df89e36de9c4515ef240,,,periodic,,,,,,,,,,0.6441,0.00024153749999999998,0.0002415375,12,0.00024977557627137127,8000,8000,0.0001789326940639655,3,0.4771538508372413,3.2336865382448525e-05,0.9999676631346176,0.999625,0.4769749181431774,75.42326438558638,8207.260805970822,77.17603770660278,251.00885882359688,0,HEAT-L3,False,source_raise
HEAT-L3,100,8,1010,1000,32000,,,,0,32000,31988,31705,8000,8000,0,0,7996,4,0,0.0,0.9995,0.9995,da00d755ba5900dd1af32adf2960eead6d1d43158179f63b727293d26972b0c9,,,periodic,,,,,,,,,,0.6441,0.00024153749999999998,0.00032205,12,0.000258733216517293,8000,8000,0.00024018203914320845,3,0.6404854377152226,0.0003410336389123323,0.9996589663610876,0.999625,0.6402452556760794,75.42326438558638,8207.260805970822,77.17603770660278,251.00885882359688,0,HEAT-L3,False,source_raise
HEAT-L3,100,10,101,1000,40000,,,,0,40000,39988,39704,10000,10000,0,0,9997,3,0,0.0,0.9997,0.9997,bb26d9510d7e96b168966f1ee87f8b90be78299ed2a22ddbe265d7e9bba868bd,,,periodic,,,,,,,,,,0.6441,0.00019323,0.00019323000000000002,12,0.00019158219950797108,10000,10000,0.00018014693843165116,4,0.48876748164472156,8.613959832513068e-05,0.9999138604016748,0.9997,0.4885873347062899,76.55914440666741,10143.240769493408,77.17603770660278,301.9197465240928,0,HEAT-L3,False,source_raise
HEAT-L3,100,10,202,1000,40000,,,,0,40000,39988,39704,10000,10000,0,0,9997,3,0,0.0,0.9997,0.9997,70325cb18572b80965dbeaef798d8559df7c92037bf456345335916e9f85f69a,,,periodic,,,,,,,,,,0.6441,0.00019323,0.00019323000000000002,12,0.00018911235581469546,10000,10000,0.0001731634910875405,4,0.43290872771885125,0.0002594697302212132,0.9997405302697788,0.9997,0.4327355642277637,76.55914440666741,10143.240769493408,77.17603770660278,301.9197465240928,0,HEAT-L3,False,source_raise
HEAT-L3,100,10,303,1000,40000,,,,0,40000,39988,39704,10000,10000,0,0,9997,3,0,0.0,0.9997,0.9997,00617b5cd45b2a5878e4105f3b7d6a0dbee70e18b53e1459f347e3c873b8a5ec,,,periodic,,,,,,,,,,0.6441,0.00019323,0.00019323000000000002,12,0.0001995244744349338,10000,10000,0.00012755421863900327,3,0.42518072879667757,0.00011149804760959214,0.9998885019523904,0.9998,0.42505317457803854,76.55914440666741,10143.240769493408,77.17603770660278,301.9197465240928,0,HEAT-L3,False,source_raise
HEAT-L3,100,10,404,1000,40000,,,,0,40000,39988,39704,10000,10000,0,0,9997,3,0,0.0,0.9997,0.9997,5a7e0fad09a4167b105c126faed67b38b071b467f70946e5fff8774fce804129,,,periodic,,,,,,,,,,0.6441,0.00019323,0.00019323000000000002,12,0.00019153784756587814,10000,10000,0.00022244410306849707,3,0.7414803435616569,0.0005332527863590418,0.9994667472136409,0.9997,0.7412578994585884,76.55914440666741,10143.240769493408,77.17603770660278,301.9197465240928,0,HEAT-L3,False,source_raise
HEAT-L3,100,10,505,1000,40000,,,,0,40000,39988,39704,10000,10000,0,0,9997,3,0,0.0,0.9997,0.9997,b6e9040c5c24f0e2d01090acf1cc744c9c9d2fd94aea87360c2cb0cecea5de7d,,,periodic,,,,,,,,,,0.6441,0.00019323,0.00019323000000000002,12,0.00018320326889757408,10000,10000,0.00020263298182420967,3,0.7485849940217975,0.0004929216008076458,0.9995070783991924,0.9997,0.7483823610399732,76.55914440666741,10143.240769493408,77.17603770660278,301.9197465240928,0,HEAT-L3,False,source_raise
HEAT-L3,100,10,606,1000,40000,,,,0,40000,39988,39704,10000,10000,0,0,9997,3,0,0.0,0.9997,0.9997,d86915797908acc0bf7f528706273faf6fcfc920952419753b27e92d534bc366,,,periodic,,,,,,,,,,0.6441,0.00019323,0.00019323000000000002,12,0.00018733806994416748,10000,10000,0.00021766474168167483,3,0.7300176624960715,0.00020969661271618459,0.9997903033872838,0.9997,0.7297999977543898,76.55914440666741,10143.240769493408,77.17603770660278,301.9197465240928,0,HEAT-L3,False,source_raise
HEAT-L3,100,10,707,1000,40000,,,,0,40000,39988,39704,10000,10000,0,0,9997,3,0,0.0,0.9997,0.9997,c1d01af2e1a1e3620c8c4f3fea2334db173b3f1b43a12774053c2d5a59818355,,,periodic,,,,,,,,,,0.6441,0.00019323,0.00019323000000000002,12,0.00019246586871407144,10000,10000,0.00012794532711241246,3,0.42648442370804157,9.816147327438699e-05,0.9999018385267257,0.9998,0.42635647838092916,76.55914440666741,10143.240769493408,77.17603770660278,301.9197465240928,0,HEAT-L3,False,source_raise
HEAT-L3,100,10,808,1000,40000,,,,0,40000,39988,39704,10000,10000,0,0,9996,4,0,0.0,0.9996,0.9996,839e79bcd21a764f76f75f72b094a6604b8f668d39ee35c3f5f15c649e387b2f,,,periodic,,,,,,,,,,0.6441,0.00019323,0.00025764,12,0.0002093134576326051,10000,10000,0.00019875271996733842,3,0.6625090665577947,0.0006853952394364316,0.9993146047605636,0.9997,0.6623103138378273,76.55914440666741,10143.240769493408,77.17603770660278,301.9197465240928,0,HEAT-L3,False,source_raise
HEAT-L3,100,10,909,1000,40000,,,,0,40000,39988,39704,10000,10000,0,0,9997,3,0,0.0,0.9997,0.9997,b341319f74ee278e45a28ce9b4b54cfb06b0b0d26f79f0a31cb60b3df31f7d52,,,periodic,,,,,,,,,,0.6441,0.00019323,0.00019323000000000002,12,0.0001909210691714692,10000,10000,0.0001519236403132025,3,0.5064121343773417,2.136489535034101e-05,0.9999786351046497,0.9997,0.5062602107370284,76.55914440666741,10143.240769493408,77.17603770660278,301.9197465240928,0,HEAT-L3,False,source_raise
HEAT-L3,100,10,1010,1000,40000,,,,0,40000,39988,39704,10000,10000,0,0,9996,4,0,0.0,0.9996,0.9996,f831e5ccf3564ea2d00113c11bcd502ecee11cd2b31f2513bbffb87cd70f4555,,,periodic,,,,,,,,,,0.6441,0.00019323,0.00025764,12,0.0002060670060997691,10000,10000,0.00020050924545059176,3,0.6898320477232888,0.00033687626271930443,0.9996631237372807,0.9997,0.6896315384778382,76.55914440666741,10143.240769493408,77.17603770660278,301.9197465240928,0,HEAT-L3,False,source_raise
HEAT-L3,150,4,101,1000,16000,,,,0,16000,0,11784,4000,4000,0,0,0,4000,0,0.0,0.0,0.0,358345139b329c40140caebe1f44495eb1cb4ce7057ad9123725a473225c7759,,,periodic,,,,,,,,,,0.6441000000000685,0.6441000000000685,0.6440999999999828,16000,0.6441000000000018,4000,4000,0.5365712329758283,4000,0.5365712329758283,0.6530537993946778,0.3469462006053222,0.056,0.0,60.63132607396421,1772.9056301618027,72.36822331002006,149.9841818181819,0,HEAT-L3,False,source_raise
HEAT-L3,150,4,202,1000,16000,,,,0,16000,0,11784,4000,4000,0,0,0,4000,0,0.0,0.0,0.0,34b8939f5e22fe77656bcf596b267a8e14848f4c8183e258a0aa6bf6964bce30,,,periodic,,,,,,,,,,0.6441000000000685,0.6441000000000685,0.6440999999999828,16000,0.6441000000000018,4000,4000,0.5365712329758271,4000,0.5365712329758271,0.6530537993946778,0.3469462006053222,0.056,0.0,60.63132607396421,1772.9056301618027,72.36822331002006,149.9841818181819,0,HEAT-L3,False,source_raise
HEAT-L3,150,4,303,1000,16000,,,,0,16000,0,11784,4000,4000,0,0,0,4000,0,0.0,0.0,0.0,cb9cf6119f28cbbe2f515263b460577c6bf03d42557f7919b99931e42d877f4b,,,periodic,,,,,,,,,,0.6441000000000685,0.6441000000000685,0.6440999999999828,16000,0.644100000000003,4000,4000,0.5365712329758282,4000,0.5365712329758282,0.6530537993946778,0.3469462006053222,0.056,0.0,60.63132607396421,1772.9056301618027,72.36822331002006,149.9841818181819,0,HEAT-L3,False,source_raise
HEAT-L3,150,4,404,1000,16000,,,,0,16000,0,11784,4000,4000,0,0,0,4000,0,0.0,0.0,0.0,19660c8d7c38bf482c258d456033c0235b91bafa3f9150f8928502cb0b6a233e,,,periodic,,,,,,,,,,0.6441000000000685,0.6441000000000685,0.6440999999999828,16000,0.6441000000000021,4000,4000,0.5365712329758273,4000,0.5365712329758273,0.6530537993946778,0.3469462006053222,0.056,0.0,60.63132607396421,1772.9056301618027,72.36822331002006,149.9841818181819,0,HEAT-L3,False,source_raise
HEAT-L3,150,4,505,1000,16000,,,,0,16000,0,11784,4000,4000,0,0,0,4000,0,0.0,0.0,0.0,73cdab68096cc443e0e24ada558429cabf1afc7f75cc16ce9d024a0d7cee62f9,,,periodic,,,,,,,,,,0.6441000000000685,0.6441000000000685,0.6440999999999828,16000,0.6441000000000021,4000,4000,0.536571232975828,4000,0.536571232975828,0.6530537993946778,0.3469462006053222,0.056,0.0,60.63132607396421,1772.9056301618027,72.36822331002006,149.9841818181819,0,HEAT-L3,False,source_raise
HEAT-L3,150,4,606,1000,16000,,,,0,16000,0,11784,4000,4000,0,0,0,4000,0,0.0,0.0,0.0,7833957291a032d51d81862cac99e9d8ccb12f68b533b2caf53ee51ae3f9dc9c,,,periodic,,,,,,,,,,0.6441000000000685,0.6441000000000685,0.6440999999999828,16000,0.6441000000000018,4000,4000,0.5365712329758265,4000,0.5365712329758265,0.6530537993946778,0.3469462006053222,0.056,0.0,60.63132607396421,1772.9056301618027,72.36822331002006,149.9841818181819,0,HEAT-L3,False,source_raise
HEAT-L3,150,4,707,1000,16000,,,,0,16000,0,11784,4000,4000,0,0,0,4000,0,0.0,0.0,0.0,7299403d9d2d4f4ccec9f76133c48d8d07e2ed601a2777f731db87ca14e66056,,,periodic,,,,,,,,,,0.6441000000000685,0.6441000000000685,0.6440999999999828,16000,0.6441000000000011,4000,4000,0.5365712329758282,4000,0.5365712329758282,0.6530537993946778,0.3469462006053222,0.056,0.0,60.63132607396421,1772.9056301618027,72.36822331002006,149.9841818181819,0,HEAT-L3,False,source_raise
HEAT-L3,150,4,808,1000,16000,,,,0,16000,0,11784,4000,4000,0,0,0,4000,0,0.0,0.0,0.0,332b0fc25c5dccfb6fb5145b59221f17277c51b24f8c2d6148183eada1540c2c,,,periodic,,,,,,,,,,0.6441000000000685,0.6441000000000685,0.6440999999999828,16000,0.6441000000000022,4000,4000,0.5365712329758269,4000,0.5365712329758269,0.6530537993946778,0.3469462006053222,0.056,0.0,60.63132607396421,1772.9056301618027,72.36822331002006,149.9841818181819,0,HEAT-L3,False,source_raise
HEAT-L3,150,4,909,1000,16000,,,,0,16000,0,11784,4000,4000,0,0,0,4000,0,0.0,0.0,0.0,3a15676bda67054cb5929717fc730bfa67cd49969827870cd1819db4b67b2b0f,,,periodic,,,,,,,,,,0.6441000000000685,0.6441000000000685,0.6440999999999828,16000,0.6441000000000002,4000,4000,0.5365712329758268,4000,0.5365712329758268,0.6530537993946778,0.3469462006053222,0.056,0.0,60.63132607396421,1772.9056301618027,72.36822331002006,149.9841818181819,0,HEAT-L3,False,source_raise
HEAT-L3,150,4,1010,1000,16000,,,,0,16000,0,11784,4000,4000,0,0,0,4000,0,0.0,0.0,0.0,f74ec5db6e908852b709fb2fc49501319e260c6bb970c5803f31b89af1514827,,,periodic,,,,,,,,,,0.6441000000000685,0.6441000000000685,0.6440999999999828,16000,0.6441000000000029,4000,4000,0.5365712329758273,4000,0.5365712329758273,0.6530537993946778,0.3469462006053222,0.056,0.0,60.63132607396421,1772.9056301618027,72.36822331002006,149.9841818181819,0,HEAT-L3,False,source_raise
HEAT-L3,150,6,101,1000,24000,,,,0,24000,23953,23702,6000,6000,0,0,5987,13,0,0.0,0.9978333333333333,0.9978333333333333,a0c3b716ef4ac399471ae3b5f9256ecd7630a751727940a06e7ec93addb47514,,,periodic,,,,,,,,,,0.6441000000000008,0.0012613625000000015,0.0013955500000000002,47,0.0013161623626035878,6000,6000,0.001148029664772907,15,0.48609003481587365,0.001665698020337479,0.9983343019796626,0.998,0.48494200515110075,76.34196799587916,6070.698098282406,77.17603770660278,182.5583401069793,0,HEAT-L3,False,source_raise
HEAT-L3,150,6,202,1000,24000,,,,0,24000,23953,23702,6000,6000,0,0,5988,12,0,0.0,0.998,0.998,899af42873c3f49836586b4de139a57487350d08a82925fa90f87c39e55ea74d,,,periodic,,,,,,,,,,0.6441000000000008,0.0012613625000000015,0.0012882,47,0.001224037019250452,6000,6000,0.0010183592209046873,13,0.5040630747177532,0.001606859384287125,0.9983931406157128,0.998,0.5030447154968486,76.34196799587916,6070.698098282406,77.17603770660278,182.5583401069793,0,HEAT-L3,False,source_raise
HEAT-L3,150,6,303,1000,24000,,,,0,24000,23953,23702,6000,6000,0,0,5987,13,0,0.0,0.9978333333333333,0.9978333333333333,03b2a03e35ac0e1f277490121582c6ea1d2be625a26fc444cef1c9f2874a7a87,,,periodic,,,,,,,,,,0.6441000000000008,0.0012613625000000015,0.0013955500000000002,47,0.0013213456763311827,6000,6000,0.0011834089231122066,16,0.513864314316303,0.0009145952870348688,0.9990854047129651,0.9978333333333333,0.5126809053931908,76.34196799587916,6070.698098282406,77.17603770660278,182.5583401069793,0,HEAT-L3,False,source_raise
HEAT-L3,150,6,404,1000,24000,,,,0,24000,23953,23702,6000,6000,0,0,5988,12,0,0.0,0.998,0.998,237141dec5faca201ec7560abfa02b23c3a5e5a45aebd1b5d52cd64159eeb62f,,,periodic,,,,,,,,,,0.6441000000000008,0.0012613625000000015,0.0012882,47,0.001247978323693462,6000,6000,0.0013278954378851584,14,0.59042473314138,0.0015907862569980954,0.998409213743002,0.9978333333333333,0.5890968377034949,76.34196799587916,6070.698098282406,77.17603770660278,182.5583401069793,0,HEAT-L3,False,source_raise
HEAT-L3,150,6,505,1000,24000,,,,0,24000,23953,23702,6000,6000,0,0,5987,13,0,0.0,0.9978333333333333,0.9978333333333333,5b5545547169772b5f04bb8f02a603eaf7f2f0a93604fc7d9f7bf386c70ff273,,,periodic,,,,,,,,,,0.6441000000000008,0.0012613625000000015,0.0013955500000000002,47,0.0012799926539143424,6000,6000,0.0008836066689571742,13,0.4212552404158879,0.0018214699778847506,0.9981785300221152,0.998,0.42037163374693076,76.34196799587916,6070.698098282406,77.17603770660278,182.5583401069793,0,HEAT-L3,False,source_raise
HEAT-L3,150,6,606,1000,24000,,,,0,24000,23953,23702,6000,6000,0,0,5985,15,0,0.0,0.9975,0.9975,b0391a47defd789993abfea09656e5faefd4adbdc981376d8cfb26543d1c6642,,,periodic,,,,,,,,,,0.6441000000000008,0.0012613625000000015,0.0016102500000000001,47,0.0012940874947193278,6000,6000,0.0008778404731090207,14,0.4182425060606124,0.0006292491956498809,0.9993707508043501,0.9978333333333333,0.4173646655875034,76.34196799587916,6070.698098282406,77.17603770660278,182.5583401069793,0,HEAT-L3,False,source_raise
HEAT-L3,150,6,707,1000,24000,,,,0,24000,23953,23702,6000,6000,0,0,5987,13,0,0.0,0.9978333333333333,0.9978333333333333,29565b8579e2e92f80cd0a617a6977aeaffe5e5d2e9535dc84e4707c3a441489,,,periodic,,,,,,,,,,0.6441000000000008,0.0012613625000000015,0.0013955500000000002,47,0.0012891247115837717,6000,6000,0.0009828667260567785,13,0.46283567358009675,0.0017908829540308835,0.9982091170459692,0.9981666666666666,0.46185280685403995,76.34196799587916,6070.698098282406,77.17603770660278,182.5583401069793,0,HEAT-L3,False,source_raise
HEAT-L3,150,6,808,1000,24000,,,,0,24000,23953,23702,6000,6000,0,0,5987,13,0,0.0,0.9978333333333333,0.9978333333333333,a8f558d849002baaf5accbb112c4946ba563287a15e084c196a283da53be9e7e,,,periodic,,,,,,,,,,0.6441000000000008,0.0012613625000000015,0.0013955500000000002,47,0.0013034568681047538,6000,6000,0.0010693993770910892,13,0.4981727616168549,0.0014604496799428225,0.9985395503200571,0.9981666666666666,0.4971033622397638,76.34196799587916,6070.698098282406,77.17603770660278,182.5583401069793,0,HEAT-L3,False,source_raise
HEAT-L3,150,6,909,1000,24000,,,,0,24000,23953,23702,6000,6000,0,0,5987,13,0,0.0,0.9978333333333333,0.9978333333333333,475e2ca84426ae1146a9e9ce7663f32ea2e9a918eefed7b913879a8264674788,,,periodic,,,,,,,,,,0.6441000000000008,0.0012613625000000015,0.0013955500000000002,47,0.001270311159467576,6000,6000,0.0012031727119072074,15,0.5327001200295851,0.001196713015246419,0.9988032869847536,0.9975,0.5314969473176779,76.34196799587916,6070.698098282406,77.17603770660278,182.5583401069793,0,HEAT-L3,False,source_raise
HEAT-L3,150,6,1010,1000,24000,,,,0,24000,23953,23702,6000,6000,0,0,5988,12,0,0.0,0.998,0.998,31a39626840755ef157d7d3227810011e04b5a0dd0407787ed7472fb4d35758e,,,periodic,,,,,,,,,,0.6441000000000008,0.0012613625000000015,0.0012882,47,0.00121769842934038,6000,6000,0.0009637806378440672,14,0.46386871002663815,0.0016496935816266076,0.9983503064183734,0.9981666666666666,0.4629049293887941,76.34196799587916,6070.698098282406,77.17603770660278,182.5583401069793,0,HEAT-L3,False,source_raise
HEAT-L3,150,8,101,1000,32000,,,,0,32000,31976,31705,8000,8000,0,0,7994,6,0,0.0,0.99925,0.99925,15760da1ae612d345f94b57e0cc33e589dbe76f8b972bb48c69209821a9a23f1,,,periodic,,,,,,,,,,0.6441,0.00048307499999999996,0.00048307499999999996,24,0.00047573869565705547,8000,8000,0.0005143772193951266,9,0.5957159535357404,0.0006513583317445665,0.9993486416682554,0.999,0.5952015763163452,75.42326438558638,8207.260805970822,77.17603770660278,251.00885882359688,0,HEAT-L3,False,source_raise
HEAT-L3,150,8,202,1000,32000,,,,0,32000,31976,31705,8000,8000,0,0,7995,5,0,0.0,0.999375,0.999375,5712391d4e963704c27a175fea66361288665746da668bef77e89db0377df703,,,periodic,,,,,,,,,,0.6441,0.00048307499999999996,0.0004025625,24,0.00046101186661938134,8000,8000,0.00037705745525300915,7,0.4941606125609632,0.0005208362955282664,0.9994791637044718,0.99925,0.4937835551057102,75.42326438558638,8207.260805970822,77.17603770660278,251.00885882359688,0,HEAT-L3,False,source_raise
HEAT-L3,150,8,303,1000,32000,,,,0,32000,31976,31705,8000,8000,0,0,7992,8,0,0.0,0.999,0.999,358a29bf2cf114bc658d29a67985da0e3b2e851e70594a97d168e3913adcda12,,,periodic,,,,,,,,,,0.6441,0.00048307499999999996,0.0006441,24,0.0005162386412176116,8000,8000,0.0005016621010342484,8,0.5164234093546638,0.000377790614299264,0.9996222093857008,0.999125,0.5159217472536296,75.42326438558638,8207.260805970822,77.17603770660278,251.00885882359688,0,HEAT-L3,False,source_raise
HEAT-L3,150,8,404,1000,32000,,,,0,32000,31976,31705,8000,8000,0,0,7994,6,0,0.0,0.99925,0.99925,99a14df84d2edbee2e57adf5354ec6a795c98c62af6ace04eb396eb58cb519cf,,,periodic,,,,,,,,,,0.6441,0.00048307499999999996,0.00048307499999999996,24,0.00047650137710641564,8000,8000,0.0005155618464089573,8,0.5296149304014979,0.0007570288403832131,0.9992429711596168,0.999125,0.5290993685550889,75.42326438558638,8207.260805970822,77.17603770660278,251.00885882359688,0,HEAT-L3,False,source_raise
HEAT-L3,150,8,505,1000,32000,,,,0,32000,31976,31705,8000,8000,0,0,7993,7,0,0.0,0.999125,0.999125,a921d1e50cdc944334b5c4c73d9940d32d90024b9a4850758b6978c8f4ee2475,,,periodic,,,,,,,,,,0.6441,0.00048307499999999996,0.0005635875,24,0.0004929970784985256,8000,8000,0.00043848503400988715,7,0.5580641076086887,0.000661290700146249,0.9993387092998538,0.999125,0.5576256225746788,75.42326438558638,8207.260805970822,77.17603770660278,251.00885882359688,0,HEAT-L3,False,source_raise
HEAT-L3,150,8,606,1000,32000,,,,0,32000,31976,31705,8000,8000,0,0,7993,7,0,0.0,0.999125,0.999125,6ffeb8ab3a84d0e47c07c928f877eca571e3a60e1cc23633c694d671de6bdd26,,,periodic,,,,,,,,,,0.6441,0.00048307499999999996,0.0005635875,24,0.0004942646108176239,8000,8000,0.0004597558522945933,9,0.4771250060485844,0.0005505612777262476,0.9994494387222738,0.999125,0.4766652501962898,75.42326438558638,8207.260805970822,77.17603770660278,251.00885882359688,0,HEAT-L3,False,source_raise
HEAT-L3,150,8,707,1000,32000,,,,0,32000,31976,31705,8000,8000,0,0,7994,6,0,0.0,0.99925,0.99925,b96053270241e30083ffa4c9a585ea62d7384f2a1ad6651efb64a72ce6bb1d8e,,,periodic,,,,,,,,,,0.6441,0.00048307499999999996,0.00048307499999999996,24,0.00046702172543994626,8000,8000,0.00036125154655453794,6,0.4973106468549829,0.0003181500390989125,0.999681849960901,0.99925,0.49694939530842835,75.42326438558638,8207.260805970822,77.17603770660278,251.00885882359688,0,HEAT-L3,False,source_raise
HEAT-L3,150,8,808,1000,32000,,,,0,32000,31976,31705,8000,8000,0,0,7994,6,0,0.0,0.99925,0.99925,f45d043466b4d04f01fa16ef1bf71556a0bbe8d765af1aa47973ee60156dd37c,,,periodic,,,,,,,,,,0.6441,0.00048307499999999996,0.00048307499999999996,24,0.0004896934988929623,8000,8000,0.00037764191527352083,7,0.43993985508820366,0.0009001002798290248,0.999099899720171,0.99925,0.43956221317293015,75.42326438558638,8207.260805970822,77.17603770660278,251.00885882359688,0,HEAT-L3,False,source_raise
HEAT-L3,150,8,909,1000,32000,,,,0,32000,31976,31705,8000,8000,0,0,7995,5,0,0.0,0.999375,0.999375,4417b356adc1786f27750fc00c5d20ab3fc63d85e00d04d2bbd69676ea7ba666,,,periodic,,,,,,,,,,0.6441,0.00048307499999999996,0.0004025625,24,0.0004728532258613804,8000,8000,0.00031154954453418916,7,0.421971102931503,0.00014112926989838734,0.9998588707301016,0.99925,0.4216595533869688,75.42326438558638,8207.260805970822,77.17603770660278,251.00885882359688,0,HEAT-L3,False,source_raise
HEAT-L3,150,8,1010,1000,32000,,,,0,32000,31976,31705,8000,8000,0,0,7995,5,0,0.0,0.999375,0.999375,dc0d90f61367cc6bfa9147675f27da6ee94cbc4a776a19e77eaeebb768bd73aa,,,periodic,,,,,,,,,,0.6441,0.00048307499999999996,0.0004025625,24,0.00048251495952538137,8000,8000,0.00048009444819096094,8,0.5903914568564101,0.0006893517015383467,0.9993106482984616,0.999125,0.5899113624082192,75.42326438558638,8207.260805970822,77.17603770660278,251.00885882359688,0,HEAT-L3,False,source_raise
HEAT-L3,150,10,101,1000,40000,,,,0,40000,39982,39704,10000,10000,0,0,9996,4,0,0.0,0.9996,0.9996,07b8ab43407396aa10f3057d25eb0e5ea932b77f5e8f882270910949be23f162,,,periodic,,,,,,,,,,0.6441,0.000289845,0.00025764,18,0.00026964210799122675,10000,10000,0.00021311983251443554,5,0.5068741717490035,0.00014598520893128458,0.9998540147910687,0.9996,0.506661051916489,76.55914440666741,10143.240769493408,77.17603770660278,301.9197465240928,0,HEAT-L3,False,source_raise
HEAT-L3,150,10,202,1000,40000,,,,0,40000,39982,39704,10000,10000,0,0,9996,4,0,0.0,0.9996,0.9996,24911ce6b2d7d7d183700cc1c70f7ea57ee2372a06d76c0039a65607a65b5c09,,,periodic,,,,,,,,,,0.6441,0.000289845,0.00025764,18,0.00028601742918884674,10000,10000,0.0003361997021602246,6,0.6638292649279899,0.0004566705167988496,0.9995433294832011,0.9994,0.6634930652258296,76.55914440666741,10143.240769493408,77.17603770660278,301.9197465240928,0,HEAT-L3,False,source_raise
HEAT-L3,150,10,303,1000,40000,,,,0,40000,39982,39704,10000,10000,0,0,9995,5,0,0.0,0.9995,0.9995,ddda7278e62f7a2878f9f1e416d1245bc3b5afde42c9f438318d0eb2fb1e02f4,,,periodic,,,,,,,,,,0.6441,0.000289845,0.00032205,18,0.00031895848059840807,10000,10000,0.00022883736401985665,5,0.4576747280397133,0.0001695550076405053,0.9998304449923595,0.9996,0.45744589067569347,76.55914440666741,10143.240769493408,77.17603770660278,301.9197465240928,0,HEAT-L3,False,source_raise
HEAT-L3,150,10,404,1000,40000,,,,0,40000,39982,39704,10000,10000,0,0,9996,4,0,0.0,0.9996,0.9996,548b54da54180f83a5ebdc9d5f68e2e98dc0fae6f4b588fee1e0e837d3365a20,,,periodic,,,,,,,,,,0.6441,0.000289845,0.00025764,18,0.0002942835229773444,10000,10000,0.00030194406258956803,6,0.5393193282149018,0.0005750470386252086,0.9994249529613748,0.9994,0.5390173841523123,76.55914440666741,10143.240769493408,77.17603770660278,301.9197465240928,0,HEAT-L3,False,source_raise
HEAT-L3,150,10,505,1000,40000,,,,0,40000,39982,39704,10000,10000,0,0,9995,5,0,0.0,0.9995,0.9995,454aebe0b1c446e9d2d08ae045de45fa27ac61bdf6928f7db3808aec60370018,,,periodic,,,,,,,,,,0.6441,0.000289845,0.00032205,18,0.0002873465104586947,10000,10000,0.0002698474627262577,4,0.6746186568156443,0.000642801452120503,0.9993571985478795,0.9996,0.674348809352918,76.55914440666741,10143.240769493408,77.17603770660278,301.9197465240928,0,HEAT-L3,False,source_raise
HEAT-L3,150,10,606,1000,40000,,,,0,40000,39982,39704,10000,10000,0,0,9995,5,0,0.0,0.9995,0.9995,169ac49c23200ea030dcfa6698c537499e5e2a7436d64e18af424baccb0a830b,,,periodic,,,,,,,,,,0.6441,0.000289845,0.00032205,18,0.0002876303928336128,10000,10000,0.0002597395305839667,5,0.5194790611679335,0.00021329039912542405,0.9997867096008746,0.9996,0.5192193216373495,76.55914440666741,10143.240769493408,77.17603770660278,301.9197465240928,0,HEAT-L3,False,source_raise
HEAT-L3,150,10,707,1000,40000,,,,0,40000,39982,39704,10000,10000,0,0,9994,6,0,0.0,0.9994,0.9994,a2ef301892c4b14794150ad308f4e3799035703e3deb78125290d06155f95f01,,,periodic,,,,,,,,,,0.6441,0.000289845,0.00038646,18,0.000294450796486661,10000,10000,0.00019829015745108228,5,0.3965803149021646,0.00012185491142429257,0.9998781450885758,0.9996,0.3963820247447135,76.55914440666741,10143.240769493408,77.17603770660278,301.9197465240928,0,HEAT-L3,False,source_raise
HEAT-L3,150,10,808,1000,40000,,,,0,40000,39982,39704,10000,10000,0,0,9994,6,0,0.0,0.9994,0.9994,1c23a4bba55199034e33562e29520e2afe73052e5df99ec63c1465cd300d9f3f,,,periodic,,,,,,,,,,0.6441,0.000289845,0.00038646,18,0.00030405489596424935,10000,10000,0.0002820325590262775,5,0.564065118052555,0.0007034259912029714,0.999296574008797,0.9995,0.5637830854935287,76.55914440666741,10143.240769493408,77.17603770660278,301.9197465240928,0,HEAT-L3,False,source_raise
HEAT-L3,150,10,909,1000,40000,,,,0,40000,39982,39704,10000,10000,0,0,9996,4,0,0.0,0.9996,0.9996,5eeed2faff24c0f48ba41baf9f3089040c4ab72572532a4b423e14d673547498,,,periodic,,,,,,,,,,0.6441,0.000289845,0.00025764,18,0.0002839210057736966,10000,10000,0.00015802450799216127,4,0.39506126998040314,2.2292191155477338e-05,0.9999777078088445,0.9996,0.39490324547241096,76.55914440666741,10143.240769493408,77.17603770660278,301.9197465240928,0,HEAT-L3,False,source_raise
HEAT-L3,150,10,1010,1000,40000,,,,0,40000,39982,39704,10000,10000,0,0,9996,4,0,0.0,0.9996,0.9996,f831e5ccf3564ea2d00113c11bcd502ecee11cd2b31f2513bbffb87cd70f4555,,,periodic,,,,,,,,,,0.6441,0.000289845,0.00025764,18,0.000289843735909877,10000,10000,0.000279178896380104,6,0.5706846721385507,0.0003825569147376647,0.9996174430852623,0.9995,0.5704054932421706,76.55914440666741,10143.240769493408,77.17603770660278,301.9197465240928,0,HEAT-L3,False,source_raise
HEAT-L3,200,4,101,1000,16000,,,,0,16000,0,15783,4000,4000,0,0,0,4000,0,0.0,0.0,0.0,358345139b329c40140caebe1f44495eb1cb4ce7057ad9123725a473225c7759,,,periodic,,,,,,,,,,0.6441000000000685,0.6441000000000685,0.6440999999999828,16000,0.6441000000000018,4000,4000,0.5365712329758283,4000,0.5365712329758283,0.6530537993946778,0.3469462006053222,0.056,0.0,50.83871946924064,2382.790054088256,72.42317733563428,199.9789090909092,0,HEAT-L3,False,source_raise
HEAT-L3,200,4,202,1000,16000,,,,0,16000,0,15783,4000,4000,0,0,0,4000,0,0.0,0.0,0.0,34b8939f5e22fe77656bcf596b267a8e14848f4c8183e258a0aa6bf6964bce30,,,periodic,,,,,,,,,,0.6441000000000685,0.6441000000000685,0.6440999999999828,16000,0.6441000000000019,4000,4000,0.5365712329758271,4000,0.5365712329758271,0.6530537993946778,0.3469462006053222,0.056,0.0,50.83871946924064,2382.790054088256,72.42317733563428,199.9789090909092,0,HEAT-L3,False,source_raise
HEAT-L3,200,4,303,1000,16000,,,,0,16000,0,15783,4000,4000,0,0,0,4000,0,0.0,0.0,0.0,cb9cf6119f28cbbe2f515263b460577c6bf03d42557f7919b99931e42d877f4b,,,periodic,,,,,,,,,,0.6441000000000685,0.6441000000000685,0.6440999999999828,16000,0.6441000000000031,4000,4000,0.5365712329758282,4000,0.5365712329758282,0.6530537993946778,0.3469462006053222,0.056,0.0,50.83871946924064,2382.790054088256,72.42317733563428,199.9789090909092,0,HEAT-L3,False,source_raise
HEAT-L3,200,4,404,1000,16000,,,,0,16000,0,15783,4000,4000,0,0,0,4000,0,0.0,0.0,0.0,19660c8d7c38bf482c258d456033c0235b91bafa3f9150f8928502cb0b6a233e,,,periodic,,,,,,,,,,0.6441000000000685,0.6441000000000685,0.6440999999999828,16000,0.6441000000000023,4000,4000,0.5365712329758273,4000,0.5365712329758273,0.6530537993946778,0.3469462006053222,0.056,0.0,50.83871946924064,2382.790054088256,72.42317733563428,199.9789090909092,0,HEAT-L3,False,source_raise
HEAT-L3,200,4,505,1000,16000,,,,0,16000,0,15783,4000,4000,0,0,0,4000,0,0.0,0.0,0.0,73cdab68096cc443e0e24ada558429cabf1afc7f75cc16ce9d024a0d7cee62f9,,,periodic,,,,,,,,,,0.6441000000000685,0.6441000000000685,0.6440999999999828,16000,0.6441000000000021,4000,4000,0.536571232975828,4000,0.536571232975828,0.6530537993946778,0.3469462006053222,0.056,0.0,50.83871946924064,2382.790054088256,72.42317733563428,199.9789090909092,0,HEAT-L3,False,source_raise
HEAT-L3,200,4,606,1000,16000,,,,0,16000,0,15783,4000,4000,0,0,0,4000,0,0.0,0.0,0.0,7833957291a032d51d81862cac99e9d8ccb12f68b533b2caf53ee51ae3f9dc9c,,,periodic,,,,,,,,,,0.6441000000000685,0.6441000000000685,0.6440999999999828,16000,0.6441000000000018,4000,4000,0.5365712329758265,4000,0.5365712329758265,0.6530537993946778,0.3469462006053222,0.056,0.0,50.83871946924064,2382.790054088256,72.42317733563428,199.9789090909092,0,HEAT-L3,False,source_raise
HEAT-L3,200,4,707,1000,16000,,,,0,16000,0,15783,4000,4000,0,0,0,4000,0,0.0,0.0,0.0,7299403d9d2d4f4ccec9f76133c48d8d07e2ed601a2777f731db87ca14e66056,,,periodic,,,,,,,,,,0.6441000000000685,0.6441000000000685,0.6440999999999828,16000,0.6441000000000012,4000,4000,0.5365712329758282,4000,0.5365712329758282,0.6530537993946778,0.3469462006053222,0.056,0.0,50.83871946924064,2382.790054088256,72.42317733563428,199.9789090909092,0,HEAT-L3,False,source_raise
HEAT-L3,200,4,808,1000,16000,,,,0,16000,0,15783,4000,4000,0,0,0,4000,0,0.0,0.0,0.0,332b0fc25c5dccfb6fb5145b59221f17277c51b24f8c2d6148183eada1540c2c,,,periodic,,,,,,,,,,0.6441000000000685,0.6441000000000685,0.6440999999999828,16000,0.6441000000000022,4000,4000,0.5365712329758269,4000,0.5365712329758269,0.6530537993946778,0.3469462006053222,0.056,0.0,50.83871946924064,2382.790054088256,72.42317733563428,199.9789090909092,0,HEAT-L3,False,source_raise
HEAT-L3,200,4,909,1000,16000,,,,0,16000,0,15783,4000,4000,0,0,0,4000,0,0.0,0.0,0.0,3a15676bda67054cb5929717fc730bfa67cd49969827870cd1819db4b67b2b0f,,,periodic,,,,,,,,,,0.6441000000000685,0.6441000000000685,0.6440999999999828,16000,0.6441000000000002,4000,4000,0.5365712329758268,4000,0.5365712329758268,0.6530537993946778,0.3469462006053222,0.056,0.0,50.83871946924064,2382.790054088256,72.42317733563428,199.9789090909092,0,HEAT-L3,False,source_raise
HEAT-L3,200,4,1010,1000,16000,,,,0,16000,0,15783,4000,4000,0,0,0,4000,0,0.0,0.0,0.0,f74ec5db6e908852b709fb2fc49501319e260c6bb970c5803f31b89af1514827,,,periodic,,,,,,,,,,0.6441000000000685,0.6441000000000685,0.6440999999999828,16000,0.644100000000003,4000,4000,0.5365712329758273,4000,0.5365712329758273,0.6530537993946778,0.3469462006053222,0.056,0.0,50.83871946924064,2382.790054088256,72.42317733563428,199.9789090909092,0,HEAT-L3,False,source_raise
HEAT-L3,200,6,101,1000,24000,,,,0,24000,0,23678,6000,6000,0,0,0,6000,0,0.0,0.0,0.0,368e16a18b5b73e12179e2ceeeef5d7bbd6d7e12c7147fe591b0919c4402b0f8,,,periodic,,,,,,,,,,0.6440999999998875,0.6440999999998875,0.6440999999999819,24000,0.6441000000000057,6000,6000,0.5365712329758267,6000,0.5365712329758267,0.6530537993946778,0.3469462006053222,0.056,0.0,72.15140706550311,4934.445319715673,73.24625752829832,199.98254545454557,0,HEAT-L3,False,source_raise
HEAT-L3,200,6,202,1000,24000,,,,0,24000,0,23678,6000,6000,0,0,0,6000,0,0.0,0.0,0.0,1647dacc78c42fdbc64e7d28ec9e5575601944c739c0044734f158d076fd1351,,,periodic,,,,,,,,,,0.6440999999998875,0.6440999999998875,0.6440999999999819,24000,0.6441000000000072,6000,6000,0.5365712329758258,6000,0.5365712329758258,0.6530537993946778,0.3469462006053222,0.056,0.0,72.15140706550311,4934.445319715673,73.24625752829832,199.98254545454557,0,HEAT-L3,False,source_raise
HEAT-L3,200,6,303,1000,24000,,,,0,24000,0,23678,6000,6000,0,0,0,6000,0,0.0,0.0,0.0,b40e3956fc736148fe48725c99a765faa7ca344bcdde335f7de5815dce321912,,,periodic,,,,,,,,,,0.6440999999998875,0.6440999999998875,0.6440999999999819,24000,0.6441000000000067,6000,6000,0.5365712329758261,6000,0.5365712329758261,0.6530537993946778,0.3469462006053222,0.056,0.0,72.15140706550311,4934.445319715673,73.24625752829832,199.98254545454557,0,HEAT-L3,False,source_raise
HEAT-L3,200,6,404,1000,24000,,,,0,24000,0,23678,6000,6000,0,0,0,6000,0,0.0,0.0,0.0,90dd8c8ff63030dd9dbbd25c0b5e9d426cebafe711c88974834a56210f18bdc1,,,periodic,,,,,,,,,,0.6440999999998875,0.6440999999998875,0.6440999999999819,24000,0.6441000000000068,6000,6000,0.5365712329758261,6000,0.5365712329758261,0.6530537993946778,0.3469462006053222,0.056,0.0,72.15140706550311,4934.445319715673,73.24625752829832,199.98254545454557,0,HEAT-L3,False,source_raise
HEAT-L3,200,6,505,1000,24000,,,,0,24000,0,23678,6000,6000,0,0,0,6000,0,0.0,0.0,0.0,64fec059e2099a382af339a6780c28497caac0c5ebb5f50adb7d0e94049738cd,,,periodic,,,,,,,,,,0.6440999999998875,0.6440999999998875,0.6440999999999819,24000,0.6441000000000068,6000,6000,0.5365712329758263,6000,0.5365712329758263,0.6530537993946778,0.3469462006053222,0.056,0.0,72.15140706550311,4934.445319715673,73.24625752829832,199.98254545454557,0,HEAT-L3,False,source_raise
HEAT-L3,200,6,606,1000,24000,,,,0,24000,0,23678,6000,6000,0,0,0,6000,0,0.0,0.0,0.0,ae880915da58fff9f20affe7a5a25900cde6365bd54144492baa5036a1d84adc,,,periodic,,,,,,,,,,0.6440999999998875,0.6440999999998875,0.6440999999999819,24000,0.644100000000007,6000,6000,0.5365712329758259,6000,0.5365712329758259,0.6530537993946778,0.3469462006053222,0.056,0.0,72.15140706550311,4934.445319715673,73.24625752829832,199.98254545454557,0,HEAT-L3,False,source_raise
HEAT-L3,200,6,707,1000,24000,,,,0,24000,0,23678,6000,6000,0,0,0,6000,0,0.0,0.0,0.0,c0f27110c744a3fc7a33aecc95f2268b53928f9aef18cbadd02b335ecd207f0e,,,periodic,,,,,,,,,,0.6440999999998875,0.6440999999998875,0.6440999999999819,24000,0.6441000000000077,6000,6000,0.5365712329758257,6000,0.5365712329758257,0.6530537993946778,0.3469462006053222,0.056,0.0,72.15140706550311,4934.445319715673,73.24625752829832,199.98254545454557,0,HEAT-L3,False,source_raise
HEAT-L3,200,6,808,1000,24000,,,,0,24000,0,23678,6000,6000,0,0,0,6000,0,0.0,0.0,0.0,063cb3f34bb5042d5a315795e5ea1e803957554d0c67c50190b2b486a6968f17,,,periodic,,,,,,,,,,0.6440999999998875,0.6440999999998875,0.6440999999999819,24000,0.6441000000000067,6000,6000,0.5365712329758253,6000,0.5365712329758253,0.6530537993946778,0.3469462006053222,0.056,0.0,72.15140706550311,4934.445319715673,73.24625752829832,199.98254545454557,0,HEAT-L3,False,source_raise
HEAT-L3,200,6,909,1000,24000,,,,0,24000,0,23678,6000,6000,0,0,0,6000,0,0.0,0.0,0.0,43ca3bc1908129b5c2ac96d7e4719f6173824add31150444bda10a9206dc8922,,,periodic,,,,,,,,,,0.6440999999998875,0.6440999999998875,0.6440999999999819,24000,0.6441000000000053,6000,6000,0.5365712329758258,6000,0.5365712329758258,0.6530537993946778,0.3469462006053222,0.056,0.0,72.15140706550311,4934.445319715673,73.24625752829832,199.98254545454557,0,HEAT-L3,False,source_raise
HEAT-L3,200,6,1010,1000,24000,,,,0,24000,0,23678,6000,6000,0,0,0,6000,0,0.0,0.0,0.0,da29db140ec3433f5a7bef5bfca040b9d439fbd33929da0e9b1ac51f823030f9,,,periodic,,,,,,,,,,0.6440999999998875,0.6440999999998875,0.6440999999999819,24000,0.6441000000000064,6000,6000,0.5365712329758258,6000,0.5365712329758258,0.6530537993946778,0.3469462006053222,0.056,0.0,72.15140706550311,4934.445319715673,73.24625752829832,199.98254545454557,0,HEAT-L3,False,source_raise
HEAT-L3,200,8,101,1000,32000,,,,0,32000,31929,31705,8000,8000,0,0,7981,19,0,0.0,0.997625,0.997625,fc8616246a3b36f2c8f51bd37f139daf976c8dd3286388471a7e2b33fd0ef051,,,periodic,,,,,,,,,,0.6441000000000011,0.0014290968750000023,0.0015297375,71,0.0014346264100602172,8000,8000,0.0011322593857988582,18,0.5305021764489418,0.0015531225923794748,0.9984468774076205,0.998,0.529369917063143,75.42326438558638,8207.260805970822,77.17603770660278,251.00885882359688,0,HEAT-L3,False,source_raise
HEAT-L3,200,8,202,1000,32000,,,,0,32000,31929,31705,8000,8000,0,0,7981,19,0,0.0,0.997625,0.997625,1774fe85b0cfb8076a584350b4894cdcbcf9b84ca0aab80faae564f68218c37b,,,periodic,,,,,,,,,,0.6441000000000011,0.0014290968750000023,0.0015297375,71,0.0014659182723042276,8000,8000,0.0013432699109839552,19,0.5903610296761762,0.0016041290133053348,0.9983958709866947,0.997625,0.5890177597651922,75.42326438558638,8207.260805970822,77.17603770660278,251.00885882359688,0,HEAT-L3,False,source_raise
HEAT-L3,200,8,303,1000,32000,,,,0,32000,31929,31705,8000,8000,0,0,7983,17,0,0.0,0.997875,0.997875,1f7232089964d736ccd6f953a656cbae9231b2508612869178aeb5f22a5d02b0,,,periodic,,,,,,,,,,0.6441000000000011,0.0014290968750000023,0.0013687125,71,0.0014241830552983018,8000,8000,0.0014064859196878516,19,0.6166094031114041,0.001032064776186648,0.9989679352238133,0.997625,0.6152029171917163,75.42326438558638,8207.260805970822,77.17603770660278,251.00885882359688,0,HEAT-L3,False,source_raise
HEAT-L3,200,8,404,1000,32000,,,,0,32000,31929,31705,8000,8000,0,0,7984,16,0,0.0,0.998,0.998,15e2e774e31219a27597e16559b813a9e848dd14a42a65611c594cd2acfa31df,,,periodic,,,,,,,,,,0.6441000000000011,0.0014290968750000023,0.0012882,71,0.0014091154952097877,8000,8000,0.0014771465981947614,21,0.5867585318515387,0.0022112553351448985,0.9977887446648551,0.997625,0.5852813852533439,75.42326438558638,8207.260805970822,77.17603770660278,251.00885882359688,0,HEAT-L3,False,source_raise
HEAT-L3,200,8,505,1000,32000,,,,0,32000,31929,31705,8000,8000,0,0,7984,16,0,0.0,0.998,0.998,40539607db3a8bd6704da92a1eccbab395c4aab2c0674731c666fd16da27250a,,,periodic,,,,,,,,,,0.6441000000000011,0.0014290968750000023,0.0012882,71,0.0013757979577365847,8000,8000,0.0011805660294579062,18,0.549180209035844,0.0014367109073313326,0.9985632890926687,0.99775,0.547999643006386,75.42326438558638,8207.260805970822,77.17603770660278,251.00885882359688,0,HEAT-L3,False,source_raise
HEAT-L3,200,8,606,1000,32000,,,,0,32000,31929,31705,8000,8000,0,0,7981,19,0,0.0,0.997625,0.997625,6f3a1e570d890cef5794f7ed9394f93e8182ce8a45323c86ab625fa15ace5942,,,periodic,,,,,,,,,,0.6441000000000011,0.0014290968750000023,0.0015297375,71,0.00146091422433054,8000,8000,0.001246034215494917,19,0.5324503244057708,0.001752197546812159,0.9982478024531879,0.99775,0.5312042901902758,75.42326438558638,8207.260805970822,77.17603770660278,251.00885882359688,0,HEAT-L3,False,source_raise
HEAT-L3,200,8,707,1000,32000,,,,0,32000,31929,31705,8000,8000,0,0,7983,17,0,0.0,0.997875,0.997875,92dfa7980c25ef137e39ceef958d064930efde3b17dccbb4741882b8dd55517d,,,periodic,,,,,,,,,,0.6441000000000011,0.0014290968750000023,0.0013687125,71,0.0014016776192583196,8000,8000,0.0010709297201681772,19,0.45541690032518073,0.0006694921163783436,0.9993305078836217,0.997875,0.45434597060501253,75.42326438558638,8207.260805970822,77.17603770660278,251.00885882359688,0,HEAT-L3,False,source_raise
HEAT-L3,200,8,808,1000,32000,,,,0,32000,31929,31705,8000,8000,0,0,7983,17,0,0.0,0.997875,0.997875,55766553c2548c11139a0595e44024ff6ed4aeea2d50dbf854e1cee786031aa3,,,periodic,,,,,,,,,,0.6441000000000011,0.0014290968750000023,0.0013687125,71,0.0014183874689108413,8000,8000,0.0009047496732247164,20,0.36477253165372725,0.0010499924950859503,0.998950007504914,0.998,0.3638677819805025,75.42326438558638,8207.260805970822,77.17603770660278,251.00885882359688,0,HEAT-L3,False,source_raise
HEAT-L3,200,8,909,1000,32000,,,,0,32000,31929,31705,8000,8000,0,0,7981,19,0,0.0,0.997625,0.997625,5a8b64e6401e6d5636a79eacc6fe880b3b0d7ff03d7c2500db68de0cc42ab08c,,,periodic,,,,,,,,,,0.6441000000000011,0.0014290968750000023,0.0015297375,71,0.0014694627478187847,8000,8000,0.0012232855303069968,20,0.5314616710471385,0.0009974148229347207,0.9990025851770653,0.997625,0.5302383855168314,75.42326438558638,8207.260805970822,77.17603770660278,251.00885882359688,0,HEAT-L3,False,source_raise
HEAT-L3,200,8,1010,1000,32000,,,,0,32000,31929,31705,8000,8000,0,0,7983,17,0,0.0,0.997875,0.997875,653952b241790c8c56ab75b6a80286186beac56f81984ef83c21b599bd8ec68c,,,periodic,,,,,,,,,,0.6441000000000011,0.0014290968750000023,0.0013687125,71,0.0014100713020543114,8000,8000,0.0014937683722231452,20,0.6504283792033261,0.0018419700840360794,0.9981580299159639,0.9975,0.6489346108311029,75.42326438558638,8207.260805970822,77.17603770660278,251.00885882359688,0,HEAT-L3,False,source_raise
HEAT-L3,200,10,101,1000,40000,,,,0,40000,39964,39704,10000,10000,0,0,9990,10,0,0.0,0.999,0.999,6c58f999157b6a32f2c3a9cb77fdafa0e0a7e36825d7a298b03c8a90c5e25711,,,periodic,,,,,,,,,,0.6441000000000004,0.0005796900000000004,0.0006441,36,0.0005750266246977337,10000,10000,0.00039398552948222354,10,0.39398552948222354,0.00045904851537468806,0.9995409514846253,0.9994,0.3935915439527413,76.55914440666741,10143.240769493408,77.17603770660278,301.9197465240928,0,HEAT-L3,False,source_raise
HEAT-L3,200,10,202,1000,40000,,,,0,40000,39964,39704,10000,10000,0,0,9991,9,0,0.0,0.9991,0.9991,0b9e5890973c86495df753d475dea6ee2a1af20bc8b00b31c7b6d7cfe26e0c08,,,periodic,,,,,,,,,,0.6441000000000004,0.0005796900000000004,0.00057969,36,0.0006036794308366367,10000,10000,0.0004960483841689439,10,0.5073759603880585,0.0009691395131787692,0.9990308604868212,0.9991,0.5068799120038896,76.55914440666741,10143.240769493408,77.17603770660278,301.9197465240928,0,HEAT-L3,False,source_raise
HEAT-L3,200,10,303,1000,40000,,,,0,40000,39964,39704,10000,10000,0,0,9991,9,0,0.0,0.9991,0.9991,2275ed3fc7b6e0cb5294b75e6d73ac1582eff7de14b39c00ccb2792d4fc81eef,,,periodic,,,,,,,,,,0.6441000000000004,0.0005796900000000004,0.00057969,36,0.0005770918425930479,10000,10000,0.0004608145043545495,9,0.5258204554707357,0.00036101480285567544,0.9996389851971443,0.9992,0.5253596409663812,76.55914440666741,10143.240769493408,77.17603770660278,301.9197465240928,0,HEAT-L3,False,source_raise
HEAT-L3,200,10,404,1000,40000,,,,0,40000,39964,39704,10000,10000,0,0,9991,9,0,0.0,0.9991,0.9991,773139d754fd5f7a44e0637bbdbc828f2b388a886e02c561256354a9bee97e8f,,,periodic,,,,,,,,,,0.6441000000000004,0.0005796900000000004,0.00057969,36,0.0005780503133316944,10000,10000,0.0006388249545654018,10,0.6517657262257331,0.0013040128169589792,0.998695987183041,0.999,0.6511269012711678,76.55914440666741,10143.240769493408,77.17603770660278,301.9197465240928,0,HEAT-L3,False,source_raise
HEAT-L3,200,10,505,1000,40000,,,,0,40000,39964,39704,10000,10000,0,0,9991,9,0,0.0,0.9991,0.9991,da32ec09fc01732a27019a8e068aa64153fca00a8b27d6197c0f17915860020e,,,periodic,,,,,,,,,,0.6441000000000004,0.0005796900000000004,0.00057969,36,0.0005733079950337178,10000,10000,0.0005502791731128298,9,0.6114213034586998,0.0010763101803643919,0.9989236898196356,0.9991,0.610871024285587,76.55914440666741,10143.240769493408,77.17603770660278,301.9197465240928,0,HEAT-L3,False,source_raise
HEAT-L3,200,10,606,1000,40000,,,,0,40000,39964,39704,10000,10000,0,0,9991,9,0,0.0,0.9991,0.9991,cb0b8bbc67a15709ec6d141bbd439ec4154b9e5a3b0b5a8a5a7c089324c3a8c8,,,periodic,,,,,,,,,,0.6441000000000004,0.0005796900000000004,0.00057969,36,0.0005812066801335817,10000,10000,0.0005965844563987182,10,0.6034669556899968,0.0006291887497011017,0.9993708112502989,0.999,0.602870371233598,76.55914440666741,10143.240769493408,77.17603770660278,301.9197465240928,0,HEAT-L3,False,source_raise
HEAT-L3,200,10,707,1000,40000,,,,0,40000,39964,39704,10000,10000,0,0,9991,9,0,0.0,0.9991,0.9991,0759346675730812c93c408ff27328baa467b5f1370224722ad35db6b4926d84,,,periodic,,,,,,,,,,0.6441000000000004,0.0005796900000000004,0.00057969,36,0.0005673012364068988,10000,10000,0.00046176008353404505,10,0.4617600835340451,0.00041719244338817897,0.9995828075566118,0.9992,0.461298323450511,76.55914440666741,10143.240769493408,77.17603770660278,301.9197465240928,0,HEAT-L3,False,source_raise
HEAT-L3,200,10,808,1000,40000,,,,0,40000,39964,39704,10000,10000,0,0,9991,9,0,0.0,0.9991,0.9991,c24c8925710969822cd046c861bd7d2d6c4af83e9554062fe54e46b0225db0aa,,,periodic,,,,,,,,,,0.6441000000000004,0.0005796900000000004,0.00057969,36,0.0005741073236053104,10000,10000,0.00045220458075247486,10,0.45794990548015624,0.0007703025646694034,0.9992296974353306,0.9991,0.4574977008994038,76.55914440666741,10143.240769493408,77.17603770660278,301.9197465240928,0,HEAT-L3,False,source_raise
HEAT-L3,200,10,909,1000,40000,,,,0,40000,39964,39704,10000,10000,0,0,9991,9,0,0.0,0.9991,0.9991,8c9d83f9ec767bce32a5289216aad478edb67d5b436db12a25989d7cb7748312,,,periodic,,,,,,,,,,0.6441000000000004,0.0005796900000000004,0.00057969,36,0.0005730044361857058,10000,10000,0.00047289201370279697,9,0.5425022976989271,0.0001935369378186755,0.9998064630621813,0.9991,0.5420294056852243,76.55914440666741,10143.240769493408,77.17603770660278,301.9197465240928,0,HEAT-L3,False,source_raise
HEAT-L3,200,10,1010,1000,40000,,,,0,40000,39964,39704,10000,10000,0,0,9992,8,0,0.0,0.9992,0.9992,25700fa0322f7f6ab058d8c00ad9862816327dda0bd71cd38550503df458e05a,,,periodic,,,,,,,,,,0.6441000000000004,0.0005796900000000004,0.00051528,36,0.0005840278115875458,10000,10000,0.0006222783520374183,10,0.6677503804543882,0.0008353946088752841,0.9991646053911247,0.999,0.6671281021023507,76.55914440666741,10143.240769493408,77.17603770660278,301.9197465240928,0,HEAT-L3,False,source_raise
HEAT-L3,250,4,101,1000,16000,,,,0,16000,0,0,4000,4000,0,0,0,4000,0,0.0,0.0,0.0,358345139b329c40140caebe1f44495eb1cb4ce7057ad9123725a473225c7759,,,periodic,,,,,,,,,,0.6441000000000685,0.6441000000000685,0.6440999999999828,16000,0.6441000000000018,4000,4000,0.5365712329758283,4000,0.5365712329758283,0.6530537993946778,0.3469462006053222,0.056,0.0,41.65809611293365,0.0,53.92964818762277,249.94680000000017,0,HEAT-L3,False,source_raise
HEAT-L3,250,4,202,1000,16000,,,,0,16000,0,0,4000,4000,0,0,0,4000,0,0.0,0.0,0.0,34b8939f5e22fe77656bcf596b267a8e14848f4c8183e258a0aa6bf6964bce30,,,periodic,,,,,,,,,,0.6441000000000685,0.6441000000000685,0.6440999999999828,16000,0.6441000000000019,4000,4000,0.5365712329758271,4000,0.5365712329758271,0.6530537993946778,0.3469462006053222,0.056,0.0,41.65809611293365,0.0,53.92964818762277,249.94680000000017,0,HEAT-L3,False,source_raise
HEAT-L3,250,4,303,1000,16000,,,,0,16000,0,0,4000,4000,0,0,0,4000,0,0.0,0.0,0.0,cb9cf6119f28cbbe2f515263b460577c6bf03d42557f7919b99931e42d877f4b,,,periodic,,,,,,,,,,0.6441000000000685,0.6441000000000685,0.6440999999999828,16000,0.6441000000000031,4000,4000,0.5365712329758282,4000,0.5365712329758282,0.6530537993946778,0.3469462006053222,0.056,0.0,41.65809611293365,0.0,53.92964818762277,249.94680000000017,0,HEAT-L3,False,source_raise
HEAT-L3,250,4,404,1000,16000,,,,0,16000,0,0,4000,4000,0,0,0,4000,0,0.0,0.0,0.0,19660c8d7c38bf482c258d456033c0235b91bafa3f9150f8928502cb0b6a233e,,,periodic,,,,,,,,,,0.6441000000000685,0.6441000000000685,0.6440999999999828,16000,0.6441000000000023,4000,4000,0.5365712329758273,4000,0.5365712329758273,0.6530537993946778,0.3469462006053222,0.056,0.0,41.65809611293365,0.0,53.92964818762277,249.94680000000017,0,HEAT-L3,False,source_raise
HEAT-L3,250,4,505,1000,16000,,,,0,16000,0,0,4000,4000,0,0,0,4000,0,0.0,0.0,0.0,73cdab68096cc443e0e24ada558429cabf1afc7f75cc16ce9d024a0d7cee62f9,,,periodic,,,,,,,,,,0.6441000000000685,0.6441000000000685,0.6440999999999828,16000,0.6441000000000021,4000,4000,0.536571232975828,4000,0.536571232975828,0.6530537993946778,0.3469462006053222,0.056,0.0,41.65809611293365,0.0,53.92964818762277,249.94680000000017,0,HEAT-L3,False,source_raise
HEAT-L3,250,4,606,1000,16000,,,,0,16000,0,0,4000,4000,0,0,0,4000,0,0.0,0.0,0.0,7833957291a032d51d81862cac99e9d8ccb12f68b533b2caf53ee51ae3f9dc9c,,,periodic,,,,,,,,,,0.6441000000000685,0.6441000000000685,0.6440999999999828,16000,0.6441000000000018,4000,4000,0.5365712329758265,4000,0.5365712329758265,0.6530537993946778,0.3469462006053222,0.056,0.0,41.65809611293365,0.0,53.92964818762277,249.94680000000017,0,HEAT-L3,False,source_raise
HEAT-L3,250,4,707,1000,16000,,,,0,16000,0,0,4000,4000,0,0,0,4000,0,0.0,0.0,0.0,7299403d9d2d4f4ccec9f76133c48d8d07e2ed601a2777f731db87ca14e66056,,,periodic,,,,,,,,,,0.6441000000000685,0.6441000000000685,0.6440999999999828,16000,0.6441000000000012,4000,4000,0.5365712329758282,4000,0.5365712329758282,0.6530537993946778,0.3469462006053222,0.056,0.0,41.65809611293365,0.0,53.92964818762277,249.94680000000017,0,HEAT-L3,False,source_raise
HEAT-L3,250,4,808,1000,16000,,,,0,16000,0,0,4000,4000,0,0,0,4000,0,0.0,0.0,0.0,332b0fc25c5dccfb6fb5145b59221f17277c51b24f8c2d6148183eada1540c2c,,,periodic,,,,,,,,,,0.6441000000000685,0.6441000000000685,0.6440999999999828,16000,0.6441000000000022,4000,4000,0.5365712329758269,4000,0.5365712329758269,0.6530537993946778,0.3469462006053222,0.056,0.0,41.65809611293365,0.0,53.92964818762277,249.94680000000017,0,HEAT-L3,False,source_raise
HEAT-L3,250,4,909,1000,16000,,,,0,16000,0,0,4000,4000,0,0,0,4000,0,0.0,0.0,0.0,3a15676bda67054cb5929717fc730bfa67cd49969827870cd1819db4b67b2b0f,,,periodic,,,,,,,,,,0.6441000000000685,0.6441000000000685,0.6440999999999828,16000,0.6441000000000002,4000,4000,0.5365712329758268,4000,0.5365712329758268,0.6530537993946778,0.3469462006053222,0.056,0.0,41.65809611293365,0.0,53.92964818762277,249.94680000000017,0,HEAT-L3,False,source_raise
HEAT-L3,250,4,1010,1000,16000,,,,0,16000,0,0,4000,4000,0,0,0,4000,0,0.0,0.0,0.0,f74ec5db6e908852b709fb2fc49501319e260c6bb970c5803f31b89af1514827,,,periodic,,,,,,,,,,0.6441000000000685,0.6441000000000685,0.6440999999999828,16000,0.644100000000003,4000,4000,0.5365712329758273,4000,0.5365712329758273,0.6530537993946778,0.3469462006053222,0.056,0.0,41.65809611293365,0.0,53.92964818762277,249.94680000000017,0,HEAT-L3,False,source_raise
HEAT-L3,250,6,101,1000,24000,,,,0,24000,0,19786,6000,6000,0,0,0,6000,0,0.0,0.0,0.0,368e16a18b5b73e12179e2ceeeef5d7bbd6d7e12c7147fe591b0919c4402b0f8,,,periodic,,,,,,,,,,0.6440999999998875,0.6440999999998875,0.6440999999999819,24000,0.6441000000000058,6000,6000,0.5365712329758267,6000,0.5365712329758267,0.6530537993946778,0.3469462006053222,0.056,0.0,50.89274722984062,2993.0258756343333,72.47775073349936,249.9736363636365,0,HEAT-L3,False,source_raise
HEAT-L3,250,6,202,1000,24000,,,,0,24000,0,19786,6000,6000,0,0,0,6000,0,0.0,0.0,0.0,1647dacc78c42fdbc64e7d28ec9e5575601944c739c0044734f158d076fd1351,,,periodic,,,,,,,,,,0.6440999999998875,0.6440999999998875,0.6440999999999819,24000,0.6441000000000072,6000,6000,0.5365712329758258,6000,0.5365712329758258,0.6530537993946778,0.3469462006053222,0.056,0.0,50.89274722984062,2993.0258756343333,72.47775073349936,249.9736363636365,0,HEAT-L3,False,source_raise
HEAT-L3,250,6,303,1000,24000,,,,0,24000,0,19786,6000,6000,0,0,0,6000,0,0.0,0.0,0.0,b40e3956fc736148fe48725c99a765faa7ca344bcdde335f7de5815dce321912,,,periodic,,,,,,,,,,0.6440999999998875,0.6440999999998875,0.6440999999999819,24000,0.6441000000000067,6000,6000,0.5365712329758261,6000,0.5365712329758261,0.6530537993946778,0.3469462006053222,0.056,0.0,50.89274722984062,2993.0258756343333,72.47775073349936,249.9736363636365,0,HEAT-L3,False,source_raise
HEAT-L3,250,6,404,1000,24000,,,,0,24000,0,19786,6000,6000,0,0,0,6000,0,0.0,0.0,0.0,90dd8c8ff63030dd9dbbd25c0b5e9d426cebafe711c88974834a56210f18bdc1,,,periodic,,,,,,,,,,0.6440999999998875,0.6440999999998875,0.6440999999999819,24000,0.6441000000000067,6000,6000,0.5365712329758261,6000,0.5365712329758261,0.6530537993946778,0.3469462006053222,0.056,0.0,50.89274722984062,2993.0258756343333,72.47775073349936,249.9736363636365,0,HEAT-L3,False,source_raise
HEAT-L3,250,6,505,1000,24000,,,,0,24000,0,19786,6000,6000,0,0,0,6000,0,0.0,0.0,0.0,64fec059e2099a382af339a6780c28497caac0c5ebb5f50adb7d0e94049738cd,,,periodic,,,,,,,,,,0.6440999999998875,0.6440999999998875,0.6440999999999819,24000,0.6441000000000068,6000,6000,0.5365712329758263,6000,0.5365712329758263,0.6530537993946778,0.3469462006053222,0.056,0.0,50.89274722984062,2993.0258756343333,72.47775073349936,249.9736363636365,0,HEAT-L3,False,source_raise
HEAT-L3,250,6,606,1000,24000,,,,0,24000,0,19786,6000,6000,0,0,0,6000,0,0.0,0.0,0.0,ae880915da58fff9f20affe7a5a25900cde6365bd54144492baa5036a1d84adc,,,periodic,,,,,,,,,,0.6440999999998875,0.6440999999998875,0.6440999999999819,24000,0.644100000000007,6000,6000,0.5365712329758259,6000,0.5365712329758259,0.6530537993946778,0.3469462006053222,0.056,0.0,50.89274722984062,2993.0258756343333,72.47775073349936,249.9736363636365,0,HEAT-L3,False,source_raise
HEAT-L3,250,6,707,1000,24000,,,,0,24000,0,19786,6000,6000,0,0,0,6000,0,0.0,0.0,0.0,c0f27110c744a3fc7a33aecc95f2268b53928f9aef18cbadd02b335ecd207f0e,,,periodic,,,,,,,,,,0.6440999999998875,0.6440999999998875,0.6440999999999819,24000,0.6441000000000076,6000,6000,0.5365712329758257,6000,0.5365712329758257,0.6530537993946778,0.3469462006053222,0.056,0.0,50.89274722984062,2993.0258756343333,72.47775073349936,249.9736363636365,0,HEAT-L3,False,source_raise
HEAT-L3,250,6,808,1000,24000,,,,0,24000,0,19786,6000,6000,0,0,0,6000,0,0.0,0.0,0.0,063cb3f34bb5042d5a315795e5ea1e803957554d0c67c50190b2b486a6968f17,,,periodic,,,,,,,,,,0.6440999999998875,0.6440999999998875,0.6440999999999819,24000,0.6441000000000068,6000,6000,0.5365712329758253,6000,0.5365712329758253,0.6530537993946778,0.3469462006053222,0.056,0.0,50.89274722984062,2993.0258756343333,72.47775073349936,249.9736363636365,0,HEAT-L3,False,source_raise
HEAT-L3,250,6,909,1000,24000,,,,0,24000,0,19786,6000,6000,0,0,0,6000,0,0.0,0.0,0.0,43ca3bc1908129b5c2ac96d7e4719f6173824add31150444bda10a9206dc8922,,,periodic,,,,,,,,,,0.6440999999998875,0.6440999999998875,0.6440999999999819,24000,0.6441000000000053,6000,6000,0.5365712329758258,6000,0.5365712329758258,0.6530537993946778,0.3469462006053222,0.056,0.0,50.89274722984062,2993.0258756343333,72.47775073349936,249.9736363636365,0,HEAT-L3,False,source_raise
HEAT-L3,250,6,1010,1000,24000,,,,0,24000,0,19786,6000,6000,0,0,0,6000,0,0.0,0.0,0.0,da29db140ec3433f5a7bef5bfca040b9d439fbd33929da0e9b1ac51f823030f9,,,periodic,,,,,,,,,,0.6440999999998875,0.6440999999998875,0.6440999999999819,24000,0.6441000000000064,6000,6000,0.5365712329758258,6000,0.5365712329758258,0.6530537993946778,0.3469462006053222,0.056,0.0,50.89274722984062,2993.0258756343333,72.47775073349936,249.9736363636365,0,HEAT-L3,False,source_raise
HEAT-L3,250,8,101,1000,32000,,,,0,32000,9839,31697,8000,8000,0,0,2516,5484,0,0.0,0.3145,0.3145,1bdab1cbe1487f00b8b38575e6e37c1254b2664b1c60f28f162bdd50dde11fd8,,,periodic,,,,,,,,,,0.6440999999999175,0.4460593781249429,0.44153054999998775,22161,0.44430008078344085,8000,8000,0.38460283741349705,6027,0.5256602590206507,0.45102271866479954,0.5489772813352005,0.308125,0.14105742160715368,75.31896360768862,7758.292164313323,77.17603770660278,251.00885882359688,0,HEAT-L3,False,source_raise
HEAT-L3,250,8,202,1000,32000,,,,0,32000,9839,31697,8000,8000,0,0,2489,5511,0,0.0,0.311125,0.311125,8cef167de2ae6dc94d9ebc955ca3631d3132028c11ab93d889f808dd6ed9e8a6,,,periodic,,,,,,,,,,0.6440999999999175,0.4460593781249429,0.44370438749998764,22161,0.4455213635200086,8000,8000,0.38215673350239693,6000,0.5301257682093247,0.45333013972658043,0.5466698602734196,0.309375,0.14796903470692774,75.31896360768862,7758.292164313323,77.17603770660278,251.00885882359688,0,HEAT-L3,False,source_raise
HEAT-L3,250,8,303,1000,32000,,,,0,32000,9839,31697,8000,8000,0,0,2474,5526,0,0.0,0.30925,0.30925,96bbc12da5f28ac7b3a61264d136b9a893b71897d495ec2d9a7baf97ca7898af,,,periodic,,,,,,,,,,0.6440999999999175,0.4460593781249429,0.44491207499998764,22161,0.445330619556574,8000,8000,0.3859247476426752,6050,0.527536828131818,0.4521597069613374,0.5478402930386626,0.304875,0.1416120804891428,75.31896360768862,7758.292164313323,77.17603770660278,251.00885882359688,0,HEAT-L3,False,source_raise
HEAT-L3,250,8,404,1000,32000,,,,0,32000,9839,31697,8000,8000,0,0,2468,5532,0,0.0,0.3085,0.3085,50302e8fb5e92b21b010de675d9aea2d0e8fa7f561fd47c4c3b8198a7f99b8d2,,,periodic,,,,,,,,,,0.6440999999999175,0.4460593781249429,0.4453951499999876,22161,0.445590739872395,8000,8000,0.3752319763471528,5973,0.5177584750396929,0.4455200217176799,0.5544799782823201,0.3195,0.14252649869254008,75.31896360768862,7758.292164313323,77.17603770660278,251.00885882359688,0,HEAT-L3,False,source_raise
HEAT-L3,250,8,505,1000,32000,,,,0,32000,9839,31697,8000,8000,0,0,2478,5522,0,0.0,0.30975,0.30975,d7a9841b74f22d311b324d6ddd7f9ef768a524376e35338093891f9a46c4f3f9,,,periodic,,,,,,,,,,0.6440999999999175,0.4460593781249429,0.4445900249999876,22161,0.4461000574846842,8000,8000,0.3784720682035554,5997,0.5229804513745481,0.449625139640445,0.5503748603595551,0.306875,0.14450838317099268,75.31896360768862,7758.292164313323,77.17603770660278,251.00885882359688,0,HEAT-L3,False,source_raise
HEAT-L3,250,8,606,1000,32000,,,,0,32000,9839,31697,8000,8000,0,0,2455,5545,0,0.0,0.306875,0.306875,04eb2ec9a933d994d2f7e2b9cffd4d8b8e5c69f7fa464a5e2cdcef47957be5fc,,,periodic,,,,,,,,,,0.6440999999999175,0.4460593781249429,0.4464418124999876,22161,0.44611830392601287,8000,8000,0.378418394746079,6044,0.51804653542079,0.4406975838215649,0.5593024161784351,0.31,0.13962814067471102,75.31896360768862,7758.292164313323,77.17603770660278,251.00885882359688,0,HEAT-L3,False,source_raise
HEAT-L3,250,8,707,1000,32000,,,,0,32000,9839,31697,8000,8000,0,0,2402,5598,0,0.0,0.30025,0.30025,180cafb3fbf25ecfddbb14e23bc28b3895b2c7e088dff9921f21a736cfeb4bb4,,,periodic,,,,,,,,,,0.6440999999999175,0.4460593781249429,0.45070897499998747,22161,0.4471089879820852,8000,8000,0.3800202923749684,6009,0.5259256917698175,0.4468201677111314,0.5531798322888686,0.305,0.1459053993948491,75.31896360768862,7758.292164313323,77.17603770660278,251.00885882359688,0,HEAT-L3,False,source_raise
HEAT-L3,250,8,808,1000,32000,,,,0,32000,9839,31697,8000,8000,0,0,2476,5524,0,0.0,0.3095,0.3095,7b4caa1e3fe825a972edd1817d4c49d248aefcad89a3c68c9abcaa5b4e90d26f,,,periodic,,,,,,,,,,0.6440999999999175,0.4460593781249429,0.4447510499999876,22161,0.4458120931012133,8000,8000,0.38170651457158106,6061,0.522457100948403,0.4600777673535992,0.5399222326464008,0.302125,0.14075058637682197,75.31896360768862,7758.292164313323,77.17603770660278,251.00885882359688,0,HEAT-L3,False,source_raise
HEAT-L3,250,8,909,1000,32000,,,,0,32000,9839,31697,8000,8000,0,0,2531,5469,0,0.0,0.316375,0.316375,1cf290a235fafee1dca1b7f515b93ed1a377a8a993cc32660d6e5b9e0e9c7e1d,,,periodic,,,,,,,,,,0.6440999999999175,0.4460593781249429,0.44032286249998775,22161,0.44529485700265603,8000,8000,0.3846464533990576,6032,0.5328339195013596,0.4567241093447431,0.5432758906552568,0.3015,0.148187466102302,75.31896360768862,7758.292164313323,77.17603770660278,251.00885882359688,0,HEAT-L3,False,source_raise
HEAT-L3,250,8,1010,1000,32000,,,,0,32000,9839,31697,8000,8000,0,0,2535,5465,0,0.0,0.316875,0.316875,5c5bb4d1df2303ad613231b9d1bb8fa030ab0f368ccf4e83b6942dd7d94e9ea0,,,periodic,,,,,,,,,,0.6440999999999175,0.4460593781249429,0.4400008124999878,22161,0.4448293466624187,8000,8000,0.38002898948713804,5982,0.5250303282758991,0.4617579191679956,0.5382420808320044,0.312125,0.1450013387887611,75.31896360768862,7758.292164313323,77.17603770660278,251.00885882359688,0,HEAT-L3,False,source_raise
HEAT-L3,250,10,101,1000,40000,,,,0,40000,39912,39704,10000,10000,0,0,9978,22,0,0.0,0.9978,0.9978,5affd99450dd99bc3259a8400016d43e203c9a27e7b8f50f7167d62c335b6bae,,,periodic,,,,,,,,,,0.6441000000000012,0.0014170200000000026,0.00141702,88,0.0014197255078646084,10000,10000,0.0012592975454302825,24,0.5318355264963989,0.0015734314008406327,0.9984265685991593,0.9979,0.5305762289509686,76.55914440666741,10143.240769493408,77.17603770660278,301.9197465240928,0,HEAT-L3,False,source_raise
HEAT-L3,250,10,202,1000,40000,,,,0,40000,39912,39704,10000,10000,0,0,9979,21,0,0.0,0.9979,0.9979,b3fcaf470481b7f4a455ad616f23cd0541933b2f0510a204c0a61f40aca549ef,,,periodic,,,,,,,,,,0.6441000000000012,0.0014170200000000026,0.00135261,88,0.0014193230286761753,10000,10000,0.0011447048410593006,25,0.4660877632974377,0.0015622461527733439,0.9984377538472267,0.9977,0.4649430584563784,76.55914440666741,10143.240769493408,77.17603770660278,301.9197465240928,0,HEAT-L3,False,source_raise
HEAT-L3,250,10,303,1000,40000,,,,0,40000,39912,39704,10000,10000,0,0,9979,21,0,0.0,0.9979,0.9979,a8c349ba6697a8366427501bbc3155162a5ddd587dbdd0dd00307cee13a35c97,,,periodic,,,,,,,,,,0.6441000000000012,0.0014170200000000026,0.00135261,88,0.0014067909934206955,10000,10000,0.001216321709474351,23,0.5288355258584135,0.0012937136515499316,0.99870628634845,0.9981,0.5276192041489391,76.55914440666741,10143.240769493408,77.17603770660278,301.9197465240928,0,HEAT-L3,False,source_raise
HEAT-L3,250,10,404,1000,40000,,,,0,40000,39912,39704,10000,10000,0,0,9977,23,0,0.0,0.9977,0.9977,6b4260b79a425d14c00d7806714da22d9b350756a024cc7bbfb1bd8d0128debf,,,periodic,,,,,,,,,,0.6441000000000012,0.0014170200000000026,0.00148143,88,0.0014293094321339334,10000,10000,0.0014639438306969154,25,0.6116494482842214,0.0020475804132376297,0.9979524195867624,0.9975,0.6101855044535245,76.55914440666741,10143.240769493408,77.17603770660278,301.9197465240928,0,HEAT-L3,False,source_raise
HEAT-L3,250,10,505,1000,40000,,,,0,40000,39912,39704,10000,10000,0,0,9979,21,0,0.0,0.9979,0.9979,5affaeb1d393a28ad394f1b1b3b8f94e508fed03507968fd5a9d2ab5de87ac31,,,periodic,,,,,,,,,,0.6441000000000012,0.0014170200000000026,0.00135261,88,0.0013900324312732817,10000,10000,0.0011862198887470394,24,0.5081786142561466,0.002111477276183557,0.9978885227238165,0.9977,0.5069923943673996,76.55914440666741,10143.240769493408,77.17603770660278,301.9197465240928,0,HEAT-L3,False,source_raise
HEAT-L3,250,10,606,1000,40000,,,,0,40000,39912,39704,10000,10000,0,0,9979,21,0,0.0,0.9979,0.9979,df7849f533d4a060c3414b0d6a6f267d68739b05c096ef1833afe82416307433,,,periodic,,,,,,,,,,0.6441000000000012,0.0014170200000000026,0.00135261,88,0.0014091102849827595,10000,10000,0.0011693164991124117,24,0.48721520796350487,0.0015590686191477435,0.9984409313808522,0.998,0.4860458914643925,76.55914440666741,10143.240769493408,77.17603770660278,301.9197465240928,0,HEAT-L3,False,source_raise
HEAT-L3,250,10,707,1000,40000,,,,0,40000,39912,39704,10000,10000,0,0,9978,22,0,0.0,0.9978,0.9978,4ec56783dfe0207e0c18da202d7696cb1fd94b981951af79a4e366898c98d986,,,periodic,,,,,,,,,,0.6441000000000012,0.0014170200000000026,0.00141702,88,0.001385143440477792,10000,10000,0.0012404689906366506,24,0.5291493298979592,0.0019165102421676268,0.9980834897578323,0.9979,0.5279088609073225,76.55914440666741,10143.240769493408,77.17603770660278,301.9197465240928,0,HEAT-L3,False,source_raise
HEAT-L3,250,10,808,1000,40000,,,,0,40000,39912,39704,10000,10000,0,0,9977,23,0,0.0,0.9977,0.9977,13f9509e8cb122d86a80e2e824f19fcb633623f4e443193e763ba467a276f429,,,periodic,,,,,,,,,,0.6441000000000012,0.0014170200000000026,0.00148143,88,0.0014131685062608007,10000,10000,0.001201138977373971,25,0.5224981238639893,0.001128518994850912,0.9988714810051491,0.9977,0.5212969848866154,76.55914440666741,10143.240769493408,77.17603770660278,301.9197465240928,0,HEAT-L3,False,source_raise
HEAT-L3,250,10,909,1000,40000,,,,0,40000,39912,39704,10000,10000,0,0,9978,22,0,0.0,0.9978,0.9978,312a746900aa7701d48607d8d8fdb8c1fca0e2c13c697d1af0f9374d4f638fc4,,,periodic,,,,,,,,,,0.6441000000000012,0.0014170200000000026,0.00141702,88,0.001405402792106377,10000,10000,0.0011745150399046322,24,0.5114065889475911,0.0014049438137047066,0.9985950561862953,0.9978,0.5102320739076864,76.55914440666741,10143.240769493408,77.17603770660278,301.9197465240928,0,HEAT-L3,False,source_raise
HEAT-L3,250,10,1010,1000,40000,,,,0,40000,39912,39704,10000,10000,0,0,9976,24,0,0.0,0.9976,0.9976,41540fae948262b425fe946cd09752269a361e16421610ced07764eaff51bdd9,,,periodic,,,,,,,,,,0.6441000000000012,0.0014170200000000026,0.00154584,88,0.0014334028621003972,10000,10000,0.001352638245491196,24,0.567161074989374,0.0016035334833327027,0.9983964665166672,0.9977,0.5658084367438828,76.55914440666741,10143.240769493408,77.17603770660278,301.9197465240928,0,HEAT-L3,False,source_raise
HEAT-L3,300,4,101,1000,16000,,,,0,16000,0,0,4000,4000,0,0,0,4000,0,0.0,0.0,0.0,358345139b329c40140caebe1f44495eb1cb4ce7057ad9123725a473225c7759,,,periodic,,,,,,,,,,0.6441000000000685,0.6441000000000685,0.6440999999999828,16000,0.6441000000000018,4000,4000,0.5365712329758283,4000,0.5365712329758283,0.6530537993946778,0.3469462006053222,0.056,0.0,39.72865695337827,0.0,50.189189947698225,299.8967999999997,0,HEAT-L3,False,source_raise
HEAT-L3,300,4,202,1000,16000,,,,0,16000,0,0,4000,4000,0,0,0,4000,0,0.0,0.0,0.0,34b8939f5e22fe77656bcf596b267a8e14848f4c8183e258a0aa6bf6964bce30,,,periodic,,,,,,,,,,0.6441000000000685,0.6441000000000685,0.6440999999999828,16000,0.6441000000000019,4000,4000,0.5365712329758271,4000,0.5365712329758271,0.6530537993946778,0.3469462006053222,0.056,0.0,39.72865695337827,0.0,50.189189947698225,299.8967999999997,0,HEAT-L3,False,source_raise
HEAT-L3,300,4,303,1000,16000,,,,0,16000,0,0,4000,4000,0,0,0,4000,0,0.0,0.0,0.0,cb9cf6119f28cbbe2f515263b460577c6bf03d42557f7919b99931e42d877f4b,,,periodic,,,,,,,,,,0.6441000000000685,0.6441000000000685,0.6440999999999828,16000,0.6441000000000031,4000,4000,0.5365712329758282,4000,0.5365712329758282,0.6530537993946778,0.3469462006053222,0.056,0.0,39.72865695337827,0.0,50.189189947698225,299.8967999999997,0,HEAT-L3,False,source_raise
HEAT-L3,300,4,404,1000,16000,,,,0,16000,0,0,4000,4000,0,0,0,4000,0,0.0,0.0,0.0,19660c8d7c38bf482c258d456033c0235b91bafa3f9150f8928502cb0b6a233e,,,periodic,,,,,,,,,,0.6441000000000685,0.6441000000000685,0.6440999999999828,16000,0.6441000000000023,4000,4000,0.5365712329758273,4000,0.5365712329758273,0.6530537993946778,0.3469462006053222,0.056,0.0,39.72865695337827,0.0,50.189189947698225,299.8967999999997,0,HEAT-L3,False,source_raise
HEAT-L3,300,4,505,1000,16000,,,,0,16000,0,0,4000,4000,0,0,0,4000,0,0.0,0.0,0.0,73cdab68096cc443e0e24ada558429cabf1afc7f75cc16ce9d024a0d7cee62f9,,,periodic,,,,,,,,,,0.6441000000000685,0.6441000000000685,0.6440999999999828,16000,0.6441000000000021,4000,4000,0.536571232975828,4000,0.536571232975828,0.6530537993946778,0.3469462006053222,0.056,0.0,39.72865695337827,0.0,50.189189947698225,299.8967999999997,0,HEAT-L3,False,source_raise
HEAT-L3,300,4,606,1000,16000,,,,0,16000,0,0,4000,4000,0,0,0,4000,0,0.0,0.0,0.0,7833957291a032d51d81862cac99e9d8ccb12f68b533b2caf53ee51ae3f9dc9c,,,periodic,,,,,,,,,,0.6441000000000685,0.6441000000000685,0.6440999999999828,16000,0.6441000000000018,4000,4000,0.5365712329758265,4000,0.5365712329758265,0.6530537993946778,0.3469462006053222,0.056,0.0,39.72865695337827,0.0,50.189189947698225,299.8967999999997,0,HEAT-L3,False,source_raise
HEAT-L3,300,4,707,1000,16000,,,,0,16000,0,0,4000,4000,0,0,0,4000,0,0.0,0.0,0.0,7299403d9d2d4f4ccec9f76133c48d8d07e2ed601a2777f731db87ca14e66056,,,periodic,,,,,,,,,,0.6441000000000685,0.6441000000000685,0.6440999999999828,16000,0.6441000000000012,4000,4000,0.5365712329758282,4000,0.5365712329758282,0.6530537993946778,0.3469462006053222,0.056,0.0,39.72865695337827,0.0,50.189189947698225,299.8967999999997,0,HEAT-L3,False,source_raise
HEAT-L3,300,4,808,1000,16000,,,,0,16000,0,0,4000,4000,0,0,0,4000,0,0.0,0.0,0.0,332b0fc25c5dccfb6fb5145b59221f17277c51b24f8c2d6148183eada1540c2c,,,periodic,,,,,,,,,,0.6441000000000685,0.6441000000000685,0.6440999999999828,16000,0.6441000000000022,4000,4000,0.5365712329758269,4000,0.5365712329758269,0.6530537993946778,0.3469462006053222,0.056,0.0,39.72865695337827,0.0,50.189189947698225,299.8967999999997,0,HEAT-L3,False,source_raise
HEAT-L3,300,4,909,1000,16000,,,,0,16000,0,0,4000,4000,0,0,0,4000,0,0.0,0.0,0.0,3a15676bda67054cb5929717fc730bfa67cd49969827870cd1819db4b67b2b0f,,,periodic,,,,,,,,,,0.6441000000000685,0.6441000000000685,0.6440999999999828,16000,0.6441000000000002,4000,4000,0.5365712329758268,4000,0.5365712329758268,0.6530537993946778,0.3469462006053222,0.056,0.0,39.72865695337827,0.0,50.189189947698225,299.8967999999997,0,HEAT-L3,False,source_raise
HEAT-L3,300,4,1010,1000,16000,,,,0,16000,0,0,4000,4000,0,0,0,4000,0,0.0,0.0,0.0,f74ec5db6e908852b709fb2fc49501319e260c6bb970c5803f31b89af1514827,,,periodic,,,,,,,,,,0.6441000000000685,0.6441000000000685,0.6440999999999828,16000,0.644100000000003,4000,4000,0.5365712329758273,4000,0.5365712329758273,0.6530537993946778,0.3469462006053222,0.056,0.0,39.72865695337827,0.0,50.189189947698225,299.8967999999997,0,HEAT-L3,False,source_raise
HEAT-L3,300,6,101,1000,24000,,,,0,24000,0,23783,6000,6000,0,0,0,6000,0,0.0,0.0,0.0,368e16a18b5b73e12179e2ceeeef5d7bbd6d7e12c7147fe591b0919c4402b0f8,,,periodic,,,,,,,,,,0.6440999999998875,0.6440999999998875,0.6440999999999819,24000,0.6441000000000058,6000,6000,0.5365712329758267,6000,0.5365712329758267,0.6530537993946778,0.3469462006053222,0.056,0.0,50.92715617533088,3602.975795786242,72.53194208639235,299.9683636363631,0,HEAT-L3,False,source_raise
HEAT-L3,300,6,202,1000,24000,,,,0,24000,0,23783,6000,6000,0,0,0,6000,0,0.0,0.0,0.0,1647dacc78c42fdbc64e7d28ec9e5575601944c739c0044734f158d076fd1351,,,periodic,,,,,,,,,,0.6440999999998875,0.6440999999998875,0.6440999999999819,24000,0.6441000000000072,6000,6000,0.5365712329758258,6000,0.5365712329758258,0.6530537993946778,0.3469462006053222,0.056,0.0,50.92715617533088,3602.975795786242,72.53194208639235,299.9683636363631,0,HEAT-L3,False,source_raise
HEAT-L3,300,6,303,1000,24000,,,,0,24000,0,23783,6000,6000,0,0,0,6000,0,0.0,0.0,0.0,b40e3956fc736148fe48725c99a765faa7ca344bcdde335f7de5815dce321912,,,periodic,,,,,,,,,,0.6440999999998875,0.6440999999998875,0.6440999999999819,24000,0.6441000000000067,6000,6000,0.5365712329758261,6000,0.5365712329758261,0.6530537993946778,0.3469462006053222,0.056,0.0,50.92715617533088,3602.975795786242,72.53194208639235,299.9683636363631,0,HEAT-L3,False,source_raise
HEAT-L3,300,6,404,1000,24000,,,,0,24000,0,23783,6000,6000,0,0,0,6000,0,0.0,0.0,0.0,90dd8c8ff63030dd9dbbd25c0b5e9d426cebafe711c88974834a56210f18bdc1,,,periodic,,,,,,,,,,0.6440999999998875,0.6440999999998875,0.6440999999999819,24000,0.6441000000000069,6000,6000,0.5365712329758261,6000,0.5365712329758261,0.6530537993946778,0.3469462006053222,0.056,0.0,50.92715617533088,3602.975795786242,72.53194208639235,299.9683636363631,0,HEAT-L3,False,source_raise
HEAT-L3,300,6,505,1000,24000,,,,0,24000,0,23783,6000,6000,0,0,0,6000,0,0.0,0.0,0.0,64fec059e2099a382af339a6780c28497caac0c5ebb5f50adb7d0e94049738cd,,,periodic,,,,,,,,,,0.6440999999998875,0.6440999999998875,0.6440999999999819,24000,0.6441000000000068,6000,6000,0.5365712329758263,6000,0.5365712329758263,0.6530537993946778,0.3469462006053222,0.056,0.0,50.92715617533088,3602.975795786242,72.53194208639235,299.9683636363631,0,HEAT-L3,False,source_raise
HEAT-L3,300,6,606,1000,24000,,,,0,24000,0,23783,6000,6000,0,0,0,6000,0,0.0,0.0,0.0,ae880915da58fff9f20affe7a5a25900cde6365bd54144492baa5036a1d84adc,,,periodic,,,,,,,,,,0.6440999999998875,0.6440999999998875,0.6440999999999819,24000,0.644100000000007,6000,6000,0.5365712329758259,6000,0.5365712329758259,0.6530537993946778,0.3469462006053222,0.056,0.0,50.92715617533088,3602.975795786242,72.53194208639235,299.9683636363631,0,HEAT-L3,False,source_raise
HEAT-L3,300,6,707,1000,24000,,,,0,24000,0,23783,6000,6000,0,0,0,6000,0,0.0,0.0,0.0,c0f27110c744a3fc7a33aecc95f2268b53928f9aef18cbadd02b335ecd207f0e,,,periodic,,,,,,,,,,0.6440999999998875,0.6440999999998875,0.6440999999999819,24000,0.6441000000000076,6000,6000,0.5365712329758257,6000,0.5365712329758257,0.6530537993946778,0.3469462006053222,0.056,0.0,50.92715617533088,3602.975795786242,72.53194208639235,299.9683636363631,0,HEAT-L3,False,source_raise
HEAT-L3,300,6,808,1000,24000,,,,0,24000,0,23783,6000,6000,0,0,0,6000,0,0.0,0.0,0.0,063cb3f34bb5042d5a315795e5ea1e803957554d0c67c50190b2b486a6968f17,,,periodic,,,,,,,,,,0.6440999999998875,0.6440999999998875,0.6440999999999819,24000,0.6441000000000067,6000,6000,0.5365712329758253,6000,0.5365712329758253,0.6530537993946778,0.3469462006053222,0.056,0.0,50.92715617533088,3602.975795786242,72.53194208639235,299.9683636363631,0,HEAT-L3,False,source_raise
HEAT-L3,300,6,909,1000,24000,,,,0,24000,0,23783,6000,6000,0,0,0,6000,0,0.0,0.0,0.0,43ca3bc1908129b5c2ac96d7e4719f6173824add31150444bda10a9206dc8922,,,periodic,,,,,,,,,,0.6440999999998875,0.6440999999998875,0.6440999999999819,24000,0.6441000000000053,6000,6000,0.5365712329758258,6000,0.5365712329758258,0.6530537993946778,0.3469462006053222,0.056,0.0,50.92715617533088,3602.975795786242,72.53194208639235,299.9683636363631,0,HEAT-L3,False,source_raise
HEAT-L3,300,6,1010,1000,24000,,,,0,24000,0,23783,6000,6000,0,0,0,6000,0,0.0,0.0,0.0,da29db140ec3433f5a7bef5bfca040b9d439fbd33929da0e9b1ac51f823030f9,,,periodic,,,,,,,,,,0.6440999999998875,0.6440999999998875,0.6440999999999819,24000,0.6441000000000066,6000,6000,0.5365712329758258,6000,0.5365712329758258,0.6530537993946778,0.3469462006053222,0.056,0.0,50.92715617533088,3602.975795786242,72.53194208639235,299.9683636363631,0,HEAT-L3,False,source_raise
HEAT-L3,300,8,101,1000,32000,,,,0,32000,0,23783,8000,8000,0,0,0,8000,0,0.0,0.0,0.0,48536fc5e075a2292b527fb68f9e0371d396b2957068a8b27317e7a61bf9ac13,,,periodic,,,,,,,,,,0.6441000000001701,0.6441000000001701,0.6441000000000748,32000,0.644099999999999,8000,8000,0.536571232975825,8000,0.536571232975825,0.6530537993946778,0.3469462006053222,0.056,0.0,60.887320514794865,3602.975795786242,72.53194208639235,299.9683636363631,0,HEAT-L3,False,source_raise
HEAT-L3,300,8,202,1000,32000,,,,0,32000,0,23783,8000,8000,0,0,0,8000,0,0.0,0.0,0.0,570e9630deff505ba1c5363a004cd8917cdc4ddeaaa2dfbdb2999707f9626552,,,periodic,,,,,,,,,,0.6441000000001701,0.6441000000001701,0.6441000000000748,32000,0.6440999999999997,8000,8000,0.536571232975824,8000,0.536571232975824,0.6530537993946778,0.3469462006053222,0.056,0.0,60.887320514794865,3602.975795786242,72.53194208639235,299.9683636363631,0,HEAT-L3,False,source_raise
HEAT-L3,300,8,303,1000,32000,,,,0,32000,0,23783,8000,8000,0,0,0,8000,0,0.0,0.0,0.0,7258aada57693e7fc41c3edb014bd97cd32dde8bd5dca77e2f1cb8b3ef00eaf8,,,periodic,,,,,,,,,,0.6441000000001701,0.6441000000001701,0.6441000000000748,32000,0.6440999999999991,8000,8000,0.5365712329758248,8000,0.5365712329758248,0.6530537993946778,0.3469462006053222,0.056,0.0,60.887320514794865,3602.975795786242,72.53194208639235,299.9683636363631,0,HEAT-L3,False,source_raise
HEAT-L3,300,8,404,1000,32000,,,,0,32000,0,23783,8000,8000,0,0,0,8000,0,0.0,0.0,0.0,620f015056b4913eca566e19dd498b9d34ce3df10a7782d95a50b5b4aece1a2a,,,periodic,,,,,,,,,,0.6441000000001701,0.6441000000001701,0.6441000000000748,32000,0.6440999999999975,8000,8000,0.5365712329758243,8000,0.5365712329758243,0.6530537993946778,0.3469462006053222,0.056,0.0,60.887320514794865,3602.975795786242,72.53194208639235,299.9683636363631,0,HEAT-L3,False,source_raise
HEAT-L3,300,8,505,1000,32000,,,,0,32000,0,23783,8000,8000,0,0,0,8000,0,0.0,0.0,0.0,4c81619bc200eebb3080c210bdc746b4414b0cc7c3fbb63c2a1ce3f91c436327,,,periodic,,,,,,,,,,0.6441000000001701,0.6441000000001701,0.6441000000000748,32000,0.6440999999999996,8000,8000,0.536571232975825,8000,0.536571232975825,0.6530537993946778,0.3469462006053222,0.056,0.0,60.887320514794865,3602.975795786242,72.53194208639235,299.9683636363631,0,HEAT-L3,False,source_raise
HEAT-L3,300,8,606,1000,32000,,,,0,32000,0,23783,8000,8000,0,0,0,8000,0,0.0,0.0,0.0,820400f60474dd2d047d6af68da1f0bbcc78c2597c68a44e9fae693f09b01e62,,,periodic,,,,,,,,,,0.6441000000001701,0.6441000000001701,0.6441000000000748,32000,0.6441000000000009,8000,8000,0.5365712329758242,8000,0.5365712329758242,0.6530537993946778,0.3469462006053222,0.056,0.0,60.887320514794865,3602.975795786242,72.53194208639235,299.9683636363631,0,HEAT-L3,False,source_raise
HEAT-L3,300,8,707,1000,32000,,,,0,32000,0,23783,8000,8000,0,0,0,8000,0,0.0,0.0,0.0,265cd3c30607304ee4b6dbfbe241a7f7f4ee382cc1c459bb4718426a447809b3,,,periodic,,,,,,,,,,0.6441000000001701,0.6441000000001701,0.6441000000000748,32000,0.6441000000000007,8000,8000,0.5365712329758242,8000,0.5365712329758242,0.6530537993946778,0.3469462006053222,0.056,0.0,60.887320514794865,3602.975795786242,72.53194208639235,299.9683636363631,0,HEAT-L3,False,source_raise
HEAT-L3,300,8,808,1000,32000,,,,0,32000,0,23783,8000,8000,0,0,0,8000,0,0.0,0.0,0.0,f4866bde13e803cb907ec64e47284a1135ec88db541e26e30e289fa70c4a5ff8,,,periodic,,,,,,,,,,0.6441000000001701,0.6441000000001701,0.6441000000000748,32000,0.6441000000000009,8000,8000,0.5365712329758235,8000,0.5365712329758235,0.6530537993946778,0.3469462006053222,0.056,0.0,60.887320514794865,3602.975795786242,72.53194208639235,299.9683636363631,0,HEAT-L3,False,source_raise
HEAT-L3,300,8,909,1000,32000,,,,0,32000,0,23783,8000,8000,0,0,0,8000,0,0.0,0.0,0.0,a8c124acc17ac65b2cb1529125ce780607cdb86f117209ab5b3479ea9aad8a28,,,periodic,,,,,,,,,,0.6441000000001701,0.6441000000001701,0.6441000000000748,32000,0.6440999999999989,8000,8000,0.536571232975824,8000,0.536571232975824,0.6530537993946778,0.3469462006053222,0.056,0.0,60.887320514794865,3602.975795786242,72.53194208639235,299.9683636363631,0,HEAT-L3,False,source_raise
HEAT-L3,300,8,1010,1000,32000,,,,0,32000,0,23783,8000,8000,0,0,0,8000,0,0.0,0.0,0.0,d3b8735acadda44f30d6c9e91006c692298437fd0395e4753048eb08f289bf45,,,periodic,,,,,,,,,,0.6441000000001701,0.6441000000001701,0.6441000000000748,32000,0.644099999999999,8000,8000,0.5365712329758248,8000,0.5365712329758248,0.6530537993946778,0.3469462006053222,0.056,0.0,60.887320514794865,3602.975795786242,72.53194208639235,299.9683636363631,0,HEAT-L3,False,source_raise
HEAT-L3,300,10,101,1000,40000,,,,0,40000,25107,39703,10000,10000,0,0,6322,3678,0,0.0,0.6322,0.6322,6fda7fbc46f18d59533c9ed9533dca2523fc0b8c765b3d823cf5b1510dc64cd9,,,periodic,,,,,,,,,,0.6441000000001088,0.2398145325000405,0.23689997999999374,14893,0.23988319428474777,10000,10000,0.201945515600229,4240,0.5056448651427351,0.28260120650663273,0.7173987934933672,0.6267,0.3036993495425061,76.51208417488436,10043.518867403385,77.17603770660214,301.9197465240928,0,HEAT-L3,False,source_raise
HEAT-L3,300,10,202,1000,40000,,,,0,40000,25107,39703,10000,10000,0,0,6339,3661,0,0.0,0.6339,0.6339,e8461c5729806fca45f74106159ff5222d836a7d75a6502b1562b95dd5707f05,,,periodic,,,,,,,,,,0.6441000000001088,0.2398145325000405,0.23580500999999376,14893,0.24048755214588352,10000,10000,0.19990626474080553,4361,0.4898363436851849,0.22189390318256988,0.7781060968174301,0.6132,0.2899300789443794,76.51208417488436,10043.518867403385,77.17603770660214,301.9197465240928,0,HEAT-L3,False,source_raise
HEAT-L3,300,10,303,1000,40000,,,,0,40000,25107,39703,10000,10000,0,0,6449,3551,0,0.0,0.6449,0.6449,dbb135dfc4804db118809026be291d67c34c859cd331e459baff33bdf29a9cf7,,,periodic,,,,,,,,,,0.6441000000001088,0.2398145325000405,0.22871990999999398,14893,0.23788158948533747,10000,10000,0.21696408271899417,4243,0.5467828645391111,0.2492820752237194,0.7507179247762806,0.606,0.3298187818201169,76.51208417488436,10043.518867403385,77.17603770660214,301.9197465240928,0,HEAT-L3,False,source_raise
HEAT-L3,300,10,404,1000,40000,,,,0,40000,25107,39703,10000,10000,0,0,6452,3548,0,0.0,0.6452,0.6452,7ae2b9de178b1a9517902f0cdc3288b75078a46587bc11b6f8f37dd5617219a8,,,periodic,,,,,,,,,,0.6441000000001088,0.2398145325000405,0.228526679999994,14893,0.23771792274956718,10000,10000,0.20972521581817397,4241,0.5212899900706486,0.24492602281345505,0.7550739771865449,0.6177,0.31156477425247464,76.51208417488436,10043.518867403385,77.17603770660214,301.9197465240928,0,HEAT-L3,False,source_raise
HEAT-L3,300,10,505,1000,40000,,,,0,40000,25107,39703,10000,10000,0,0,6182,3818,0,0.0,0.6182,0.6182,a8a2b2a3bf9e2802d692437393c4def5a89930668e1ad271895515dfd88b98b9,,,periodic,,,,,,,,,,0.6441000000001088,0.2398145325000405,0.24591737999999344,14893,0.24091137670414814,10000,10000,0.2154592942310021,4321,0.5256116449859479,0.25564193144258957,0.7443580685574105,0.6061,0.31015235075494585,76.51208417488436,10043.518867403385,77.17603770660214,301.9197465240928,0,HEAT-L3,False,source_raise
HEAT-L3,300,10,606,1000,40000,,,,0,40000,25107,39703,10000,10000,0,0,6234,3766,0,0.0,0.6234,0.6234,13fb20ce82e15c6add96e5f4bda526c39f4b524d42fa9b38ff04762ffe0bac94,,,periodic,,,,,,,,,,0.6441000000001088,0.2398145325000405,0.24256805999999356,14893,0.23842718403510857,10000,10000,0.20685455097952254,4241,0.5153846709442212,0.2629197280822509,0.7370802719177492,0.6196,0.3085301199646987,76.51208417488436,10043.518867403385,77.17603770660214,301.9197465240928,0,HEAT-L3,False,source_raise
HEAT-L3,300,10,707,1000,40000,,,,0,40000,25107,39703,10000,10000,0,0,6326,3674,0,0.0,0.6326,0.6326,6f8e61a68b44f943792c3c9da5e1cde96885923f5ea905da2883849e0adc7880,,,periodic,,,,,,,,,,0.6441000000001088,0.2398145325000405,0.23664233999999373,14893,0.24015046777405646,10000,10000,0.21666374285227602,4323,0.5348832958965959,0.25017196597673386,0.7498280340232661,0.6022,0.31821955304431987,76.51208417488436,10043.518867403385,77.17603770660214,301.9197465240928,0,HEAT-L3,False,source_raise
HEAT-L3,300,10,808,1000,40000,,,,0,40000,25107,39703,10000,10000,0,0,6320,3680,0,0.0,0.632,0.632,dfe0610ec8da00a0afdf37113e6dde4b08536d5759e8be1ae4f2d9a97348e9ab,,,periodic,,,,,,,,,,0.6441000000001088,0.2398145325000405,0.23702879999999374,14893,0.24049493707188235,10000,10000,0.21026531232000079,4333,0.5118807159479544,0.2453759426167925,0.7546240573832075,0.6166,0.3016154036279536,76.51208417488436,10043.518867403385,77.17603770660214,301.9197465240928,0,HEAT-L3,False,source_raise
HEAT-L3,300,10,909,1000,40000,,,,0,40000,25107,39703,10000,10000,0,0,6385,3615,0,0.0,0.6385,0.6385,e13c95312c1bff8de59adf57802014888c4504e6fa3edb6c80788e04eb181d66,,,periodic,,,,,,,,,,0.6441000000001088,0.2398145325000405,0.23284214999999386,14893,0.23902836650364886,10000,10000,0.2269431011618045,4360,0.5514487911782929,0.260679228928398,0.739320771071602,0.5957,0.32450569001648844,76.51208417488436,10043.518867403385,77.17603770660214,301.9197465240928,0,HEAT-L3,False,source_raise
HEAT-L3,300,10,1010,1000,40000,,,,0,40000,25107,39703,10000,10000,0,0,6237,3763,0,0.0,0.6237,0.6237,4075abb44bd827ac23354de0e6749122c25a0d4adec8816bc62b96852a285765,,,periodic,,,,,,,,,,0.6441000000001088,0.2398145325000405,0.24237482999999357,14893,0.24071226130703974,10000,10000,0.2134422308869226,4359,0.5184161381429463,0.26101089997066446,0.7389891000293356,0.602,0.3049739072560237,76.51208417488436,10043.518867403385,77.17603770660214,301.9197465240928,0,HEAT-L3,False,source_raise
Full-HBTASP,100,4,101,1000,16000,0.0,2104.0,0.0,0,13896,0,0,4000,4000,0,0,0,4000,0,0.0,0.0,0.0,358345139b329c40140caebe1f44495eb1cb4ce7057ad9123725a473225c7759,assigned_level_sensitivity,dynamic,periodic,0.0,False,True,nan,True,0.0,0.0,0.0,0.0,0.6130912924581856,0.5324697874999342,0.6884000000000013,13896,0.5827423602770513,4000,4000,0.4146201336555438,3880,0.4415295231620432,0.5773967237691302,0.4226032762308698,0.122,0.0269093895064993,59.554415588421605,0.0,59.99998254543733,99.9977294117647,nan,nan,nan,
Full-HBTASP,100,4,202,1000,16000,0.0,2072.0,0.0,0,13928,0,0,4000,4000,0,0,0,4000,0,0.0,0.0,0.0,34b8939f5e22fe77656bcf596b267a8e14848f4c8183e258a0aa6bf6964bce30,assigned_level_sensitivity,dynamic,periodic,0.0,False,True,nan,True,0.0,0.0,0.0,0.0,0.6126616815048046,0.5333219937499324,0.6884000000000013,13928,0.5834749797691754,4000,4000,0.4167691518719085,3913,0.4390796005044689,0.5906608350888073,0.4093391649111927,0.116,0.0223104486325604,59.55803985779515,0.0,59.99999542322758,99.9977294117647,nan,nan,nan,
Full-HBTASP,100,4,303,1000,16000,0.0,2080.0,0.0,0,13920,0,0,4000,4000,0,0,0,4000,0,0.0,0.0,0.0,cb9cf6119f28cbbe2f515263b460577c6bf03d42557f7919b99931e42d877f4b,assigned_level_sensitivity,dynamic,periodic,0.0,False,True,nan,True,0.0,0.0,0.0,0.0,0.6128958548849811,0.5332193937499337,0.6884000000000013,13920,0.5829447212443887,4000,4000,0.4182390780854688,3904,0.4428923937876278,0.5956685621417187,0.4043314378582813,0.118,0.024653315702159,59.552275672082224,0.0,59.99988149332708,99.9977294117647,nan,nan,nan,
Full-HBTASP,100,4,404,1000,16000,0.0,2104.0,0.0,0,13896,0,0,4000,4000,0,0,0,4000,0,0.0,0.0,0.0,19660c8d7c38bf482c258d456033c0235b91bafa3f9150f8928502cb0b6a233e,assigned_level_sensitivity,dynamic,periodic,0.0,False,True,nan,True,0.0,0.0,0.0,0.0,0.612993681634927,0.5323850124999341,0.6884000000000013,13896,0.581345750869884,4000,4000,0.4231975694483066,3920,0.4471734536077837,0.5958497763486158,0.4041502236513842,0.112,0.0239758841594771,59.55841933483368,0.0,59.99997913750519,99.9977294117647,nan,nan,nan,
Full-HBTASP,100,4,505,1000,16000,0.0,2088.0,0.0,0,13912,0,0,4000,4000,0,0,0,4000,0,0.0,0.0,0.0,73cdab68096cc443e0e24ada558429cabf1afc7f75cc16ce9d024a0d7cee62f9,assigned_level_sensitivity,dynamic,periodic,0.0,False,True,nan,True,0.0,0.0,0.0,0.0,0.6129161083955529,0.5329305562499332,0.6884000000000013,13912,0.5800777951925807,4000,4000,0.4125096879255991,3880,0.4419857660686206,0.5812431055556888,0.4187568944443112,0.12,0.0294760781430214,59.55073694900246,0.0,59.9999923021459,99.9977294117647,nan,nan,nan,
Full-HBTASP,100,4,606,1000,16000,0.0,2064.0,0.0,0,13936,0,0,4000,4000,0,0,0,4000,0,0.0,0.0,0.0,7833957291a032d51d81862cac99e9d8ccb12f68b533b2caf53ee51ae3f9dc9c,assigned_level_sensitivity,dynamic,periodic,0.0,False,True,nan,True,0.0,0.0,0.0,0.0,0.6125608352467647,0.5335404874999321,0.6884000000000013,13936,0.5808269860413727,4000,4000,0.4173614311483022,3904,0.4436000158983858,0.5809003976326839,0.4190996023673161,0.114,0.0262385847500836,59.55443474690538,0.0,59.99999122842966,99.9977294117647,nan,nan,nan,
Full-HBTASP,100,4,707,1000,16000,0.0,2080.0,0.0,0,13920,0,0,4000,4000,0,0,0,4000,0,0.0,0.0,0.0,7299403d9d2d4f4ccec9f76133c48d8d07e2ed601a2777f731db87ca14e66056,assigned_level_sensitivity,dynamic,periodic,0.0,False,True,nan,True,0.0,0.0,0.0,0.0,0.613028548850499,0.5333348374999342,0.6884000000000013,13920,0.5818557064170072,4000,4000,0.4162747384082268,3888,0.4440137458929311,0.5930815201815423,0.4069184798184577,0.128,0.0277390074847043,59.55668976713942,0.0,59.99994044813246,99.9977294117647,nan,nan,nan,
Full-HBTASP,100,4,808,1000,16000,0.0,2112.0,0.0,0,13888,0,0,4000,4000,0,0,0,4000,0,0.0,0.0,0.0,332b0fc25c5dccfb6fb5145b59221f17277c51b24f8c2d6148183eada1540c2c,assigned_level_sensitivity,dynamic,periodic,0.0,False,True,nan,True,0.0,0.0,0.0,0.0,0.6131123703916295,0.5321815374999344,0.6884000000000013,13888,0.5799703627428773,4000,4000,0.421019822565301,3888,0.4467369269858262,0.6083791499887364,0.3916208500112635,0.12,0.0257171044205252,59.55910959028048,0.0,59.9998929384257,99.99752727272724,nan,nan,nan,
Full-HBTASP,100,4,909,1000,16000,0.0,2080.0,0.0,0,13920,0,0,4000,4000,0,0,0,4000,0,0.0,0.0,0.0,3a15676bda67054cb5929717fc730bfa67cd49969827870cd1819db4b67b2b0f,assigned_level_sensitivity,dynamic,periodic,0.0,False,True,nan,True,0.0,0.0,0.0,0.0,0.6129029238504982,0.5332255437499335,0.6884000000000013,13920,0.5826619954389057,4000,4000,0.4244981256250357,3896,0.4485177040355556,0.5912721599999868,0.4087278400000131,0.114,0.0240195784105198,59.553191782085975,0.0,59.999975625183495,99.9977294117647,nan,nan,nan,
Full-HBTASP,100,4,1010,1000,16000,0.0,2112.0,0.0,0,13888,0,0,4000,4000,0,0,0,4000,0,0.0,0.0,0.0,f74ec5db6e908852b709fb2fc49501319e260c6bb970c5803f31b89af1514827,assigned_level_sensitivity,dynamic,periodic,0.0,False,True,nan,True,0.0,0.0,0.0,0.0,0.6128746543778043,0.5319751999999341,0.6884000000000013,13888,0.5799756967185616,4000,4000,0.413572886096525,3880,0.4402725089394832,0.5995858099343632,0.4004141900656368,0.124,0.0266996228429582,59.55505279971031,0.0,59.99993831875,99.9977294117647,nan,nan,nan,
Full-HBTASP,100,6,101,1000,24000,0.0,14000.0,0.0,0,10000,0,0,6000,6000,0,0,0,6000,0,0.0,0.0,0.0,368e16a18b5b73e12179e2ceeeef5d7bbd6d7e12c7147fe591b0919c4402b0f8,assigned_level_sensitivity,dynamic,periodic,0.0,False,True,nan,True,0.0,0.0,0.0,0.0,0.646408499999984,0.2693368749999933,0.6884000000000013,10000,0.3716028545191487,6000,6000,0.2857843043533702,5177,0.4086263003069651,0.3145808225940802,0.6854191774059197,0.3265,0.1228419959535948,59.53422829581723,0.0,59.99999823008574,99.9989294117647,nan,nan,nan,
Full-HBTASP,100,6,202,1000,24000,0.0,14000.0,0.0,0,10000,0,0,6000,6000,0,0,0,6000,0,0.0,0.0,0.0,1647dacc78c42fdbc64e7d28ec9e5575601944c739c0044734f158d076fd1351,assigned_level_sensitivity,dynamic,periodic,0.0,False,True,nan,True,0.0,0.0,0.0,0.0,0.6464124299999839,0.2693385124999933,0.6884000000000013,10000,0.3713373157073241,6000,6000,0.2905673048795344,5191,0.4136595549840632,0.3205178717651835,0.6794821282348165,0.3183333333333333,0.1230922501045288,59.53631966816582,0.0,59.999557666336486,99.9989294117647,nan,nan,nan,
Full-HBTASP,100,6,303,1000,24000,0.0,14000.0,0.0,0,10000,0,0,6000,6000,0,0,0,6000,0,0.0,0.0,0.0,b40e3956fc736148fe48725c99a765faa7ca344bcdde335f7de5815dce321912,assigned_level_sensitivity,dynamic,periodic,0.0,False,True,nan,True,0.0,0.0,0.0,0.0,0.6464124299999839,0.2693385124999933,0.6884000000000013,10000,0.3713482043904725,6000,6000,0.2821434535175324,5156,0.4084657490131035,0.3103478408830735,0.6896521591169265,0.3305,0.1263222954955711,59.53869436500529,0.0,59.99999956174712,99.9993,nan,nan,nan,
Full-HBTASP,100,6,404,1000,24000,0.0,14000.0,0.0,0,10000,0,0,6000,6000,0,0,0,6000,0,0.0,0.0,0.0,90dd8c8ff63030dd9dbbd25c0b5e9d426cebafe711c88974834a56210f18bdc1,assigned_level_sensitivity,dynamic,periodic,0.0,False,True,nan,True,0.0,0.0,0.0,0.0,0.6464202899999839,0.2693417874999933,0.6884000000000013,10000,0.3714293114572814,6000,6000,0.2847968243534436,5171,0.4090393657402162,0.3108666182384715,0.6891333817615285,0.3268333333333333,0.1242425413867726,59.52891406838098,0.0,59.99998478191681,99.9993,nan,nan,nan,
Full-HBTASP,100,6,505,1000,24000,0.0,14000.0,0.0,0,10000,0,0,6000,6000,0,0,0,6000,0,0.0,0.0,0.0,64fec059e2099a382af339a6780c28497caac0c5ebb5f50adb7d0e94049738cd,assigned_level_sensitivity,dynamic,periodic,0.0,False,True,nan,True,0.0,0.0,0.0,0.0,0.646408499999984,0.2693368749999933,0.6884000000000013,10000,0.3712721559057361,6000,6000,0.2864166223964191,5139,0.4140311681699716,0.3182156160844801,0.6817843839155199,0.3221666666666666,0.1276145457735525,59.5352033205943,0.0,59.99995866717988,99.9993,nan,nan,nan,
Full-HBTASP,100,6,606,1000,24000,0.0,14000.0,0.0,0,10000,0,0,6000,6000,0,0,0,6000,0,0.0,0.0,0.0,ae880915da58fff9f20affe7a5a25900cde6365bd54144492baa5036a1d84adc,assigned_level_sensitivity,dynamic,periodic,0.0,False,True,nan,True,0.0,0.0,0.0,0.0,0.646408499999984,0.2693368749999933,0.6884000000000013,10000,0.3710657151672137,6000,6000,0.2840579760756773,5176,0.4109129519133744,0.3091699691448159,0.690830030855184,0.3246666666666666,0.1268549758376971,59.53419061184739,0.0,59.99995659557549,99.9989294117647,nan,nan,nan,
Full-HBTASP,100,6,707,1000,24000,0.0,14000.0,0.0,0,10000,0,0,6000,6000,0,0,0,6000,0,0.0,0.0,0.0,c0f27110c744a3fc7a33aecc95f2268b53928f9aef18cbadd02b335ecd207f0e,assigned_level_sensitivity,dynamic,periodic,0.0,False,True,nan,True,0.0,0.0,0.0,0.0,0.6464163599999839,0.2693401499999933,0.6884000000000013,10000,0.3713435648443448,6000,6000,0.2861214934327028,5180,0.4108440727082884,0.3121903089593013,0.6878096910406988,0.3255,0.1247225792755856,59.52692670554131,0.0,59.99999208024244,99.9989294117647,nan,nan,nan,
Full-HBTASP,100,6,808,1000,24000,0.0,14000.0,0.0,0,10000,0,0,6000,6000,0,0,0,6000,0,0.0,0.0,0.0,063cb3f34bb5042d5a315795e5ea1e803957554d0c67c50190b2b486a6968f17,assigned_level_sensitivity,dynamic,periodic,0.0,False,True,nan,True,0.0,0.0,0.0,0.0,0.6464202899999839,0.2693417874999933,0.6884000000000013,10000,0.3713652569633069,6000,6000,0.2888231536111575,5190,0.4110648424400012,0.3199292518635142,0.6800707481364858,0.3253333333333333,0.1222416888288437,59.53099470584012,0.0,59.99996054139579,99.9989294117647,nan,nan,nan,
Full-HBTASP,100,6,909,1000,24000,0.0,14000.0,0.0,0,10000,0,0,6000,6000,0,0,0,6000,0,0.0,0.0,0.0,43ca3bc1908129b5c2ac96d7e4719f6173824add31150444bda10a9206dc8922,assigned_level_sensitivity,dynamic,periodic,0.0,False,True,nan,True,0.0,0.0,0.0,0.0,0.6464124299999839,0.2693385124999933,0.6884000000000013,10000,0.3712741365132979,6000,6000,0.2853450408398726,5188,0.4096745877736424,0.3149227062541472,0.6850772937458527,0.322,0.1243295469337697,59.53658398062609,0.0,59.999982422352986,99.9989294117647,nan,nan,nan,
Full-HBTASP,100,6,1010,1000,24000,0.0,14000.0,0.0,0,10000,0,0,6000,6000,0,0,0,6000,0,0.0,0.0,0.0,da29db140ec3433f5a7bef5bfca040b9d439fbd33929da0e9b1ac51f823030f9,assigned_level_sensitivity,dynamic,periodic,0.0,False,True,nan,True,0.0,0.0,0.0,0.0,0.6464163599999839,0.2693401499999933,0.6884000000000013,10000,0.371438619505183,6000,6000,0.28583979985161,5177,0.4089221702298334,0.3103548952000504,0.6896451047999497,0.3266666666666666,0.1230823703782234,59.53861990705792,0.0,59.999974962862325,99.9989294117647,nan,nan,nan,
Full-HBTASP,100,8,101,1000,32000,2000.0,20000.0,0.0,0,10000,0,0,8000,8000,2000,0,0,6000,0,0.25,0.0,0.25,7cf8bd76105a69cbcfa528024b06ba0685b7cf989f92593219acc9df57a75972,assigned_level_sensitivity,dynamic,periodic,0.0,False,True,nan,True,0.0,0.0,0.0,0.0,0.6464202899999839,0.2020063406249949,0.516300000000001,10000,0.2819588661174494,8000,8000,0.216386851180517,5476,0.4016916167257847,0.2342698948842203,0.7657301051157797,0.478,0.1853047655452676,59.53237527848113,0.0,59.99999381038685,99.9993,nan,nan,nan,
Full-HBTASP,100,8,202,1000,32000,2000.0,20000.0,0.0,0,10000,0,0,8000,8000,2000,0,0,6000,0,0.25,0.0,0.25,cecd2e2b4015e0253a77c84bc8294dc40fcdb67626c85441a4885ac7e1e0a2cf,assigned_level_sensitivity,dynamic,periodic,0.0,False,True,nan,True,0.0,0.0,0.0,0.0,0.646424219999984,0.2020075687499949,0.516300000000001,10000,0.2823499322567102,8000,8000,0.2148314801642653,5361,0.4052169129396313,0.2278080546727012,0.7721919453272987,0.484375,0.190385432775366,59.52878812478687,0.0,59.99999027724051,99.9993,nan,nan,nan,
Full-HBTASP,100,8,303,1000,32000,2000.0,20000.0,0.0,0,10000,0,0,8000,8000,2000,0,0,6000,0,0.25,0.0,0.25,bd7b84aea338fe302b0ee7d2c48f979d735627420e20962c2e02d923a38d6eb4,assigned_level_sensitivity,dynamic,periodic,0.0,False,True,nan,True,0.0,0.0,0.0,0.0,0.6464124299999839,0.2020038843749949,0.516300000000001,10000,0.2813143456018674,8000,8000,0.2139886659685358,5389,0.4040316591327995,0.2298859906292843,0.7701140093707156,0.482375,0.1900429931642637,59.53803190170208,0.0,59.99964204910192,99.9989294117647,nan,nan,nan,
Full-HBTASP,100,8,404,1000,32000,2000.0,20000.0,0.0,0,10000,0,0,8000,8000,2000,0,0,6000,0,0.25,0.0,0.25,5ca264925b9e61abe6af384f83d2bd438e28677b091df6a9162c7f00606a3ba8,assigned_level_sensitivity,dynamic,periodic,0.0,False,True,nan,True,0.0,0.0,0.0,0.0,0.6464202899999839,0.2020063406249949,0.516300000000001,10000,0.2809718512000162,8000,8000,0.2082200827699354,5370,0.390377256109193,0.2293015521448104,0.7706984478551895,0.49,0.1821571733392575,59.52773795149807,0.0,59.99999947729689,99.9993,nan,nan,nan,
Full-HBTASP,100,8,505,1000,32000,2000.0,20000.0,0.0,0,10000,0,0,8000,8000,2000,0,0,6000,0,0.25,0.0,0.25,e0562cda5afacd25e9cea92463a72bba01cebcb83b3a0e2cf87acf3c559f242f,assigned_level_sensitivity,dynamic,periodic,0.0,False,True,nan,True,0.0,0.0,0.0,0.0,0.6464202899999839,0.2020063406249949,0.516300000000001,10000,0.2815552563800866,8000,8000,0.2108251105760625,5298,0.4024436209010948,0.2269121066174219,0.7730878933825781,0.486875,0.1916185103250322,59.52625419486964,0.0,59.999953517621805,99.9993,nan,nan,nan,
Full-HBTASP,100,8,606,1000,32000,2000.0,20000.0,0.0,0,10000,0,0,8000,8000,2000,0,0,6000,0,0.25,0.0,0.25,b3f7d87e9e930f58c751ea196132bfa7bbd098461be2f291f3de0fd681adfca1,assigned_level_sensitivity,dynamic,periodic,0.0,False,True,nan,True,0.0,0.0,0.0,0.0,0.6464202899999839,0.2020063406249949,0.516300000000001,10000,0.2804554653626952,8000,8000,0.2168234388483168,5457,0.398675091689466,0.2293617903106408,0.7706382096893591,0.479,0.1818516528411491,59.52921133584703,0.0,59.99998256781284,99.9989294117647,nan,nan,nan,
Full-HBTASP,100,8,707,1000,32000,2000.0,20000.0,0.0,0,10000,0,0,8000,8000,2000,0,0,6000,0,0.25,0.0,0.25,3229d72bc8e3fae88853d8b2ca6a7c360b501109e3ed6d246910f2374674f459,assigned_level_sensitivity,dynamic,periodic,0.0,False,True,nan,True,0.0,0.0,0.0,0.0,0.6464163599999839,0.202005112499995,0.516300000000001,10000,0.282657290211749,8000,8000,0.2141760846912877,5467,0.3964824347838148,0.2327541062512843,0.7672458937487157,0.482,0.182306350092527,59.52965440236699,0.0,59.99998397492132,99.9989294117647,nan,nan,nan,
Full-HBTASP,100,8,808,1000,32000,2000.0,20000.0,0.0,0,10000,0,0,8000,8000,2000,0,0,6000,0,0.25,0.0,0.25,27de0289d48909259c3ec73273a30652238c998725af9bca56b9346640409341,assigned_level_sensitivity,dynamic,periodic,0.0,False,True,nan,True,0.0,0.0,0.0,0.0,0.6464124299999839,0.2020038843749949,0.516300000000001,10000,0.2819001011780664,8000,8000,0.21582652930666,5430,0.3991480471634552,0.2309694739578658,0.7690305260421342,0.48325,0.1833215178567952,59.53245130672061,0.0,59.99999194122662,99.9993,nan,nan,nan,
Full-HBTASP,100,8,909,1000,32000,2000.0,20000.0,0.0,0,10000,0,0,8000,8000,2000,0,0,6000,0,0.25,0.0,0.25,dc764352a55b9710473d6c335317ee1833e6e0e75afae6c4e03aa4de75f0bf00,assigned_level_sensitivity,dynamic,periodic,0.0,False,True,nan,True,0.0,0.0,0.0,0.0,0.6464163599999839,0.202005112499995,0.516300000000001,10000,0.282053101350168,8000,8000,0.2171120546246897,5496,0.4018318507016987,0.228435741203198,0.7715642587968019,0.476,0.184719796077009,59.53412204012768,0.0,59.99997472665707,99.9989294117647,nan,nan,nan,
Full-HBTASP,100,8,1010,1000,32000,2000.0,20000.0,0.0,0,10000,0,0,8000,8000,2000,0,0,6000,0,0.25,0.0,0.25,3e60c13bb053d2a15d370770980f7254e411ef520a9a5217c622de4cf4d89024,assigned_level_sensitivity,dynamic,periodic,0.0,False,True,nan,True,0.0,0.0,0.0,0.0,0.6464124299999839,0.2020038843749949,0.516300000000001,10000,0.282371193408938,8000,8000,0.2193346297353485,5408,0.4062895902812889,0.2366149435491163,0.7633850564508837,0.475375,0.1869549605459403,59.52621383377247,0.0,59.99998352801588,99.9989294117647,nan,nan,nan,
Full-HBTASP,100,10,101,1000,40000,4000.0,26000.0,0.0,0,10000,0,0,10000,10000,4000,0,0,6000,0,0.4,0.0,0.4,a925780f8b1d683f3eb6d71845f8efaf6bc3b25b7b67acfa41bcb9db8f32d6c4,assigned_level_sensitivity,dynamic,periodic,0.0,False,True,nan,True,0.0,0.0,0.0,0.0,0.6464202899999839,0.1616050724999959,0.4130400000000008,10000,0.2271748997628606,10000,10000,0.1781924382612969,5932,0.3885495086738688,0.1847602149051302,0.8152397850948698,0.557,0.2103570704125718,59.52416206250988,0.0,59.99865285761686,99.9989294117647,nan,nan,nan,
Full-HBTASP,100,10,202,1000,40000,4000.0,26000.0,0.0,0,10000,0,0,10000,10000,4000,0,0,6000,0,0.4,0.0,0.4,7c19c4e792ca4dd66b416e493bc6af1289cd3d367758a27bcc3c2c322e41ad80,assigned_level_sensitivity,dynamic,periodic,0.0,False,True,nan,True,0.0,0.0,0.0,0.0,0.6464202899999839,0.1616050724999959,0.4130400000000008,10000,0.2300507617806724,10000,10000,0.1870360914073254,5763,0.4212704135995781,0.1946973557892231,0.8053026442107769,0.554,0.2342343221922526,59.53002134192107,0.0,59.99981605461401,99.9989294117647,nan,nan,nan,
Full-HBTASP,100,10,303,1000,40000,4000.0,26000.0,0.0,0,10000,0,0,10000,10000,4000,0,0,6000,0,0.4,0.0,0.4,72f4a780a924c370b4e0f79ceff95e6c13e99e499ef58be4b869d68d4f51cd1c,assigned_level_sensitivity,dynamic,periodic,0.0,False,True,nan,True,0.0,0.0,0.0,0.0,0.6464202899999839,0.1616050724999959,0.4130400000000008,10000,0.2267036270224974,10000,10000,0.1607338220961134,5618,0.3747871739168514,0.1677025508712418,0.8322974491287582,0.598,0.2140533518207379,59.52709239346725,0.0,59.99917252972666,99.9993,nan,nan,nan,
Full-HBTASP,100,10,404,1000,40000,4000.0,26000.0,0.0,0,10000,0,0,10000,10000,4000,0,0,6000,0,0.4,0.0,0.4,adc4d22cc1b03f53d681c17d2bb0b0520921b513b27c41ce62fcd480deab5955,assigned_level_sensitivity,dynamic,periodic,0.0,False,True,nan,True,0.0,0.0,0.0,0.0,0.6464202899999839,0.1616050724999959,0.4130400000000008,10000,0.2271462066815541,10000,10000,0.1647360215427364,5649,0.3925320157679225,0.188934793465672,0.811065206534328,0.5728,0.2277959942251861,59.52678936088495,0.0,59.99925711353211,99.9993,nan,nan,nan,
Full-HBTASP,100,10,505,1000,40000,4000.0,26000.0,0.0,0,10000,0,0,10000,10000,4000,0,0,6000,0,0.4,0.0,0.4,72371a6dc2392aa631a2f1a80556a510e93ef225cc1a7e07482cb1ad30663640,assigned_level_sensitivity,dynamic,periodic,0.0,False,True,nan,True,0.0,0.0,0.0,0.0,0.6464202899999839,0.1616050724999959,0.4130400000000008,10000,0.228869280208499,10000,10000,0.1627369862666331,5709,0.3827345154436057,0.1812893920409665,0.8187106079590335,0.58,0.2199975291769725,59.53387247027714,0.0,59.999993541158176,99.9989294117647,nan,nan,nan,
Full-HBTASP,100,10,606,1000,40000,4000.0,26000.0,0.0,0,10000,0,0,10000,10000,4000,0,0,6000,0,0.4,0.0,0.4,903a0f173f46d881f64c89dd6f644e1f36c9438a2dc8bf2dd26576201fbfc42f,assigned_level_sensitivity,dynamic,periodic,0.0,False,True,nan,True,0.0,0.0,0.0,0.0,0.6464124299999839,0.1616031074999959,0.4130400000000008,10000,0.2276227864621112,10000,10000,0.17255459082764,5849,0.3813937794974762,0.1724227956179874,0.8275772043820125,0.5688,0.2088391886698362,59.53137504992488,0.0,59.99999575558586,99.9993,nan,nan,nan,
Full-HBTASP,100,10,707,1000,40000,4000.0,26000.0,0.0,0,10000,0,0,10000,10000,4000,0,0,6000,0,0.4,0.0,0.4,013c9d9f2e8835d1195b690780ad4a7dde5a40c816ed2c5eecc755fd9402198c,assigned_level_sensitivity,dynamic,periodic,0.0,False,True,nan,True,0.0,0.0,0.0,0.0,0.6464163599999839,0.1616040899999959,0.4130400000000008,10000,0.2285633488790981,10000,10000,0.1785181371262275,5921,0.3864227915369733,0.1901035900689834,0.8098964099310166,0.562,0.2079046544107457,59.52523039224582,0.0,59.99999896508606,99.9993,nan,nan,nan,
Full-HBTASP,100,10,808,1000,40000,4000.0,26000.0,0.0,0,10000,0,0,10000,10000,4000,0,0,6000,0,0.4,0.0,0.4,4802fffd4eb60a7f490c928b0e7b1988ba6d3b0af4fa286453bae90d24f9aa25,assigned_level_sensitivity,dynamic,periodic,0.0,False,True,nan,True,0.0,0.0,0.0,0.0,0.646424219999984,0.161606054999996,0.4130400000000008,10000,0.2274107936876682,10000,10000,0.184709461788324,5890,0.4011559078550805,0.2060450702028865,0.7939549297971135,0.566,0.2164464460667565,59.51976338629814,0.0,59.999989137404526,99.9989294117647,nan,nan,nan,
Full-HBTASP,100,10,909,1000,40000,4000.0,26000.0,0.0,0,10000,0,0,10000,10000,4000,0,0,6000,0,0.4,0.0,0.4,bcc4bd9bcf311ca8bd1be474f6e2d488cb7a8c39b1a2701ed39f21885120600c,assigned_level_sensitivity,dynamic,periodic,0.0,False,True,nan,True,0.0,0.0,0.0,0.0,0.6464202899999839,0.1616050724999959,0.4130400000000008,10000,0.2271183449239452,10000,10000,0.1760335051938255,5920,0.3865755430130528,0.185265982643825,0.814734017356175,0.557,0.2105420378192272,59.531807898869566,0.0,59.99994546166072,99.9989294117647,nan,nan,nan,
Full-HBTASP,100,10,1010,1000,40000,4000.0,26000.0,0.0,0,10000,0,0,10000,10000,4000,0,0,6000,0,0.4,0.0,0.4,94917fed05a933472c176ccc8c4d3a3bfd4010636e8520465ce79b1a92644bd3,assigned_level_sensitivity,dynamic,periodic,0.0,False,True,nan,True,0.0,0.0,0.0,0.0,0.646424219999984,0.161606054999996,0.4130400000000008,10000,0.2295465499174162,10000,10000,0.1673855576863588,5820,0.3738002124674786,0.1777560900461101,0.8222439099538899,0.58,0.2064146547811197,59.53092988318075,0.0,59.99999942102711,99.9993,nan,nan,nan,
Full-HBTASP,150,4,101,1000,16000,0.0,616.0,0.0,0,15384,0,0,4000,4000,0,0,0,4000,0,0.0,0.0,0.0,358345139b329c40140caebe1f44495eb1cb4ce7057ad9123725a473225c7759,assigned_level_sensitivity,dynamic,periodic,0.0,False,True,nan,True,0.0,0.0,0.0,0.0,0.6446605304211538,0.6198410999999394,0.6884000000000013,15384,0.6404960716705087,4000,4000,0.4730534338863204,3992,0.4809935161686101,0.6287099662703364,0.3712900337296636,0.074,0.0079400822822896,59.48372156885102,0.0,59.99999458668631,149.99330909090915,nan,nan,nan,
Full-HBTASP,150,4,202,1000,16000,0.0,658.0,0.0,0,15342,0,0,4000,4000,0,0,0,4000,0,0.0,0.0,0.0,34b8939f5e22fe77656bcf596b267a8e14848f4c8183e258a0aa6bf6964bce30,assigned_level_sensitivity,dynamic,periodic,0.0,False,True,nan,True,0.0,0.0,0.0,0.0,0.6448623321600211,0.6183423687499402,0.6884000000000013,15342,0.6409000560869595,4000,4000,0.4754652787605158,3992,0.4823683389226921,0.6311553071282011,0.3688446928717989,0.078,0.0069030601621762,59.46210184386996,0.0,59.99999124746636,149.99362727272734,nan,nan,nan,
Full-HBTASP,150,4,303,1000,16000,0.0,680.0,0.0,0,15320,0,0,4000,4000,0,0,0,4000,0,0.0,0.0,0.0,cb9cf6119f28cbbe2f515263b460577c6bf03d42557f7919b99931e42d877f4b,assigned_level_sensitivity,dynamic,periodic,0.0,False,True,nan,True,0.0,0.0,0.0,0.0,0.6442999412532001,0.6169171937499391,0.6884000000000013,15320,0.6393159676691442,4000,4000,0.4803864463869333,4000,0.4852600301238619,0.6277184912921978,0.3722815087078022,0.07775,0.0048735837369286,59.44250745624414,0.0,59.99994498959808,149.98487878787878,nan,nan,nan,
Full-HBTASP,150,4,404,1000,16000,0.0,744.0,0.0,0,15256,0,0,4000,4000,0,0,0,4000,0,0.0,0.0,0.0,19660c8d7c38bf482c258d456033c0235b91bafa3f9150f8928502cb0b6a233e,assigned_level_sensitivity,dynamic,periodic,0.0,False,True,nan,True,0.0,0.0,0.0,0.0,0.6456065679076449,0.6155858624999395,0.6884000000000013,15256,0.6386918780424199,4000,4000,0.4776385352545064,3992,0.4856538112888716,0.6184517976391626,0.3815482023608374,0.082,0.0080152760343652,59.48681089664096,0.0,59.99998554609313,149.98705668449193,nan,nan,nan,
Full-HBTASP,150,4,505,1000,16000,0.0,632.0,0.0,0,15368,0,0,4000,4000,0,0,0,4000,0,0.0,0.0,0.0,73cdab68096cc443e0e24ada558429cabf1afc7f75cc16ce9d024a0d7cee62f9,assigned_level_sensitivity,dynamic,periodic,0.0,False,True,nan,True,0.0,0.0,0.0,0.0,0.6452174973971261,0.6197314062499396,0.6884000000000013,15368,0.6417309234711679,4000,4000,0.4757946225542319,3984,0.48470040601479,0.6277983520675935,0.3722016479324065,0.072,0.008905783460558,59.4400023497128,0.0,59.99990739262146,149.9889545454546,nan,nan,nan,
Full-HBTASP,150,4,606,1000,16000,0.0,704.0,0.0,0,15296,0,0,4000,4000,0,0,0,4000,0,0.0,0.0,0.0,7833957291a032d51d81862cac99e9d8ccb12f68b533b2caf53ee51ae3f9dc9c,assigned_level_sensitivity,dynamic,periodic,0.0,False,True,nan,True,0.0,0.0,0.0,0.0,0.6456854275627015,0.6172752687499428,0.6884000000000013,15296,0.6408829006790866,4000,4000,0.4747993811401991,3984,0.4833944091936123,0.6259617396926538,0.3740382603073462,0.072,0.0085950280534131,59.50729788105555,0.0,59.99993021930796,149.9943903743316,nan,nan,nan,
Full-HBTASP,150,4,707,1000,16000,0.0,624.0,0.0,0,15376,0,0,4000,4000,0,0,0,4000,0,0.0,0.0,0.0,7299403d9d2d4f4ccec9f76133c48d8d07e2ed601a2777f731db87ca14e66056,assigned_level_sensitivity,dynamic,periodic,0.0,False,True,nan,True,0.0,0.0,0.0,0.0,0.6445565686783953,0.6194188624999378,0.6884000000000013,15376,0.6411215307501575,4000,4000,0.4784398539583326,3976,0.4877860944281807,0.6272640854378209,0.3727359145621791,0.069,0.0093462404698481,59.46974489751441,0.0,59.99999973989271,149.9843363636364,nan,nan,nan,
Full-HBTASP,150,4,808,1000,16000,0.0,632.0,0.0,0,15368,0,0,4000,4000,0,0,0,4000,0,0.0,0.0,0.0,332b0fc25c5dccfb6fb5145b59221f17277c51b24f8c2d6148183eada1540c2c,assigned_level_sensitivity,dynamic,periodic,0.0,False,True,nan,True,0.0,0.0,0.0,0.0,0.6446707704320047,0.6192062749999405,0.6884000000000013,15368,0.6396878237065459,4000,4000,0.4749789445029068,3976,0.4844928133057453,0.6238679263712295,0.3761320736287705,0.07975,0.0095138688028384,59.47065781147585,0.0,59.99998081051335,149.99073636363633,nan,nan,nan,
Full-HBTASP,150,4,909,1000,16000,0.0,640.0,0.0,0,15360,0,0,4000,4000,0,0,0,4000,0,0.0,0.0,0.0,3a15676bda67054cb5929717fc730bfa67cd49969827870cd1819db4b67b2b0f,assigned_level_sensitivity,dynamic,periodic,0.0,False,True,nan,True,0.0,0.0,0.0,0.0,0.6447164322916027,0.6189277749999386,0.6884000000000013,15360,0.639108478760699,4000,4000,0.4751976629873165,3976,0.4860644350744131,0.6246011185577772,0.3753988814422228,0.074,0.0108667720870966,59.4854761859587,0.0,59.99997793900454,149.9741657754011,nan,nan,nan,
Full-HBTASP,150,4,1010,1000,16000,0.0,576.0,0.0,0,15424,0,0,4000,4000,0,0,0,4000,0,0.0,0.0,0.0,f74ec5db6e908852b709fb2fc49501319e260c6bb970c5803f31b89af1514827,assigned_level_sensitivity,dynamic,periodic,0.0,False,True,nan,True,0.0,0.0,0.0,0.0,0.6444576179978592,0.6212571437499362,0.6884000000000013,15424,0.6419307382468226,4000,4000,0.4759048880018052,3984,0.483728426436592,0.6267477980433811,0.3732522019566189,0.06825,0.0078235384347868,59.47879618877777,0.0,59.99987857589631,149.9881112299465,nan,nan,nan,
Full-HBTASP,150,6,101,1000,24000,0.0,2316.0,0.0,0,21684,0,0,6000,6000,0,0,0,6000,0,0.0,0.0,0.0,368e16a18b5b73e12179e2ceeeef5d7bbd6d7e12c7147fe591b0919c4402b0f8,assigned_level_sensitivity,dynamic,periodic,0.0,False,True,nan,True,0.0,0.0,0.0,0.0,0.6101894530527299,0.5513061708331414,0.6884000000000013,21684,0.5937483996662029,6000,6000,0.4200422586368906,5872,0.4397264490420965,0.610032762253747,0.3899672377462529,0.108,0.0196841904052059,59.68521267851381,0.0,59.99997627524291,149.99932941176485,nan,nan,nan,
Full-HBTASP,150,6,202,1000,24000,0.0,2316.0,0.0,0,21684,0,0,6000,6000,0,0,0,6000,0,0.0,0.0,0.0,1647dacc78c42fdbc64e7d28ec9e5575601944c739c0044734f158d076fd1351,assigned_level_sensitivity,dynamic,periodic,0.0,False,True,nan,True,0.0,0.0,0.0,0.0,0.6103319221543725,0.5514348916664755,0.6884000000000013,21684,0.5939265711472506,6000,6000,0.4248441530292723,5856,0.4437395055577448,0.6223738673699938,0.3776261326300062,0.108,0.0188953525284725,59.68557800687201,0.0,59.99987936066877,149.99970000000016,nan,nan,nan,
Full-HBTASP,150,6,303,1000,24000,0.0,2256.0,0.0,0,21744,0,0,6000,6000,0,0,0,6000,0,0.0,0.0,0.0,b40e3956fc736148fe48725c99a765faa7ca344bcdde335f7de5815dce321912,assigned_level_sensitivity,dynamic,periodic,0.0,False,True,nan,True,0.0,0.0,0.0,0.0,0.6099828964309858,0.5526445041664731,0.6884000000000013,21744,0.5940451637111823,6000,6000,0.423069829454623,5896,0.4413664203522156,0.6113152535653974,0.3886847464346026,0.1033333333333333,0.0182965908975926,59.6813718441857,0.0,59.99999814187559,149.99970000000008,nan,nan,nan,
Full-HBTASP,150,6,404,1000,24000,0.0,2296.0,0.0,0,21704,0,0,6000,6000,0,0,0,6000,0,0.0,0.0,0.0,90dd8c8ff63030dd9dbbd25c0b5e9d426cebafe711c88974834a56210f18bdc1,assigned_level_sensitivity,dynamic,periodic,0.0,False,True,nan,True,0.0,0.0,0.0,0.0,0.6102231984885458,0.5518451791664749,0.6884000000000013,21704,0.5940804406676216,6000,6000,0.420664172550194,5876,0.4392512999303266,0.6106033445347919,0.3893966554652081,0.1133333333333333,0.0185871273801325,59.69025722382657,0.0,59.99999906189949,149.99970000000016,nan,nan,nan,
Full-HBTASP,150,6,505,1000,24000,0.0,2292.0,0.0,0,21708,0,0,6000,6000,0,0,0,6000,0,0.0,0.0,0.0,64fec059e2099a382af339a6780c28497caac0c5ebb5f50adb7d0e94049738cd,assigned_level_sensitivity,dynamic,periodic,0.0,False,True,nan,True,0.0,0.0,0.0,0.0,0.610158697254256,0.5518885416664745,0.6884000000000013,21708,0.5947321279322468,6000,6000,0.4214107886274353,5876,0.4417215540994327,0.6118739595912788,0.3881260404087212,0.1046666666666666,0.0203107654719973,59.68509030035601,0.0,59.99998869717506,149.99932941176485,nan,nan,nan,
Full-HBTASP,150,6,606,1000,24000,0.0,2301.0,0.0,0,21699,0,0,6000,6000,0,0,0,6000,0,0.0,0.0,0.0,ae880915da58fff9f20affe7a5a25900cde6365bd54144492baa5036a1d84adc,assigned_level_sensitivity,dynamic,periodic,0.0,False,True,nan,True,0.0,0.0,0.0,0.0,0.6103553066959498,0.5518374916664757,0.6884000000000013,21699,0.5945589320523079,6000,6000,0.4210612885164216,5868,0.4414564442003207,0.6067430876554454,0.3932569123445546,0.1086666666666666,0.0203951556838991,59.68939215420732,0.0,59.999940387688525,149.99970000000008,nan,nan,nan,
Full-HBTASP,150,6,707,1000,24000,0.0,2264.0,0.0,0,21736,0,0,6000,6000,0,0,0,6000,0,0.0,0.0,0.0,c0f27110c744a3fc7a33aecc95f2268b53928f9aef18cbadd02b335ecd207f0e,assigned_level_sensitivity,dynamic,periodic,0.0,False,True,nan,True,0.0,0.0,0.0,0.0,0.6100969451598905,0.5525444666664742,0.6884000000000013,21736,0.594805384520997,6000,6000,0.4241081768458016,5883,0.4442365587951584,0.6075831695728942,0.3924168304271058,0.1021666666666666,0.0201283819493567,59.69056384449249,0.0,59.99997154146878,149.99970000000008,nan,nan,nan,
Full-HBTASP,150,6,808,1000,24000,0.0,2296.0,0.0,0,21704,0,0,6000,6000,0,0,0,6000,0,0.0,0.0,0.0,063cb3f34bb5042d5a315795e5ea1e803957554d0c67c50190b2b486a6968f17,assigned_level_sensitivity,dynamic,periodic,0.0,False,True,nan,True,0.0,0.0,0.0,0.0,0.610181307592858,0.5518072958331414,0.6884000000000013,21704,0.5944255389767125,6000,6000,0.4238507520332626,5864,0.443592675373876,0.6192296683113735,0.3807703316886265,0.1033333333333333,0.0197419233406133,59.68662095969271,0.0,59.99995470793046,149.99970000000016,nan,nan,nan,
Full-HBTASP,150,6,909,1000,24000,0.0,2300.0,0.0,0,21700,0,0,6000,6000,0,0,0,6000,0,0.0,0.0,0.0,43ca3bc1908129b5c2ac96d7e4719f6173824add31150444bda10a9206dc8922,assigned_level_sensitivity,dynamic,periodic,0.0,False,True,nan,True,0.0,0.0,0.0,0.0,0.6102453364053184,0.5517634916664754,0.6884000000000013,21700,0.594185474643588,6000,6000,0.4239250395581573,5880,0.4435724788985808,0.6169413014611737,0.3830586985388263,0.106,0.0196474393404235,59.68796491499297,0.0,59.99994916992735,149.99932941176485,nan,nan,nan,
Full-HBTASP,150,6,1010,1000,24000,0.0,2324.0,0.0,0,21676,0,0,6000,6000,0,0,0,6000,0,0.0,0.0,0.0,da29db140ec3433f5a7bef5bfca040b9d439fbd33929da0e9b1ac51f823030f9,assigned_level_sensitivity,dynamic,periodic,0.0,False,True,nan,True,0.0,0.0,0.0,0.0,0.6103857907360871,0.5512800999998093,0.6884000000000013,21676,0.5937076874983443,6000,6000,0.4220797190208091,5872,0.4415997182425039,0.6124475160877579,0.387552483912242,0.1086666666666666,0.0195199992216947,59.687075604924274,0.0,59.99996586524392,149.99970000000016,nan,nan,nan,
Full-HBTASP,150,8,101,1000,32000,0.0,15000.0,0.0,0,17000,0,0,8000,8000,0,0,0,8000,0,0.0,0.0,0.0,48536fc5e075a2292b527fb68f9e0371d396b2957068a8b27317e7a61bf9ac13,assigned_level_sensitivity,dynamic,periodic,0.0,False,True,nan,True,0.0,0.0,0.0,0.0,0.6349764235292584,0.3373312249999186,0.6884000000000013,17000,0.43805844611964,8000,8000,0.3364774895519376,7224,0.4277114788339743,0.4042906265395686,0.5957093734604314,0.253,0.0912339892820366,59.68705888547713,0.0,59.99999496999149,150.00000000000009,nan,nan,nan,
Full-HBTASP,150,8,202,1000,32000,0.0,15000.0,0.0,0,17000,0,0,8000,8000,0,0,0,8000,0,0.0,0.0,0.0,570e9630deff505ba1c5363a004cd8917cdc4ddeaaa2dfbdb2999707f9626552,assigned_level_sensitivity,dynamic,periodic,0.0,False,True,nan,True,0.0,0.0,0.0,0.0,0.634749870588081,0.337210868749918,0.6884000000000013,17000,0.4380608634391224,8000,8000,0.3388341528697265,7272,0.4293097164223281,0.4079018770198048,0.5920981229801952,0.243,0.0904755635526016,59.685291139788696,0.0,59.99999639820166,150.00000000000009,nan,nan,nan,
Full-HBTASP,150,8,303,1000,32000,0.0,15000.0,0.0,0,17000,0,0,8000,8000,0,0,0,8000,0,0.0,0.0,0.0,7258aada57693e7fc41c3edb014bd97cd32dde8bd5dca77e2f1cb8b3ef00eaf8,assigned_level_sensitivity,dynamic,periodic,0.0,False,True,nan,True,0.0,0.0,0.0,0.0,0.6350434647057295,0.3373668406249188,0.6884000000000013,17000,0.4380564004858802,8000,8000,0.3444900937343058,7336,0.4328023209650542,0.4078930316481525,0.5921069683518475,0.233,0.0883122272307484,59.692394233427,0.0,59.999966522965934,150.00000000000009,nan,nan,nan,
Full-HBTASP,150,8,404,1000,32000,0.0,15000.0,0.0,0,17000,0,0,8000,8000,0,0,0,8000,0,0.0,0.0,0.0,620f015056b4913eca566e19dd498b9d34ce3df10a7782d95a50b5b4aece1a2a,assigned_level_sensitivity,dynamic,periodic,0.0,False,True,nan,True,0.0,0.0,0.0,0.0,0.6349371235292582,0.3373103468749184,0.6884000000000013,17000,0.4382547566205676,8000,8000,0.3379447372773408,7280,0.4264586758455219,0.3996278844360281,0.6003721155639719,0.245,0.088513938568181,59.68351031161031,0.0,59.999972650015856,150.00000000000009,nan,nan,nan,
Full-HBTASP,150,8,505,1000,32000,0.0,15000.0,0.0,0,17000,0,0,8000,8000,0,0,0,8000,0,0.0,0.0,0.0,4c81619bc200eebb3080c210bdc746b4414b0cc7c3fbb63c2a1ce3f91c436327,assigned_level_sensitivity,dynamic,periodic,0.0,False,True,nan,True,0.0,0.0,0.0,0.0,0.6347961058821987,0.337235431249918,0.6884000000000013,17000,0.437871596459548,8000,8000,0.3326186313869387,7248,0.4229094777124354,0.3895230029530868,0.6104769970469132,0.255,0.0902908463254966,59.68056848204415,0.0,59.99998518303738,150.00000000000009,nan,nan,nan,
Full-HBTASP,150,8,606,1000,32000,0.0,15000.0,0.0,0,17000,0,0,8000,8000,0,0,0,8000,0,0.0,0.0,0.0,820400f60474dd2d047d6af68da1f0bbcc78c2597c68a44e9fae693f09b01e62,assigned_level_sensitivity,dynamic,periodic,0.0,False,True,nan,True,0.0,0.0,0.0,0.0,0.6350319058821999,0.3373606999999187,0.6884000000000013,17000,0.4379064215747365,8000,8000,0.3347177288062254,7248,0.4238257160792845,0.3931607277285596,0.6068392722714404,0.251,0.089107987273059,59.68570883406019,0.0,59.99996768678659,150.00000000000009,nan,nan,nan,
Full-HBTASP,150,8,707,1000,32000,0.0,15000.0,0.0,0,17000,0,0,8000,8000,0,0,0,8000,0,0.0,0.0,0.0,265cd3c30607304ee4b6dbfbe241a7f7f4ee382cc1c459bb4718426a447809b3,assigned_level_sensitivity,dynamic,periodic,0.0,False,True,nan,True,0.0,0.0,0.0,0.0,0.634916317646905,0.3372992937499183,0.6884000000000013,17000,0.4380880656274845,8000,8000,0.3385635965917922,7248,0.4286301860694556,0.4024305432774722,0.5975694567225278,0.25,0.0900665894776633,59.69042241089068,0.0,59.99995177625706,150.00000000000009,nan,nan,nan,
Full-HBTASP,150,8,808,1000,32000,0.0,15000.0,0.0,0,17000,0,0,8000,8000,0,0,0,8000,0,0.0,0.0,0.0,f4866bde13e803cb907ec64e47284a1135ec88db541e26e30e289fa70c4a5ff8,assigned_level_sensitivity,dynamic,periodic,0.0,False,True,nan,True,0.0,0.0,0.0,0.0,0.6350688941174942,0.3373803499999188,0.6884000000000013,17000,0.437756841172301,8000,8000,0.3378917981538726,7304,0.4278019013883529,0.4035039087784909,0.596496091221509,0.242,0.0899101032344802,59.69155865154607,0.0,59.99998140341847,150.00000000000009,nan,nan,nan,
Full-HBTASP,150,8,909,1000,32000,0.0,15000.0,0.0,0,17000,0,0,8000,8000,0,0,0,8000,0,0.0,0.0,0.0,a8c124acc17ac65b2cb1529125ce780607cdb86f117209ab5b3479ea9aad8a28,assigned_level_sensitivity,dynamic,periodic,0.0,False,True,nan,True,0.0,0.0,0.0,0.0,0.6347776117645515,0.337225606249918,0.6884000000000013,17000,0.4378955540008645,8000,8000,0.3347600661719274,7224,0.4246367671705963,0.4014945772565578,0.5985054227434421,0.257,0.0898767009986688,59.68704851849102,0.0,59.99999109636325,150.00000000000009,nan,nan,nan,
Full-HBTASP,150,8,1010,1000,32000,0.0,15000.0,0.0,0,17000,0,0,8000,8000,0,0,0,8000,0,0.0,0.0,0.0,d3b8735acadda44f30d6c9e91006c692298437fd0395e4753048eb08f289bf45,assigned_level_sensitivity,dynamic,periodic,0.0,False,True,nan,True,0.0,0.0,0.0,0.0,0.6348608352939638,0.3372698187499182,0.6884000000000013,17000,0.438607264366729,8000,8000,0.3307752325003349,7312,0.418936364761503,0.3932866493472538,0.6067133506527462,0.254,0.0881611322611681,59.68414932219349,0.0,59.99995588177788,150.00000000000009,nan,nan,nan,
Full-HBTASP,150,10,101,1000,40000,0.0,27000.0,0.0,0,13000,0,0,10000,10000,0,0,0,10000,0,0.0,0.0,0.0,ba24034ae3cf4562ab6a0153556be98ed2c4b4bffe7e7bdc8e8a9fe95da3ae23,assigned_level_sensitivity,dynamic,periodic,0.0,False,True,nan,True,0.0,0.0,0.0,0.0,0.66582926923072,0.2163945124999839,0.6884000000000013,13000,0.3146301859056447,10000,10000,0.2404393999375852,8060,0.4070110917656679,0.2288535466921462,0.7711464533078537,0.4,0.1665716918280827,59.67048018764801,0.0,59.99999438928821,149.99970000000008,nan,nan,nan,
Full-HBTASP,150,10,202,1000,40000,0.0,27000.0,0.0,0,13000,0,0,10000,10000,0,0,0,10000,0,0.0,0.0,0.0,a31dd7180ec5a17c6109cc36edd6a1a2865732b406c1cba67be0cad853f4b566,assigned_level_sensitivity,dynamic,periodic,0.0,False,True,nan,True,0.0,0.0,0.0,0.0,0.66582926923072,0.2163945124999839,0.6884000000000013,13000,0.3149106588807431,10000,10000,0.2417056936709534,8080,0.4055259875783563,0.2277406103881363,0.7722593896118637,0.398,0.1638202939074028,59.666552142805024,0.0,59.99999454677679,149.9991705882354,nan,nan,nan,
Full-HBTASP,150,10,303,1000,40000,0.0,27000.0,0.0,0,13000,0,0,10000,10000,0,0,0,10000,0,0.0,0.0,0.0,50217851ecebf8d2338a275cd29e82ffabe16ff153d1881d800178b818384e08,assigned_level_sensitivity,dynamic,periodic,0.0,False,True,nan,True,0.0,0.0,0.0,0.0,0.6658232230768738,0.216392547499984,0.6884000000000013,13000,0.3147076941208984,10000,10000,0.2395670421336711,8097,0.4018075893793549,0.2304224199189403,0.7695775800810597,0.3998,0.1622405472456838,59.66487481473917,0.0,59.99995475288608,149.9966294117648,nan,nan,nan,
Full-HBTASP,150,10,404,1000,40000,0.0,27000.0,0.0,0,13000,0,0,10000,10000,0,0,0,10000,0,0.0,0.0,0.0,666c91aca3d98fc592001468c87d42b3811143a5760cc295453880e244dc758a,assigned_level_sensitivity,dynamic,periodic,0.0,False,True,nan,True,0.0,0.0,0.0,0.0,0.6658232230768738,0.216392547499984,0.6884000000000013,13000,0.3142407330734353,10000,10000,0.2368736637718299,8000,0.4046708106193535,0.2390686455241574,0.7609313544758425,0.404,0.1677971468475235,59.66324247105488,0.0,59.9999874065478,149.9966294117648,nan,nan,nan,
Full-HBTASP,150,10,505,1000,40000,0.0,27000.0,0.0,0,13000,0,0,10000,10000,0,0,0,10000,0,0.0,0.0,0.0,04672988e5cbc3ed558a7a8a37b1047a717d071003dab2e756353934eb08b021,assigned_level_sensitivity,dynamic,periodic,0.0,False,True,nan,True,0.0,0.0,0.0,0.0,0.6632173307691713,0.2155456324999806,0.6884000000000013,13000,0.3140533392647215,10000,10000,0.237042602604117,8119,0.3960558098588992,0.2309089040262029,0.769091095973797,0.412,0.1590132072547822,59.65312171556619,0.0,59.99993483102668,149.99642727272737,nan,nan,nan,
Full-HBTASP,150,10,606,1000,40000,0.0,27000.0,0.0,0,13000,0,0,10000,10000,0,0,0,10000,0,0.0,0.0,0.0,4774fcd2535e12b211f86580e78668e1e9bd961da670be7bd6bd7a6c26dc59af,assigned_level_sensitivity,dynamic,periodic,0.0,False,True,nan,True,0.0,0.0,0.0,0.0,0.6632173307691713,0.2155456324999806,0.6884000000000013,13000,0.3130597129361736,10000,10000,0.2352249177670257,8040,0.3971132314572663,0.2256815273856003,0.7743184726143997,0.412,0.1618883136902405,59.6546110502173,0.0,59.99996435447666,149.99642727272737,nan,nan,nan,
Full-HBTASP,150,10,707,1000,40000,0.0,27000.0,0.0,0,13000,0,0,10000,10000,0,0,0,10000,0,0.0,0.0,0.0,c605b9756ab83b71cebd84bc5abee05ba757a64ae099f5222f6e8681ffb7d720,assigned_level_sensitivity,dynamic,periodic,0.0,False,True,nan,True,0.0,0.0,0.0,0.0,0.6658292692307201,0.216394512499984,0.6884000000000013,13000,0.3149535217815172,10000,10000,0.2426536097432294,8060,0.4042233471089745,0.2394160146540762,0.7605839853459238,0.404,0.161569737365745,59.67092564839089,0.0,59.99981124549367,149.99970000000008,nan,nan,nan,
Full-HBTASP,150,10,808,1000,40000,0.0,27000.0,0.0,0,13000,0,0,10000,10000,0,0,0,10000,0,0.0,0.0,0.0,e605a1726b1f4167ef338b823102f2cdcf91485c2169dd1f43f679edd32d0c6b,assigned_level_sensitivity,dynamic,periodic,0.0,False,True,nan,True,0.0,0.0,0.0,0.0,0.66582926923072,0.2163945124999839,0.6884000000000013,13000,0.3144102819301426,10000,10000,0.2385326985974262,8160,0.4008392500315642,0.2309424556490901,0.7690575443509098,0.3998,0.1623065514341379,59.66637098990212,0.0,59.99987323374661,149.99970000000008,nan,nan,nan,
Full-HBTASP,150,10,909,1000,40000,0.0,27000.0,0.0,0,13000,0,0,10000,10000,0,0,0,10000,0,0.0,0.0,0.0,4aa46a36bd6ab7692e6e9b8d01c77bc74efc702a0031843df833c095ec32a39e,assigned_level_sensitivity,dynamic,periodic,0.0,False,True,nan,True,0.0,0.0,0.0,0.0,0.6658262461537969,0.216393529999984,0.6884000000000013,13000,0.3148905849071513,10000,10000,0.2486279200203903,8201,0.4076670647616107,0.2465658527152581,0.7534341472847419,0.388,0.1590391447412204,59.6674113334742,0.0,59.99997352565552,149.99970000000008,nan,nan,nan,
Full-HBTASP,150,10,1010,1000,40000,0.0,27000.0,0.0,0,13000,0,0,10000,10000,0,0,0,10000,0,0.0,0.0,0.0,59935886a4422cb71f0cc89a8bc7b0c529d05a68340841646e4c8885c5e0c9ac,assigned_level_sensitivity,dynamic,periodic,0.0,False,True,nan,True,0.0,0.0,0.0,0.0,0.6632173307691713,0.2155456324999806,0.6884000000000013,13000,0.3135203941885303,10000,10000,0.2420051118074603,8101,0.3999631670759848,0.2484080020764832,0.7515919979235168,0.396,0.1579580552685245,59.65353197462787,0.0,59.9999934611912,149.99642727272737,nan,nan,nan,
Full-HBTASP,200,4,101,1000,16000,0.0,184.0,0.0,0,15816,0,0,4000,4000,0,0,0,4000,0,0.0,0.0,0.0,358345139b329c40140caebe1f44495eb1cb4ce7057ad9123725a473225c7759,assigned_level_sensitivity,dynamic,periodic,0.0,False,True,nan,True,0.0,0.0,0.0,0.0,0.6702655538693805,0.6625574999998826,0.6884000000000013,15816,0.670625408027748,4000,4000,0.4922426988492568,4000,0.49306246484262,0.6386219032544456,0.3613780967455544,0.069,0.0008197659933631,59.37109540230272,0.0,59.99991598152214,199.98478787878787,nan,nan,nan,
Full-HBTASP,200,4,202,1000,16000,0.0,104.0,0.0,0,15896,0,0,4000,4000,0,0,0,4000,0,0.0,0.0,0.0,34b8939f5e22fe77656bcf596b267a8e14848f4c8183e258a0aa6bf6964bce30,assigned_level_sensitivity,dynamic,periodic,0.0,False,True,nan,True,0.0,0.0,0.0,0.0,0.6693395067940413,0.66498879999988,0.6884000000000013,15896,0.6735612527564961,4000,4000,0.490720242293808,4000,0.4913397955864007,0.6315438646771268,0.3684561353228732,0.06,0.0006195532925926,59.4265875957796,0.0,59.99998268675088,199.98474028520496,nan,nan,nan,
Full-HBTASP,200,4,303,1000,16000,0.0,88.0,0.0,0,15912,0,0,4000,4000,0,0,0,4000,0,0.0,0.0,0.0,cb9cf6119f28cbbe2f515263b460577c6bf03d42557f7919b99931e42d877f4b,assigned_level_sensitivity,dynamic,periodic,0.0,False,True,nan,True,0.0,0.0,0.0,0.0,0.6690401520863567,0.6653604312498816,0.6884000000000013,15912,0.6731858409063955,4000,4000,0.4943068007634482,4000,0.4946757317099635,0.6365931139755348,0.3634068860244652,0.06225,0.0003689309465153,59.43140530672199,0.0,59.99997679912512,199.9788787878788,nan,nan,nan,
Full-HBTASP,200,4,404,1000,16000,0.0,120.0,0.0,0,15880,0,0,4000,4000,0,0,0,4000,0,0.0,0.0,0.0,19660c8d7c38bf482c258d456033c0235b91bafa3f9150f8928502cb0b6a233e,assigned_level_sensitivity,dynamic,periodic,0.0,False,True,nan,True,0.0,0.0,0.0,0.0,0.6693145528966088,0.6642946937498843,0.6884000000000013,15880,0.6724024627203662,4000,4000,0.4887032831612856,4000,0.4897946014677247,0.6340855103559984,0.3659144896440016,0.06575,0.0010913183064391,59.35694415820972,0.0,59.99997948369974,199.98842424242423,nan,nan,nan,
Full-HBTASP,200,4,505,1000,16000,0.0,96.0,0.0,0,15904,0,0,4000,4000,0,0,0,4000,0,0.0,0.0,0.0,73cdab68096cc443e0e24ada558429cabf1afc7f75cc16ce9d024a0d7cee62f9,assigned_level_sensitivity,dynamic,periodic,0.0,False,True,nan,True,0.0,0.0,0.0,0.0,0.6688296780682941,0.6648166999998844,0.6884000000000013,15904,0.6720341443782423,4000,4000,0.4957322872587805,4000,0.4975045470458614,0.6355954364187886,0.3644045635812114,0.062,0.0017722597870808,59.326837440419375,0.0,59.999949133496855,199.98478787878787,nan,nan,nan,
Full-HBTASP,200,4,606,1000,16000,0.0,120.0,0.0,0,15880,0,0,4000,4000,0,0,0,4000,0,0.0,0.0,0.0,7833957291a032d51d81862cac99e9d8ccb12f68b533b2caf53ee51ae3f9dc9c,assigned_level_sensitivity,dynamic,periodic,0.0,False,True,nan,True,0.0,0.0,0.0,0.0,0.6695686397983692,0.6645468749998814,0.6884000000000013,15880,0.6727244550866346,4000,4000,0.4883829550170742,3992,0.4905344009662917,0.6260669980698235,0.3739330019301765,0.06275,0.0021514459492175,59.43448923057712,0.0,59.9999880773281,199.95542424242424,nan,nan,nan,
Full-HBTASP,200,4,707,1000,16000,0.0,124.0,0.0,0,15876,0,0,4000,4000,0,0,0,4000,0,0.0,0.0,0.0,7299403d9d2d4f4ccec9f76133c48d8d07e2ed601a2777f731db87ca14e66056,assigned_level_sensitivity,dynamic,periodic,0.0,False,True,nan,True,0.0,0.0,0.0,0.0,0.6700420319978655,0.6648492062498821,0.6884000000000013,15876,0.6725503001372316,4000,4000,0.4929001801906568,4000,0.4937537339320824,0.6388296690312297,0.3611703309687702,0.06075,0.0008535537414256,59.39890193348276,0.0,59.99999471684692,199.991393939394,nan,nan,nan,
Full-HBTASP,200,4,808,1000,16000,0.0,128.0,0.0,0,15872,0,0,4000,4000,0,0,0,4000,0,0.0,0.0,0.0,332b0fc25c5dccfb6fb5145b59221f17277c51b24f8c2d6148183eada1540c2c,assigned_level_sensitivity,dynamic,periodic,0.0,False,True,nan,True,0.0,0.0,0.0,0.0,0.6700377898184314,0.664677487499884,0.6884000000000013,15872,0.6729981315702308,4000,4000,0.4929385117830884,3992,0.4950081666448595,0.6364990346644602,0.3635009653355397,0.066,0.002069654861771,59.38763701140626,0.0,59.99999827375154,199.9877575757576,nan,nan,nan,
Full-HBTASP,200,4,909,1000,16000,0.0,120.0,0.0,0,15880,0,0,4000,4000,0,0,0,4000,0,0.0,0.0,0.0,3a15676bda67054cb5929717fc730bfa67cd49969827870cd1819db4b67b2b0f,assigned_level_sensitivity,dynamic,periodic,0.0,False,True,nan,True,0.0,0.0,0.0,0.0,0.6694436523928284,0.6644228249998823,0.6884000000000013,15880,0.6713235314894109,4000,4000,0.4902431065686053,3992,0.491919737123812,0.6351017956485676,0.3648982043514324,0.064,0.0016766305552066,59.41659016602289,0.0,59.99999253464366,199.98021818181817,nan,nan,nan,
Full-HBTASP,200,4,1010,1000,16000,0.0,112.0,0.0,0,15888,0,0,4000,4000,0,0,0,4000,0,0.0,0.0,0.0,f74ec5db6e908852b709fb2fc49501319e260c6bb970c5803f31b89af1514827,assigned_level_sensitivity,dynamic,periodic,0.0,False,True,nan,True,0.0,0.0,0.0,0.0,0.6688429821247552,0.6641610812498819,0.6884000000000013,15888,0.6716605852583464,4000,4000,0.4962290231434257,3992,0.4977726926302029,0.6353833947780141,0.3646166052219859,0.06175,0.0015436694867771,59.42284886500029,0.0,59.999992664397936,199.964495543672,nan,nan,nan,
Full-HBTASP,200,6,101,1000,24000,0.0,744.0,0.0,0,23256,0,0,6000,6000,0,0,0,6000,0,0.0,0.0,0.0,368e16a18b5b73e12179e2ceeeef5d7bbd6d7e12c7147fe591b0919c4402b0f8,assigned_level_sensitivity,dynamic,periodic,0.0,False,True,nan,True,0.0,0.0,0.0,0.0,0.6340241701065376,0.6143694208332349,0.6884000000000013,23256,0.6371234661023361,6000,6000,0.4731952814592339,5972,0.4798827945261341,0.6314383143734998,0.3685616856265001,0.0786666666666666,0.0066875130669002,59.62447334533045,0.0,59.99999918252944,199.99687272727272,nan,nan,nan,
Full-HBTASP,200,6,202,1000,24000,0.0,748.0,0.0,0,23252,0,0,6000,6000,0,0,0,6000,0,0.0,0.0,0.0,1647dacc78c42fdbc64e7d28ec9e5575601944c739c0044734f158d076fd1351,assigned_level_sensitivity,dynamic,periodic,0.0,False,True,nan,True,0.0,0.0,0.0,0.0,0.6342186951659053,0.6144522124999012,0.6884000000000013,23252,0.6377387770474721,6000,6000,0.4744263991504688,5956,0.4824978325675508,0.6288147335241722,0.3711852664758278,0.074,0.0080714334170819,59.60052260932144,0.0,59.99999857673273,199.9951545454545,nan,nan,nan,
Full-HBTASP,200,6,303,1000,24000,0.0,786.0,0.0,0,23214,0,0,6000,6000,0,0,0,6000,0,0.0,0.0,0.0,b40e3956fc736148fe48725c99a765faa7ca344bcdde335f7de5815dce321912,assigned_level_sensitivity,dynamic,periodic,0.0,False,True,nan,True,0.0,0.0,0.0,0.0,0.6343549711380033,0.6135798458332337,0.6884000000000013,23214,0.636601707309778,6000,6000,0.474591042639003,5960,0.4829515809974224,0.6268735393545576,0.3731264606454424,0.0793333333333333,0.0083605383584194,59.61324610439243,0.0,59.99999850022617,199.9872064171124,nan,nan,nan,
Full-HBTASP,200,6,404,1000,24000,0.0,748.0,0.0,0,23252,0,0,6000,6000,0,0,0,6000,0,0.0,0.0,0.0,90dd8c8ff63030dd9dbbd25c0b5e9d426cebafe711c88974834a56210f18bdc1,assigned_level_sensitivity,dynamic,periodic,0.0,False,True,nan,True,0.0,0.0,0.0,0.0,0.6335335541027656,0.613788424999896,0.6884000000000013,23252,0.6371230735485428,6000,6000,0.4761558529021801,5991,0.4814815251658199,0.6357067599974097,0.3642932400025903,0.0746666666666666,0.0053256722636397,59.59885008469438,0.0,59.9999897095427,199.99218181818185,nan,nan,nan,
Full-HBTASP,200,6,505,1000,24000,0.0,744.0,0.0,0,23256,0,0,6000,6000,0,0,0,6000,0,0.0,0.0,0.0,64fec059e2099a382af339a6780c28497caac0c5ebb5f50adb7d0e94049738cd,assigned_level_sensitivity,dynamic,periodic,0.0,False,True,nan,True,0.0,0.0,0.0,0.0,0.6340066262468862,0.6143524208332327,0.6884000000000013,23256,0.6374105172349316,6000,6000,0.4733696482713276,5980,0.4797749131374997,0.6319446384896777,0.3680553615103222,0.0773333333333333,0.0064052648661721,59.6189806925771,0.0,59.99999198933486,199.9936,nan,nan,nan,
Full-HBTASP,200,6,606,1000,24000,0.0,824.0,0.0,0,23176,0,0,6000,6000,0,0,0,6000,0,0.0,0.0,0.0,ae880915da58fff9f20affe7a5a25900cde6365bd54144492baa5036a1d84adc,assigned_level_sensitivity,dynamic,periodic,0.0,False,True,nan,True,0.0,0.0,0.0,0.0,0.6343294917154642,0.6125508458332332,0.6884000000000013,23176,0.6366381840583205,6000,6000,0.4724689288825538,5948,0.4823209244344161,0.6265917856758103,0.3734082143241897,0.0781666666666666,0.0098519955518622,59.6027206429453,0.0,59.999985038137154,199.9972727272728,nan,nan,nan,
Full-HBTASP,200,6,707,1000,24000,0.0,726.0,0.0,0,23274,0,0,6000,6000,0,0,0,6000,0,0.0,0.0,0.0,c0f27110c744a3fc7a33aecc95f2268b53928f9aef18cbadd02b335ecd207f0e,assigned_level_sensitivity,dynamic,periodic,0.0,False,True,nan,True,0.0,0.0,0.0,0.0,0.6339929449169712,0.6148146583332329,0.6884000000000013,23274,0.637388541609587,6000,6000,0.4732552611902027,5960,0.4818028702454108,0.6348423348478616,0.3651576651521384,0.0753333333333333,0.0085476090552081,59.6100226325874,0.0,59.99998697289502,199.9930454545455,nan,nan,nan,
Full-HBTASP,200,6,808,1000,24000,0.0,799.0,0.0,0,23201,0,0,6000,6000,0,0,0,6000,0,0.0,0.0,0.0,063cb3f34bb5042d5a315795e5ea1e803957554d0c67c50190b2b486a6968f17,assigned_level_sensitivity,dynamic,periodic,0.0,False,True,nan,True,0.0,0.0,0.0,0.0,0.6344464290331303,0.6133246499999023,0.6884000000000013,23201,0.6372497009893732,6000,6000,0.474105013839276,5972,0.4812859100984363,0.6310819580300149,0.3689180419699851,0.078,0.0071808962591602,59.610086188207845,0.0,59.99997116998799,199.9914112299465,nan,nan,nan,
Full-HBTASP,200,6,909,1000,24000,0.0,675.0,0.0,0,23325,0,0,6000,6000,0,0,0,6000,0,0.0,0.0,0.0,43ca3bc1908129b5c2ac96d7e4719f6173824add31150444bda10a9206dc8922,assigned_level_sensitivity,dynamic,periodic,0.0,False,True,nan,True,0.0,0.0,0.0,0.0,0.6337454576633497,0.6159213666665679,0.6884000000000013,23325,0.6382039451904574,6000,6000,0.4746950991386134,5980,0.4803925212628899,0.6395214420051482,0.3604785579948518,0.0781666666666666,0.0056974221242764,59.59978724619318,0.0,59.99997782273723,199.9927909090909,nan,nan,nan,
Full-HBTASP,200,6,1010,1000,24000,0.0,748.0,0.0,0,23252,0,0,6000,6000,0,0,0,6000,0,0.0,0.0,0.0,da29db140ec3433f5a7bef5bfca040b9d439fbd33929da0e9b1ac51f823030f9,assigned_level_sensitivity,dynamic,periodic,0.0,False,True,nan,True,0.0,0.0,0.0,0.0,0.6339545716496466,0.6141963208332326,0.6884000000000013,23252,0.6374387942257188,6000,6000,0.4755610188872286,5960,0.4833595298602306,0.6331554464011623,0.3668445535988377,0.0768333333333333,0.0077985109730019,59.62037613831223,0.0,59.99995973883412,199.99502727272733,nan,nan,nan,
Full-HBTASP,200,8,101,1000,32000,0.0,3328.0,0.0,0,28672,0,0,8000,8000,0,0,0,8000,0,0.0,0.0,0.0,48536fc5e075a2292b527fb68f9e0371d396b2957068a8b27317e7a61bf9ac13,assigned_level_sensitivity,dynamic,periodic,0.0,False,True,nan,True,0.0,0.0,0.0,0.0,0.6114769845143219,0.5478833781248323,0.6884000000000013,28672,0.5960519347668838,8000,8000,0.4233630601583233,7824,0.4414867990569587,0.6161611709347413,0.3838388290652587,0.111125,0.0181237388986353,59.758411124320745,0.0,59.99968811245688,199.9973294117649,nan,nan,nan,
Full-HBTASP,200,8,202,1000,32000,0.0,3232.0,0.0,0,28768,0,0,8000,8000,0,0,0,8000,0,0.0,0.0,0.0,570e9630deff505ba1c5363a004cd8917cdc4ddeaaa2dfbdb2999707f9626552,assigned_level_sensitivity,dynamic,periodic,0.0,False,True,nan,True,0.0,0.0,0.0,0.0,0.6111791643490926,0.5494500687498343,0.6884000000000013,28768,0.596829699212707,8000,8000,0.4259450744664038,7800,0.4477085510521461,0.6152341481667032,0.3847658518332968,0.107,0.0217634765857423,59.76248739890935,0.0,59.99995391880117,199.9973294117649,nan,nan,nan,
Full-HBTASP,200,8,303,1000,32000,0.0,3264.0,0.0,0,28736,0,0,8000,8000,0,0,0,8000,0,0.0,0.0,0.0,7258aada57693e7fc41c3edb014bd97cd32dde8bd5dca77e2f1cb8b3ef00eaf8,assigned_level_sensitivity,dynamic,periodic,0.0,False,True,nan,True,0.0,0.0,0.0,0.0,0.6112432488862284,0.5488964374998331,0.6884000000000013,28736,0.5954160103473167,8000,8000,0.4248050029972131,7824,0.4465902861375166,0.6030065887045809,0.3969934112954191,0.106,0.0217852831403034,59.764458000408,0.0,59.99995701851758,199.998,nan,nan,nan,
Full-HBTASP,200,8,404,1000,32000,0.0,3328.0,0.0,0,28672,0,0,8000,8000,0,0,0,8000,0,0.0,0.0,0.0,620f015056b4913eca566e19dd498b9d34ce3df10a7782d95a50b5b4aece1a2a,assigned_level_sensitivity,dynamic,periodic,0.0,False,True,nan,True,0.0,0.0,0.0,0.0,0.6114959960935634,0.5479004124998328,0.6884000000000013,28672,0.5948635781198814,8000,8000,0.4236993279465303,7808,0.4462738798957982,0.5959892983057852,0.4040107016942148,0.109875,0.0225745519492678,59.75999217226423,0.0,59.99999314083408,199.99723529411767,nan,nan,nan,
Full-HBTASP,200,8,505,1000,32000,0.0,3304.0,0.0,0,28696,0,0,8000,8000,0,0,0,8000,0,0.0,0.0,0.0,4c81619bc200eebb3080c210bdc746b4414b0cc7c3fbb63c2a1ce3f91c436327,assigned_level_sensitivity,dynamic,periodic,0.0,False,True,nan,True,0.0,0.0,0.0,0.0,0.6113623396987253,0.5482391781248319,0.6884000000000013,28696,0.5953639091979601,8000,8000,0.4235195340760764,7839,0.4449822923841514,0.6053804711173734,0.3946195288826266,0.104,0.0214627583080749,59.76019504039909,0.0,59.99999961976269,199.99675668449217,nan,nan,nan,
Full-HBTASP,200,8,606,1000,32000,0.0,3264.0,0.0,0,28736,0,0,8000,8000,0,0,0,8000,0,0.0,0.0,0.0,820400f60474dd2d047d6af68da1f0bbcc78c2597c68a44e9fae693f09b01e62,assigned_level_sensitivity,dynamic,periodic,0.0,False,True,nan,True,0.0,0.0,0.0,0.0,0.6112950932626217,0.5489429937498342,0.6884000000000013,28736,0.596748087833478,8000,8000,0.4233657652877218,7792,0.4470105898925122,0.604053778705678,0.395946221294322,0.104875,0.0236448246047903,59.75888185500417,0.0,59.99995010254344,199.9973294117649,nan,nan,nan,
Full-HBTASP,200,8,707,1000,32000,0.0,3232.0,0.0,0,28768,0,0,8000,8000,0,0,0,8000,0,0.0,0.0,0.0,265cd3c30607304ee4b6dbfbe241a7f7f4ee382cc1c459bb4718426a447809b3,assigned_level_sensitivity,dynamic,periodic,0.0,False,True,nan,True,0.0,0.0,0.0,0.0,0.6111727023079356,0.5494442593748341,0.6884000000000013,28768,0.5955154883581301,8000,8000,0.4247138077957977,7808,0.4472437184141443,0.61593586381231,0.38406413618769,0.109,0.0225299106183466,59.76315153884776,0.0,59.999695264850224,199.9973294117649,nan,nan,nan,
Full-HBTASP,200,8,808,1000,32000,0.0,3304.0,0.0,0,28696,0,0,8000,8000,0,0,0,8000,0,0.0,0.0,0.0,f4866bde13e803cb907ec64e47284a1135ec88db541e26e30e289fa70c4a5ff8,assigned_level_sensitivity,dynamic,periodic,0.0,False,True,nan,True,0.0,0.0,0.0,0.0,0.6114717765540373,0.548337315624833,0.6884000000000013,28696,0.5957758484648343,8000,8000,0.4234611396396558,7816,0.443505719525518,0.618527398005498,0.3814726019945019,0.111125,0.0200445798858621,59.76300004780525,0.0,59.99981046997935,199.99712727272748,nan,nan,nan,
Full-HBTASP,200,8,909,1000,32000,0.0,3200.0,0.0,0,28800,0,0,8000,8000,0,0,0,8000,0,0.0,0.0,0.0,a8c124acc17ac65b2cb1529125ce780607cdb86f117209ab5b3479ea9aad8a28,assigned_level_sensitivity,dynamic,periodic,0.0,False,True,nan,True,0.0,0.0,0.0,0.0,0.6110982118053719,0.5499883906248347,0.6884000000000013,28800,0.5959598524915796,8000,8000,0.4228962176637654,7824,0.4448880683741412,0.6100374742902086,0.3899625257097914,0.108,0.0219918507103757,59.76512577225401,0.0,59.99999576757921,199.9973294117649,nan,nan,nan,
Full-HBTASP,200,8,1010,1000,32000,0.0,3344.0,0.0,0,28656,0,0,8000,8000,0,0,0,8000,0,0.0,0.0,0.0,d3b8735acadda44f30d6c9e91006c692298437fd0395e4753048eb08f289bf45,assigned_level_sensitivity,dynamic,periodic,0.0,False,True,nan,True,0.0,0.0,0.0,0.0,0.611398115577702,0.547507012499832,0.6884000000000013,28656,0.595306097841923,8000,8000,0.4243123438870312,7815,0.4449469152693095,0.613727539762238,0.3862724602377619,0.112125,0.0206345713822782,59.75831611990349,0.0,59.99993043087373,199.998,nan,nan,nan,
Full-HBTASP,200,10,101,1000,40000,0.0,15000.0,0.0,0,25000,0,0,10000,10000,0,0,0,10000,0,0.0,0.0,0.0,ba24034ae3cf4562ab6a0153556be98ed2c4b4bffe7e7bdc8e8a9fe95da3ae23,assigned_level_sensitivity,dynamic,periodic,0.0,False,True,nan,True,0.0,0.0,0.0,0.0,0.6227599999997173,0.3892249999998233,0.6884000000000013,25000,0.4882203766788728,10000,10000,0.363719869356748,9340,0.4286007375912753,0.4614116772176444,0.5385883227823556,0.196,0.0648808682345273,59.75801805489334,0.0,59.99999947004302,199.998,nan,nan,nan,
Full-HBTASP,200,10,202,1000,40000,0.0,15000.0,0.0,0,25000,0,0,10000,10000,0,0,0,10000,0,0.0,0.0,0.0,a31dd7180ec5a17c6109cc36edd6a1a2865732b406c1cba67be0cad853f4b566,assigned_level_sensitivity,dynamic,periodic,0.0,False,True,nan,True,0.0,0.0,0.0,0.0,0.6227599999997173,0.3892249999998233,0.6884000000000013,25000,0.4883814759378844,10000,10000,0.3630048759681646,9320,0.4241611597467541,0.4718503079157844,0.5281496920842156,0.2,0.0611562837785895,59.76186382087096,0.0,59.999986446674285,199.99723529411767,nan,nan,nan,
Full-HBTASP,200,10,303,1000,40000,0.0,15000.0,0.0,0,25000,0,0,10000,10000,0,0,0,10000,0,0.0,0.0,0.0,50217851ecebf8d2338a275cd29e82ffabe16ff153d1881d800178b818384e08,assigned_level_sensitivity,dynamic,periodic,0.0,False,True,nan,True,0.0,0.0,0.0,0.0,0.6227599999997173,0.3892249999998233,0.6884000000000013,25000,0.4881345259616333,10000,10000,0.3607501332545966,9400,0.4206699429375218,0.4665535942768457,0.5334464057231543,0.204,0.0599198096829252,59.75884186579803,0.0,59.99999482276386,199.998,nan,nan,nan,
Full-HBTASP,200,10,404,1000,40000,0.0,15000.0,0.0,0,25000,0,0,10000,10000,0,0,0,10000,0,0.0,0.0,0.0,666c91aca3d98fc592001468c87d42b3811143a5760cc295453880e244dc758a,assigned_level_sensitivity,dynamic,periodic,0.0,False,True,nan,True,0.0,0.0,0.0,0.0,0.6227599999997173,0.3892249999998233,0.6884000000000013,25000,0.488116981571272,10000,10000,0.3657247186263025,9460,0.4249268674455987,0.462618563011316,0.537381436988684,0.192,0.0592021488192961,59.76105646346611,0.0,59.9999988549435,199.99723529411767,nan,nan,nan,
Full-HBTASP,200,10,505,1000,40000,0.0,15000.0,0.0,0,25000,0,0,10000,10000,0,0,0,10000,0,0.0,0.0,0.0,04672988e5cbc3ed558a7a8a37b1047a717d071003dab2e756353934eb08b021,assigned_level_sensitivity,dynamic,periodic,0.0,False,True,nan,True,0.0,0.0,0.0,0.0,0.6227599999997173,0.3892249999998233,0.6884000000000013,25000,0.4877824262992543,10000,10000,0.3634274223653486,9360,0.4279363550626093,0.4691364221927521,0.5308635778072479,0.196,0.0645089326972606,59.76166239446293,0.0,59.99999236833356,199.998,nan,nan,nan,
Full-HBTASP,200,10,606,1000,40000,0.0,15000.0,0.0,0,25000,0,0,10000,10000,0,0,0,10000,0,0.0,0.0,0.0,4774fcd2535e12b211f86580e78668e1e9bd961da670be7bd6bd7a6c26dc59af,assigned_level_sensitivity,dynamic,periodic,0.0,False,True,nan,True,0.0,0.0,0.0,0.0,0.6227599999997173,0.3892249999998233,0.6884000000000013,25000,0.4884793049272694,10000,10000,0.3542389556599362,9360,0.4203216278915283,0.4512354918389314,0.5487645081610686,0.21,0.0660826722315921,59.75936805444644,0.0,59.999997602153385,199.998,nan,nan,nan,
Full-HBTASP,200,10,707,1000,40000,0.0,15000.0,0.0,0,25000,0,0,10000,10000,0,0,0,10000,0,0.0,0.0,0.0,c605b9756ab83b71cebd84bc5abee05ba757a64ae099f5222f6e8681ffb7d720,assigned_level_sensitivity,dynamic,periodic,0.0,False,True,nan,True,0.0,0.0,0.0,0.0,0.6227599999997173,0.3892249999998233,0.6884000000000013,25000,0.4879705780899858,10000,10000,0.3578902625564541,9307,0.424650993807562,0.4602129598696873,0.5397870401303126,0.2013,0.0667607312511079,59.760136285983016,0.0,59.99999888176288,199.99723529411767,nan,nan,nan,
Full-HBTASP,200,10,808,1000,40000,0.0,15000.0,0.0,0,25000,0,0,10000,10000,0,0,0,10000,0,0.0,0.0,0.0,e605a1726b1f4167ef338b823102f2cdcf91485c2169dd1f43f679edd32d0c6b,assigned_level_sensitivity,dynamic,periodic,0.0,False,True,nan,True,0.0,0.0,0.0,0.0,0.6227599999997173,0.3892249999998233,0.6884000000000013,25000,0.4878063293468102,10000,10000,0.3645792514983912,9460,0.4254669570684072,0.465766505597446,0.534233494402554,0.194,0.060887705570016,59.76051602268342,0.0,59.99999971781351,199.99723529411767,nan,nan,nan,
Full-HBTASP,200,10,909,1000,40000,0.0,15000.0,0.0,0,25000,0,0,10000,10000,0,0,0,10000,0,0.0,0.0,0.0,4aa46a36bd6ab7692e6e9b8d01c77bc74efc702a0031843df833c095ec32a39e,assigned_level_sensitivity,dynamic,periodic,0.0,False,True,nan,True,0.0,0.0,0.0,0.0,0.6227599999997173,0.3892249999998233,0.6884000000000013,25000,0.488100419349091,10000,10000,0.3700608177700965,9420,0.4286589228164076,0.4629271670552654,0.5370728329447345,0.192,0.058598105046311,59.7579798972587,0.0,59.99999918303773,199.998,nan,nan,nan,
Full-HBTASP,200,10,1010,1000,40000,0.0,15000.0,0.0,0,25000,0,0,10000,10000,0,0,0,10000,0,0.0,0.0,0.0,59935886a4422cb71f0cc89a8bc7b0c529d05a68340841646e4c8885c5e0c9ac,assigned_level_sensitivity,dynamic,periodic,0.0,False,True,nan,True,0.0,0.0,0.0,0.0,0.6227599999997173,0.3892249999998233,0.6884000000000013,25000,0.4880611517604354,10000,10000,0.3633108773364362,9380,0.426979965463018,0.4768707286179394,0.5231292713820606,0.204,0.0636690881265818,59.76094881056868,0.0,59.99999529428784,199.998,nan,nan,nan,
Full-HBTASP,250,4,101,1000,16000,0.0,208.0,0.0,0,15792,0,0,4000,4000,0,0,0,4000,0,0.0,0.0,0.0,358345139b329c40140caebe1f44495eb1cb4ce7057ad9123725a473225c7759,assigned_level_sensitivity,dynamic,periodic,0.0,False,True,nan,True,0.0,0.0,0.0,0.0,0.684100905521623,0.6752075937498419,0.6884000000000013,15792,0.6772844960213866,4000,4000,0.4919614151036486,4000,0.4948085291458196,0.6314067073242603,0.3685932926757397,0.066,0.0028471140421709,58.287663991775446,0.0,59.9998877670933,249.9711515151515,nan,nan,nan,
Full-HBTASP,250,4,202,1000,16000,0.0,168.0,0.0,0,15832,0,0,4000,4000,0,0,0,4000,0,0.0,0.0,0.0,34b8939f5e22fe77656bcf596b267a8e14848f4c8183e258a0aa6bf6964bce30,assigned_level_sensitivity,dynamic,periodic,0.0,False,True,nan,True,0.0,0.0,0.0,0.0,0.6840230987871044,0.6768408562498398,0.6884000000000013,15832,0.6790436010800481,4000,4000,0.4950881309017435,4000,0.4967533681259382,0.6303862285939945,0.3696137714060055,0.062,0.0016652372241947,58.40391596402733,0.0,59.99894805286661,249.9741212121212,nan,nan,nan,
Full-HBTASP,250,4,303,1000,16000,0.0,168.0,0.0,0,15832,0,0,4000,4000,0,0,0,4000,0,0.0,0.0,0.0,cb9cf6119f28cbbe2f515263b460577c6bf03d42557f7919b99931e42d877f4b,assigned_level_sensitivity,dynamic,periodic,0.0,False,True,nan,True,0.0,0.0,0.0,0.0,0.6841910497724502,0.6770070437498394,0.6884000000000013,15832,0.6784112568740905,4000,4000,0.4944138942339325,4000,0.4959888979326233,0.6320868478874677,0.3679131521125323,0.062,0.0015750036986907,58.26980693438145,0.0,59.998664463025136,249.9741212121212,nan,nan,nan,
Full-HBTASP,250,4,404,1000,16000,0.0,192.0,0.0,0,15808,0,0,4000,4000,0,0,0,4000,0,0.0,0.0,0.0,19660c8d7c38bf482c258d456033c0235b91bafa3f9150f8928502cb0b6a233e,assigned_level_sensitivity,dynamic,periodic,0.0,False,True,nan,True,0.0,0.0,0.0,0.0,0.6841496837042931,0.6759398874998416,0.6884000000000013,15808,0.6776134979368615,4000,4000,0.4938085475252438,4000,0.495766253081308,0.6305042939565618,0.3694957060434382,0.064,0.0019577055560642,58.18455234333267,0.0,59.99754790353914,249.96457575757572,nan,nan,nan,
Full-HBTASP,250,4,505,1000,16000,0.0,200.0,0.0,0,15800,0,0,4000,4000,0,0,0,4000,0,0.0,0.0,0.0,73cdab68096cc443e0e24ada558429cabf1afc7f75cc16ce9d024a0d7cee62f9,assigned_level_sensitivity,dynamic,periodic,0.0,False,True,nan,True,0.0,0.0,0.0,0.0,0.683916107594775,0.6753671562498402,0.6884000000000013,15800,0.6770285685168266,4000,4000,0.4906583010791721,4000,0.492498610101874,0.6216160400248895,0.3783839599751105,0.06425,0.0018403090227019,58.52070438519457,0.0,59.99963188203776,249.9711515151515,nan,nan,nan,
Full-HBTASP,250,4,606,1000,16000,0.0,184.0,0.0,0,15816,0,0,4000,4000,0,0,0,4000,0,0.0,0.0,0.0,7833957291a032d51d81862cac99e9d8ccb12f68b533b2caf53ee51ae3f9dc9c,assigned_level_sensitivity,dynamic,periodic,0.0,False,True,nan,True,0.0,0.0,0.0,0.0,0.6840190692967527,0.6761528499998402,0.6884000000000013,15816,0.6779435794862881,4000,4000,0.4926907406189137,4000,0.4939987234108883,0.6232665750415984,0.3767334249584015,0.064,0.0013079827919745,58.40156961095196,0.0,59.99995237899467,249.96554545454543,nan,nan,nan,
Full-HBTASP,250,4,707,1000,16000,0.0,168.0,0.0,0,15832,0,0,4000,4000,0,0,0,4000,0,0.0,0.0,0.0,7299403d9d2d4f4ccec9f76133c48d8d07e2ed601a2777f731db87ca14e66056,assigned_level_sensitivity,dynamic,periodic,0.0,False,True,nan,True,0.0,0.0,0.0,0.0,0.6841177930771506,0.6769345562498406,0.6884000000000013,15832,0.6784280481070992,4000,4000,0.496196290791906,4000,0.4972700946472273,0.6338711401724243,0.3661288598275757,0.06,0.0010738038553212,58.28588638122788,0.0,59.99983912410322,249.9711515151515,nan,nan,nan,
Full-HBTASP,250,4,808,1000,16000,0.0,128.0,0.0,0,15872,0,0,4000,4000,0,0,0,4000,0,0.0,0.0,0.0,332b0fc25c5dccfb6fb5145b59221f17277c51b24f8c2d6148183eada1540c2c,assigned_level_sensitivity,dynamic,periodic,0.0,False,True,nan,True,0.0,0.0,0.0,0.0,0.6839077431954025,0.6784364812498392,0.6884000000000013,15872,0.6796157688380083,4000,4000,0.4929358858183809,4000,0.4940236943805,0.6315431743569162,0.3684568256430838,0.066,0.001087808562119,58.3051137164404,0.0,59.9999870713804,249.95496969696967,nan,nan,nan,
Full-HBTASP,250,4,909,1000,16000,0.0,176.0,0.0,0,15824,0,0,4000,4000,0,0,0,4000,0,0.0,0.0,0.0,3a15676bda67054cb5929717fc730bfa67cd49969827870cd1819db4b67b2b0f,assigned_level_sensitivity,dynamic,periodic,0.0,False,True,nan,True,0.0,0.0,0.0,0.0,0.6838755245195574,0.6763528937498422,0.6884000000000013,15824,0.6782622740552141,4000,4000,0.4942475399234283,3992,0.4964777879124672,0.6297494957777543,0.3702505042222457,0.064,0.0022302479890389,58.15445873824186,0.0,59.999457511062886,249.9741212121212,nan,nan,nan,
Full-HBTASP,250,4,1010,1000,16000,0.0,160.0,0.0,0,15840,0,0,4000,4000,0,0,0,4000,0,0.0,0.0,0.0,f74ec5db6e908852b709fb2fc49501319e260c6bb970c5803f31b89af1514827,assigned_level_sensitivity,dynamic,periodic,0.0,False,True,nan,True,0.0,0.0,0.0,0.0,0.684214741161453,0.6773725937498384,0.6884000000000013,15840,0.6794319202087471,4000,4000,0.4948576721388244,4000,0.4952592417198915,0.6340655837994746,0.3659344162005253,0.064,0.0004015695810671,58.48369225670246,0.0,59.99830760614663,249.9770909090909,nan,nan,nan,
Full-HBTASP,250,6,101,1000,24000,0.0,328.0,0.0,0,23672,0,0,6000,6000,0,0,0,6000,0,0.0,0.0,0.0,368e16a18b5b73e12179e2ceeeef5d7bbd6d7e12c7147fe591b0919c4402b0f8,assigned_level_sensitivity,dynamic,periodic,0.0,False,True,nan,True,0.0,0.0,0.0,0.0,0.654553210544046,0.645607649999944,0.6884000000000013,23672,0.6596355631008833,6000,6000,0.4917068819791776,5988,0.4936801572033503,0.6455337463824817,0.3544662536175182,0.0671666666666666,0.0019732752241726,59.58364796399935,0.0,59.99989165595979,249.97044242424244,nan,nan,nan,
Full-HBTASP,250,6,202,1000,24000,0.0,352.0,0.0,0,23648,0,0,6000,6000,0,0,0,6000,0,0.0,0.0,0.0,1647dacc78c42fdbc64e7d28ec9e5575601944c739c0044734f158d076fd1351,assigned_level_sensitivity,dynamic,periodic,0.0,False,True,nan,True,0.0,0.0,0.0,0.0,0.6548689994925039,0.6452642541666138,0.6884000000000013,23648,0.6591079306006068,6000,6000,0.4901101938311274,5988,0.4933540147372663,0.641889879130907,0.358110120869093,0.0671666666666666,0.0032438209061388,59.570098097165385,0.0,59.99994670147829,249.98458181818188,nan,nan,nan,
Full-HBTASP,250,6,303,1000,24000,0.0,316.0,0.0,0,23684,0,0,6000,6000,0,0,0,6000,0,0.0,0.0,0.0,b40e3956fc736148fe48725c99a765faa7ca344bcdde335f7de5815dce321912,assigned_level_sensitivity,dynamic,periodic,0.0,False,True,nan,True,0.0,0.0,0.0,0.0,0.6546882114507139,0.6460681499999462,0.6884000000000013,23684,0.6605098598659283,6000,6000,0.4916552946704342,5996,0.4935443568368961,0.6421568922407817,0.3578431077592183,0.0655,0.0018890621664619,59.5768381113758,0.0,59.99998461747981,249.96826060606065,nan,nan,nan,
Full-HBTASP,250,6,404,1000,24000,0.0,392.0,0.0,0,23608,0,0,6000,6000,0,0,0,6000,0,0.0,0.0,0.0,90dd8c8ff63030dd9dbbd25c0b5e9d426cebafe711c88974834a56210f18bdc1,assigned_level_sensitivity,dynamic,periodic,0.0,False,True,nan,True,0.0,0.0,0.0,0.0,0.6547280964079407,0.644034204166611,0.6884000000000013,23608,0.6585040451532895,6000,6000,0.4862957989069235,5992,0.4890736132531045,0.6340676994076819,0.365932300592318,0.0701666666666666,0.002777814346181,59.57133481326005,0.0,59.999994798019216,249.96761818181815,nan,nan,nan,
Full-HBTASP,250,6,505,1000,24000,0.0,348.0,0.0,0,23652,0,0,6000,6000,0,0,0,6000,0,0.0,0.0,0.0,64fec059e2099a382af339a6780c28497caac0c5ebb5f50adb7d0e94049738cd,assigned_level_sensitivity,dynamic,periodic,0.0,False,True,nan,True,0.0,0.0,0.0,0.0,0.6546726619312863,0.6451799083332825,0.6884000000000013,23652,0.6599220479564877,6000,6000,0.4888764107104428,5988,0.4922948115119989,0.6373693601628722,0.3626306398371278,0.0681666666666666,0.003418400801556,59.58288644026534,0.0,59.99996287429353,249.9925727272728,nan,nan,nan,
Full-HBTASP,250,6,606,1000,24000,0.0,372.0,0.0,0,23628,0,0,6000,6000,0,0,0,6000,0,0.0,0.0,0.0,ae880915da58fff9f20affe7a5a25900cde6365bd54144492baa5036a1d84adc,assigned_level_sensitivity,dynamic,periodic,0.0,False,True,nan,True,0.0,0.0,0.0,0.0,0.6550364271203086,0.6448833624999438,0.6884000000000013,23628,0.659222972965536,6000,6000,0.4889883679442728,5992,0.4917491492155055,0.6385181628948532,0.3614818371051468,0.0686666666666666,0.0027607812712327,59.57040138857974,0.0,59.99998732663779,249.98599393939395,nan,nan,nan,
Full-HBTASP,250,6,707,1000,24000,0.0,360.0,0.0,0,23640,0,0,6000,6000,0,0,0,6000,0,0.0,0.0,0.0,c0f27110c744a3fc7a33aecc95f2268b53928f9aef18cbadd02b335ecd207f0e,assigned_level_sensitivity,dynamic,periodic,0.0,False,True,nan,True,0.0,0.0,0.0,0.0,0.6549252411166969,0.6451013624999464,0.6884000000000013,23640,0.6598869553227366,6000,6000,0.4887786060273365,5984,0.4918897050754656,0.6396283283016202,0.3603716716983798,0.0686666666666666,0.003111099048129,59.58223057143545,0.0,59.99998852632683,249.9692251336899,nan,nan,nan,
Full-HBTASP,250,6,808,1000,24000,0.0,412.0,0.0,0,23588,0,0,6000,6000,0,0,0,6000,0,0.0,0.0,0.0,063cb3f34bb5042d5a315795e5ea1e803957554d0c67c50190b2b486a6968f17,assigned_level_sensitivity,dynamic,periodic,0.0,False,True,nan,True,0.0,0.0,0.0,0.0,0.6550494191961458,0.6438044041666119,0.6884000000000013,23588,0.6590559971752838,6000,6000,0.4873835242333111,5992,0.4904833501302723,0.6399125685068968,0.3600874314931032,0.0706666666666666,0.0030998258969611,59.552792803516525,0.0,59.99998829769165,249.9706631016043,nan,nan,nan,
Full-HBTASP,250,6,909,1000,24000,0.0,348.0,0.0,0,23652,0,0,6000,6000,0,0,0,6000,0,0.0,0.0,0.0,43ca3bc1908129b5c2ac96d7e4719f6173824add31150444bda10a9206dc8922,assigned_level_sensitivity,dynamic,periodic,0.0,False,True,nan,True,0.0,0.0,0.0,0.0,0.6548726365634503,0.6453769833332803,0.6884000000000013,23652,0.6596107659264638,6000,6000,0.4892818767635747,5988,0.492833744177922,0.642267082457863,0.357732917542137,0.0666666666666666,0.0035518674143472,59.547353792862,0.0,59.99998985957156,249.98435401069528,nan,nan,nan,
Full-HBTASP,250,6,1010,1000,24000,0.0,364.0,0.0,0,23636,0,0,6000,6000,0,0,0,6000,0,0.0,0.0,0.0,da29db140ec3433f5a7bef5bfca040b9d439fbd33929da0e9b1ac51f823030f9,assigned_level_sensitivity,dynamic,periodic,0.0,False,True,nan,True,0.0,0.0,0.0,0.0,0.6547076366558925,0.6447779041666114,0.6884000000000013,23636,0.6595724442444877,6000,6000,0.4903700127746138,5992,0.4931001156800562,0.6382837493841725,0.3617162506158274,0.0688333333333333,0.0027301029054423,59.558540917402176,0.0,59.99996973587167,249.97712727272724,nan,nan,nan,
Full-HBTASP,250,8,101,1000,32000,0.0,1472.0,0.0,0,30528,0,0,8000,8000,0,0,0,8000,0,0.0,0.0,0.0,48536fc5e075a2292b527fb68f9e0371d396b2957068a8b27317e7a61bf9ac13,assigned_level_sensitivity,dynamic,periodic,0.0,False,True,nan,True,0.0,0.0,0.0,0.0,0.6291861667975055,0.6002436031248202,0.6884000000000013,30528,0.6280715094504111,8000,8000,0.470024805668835,7915,0.4809914764074372,0.630869426983121,0.369130573016879,0.086,0.0109666707386022,59.69492751275141,0.0,59.9999985484385,249.99564705882352,nan,nan,nan,
Full-HBTASP,250,8,202,1000,32000,0.0,1416.0,0.0,0,30584,0,0,8000,8000,0,0,0,8000,0,0.0,0.0,0.0,570e9630deff505ba1c5363a004cd8917cdc4ddeaaa2dfbdb2999707f9626552,assigned_level_sensitivity,dynamic,periodic,0.0,False,True,nan,True,0.0,0.0,0.0,0.0,0.6292320330890078,0.6013885156248192,0.6884000000000013,30584,0.6287455617106921,8000,8000,0.4708592227088121,7921,0.4806029416521382,0.6298905683795757,0.3701094316204243,0.085875,0.009743718943326,59.67555359081014,0.0,59.99997250741282,249.99248181818177,nan,nan,nan,
Full-HBTASP,250,8,303,1000,32000,0.0,1352.0,0.0,0,30648,0,0,8000,8000,0,0,0,8000,0,0.0,0.0,0.0,7258aada57693e7fc41c3edb014bd97cd32dde8bd5dca77e2f1cb8b3ef00eaf8,assigned_level_sensitivity,dynamic,periodic,0.0,False,True,nan,True,0.0,0.0,0.0,0.0,0.6293820118766047,0.6027906218748181,0.6884000000000013,30648,0.6291551614215125,8000,8000,0.4669284200463647,7952,0.4757295736733402,0.6209398765303574,0.3790601234696426,0.087,0.0088011536269755,59.68743412531926,0.0,59.99997048263241,249.9937652406417,nan,nan,nan,
Full-HBTASP,250,8,404,1000,32000,0.0,1392.0,0.0,0,30608,0,0,8000,8000,0,0,0,8000,0,0.0,0.0,0.0,620f015056b4913eca566e19dd498b9d34ce3df10a7782d95a50b5b4aece1a2a,assigned_level_sensitivity,dynamic,periodic,0.0,False,True,nan,True,0.0,0.0,0.0,0.0,0.6291459030316988,0.6017780562498198,0.6884000000000013,30608,0.6281899051888461,8000,8000,0.4713619620921708,7968,0.4792094212459885,0.6256678538937893,0.3743321461062107,0.082,0.0078474591538176,59.68571750590231,0.0,59.99993984818917,249.9910363636364,nan,nan,nan,
Full-HBTASP,250,8,505,1000,32000,0.0,1272.0,0.0,0,30728,0,0,8000,8000,0,0,0,8000,0,0.0,0.0,0.0,4c81619bc200eebb3080c210bdc746b4414b0cc7c3fbb63c2a1ce3f91c436327,assigned_level_sensitivity,dynamic,periodic,0.0,False,True,nan,True,0.0,0.0,0.0,0.0,0.6289176386355831,0.6039181624998187,0.6884000000000013,30728,0.6302713441126985,8000,8000,0.473121823077794,7952,0.4812683389920459,0.6330926444341521,0.3669073555658478,0.077,0.0081465159142519,59.68561072319888,0.0,59.999945748764375,249.99932727272727,nan,nan,nan,
Full-HBTASP,250,8,606,1000,32000,0.0,1304.0,0.0,0,30696,0,0,8000,8000,0,0,0,8000,0,0.0,0.0,0.0,820400f60474dd2d047d6af68da1f0bbcc78c2597c68a44e9fae693f09b01e62,assigned_level_sensitivity,dynamic,periodic,0.0,False,True,nan,True,0.0,0.0,0.0,0.0,0.6292771305705679,0.6036340874998173,0.6884000000000013,30696,0.6305047117791853,8000,8000,0.4716066196198606,7936,0.4806220685629687,0.6262593604329556,0.3737406395670444,0.081,0.0090154489431081,59.66748987654291,0.0,59.9999806194535,249.99312673796788,nan,nan,nan,
Full-HBTASP,250,8,707,1000,32000,0.0,1440.0,0.0,0,30560,0,0,8000,8000,0,0,0,8000,0,0.0,0.0,0.0,265cd3c30607304ee4b6dbfbe241a7f7f4ee382cc1c459bb4718426a447809b3,assigned_level_sensitivity,dynamic,periodic,0.0,False,True,nan,True,0.0,0.0,0.0,0.0,0.6294018193715407,0.6010787374998214,0.6884000000000013,30560,0.6277744515959528,8000,8000,0.4708462237760242,7927,0.4812014908245399,0.6267471025715273,0.3732528974284727,0.083,0.0103552670485156,59.67045060825836,0.0,59.99995864613794,249.9947470588235,nan,nan,nan,
Full-HBTASP,250,8,808,1000,32000,0.0,1336.0,0.0,0,30664,0,0,8000,8000,0,0,0,8000,0,0.0,0.0,0.0,f4866bde13e803cb907ec64e47284a1135ec88db541e26e30e289fa70c4a5ff8,assigned_level_sensitivity,dynamic,periodic,0.0,False,True,nan,True,0.0,0.0,0.0,0.0,0.6288737248889344,0.6026182468748215,0.6884000000000013,30664,0.6292712274629902,8000,8000,0.473611007558637,7952,0.4801503171306899,0.6321908080505102,0.3678091919494898,0.083,0.0065393095720528,59.69416758678578,0.0,59.999991183259056,249.9910363636364,nan,nan,nan,
Full-HBTASP,250,8,909,1000,32000,0.0,1320.0,0.0,0,30680,0,0,8000,8000,0,0,0,8000,0,0.0,0.0,0.0,a8c124acc17ac65b2cb1529125ce780607cdb86f117209ab5b3479ea9aad8a28,assigned_level_sensitivity,dynamic,periodic,0.0,False,True,nan,True,0.0,0.0,0.0,0.0,0.6287335169489628,0.6027982593748181,0.6884000000000013,30680,0.6290343531228951,8000,8000,0.4710208779602924,7936,0.4800775925785839,0.6325599593588915,0.3674400406411084,0.079,0.0090567146182914,59.68656001974274,0.0,59.99999918670779,249.99952941176468,nan,nan,nan,
Full-HBTASP,250,8,1010,1000,32000,0.0,1304.0,0.0,0,30696,0,0,8000,8000,0,0,0,8000,0,0.0,0.0,0.0,d3b8735acadda44f30d6c9e91006c692298437fd0395e4753048eb08f289bf45,assigned_level_sensitivity,dynamic,periodic,0.0,False,True,nan,True,0.0,0.0,0.0,0.0,0.6285733939273623,0.6029590281248224,0.6884000000000013,30696,0.6296728718366181,8000,8000,0.4727578230432872,7944,0.4807738806018182,0.6299567154803422,0.3700432845196578,0.082,0.008016057558531,59.67705614731079,0.0,59.99994873607487,249.9962454545455,nan,nan,nan,
Full-HBTASP,250,10,101,1000,40000,0.0,3360.0,0.0,0,36640,0,0,10000,10000,0,0,0,10000,0,0.0,0.0,0.0,ba24034ae3cf4562ab6a0153556be98ed2c4b4bffe7e7bdc8e8a9fe95da3ae23,assigned_level_sensitivity,dynamic,periodic,0.0,False,True,nan,True,0.0,0.0,0.0,0.0,0.609608897379941,0.5584017500000259,0.6884000000000013,36640,0.6031705235706174,10000,10000,0.4263015222508671,9780,0.4439981716029645,0.6246522537697872,0.3753477462302128,0.104,0.0176966493520974,59.81352264035204,0.0,59.99949373101219,249.99923529411768,nan,nan,nan,
Full-HBTASP,250,10,202,1000,40000,0.0,3280.0,0.0,0,36720,0,0,10000,10000,0,0,0,10000,0,0.0,0.0,0.0,a31dd7180ec5a17c6109cc36edd6a1a2865732b406c1cba67be0cad853f4b566,assigned_level_sensitivity,dynamic,periodic,0.0,False,True,nan,True,0.0,0.0,0.0,0.0,0.6093484940087484,0.559381917500031,0.6884000000000013,36720,0.6036372367002797,10000,10000,0.4221130987554973,9740,0.4405667315907925,0.6309799967045968,0.3690200032954032,0.108,0.0184536328352952,59.81343789620331,0.0,59.99994956306979,250.00000000000003,nan,nan,nan,
Full-HBTASP,250,10,303,1000,40000,0.0,3260.0,0.0,0,36740,0,0,10000,10000,0,0,0,10000,0,0.0,0.0,0.0,50217851ecebf8d2338a275cd29e82ffabe16ff153d1881d800178b818384e08,assigned_level_sensitivity,dynamic,periodic,0.0,False,True,nan,True,0.0,0.0,0.0,0.0,0.6093330430049341,0.5596724000000319,0.6884000000000013,36740,0.6029815181063782,10000,10000,0.4270164259792129,9800,0.4441508133733191,0.610959845124291,0.389040154875709,0.098,0.0171343873941061,59.817060133654266,0.0,59.99945702756046,250.00000000000003,nan,nan,nan,
Full-HBTASP,250,10,404,1000,40000,0.0,3500.0,0.0,0,36500,0,0,10000,10000,0,0,0,10000,0,0.0,0.0,0.0,666c91aca3d98fc592001468c87d42b3811143a5760cc295453880e244dc758a,assigned_level_sensitivity,dynamic,periodic,0.0,False,True,nan,True,0.0,0.0,0.0,0.0,0.6100588301370065,0.5566786825000184,0.6884000000000013,36500,0.6015412621467456,10000,10000,0.4227075588608759,9740,0.4434361951924608,0.6098556624926815,0.3901443375073185,0.112,0.0207286363315849,59.81528255033314,0.0,59.99879847546774,250.00000000000003,nan,nan,nan,
Full-HBTASP,250,10,505,1000,40000,0.0,3380.0,0.0,0,36620,0,0,10000,10000,0,0,0,10000,0,0.0,0.0,0.0,04672988e5cbc3ed558a7a8a37b1047a717d071003dab2e756353934eb08b021,assigned_level_sensitivity,dynamic,periodic,0.0,False,True,nan,True,0.0,0.0,0.0,0.0,0.6097436646641443,0.5582203250000242,0.6884000000000013,36620,0.6022765733184817,10000,10000,0.4268720420404915,9820,0.4438249573521546,0.6239904530569481,0.3760095469430519,0.098,0.016952915311663,59.81608219962494,0.0,59.99996554182102,249.99722727272757,nan,nan,nan,
Full-HBTASP,250,10,606,1000,40000,0.0,3400.0,0.0,0,36600,0,0,10000,10000,0,0,0,10000,0,0.0,0.0,0.0,4774fcd2535e12b211f86580e78668e1e9bd961da670be7bd6bd7a6c26dc59af,assigned_level_sensitivity,dynamic,periodic,0.0,False,True,nan,True,0.0,0.0,0.0,0.0,0.6097733497268011,0.5579426150000231,0.6884000000000013,36600,0.6033460002349398,10000,10000,0.4275051376297933,9760,0.4462265300845254,0.6245465008348547,0.3754534991651452,0.102,0.018721392454732,59.81243702334157,0.0,59.99889677194551,250.00000000000003,nan,nan,nan,
Full-HBTASP,250,10,707,1000,40000,0.0,3420.0,0.0,0,36580,0,0,10000,10000,0,0,0,10000,0,0.0,0.0,0.0,c605b9756ab83b71cebd84bc5abee05ba757a64ae099f5222f6e8681ffb7d720,assigned_level_sensitivity,dynamic,periodic,0.0,False,True,nan,True,0.0,0.0,0.0,0.0,0.609703116457108,0.5575735000000253,0.6884000000000013,36580,0.6006868839575857,10000,10000,0.421590847180761,9720,0.444181699231669,0.6244979723543859,0.3755020276456141,0.114,0.022590852050908,59.81255680857347,0.0,59.99913914978827,249.99742941176493,nan,nan,nan,
Full-HBTASP,250,10,808,1000,40000,0.0,3380.0,0.0,0,36620,0,0,10000,10000,0,0,0,10000,0,0.0,0.0,0.0,e605a1726b1f4167ef338b823102f2cdcf91485c2169dd1f43f679edd32d0c6b,assigned_level_sensitivity,dynamic,periodic,0.0,False,True,nan,True,0.0,0.0,0.0,0.0,0.6096350983069639,0.5581209325000255,0.6884000000000013,36620,0.6022164544284082,10000,10000,0.4252033871156465,9800,0.4441444732098429,0.6168639210303353,0.3831360789696647,0.1,0.0189410860941964,59.81231868029466,0.0,59.9987651354461,249.99742941176493,nan,nan,nan,
Full-HBTASP,250,10,909,1000,40000,0.0,3300.0,0.0,0,36700,0,0,10000,10000,0,0,0,10000,0,0.0,0.0,0.0,4aa46a36bd6ab7692e6e9b8d01c77bc74efc702a0031843df833c095ec32a39e,assigned_level_sensitivity,dynamic,periodic,0.0,False,True,nan,True,0.0,0.0,0.0,0.0,0.6093852043597059,0.5591109250000301,0.6884000000000013,36700,0.6019436451444179,10000,10000,0.4206925412728475,9780,0.4382902416055371,0.6234972965412031,0.3765027034587969,0.114,0.0175977003326895,59.81417374732092,0.0,59.99982565833596,249.99742941176493,nan,nan,nan,
Full-HBTASP,250,10,1010,1000,40000,0.0,3500.0,0.0,0,36500,0,0,10000,10000,0,0,0,10000,0,0.0,0.0,0.0,59935886a4422cb71f0cc89a8bc7b0c529d05a68340841646e4c8885c5e0c9ac,assigned_level_sensitivity,dynamic,periodic,0.0,False,True,nan,True,0.0,0.0,0.0,0.0,0.6099642191781041,0.5565923500000199,0.6884000000000013,36500,0.6012574815554244,10000,10000,0.426799260602222,9780,0.4436240192231102,0.6242187738907461,0.3757812261092539,0.108,0.0168247586208881,59.811539065652255,0.0,59.99981591061349,250.00000000000003,nan,nan,nan,
Full-HBTASP,300,4,101,1000,16000,0.0,0.0,0.0,0,16000,0,0,4000,4000,0,0,0,4000,0,0.0,0.0,0.0,358345139b329c40140caebe1f44495eb1cb4ce7057ad9123725a473225c7759,assigned_level_sensitivity,dynamic,periodic,0.0,False,True,nan,True,0.0,0.0,0.0,0.0,0.6836198812498366,0.6836198812498366,0.6884000000000013,16000,0.6854411994622925,4000,4000,0.4942210362203026,4000,0.4942210362203026,0.6343798443478353,0.3656201556521646,0.06,0.0,54.741014517404274,0.0,59.99973364265347,299.9479696969698,nan,nan,nan,
Full-HBTASP,300,4,202,1000,16000,0.0,0.0,0.0,0,16000,0,0,4000,4000,0,0,0,4000,0,0.0,0.0,0.0,34b8939f5e22fe77656bcf596b267a8e14848f4c8183e258a0aa6bf6964bce30,assigned_level_sensitivity,dynamic,periodic,0.0,False,True,nan,True,0.0,0.0,0.0,0.0,0.6839061999998362,0.6839061999998362,0.6884000000000013,16000,0.6855800399939538,4000,4000,0.4937742420386554,4000,0.4937742420386554,0.6347656303126322,0.3652343696873678,0.062,0.0,54.76612214278144,0.0,59.999246388537394,299.9238413547238,nan,nan,nan,
Full-HBTASP,300,4,303,1000,16000,0.0,0.0,0.0,0,16000,0,0,4000,4000,0,0,0,4000,0,0.0,0.0,0.0,cb9cf6119f28cbbe2f515263b460577c6bf03d42557f7919b99931e42d877f4b,assigned_level_sensitivity,dynamic,periodic,0.0,False,True,nan,True,0.0,0.0,0.0,0.0,0.6840233937498379,0.6840233937498379,0.6884000000000013,16000,0.6856273575398889,4000,4000,0.4933532910277673,4000,0.4933532910277673,0.6316779619538362,0.3683220380461638,0.062,0.0,54.65582794937922,0.0,59.999320485414486,299.940659536542,nan,nan,nan,
Full-HBTASP,300,4,404,1000,16000,0.0,0.0,0.0,0,16000,0,0,4000,4000,0,0,0,4000,0,0.0,0.0,0.0,19660c8d7c38bf482c258d456033c0235b91bafa3f9150f8928502cb0b6a233e,assigned_level_sensitivity,dynamic,periodic,0.0,False,True,nan,True,0.0,0.0,0.0,0.0,0.6838530937498385,0.6838530937498385,0.6884000000000013,16000,0.6854821696842675,4000,4000,0.4971213265185029,4000,0.4971213265185029,0.6373392676967811,0.3626607323032189,0.06375,0.0,54.57367990637481,0.0,59.99971925287566,299.9604848484849,nan,nan,nan,
Full-HBTASP,300,4,505,1000,16000,0.0,0.0,0.0,0,16000,0,0,4000,4000,0,0,0,4000,0,0.0,0.0,0.0,73cdab68096cc443e0e24ada558429cabf1afc7f75cc16ce9d024a0d7cee62f9,assigned_level_sensitivity,dynamic,periodic,0.0,False,True,nan,True,0.0,0.0,0.0,0.0,0.683984406249836,0.683984406249836,0.6884000000000013,16000,0.6856105459501034,4000,4000,0.4950360653124071,4000,0.4950360653124071,0.6383446830218568,0.3616553169781432,0.062,0.0,54.70089633383221,0.0,59.99877244861884,299.9575151515153,nan,nan,nan,
Full-HBTASP,300,4,606,1000,16000,0.0,0.0,0.0,0,16000,0,0,4000,4000,0,0,0,4000,0,0.0,0.0,0.0,7833957291a032d51d81862cac99e9d8ccb12f68b533b2caf53ee51ae3f9dc9c,assigned_level_sensitivity,dynamic,periodic,0.0,False,True,nan,True,0.0,0.0,0.0,0.0,0.684056831249835,0.684056831249835,0.6884000000000013,16000,0.685705715033933,4000,4000,0.4944495985180446,4000,0.4944495985180446,0.6325778407130006,0.3674221592869994,0.064,0.0,54.84114485627742,0.0,59.9993902215455,299.9604848484849,nan,nan,nan,
Full-HBTASP,300,4,707,1000,16000,0.0,0.0,0.0,0,16000,0,0,4000,4000,0,0,0,4000,0,0.0,0.0,0.0,7299403d9d2d4f4ccec9f76133c48d8d07e2ed601a2777f731db87ca14e66056,assigned_level_sensitivity,dynamic,periodic,0.0,False,True,nan,True,0.0,0.0,0.0,0.0,0.6839136124998381,0.6839136124998381,0.6884000000000013,16000,0.6855710902268055,4000,4000,0.4925600119957619,4000,0.4925600119957619,0.6326269667840994,0.3673730332159006,0.062,0.0,54.68013358997575,0.0,59.99984574996114,299.9604848484849,nan,nan,nan,
Full-HBTASP,300,4,808,1000,16000,0.0,0.0,0.0,0,16000,0,0,4000,4000,0,0,0,4000,0,0.0,0.0,0.0,332b0fc25c5dccfb6fb5145b59221f17277c51b24f8c2d6148183eada1540c2c,assigned_level_sensitivity,dynamic,periodic,0.0,False,True,nan,True,0.0,0.0,0.0,0.0,0.6840943624998349,0.6840943624998349,0.6884000000000013,16000,0.6856019624888798,4000,4000,0.4935164013687587,4000,0.4935164013687587,0.6326826560488412,0.3673173439511588,0.062,0.0,54.83517365383559,0.0,59.99991810536652,299.9604848484849,nan,nan,nan,
Full-HBTASP,300,4,909,1000,16000,0.0,0.0,0.0,0,16000,0,0,4000,4000,0,0,0,4000,0,0.0,0.0,0.0,3a15676bda67054cb5929717fc730bfa67cd49969827870cd1819db4b67b2b0f,assigned_level_sensitivity,dynamic,periodic,0.0,False,True,nan,True,0.0,0.0,0.0,0.0,0.6841288687498367,0.6841288687498367,0.6884000000000013,16000,0.6857123794920092,4000,4000,0.4939291099666315,4000,0.4939291099666315,0.6327568500165388,0.3672431499834612,0.064,0.0,54.69234433271515,0.0,59.99927613637256,299.9634545454546,nan,nan,nan,
Full-HBTASP,300,4,1010,1000,16000,0.0,0.0,0.0,0,16000,0,0,4000,4000,0,0,0,4000,0,0.0,0.0,0.0,f74ec5db6e908852b709fb2fc49501319e260c6bb970c5803f31b89af1514827,assigned_level_sensitivity,dynamic,periodic,0.0,False,True,nan,True,0.0,0.0,0.0,0.0,0.683983618749839,0.683983618749839,0.6884000000000013,16000,0.6856805782153497,4000,4000,0.4980972102769603,4000,0.4980972102769603,0.6345342494026772,0.3654657505973228,0.059,0.0,54.49995005080399,0.0,59.99977441494273,299.9604848484849,nan,nan,nan,
Full-HBTASP,300,6,101,1000,24000,0.0,198.0,0.0,0,23802,0,0,6000,6000,0,0,0,6000,0,0.0,0.0,0.0,368e16a18b5b73e12179e2ceeeef5d7bbd6d7e12c7147fe591b0919c4402b0f8,assigned_level_sensitivity,dynamic,periodic,0.0,False,True,nan,True,0.0,0.0,0.0,0.0,0.6697045668429064,0.6641795041664524,0.6884000000000013,23802,0.6728058848429497,6000,6000,0.4905490549888406,5996,0.4917437315591332,0.6347099238757459,0.3652900761242541,0.0685,0.0011946765702925,59.44702448795429,0.0,59.99999978142092,299.95706969696965,nan,nan,nan,
Full-HBTASP,300,6,202,1000,24000,0.0,164.0,0.0,0,23836,0,0,6000,6000,0,0,0,6000,0,0.0,0.0,0.0,1647dacc78c42fdbc64e7d28ec9e5575601944c739c0044734f158d076fd1351,assigned_level_sensitivity,dynamic,periodic,0.0,False,True,nan,True,0.0,0.0,0.0,0.0,0.668778687699057,0.6642086999997802,0.6884000000000013,23836,0.6731280380825172,6000,6000,0.4909413354216456,6000,0.4914914634980935,0.6349211549912981,0.3650788450087019,0.066,0.0005501280764478,59.45821360234659,0.0,59.99998761241541,299.99043582887714,nan,nan,nan,
Full-HBTASP,300,6,303,1000,24000,0.0,143.0,0.0,0,23857,0,0,6000,6000,0,0,0,6000,0,0.0,0.0,0.0,b40e3956fc736148fe48725c99a765faa7ca344bcdde335f7de5815dce321912,assigned_level_sensitivity,dynamic,periodic,0.0,False,True,nan,True,0.0,0.0,0.0,0.0,0.6692303726367433,0.6652428749997827,0.6884000000000013,23857,0.6735823359206112,6000,6000,0.4953403063242354,6000,0.4961178275435373,0.6390036881095648,0.3609963118904352,0.0623333333333333,0.0007775212193019,59.39708059300825,0.0,59.99998477830656,299.97406060606073,nan,nan,nan,
Full-HBTASP,300,6,404,1000,24000,0.0,174.0,0.0,0,23826,0,0,6000,6000,0,0,0,6000,0,0.0,0.0,0.0,90dd8c8ff63030dd9dbbd25c0b5e9d426cebafe711c88974834a56210f18bdc1,assigned_level_sensitivity,dynamic,periodic,0.0,False,True,nan,True,0.0,0.0,0.0,0.0,0.6691820700073419,0.6643304999997887,0.6884000000000013,23826,0.6733617133879372,6000,6000,0.4914889346104532,5996,0.492244888260939,0.6355556039123146,0.3644443960876854,0.0675,0.0007559536504858,59.437989271054334,0.0,59.99998443920836,299.9770303030304,nan,nan,nan,
Full-HBTASP,300,6,505,1000,24000,0.0,180.0,0.0,0,23820,0,0,6000,6000,0,0,0,6000,0,0.0,0.0,0.0,64fec059e2099a382af339a6780c28497caac0c5ebb5f50adb7d0e94049738cd,assigned_level_sensitivity,dynamic,periodic,0.0,False,True,nan,True,0.0,0.0,0.0,0.0,0.6690134466832421,0.6639958458331179,0.6884000000000013,23820,0.673156797563452,6000,6000,0.4927894989967792,5992,0.4940897263753804,0.63556621629764,0.36443378370236,0.0633333333333333,0.0013002273786012,59.45147826778485,0.0,59.99999730285793,299.966547593583,nan,nan,nan,
Full-HBTASP,300,6,606,1000,24000,0.0,175.0,0.0,0,23825,0,0,6000,6000,0,0,0,6000,0,0.0,0.0,0.0,ae880915da58fff9f20affe7a5a25900cde6365bd54144492baa5036a1d84adc,assigned_level_sensitivity,dynamic,periodic,0.0,False,True,nan,True,0.0,0.0,0.0,0.0,0.6690477817416506,0.6641693083331177,0.6884000000000013,23825,0.6733479704117166,6000,6000,0.4933823123542263,5988,0.4947547539227151,0.6373343289880115,0.3626656710119885,0.0681666666666666,0.0013724415684888,59.42988425028058,0.0,59.99999285754801,299.9734424242425,nan,nan,nan,
Full-HBTASP,300,6,707,1000,24000,0.0,135.0,0.0,0,23865,0,0,6000,6000,0,0,0,6000,0,0.0,0.0,0.0,c0f27110c744a3fc7a33aecc95f2268b53928f9aef18cbadd02b335ecd207f0e,assigned_level_sensitivity,dynamic,periodic,0.0,False,True,nan,True,0.0,0.0,0.0,0.0,0.66910335218918,0.665339645833116,0.6884000000000013,23865,0.6740188229140661,6000,6000,0.4940615954880898,5988,0.4955249435081961,0.6382044484206889,0.3617955515793111,0.0638333333333333,0.0014633480201062,59.4489488983108,0.0,59.9999995858315,299.9843030303031,nan,nan,nan,
Full-HBTASP,300,6,808,1000,24000,0.0,204.0,0.0,0,23796,0,0,6000,6000,0,0,0,6000,0,0.0,0.0,0.0,063cb3f34bb5042d5a315795e5ea1e803957554d0c67c50190b2b486a6968f17,assigned_level_sensitivity,dynamic,periodic,0.0,False,True,nan,True,0.0,0.0,0.0,0.0,0.6693295721967875,0.6636402708331147,0.6884000000000013,23796,0.6729146212527625,6000,6000,0.4903006521005571,5980,0.4927598327485014,0.6331720621682188,0.3668279378317812,0.0636666666666666,0.0024591806479442,59.43636663268644,0.0,59.99999113771652,299.96883636363634,nan,nan,nan,
Full-HBTASP,300,6,909,1000,24000,0.0,167.0,0.0,0,23833,0,0,6000,6000,0,0,0,6000,0,0.0,0.0,0.0,43ca3bc1908129b5c2ac96d7e4719f6173824add31150444bda10a9206dc8922,assigned_level_sensitivity,dynamic,periodic,0.0,False,True,nan,True,0.0,0.0,0.0,0.0,0.669484638945785,0.6648261416664539,0.6884000000000013,23833,0.67331807252555,6000,6000,0.4913947533562959,5992,0.4931685000538949,0.6360118677927308,0.3639881322072692,0.0636666666666666,0.0017737466975989,59.46125014136159,0.0,59.99999229624087,299.97112121212126,nan,nan,nan,
Full-HBTASP,300,6,1010,1000,24000,0.0,167.0,0.0,0,23833,0,0,6000,6000,0,0,0,6000,0,0.0,0.0,0.0,da29db140ec3433f5a7bef5bfca040b9d439fbd33929da0e9b1ac51f823030f9,assigned_level_sensitivity,dynamic,periodic,0.0,False,True,nan,True,0.0,0.0,0.0,0.0,0.6690288549488042,0.6643735291664521,0.6884000000000013,23833,0.6730193833949943,6000,6000,0.491687815446952,5996,0.49297014822077,0.6357154078893997,0.3642845921106002,0.0648333333333333,0.0012823327738179,59.42965886665711,0.0,59.99999329423453,299.9698060606061,nan,nan,nan,
Full-HBTASP,300,8,101,1000,32000,0.0,721.0,0.0,0,31279,0,0,8000,8000,0,0,0,8000,0,0.0,0.0,0.0,48536fc5e075a2292b527fb68f9e0371d396b2957068a8b27317e7a61bf9ac13,assigned_level_sensitivity,dynamic,periodic,0.0,False,True,nan,True,0.0,0.0,0.0,0.0,0.6460413344414728,0.6314852156248384,0.6884000000000013,31279,0.6526251993501516,8000,8000,0.4832541541466341,7976,0.487304053118915,0.6455051221347486,0.3544948778652513,0.068125,0.0040498989722809,59.66913412871774,0.0,59.99999299591218,299.9877090909091,nan,nan,nan,
Full-HBTASP,300,8,202,1000,32000,0.0,648.0,0.0,0,31352,0,0,8000,8000,0,0,0,8000,0,0.0,0.0,0.0,570e9630deff505ba1c5363a004cd8917cdc4ddeaaa2dfbdb2999707f9626552,assigned_level_sensitivity,dynamic,periodic,0.0,False,True,nan,True,0.0,0.0,0.0,0.0,0.6462451932889391,0.6331587281248382,0.6884000000000013,31352,0.6536364891428634,8000,8000,0.482014537634388,8000,0.4838032138075536,0.6436902084816492,0.3563097915183508,0.073,0.0017886761731656,59.67254421316698,0.0,59.99999702484568,299.97967272727266,nan,nan,nan,
Full-HBTASP,300,8,303,1000,32000,0.0,661.0,0.0,0,31339,0,0,8000,8000,0,0,0,8000,0,0.0,0.0,0.0,7258aada57693e7fc41c3edb014bd97cd32dde8bd5dca77e2f1cb8b3ef00eaf8,assigned_level_sensitivity,dynamic,periodic,0.0,False,True,nan,True,0.0,0.0,0.0,0.0,0.6456932193112364,0.6323556187498386,0.6884000000000013,31339,0.6534919561830907,8000,8000,0.478477537953538,7984,0.4823410302346463,0.6387363161018693,0.3612636838981307,0.079125,0.0038634922811083,59.6673516351751,0.0,59.99996691971997,299.9883748663101,nan,nan,nan,
Full-HBTASP,300,8,404,1000,32000,0.0,666.0,0.0,0,31334,0,0,8000,8000,0,0,0,8000,0,0.0,0.0,0.0,620f015056b4913eca566e19dd498b9d34ce3df10a7782d95a50b5b4aece1a2a,assigned_level_sensitivity,dynamic,periodic,0.0,False,True,nan,True,0.0,0.0,0.0,0.0,0.6453882428031801,0.6319560999998389,0.6884000000000013,31334,0.6528599098442235,8000,8000,0.4789135352524558,7984,0.4835474012532965,0.6350183596326787,0.3649816403673213,0.077125,0.0046338660008407,59.67394762977312,0.0,59.99998780906107,299.98866577540105,nan,nan,nan,
Full-HBTASP,300,8,505,1000,32000,0.0,625.0,0.0,0,31375,0,0,8000,8000,0,0,0,8000,0,0.0,0.0,0.0,4c81619bc200eebb3080c210bdc746b4414b0cc7c3fbb63c2a1ce3f91c436327,assigned_level_sensitivity,dynamic,periodic,0.0,False,True,nan,True,0.0,0.0,0.0,0.0,0.6455572270914701,0.6329486874998398,0.6884000000000013,31375,0.6538619643308048,8000,8000,0.4813820370401044,7976,0.4852077044756125,0.6462085584292384,0.3537914415707616,0.077,0.0038256674355081,59.66388813807651,0.0,59.99999099846319,299.993544919786,nan,nan,nan,
Full-HBTASP,300,8,606,1000,32000,0.0,648.0,0.0,0,31352,0,0,8000,8000,0,0,0,8000,0,0.0,0.0,0.0,820400f60474dd2d047d6af68da1f0bbcc78c2597c68a44e9fae693f09b01e62,assigned_level_sensitivity,dynamic,periodic,0.0,False,True,nan,True,0.0,0.0,0.0,0.0,0.646203996555075,0.6331183656248347,0.6884000000000013,31352,0.6539994911508494,8000,8000,0.4803445944286773,7984,0.4839738679201856,0.640985863602123,0.359014136397877,0.072625,0.0036292734915083,59.66881757076506,0.0,59.99997108836212,299.9817363636364,nan,nan,nan,
Full-HBTASP,300,8,707,1000,32000,0.0,600.0,0.0,0,31400,0,0,8000,8000,0,0,0,8000,0,0.0,0.0,0.0,265cd3c30607304ee4b6dbfbe241a7f7f4ee382cc1c459bb4718426a447809b3,assigned_level_sensitivity,dynamic,periodic,0.0,False,True,nan,True,0.0,0.0,0.0,0.0,0.6459723598724478,0.6338603781248395,0.6884000000000013,31400,0.6548808264264261,8000,8000,0.4812446608530214,7968,0.485488837143215,0.6362892082303314,0.3637107917696686,0.0745,0.0042441762901935,59.668238845625,0.0,59.999992162193024,299.9880636363636,nan,nan,nan,
Full-HBTASP,300,8,808,1000,32000,0.0,551.0,0.0,0,31449,0,0,8000,8000,0,0,0,8000,0,0.0,0.0,0.0,f4866bde13e803cb907ec64e47284a1135ec88db541e26e30e289fa70c4a5ff8,assigned_level_sensitivity,dynamic,periodic,0.0,False,True,nan,True,0.0,0.0,0.0,0.0,0.6456366021175478,0.6345195468748362,0.6884000000000013,31449,0.6549093104861666,8000,8000,0.4844716624228189,7976,0.4883608315312092,0.6435422996490865,0.3564577003509135,0.069875,0.0038891691083902,59.6821801648571,0.0,59.9999965859076,299.9728727272727,nan,nan,nan,
Full-HBTASP,300,8,909,1000,32000,0.0,614.0,0.0,0,31386,0,0,8000,8000,0,0,0,8000,0,0.0,0.0,0.0,a8c124acc17ac65b2cb1529125ce780607cdb86f117209ab5b3479ea9aad8a28,assigned_level_sensitivity,dynamic,periodic,0.0,False,True,nan,True,0.0,0.0,0.0,0.0,0.6458640890841398,0.6334715718748378,0.6884000000000013,31386,0.6540212689960851,8000,8000,0.4804781992353679,7981,0.4846384976916942,0.6439638019573113,0.3560361980426887,0.06925,0.0041602984563262,59.674467516559645,0.0,59.99999809759653,299.9901657754009,nan,nan,nan,
Full-HBTASP,300,8,1010,1000,32000,0.0,568.0,0.0,0,31432,0,0,8000,8000,0,0,0,8000,0,0.0,0.0,0.0,d3b8735acadda44f30d6c9e91006c692298437fd0395e4753048eb08f289bf45,assigned_level_sensitivity,dynamic,periodic,0.0,False,True,nan,True,0.0,0.0,0.0,0.0,0.6455830109440994,0.6341239124998417,0.6884000000000013,31432,0.6542499995102862,8000,8000,0.4798099581536474,8000,0.4816291177030529,0.6435419029725477,0.3564580970274523,0.07225,0.0018191595494054,59.68166709638345,0.0,59.99999891676011,299.9755727272728,nan,nan,nan,
Full-HBTASP,300,10,101,1000,40000,0.0,1400.0,0.0,0,38600,0,0,10000,10000,0,0,0,10000,0,0.0,0.0,0.0,ba24034ae3cf4562ab6a0153556be98ed2c4b4bffe7e7bdc8e8a9fe95da3ae23,assigned_level_sensitivity,dynamic,periodic,0.0,False,True,nan,True,0.0,0.0,0.0,0.0,0.6257488678754464,0.6038476574998058,0.6884000000000013,38600,0.6309510353977955,10000,10000,0.4702829712206507,9880,0.4802675230570685,0.6304543353798958,0.3695456646201042,0.082,0.0099845518364177,59.73454349762286,0.0,59.99993731854094,299.9976272727276,nan,nan,nan,
Full-HBTASP,300,10,202,1000,40000,0.0,1320.0,0.0,0,38680,0,0,10000,10000,0,0,0,10000,0,0.0,0.0,0.0,a31dd7180ec5a17c6109cc36edd6a1a2865732b406c1cba67be0cad853f4b566,assigned_level_sensitivity,dynamic,periodic,0.0,False,True,nan,True,0.0,0.0,0.0,0.0,0.6254033402273099,0.6047650299998086,0.6884000000000013,38680,0.630504553369905,10000,10000,0.471111789681566,9900,0.4793849046448949,0.6407760402589802,0.3592239597410198,0.0819,0.0082731149633289,59.7444194838824,0.0,59.99987683364391,299.99484705882384,nan,nan,nan,
Full-HBTASP,300,10,303,1000,40000,0.0,1320.0,0.0,0,38680,0,0,10000,10000,0,0,0,10000,0,0.0,0.0,0.0,50217851ecebf8d2338a275cd29e82ffabe16ff153d1881d800178b818384e08,assigned_level_sensitivity,dynamic,periodic,0.0,False,True,nan,True,0.0,0.0,0.0,0.0,0.6262715977247132,0.6056046349997977,0.6884000000000013,38680,0.6316670810969395,10000,10000,0.4678647477742729,9920,0.4754906844809302,0.6332671697473082,0.3667328302526917,0.078,0.0076259367066572,59.763991851018936,0.0,59.99995759809637,299.9988176470591,nan,nan,nan,
Full-HBTASP,300,10,404,1000,40000,0.0,1358.0,0.0,0,38642,0,0,10000,10000,0,0,0,10000,0,0.0,0.0,0.0,666c91aca3d98fc592001468c87d42b3811143a5760cc295453880e244dc758a,assigned_level_sensitivity,dynamic,periodic,0.0,False,True,nan,True,0.0,0.0,0.0,0.0,0.6252967367111621,0.6040679124998182,0.6884000000000013,38642,0.6305105382566569,10000,10000,0.465756653494138,9900,0.4762398468438305,0.6244572455226244,0.3755427544773756,0.0899,0.0104831933496924,59.752902926625005,0.0,59.99997668680322,299.9988176470591,nan,nan,nan,
Full-HBTASP,300,10,505,1000,40000,0.0,1480.0,0.0,0,38520,0,0,10000,10000,0,0,0,10000,0,0.0,0.0,0.0,04672988e5cbc3ed558a7a8a37b1047a717d071003dab2e756353934eb08b021,assigned_level_sensitivity,dynamic,periodic,0.0,False,True,nan,True,0.0,0.0,0.0,0.0,0.6260687071649093,0.6029041649998077,0.6884000000000013,38520,0.628176137656858,10000,10000,0.4685191294851509,9900,0.4766942883372682,0.6392209858003399,0.3607790141996601,0.084,0.0081751588521172,59.757709249975285,0.0,59.99984115369681,300.00000000000034,nan,nan,nan,
Full-HBTASP,300,10,606,1000,40000,0.0,1440.0,0.0,0,38560,0,0,10000,10000,0,0,0,10000,0,0.0,0.0,0.0,4774fcd2535e12b211f86580e78668e1e9bd961da670be7bd6bd7a6c26dc59af,assigned_level_sensitivity,dynamic,periodic,0.0,False,True,nan,True,0.0,0.0,0.0,0.0,0.6257021239624658,0.603176847499817,0.6884000000000013,38560,0.6296266741880171,10000,10000,0.4648914402646923,9900,0.4733509669167532,0.633030993687712,0.366969006312288,0.084,0.0084595266520609,59.74890779466854,0.0,59.99993936487975,299.99962941176506,nan,nan,nan,
Full-HBTASP,300,10,707,1000,40000,0.0,1300.0,0.0,0,38700,0,0,10000,10000,0,0,0,10000,0,0.0,0.0,0.0,c605b9756ab83b71cebd84bc5abee05ba757a64ae099f5222f6e8681ffb7d720,assigned_level_sensitivity,dynamic,periodic,0.0,False,True,nan,True,0.0,0.0,0.0,0.0,0.6257965607233105,0.6054581724998029,0.6884000000000013,38700,0.631848878698332,10000,10000,0.4685567319274182,9900,0.4776955860428938,0.6370659791984059,0.3629340208015941,0.082,0.0091388541154756,59.75554599202864,0.0,59.99995893060201,299.9985818181821,nan,nan,nan,
Full-HBTASP,300,10,808,1000,40000,0.0,1400.0,0.0,0,38600,0,0,10000,10000,0,0,0,10000,0,0.0,0.0,0.0,e605a1726b1f4167ef338b823102f2cdcf91485c2169dd1f43f679edd32d0c6b,assigned_level_sensitivity,dynamic,periodic,0.0,False,True,nan,True,0.0,0.0,0.0,0.0,0.6256408082899603,0.6037433799998116,0.6884000000000013,38600,0.6304630983910741,10000,10000,0.4660242607377617,9880,0.4754042188085203,0.6380608357152472,0.3619391642847528,0.0861,0.0093799580707585,59.75500427188511,0.0,59.99996287672495,299.9870727272729,nan,nan,nan,
Full-HBTASP,300,10,909,1000,40000,0.0,1460.0,0.0,0,38540,0,0,10000,10000,0,0,0,10000,0,0.0,0.0,0.0,4aa46a36bd6ab7692e6e9b8d01c77bc74efc702a0031843df833c095ec32a39e,assigned_level_sensitivity,dynamic,periodic,0.0,False,True,nan,True,0.0,0.0,0.0,0.0,0.6255809314995457,0.6027472274998122,0.6884000000000013,38540,0.628973545443165,10000,10000,0.4677462952047417,9900,0.4784106873231287,0.6366503528545998,0.3633496471454002,0.08,0.0106643921183869,59.7477920120049,0.0,59.99997939027857,299.9887909090911,nan,nan,nan,
Full-HBTASP,300,10,1010,1000,40000,0.0,1300.0,0.0,0,38700,0,0,10000,10000,0,0,0,10000,0,0.0,0.0,0.0,59935886a4422cb71f0cc89a8bc7b0c529d05a68340841646e4c8885c5e0c9ac,assigned_level_sensitivity,dynamic,periodic,0.0,False,True,nan,True,0.0,0.0,0.0,0.0,0.6256157958654244,0.605283282499798,0.6884000000000013,38700,0.6304415793492757,10000,10000,0.4751403154949926,9900,0.4835150561800995,0.6358655968393143,0.3641344031606857,0.078,0.0083747406851069,59.73951612496623,0.0,59.99996358402855,299.9959812834227,nan,nan,nan,
