configuration,total_regions,completed,expired_waiting,admission_infeasible,deadline_misses,thermal_violations,period_ms,lines,epochs,seed,scheduler,total_mandatory,missed_mandatory,mandatory_dmr,historical_completed_only_dice,historical_coverage_adjusted_dice,historical_mandatory_effective_dice,on_time_completed_regions,historical_weighted_coverage_utility,images,defective_images,mean_complete_image_dice,completed_only_images,mean_completed_only_dice,pixel_defect_recall,pixel_missed_detection_rate,image_complete_miss_rate,optimism_gap,runtime_seconds,scalar_quality_definition,mask_metric_status,mandatory_infeasible,optional_skipped,dispatch_infeasible,budget_mode,network_mode,release_mode,overrun_probability,overrun_min_extra,overrun_max_extra,forced_overrun_count
EDF-FixedL3,16000,10000,0,6000,0,0,100,4,1000,101,edf_fixed_l3,4000,1360,0.34,0.6441000000001469,0.4025625000000918,0.4251059999999894,10000,0.4103545136703396,4000,4000,0.339900463558989,2776,0.518220001700091,0.4205269991034492,0.5794730008965507,0.366,0.17831953814110196,0.10108399391174316,historical_image_averaged_path_dice,confusion_replay_zero_credit,,,,,,,,,,
EDF-FixedL3,16000,10000,0,6000,0,0,100,4,1000,202,edf_fixed_l3,4000,1408,0.352,0.6441000000001469,0.4025625000000918,0.4173767999999896,10000,0.4090053017254238,4000,4000,0.3394865300697277,2816,0.514811636857231,0.39619401534002785,0.6038059846599722,0.37,0.1753251067875033,0.1147308349609375,historical_image_averaged_path_dice,confusion_replay_zero_credit,,,,,,,,,,
EDF-FixedL3,16000,10000,0,6000,0,0,100,4,1000,303,edf_fixed_l3,4000,1368,0.342,0.6441000000001469,0.4025625000000918,0.4238177999999894,10000,0.4086400590390134,4000,4000,0.34013213073183624,2800,0.5186361958687886,0.39300593114882226,0.6069940688511777,0.376,0.17850406513695238,0.11542367935180664,historical_image_averaged_path_dice,confusion_replay_zero_credit,,,,,,,,,,
EDF-FixedL3,16000,10000,0,6000,0,0,100,4,1000,404,edf_fixed_l3,4000,1384,0.346,0.6441000000001469,0.4025625000000918,0.4212413999999895,10000,0.4091038994685907,4000,4000,0.34915798966690964,2800,0.5331927358576122,0.3974896742521112,0.6025103257478888,0.366,0.18403474619070254,0.11244988441467285,historical_image_averaged_path_dice,confusion_replay_zero_credit,,,,,,,,,,
EDF-FixedL3,16000,10000,0,6000,0,0,100,4,1000,505,edf_fixed_l3,4000,1312,0.328,0.6441000000001469,0.4025625000000918,0.43283519999998915,10000,0.41041324019566994,4000,4000,0.33675800633728425,2784,0.5097186276668539,0.40390590181330427,0.5960940981866958,0.364,0.17296062132956969,0.10884261131286621,historical_image_averaged_path_dice,confusion_replay_zero_credit,,,,,,,,,,
EDF-FixedL3,16000,10000,0,6000,0,0,100,4,1000,606,edf_fixed_l3,4000,1360,0.34,0.6441000000001469,0.4025625000000918,0.4251059999999894,10000,0.4094617805705513,4000,4000,0.3450492347119576,2832,0.5150419035238174,0.38065435102440637,0.6193456489755936,0.356,0.16999266881185982,0.11377215385437012,historical_image_averaged_path_dice,confusion_replay_zero_credit,,,,,,,,,,
EDF-FixedL3,16000,10000,0,6000,0,0,100,4,1000,707,edf_fixed_l3,4000,1328,0.332,0.6441000000001469,0.4025625000000918,0.4302587999999892,10000,0.4098251534200448,4000,4000,0.34652863371769943,2808,0.5192812719946157,0.4260144471862177,0.5739855528137823,0.358,0.17275263827691628,0.11526894569396973,historical_image_averaged_path_dice,confusion_replay_zero_credit,,,,,,,,,,
EDF-FixedL3,16000,10000,0,6000,0,0,100,4,1000,808,edf_fixed_l3,4000,1256,0.314,0.6441000000001469,0.4025625000000918,0.4418525999999888,10000,0.41320932773333174,4000,4000,0.33537717513323523,2784,0.5079716208346382,0.41322543072065887,0.5867745692793411,0.372,0.17259444570140298,0.11844038963317871,historical_image_averaged_path_dice,confusion_replay_zero_credit,,,,,,,,,,
EDF-FixedL3,16000,10000,0,6000,0,0,100,4,1000,909,edf_fixed_l3,4000,1392,0.348,0.6441000000001469,0.4025625000000918,0.41995319999998953,10000,0.41014712305290013,4000,4000,0.34922726701449436,2816,0.5213664177302433,0.4133274744723707,0.5866725255276293,0.362,0.17213915071574892,0.11914587020874023,historical_image_averaged_path_dice,confusion_replay_zero_credit,,,,,,,,,,
EDF-FixedL3,16000,10000,0,6000,0,0,100,4,1000,1010,edf_fixed_l3,4000,1344,0.336,0.6441000000001469,0.4025625000000918,0.4276823999999893,10000,0.4091396067776872,4000,4000,0.3397611507050946,2832,0.513330231116244,0.39950417287233625,0.6004958271276637,0.354,0.17356908041114938,0.1147158145904541,historical_image_averaged_path_dice,confusion_replay_zero_credit,,,,,,,,,,
EDF-FixedL3,24000,10000,0,14000,0,0,100,6,1000,101,edf_fixed_l3,6000,3340,0.5566666666666666,0.6441000000001469,0.2683750000000612,0.28555099999999284,10000,0.2730940885310971,6000,6000,0.22886315531112034,2808,0.5208192505939039,0.2730305590263894,0.7269694409736106,0.5746666666666667,0.29195609528278355,0.14299368858337402,historical_image_averaged_path_dice,confusion_replay_zero_credit,,,,,,,,,,
EDF-FixedL3,24000,10000,0,14000,0,0,100,6,1000,202,edf_fixed_l3,6000,3356,0.5593333333333333,0.6441000000001469,0.2683750000000612,0.2838333999999929,10000,0.2733812387819808,6000,6000,0.22564635287191057,2808,0.5121876124704347,0.27006247061330907,0.729937529386691,0.5766666666666667,0.28654125959852406,0.13958191871643066,historical_image_averaged_path_dice,confusion_replay_zero_credit,,,,,,,,,,
EDF-FixedL3,24000,10000,0,14000,0,0,100,6,1000,303,edf_fixed_l3,6000,3348,0.558,0.6441000000001469,0.2683750000000612,0.28469219999999285,10000,0.2730419457060538,6000,6000,0.22483450911976116,2768,0.5187504456890458,0.26337802789212367,0.7366219721078764,0.5833333333333334,0.29391593656928466,0.14551234245300293,historical_image_averaged_path_dice,confusion_replay_zero_credit,,,,,,,,,,
EDF-FixedL3,24000,10000,0,14000,0,0,100,6,1000,404,edf_fixed_l3,6000,3364,0.5606666666666666,0.6441000000001469,0.2683750000000612,0.2829745999999929,10000,0.2729668926406633,6000,6000,0.23308540737260003,2808,0.5289830085758981,0.2750849519728088,0.7249150480271912,0.5746666666666667,0.29589760120329806,0.1429002285003662,historical_image_averaged_path_dice,confusion_replay_zero_credit,,,,,,,,,,
EDF-FixedL3,24000,10000,0,14000,0,0,100,6,1000,505,edf_fixed_l3,6000,3324,0.554,0.6441000000001469,0.2683750000000612,0.28726859999999277,10000,0.2735198461408048,6000,6000,0.23012464489384107,2784,0.5217897955334184,0.2740338243989688,0.7259661756010312,0.578,0.2916651506395773,0.14557385444641113,historical_image_averaged_path_dice,confusion_replay_zero_credit,,,,,,,,,,
EDF-FixedL3,24000,10000,0,14000,0,0,100,6,1000,606,edf_fixed_l3,6000,3328,0.5546666666666666,0.6441000000001469,0.2683750000000612,0.2868391999999928,10000,0.27292477131663895,6000,6000,0.23191557223695156,2816,0.5220957011661316,0.2807457700268487,0.7192542299731512,0.57,0.29018012892918,0.17525935173034668,historical_image_averaged_path_dice,confusion_replay_zero_credit,,,,,,,,,,
EDF-FixedL3,24000,10000,0,14000,0,0,100,6,1000,707,edf_fixed_l3,6000,3324,0.554,0.6441000000001469,0.2683750000000612,0.28726859999999277,10000,0.27327965273873533,6000,6000,0.2310704133643586,2824,0.5174721840573604,0.27675246337160964,0.7232475366283904,0.5753333333333334,0.28640177069300177,0.16389846801757812,historical_image_averaged_path_dice,confusion_replay_zero_credit,,,,,,,,,,
EDF-FixedL3,24000,10000,0,14000,0,0,100,6,1000,808,edf_fixed_l3,6000,3320,0.5533333333333333,0.6441000000001469,0.2683750000000612,0.2876979999999928,10000,0.27384189945977977,6000,6000,0.23117786176202954,2800,0.5228170307169877,0.28213325183021404,0.717866748169786,0.5746666666666667,0.2916391689549582,0.14588475227355957,historical_image_averaged_path_dice,confusion_replay_zero_credit,,,,,,,,,,
EDF-FixedL3,24000,10000,0,14000,0,0,100,6,1000,909,edf_fixed_l3,6000,3384,0.564,0.6441000000001469,0.2683750000000612,0.280827599999993,10000,0.27284646896866616,6000,6000,0.22848212518078936,2804,0.5118338190827479,0.277166875301354,0.722833124698646,0.5813333333333334,0.2833516939019586,0.14319705963134766,historical_image_averaged_path_dice,confusion_replay_zero_credit,,,,,,,,,,
EDF-FixedL3,24000,10000,0,14000,0,0,100,6,1000,1010,edf_fixed_l3,6000,3348,0.558,0.6441000000001469,0.2683750000000612,0.28469219999999285,10000,0.2726954615862583,6000,6000,0.22791636465754603,2800,0.5179277007485891,0.27226918735065214,0.7277308126493478,0.5746666666666667,0.290011336091043,0.16392183303833008,historical_image_averaged_path_dice,confusion_replay_zero_credit,,,,,,,,,,
EDF-FixedL3,32000,10000,0,22000,0,0,100,8,1000,101,edf_fixed_l3,8000,5360,0.67,0.6441000000001469,0.2012812500000459,0.2125529999999947,10000,0.20517725683517116,8000,8000,0.1699502317794944,2776,0.5182200017000912,0.2102634995517246,0.7897365004482754,0.683,0.3482697699205968,0.18806838989257812,historical_image_averaged_path_dice,confusion_replay_zero_credit,,,,,,,,,,
EDF-FixedL3,32000,10000,0,22000,0,0,100,8,1000,202,edf_fixed_l3,8000,5408,0.676,0.6441000000001469,0.2012812500000459,0.2086883999999948,10000,0.2045026508627128,8000,8000,0.16974326503486384,2816,0.5148116368572311,0.19809700767001392,0.8019029923299861,0.685,0.34506837182236727,0.188032865524292,historical_image_averaged_path_dice,confusion_replay_zero_credit,,,,,,,,,,
EDF-FixedL3,32000,10000,0,22000,0,0,100,8,1000,303,edf_fixed_l3,8000,5368,0.671,0.6441000000001469,0.2012812500000459,0.2119088999999947,10000,0.20432002951950767,8000,8000,0.1700660653659179,2800,0.5186361958687877,0.19650296557441113,0.8034970344255888,0.688,0.34857013050286983,0.18493437767028809,historical_image_averaged_path_dice,confusion_replay_zero_credit,,,,,,,,,,
EDF-FixedL3,32000,10000,0,22000,0,0,100,8,1000,404,edf_fixed_l3,8000,5384,0.673,0.6441000000001469,0.2012812500000459,0.21062069999999475,10000,0.20455194973429636,8000,8000,0.1745789948334546,2800,0.5331927358576126,0.1987448371260556,0.8012551628739444,0.683,0.358613741024158,0.17968177795410156,historical_image_averaged_path_dice,confusion_replay_zero_credit,,,,,,,,,,
EDF-FixedL3,32000,10000,0,22000,0,0,100,8,1000,505,edf_fixed_l3,8000,5312,0.664,0.6441000000001469,0.2012812500000459,0.21641759999999458,10000,0.20520662009783588,8000,8000,0.16837900316864227,2784,0.509718627666854,0.20195295090665213,0.7980470490933479,0.682,0.34133962449821176,0.18555784225463867,historical_image_averaged_path_dice,confusion_replay_zero_credit,,,,,,,,,,
EDF-FixedL3,32000,10000,0,22000,0,0,100,8,1000,606,edf_fixed_l3,8000,5360,0.67,0.6441000000001469,0.2012812500000459,0.2125529999999947,10000,0.20473089028527655,8000,8000,0.17252461735597877,2832,0.5150419035238178,0.19032717551220318,0.8096728244877969,0.678,0.34251728616783905,0.1878974437713623,historical_image_averaged_path_dice,confusion_replay_zero_credit,,,,,,,,,,
EDF-FixedL3,32000,10000,0,22000,0,0,100,8,1000,707,edf_fixed_l3,8000,5328,0.666,0.6441000000001469,0.2012812500000459,0.2151293999999946,10000,0.2049125767100235,8000,8000,0.1732643168588498,2808,0.5192812719946162,0.21300722359310886,0.7869927764068911,0.679,0.34601695513576636,0.1921243667602539,historical_image_averaged_path_dice,confusion_replay_zero_credit,,,,,,,,,,
EDF-FixedL3,32000,10000,0,22000,0,0,100,8,1000,808,edf_fixed_l3,8000,5256,0.657,0.6441000000001469,0.2012812500000459,0.2209262999999944,10000,0.20660466386666657,8000,8000,0.16768858756661753,2784,0.507971620834638,0.20661271536032944,0.7933872846396706,0.686,0.34028303326802045,0.19563937187194824,historical_image_averaged_path_dice,confusion_replay_zero_credit,,,,,,,,,,
EDF-FixedL3,32000,10000,0,22000,0,0,100,8,1000,909,edf_fixed_l3,8000,5392,0.674,0.6441000000001469,0.2012812500000459,0.20997659999999477,10000,0.20507356152645115,8000,8000,0.17461363350724696,2816,0.5213664177302431,0.20666373723618536,0.7933362627638146,0.681,0.3467527842229961,0.18349289894104004,historical_image_averaged_path_dice,confusion_replay_zero_credit,,,,,,,,,,
EDF-FixedL3,32000,10000,0,22000,0,0,100,8,1000,1010,edf_fixed_l3,8000,5344,0.668,0.6441000000001469,0.2012812500000459,0.21384119999999465,10000,0.20456980338884434,8000,8000,0.1698805753525474,2832,0.5133302311162445,0.19975208643616812,0.8002479135638318,0.677,0.3434496557636971,0.18828439712524414,historical_image_averaged_path_dice,confusion_replay_zero_credit,,,,,,,,,,
EDF-FixedL3,40000,10000,0,30000,0,0,100,10,1000,101,edf_fixed_l3,10000,7280,0.728,0.6441000000001469,0.16102500000003672,0.17519519999999558,10000,0.16407416167650038,10000,10000,0.14388576950032836,2860,0.5327246397463995,0.14938562325529295,0.8506143767447071,0.734,0.3888388702460711,0.21902894973754883,historical_image_averaged_path_dice,confusion_replay_zero_credit,,,,,,,,,,
EDF-FixedL3,40000,10000,0,30000,0,0,100,10,1000,202,edf_fixed_l3,10000,7300,0.73,0.6441000000001469,0.16102500000003672,0.17390699999999562,10000,0.16424486595508714,10000,10000,0.1493970779930484,2860,0.5615819206046861,0.20228863198811148,0.7977113680118886,0.74,0.41218484261163774,0.2156975269317627,historical_image_averaged_path_dice,confusion_replay_zero_credit,,,,,,,,,,
EDF-FixedL3,40000,10000,0,30000,0,0,100,10,1000,303,edf_fixed_l3,10000,7360,0.736,0.6441000000001469,0.16102500000003672,0.17004239999999574,10000,0.16376152956578754,10000,10000,0.12634406670962234,2640,0.5003724952595103,0.13927397766461747,0.8607260223353825,0.766,0.374028428549888,0.2260265350341797,historical_image_averaged_path_dice,confusion_replay_zero_credit,,,,,,,,,,
EDF-FixedL3,40000,10000,0,30000,0,0,100,10,1000,404,edf_fixed_l3,10000,7340,0.734,0.6441000000001469,0.16102500000003672,0.1713305999999957,10000,0.16431666621400146,10000,10000,0.13658867197527658,2760,0.522911091145346,0.17472676301805853,0.8252732369819414,0.754,0.3863224191700694,0.22922205924987793,historical_image_averaged_path_dice,confusion_replay_zero_credit,,,,,,,,,,
EDF-FixedL3,40000,10000,0,30000,0,0,100,10,1000,505,edf_fixed_l3,10000,7400,0.74,0.6441000000001469,0.16102500000003672,0.1674659999999958,10000,0.16369708309762368,10000,10000,0.14033237759110445,2740,0.5392233381896063,0.16263911188635788,0.8373608881136421,0.746,0.3988909605985019,0.2158517837524414,historical_image_averaged_path_dice,confusion_replay_zero_credit,,,,,,,,,,
EDF-FixedL3,40000,10000,0,30000,0,0,100,10,1000,606,edf_fixed_l3,10000,7380,0.738,0.6441000000001469,0.16102500000003672,0.16875419999999577,10000,0.1628183541601032,10000,10000,0.1405582683770751,2820,0.520873876350522,0.17102895462605622,0.8289710453739438,0.74,0.3803156079734469,0.2216496467590332,historical_image_averaged_path_dice,confusion_replay_zero_credit,,,,,,,,,,
EDF-FixedL3,40000,10000,0,30000,0,0,100,10,1000,707,edf_fixed_l3,10000,7420,0.742,0.6441000000001469,0.16102500000003672,0.16617779999999585,10000,0.162490185136828,10000,10000,0.13797780104316065,2860,0.508515665283132,0.15997591833400635,0.8400240816659936,0.742,0.3705378642399713,0.24175500869750977,historical_image_averaged_path_dice,confusion_replay_zero_credit,,,,,,,,,,
EDF-FixedL3,40000,10000,0,30000,0,0,100,10,1000,808,edf_fixed_l3,10000,7360,0.736,0.6441000000001469,0.16102500000003672,0.17004239999999574,10000,0.16409019379008466,10000,10000,0.14289329151863392,2760,0.5534495018771846,0.16301629460674044,0.8369837053932596,0.748,0.4105562103585506,0.24987316131591797,historical_image_averaged_path_dice,confusion_replay_zero_credit,,,,,,,,,,
EDF-FixedL3,40000,10000,0,30000,0,0,100,10,1000,909,edf_fixed_l3,10000,7420,0.742,0.6441000000001469,0.16102500000003672,0.16617779999999585,10000,0.164725496435415,10000,10000,0.14097794627243046,2760,0.5380327808639199,0.16463457003271748,0.8353654299672826,0.746,0.3970548345914895,0.23611879348754883,historical_image_averaged_path_dice,confusion_replay_zero_credit,,,,,,,,,,
EDF-FixedL3,40000,10000,0,30000,0,0,100,10,1000,1010,edf_fixed_l3,10000,7460,0.746,0.6441000000001469,0.16102500000003672,0.16360139999999596,10000,0.16182289148564766,10000,10000,0.14714587091973372,2800,0.5525384028601076,0.1679551132780434,0.8320448867219565,0.74,0.40539253194037383,0.21687912940979004,historical_image_averaged_path_dice,confusion_replay_zero_credit,,,,,,,,,,
EDF-FixedL3,16000,16000,0,0,0,0,150,4,1000,101,edf_fixed_l3,4000,0,0.0,0.6441000000000685,0.6441000000000685,0.6440999999999828,16000,0.6440999999999967,4000,4000,0.5365712329758283,4000,0.5365712329758283,0.6530537993946778,0.3469462006053222,0.056,0.0,0.15188074111938477,historical_image_averaged_path_dice,confusion_replay_zero_credit,,,,,,,,,,
EDF-FixedL3,16000,16000,0,0,0,0,150,4,1000,202,edf_fixed_l3,4000,0,0.0,0.6441000000000685,0.6441000000000685,0.6440999999999828,16000,0.6440999999999976,4000,4000,0.5365712329758271,4000,0.5365712329758271,0.6530537993946778,0.3469462006053222,0.056,0.0,0.13804149627685547,historical_image_averaged_path_dice,confusion_replay_zero_credit,,,,,,,,,,
EDF-FixedL3,16000,16000,0,0,0,0,150,4,1000,303,edf_fixed_l3,4000,0,0.0,0.6441000000000685,0.6441000000000685,0.6440999999999828,16000,0.6440999999999989,4000,4000,0.5365712329758282,4000,0.5365712329758282,0.6530537993946778,0.3469462006053222,0.056,0.0,0.15070319175720215,historical_image_averaged_path_dice,confusion_replay_zero_credit,,,,,,,,,,
EDF-FixedL3,16000,16000,0,0,0,0,150,4,1000,404,edf_fixed_l3,4000,0,0.0,0.6441000000000685,0.6441000000000685,0.6440999999999828,16000,0.644099999999999,4000,4000,0.5365712329758273,4000,0.5365712329758273,0.6530537993946778,0.3469462006053222,0.056,0.0,0.1489410400390625,historical_image_averaged_path_dice,confusion_replay_zero_credit,,,,,,,,,,
EDF-FixedL3,16000,16000,0,0,0,0,150,4,1000,505,edf_fixed_l3,4000,0,0.0,0.6441000000000685,0.6441000000000685,0.6440999999999828,16000,0.6440999999999985,4000,4000,0.536571232975828,4000,0.536571232975828,0.6530537993946778,0.3469462006053222,0.056,0.0,0.14265990257263184,historical_image_averaged_path_dice,confusion_replay_zero_credit,,,,,,,,,,
EDF-FixedL3,16000,16000,0,0,0,0,150,4,1000,606,edf_fixed_l3,4000,0,0.0,0.6441000000000685,0.6441000000000685,0.6440999999999828,16000,0.6440999999999967,4000,4000,0.5365712329758265,4000,0.5365712329758265,0.6530537993946778,0.3469462006053222,0.056,0.0,0.15377545356750488,historical_image_averaged_path_dice,confusion_replay_zero_credit,,,,,,,,,,
EDF-FixedL3,16000,16000,0,0,0,0,150,4,1000,707,edf_fixed_l3,4000,0,0.0,0.6441000000000685,0.6441000000000685,0.6440999999999828,16000,0.6440999999999953,4000,4000,0.5365712329758282,4000,0.5365712329758282,0.6530537993946778,0.3469462006053222,0.056,0.0,0.13840699195861816,historical_image_averaged_path_dice,confusion_replay_zero_credit,,,,,,,,,,
EDF-FixedL3,16000,16000,0,0,0,0,150,4,1000,808,edf_fixed_l3,4000,0,0.0,0.6441000000000685,0.6441000000000685,0.6440999999999828,16000,0.644099999999998,4000,4000,0.5365712329758269,4000,0.5365712329758269,0.6530537993946778,0.3469462006053222,0.056,0.0,0.13910627365112305,historical_image_averaged_path_dice,confusion_replay_zero_credit,,,,,,,,,,
EDF-FixedL3,16000,16000,0,0,0,0,150,4,1000,909,edf_fixed_l3,4000,0,0.0,0.6441000000000685,0.6441000000000685,0.6440999999999828,16000,0.6440999999999976,4000,4000,0.5365712329758268,4000,0.5365712329758268,0.6530537993946778,0.3469462006053222,0.056,0.0,0.1479344367980957,historical_image_averaged_path_dice,confusion_replay_zero_credit,,,,,,,,,,
EDF-FixedL3,16000,16000,0,0,0,0,150,4,1000,1010,edf_fixed_l3,4000,0,0.0,0.6441000000000685,0.6441000000000685,0.6440999999999828,16000,0.6440999999999978,4000,4000,0.5365712329758273,4000,0.5365712329758273,0.6530537993946778,0.3469462006053222,0.056,0.0,0.16108965873718262,historical_image_averaged_path_dice,confusion_replay_zero_credit,,,,,,,,,,
EDF-FixedL3,24000,16000,0,8000,0,0,150,6,1000,101,edf_fixed_l3,6000,2000,0.3333333333333333,0.6441000000000685,0.42940000000004563,0.4293999999999885,16000,0.4294000000000005,6000,6000,0.3577141553172184,4000,0.5365712329758275,0.4353691995964519,0.5646308004035481,0.37066666666666664,0.17885707765860914,0.1775825023651123,historical_image_averaged_path_dice,confusion_replay_zero_credit,,,,,,,,,,
EDF-FixedL3,24000,16000,0,8000,0,0,150,6,1000,202,edf_fixed_l3,6000,2000,0.3333333333333333,0.6441000000000685,0.42940000000004563,0.4293999999999885,16000,0.4293999999999991,6000,6000,0.35771415531721823,4000,0.5365712329758273,0.4353691995964519,0.5646308004035481,0.37066666666666664,0.1788570776586091,0.17279291152954102,historical_image_averaged_path_dice,confusion_replay_zero_credit,,,,,,,,,,
EDF-FixedL3,24000,16000,0,8000,0,0,150,6,1000,303,edf_fixed_l3,6000,2000,0.3333333333333333,0.6441000000000685,0.42940000000004563,0.4293999999999885,16000,0.4294000000000003,6000,6000,0.3577141553172187,4000,0.536571232975828,0.4353691995964519,0.5646308004035481,0.37066666666666664,0.1788570776586093,0.17532753944396973,historical_image_averaged_path_dice,confusion_replay_zero_credit,,,,,,,,,,
EDF-FixedL3,24000,16000,0,8000,0,0,150,6,1000,404,edf_fixed_l3,6000,2000,0.3333333333333333,0.6441000000000685,0.42940000000004563,0.4293999999999885,16000,0.42939999999999967,6000,6000,0.3577141553172188,4000,0.5365712329758281,0.4353691995964519,0.5646308004035481,0.37066666666666664,0.1788570776586093,0.1881706714630127,historical_image_averaged_path_dice,confusion_replay_zero_credit,,,,,,,,,,
EDF-FixedL3,24000,16000,0,8000,0,0,150,6,1000,505,edf_fixed_l3,6000,2000,0.3333333333333333,0.6441000000000685,0.42940000000004563,0.4293999999999885,16000,0.4294000000000007,6000,6000,0.35771415531721845,4000,0.5365712329758276,0.4353691995964519,0.5646308004035481,0.37066666666666664,0.1788570776586092,0.175276517868042,historical_image_averaged_path_dice,confusion_replay_zero_credit,,,,,,,,,,
EDF-FixedL3,24000,16000,0,8000,0,0,150,6,1000,606,edf_fixed_l3,6000,2000,0.3333333333333333,0.6441000000000685,0.42940000000004563,0.4293999999999885,16000,0.4293999999999992,6000,6000,0.35771415531721784,4000,0.5365712329758268,0.4353691995964519,0.5646308004035481,0.37066666666666664,0.17885707765860892,0.17678427696228027,historical_image_averaged_path_dice,confusion_replay_zero_credit,,,,,,,,,,
EDF-FixedL3,24000,16000,0,8000,0,0,150,6,1000,707,edf_fixed_l3,6000,2000,0.3333333333333333,0.6441000000000685,0.42940000000004563,0.4293999999999885,16000,0.4293999999999997,6000,6000,0.35771415531721845,4000,0.5365712329758276,0.4353691995964519,0.5646308004035481,0.37066666666666664,0.1788570776586092,0.17854952812194824,historical_image_averaged_path_dice,confusion_replay_zero_credit,,,,,,,,,,
EDF-FixedL3,24000,16000,0,8000,0,0,150,6,1000,808,edf_fixed_l3,6000,2000,0.3333333333333333,0.6441000000000685,0.42940000000004563,0.4293999999999885,16000,0.4294000000000002,6000,6000,0.35771415531721884,4000,0.5365712329758282,0.4353691995964519,0.5646308004035481,0.37066666666666664,0.17885707765860936,0.1758105754852295,historical_image_averaged_path_dice,confusion_replay_zero_credit,,,,,,,,,,
EDF-FixedL3,24000,16000,0,8000,0,0,150,6,1000,909,edf_fixed_l3,6000,2000,0.3333333333333333,0.6441000000000685,0.42940000000004563,0.4293999999999885,16000,0.42940000000000045,6000,6000,0.35771415531721845,4000,0.5365712329758276,0.4353691995964519,0.5646308004035481,0.37066666666666664,0.1788570776586092,0.17156744003295898,historical_image_averaged_path_dice,confusion_replay_zero_credit,,,,,,,,,,
EDF-FixedL3,24000,16000,0,8000,0,0,150,6,1000,1010,edf_fixed_l3,6000,2000,0.3333333333333333,0.6441000000000685,0.42940000000004563,0.4293999999999885,16000,0.4294,6000,6000,0.3577141553172186,4000,0.5365712329758279,0.4353691995964519,0.5646308004035481,0.37066666666666664,0.17885707765860925,0.16703414916992188,historical_image_averaged_path_dice,confusion_replay_zero_credit,,,,,,,,,,
EDF-FixedL3,32000,16000,0,16000,0,0,150,8,1000,101,edf_fixed_l3,8000,4000,0.5,0.6441000000000685,0.32205000000003425,0.3220499999999914,16000,0.3220500000000002,8000,8000,0.26828561648791366,4000,0.5365712329758273,0.3265268996973389,0.673473100302661,0.528,0.26828561648791366,0.22340178489685059,historical_image_averaged_path_dice,confusion_replay_zero_credit,,,,,,,,,,
EDF-FixedL3,32000,16000,0,16000,0,0,150,8,1000,202,edf_fixed_l3,8000,4000,0.5,0.6441000000000685,0.32205000000003425,0.3220499999999914,16000,0.3220500000000002,8000,8000,0.26828561648791377,4000,0.5365712329758275,0.3265268996973389,0.673473100302661,0.528,0.26828561648791377,0.2003941535949707,historical_image_averaged_path_dice,confusion_replay_zero_credit,,,,,,,,,,
EDF-FixedL3,32000,16000,0,16000,0,0,150,8,1000,303,edf_fixed_l3,8000,4000,0.5,0.6441000000000685,0.32205000000003425,0.3220499999999914,16000,0.3220500000000006,8000,8000,0.268285616487914,4000,0.536571232975828,0.3265268996973389,0.673473100302661,0.528,0.268285616487914,0.21190500259399414,historical_image_averaged_path_dice,confusion_replay_zero_credit,,,,,,,,,,
EDF-FixedL3,32000,16000,0,16000,0,0,150,8,1000,404,edf_fixed_l3,8000,4000,0.5,0.6441000000000685,0.32205000000003425,0.3220499999999914,16000,0.32205000000000034,8000,8000,0.2682856164879137,4000,0.5365712329758274,0.3265268996973389,0.673473100302661,0.528,0.2682856164879137,0.21136736869812012,historical_image_averaged_path_dice,confusion_replay_zero_credit,,,,,,,,,,
EDF-FixedL3,32000,16000,0,16000,0,0,150,8,1000,505,edf_fixed_l3,8000,4000,0.5,0.6441000000000685,0.32205000000003425,0.3220499999999914,16000,0.3220500000000006,8000,8000,0.2682856164879139,4000,0.5365712329758278,0.3265268996973389,0.673473100302661,0.528,0.2682856164879139,0.21223855018615723,historical_image_averaged_path_dice,confusion_replay_zero_credit,,,,,,,,,,
EDF-FixedL3,32000,16000,0,16000,0,0,150,8,1000,606,edf_fixed_l3,8000,4000,0.5,0.6441000000000685,0.32205000000003425,0.3220499999999914,16000,0.32205000000000045,8000,8000,0.26828561648791344,4000,0.5365712329758269,0.3265268996973389,0.673473100302661,0.528,0.26828561648791344,0.20672345161437988,historical_image_averaged_path_dice,confusion_replay_zero_credit,,,,,,,,,,
EDF-FixedL3,32000,16000,0,16000,0,0,150,8,1000,707,edf_fixed_l3,8000,4000,0.5,0.6441000000000685,0.32205000000003425,0.3220499999999914,16000,0.3220500000000015,8000,8000,0.26828561648791366,4000,0.5365712329758273,0.3265268996973389,0.673473100302661,0.528,0.26828561648791366,0.23048996925354004,historical_image_averaged_path_dice,confusion_replay_zero_credit,,,,,,,,,,
EDF-FixedL3,32000,16000,0,16000,0,0,150,8,1000,808,edf_fixed_l3,8000,4000,0.5,0.6441000000000685,0.32205000000003425,0.3220499999999914,16000,0.3220500000000006,8000,8000,0.2682856164879138,4000,0.5365712329758276,0.3265268996973389,0.673473100302661,0.528,0.2682856164879138,0.2163379192352295,historical_image_averaged_path_dice,confusion_replay_zero_credit,,,,,,,,,,
EDF-FixedL3,32000,16000,0,16000,0,0,150,8,1000,909,edf_fixed_l3,8000,4000,0.5,0.6441000000000685,0.32205000000003425,0.3220499999999914,16000,0.32205000000000056,8000,8000,0.2682856164879141,4000,0.5365712329758282,0.3265268996973389,0.673473100302661,0.528,0.2682856164879141,0.22415900230407715,historical_image_averaged_path_dice,confusion_replay_zero_credit,,,,,,,,,,
EDF-FixedL3,32000,16000,0,16000,0,0,150,8,1000,1010,edf_fixed_l3,8000,4000,0.5,0.6441000000000685,0.32205000000003425,0.3220499999999914,16000,0.3220500000000002,8000,8000,0.2682856164879139,4000,0.5365712329758278,0.3265268996973389,0.673473100302661,0.528,0.2682856164879139,0.211287260055542,historical_image_averaged_path_dice,confusion_replay_zero_credit,,,,,,,,,,
EDF-FixedL3,40000,16000,0,24000,0,0,150,10,1000,101,edf_fixed_l3,10000,6000,0.6,0.6441000000000685,0.2576400000000274,0.2576399999999931,16000,0.2576400000000033,10000,10000,0.21531907089977953,4000,0.5382976772494489,0.23115077574270007,0.7688492242573,0.616,0.32297860634966935,0.2613105773925781,historical_image_averaged_path_dice,confusion_replay_zero_credit,,,,,,,,,,
EDF-FixedL3,40000,16000,0,24000,0,0,150,10,1000,202,edf_fixed_l3,10000,6000,0.6,0.6441000000000685,0.2576400000000274,0.2576399999999931,16000,0.25764000000000553,10000,10000,0.22664283079543998,4000,0.5666070769885999,0.29716566473385253,0.7028343352661475,0.616,0.3399642461931599,0.2373030185699463,historical_image_averaged_path_dice,confusion_replay_zero_credit,,,,,,,,,,
EDF-FixedL3,40000,16000,0,24000,0,0,150,10,1000,303,edf_fixed_l3,10000,6000,0.6,0.6441000000000685,0.2576400000000274,0.2576399999999931,16000,0.2576400000000035,10000,10000,0.21258229813335947,4000,0.5314557453333987,0.24158371902656856,0.7584162809734314,0.624,0.3188734472000392,0.25108933448791504,historical_image_averaged_path_dice,confusion_replay_zero_credit,,,,,,,,,,
EDF-FixedL3,40000,16000,0,24000,0,0,150,10,1000,404,edf_fixed_l3,10000,6000,0.6,0.6441000000000685,0.2576400000000274,0.2576399999999931,16000,0.25764000000000215,10000,10000,0.21418364911310364,4000,0.5354591227827591,0.29022001308764694,0.7097799869123531,0.624,0.3212754736696555,0.25014472007751465,historical_image_averaged_path_dice,confusion_replay_zero_credit,,,,,,,,,,
EDF-FixedL3,40000,16000,0,24000,0,0,150,10,1000,505,edf_fixed_l3,10000,6000,0.6,0.6441000000000685,0.2576400000000274,0.2576399999999931,16000,0.25764000000000253,10000,10000,0.21006370567736535,4000,0.5251592641934134,0.24868894797755137,0.7513110520224486,0.63,0.3150955585160481,0.24890613555908203,historical_image_averaged_path_dice,confusion_replay_zero_credit,,,,,,,,,,
EDF-FixedL3,40000,16000,0,24000,0,0,150,10,1000,606,edf_fixed_l3,10000,6000,0.6,0.6441000000000685,0.2576400000000274,0.2576399999999931,16000,0.2576400000000022,10000,10000,0.21243227124332933,4000,0.5310806781083234,0.24953678483547423,0.7504632151645257,0.626,0.31864840686499407,0.2436199188232422,historical_image_averaged_path_dice,confusion_replay_zero_credit,,,,,,,,,,
EDF-FixedL3,40000,16000,0,24000,0,0,150,10,1000,707,edf_fixed_l3,10000,6000,0.6,0.6441000000000685,0.2576400000000274,0.2576399999999931,16000,0.2576400000000009,10000,10000,0.2125779640776409,4000,0.5314449101941022,0.23523796594656585,0.7647620340534341,0.624,0.3188669461164613,0.24733924865722656,historical_image_averaged_path_dice,confusion_replay_zero_credit,,,,,,,,,,
EDF-FixedL3,40000,16000,0,24000,0,0,150,10,1000,808,edf_fixed_l3,10000,6000,0.6,0.6441000000000685,0.2576400000000274,0.2576399999999931,16000,0.257640000000002,10000,10000,0.21441280462276846,4000,0.5360320115569212,0.25257312221981265,0.7474268777801873,0.628,0.3216192069341527,0.32097339630126953,historical_image_averaged_path_dice,confusion_replay_zero_credit,,,,,,,,,,
EDF-FixedL3,40000,16000,0,24000,0,0,150,10,1000,909,edf_fixed_l3,10000,6000,0.6,0.6441000000000685,0.2576400000000274,0.2576399999999931,16000,0.25764000000000453,10000,10000,0.2142208004270263,4000,0.5355520010675657,0.2640783491595939,0.7359216508404061,0.624,0.32133120064053944,0.3203730583190918,historical_image_averaged_path_dice,confusion_replay_zero_credit,,,,,,,,,,
EDF-FixedL3,40000,16000,0,24000,0,0,150,10,1000,1010,edf_fixed_l3,10000,6000,0.6,0.6441000000000685,0.2576400000000274,0.2576399999999931,16000,0.25764000000000586,10000,10000,0.22004754374126223,4000,0.5501188593531556,0.26000063797951395,0.7399993620204861,0.622,0.3300713156118934,0.24878716468811035,historical_image_averaged_path_dice,confusion_replay_zero_credit,,,,,,,,,,
EDF-FixedL3,16000,16000,0,0,0,0,200,4,1000,101,edf_fixed_l3,4000,0,0.0,0.6441000000000685,0.6441000000000685,0.6440999999999828,16000,0.6440999999999967,4000,4000,0.5365712329758283,4000,0.5365712329758283,0.6530537993946778,0.3469462006053222,0.056,0.0,0.13976621627807617,historical_image_averaged_path_dice,confusion_replay_zero_credit,,,,,,,,,,
EDF-FixedL3,16000,16000,0,0,0,0,200,4,1000,202,edf_fixed_l3,4000,0,0.0,0.6441000000000685,0.6441000000000685,0.6440999999999828,16000,0.6440999999999976,4000,4000,0.5365712329758271,4000,0.5365712329758271,0.6530537993946778,0.3469462006053222,0.056,0.0,0.14187860488891602,historical_image_averaged_path_dice,confusion_replay_zero_credit,,,,,,,,,,
EDF-FixedL3,16000,16000,0,0,0,0,200,4,1000,303,edf_fixed_l3,4000,0,0.0,0.6441000000000685,0.6441000000000685,0.6440999999999828,16000,0.6440999999999989,4000,4000,0.5365712329758282,4000,0.5365712329758282,0.6530537993946778,0.3469462006053222,0.056,0.0,0.14325904846191406,historical_image_averaged_path_dice,confusion_replay_zero_credit,,,,,,,,,,
EDF-FixedL3,16000,16000,0,0,0,0,200,4,1000,404,edf_fixed_l3,4000,0,0.0,0.6441000000000685,0.6441000000000685,0.6440999999999828,16000,0.644099999999999,4000,4000,0.5365712329758273,4000,0.5365712329758273,0.6530537993946778,0.3469462006053222,0.056,0.0,0.14392662048339844,historical_image_averaged_path_dice,confusion_replay_zero_credit,,,,,,,,,,
EDF-FixedL3,16000,16000,0,0,0,0,200,4,1000,505,edf_fixed_l3,4000,0,0.0,0.6441000000000685,0.6441000000000685,0.6440999999999828,16000,0.6440999999999985,4000,4000,0.536571232975828,4000,0.536571232975828,0.6530537993946778,0.3469462006053222,0.056,0.0,0.14400839805603027,historical_image_averaged_path_dice,confusion_replay_zero_credit,,,,,,,,,,
EDF-FixedL3,16000,16000,0,0,0,0,200,4,1000,606,edf_fixed_l3,4000,0,0.0,0.6441000000000685,0.6441000000000685,0.6440999999999828,16000,0.6440999999999967,4000,4000,0.5365712329758265,4000,0.5365712329758265,0.6530537993946778,0.3469462006053222,0.056,0.0,0.13815593719482422,historical_image_averaged_path_dice,confusion_replay_zero_credit,,,,,,,,,,
EDF-FixedL3,16000,16000,0,0,0,0,200,4,1000,707,edf_fixed_l3,4000,0,0.0,0.6441000000000685,0.6441000000000685,0.6440999999999828,16000,0.6440999999999953,4000,4000,0.5365712329758282,4000,0.5365712329758282,0.6530537993946778,0.3469462006053222,0.056,0.0,0.14146733283996582,historical_image_averaged_path_dice,confusion_replay_zero_credit,,,,,,,,,,
EDF-FixedL3,16000,16000,0,0,0,0,200,4,1000,808,edf_fixed_l3,4000,0,0.0,0.6441000000000685,0.6441000000000685,0.6440999999999828,16000,0.644099999999998,4000,4000,0.5365712329758269,4000,0.5365712329758269,0.6530537993946778,0.3469462006053222,0.056,0.0,0.13436269760131836,historical_image_averaged_path_dice,confusion_replay_zero_credit,,,,,,,,,,
EDF-FixedL3,16000,16000,0,0,0,0,200,4,1000,909,edf_fixed_l3,4000,0,0.0,0.6441000000000685,0.6441000000000685,0.6440999999999828,16000,0.6440999999999976,4000,4000,0.5365712329758268,4000,0.5365712329758268,0.6530537993946778,0.3469462006053222,0.056,0.0,0.13934826850891113,historical_image_averaged_path_dice,confusion_replay_zero_credit,,,,,,,,,,
EDF-FixedL3,16000,16000,0,0,0,0,200,4,1000,1010,edf_fixed_l3,4000,0,0.0,0.6441000000000685,0.6441000000000685,0.6440999999999828,16000,0.6440999999999978,4000,4000,0.5365712329758273,4000,0.5365712329758273,0.6530537993946778,0.3469462006053222,0.056,0.0,0.1394340991973877,historical_image_averaged_path_dice,confusion_replay_zero_credit,,,,,,,,,,
EDF-FixedL3,24000,22000,0,2000,0,0,200,6,1000,101,edf_fixed_l3,6000,328,0.05466666666666667,0.6440999999999204,0.590424999999927,0.608889199999983,22000,0.5956420058447864,6000,6000,0.4978745263230708,5796,0.5276184515060746,0.6037685905980228,0.3962314094019772,0.108,0.029743925183003783,0.2121741771697998,historical_image_averaged_path_dice,confusion_replay_zero_credit,,,,,,,,,,
EDF-FixedL3,24000,22000,0,2000,0,0,200,6,1000,202,edf_fixed_l3,6000,312,0.052,0.6440999999999204,0.590424999999927,0.610606799999983,22000,0.5953548555939019,6000,6000,0.49867902089241956,5796,0.5293030258041312,0.6013401471303849,0.39865985286961514,0.106,0.03062400491171169,0.20009636878967285,historical_image_averaged_path_dice,confusion_replay_zero_credit,,,,,,,,,,
EDF-FixedL3,24000,22000,0,2000,0,0,200,6,1000,303,edf_fixed_l3,6000,320,0.05333333333333334,0.6440999999999204,0.590424999999927,0.609747999999983,22000,0.5956941486698308,6000,6000,0.5005836597313473,5836,0.5271964856461816,0.6021999632763386,0.3978000367236614,0.09866666666666667,0.02661282591483427,0.20053791999816895,historical_image_averaged_path_dice,confusion_replay_zero_credit,,,,,,,,,,
EDF-FixedL3,24000,22000,0,2000,0,0,200,6,1000,404,edf_fixed_l3,6000,304,0.050666666666666665,0.6440999999999204,0.590424999999927,0.611465599999983,22000,0.5957692017352196,6000,6000,0.49518085738916645,5796,0.5252457231334061,0.5958161567240362,0.4041838432759638,0.108,0.030064865744239666,0.24367165565490723,historical_image_averaged_path_dice,confusion_replay_zero_credit,,,,,,,,,,
EDF-FixedL3,24000,22000,0,2000,0,0,200,6,1000,505,edf_fixed_l3,6000,344,0.05733333333333333,0.6440999999999204,0.590424999999927,0.607171599999983,22000,0.5952162482350786,6000,6000,0.4951837844335936,5820,0.5256526969057238,0.597219546802103,0.402780453197897,0.104,0.030468912472130183,0.23290753364562988,historical_image_averaged_path_dice,confusion_replay_zero_credit,,,,,,,,,,
EDF-FixedL3,24000,22000,0,2000,0,0,200,6,1000,606,edf_fixed_l3,6000,340,0.056666666666666664,0.6440999999999204,0.590424999999927,0.6076009999999831,22000,0.5958113230592433,6000,6000,0.4921224866030127,5788,0.524208322278455,0.5949387013512115,0.4050612986487885,0.112,0.03208583567544232,0.21208500862121582,historical_image_averaged_path_dice,confusion_replay_zero_credit,,,,,,,,,,
EDF-FixedL3,24000,22000,0,2000,0,0,200,6,1000,707,edf_fixed_l3,6000,344,0.05733333333333333,0.6440999999999204,0.590424999999927,0.607171599999983,22000,0.5954564416371495,6000,6000,0.4942942623192094,5780,0.5278473213002015,0.5940594600753547,0.4059405399246453,0.10666666666666667,0.03355305898099209,0.19873881340026855,historical_image_averaged_path_dice,confusion_replay_zero_credit,,,,,,,,,,
EDF-FixedL3,24000,22000,0,2000,0,0,200,6,1000,808,edf_fixed_l3,6000,348,0.058,0.6440999999999204,0.590424999999927,0.6067421999999831,22000,0.5948941949161054,6000,6000,0.4968472071472448,5804,0.5279761609648221,0.6012233765475159,0.3987766234524841,0.10666666666666667,0.031128953817577354,0.20044994354248047,historical_image_averaged_path_dice,confusion_replay_zero_credit,,,,,,,,,,
EDF-FixedL3,24000,22000,0,2000,0,0,200,6,1000,909,edf_fixed_l3,6000,284,0.04733333333333333,0.6440999999999204,0.590424999999927,0.6136125999999829,22000,0.5958896254072192,6000,6000,0.4966418463722798,5800,0.5302883985176091,0.6018228629822499,0.39817713701775015,0.10133333333333333,0.0336465521453293,0.2395477294921875,historical_image_averaged_path_dice,confusion_replay_zero_credit,,,,,,,,,,
EDF-FixedL3,24000,22000,0,2000,0,0,200,6,1000,1010,edf_fixed_l3,6000,320,0.05333333333333334,0.6440999999999204,0.590424999999927,0.609747999999983,22000,0.596040632789624,6000,6000,0.49655548752459344,5804,0.5266616922447507,0.6024561167220063,0.3975438832779937,0.10666666666666667,0.030106204720157237,0.21003055572509766,historical_image_averaged_path_dice,confusion_replay_zero_credit,,,,,,,,,,
EDF-FixedL3,32000,22000,0,10000,0,0,200,8,1000,101,edf_fixed_l3,8000,2304,0.288,0.6440999999999204,0.4428187499999453,0.4585991999999872,22000,0.44702147383800644,8000,8000,0.373310819757294,5784,0.5273945088654112,0.4464954853882497,0.5535045146117503,0.333,0.15408368910811715,0.23908638954162598,historical_image_averaged_path_dice,confusion_replay_zero_credit,,,,,,,,,,
EDF-FixedL3,32000,22000,0,10000,0,0,200,8,1000,202,edf_fixed_l3,8000,2288,0.286,0.6440999999999204,0.4428187499999453,0.4598873999999872,22000,0.4464602310066448,8000,8000,0.3744098954376769,5776,0.5326082524086357,0.4458404848446483,0.5541595151553518,0.332,0.15819835697095885,0.2423841953277588,historical_image_averaged_path_dice,confusion_replay_zero_credit,,,,,,,,,,
EDF-FixedL3,32000,22000,0,10000,0,0,200,8,1000,303,edf_fixed_l3,8000,2296,0.287,0.6440999999999204,0.4428187499999453,0.4592432999999872,22000,0.4468660486007872,8000,8000,0.37836727683654314,5840,0.5294506470649792,0.4483211453694021,0.551678854630598,0.323,0.1510833702284361,0.23008012771606445,historical_image_averaged_path_dice,confusion_replay_zero_credit,,,,,,,,,,
EDF-FixedL3,32000,22000,0,10000,0,0,200,8,1000,404,edf_fixed_l3,8000,2320,0.29,0.6440999999999204,0.4428187499999453,0.45731099999998726,22000,0.4471074915839583,8000,8000,0.3656194366793759,5768,0.5185334466635556,0.43255522087732734,0.5674447791226727,0.34,0.1529140099841797,0.24822020530700684,historical_image_averaged_path_dice,confusion_replay_zero_credit,,,,,,,,,,
EDF-FixedL3,32000,22000,0,10000,0,0,200,8,1000,505,edf_fixed_l3,8000,2328,0.291,0.6440999999999204,0.4428187499999453,0.4566668999999873,22000,0.44684018575190904,8000,8000,0.37188275403815757,5784,0.5284266676865246,0.443234866058509,0.556765133941491,0.322,0.156543913648367,0.2362978458404541,historical_image_averaged_path_dice,confusion_replay_zero_credit,,,,,,,,,,
EDF-FixedL3,32000,22000,0,10000,0,0,200,8,1000,606,edf_fixed_l3,8000,2320,0.29,0.6440999999999204,0.4428187499999453,0.45731099999998726,22000,0.4471936267039733,8000,8000,0.366342202165524,5800,0.5200204867281525,0.42282154105682546,0.5771784589431745,0.334,0.1536782845626285,0.2538187503814697,historical_image_averaged_path_dice,confusion_replay_zero_credit,,,,,,,,,,
EDF-FixedL3,32000,22000,0,10000,0,0,200,8,1000,707,edf_fixed_l3,8000,2384,0.298,0.6440999999999204,0.4428187499999453,0.4521581999999874,22000,0.44626033456820696,8000,8000,0.37083008260745653,5760,0.5291507819164047,0.44057637080490347,0.5594236291950965,0.328,0.1583206993089482,0.2347264289855957,historical_image_averaged_path_dice,confusion_replay_zero_credit,,,,,,,,,,
EDF-FixedL3,32000,22000,0,10000,0,0,200,8,1000,808,edf_fixed_l3,8000,2336,0.292,0.6440999999999204,0.4428187499999453,0.4560227999999873,22000,0.446293160316437,8000,8000,0.3693787827729205,5816,0.522123097360016,0.4485046262993784,0.5514953737006216,0.326,0.15274431458709553,0.23645591735839844,historical_image_averaged_path_dice,confusion_replay_zero_credit,,,,,,,,,,
EDF-FixedL3,32000,22000,0,10000,0,0,200,8,1000,909,edf_fixed_l3,8000,2272,0.284,0.6440999999999204,0.4428187499999453,0.46117559999998714,22000,0.4468436577982416,8000,8000,0.37592843836099926,5792,0.5370906490559831,0.4515653206535317,0.5484346793464683,0.323,0.16116221069498388,0.23096179962158203,historical_image_averaged_path_dice,confusion_replay_zero_credit,,,,,,,,,,
EDF-FixedL3,32000,22000,0,10000,0,0,200,8,1000,1010,edf_fixed_l3,8000,2328,0.291,0.6440999999999204,0.4428187499999453,0.4566668999999873,22000,0.44820578485015194,8000,8000,0.3684653734021692,5760,0.5228457409698355,0.44964853840459457,0.5503514615954055,0.338,0.15438036756766627,0.24289512634277344,historical_image_averaged_path_dice,confusion_replay_zero_credit,,,,,,,,,,
EDF-FixedL3,40000,22000,0,18000,0,0,200,10,1000,101,edf_fixed_l3,10000,4240,0.424,0.6440999999999204,0.35425499999995624,0.37100159999998966,22000,0.3585390635999918,10000,10000,0.2944724140821319,5760,0.5287557281807075,0.3119070303941189,0.6880929696058811,0.46,0.2342833140985756,0.30327343940734863,historical_image_averaged_path_dice,confusion_replay_zero_credit,,,,,,,,,,
EDF-FixedL3,40000,22000,0,18000,0,0,200,10,1000,202,edf_fixed_l3,10000,4280,0.428,0.6440999999999204,0.35425499999995624,0.36842519999998974,22000,0.35762351854170765,10000,10000,0.3106222413227631,5780,0.5530933222857232,0.39070112712186916,0.6092988728781308,0.462,0.24247108096296005,0.2606627941131592,historical_image_averaged_path_dice,confusion_replay_zero_credit,,,,,,,,,,
EDF-FixedL3,40000,22000,0,18000,0,0,200,10,1000,303,edf_fixed_l3,10000,4440,0.444,0.6440999999999204,0.35425499999995624,0.35811959999999005,22000,0.3566178718900307,10000,10000,0.2923151014125771,5860,0.5094896285574986,0.35268727439408226,0.6473127256059177,0.464,0.21717452714492147,0.2669258117675781,historical_image_averaged_path_dice,confusion_replay_zero_credit,,,,,,,,,,
EDF-FixedL3,40000,22000,0,18000,0,0,200,10,1000,404,edf_fixed_l3,10000,4460,0.446,0.6440999999999204,0.35425499999995624,0.3568313999999901,22000,0.35596582029538765,10000,10000,0.29917180094317103,5780,0.5278375678910677,0.38486213089608673,0.6151378691039133,0.466,0.2286657669478967,0.27600884437561035,historical_image_averaged_path_dice,confusion_replay_zero_credit,,,,,,,,,,
EDF-FixedL3,40000,22000,0,18000,0,0,200,10,1000,505,edf_fixed_l3,10000,4380,0.438,0.6440999999999204,0.35425499999995624,0.36198419999998993,22000,0.35658841388586043,10000,10000,0.294955499123334,5820,0.5222519175288755,0.3611930085028492,0.6388069914971508,0.466,0.22729641840554143,0.26870179176330566,historical_image_averaged_path_dice,confusion_replay_zero_credit,,,,,,,,,,
EDF-FixedL3,40000,22000,0,18000,0,0,200,10,1000,606,edf_fixed_l3,10000,4240,0.424,0.6440999999999204,0.35425499999995624,0.37100159999998966,22000,0.3579323013320473,10000,10000,0.2878351741781342,5720,0.5230289991356806,0.32430007094431107,0.6756999290556889,0.468,0.23519382495754637,0.26580047607421875,historical_image_averaged_path_dice,confusion_replay_zero_credit,,,,,,,,,,
EDF-FixedL3,40000,22000,0,18000,0,0,200,10,1000,707,edf_fixed_l3,10000,4420,0.442,0.6440999999999204,0.35425499999995624,0.35940779999999,22000,0.3567344255603479,10000,10000,0.29022698050017326,5840,0.5171667434611683,0.3410712665154474,0.6589287334845526,0.466,0.22693976296099505,0.28365039825439453,historical_image_averaged_path_dice,confusion_replay_zero_credit,,,,,,,,,,
EDF-FixedL3,40000,22000,0,18000,0,0,200,10,1000,808,edf_fixed_l3,10000,4380,0.438,0.6440999999999204,0.35425499999995624,0.36198419999998993,22000,0.35623805381720214,10000,10000,0.29644954619340924,5780,0.5271874002581206,0.36102164423806,0.63897835576194,0.474,0.23073785406471137,0.2722625732421875,historical_image_averaged_path_dice,confusion_replay_zero_credit,,,,,,,,,,
EDF-FixedL3,40000,22000,0,18000,0,0,200,10,1000,909,edf_fixed_l3,10000,4320,0.432,0.6440999999999204,0.35425499999995624,0.3658487999999898,22000,0.35791781838611425,10000,10000,0.2866481839482737,5740,0.5160660668600225,0.3452702267736923,0.6547297732263078,0.47,0.22941788291174886,0.2782890796661377,historical_image_averaged_path_dice,confusion_replay_zero_credit,,,,,,,,,,
EDF-FixedL3,40000,22000,0,18000,0,0,200,10,1000,1010,edf_fixed_l3,10000,4280,0.428,0.6440999999999204,0.35425499999995624,0.36842519999998974,22000,0.3585733354552052,10000,10000,0.3028573275821689,5820,0.5386324198068027,0.34697537951332386,0.6530246204866761,0.464,0.23577509222463378,0.2781820297241211,historical_image_averaged_path_dice,confusion_replay_zero_credit,,,,,,,,,,
EDF-FixedL3,16000,16000,0,0,0,0,250,4,1000,101,edf_fixed_l3,4000,0,0.0,0.6441000000000685,0.6441000000000685,0.6440999999999828,16000,0.6440999999999967,4000,4000,0.5365712329758283,4000,0.5365712329758283,0.6530537993946778,0.3469462006053222,0.056,0.0,0.13898754119873047,historical_image_averaged_path_dice,confusion_replay_zero_credit,,,,,,,,,,
EDF-FixedL3,16000,16000,0,0,0,0,250,4,1000,202,edf_fixed_l3,4000,0,0.0,0.6441000000000685,0.6441000000000685,0.6440999999999828,16000,0.6440999999999976,4000,4000,0.5365712329758271,4000,0.5365712329758271,0.6530537993946778,0.3469462006053222,0.056,0.0,0.13875794410705566,historical_image_averaged_path_dice,confusion_replay_zero_credit,,,,,,,,,,
EDF-FixedL3,16000,16000,0,0,0,0,250,4,1000,303,edf_fixed_l3,4000,0,0.0,0.6441000000000685,0.6441000000000685,0.6440999999999828,16000,0.6440999999999989,4000,4000,0.5365712329758282,4000,0.5365712329758282,0.6530537993946778,0.3469462006053222,0.056,0.0,0.13835620880126953,historical_image_averaged_path_dice,confusion_replay_zero_credit,,,,,,,,,,
EDF-FixedL3,16000,16000,0,0,0,0,250,4,1000,404,edf_fixed_l3,4000,0,0.0,0.6441000000000685,0.6441000000000685,0.6440999999999828,16000,0.644099999999999,4000,4000,0.5365712329758273,4000,0.5365712329758273,0.6530537993946778,0.3469462006053222,0.056,0.0,0.14579010009765625,historical_image_averaged_path_dice,confusion_replay_zero_credit,,,,,,,,,,
EDF-FixedL3,16000,16000,0,0,0,0,250,4,1000,505,edf_fixed_l3,4000,0,0.0,0.6441000000000685,0.6441000000000685,0.6440999999999828,16000,0.6440999999999985,4000,4000,0.536571232975828,4000,0.536571232975828,0.6530537993946778,0.3469462006053222,0.056,0.0,0.13944125175476074,historical_image_averaged_path_dice,confusion_replay_zero_credit,,,,,,,,,,
EDF-FixedL3,16000,16000,0,0,0,0,250,4,1000,606,edf_fixed_l3,4000,0,0.0,0.6441000000000685,0.6441000000000685,0.6440999999999828,16000,0.6440999999999967,4000,4000,0.5365712329758265,4000,0.5365712329758265,0.6530537993946778,0.3469462006053222,0.056,0.0,0.13335466384887695,historical_image_averaged_path_dice,confusion_replay_zero_credit,,,,,,,,,,
EDF-FixedL3,16000,16000,0,0,0,0,250,4,1000,707,edf_fixed_l3,4000,0,0.0,0.6441000000000685,0.6441000000000685,0.6440999999999828,16000,0.6440999999999953,4000,4000,0.5365712329758282,4000,0.5365712329758282,0.6530537993946778,0.3469462006053222,0.056,0.0,0.1385650634765625,historical_image_averaged_path_dice,confusion_replay_zero_credit,,,,,,,,,,
EDF-FixedL3,16000,16000,0,0,0,0,250,4,1000,808,edf_fixed_l3,4000,0,0.0,0.6441000000000685,0.6441000000000685,0.6440999999999828,16000,0.644099999999998,4000,4000,0.5365712329758269,4000,0.5365712329758269,0.6530537993946778,0.3469462006053222,0.056,0.0,0.1409909725189209,historical_image_averaged_path_dice,confusion_replay_zero_credit,,,,,,,,,,
EDF-FixedL3,16000,16000,0,0,0,0,250,4,1000,909,edf_fixed_l3,4000,0,0.0,0.6441000000000685,0.6441000000000685,0.6440999999999828,16000,0.6440999999999976,4000,4000,0.5365712329758268,4000,0.5365712329758268,0.6530537993946778,0.3469462006053222,0.056,0.0,0.14160919189453125,historical_image_averaged_path_dice,confusion_replay_zero_credit,,,,,,,,,,
EDF-FixedL3,16000,16000,0,0,0,0,250,4,1000,1010,edf_fixed_l3,4000,0,0.0,0.6441000000000685,0.6441000000000685,0.6440999999999828,16000,0.6440999999999978,4000,4000,0.5365712329758273,4000,0.5365712329758273,0.6530537993946778,0.3469462006053222,0.056,0.0,0.14140057563781738,historical_image_averaged_path_dice,confusion_replay_zero_credit,,,,,,,,,,
EDF-FixedL3,24000,24000,0,0,0,0,250,6,1000,101,edf_fixed_l3,6000,0,0.0,0.6440999999998875,0.6440999999998875,0.6440999999999819,24000,0.6440999999999983,6000,6000,0.5365712329758267,6000,0.5365712329758267,0.6530537993946778,0.3469462006053222,0.056,0.0,0.22067785263061523,historical_image_averaged_path_dice,confusion_replay_zero_credit,,,,,,,,,,
EDF-FixedL3,24000,24000,0,0,0,0,250,6,1000,202,edf_fixed_l3,6000,0,0.0,0.6440999999998875,0.6440999999998875,0.6440999999999819,24000,0.6440999999999978,6000,6000,0.5365712329758258,6000,0.5365712329758258,0.6530537993946778,0.3469462006053222,0.056,0.0,0.21735906600952148,historical_image_averaged_path_dice,confusion_replay_zero_credit,,,,,,,,,,
EDF-FixedL3,24000,24000,0,0,0,0,250,6,1000,303,edf_fixed_l3,6000,0,0.0,0.6440999999998875,0.6440999999998875,0.6440999999999819,24000,0.644099999999999,6000,6000,0.5365712329758261,6000,0.5365712329758261,0.6530537993946778,0.3469462006053222,0.056,0.0,0.20995044708251953,historical_image_averaged_path_dice,confusion_replay_zero_credit,,,,,,,,,,
EDF-FixedL3,24000,24000,0,0,0,0,250,6,1000,404,edf_fixed_l3,6000,0,0.0,0.6440999999998875,0.6440999999998875,0.6440999999999819,24000,0.6440999999999998,6000,6000,0.5365712329758261,6000,0.5365712329758261,0.6530537993946778,0.3469462006053222,0.056,0.0,0.21106290817260742,historical_image_averaged_path_dice,confusion_replay_zero_credit,,,,,,,,,,
EDF-FixedL3,24000,24000,0,0,0,0,250,6,1000,505,edf_fixed_l3,6000,0,0.0,0.6440999999998875,0.6440999999998875,0.6440999999999819,24000,0.6440999999999991,6000,6000,0.5365712329758263,6000,0.5365712329758263,0.6530537993946778,0.3469462006053222,0.056,0.0,0.21121716499328613,historical_image_averaged_path_dice,confusion_replay_zero_credit,,,,,,,,,,
EDF-FixedL3,24000,24000,0,0,0,0,250,6,1000,606,edf_fixed_l3,6000,0,0.0,0.6440999999998875,0.6440999999998875,0.6440999999999819,24000,0.6440999999999971,6000,6000,0.5365712329758259,6000,0.5365712329758259,0.6530537993946778,0.3469462006053222,0.056,0.0,0.22031378746032715,historical_image_averaged_path_dice,confusion_replay_zero_credit,,,,,,,,,,
EDF-FixedL3,24000,24000,0,0,0,0,250,6,1000,707,edf_fixed_l3,6000,0,0.0,0.6440999999998875,0.6440999999998875,0.6440999999999819,24000,0.6440999999999971,6000,6000,0.5365712329758257,6000,0.5365712329758257,0.6530537993946778,0.3469462006053222,0.056,0.0,0.20696592330932617,historical_image_averaged_path_dice,confusion_replay_zero_credit,,,,,,,,,,
EDF-FixedL3,24000,24000,0,0,0,0,250,6,1000,808,edf_fixed_l3,6000,0,0.0,0.6440999999998875,0.6440999999998875,0.6440999999999819,24000,0.6440999999999986,6000,6000,0.5365712329758253,6000,0.5365712329758253,0.6530537993946778,0.3469462006053222,0.056,0.0,0.21195697784423828,historical_image_averaged_path_dice,confusion_replay_zero_credit,,,,,,,,,,
EDF-FixedL3,24000,24000,0,0,0,0,250,6,1000,909,edf_fixed_l3,6000,0,0.0,0.6440999999998875,0.6440999999998875,0.6440999999999819,24000,0.644099999999999,6000,6000,0.5365712329758258,6000,0.5365712329758258,0.6530537993946778,0.3469462006053222,0.056,0.0,0.20875954627990723,historical_image_averaged_path_dice,confusion_replay_zero_credit,,,,,,,,,,
EDF-FixedL3,24000,24000,0,0,0,0,250,6,1000,1010,edf_fixed_l3,6000,0,0.0,0.6440999999998875,0.6440999999998875,0.6440999999999819,24000,0.6440999999999976,6000,6000,0.5365712329758258,6000,0.5365712329758258,0.6530537993946778,0.3469462006053222,0.056,0.0,0.2128450870513916,historical_image_averaged_path_dice,confusion_replay_zero_credit,,,,,,,,,,
EDF-FixedL3,32000,28000,0,4000,0,0,250,8,1000,101,edf_fixed_l3,8000,1000,0.125,0.6441000000000023,0.563587500000002,0.5635875000000204,28000,0.5635875,8000,8000,0.46760970197777907,7000,0.5344110879746047,0.5812808980113915,0.4187191019886085,0.174,0.06680138599682561,0.261141300201416,historical_image_averaged_path_dice,confusion_replay_zero_credit,,,,,,,,,,
EDF-FixedL3,32000,28000,0,4000,0,0,250,8,1000,202,edf_fixed_l3,8000,1000,0.125,0.6441000000000023,0.563587500000002,0.5635875000000204,28000,0.5635875000000006,8000,8000,0.46755343325039916,7000,0.534346780857599,0.5649164349869614,0.4350835650130386,0.177,0.06679334760719985,0.2570934295654297,historical_image_averaged_path_dice,confusion_replay_zero_credit,,,,,,,,,,
EDF-FixedL3,32000,28000,0,4000,0,0,250,8,1000,303,edf_fixed_l3,8000,1000,0.125,0.6441000000000023,0.563587500000002,0.5635875000000204,28000,0.5635874999999995,8000,8000,0.4691039107435596,7000,0.5361187551354967,0.5667336874861473,0.4332663125138527,0.175,0.06701484439193706,0.2615795135498047,historical_image_averaged_path_dice,confusion_replay_zero_credit,,,,,,,,,,
EDF-FixedL3,32000,28000,0,4000,0,0,250,8,1000,404,edf_fixed_l3,8000,1000,0.125,0.6441000000000023,0.563587500000002,0.5635875000000204,28000,0.5635874999999992,8000,8000,0.4714784242490614,7000,0.5388324848560702,0.5630699211534802,0.4369300788465198,0.175,0.06735406060700877,0.26061439514160156,historical_image_averaged_path_dice,confusion_replay_zero_credit,,,,,,,,,,
EDF-FixedL3,32000,28000,0,4000,0,0,250,8,1000,505,edf_fixed_l3,8000,1000,0.125,0.6441000000000023,0.563587500000002,0.5635875000000204,28000,0.5635874999999976,8000,8000,0.4668358970800311,7000,0.5335267395200355,0.5710698875235523,0.42893011247644774,0.173,0.0666908424400044,0.261096715927124,historical_image_averaged_path_dice,confusion_replay_zero_credit,,,,,,,,,,
EDF-FixedL3,32000,28000,0,4000,0,0,250,8,1000,606,edf_fixed_l3,8000,1000,0.125,0.6441000000000023,0.563587500000002,0.5635875000000204,28000,0.5635874999999985,8000,8000,0.4660009795386473,7000,0.5325725480441683,0.5578372115316693,0.4421627884683307,0.174,0.06657156850552104,0.2550694942474365,historical_image_averaged_path_dice,confusion_replay_zero_credit,,,,,,,,,,
EDF-FixedL3,32000,28000,0,4000,0,0,250,8,1000,707,edf_fixed_l3,8000,1000,0.125,0.6441000000000023,0.563587500000002,0.5635875000000204,28000,0.5635875000000015,8000,8000,0.4696689392032307,7000,0.5367645019465493,0.5751766539721932,0.4248233460278068,0.172,0.06709556274331863,0.2634577751159668,historical_image_averaged_path_dice,confusion_replay_zero_credit,,,,,,,,,,
EDF-FixedL3,32000,28000,0,4000,0,0,250,8,1000,808,edf_fixed_l3,8000,1000,0.125,0.6441000000000023,0.563587500000002,0.5635875000000204,28000,0.5635875000000012,8000,8000,0.47024285027926366,7000,0.5374204003191585,0.5759001507659339,0.4240998492340661,0.172,0.06717755003989484,0.2791779041290283,historical_image_averaged_path_dice,confusion_replay_zero_credit,,,,,,,,,,
EDF-FixedL3,32000,28000,0,4000,0,0,250,8,1000,909,edf_fixed_l3,8000,1000,0.125,0.6441000000000023,0.563587500000002,0.5635875000000204,28000,0.5635875000000008,8000,8000,0.4685682336898389,7000,0.5355065527883873,0.5740152674926935,0.4259847325073065,0.172,0.06693831909854842,0.2575397491455078,historical_image_averaged_path_dice,confusion_replay_zero_credit,,,,,,,,,,
EDF-FixedL3,32000,28000,0,4000,0,0,250,8,1000,1010,edf_fixed_l3,8000,1000,0.125,0.6441000000000023,0.563587500000002,0.5635875000000204,28000,0.5635875000000014,8000,8000,0.4660560283578733,7000,0.5326354609804266,0.5592831747904785,0.4407168252095215,0.173,0.06657943262255328,0.3025023937225342,historical_image_averaged_path_dice,confusion_replay_zero_credit,,,,,,,,,,
EDF-FixedL3,40000,28000,0,12000,0,0,250,10,1000,101,edf_fixed_l3,10000,3000,0.3,0.6441000000000023,0.4508700000000016,0.45087000000001637,28000,0.4508700000000037,10000,10000,0.3764790591628164,7000,0.537827227375452,0.41165199519850354,0.5883480048014964,0.334,0.1613481682126356,0.4005563259124756,historical_image_averaged_path_dice,confusion_replay_zero_credit,,,,,,,,,,
EDF-FixedL3,40000,28000,0,12000,0,0,250,10,1000,202,edf_fixed_l3,10000,3000,0.3,0.6441000000000023,0.4508700000000016,0.45087000000001637,28000,0.45087000000000577,10000,10000,0.38657602438332594,7000,0.5522514634047513,0.4979005610840245,0.5020994389159755,0.334,0.16567543902142534,0.31014204025268555,historical_image_averaged_path_dice,confusion_replay_zero_credit,,,,,,,,,,
EDF-FixedL3,40000,28000,0,12000,0,0,250,10,1000,303,edf_fixed_l3,10000,3000,0.3,0.6441000000000023,0.4508700000000016,0.45087000000001637,28000,0.45087000000000826,10000,10000,0.3710127947679131,7000,0.5300182782398759,0.44840950635634486,0.5515904936436551,0.344,0.1590054834719628,0.3211629390716553,historical_image_averaged_path_dice,confusion_replay_zero_credit,,,,,,,,,,
EDF-FixedL3,40000,28000,0,12000,0,0,250,10,1000,404,edf_fixed_l3,10000,3000,0.3,0.6441000000000023,0.4508700000000016,0.45087000000001637,28000,0.4508700000000023,10000,10000,0.37459831790129355,7000,0.5351404541447051,0.46609134762127197,0.533908652378728,0.34,0.16054213624341157,0.31949734687805176,historical_image_averaged_path_dice,confusion_replay_zero_credit,,,,,,,,,,
EDF-FixedL3,40000,28000,0,12000,0,0,250,10,1000,505,edf_fixed_l3,10000,3000,0.3,0.6441000000000023,0.4508700000000016,0.45087000000001637,28000,0.4508700000000052,10000,10000,0.3716247080268944,7000,0.5308924400384206,0.4439740650612168,0.5560259349387833,0.346,0.15926773201152622,0.31247758865356445,historical_image_averaged_path_dice,confusion_replay_zero_credit,,,,,,,,,,
EDF-FixedL3,40000,28000,0,12000,0,0,250,10,1000,606,edf_fixed_l3,10000,3000,0.3,0.6441000000000023,0.4508700000000016,0.45087000000001637,28000,0.45087000000000127,10000,10000,0.3778184657832481,7000,0.5397406654046402,0.44633022066920097,0.553669779330799,0.332,0.16192219962139204,0.30724263191223145,historical_image_averaged_path_dice,confusion_replay_zero_credit,,,,,,,,,,
EDF-FixedL3,40000,28000,0,12000,0,0,250,10,1000,707,edf_fixed_l3,10000,3000,0.3,0.6441000000000023,0.4508700000000016,0.45087000000001637,28000,0.4508700000000012,10000,10000,0.3703809730777822,7000,0.5291156758254032,0.4534508633371225,0.5465491366628775,0.34,0.15873470274762097,0.34539055824279785,historical_image_averaged_path_dice,confusion_replay_zero_credit,,,,,,,,,,
EDF-FixedL3,40000,28000,0,12000,0,0,250,10,1000,808,edf_fixed_l3,10000,3000,0.3,0.6441000000000023,0.4508700000000016,0.45087000000001637,28000,0.45087000000000044,10000,10000,0.37949726971611597,7000,0.5421389567373085,0.4638042652474837,0.5361957347525164,0.338,0.16264168702119253,0.32203245162963867,historical_image_averaged_path_dice,confusion_replay_zero_credit,,,,,,,,,,
EDF-FixedL3,40000,28000,0,12000,0,0,250,10,1000,909,edf_fixed_l3,10000,3000,0.3,0.6441000000000023,0.4508700000000016,0.45087000000001637,28000,0.45087000000000516,10000,10000,0.36691348202919455,7000,0.5241621171845636,0.4566978823283878,0.5433021176716122,0.346,0.15724863515536908,0.32274556159973145,historical_image_averaged_path_dice,confusion_replay_zero_credit,,,,,,,,,,
EDF-FixedL3,40000,28000,0,12000,0,0,250,10,1000,1010,edf_fixed_l3,10000,3000,0.3,0.6441000000000023,0.4508700000000016,0.45087000000001637,28000,0.4508700000000053,10000,10000,0.3769190683832925,7000,0.5384558119761321,0.4448720171057639,0.5551279828942361,0.346,0.16153674359283965,0.3155531883239746,historical_image_averaged_path_dice,confusion_replay_zero_credit,,,,,,,,,,
EDF-FixedL3,16000,16000,0,0,0,0,300,4,1000,101,edf_fixed_l3,4000,0,0.0,0.6441000000000685,0.6441000000000685,0.6440999999999828,16000,0.6440999999999967,4000,4000,0.5365712329758283,4000,0.5365712329758283,0.6530537993946778,0.3469462006053222,0.056,0.0,0.15728473663330078,historical_image_averaged_path_dice,confusion_replay_zero_credit,,,,,,,,,,
EDF-FixedL3,16000,16000,0,0,0,0,300,4,1000,202,edf_fixed_l3,4000,0,0.0,0.6441000000000685,0.6441000000000685,0.6440999999999828,16000,0.6440999999999976,4000,4000,0.5365712329758271,4000,0.5365712329758271,0.6530537993946778,0.3469462006053222,0.056,0.0,0.1548142433166504,historical_image_averaged_path_dice,confusion_replay_zero_credit,,,,,,,,,,
EDF-FixedL3,16000,16000,0,0,0,0,300,4,1000,303,edf_fixed_l3,4000,0,0.0,0.6441000000000685,0.6441000000000685,0.6440999999999828,16000,0.6440999999999989,4000,4000,0.5365712329758282,4000,0.5365712329758282,0.6530537993946778,0.3469462006053222,0.056,0.0,0.14322924613952637,historical_image_averaged_path_dice,confusion_replay_zero_credit,,,,,,,,,,
EDF-FixedL3,16000,16000,0,0,0,0,300,4,1000,404,edf_fixed_l3,4000,0,0.0,0.6441000000000685,0.6441000000000685,0.6440999999999828,16000,0.644099999999999,4000,4000,0.5365712329758273,4000,0.5365712329758273,0.6530537993946778,0.3469462006053222,0.056,0.0,0.15159845352172852,historical_image_averaged_path_dice,confusion_replay_zero_credit,,,,,,,,,,
EDF-FixedL3,16000,16000,0,0,0,0,300,4,1000,505,edf_fixed_l3,4000,0,0.0,0.6441000000000685,0.6441000000000685,0.6440999999999828,16000,0.6440999999999985,4000,4000,0.536571232975828,4000,0.536571232975828,0.6530537993946778,0.3469462006053222,0.056,0.0,0.15611910820007324,historical_image_averaged_path_dice,confusion_replay_zero_credit,,,,,,,,,,
EDF-FixedL3,16000,16000,0,0,0,0,300,4,1000,606,edf_fixed_l3,4000,0,0.0,0.6441000000000685,0.6441000000000685,0.6440999999999828,16000,0.6440999999999967,4000,4000,0.5365712329758265,4000,0.5365712329758265,0.6530537993946778,0.3469462006053222,0.056,0.0,0.14364957809448242,historical_image_averaged_path_dice,confusion_replay_zero_credit,,,,,,,,,,
EDF-FixedL3,16000,16000,0,0,0,0,300,4,1000,707,edf_fixed_l3,4000,0,0.0,0.6441000000000685,0.6441000000000685,0.6440999999999828,16000,0.6440999999999953,4000,4000,0.5365712329758282,4000,0.5365712329758282,0.6530537993946778,0.3469462006053222,0.056,0.0,0.1455063819885254,historical_image_averaged_path_dice,confusion_replay_zero_credit,,,,,,,,,,
EDF-FixedL3,16000,16000,0,0,0,0,300,4,1000,808,edf_fixed_l3,4000,0,0.0,0.6441000000000685,0.6441000000000685,0.6440999999999828,16000,0.644099999999998,4000,4000,0.5365712329758269,4000,0.5365712329758269,0.6530537993946778,0.3469462006053222,0.056,0.0,0.14104247093200684,historical_image_averaged_path_dice,confusion_replay_zero_credit,,,,,,,,,,
EDF-FixedL3,16000,16000,0,0,0,0,300,4,1000,909,edf_fixed_l3,4000,0,0.0,0.6441000000000685,0.6441000000000685,0.6440999999999828,16000,0.6440999999999976,4000,4000,0.5365712329758268,4000,0.5365712329758268,0.6530537993946778,0.3469462006053222,0.056,0.0,0.13363385200500488,historical_image_averaged_path_dice,confusion_replay_zero_credit,,,,,,,,,,
EDF-FixedL3,16000,16000,0,0,0,0,300,4,1000,1010,edf_fixed_l3,4000,0,0.0,0.6441000000000685,0.6441000000000685,0.6440999999999828,16000,0.6440999999999978,4000,4000,0.5365712329758273,4000,0.5365712329758273,0.6530537993946778,0.3469462006053222,0.056,0.0,0.1448969841003418,historical_image_averaged_path_dice,confusion_replay_zero_credit,,,,,,,,,,
EDF-FixedL3,24000,24000,0,0,0,0,300,6,1000,101,edf_fixed_l3,6000,0,0.0,0.6440999999998875,0.6440999999998875,0.6440999999999819,24000,0.6440999999999983,6000,6000,0.5365712329758267,6000,0.5365712329758267,0.6530537993946778,0.3469462006053222,0.056,0.0,0.21951818466186523,historical_image_averaged_path_dice,confusion_replay_zero_credit,,,,,,,,,,
EDF-FixedL3,24000,24000,0,0,0,0,300,6,1000,202,edf_fixed_l3,6000,0,0.0,0.6440999999998875,0.6440999999998875,0.6440999999999819,24000,0.6440999999999978,6000,6000,0.5365712329758258,6000,0.5365712329758258,0.6530537993946778,0.3469462006053222,0.056,0.0,0.22261309623718262,historical_image_averaged_path_dice,confusion_replay_zero_credit,,,,,,,,,,
EDF-FixedL3,24000,24000,0,0,0,0,300,6,1000,303,edf_fixed_l3,6000,0,0.0,0.6440999999998875,0.6440999999998875,0.6440999999999819,24000,0.644099999999999,6000,6000,0.5365712329758261,6000,0.5365712329758261,0.6530537993946778,0.3469462006053222,0.056,0.0,0.22223925590515137,historical_image_averaged_path_dice,confusion_replay_zero_credit,,,,,,,,,,
EDF-FixedL3,24000,24000,0,0,0,0,300,6,1000,404,edf_fixed_l3,6000,0,0.0,0.6440999999998875,0.6440999999998875,0.6440999999999819,24000,0.6440999999999998,6000,6000,0.5365712329758261,6000,0.5365712329758261,0.6530537993946778,0.3469462006053222,0.056,0.0,0.2108173370361328,historical_image_averaged_path_dice,confusion_replay_zero_credit,,,,,,,,,,
EDF-FixedL3,24000,24000,0,0,0,0,300,6,1000,505,edf_fixed_l3,6000,0,0.0,0.6440999999998875,0.6440999999998875,0.6440999999999819,24000,0.6440999999999991,6000,6000,0.5365712329758263,6000,0.5365712329758263,0.6530537993946778,0.3469462006053222,0.056,0.0,0.20469141006469727,historical_image_averaged_path_dice,confusion_replay_zero_credit,,,,,,,,,,
EDF-FixedL3,24000,24000,0,0,0,0,300,6,1000,606,edf_fixed_l3,6000,0,0.0,0.6440999999998875,0.6440999999998875,0.6440999999999819,24000,0.6440999999999971,6000,6000,0.5365712329758259,6000,0.5365712329758259,0.6530537993946778,0.3469462006053222,0.056,0.0,0.26011109352111816,historical_image_averaged_path_dice,confusion_replay_zero_credit,,,,,,,,,,
EDF-FixedL3,24000,24000,0,0,0,0,300,6,1000,707,edf_fixed_l3,6000,0,0.0,0.6440999999998875,0.6440999999998875,0.6440999999999819,24000,0.6440999999999971,6000,6000,0.5365712329758257,6000,0.5365712329758257,0.6530537993946778,0.3469462006053222,0.056,0.0,0.2405707836151123,historical_image_averaged_path_dice,confusion_replay_zero_credit,,,,,,,,,,
EDF-FixedL3,24000,24000,0,0,0,0,300,6,1000,808,edf_fixed_l3,6000,0,0.0,0.6440999999998875,0.6440999999998875,0.6440999999999819,24000,0.6440999999999986,6000,6000,0.5365712329758253,6000,0.5365712329758253,0.6530537993946778,0.3469462006053222,0.056,0.0,0.24219584465026855,historical_image_averaged_path_dice,confusion_replay_zero_credit,,,,,,,,,,
EDF-FixedL3,24000,24000,0,0,0,0,300,6,1000,909,edf_fixed_l3,6000,0,0.0,0.6440999999998875,0.6440999999998875,0.6440999999999819,24000,0.644099999999999,6000,6000,0.5365712329758258,6000,0.5365712329758258,0.6530537993946778,0.3469462006053222,0.056,0.0,0.2201862335205078,historical_image_averaged_path_dice,confusion_replay_zero_credit,,,,,,,,,,
EDF-FixedL3,24000,24000,0,0,0,0,300,6,1000,1010,edf_fixed_l3,6000,0,0.0,0.6440999999998875,0.6440999999998875,0.6440999999999819,24000,0.6440999999999976,6000,6000,0.5365712329758258,6000,0.5365712329758258,0.6530537993946778,0.3469462006053222,0.056,0.0,0.22324109077453613,historical_image_averaged_path_dice,confusion_replay_zero_credit,,,,,,,,,,
EDF-FixedL3,32000,32000,0,0,0,0,300,8,1000,101,edf_fixed_l3,8000,0,0.0,0.6441000000001701,0.6441000000001701,0.6441000000000748,32000,0.6441000000000013,8000,8000,0.536571232975825,8000,0.536571232975825,0.6530537993946778,0.3469462006053222,0.056,0.0,0.2965407371520996,historical_image_averaged_path_dice,confusion_replay_zero_credit,,,,,,,,,,
EDF-FixedL3,32000,32000,0,0,0,0,300,8,1000,202,edf_fixed_l3,8000,0,0.0,0.6441000000001701,0.6441000000001701,0.6441000000000748,32000,0.6441000000000007,8000,8000,0.536571232975824,8000,0.536571232975824,0.6530537993946778,0.3469462006053222,0.056,0.0,0.3022193908691406,historical_image_averaged_path_dice,confusion_replay_zero_credit,,,,,,,,,,
EDF-FixedL3,32000,32000,0,0,0,0,300,8,1000,303,edf_fixed_l3,8000,0,0.0,0.6441000000001701,0.6441000000001701,0.6441000000000748,32000,0.6440999999999997,8000,8000,0.5365712329758248,8000,0.5365712329758248,0.6530537993946778,0.3469462006053222,0.056,0.0,0.2910912036895752,historical_image_averaged_path_dice,confusion_replay_zero_credit,,,,,,,,,,
EDF-FixedL3,32000,32000,0,0,0,0,300,8,1000,404,edf_fixed_l3,8000,0,0.0,0.6441000000001701,0.6441000000001701,0.6441000000000748,32000,0.6441000000000021,8000,8000,0.5365712329758243,8000,0.5365712329758243,0.6530537993946778,0.3469462006053222,0.056,0.0,0.28735780715942383,historical_image_averaged_path_dice,confusion_replay_zero_credit,,,,,,,,,,
EDF-FixedL3,32000,32000,0,0,0,0,300,8,1000,505,edf_fixed_l3,8000,0,0.0,0.6441000000001701,0.6441000000001701,0.6441000000000748,32000,0.6441000000000011,8000,8000,0.536571232975825,8000,0.536571232975825,0.6530537993946778,0.3469462006053222,0.056,0.0,0.2720060348510742,historical_image_averaged_path_dice,confusion_replay_zero_credit,,,,,,,,,,
EDF-FixedL3,32000,32000,0,0,0,0,300,8,1000,606,edf_fixed_l3,8000,0,0.0,0.6441000000001701,0.6441000000001701,0.6441000000000748,32000,0.6440999999999997,8000,8000,0.5365712329758242,8000,0.5365712329758242,0.6530537993946778,0.3469462006053222,0.056,0.0,0.28556323051452637,historical_image_averaged_path_dice,confusion_replay_zero_credit,,,,,,,,,,
EDF-FixedL3,32000,32000,0,0,0,0,300,8,1000,707,edf_fixed_l3,8000,0,0.0,0.6441000000001701,0.6441000000001701,0.6441000000000748,32000,0.6441000000000004,8000,8000,0.5365712329758242,8000,0.5365712329758242,0.6530537993946778,0.3469462006053222,0.056,0.0,0.27939295768737793,historical_image_averaged_path_dice,confusion_replay_zero_credit,,,,,,,,,,
EDF-FixedL3,32000,32000,0,0,0,0,300,8,1000,808,edf_fixed_l3,8000,0,0.0,0.6441000000001701,0.6441000000001701,0.6441000000000748,32000,0.6441000000000013,8000,8000,0.5365712329758235,8000,0.5365712329758235,0.6530537993946778,0.3469462006053222,0.056,0.0,0.2838127613067627,historical_image_averaged_path_dice,confusion_replay_zero_credit,,,,,,,,,,
EDF-FixedL3,32000,32000,0,0,0,0,300,8,1000,909,edf_fixed_l3,8000,0,0.0,0.6441000000001701,0.6441000000001701,0.6441000000000748,32000,0.6441000000000023,8000,8000,0.536571232975824,8000,0.536571232975824,0.6530537993946778,0.3469462006053222,0.056,0.0,0.31281447410583496,historical_image_averaged_path_dice,confusion_replay_zero_credit,,,,,,,,,,
EDF-FixedL3,32000,32000,0,0,0,0,300,8,1000,1010,edf_fixed_l3,8000,0,0.0,0.6441000000001701,0.6441000000001701,0.6441000000000748,32000,0.6441000000000008,8000,8000,0.5365712329758248,8000,0.5365712329758248,0.6530537993946778,0.3469462006053222,0.056,0.0,0.29534220695495605,historical_image_averaged_path_dice,confusion_replay_zero_credit,,,,,,,,,,
EDF-FixedL3,40000,34000,0,6000,0,0,300,10,1000,101,edf_fixed_l3,10000,1360,0.136,0.6441000000002391,0.5474850000002033,0.5565024000000877,34000,0.5486476426766063,10000,10000,0.4621344105677295,8860,0.5306442850432379,0.529898448333262,0.47010155166673795,0.17,0.06850987447550838,0.3637537956237793,historical_image_averaged_path_dice,confusion_replay_zero_credit,,,,,,,,,,
EDF-FixedL3,40000,34000,0,6000,0,0,300,10,1000,202,edf_fixed_l3,10000,1280,0.128,0.6441000000002391,0.5474850000002033,0.5616552000000912,34000,0.5513711294090257,10000,10000,0.46431156785164085,8760,0.5370452598432167,0.5693099212985504,0.4306900787014496,0.174,0.07273369199157587,0.3719010353088379,historical_image_averaged_path_dice,confusion_replay_zero_credit,,,,,,,,,,
EDF-FixedL3,40000,34000,0,6000,0,0,300,10,1000,303,edf_fixed_l3,10000,1440,0.144,0.6441000000002391,0.5474850000002033,0.5513496000000843,34000,0.5499907093301553,10000,10000,0.4559096088685797,8760,0.5301494740904747,0.5438206614858444,0.4561793385141556,0.19,0.07423986522189507,0.3818190097808838,historical_image_averaged_path_dice,confusion_replay_zero_credit,,,,,,,,,,
EDF-FixedL3,40000,34000,0,6000,0,0,300,10,1000,404,edf_fixed_l3,10000,1280,0.128,0.6441000000002391,0.5474850000002033,0.5616552000000912,34000,0.5509733497284475,10000,10000,0.4555536719792136,8740,0.5299112679528494,0.5399973178484001,0.4600026821515999,0.186,0.07435759597363578,0.33772706985473633,historical_image_averaged_path_dice,confusion_replay_zero_credit,,,,,,,,,,
EDF-FixedL3,40000,34000,0,6000,0,0,300,10,1000,505,edf_fixed_l3,10000,1340,0.134,0.6441000000002391,0.5474850000002033,0.5577906000000886,34000,0.551021905520585,10000,10000,0.4639274076635084,8760,0.5367873289936504,0.5554964284274769,0.44450357157252307,0.178,0.07285992133014207,0.3562965393066406,historical_image_averaged_path_dice,confusion_replay_zero_credit,,,,,,,,,,
EDF-FixedL3,40000,34000,0,6000,0,0,300,10,1000,606,edf_fixed_l3,10000,1340,0.134,0.6441000000002391,0.5474850000002033,0.5577906000000886,34000,0.5494884857702412,10000,10000,0.4590375437352977,8820,0.5312747552838721,0.5544679131335666,0.4455320868664334,0.176,0.07223721154857443,0.3684971332550049,historical_image_averaged_path_dice,confusion_replay_zero_credit,,,,,,,,,,
EDF-FixedL3,40000,34000,0,6000,0,0,300,10,1000,707,edf_fixed_l3,10000,1260,0.126,0.6441000000002391,0.5474850000002033,0.562943400000092,34000,0.551933934865066,10000,10000,0.4559670824550759,8780,0.5277933335023184,0.5622212600326194,0.4377787399673806,0.184,0.0718262510472425,0.33337950706481934,historical_image_averaged_path_dice,confusion_replay_zero_credit,,,,,,,,,,
EDF-FixedL3,40000,34000,0,6000,0,0,300,10,1000,808,edf_fixed_l3,10000,1400,0.14,0.6441000000002391,0.5474850000002033,0.553926000000086,34000,0.549736285991024,10000,10000,0.4657053193376618,8780,0.5361788765240559,0.5816014950810873,0.41839850491891273,0.178,0.07047355718639414,0.3269329071044922,historical_image_averaged_path_dice,confusion_replay_zero_credit,,,,,,,,,,
EDF-FixedL3,40000,34000,0,6000,0,0,300,10,1000,909,edf_fixed_l3,10000,1340,0.134,0.6441000000002391,0.5474850000002033,0.5577906000000886,34000,0.5504221345761474,10000,10000,0.4514448381012899,8860,0.518221056816885,0.5357362905909314,0.4642637094090686,0.184,0.06677621871559514,0.3272855281829834,historical_image_averaged_path_dice,confusion_replay_zero_credit,,,,,,,,,,
EDF-FixedL3,40000,34000,0,6000,0,0,300,10,1000,1010,edf_fixed_l3,10000,1280,0.128,0.6441000000002391,0.5474850000002033,0.5616552000000912,34000,0.5511968520773806,10000,10000,0.45415444102262825,8760,0.5283778874782298,0.5465658692005169,0.45343413079948314,0.192,0.07422344645560153,0.32669544219970703,historical_image_averaged_path_dice,confusion_replay_zero_credit,,,,,,,,,,
EDF-Dynamic-Reservation,16000,14024,0,1976,0,0,100,4,1000,101,edf_dynamic_reservation,4000,1120,0.28,0.6150767826582382,0.5391147999999457,0.495648000000001,14024,0.5342025214807385,4000,4000,0.42186255957503915,3920,0.442473016768976,0.6102527305564409,0.3897472694435591,0.096,0.020610457193936838,0.4495360851287842,historical_image_averaged_path_dice,confusion_replay_zero_credit,,,,,,,,,,
EDF-Dynamic-Reservation,16000,14032,0,1968,0,0,100,4,1000,202,edf_dynamic_reservation,4000,1104,0.276,0.6148941277080306,0.5392621499999428,0.498401600000001,14032,0.5333630046191226,4000,4000,0.4246697602797384,3864,0.45082507983995845,0.5886108622523925,0.41138913774760755,0.11,0.026155319560220047,0.4583742618560791,historical_image_averaged_path_dice,confusion_replay_zero_credit,,,,,,,,,,
EDF-Dynamic-Reservation,16000,13960,0,2040,0,0,100,4,1000,303,edf_dynamic_reservation,4000,1088,0.272,0.6153948997134051,0.536932049999946,0.501155200000001,13960,0.5319281818209846,4000,4000,0.42613292636190553,3872,0.4520911124950107,0.6066739251260979,0.39332607487390214,0.098,0.025958186133105188,0.4218578338623047,historical_image_averaged_path_dice,confusion_replay_zero_credit,,,,,,,,,,
EDF-Dynamic-Reservation,16000,13968,0,2032,0,0,100,4,1000,404,edf_dynamic_reservation,4000,1072,0.268,0.6153471363115073,0.5371980499999458,0.503908800000001,13968,0.533241307120266,4000,4000,0.41939140480458476,3904,0.4414969379924707,0.598111646579791,0.401888353420209,0.116,0.02210553318788594,0.4362168312072754,historical_image_averaged_path_dice,confusion_replay_zero_credit,,,,,,,,,,
EDF-Dynamic-Reservation,16000,14088,0,1912,0,0,100,4,1000,505,edf_dynamic_reservation,4000,992,0.248,0.6145403180010693,0.5411027499999416,0.5176768000000009,14088,0.5378120239074559,4000,4000,0.4200768643185101,3888,0.4417003030464272,0.6140196740023596,0.3859803259976404,0.108,0.02162343872791711,0.46088480949401855,historical_image_averaged_path_dice,confusion_replay_zero_credit,,,,,,,,,,
EDF-Dynamic-Reservation,16000,14160,0,1840,0,0,100,4,1000,606,edf_dynamic_reservation,4000,1008,0.252,0.614167909604453,0.5435385999999408,0.514923200000001,14160,0.5403636336952357,4000,4000,0.4171465522607611,3888,0.44265254858101083,0.5973297507569001,0.4026702492430999,0.11,0.025505996320249746,0.4545271396636963,historical_image_averaged_path_dice,confusion_replay_zero_credit,,,,,,,,,,
EDF-Dynamic-Reservation,16000,14120,0,1880,0,0,100,4,1000,707,edf_dynamic_reservation,4000,1064,0.266,0.6145499716713215,0.5423403499999413,0.505285600000001,14120,0.5378310742844303,4000,4000,0.4255291972252277,3904,0.44823622068737634,0.5970817815553199,0.4029182184446801,0.1,0.022707023462148646,0.45449161529541016,historical_image_averaged_path_dice,confusion_replay_zero_credit,,,,,,,,,,
EDF-Dynamic-Reservation,16000,14032,0,1968,0,0,100,4,1000,808,edf_dynamic_reservation,4000,976,0.244,0.6150021664765616,0.5393568999999445,0.520430400000001,14032,0.5366096523562625,4000,4000,0.41497193755833617,3912,0.4398904511952516,0.5775095241521817,0.4224904758478183,0.112,0.02491851363691544,0.44212913513183594,historical_image_averaged_path_dice,confusion_replay_zero_credit,,,,,,,,,,
EDF-Dynamic-Reservation,16000,14104,0,1896,0,0,100,4,1000,909,edf_dynamic_reservation,4000,968,0.242,0.6146595575722559,0.5418223999999435,0.521807200000001,14104,0.5396667102296075,4000,4000,0.4180561002367895,3904,0.4438286993036368,0.5852522380593356,0.41474776194066443,0.096,0.025772599066847257,0.43018555641174316,historical_image_averaged_path_dice,confusion_replay_zero_credit,,,,,,,,,,
EDF-Dynamic-Reservation,16000,14024,0,1976,0,0,100,4,1000,1010,edf_dynamic_reservation,4000,1056,0.264,0.6150541357671941,0.5390949499999457,0.5066624000000011,14024,0.536240244933612,4000,4000,0.4299814657665472,3912,0.4535351017424561,0.5869158067337501,0.4130841932662499,0.1,0.02355363597590887,0.43656420707702637,historical_image_averaged_path_dice,confusion_replay_zero_credit,,,,,,,,,,
EDF-Dynamic-Reservation,24000,14044,0,9956,0,0,100,6,1000,101,edf_dynamic_reservation,6000,3060,0.51,0.6149561663343156,0.3598518499999637,0.33731600000000067,14044,0.35710555107695535,6000,6000,0.28327601975639705,3904,0.4492799866168104,0.39481779159462266,0.6051822084053773,0.396,0.16600396686041335,0.7999696731567383,historical_image_averaged_path_dice,confusion_replay_zero_credit,,,,,,,,,,
EDF-Dynamic-Reservation,24000,14024,0,9976,0,0,100,6,1000,202,edf_dynamic_reservation,6000,3044,0.5073333333333333,0.6149620650313099,0.3593428333332954,0.33915173333333404,14024,0.35608451105644806,6000,6000,0.28196418191458095,3876,0.4487534981264677,0.39405574677081945,0.6059442532291806,0.406,0.16678931621188675,0.7959079742431641,historical_image_averaged_path_dice,confusion_replay_zero_credit,,,,,,,,,,
EDF-Dynamic-Reservation,24000,14008,0,9992,0,0,100,6,1000,303,edf_dynamic_reservation,6000,3032,0.5053333333333333,0.6151508566532786,0.3590430499999636,0.340528533333334,14008,0.3563382317128898,6000,6000,0.28384649390726935,3892,0.4485155785298358,0.4006450901555447,0.5993549098444553,0.402,0.16466908462256646,0.7830691337585449,historical_image_averaged_path_dice,confusion_replay_zero_credit,,,,,,,,,,
EDF-Dynamic-Reservation,24000,13964,0,10036,0,0,100,6,1000,404,edf_dynamic_reservation,6000,3048,0.508,0.6153322830134011,0.35802083333329726,0.3386928000000007,13964,0.3554629004410656,6000,6000,0.27719725921382876,3892,0.441851491554138,0.3889359268272117,0.6110640731727883,0.4093333333333333,0.16465423234030924,0.799168586730957,historical_image_averaged_path_dice,confusion_replay_zero_credit,,,,,,,,,,
EDF-Dynamic-Reservation,24000,14088,0,9912,0,0,100,6,1000,505,edf_dynamic_reservation,6000,3036,0.506,0.6146861442361641,0.36082076666662827,0.3400696000000007,14088,0.35801168168979286,6000,6000,0.28021108843514786,3884,0.44466001293147817,0.39865713280192,0.60134286719808,0.4033333333333333,0.1644489244963303,0.7998409271240234,historical_image_averaged_path_dice,confusion_replay_zero_credit,,,,,,,,,,
EDF-Dynamic-Reservation,24000,14096,0,9904,0,0,100,6,1000,606,edf_dynamic_reservation,6000,3012,0.502,0.614560187287109,0.3609516833332954,0.34282320000000066,14096,0.3588388829455485,6000,6000,0.27943241800989393,3884,0.4443322609221376,0.39149197993535195,0.608508020064648,0.4053333333333333,0.1648998429122437,0.7885386943817139,historical_image_averaged_path_dice,confusion_replay_zero_credit,,,,,,,,,,
EDF-Dynamic-Reservation,24000,14104,0,9896,0,0,100,6,1000,707,edf_dynamic_reservation,6000,3020,0.5033333333333333,0.6145091038002737,0.36112651666662754,0.341905333333334,14104,0.35864163103359353,6000,6000,0.2824699711305222,3884,0.4484757635145947,0.39167571501306747,0.6083242849869326,0.4026666666666667,0.16600579238407254,0.7925369739532471,historical_image_averaged_path_dice,confusion_replay_zero_credit,,,,,,,,,,
EDF-Dynamic-Reservation,24000,14096,0,9904,0,0,100,6,1000,808,edf_dynamic_reservation,6000,3008,0.5013333333333333,0.614670601589039,0.36101653333329553,0.34328213333333396,14096,0.35811040159654145,6000,6000,0.28003617646683204,3900,0.44456700468428956,0.3904848130515332,0.6095151869484667,0.4033333333333333,0.16453082821745751,0.8401429653167725,historical_image_averaged_path_dice,confusion_replay_zero_credit,,,,,,,,,,
EDF-Dynamic-Reservation,24000,14076,0,9924,0,0,100,6,1000,909,edf_dynamic_reservation,6000,2960,0.49333333333333335,0.6146852514918358,0.3605128999999617,0.348789333333334,14076,0.3583999502594465,6000,6000,0.2812554212383097,3888,0.44847856373263356,0.39159289719438206,0.6084071028056179,0.3993333333333333,0.16722314249432385,0.8356282711029053,historical_image_averaged_path_dice,confusion_replay_zero_credit,,,,,,,,,,
EDF-Dynamic-Reservation,24000,14076,0,9924,0,0,100,6,1000,1010,edf_dynamic_reservation,6000,3004,0.5006666666666667,0.6147315714691031,0.36054006666662897,0.3437410666666673,14076,0.35881696839600435,6000,6000,0.28315908989136407,3892,0.45032069891042875,0.39394107805844203,0.606058921941558,0.4013333333333333,0.16716160901906468,0.8539812564849854,historical_image_averaged_path_dice,confusion_replay_zero_credit,,,,,,,,,,
EDF-Dynamic-Reservation,32000,14024,0,17976,0,0,100,8,1000,101,edf_dynamic_reservation,8000,5120,0.64,0.6150767826582372,0.26955739999997247,0.2478240000000005,14024,0.2671018829531232,8000,8000,0.2109017583036301,3920,0.4424127688426709,0.30511880266576524,0.6948811973342348,0.548,0.2315110105390408,1.1818773746490479,historical_image_averaged_path_dice,confusion_replay_zero_credit,,,,,,,,,,
EDF-Dynamic-Reservation,32000,14032,0,17968,0,0,100,8,1000,202,edf_dynamic_reservation,8000,5104,0.638,0.6148941277080306,0.2696310749999714,0.2492008000000005,14032,0.2666815023095628,8000,8000,0.21233488013986918,3864,0.45082507983995873,0.2943054311261962,0.7056945688738038,0.555,0.23849019970008956,1.1647841930389404,historical_image_averaged_path_dice,confusion_replay_zero_credit,,,,,,,,,,
EDF-Dynamic-Reservation,32000,13960,0,18040,0,0,100,8,1000,303,edf_dynamic_reservation,8000,5088,0.636,0.6153948997134056,0.2684660249999732,0.2505776000000005,13960,0.265964090910494,8000,8000,0.2130664631809527,3872,0.45209111249501077,0.30333696256304893,0.6966630374369511,0.549,0.23902464931405806,1.1676549911499023,historical_image_averaged_path_dice,confusion_replay_zero_credit,,,,,,,,,,
EDF-Dynamic-Reservation,32000,13968,0,18032,0,0,100,8,1000,404,edf_dynamic_reservation,8000,5072,0.634,0.6153471363115071,0.2685990249999728,0.2519544000000005,13968,0.26662065356013454,8000,8000,0.20969570240229257,3904,0.44149693799247125,0.2990558232898955,0.7009441767101046,0.558,0.23180123559017868,1.169942855834961,historical_image_averaged_path_dice,confusion_replay_zero_credit,,,,,,,,,,
EDF-Dynamic-Reservation,32000,14088,0,17912,0,0,100,8,1000,505,edf_dynamic_reservation,8000,4992,0.624,0.6145403180010695,0.27055137499997084,0.25883840000000047,14088,0.2689060119537295,8000,8000,0.2100384321592553,3888,0.4417003030464271,0.3070098370011798,0.6929901629988202,0.554,0.2316618708871718,1.1703767776489258,historical_image_averaged_path_dice,confusion_replay_zero_credit,,,,,,,,,,
EDF-Dynamic-Reservation,32000,14160,0,17840,0,0,100,8,1000,606,edf_dynamic_reservation,8000,5008,0.626,0.6141679096044542,0.271769299999971,0.2574616000000005,14160,0.27018181684761877,8000,8000,0.20857327613038038,3888,0.44265254858101094,0.29866487537845005,0.70133512462155,0.555,0.23407927245063057,1.1755597591400146,historical_image_averaged_path_dice,confusion_replay_zero_credit,,,,,,,,,,
EDF-Dynamic-Reservation,32000,14120,0,17880,0,0,100,8,1000,707,edf_dynamic_reservation,8000,5064,0.633,0.6145499716713217,0.2711701749999707,0.2526428000000005,14120,0.2689160536193972,8000,8000,0.2127645986126142,3904,0.4482362206873772,0.29854089077765994,0.7014591092223401,0.55,0.23547162207476297,1.1580054759979248,historical_image_averaged_path_dice,confusion_replay_zero_credit,,,,,,,,,,
EDF-Dynamic-Reservation,32000,14032,0,17968,0,0,100,8,1000,808,edf_dynamic_reservation,8000,4976,0.622,0.6150021664765613,0.2696784499999721,0.2602152000000005,14032,0.26830482617813317,8000,8000,0.2074859687791684,3912,0.43989045119525166,0.28875476207609085,0.7112452379239091,0.556,0.23240448241608327,1.1654698848724365,historical_image_averaged_path_dice,confusion_replay_zero_credit,,,,,,,,,,
EDF-Dynamic-Reservation,32000,14104,0,17896,0,0,100,8,1000,909,edf_dynamic_reservation,8000,4968,0.621,0.6146595575722553,0.27091119999997154,0.2609036000000005,14104,0.2698333551148052,8000,8000,0.2090280501183946,3904,0.443828699303637,0.2926261190296678,0.7073738809703323,0.548,0.2348006491852424,1.1799867153167725,historical_image_averaged_path_dice,confusion_replay_zero_credit,,,,,,,,,,
EDF-Dynamic-Reservation,32000,14024,0,17976,0,0,100,8,1000,1010,edf_dynamic_reservation,8000,5056,0.632,0.6150541357671934,0.2695474749999725,0.25333120000000053,14024,0.26812020664604136,8000,8000,0.21497952671502274,3912,0.4535121852429659,0.2934576251781335,0.7065423748218664,0.55,0.23853265852794314,1.1994643211364746,historical_image_averaged_path_dice,confusion_replay_zero_credit,,,,,,,,,,
EDF-Dynamic-Reservation,40000,14000,0,26000,0,0,100,10,1000,101,edf_dynamic_reservation,10000,6980,0.698,0.615254857142792,0.2153391999999772,0.20789680000000038,14000,0.21479427794693393,10000,10000,0.17217368399991467,3920,0.4562474978627124,0.28364074631733743,0.7163592536826626,0.634,0.28407381386279773,1.5665247440338135,historical_image_averaged_path_dice,confusion_replay_zero_credit,,,,,,,,,,
EDF-Dynamic-Reservation,40000,13820,0,26180,0,0,100,10,1000,202,edf_dynamic_reservation,10000,7000,0.7,0.61620477568735,0.21289874999997943,0.2065200000000004,13820,0.2114138163613245,10000,10000,0.1594391185570022,3860,0.4299116649764493,0.18422359088335516,0.8157764091166448,0.646,0.27047254641944707,1.5884876251220703,historical_image_averaged_path_dice,confusion_replay_zero_credit,,,,,,,,,,
EDF-Dynamic-Reservation,40000,14100,0,25900,0,0,100,10,1000,303,edf_dynamic_reservation,10000,7100,0.71,0.6149201418439106,0.21675934999997848,0.1996360000000004,14100,0.21436764321524596,10000,10000,0.1806244797191876,3880,0.47781875527008144,0.24895485520131758,0.7510451447986825,0.632,0.29719427555089384,1.5924263000488281,historical_image_averaged_path_dice,confusion_replay_zero_credit,,,,,,,,,,
EDF-Dynamic-Reservation,40000,13800,0,26200,0,0,100,10,1000,404,edf_dynamic_reservation,10000,7160,0.716,0.6166020289854521,0.212727699999981,0.1955056000000004,13800,0.2100760762689232,10000,10000,0.16307367850277354,3880,0.4373987607738974,0.21989068460064998,0.78010931539935,0.656,0.27432508227112384,1.5692884922027588,historical_image_averaged_path_dice,confusion_replay_zero_credit,,,,,,,,,,
EDF-Dynamic-Reservation,40000,14020,0,25980,0,0,100,10,1000,505,edf_dynamic_reservation,10000,7000,0.7,0.6152245363765428,0.21563619999997827,0.2065200000000004,14020,0.21421369270613486,10000,10000,0.17195154656918069,3820,0.46149396868555376,0.24963141022074503,0.7503685897792549,0.64,0.28954242211637304,1.5616812705993652,historical_image_averaged_path_dice,confusion_replay_zero_credit,,,,,,,,,,
EDF-Dynamic-Reservation,40000,14040,0,25960,0,0,100,10,1000,606,edf_dynamic_reservation,10000,7060,0.706,0.6151098290597686,0.2159035499999788,0.2023896000000004,14040,0.2143812349110588,10000,10000,0.16787764760064755,3900,0.4398393617807528,0.24701000679934498,0.752989993200655,0.642,0.27196171418010523,1.585677146911621,historical_image_averaged_path_dice,confusion_replay_zero_credit,,,,,,,,,,
EDF-Dynamic-Reservation,40000,14160,0,25840,0,0,100,10,1000,707,edf_dynamic_reservation,10000,6980,0.698,0.6140796610168803,0.21738419999997563,0.20789680000000038,14160,0.2166866380951745,10000,10000,0.1695973609350751,3920,0.44262541494346636,0.2418501578999297,0.7581498421000703,0.636,0.27302805400839125,1.556828260421753,historical_image_averaged_path_dice,confusion_replay_zero_credit,,,,,,,,,,
EDF-Dynamic-Reservation,40000,14040,0,25960,0,0,100,10,1000,808,edf_dynamic_reservation,10000,7100,0.71,0.6151323361822746,0.21591144999997836,0.1996360000000004,14040,0.21412776292889896,10000,10000,0.16563360152809445,3880,0.4374749985901388,0.23244008783016162,0.7675599121698384,0.642,0.27184139706204435,1.6059136390686035,historical_image_averaged_path_dice,confusion_replay_zero_credit,,,,,,,,,,
EDF-Dynamic-Reservation,40000,14020,0,25980,0,0,100,10,1000,909,edf_dynamic_reservation,10000,6880,0.688,0.6150129814549997,0.2155620499999774,0.2147808000000004,14020,0.21500036524007216,10000,10000,0.17228417714220834,3940,0.4598762328826851,0.2421984543256536,0.7578015456743464,0.638,0.28759205574047675,1.570512056350708,historical_image_averaged_path_dice,confusion_replay_zero_credit,,,,,,,,,,
EDF-Dynamic-Reservation,40000,14080,0,25920,0,0,100,10,1000,1010,edf_dynamic_reservation,10000,6880,0.688,0.6144102272726599,0.21627239999997627,0.2147808000000004,14080,0.21625184048821033,10000,10000,0.16595745652157065,3940,0.43202426057904925,0.2571292356090491,0.7428707643909509,0.636,0.2660668040574786,1.5988893508911133,historical_image_averaged_path_dice,confusion_replay_zero_credit,,,,,,,,,,
EDF-Dynamic-Reservation,16000,15707,0,293,0,0,150,4,1000,101,edf_dynamic_reservation,4000,293,0.07325,0.6447756668999808,0.6329682124998749,0.6379747000000012,15707,0.6343984182348839,4000,4000,0.4671420996778811,3992,0.469364996384229,0.6449919926976898,0.3550080073023102,0.064,0.002222896706347899,0.327434778213501,historical_image_averaged_path_dice,confusion_replay_zero_credit,,,,,,,,,,
EDF-Dynamic-Reservation,16000,15774,0,226,0,0,150,4,1000,202,edf_dynamic_reservation,4000,226,0.0565,0.6443180867248598,0.6352170937498712,0.6495054000000012,15774,0.637643311907769,4000,4000,0.47220921697448054,4000,0.47408673230017767,0.6376781634036982,0.3623218365963018,0.06,0.0018775153256971322,0.3388254642486572,historical_image_averaged_path_dice,confusion_replay_zero_credit,,,,,,,,,,
EDF-Dynamic-Reservation,16000,15752,0,248,0,0,150,4,1000,303,edf_dynamic_reservation,4000,248,0.062,0.6445047232096205,0.6345148999998713,0.6457192000000013,15752,0.6366731701693127,4000,4000,0.466905418344165,4000,0.4683757968167752,0.6426135098673753,0.3573864901326247,0.063,0.0014703784726102231,0.31559085845947266,historical_image_averaged_path_dice,confusion_replay_zero_credit,,,,,,,,,,
EDF-Dynamic-Reservation,16000,15683,0,317,0,0,150,4,1000,404,edf_dynamic_reservation,4000,317,0.07925,0.6452701970285022,0.632485781249875,0.6338443000000012,15683,0.6336392412764915,4000,4000,0.4615995020641868,3992,0.46430654494766815,0.6335583736006385,0.3664416263993615,0.076,0.0027070428834813365,0.33822202682495117,historical_image_averaged_path_dice,confusion_replay_zero_credit,,,,,,,,,,
EDF-Dynamic-Reservation,16000,15711,0,289,0,0,150,4,1000,505,edf_dynamic_reservation,4000,289,0.07225,0.6450911336005326,0.633439174999873,0.6386631000000013,15711,0.6352132939762105,4000,4000,0.46838823891754344,3992,0.47171499668473305,0.6457326135539655,0.3542673864460345,0.06425,0.003326757767189603,0.327023983001709,historical_image_averaged_path_dice,confusion_replay_zero_credit,,,,,,,,,,
EDF-Dynamic-Reservation,16000,15778,0,222,0,0,150,4,1000,606,edf_dynamic_reservation,4000,222,0.0555,0.6442091646595213,0.6352707624998705,0.6501938000000013,15778,0.6378493815824656,4000,4000,0.45974341282570313,3984,0.4636068892972688,0.633254849077044,0.366745150922956,0.0635,0.003863476471565652,0.32079219818115234,historical_image_averaged_path_dice,confusion_replay_zero_credit,,,,,,,,,,
EDF-Dynamic-Reservation,16000,15741,0,259,0,0,150,4,1000,707,edf_dynamic_reservation,4000,259,0.06475,0.6447064735403052,0.6342702874998716,0.6438261000000013,15741,0.636499541299395,4000,4000,0.4628422679114304,3984,0.46582141141045863,0.6414172570656025,0.3585827429343975,0.0685,0.002979143499028225,0.32103562355041504,historical_image_averaged_path_dice,confusion_replay_zero_credit,,,,,,,,,,
EDF-Dynamic-Reservation,16000,15789,0,211,0,0,150,4,1000,808,edf_dynamic_reservation,4000,211,0.05275,0.6442075178920728,0.6357120312498711,0.6520869000000012,15789,0.6378879408440328,4000,4000,0.46465908011831664,4000,0.4671986516283969,0.6365465122096833,0.3634534877903167,0.068,0.002539571510080274,0.339141845703125,historical_image_averaged_path_dice,confusion_replay_zero_credit,,,,,,,,,,
EDF-Dynamic-Reservation,16000,15711,0,289,0,0,150,4,1000,909,edf_dynamic_reservation,4000,289,0.07225,0.6449656355418489,0.6333159437498742,0.6386631000000013,15711,0.6348617490703785,4000,4000,0.46397385983870004,4000,0.46639438146402007,0.6341007489170627,0.3658992510829373,0.068,0.002420521625320027,0.3495137691497803,historical_image_averaged_path_dice,confusion_replay_zero_credit,,,,,,,,,,
EDF-Dynamic-Reservation,16000,15751,0,249,0,0,150,4,1000,1010,edf_dynamic_reservation,4000,249,0.06225,0.6444413688018503,0.6344122499998716,0.6455471000000013,15751,0.6369125162085385,4000,4000,0.4670206948236978,3992,0.46962838301960236,0.6435610104177768,0.3564389895822232,0.072,0.0026076881959045672,0.3143177032470703,historical_image_averaged_path_dice,confusion_replay_zero_credit,,,,,,,,,,
EDF-Dynamic-Reservation,24000,21310,0,2690,0,0,150,6,1000,101,edf_dynamic_reservation,6000,1404,0.234,0.6137514171748616,0.5449601124998459,0.5273144000000011,21310,0.5434050275198615,6000,6000,0.4113142502208427,5764,0.4401935086618647,0.5927794896345226,0.40722051036547735,0.10733333333333334,0.02887925844102196,0.8884828090667725,historical_image_averaged_path_dice,confusion_replay_zero_credit,,,,,,,,,,
EDF-Dynamic-Reservation,24000,21291,0,2709,0,0,150,6,1000,202,edf_dynamic_reservation,6000,1393,0.23216666666666666,0.6137909727113002,0.5445093166665121,0.5285764666666677,21291,0.542933021718561,6000,6000,0.411697578648483,5744,0.4408029234238514,0.5879545497569482,0.41204545024305184,0.11666666666666667,0.029105344775368414,0.8847572803497314,historical_image_averaged_path_dice,confusion_replay_zero_credit,,,,,,,,,,
EDF-Dynamic-Reservation,24000,21338,0,2662,0,0,150,6,1000,303,edf_dynamic_reservation,6000,1346,0.22433333333333333,0.6134672134218894,0.5454234749998448,0.5339689333333344,21338,0.5437071003792632,6000,6000,0.4160220298144333,5788,0.4415599974532837,0.6020918474543175,0.39790815254568246,0.1045,0.025537967638850412,0.8862440586090088,historical_image_averaged_path_dice,confusion_replay_zero_credit,,,,,,,,,,
EDF-Dynamic-Reservation,24000,21224,0,2776,0,0,150,6,1000,404,edf_dynamic_reservation,6000,1384,0.23066666666666666,0.6140566952504882,0.5430308041665151,0.5296090666666677,21224,0.5415999127876713,6000,6000,0.4084436299602225,5730,0.4385157399872369,0.5863043204044119,0.41369567959558806,0.11966666666666667,0.03007211002701443,0.8845505714416504,historical_image_averaged_path_dice,confusion_replay_zero_credit,,,,,,,,,,
EDF-Dynamic-Reservation,24000,21376,0,2624,0,0,150,6,1000,505,edf_dynamic_reservation,6000,1383,0.2305,0.6136314371255744,0.5465410666665116,0.5297238000000011,21376,0.5441377339480422,6000,6000,0.41597527226410996,5768,0.44218523051929476,0.5930408221989835,0.40695917780101654,0.10533333333333333,0.026209958255184795,0.9032676219940186,historical_image_averaged_path_dice,confusion_replay_zero_credit,,,,,,,,,,
EDF-Dynamic-Reservation,24000,21413,0,2587,0,0,150,6,1000,606,edf_dynamic_reservation,6000,1373,0.22883333333333333,0.6132913650584346,0.5471836666665109,0.5308711333333344,21413,0.5460119896427974,6000,6000,0.4176127158658689,5748,0.44648575836194626,0.5950525595383666,0.40494744046163345,0.109,0.02887304249607736,0.890770673751831,historical_image_averaged_path_dice,confusion_replay_zero_credit,,,,,,,,,,
EDF-Dynamic-Reservation,24000,21287,0,2713,0,0,150,6,1000,707,edf_dynamic_reservation,6000,1441,0.24016666666666667,0.613663437778753,0.5442938999998465,0.5230692666666676,21287,0.54183673491583,6000,6000,0.415458703432119,5788,0.441910514040287,0.5890586293556904,0.4109413706443096,0.108,0.02645181060816798,0.8968098163604736,historical_image_averaged_path_dice,confusion_replay_zero_credit,,,,,,,,,,
EDF-Dynamic-Reservation,24000,21426,0,2574,0,0,150,6,1000,808,edf_dynamic_reservation,6000,1331,0.22183333333333333,0.6130697750394967,0.5473180416665107,0.5356899333333344,21426,0.5455535722126452,6000,6000,0.41350647684452474,5786,0.4388497412087905,0.5892856244999299,0.41071437550007006,0.10833333333333334,0.02534326436426576,0.8967115879058838,historical_image_averaged_path_dice,confusion_replay_zero_credit,,,,,,,,,,
EDF-Dynamic-Reservation,24000,21316,0,2684,0,0,150,6,1000,909,edf_dynamic_reservation,6000,1339,0.22316666666666668,0.613634312253531,0.5450095416665112,0.5347720666666678,21316,0.543850069186586,6000,6000,0.4144766222009086,5768,0.4432637179743367,0.5898381760292084,0.4101618239707916,0.113,0.02878709577342814,0.8968124389648438,historical_image_averaged_path_dice,confusion_replay_zero_credit,,,,,,,,,,
EDF-Dynamic-Reservation,24000,21359,0,2641,0,0,150,6,1000,1010,edf_dynamic_reservation,6000,1327,0.22116666666666668,0.6135043026357176,0.5459932666665123,0.5361488666666677,21359,0.5453003684205275,6000,6000,0.41436218126320923,5776,0.44189314377142136,0.5932441266526163,0.4067558733473837,0.11066666666666666,0.02753096250821213,0.9219996929168701,historical_image_averaged_path_dice,confusion_replay_zero_credit,,,,,,,,,,
EDF-Dynamic-Reservation,32000,21215,0,10785,0,0,150,8,1000,101,edf_dynamic_reservation,8000,3425,0.428125,0.6140853688426277,0.40711940937488583,0.3936787500000008,21215,0.4057249878888966,8000,8000,0.30887720764810894,5736,0.4438917622548928,0.43861771599872107,0.561382284001279,0.332,0.13501455460678385,1.4148235321044922,historical_image_averaged_path_dice,confusion_replay_zero_credit,,,,,,,,,,
EDF-Dynamic-Reservation,32000,21186,0,10814,0,0,150,8,1000,202,edf_dynamic_reservation,8000,3398,0.42475,0.6142647550267312,0.4066816593748852,0.3960021000000008,21186,0.40571007177817325,8000,8000,0.307820624571114,5728,0.4403236802981184,0.4408108117910154,0.5591891882089846,0.337,0.13250305572700444,1.4081308841705322,historical_image_averaged_path_dice,confusion_replay_zero_credit,,,,,,,,,,
EDF-Dynamic-Reservation,32000,21230,0,10770,0,0,150,8,1000,303,edf_dynamic_reservation,8000,3386,0.42325,0.6138821384831056,0.4072724312498854,0.3970347000000008,21230,0.40640185899786957,8000,8000,0.30791595680254813,5768,0.4364985562763492,0.4496670018944035,0.5503329981055964,0.3365,0.12858259947380107,1.4225540161132812,historical_image_averaged_path_dice,confusion_replay_zero_credit,,,,,,,,,,
EDF-Dynamic-Reservation,32000,21162,0,10838,0,0,150,8,1000,404,edf_dynamic_reservation,8000,3394,0.42425,0.6141729373403443,0.4061602406248865,0.39634630000000076,21162,0.40494583818449054,8000,8000,0.30875723641158637,5748,0.44199053789557163,0.44545235488212176,0.5545476451178782,0.3375,0.13323330148398527,1.4039058685302734,historical_image_averaged_path_dice,confusion_replay_zero_credit,,,,,,,,,,
EDF-Dynamic-Reservation,32000,21372,0,10628,0,0,150,8,1000,505,edf_dynamic_reservation,8000,3448,0.431,0.6137723329588383,0.40992319687488404,0.39169960000000076,21372,0.4074920370888107,8000,8000,0.3164342257237791,5776,0.4497115143354962,0.44462170905809745,0.5553782909419025,0.325,0.13327728861171712,1.429636001586914,historical_image_averaged_path_dice,confusion_replay_zero_credit,,,,,,,,,,
EDF-Dynamic-Reservation,32000,21262,0,10738,0,0,150,8,1000,606,edf_dynamic_reservation,8000,3391,0.423875,0.6138893471920013,0.4078911031248853,0.3966044500000008,21262,0.40725396210386106,8000,8000,0.3121406202120889,5704,0.44911482026733324,0.4662158885995451,0.5337841114004549,0.337625,0.13697420005524436,1.4488716125488281,historical_image_averaged_path_dice,confusion_replay_zero_credit,,,,,,,,,,
EDF-Dynamic-Reservation,32000,21234,0,10766,0,0,150,8,1000,707,edf_dynamic_reservation,8000,3422,0.42775,0.6135600169537685,0.407135418749885,0.39393690000000076,21234,0.40575806247579604,8000,8000,0.3104869606756086,5752,0.4436333705409706,0.4349647166006803,0.5650352833993197,0.334,0.13314640986536197,1.4524421691894531,historical_image_averaged_path_dice,confusion_replay_zero_credit,,,,,,,,,,
EDF-Dynamic-Reservation,32000,21581,0,10419,0,0,150,8,1000,808,edf_dynamic_reservation,8000,3319,0.414875,0.6123566887538203,0.4129771781248811,0.4028000500000008,21581,0.4110788752782222,8000,8000,0.3160346132522258,5820,0.4437953341577706,0.451614894917603,0.548385105082397,0.3235,0.1277607209055448,1.447258472442627,historical_image_averaged_path_dice,confusion_replay_zero_credit,,,,,,,,,,
EDF-Dynamic-Reservation,32000,21249,0,10751,0,0,150,8,1000,909,edf_dynamic_reservation,8000,3327,0.415875,0.6138244952701916,0.40759864687488434,0.4021116500000008,21249,0.4061467143710192,8000,8000,0.30918591821482394,5768,0.4407941817934981,0.44476071585093074,0.5552392841490692,0.34,0.13160826357867417,1.417464017868042,historical_image_averaged_path_dice,confusion_replay_zero_credit,,,,,,,,,,
EDF-Dynamic-Reservation,32000,21321,0,10679,0,0,150,8,1000,1010,edf_dynamic_reservation,8000,3367,0.420875,0.6135812579145581,0.4088176874998842,0.39866965000000076,21321,0.4082448363072931,8000,8000,0.3150146930885579,5752,0.4484673755085055,0.45509745219501635,0.5449025478049836,0.334,0.13345268241994762,1.442537546157837,historical_image_averaged_path_dice,confusion_replay_zero_credit,,,,,,,,,,
EDF-Dynamic-Reservation,40000,21063,0,18937,0,0,150,10,1000,101,edf_dynamic_reservation,10000,5517,0.5517,0.6152546788205124,0.32397773249991135,0.3086097200000006,21063,0.32113311852295073,10000,10000,0.2477830808232832,5720,0.444772551811495,0.3880967735793395,0.6119032264206605,0.47,0.1969894709882118,2.0831856727600098,historical_image_averaged_path_dice,confusion_replay_zero_credit,,,,,,,,,,
EDF-Dynamic-Reservation,40000,21187,0,18813,0,0,150,10,1000,202,edf_dynamic_reservation,10000,5533,0.5533,0.6142017888326022,0.3253273324999086,0.3075082800000006,21187,0.32306827504916275,10000,10000,0.23928077486286456,5720,0.42958632732223534,0.3166688221142493,0.6833311778857507,0.476,0.19030555245937078,1.9564688205718994,historical_image_averaged_path_dice,confusion_replay_zero_credit,,,,,,,,,,
EDF-Dynamic-Reservation,40000,21400,0,18600,0,0,150,10,1000,303,edf_dynamic_reservation,10000,5440,0.544,0.6125434579437493,0.32771074999990585,0.31391040000000064,21400,0.32616216880590354,10000,10000,0.25681090236869275,5800,0.45344663943247276,0.37596305851335443,0.6240369414866456,0.452,0.19663573706378001,2.011059045791626,historical_image_averaged_path_dice,confusion_replay_zero_credit,,,,,,,,,,
EDF-Dynamic-Reservation,40000,21468,0,18532,0,0,150,10,1000,404,edf_dynamic_reservation,10000,5192,0.5192,0.6132882243337171,0.32915178999990596,0.3309827200000007,21468,0.3290665196897865,10000,10000,0.24328589341787016,5820,0.428669440804967,0.3289445123499728,0.6710554876500272,0.472,0.18538354738709684,2.053241729736328,historical_image_averaged_path_dice,confusion_replay_zero_credit,,,,,,,,,,
EDF-Dynamic-Reservation,40000,21440,0,18560,0,0,150,10,1000,505,edf_dynamic_reservation,10000,5500,0.55,0.6134368470147517,0.3288021499999069,0.3097800000000006,21440,0.3260755725967106,10000,10000,0.26211603535509753,5860,0.4577369447231173,0.35975499938139066,0.6402450006186093,0.44,0.1956209093680198,1.9941134452819824,historical_image_averaged_path_dice,confusion_replay_zero_credit,,,,,,,,,,
EDF-Dynamic-Reservation,40000,21348,0,18652,0,0,150,10,1000,606,edf_dynamic_reservation,10000,5472,0.5472,0.6131552370243726,0.3272409499999076,0.3117075200000006,21348,0.32639726081568876,10000,10000,0.2494669811998345,5720,0.44662022037009425,0.388573770420187,0.611426229579813,0.464,0.19715323917025976,2.015127182006836,historical_image_averaged_path_dice,confusion_replay_zero_credit,,,,,,,,,,
EDF-Dynamic-Reservation,40000,21220,0,18780,0,0,150,10,1000,707,edf_dynamic_reservation,10000,5440,0.544,0.6142255419413922,0.32584664999990853,0.31391040000000064,21220,0.3241466547185678,10000,10000,0.2499665464792537,5720,0.4457635587695442,0.37441871947290695,0.625581280527093,0.466,0.1957970122902905,2.013700008392334,historical_image_averaged_path_dice,confusion_replay_zero_credit,,,,,,,,,,
EDF-Dynamic-Reservation,40000,21656,0,18344,0,0,150,10,1000,808,edf_dynamic_reservation,10000,5316,0.5316,0.6125264130031497,0.3316217999999052,0.32244656000000066,21656,0.3297878392138577,10000,10000,0.25466178521511873,5792,0.45047594621651915,0.3659771295059673,0.6340228704940327,0.4468,0.19581416100140042,2.0343358516693115,historical_image_averaged_path_dice,confusion_replay_zero_credit,,,,,,,,,,
EDF-Dynamic-Reservation,40000,21248,0,18752,0,0,150,10,1000,909,edf_dynamic_reservation,10000,5392,0.5392,0.6139363140058482,0.3261229699999066,0.3172147200000006,21248,0.32595262308481665,10000,10000,0.24716880526975488,5720,0.443882315587919,0.35612847324825786,0.6438715267517421,0.474,0.19671351031816414,1.9512662887573242,historical_image_averaged_path_dice,confusion_replay_zero_credit,,,,,,,,,,
EDF-Dynamic-Reservation,40000,21253,0,18747,0,0,150,10,1000,1010,edf_dynamic_reservation,10000,5300,0.53,0.6141248576669783,0.3262998899999073,0.3235480000000006,21253,0.3248214963113997,10000,10000,0.24058974974575056,5780,0.42623107724204434,0.3573846870574481,0.6426153129425519,0.466,0.18564132749629378,1.9717822074890137,historical_image_averaged_path_dice,confusion_replay_zero_credit,,,,,,,,,,
EDF-Dynamic-Reservation,16000,16000,0,0,0,0,200,4,1000,101,edf_dynamic_reservation,4000,0,0.0,0.6787937499997991,0.6787937499997991,0.6884000000000013,16000,0.6802851322451016,4000,4000,0.4922517257245291,4000,0.4922517257245291,0.6345639331717283,0.3654360668282717,0.066,0.0,0.2477567195892334,historical_image_averaged_path_dice,confusion_replay_zero_credit,,,,,,,,,,
EDF-Dynamic-Reservation,16000,16000,0,0,0,0,200,4,1000,202,edf_dynamic_reservation,4000,0,0.0,0.6787937499997991,0.6787937499997991,0.6884000000000013,16000,0.6803468314790978,4000,4000,0.49472167483995894,4000,0.49472167483995894,0.6363896755791746,0.3636103244208254,0.064,0.0,0.24140334129333496,historical_image_averaged_path_dice,confusion_replay_zero_credit,,,,,,,,,,
EDF-Dynamic-Reservation,16000,16000,0,0,0,0,200,4,1000,303,edf_dynamic_reservation,4000,0,0.0,0.6787937499997991,0.6787937499997991,0.6884000000000013,16000,0.6804372111863105,4000,4000,0.4961261666895049,4000,0.4961261666895049,0.6388299060068244,0.36117009399317557,0.064,0.0,0.24153780937194824,historical_image_averaged_path_dice,confusion_replay_zero_credit,,,,,,,,,,
EDF-Dynamic-Reservation,16000,16000,0,0,0,0,200,4,1000,404,edf_dynamic_reservation,4000,0,0.0,0.6787937499997991,0.6787937499997991,0.6884000000000013,16000,0.6803745334684633,4000,4000,0.48954591425753635,4000,0.48954591425753635,0.6340701996719269,0.3659298003280731,0.062,0.0,0.23804235458374023,historical_image_averaged_path_dice,confusion_replay_zero_credit,,,,,,,,,,
EDF-Dynamic-Reservation,16000,16000,0,0,0,0,200,4,1000,505,edf_dynamic_reservation,4000,0,0.0,0.6787937499997991,0.6787937499997991,0.6884000000000013,16000,0.6803247674172659,4000,4000,0.4947083940365996,4000,0.4947083940365996,0.6382618239900244,0.3617381760099756,0.068,0.0,0.24764251708984375,historical_image_averaged_path_dice,confusion_replay_zero_credit,,,,,,,,,,
EDF-Dynamic-Reservation,16000,16000,0,0,0,0,200,4,1000,606,edf_dynamic_reservation,4000,0,0.0,0.6787937499997991,0.6787937499997991,0.6884000000000013,16000,0.6806072835035463,4000,4000,0.4908440647650153,4000,0.4908440647650153,0.6376830265550318,0.36231697344496816,0.07,0.0,0.24941039085388184,historical_image_averaged_path_dice,confusion_replay_zero_credit,,,,,,,,,,
EDF-Dynamic-Reservation,16000,16000,0,0,0,0,200,4,1000,707,edf_dynamic_reservation,4000,0,0.0,0.6787937499997991,0.6787937499997991,0.6884000000000013,16000,0.680455241768601,4000,4000,0.4903025187760755,4000,0.4903025187760755,0.6314326406969439,0.36856735930305606,0.066,0.0,0.2464306354522705,historical_image_averaged_path_dice,confusion_replay_zero_credit,,,,,,,,,,
EDF-Dynamic-Reservation,16000,16000,0,0,0,0,200,4,1000,808,edf_dynamic_reservation,4000,0,0.0,0.6787937499997991,0.6787937499997991,0.6884000000000013,16000,0.6805077514235196,4000,4000,0.49490891604646897,4000,0.49490891604646897,0.6362112226531194,0.36378877734688064,0.066,0.0,0.24156689643859863,historical_image_averaged_path_dice,confusion_replay_zero_credit,,,,,,,,,,
EDF-Dynamic-Reservation,16000,16000,0,0,0,0,200,4,1000,909,edf_dynamic_reservation,4000,0,0.0,0.6787937499997991,0.6787937499997991,0.6884000000000013,16000,0.6804398438908861,4000,4000,0.4932192901973614,4000,0.4932192901973614,0.6363413737710136,0.36365862622898637,0.062,0.0,0.23616909980773926,historical_image_averaged_path_dice,confusion_replay_zero_credit,,,,,,,,,,
EDF-Dynamic-Reservation,16000,16000,0,0,0,0,200,4,1000,1010,edf_dynamic_reservation,4000,0,0.0,0.6787937499997991,0.6787937499997991,0.6884000000000013,16000,0.6802169564401507,4000,4000,0.49538951499366557,4000,0.49538951499366557,0.6389890711801327,0.3610109288198673,0.066,0.0,0.24258828163146973,historical_image_averaged_path_dice,confusion_replay_zero_credit,,,,,,,,,,
EDF-Dynamic-Reservation,24000,23593,0,407,0,0,200,6,1000,101,edf_dynamic_reservation,6000,407,0.06783333333333333,0.629719009875546,0.6190400249997399,0.6417035333333346,23593,0.6222141596054938,6000,6000,0.45184869375513625,5992,0.4540869011388259,0.6449952897494414,0.3550047102505586,0.05733333333333333,0.0022382073836896277,0.7228596210479736,historical_image_averaged_path_dice,confusion_replay_zero_credit,,,,,,,,,,
EDF-Dynamic-Reservation,24000,23642,0,358,0,0,200,6,1000,202,edf_dynamic_reservation,6000,355,0.059166666666666666,0.6295954826154195,0.6202040166664062,0.6476696666666679,23642,0.6242194371768357,6000,6000,0.45461405674209393,5996,0.456320917908757,0.6464294110973762,0.35357058890262383,0.058666666666666666,0.0017068611666630762,0.715954065322876,historical_image_averaged_path_dice,confusion_replay_zero_credit,,,,,,,,,,
EDF-Dynamic-Reservation,24000,23578,0,422,0,0,200,6,1000,303,edf_dynamic_reservation,6000,422,0.07033333333333333,0.6298200016962325,0.6187456666664071,0.6399825333333347,23578,0.6215083230562474,6000,6000,0.45393889822474126,5988,0.456155037916304,0.6491798116685574,0.3508201883314426,0.06066666666666667,0.0022161396915627574,0.7151379585266113,historical_image_averaged_path_dice,confusion_replay_zero_credit,,,,,,,,,,
EDF-Dynamic-Reservation,24000,23638,0,362,0,0,200,6,1000,404,edf_dynamic_reservation,6000,359,0.059833333333333336,0.6296134317621515,0.620116762499739,0.6472107333333347,23638,0.6240954882084355,6000,6000,0.45313647663409534,5992,0.4551452103357484,0.6482414638711954,0.3517585361288046,0.058666666666666666,0.0020087337016530538,0.7088453769683838,historical_image_averaged_path_dice,confusion_replay_zero_credit,,,,,,,,,,
EDF-Dynamic-Reservation,24000,23600,0,400,0,0,200,6,1000,505,edf_dynamic_reservation,6000,397,0.06616666666666667,0.6296119406777021,0.6191184083330736,0.6428508666666679,23600,0.6224061033312456,6000,6000,0.45344243696458164,5996,0.45536842271765937,0.6479187717998658,0.3520812282001342,0.06066666666666667,0.0019259857530777302,0.7154495716094971,historical_image_averaged_path_dice,confusion_replay_zero_credit,,,,,,,,,,
EDF-Dynamic-Reservation,24000,23601,0,399,0,0,200,6,1000,606,edf_dynamic_reservation,6000,398,0.06633333333333333,0.6296542561753212,0.6191862541664065,0.6427361333333346,23601,0.6225280876567958,6000,6000,0.45208218799745276,5984,0.4547112436184619,0.648653368667837,0.35134663133216304,0.06066666666666667,0.0026290556210091243,0.735602855682373,historical_image_averaged_path_dice,confusion_replay_zero_credit,,,,,,,,,,
EDF-Dynamic-Reservation,24000,23554,0,446,0,0,200,6,1000,707,edf_dynamic_reservation,6000,441,0.0735,0.6299049290988281,0.6181991958330749,0.6378026000000012,23554,0.6213376290973536,6000,6000,0.4525633804958013,5976,0.45643443167271813,0.643647942682294,0.35635205731770603,0.058833333333333335,0.0038710511769168288,0.7393333911895752,historical_image_averaged_path_dice,confusion_replay_zero_credit,,,,,,,,,,
EDF-Dynamic-Reservation,24000,23580,0,420,0,0,200,6,1000,808,edf_dynamic_reservation,6000,417,0.0695,0.62977504664944,0.6187539833330747,0.6405562000000012,23580,0.6218248849950266,6000,6000,0.453534159106141,5996,0.4557317630049546,0.6435106479522712,0.3564893520477288,0.056666666666666664,0.002197603898813627,0.7221193313598633,historical_image_averaged_path_dice,confusion_replay_zero_credit,,,,,,,,,,
EDF-Dynamic-Reservation,24000,23616,0,384,0,0,200,6,1000,909,edf_dynamic_reservation,6000,384,0.064,0.6297113905823909,0.6196360083330726,0.6443424000000013,23616,0.623192356353167,6000,6000,0.4517177191103388,5992,0.4547022877449263,0.6431327233952445,0.3568672766047555,0.06,0.0029845686345875144,0.7141430377960205,historical_image_averaged_path_dice,confusion_replay_zero_credit,,,,,,,,,,
EDF-Dynamic-Reservation,24000,23634,0,366,0,0,200,6,1000,1010,edf_dynamic_reservation,6000,366,0.061,0.629578704408637,0.6199776291664052,0.6464076000000013,23634,0.6240990180016254,6000,6000,0.45249496297159264,5992,0.4546386369369041,0.6495251709706792,0.3504748290293208,0.059333333333333335,0.0021436739653114545,0.7250337600708008,historical_image_averaged_path_dice,confusion_replay_zero_credit,,,,,,,,,,
EDF-Dynamic-Reservation,32000,29355,0,2645,0,0,200,8,1000,101,edf_dynamic_reservation,8000,1449,0.181125,0.6101380139668058,0.5597062937498619,0.5637135500000011,29355,0.560249967023966,8000,8000,0.4177538589275778,7768,0.4365679116850042,0.6284322051151945,0.3715677948848055,0.093,0.01881405275742637,1.5591962337493896,historical_image_averaged_path_dice,confusion_replay_zero_credit,,,,,,,,,,
EDF-Dynamic-Reservation,32000,29279,0,2721,0,0,200,8,1000,202,edf_dynamic_reservation,8000,1514,0.18925,0.6104988182654982,0.55858734062486,0.558120300000001,29279,0.5583753844017714,8000,8000,0.4235171313005629,7747,0.44544270646002965,0.6093816958484596,0.3906183041515404,0.09,0.021925575159466748,1.586968183517456,historical_image_averaged_path_dice,confusion_replay_zero_credit,,,,,,,,,,
EDF-Dynamic-Reservation,32000,29229,0,2771,0,0,200,8,1000,303,edf_dynamic_reservation,8000,1558,0.19475,0.6106308905537478,0.5577540718748591,0.554334100000001,29229,0.5566653904253713,8000,8000,0.41734469729248086,7760,0.43638282236326226,0.6243648538899153,0.37563514611008475,0.09225,0.019038125070781398,1.5571916103363037,historical_image_averaged_path_dice,confusion_replay_zero_credit,,,,,,,,,,
EDF-Dynamic-Reservation,32000,29285,0,2715,0,0,200,8,1000,404,edf_dynamic_reservation,8000,1468,0.1835,0.6103865289395775,0.5585990468748602,0.5620786000000011,29285,0.559736344968519,8000,8000,0.41889649796664985,7752,0.43750082428124065,0.6207634018353533,0.3792365981646467,0.097,0.018604326314590802,1.617304801940918,historical_image_averaged_path_dice,confusion_replay_zero_credit,,,,,,,,,,
EDF-Dynamic-Reservation,32000,29339,0,2661,0,0,200,8,1000,505,edf_dynamic_reservation,8000,1398,0.17475,0.6104318518012067,0.5596706281248627,0.568102100000001,29339,0.5599978801092825,8000,8000,0.4156299114305496,7756,0.4331938502231205,0.6251516798355035,0.37484832016449654,0.1,0.0175639387925709,1.556687831878662,historical_image_averaged_path_dice,confusion_replay_zero_credit,,,,,,,,,,
EDF-Dynamic-Reservation,32000,29308,0,2692,0,0,200,8,1000,606,edf_dynamic_reservation,8000,1564,0.1955,0.6102686501977468,0.5589297999998613,0.553817800000001,29308,0.5592187893146495,8000,8000,0.4099948237841468,7716,0.43248586962228264,0.6094601193153573,0.39053988068464274,0.107,0.022491045838135826,1.5524413585662842,historical_image_averaged_path_dice,confusion_replay_zero_credit,,,,,,,,,,
EDF-Dynamic-Reservation,32000,29424,0,2576,0,0,200,8,1000,707,edf_dynamic_reservation,8000,1474,0.18425,0.6100515293636364,0.5609423812498636,0.5615623000000011,29424,0.5609307633968451,8000,8000,0.4157685330105276,7780,0.4330289804345528,0.6201443597624178,0.3798556402375822,0.09375,0.017260447424025216,1.5644948482513428,historical_image_averaged_path_dice,confusion_replay_zero_credit,,,,,,,,,,
EDF-Dynamic-Reservation,32000,29132,0,2868,0,0,200,8,1000,808,edf_dynamic_reservation,8000,1539,0.192375,0.6108209288753055,0.5560761031248562,0.5559690500000011,29132,0.5559660653997167,8000,8000,0.412923037603084,7756,0.43344240239272147,0.6002299920269046,0.39977000797309536,0.10325,0.02051936478963745,1.5520226955413818,historical_image_averaged_path_dice,confusion_replay_zero_credit,,,,,,,,,,
EDF-Dynamic-Reservation,32000,29444,0,2556,0,0,200,8,1000,909,edf_dynamic_reservation,8000,1338,0.16725,0.6099774283383911,0.5612554812498621,0.5732651000000011,29444,0.5627958692868936,8000,8000,0.41329195269208563,7787,0.43239084626205243,0.6105986891664072,0.38940131083359275,0.095375,0.0190988935699668,1.5803556442260742,historical_image_averaged_path_dice,confusion_replay_zero_credit,,,,,,,,,,
EDF-Dynamic-Reservation,32000,29359,0,2641,0,0,200,8,1000,1010,edf_dynamic_reservation,8000,1405,0.175625,0.6102407098332904,0.5598767812498616,0.5674997500000011,29359,0.560743988731353,8000,8000,0.4192580664825162,7768,0.4381133300866275,0.6147642049559469,0.38523579504405314,0.098,0.018855263604111328,1.5878410339355469,historical_image_averaged_path_dice,confusion_replay_zero_credit,,,,,,,,,,
EDF-Dynamic-Reservation,40000,29369,0,10631,0,0,200,10,1000,101,edf_dynamic_reservation,10000,3451,0.3451,0.6103281351082978,0.44811817499988993,0.45083316000000084,29369,0.4487225581931512,10000,10000,0.32775984756112375,7720,0.43464109352365077,0.5013411705901994,0.49865882940980055,0.28,0.10688124596252702,2.2678518295288086,historical_image_averaged_path_dice,confusion_replay_zero_credit,,,,,,,,,,
EDF-Dynamic-Reservation,40000,29578,0,10422,0,0,200,10,1000,202,edf_dynamic_reservation,10000,3422,0.3422,0.6095685915205808,0.4507454949998935,0.4528295200000009,29578,0.44978264348676233,10000,10000,0.33263429711211306,7820,0.43103946973373775,0.44769915243514885,0.5523008475648512,0.266,0.09840517262162468,2.2775566577911377,historical_image_averaged_path_dice,confusion_replay_zero_credit,,,,,,,,,,
EDF-Dynamic-Reservation,40000,29413,0,10587,0,0,200,10,1000,303,edf_dynamic_reservation,10000,3258,0.3258,0.6101411178728998,0.4486520174998901,0.4641192800000009,29413,0.44977036143927823,10000,10000,0.3361212579183256,7820,0.4360850164963462,0.5152307099599235,0.4847692900400765,0.2669,0.09996375857802059,2.2979013919830322,historical_image_averaged_path_dice,confusion_replay_zero_credit,,,,,,,,,,
EDF-Dynamic-Reservation,40000,29480,0,10520,0,0,200,10,1000,404,edf_dynamic_reservation,10000,3340,0.334,0.609887890094831,0.4494873749998905,0.4584744000000009,29480,0.45022157804879126,10000,10000,0.3315211078880676,7780,0.43040072043502553,0.4792618741876374,0.5207381258123627,0.282,0.09887961254695793,2.2796552181243896,historical_image_averaged_path_dice,confusion_replay_zero_credit,,,,,,,,,,
EDF-Dynamic-Reservation,40000,29300,0,10700,0,0,200,10,1000,505,edf_dynamic_reservation,10000,3351,0.3351,0.6104100341295414,0.4471253499998891,0.4577171600000009,29300,0.44809340903306066,10000,10000,0.33061248476999205,7720,0.43170789611203375,0.5013955513375273,0.49860444866247267,0.276,0.1010954113420417,2.267446279525757,historical_image_averaged_path_dice,confusion_replay_zero_credit,,,,,,,,,,
EDF-Dynamic-Reservation,40000,29263,0,10737,0,0,200,10,1000,606,edf_dynamic_reservation,10000,3418,0.3418,0.6104734989575743,0.44660714999988743,0.4531048800000009,29263,0.44798528731673987,10000,10000,0.3279618893924633,7751,0.4315454981903359,0.4811922608963645,0.5188077391036354,0.279,0.1035836087978726,2.293785333633423,historical_image_averaged_path_dice,confusion_replay_zero_credit,,,,,,,,,,
EDF-Dynamic-Reservation,40000,29349,0,10651,0,0,200,10,1000,707,edf_dynamic_reservation,10000,3322,0.3322,0.6102495587582382,0.4477553574998883,0.4597135200000009,29349,0.449401603649267,10000,10000,0.3298987357169576,7671,0.4338824560083516,0.4987040814450912,0.5012959185549088,0.2849,0.10398372029139402,2.290837049484253,historical_image_averaged_path_dice,confusion_replay_zero_credit,,,,,,,,,,
EDF-Dynamic-Reservation,40000,29095,0,10905,0,0,200,10,1000,808,edf_dynamic_reservation,10000,3527,0.3527,0.6110553737754059,0.44446640249988584,0.44560132000000086,29095,0.44356571677601986,10000,10000,0.3352095229016434,7800,0.4380453168742826,0.4855352693456366,0.5144647306543634,0.2689,0.1028357939726392,2.2836992740631104,historical_image_averaged_path_dice,confusion_replay_zero_credit,,,,,,,,,,
EDF-Dynamic-Reservation,40000,29298,0,10702,0,0,200,10,1000,909,edf_dynamic_reservation,10000,3304,0.3304,0.6104425353264886,0.4471186349998866,0.46095264000000086,29298,0.44741079793187805,10000,10000,0.32266204183232855,7780,0.4209263155139895,0.48778259751792996,0.51221740248207,0.2851,0.09826427368166096,2.3024497032165527,historical_image_averaged_path_dice,confusion_replay_zero_credit,,,,,,,,,,
EDF-Dynamic-Reservation,40000,29089,0,10911,0,0,200,10,1000,1010,edf_dynamic_reservation,10000,3451,0.3451,0.6111148784762399,0.4444180174998835,0.45083316000000084,29089,0.44558203711953476,10000,10000,0.3261663936395073,7700,0.4306408148099012,0.4821473549690815,0.5178526450309184,0.28,0.1044744211703939,2.310742139816284,historical_image_averaged_path_dice,confusion_replay_zero_credit,,,,,,,,,,
EDF-Dynamic-Reservation,16000,16000,0,0,0,0,250,4,1000,101,edf_dynamic_reservation,4000,0,0.0,0.6883999999997684,0.6883999999997684,0.6884000000000013,16000,0.6884000000000001,4000,4000,0.49488550059855724,4000,0.49488550059855724,0.6317481685495717,0.3682518314504283,0.066,0.0,0.2529771327972412,historical_image_averaged_path_dice,confusion_replay_zero_credit,,,,,,,,,,
EDF-Dynamic-Reservation,16000,16000,0,0,0,0,250,4,1000,202,edf_dynamic_reservation,4000,0,0.0,0.6883999999997684,0.6883999999997684,0.6884000000000013,16000,0.6883999999999993,4000,4000,0.494885500598558,4000,0.494885500598558,0.6317481685495717,0.3682518314504283,0.066,0.0,0.2413029670715332,historical_image_averaged_path_dice,confusion_replay_zero_credit,,,,,,,,,,
EDF-Dynamic-Reservation,16000,16000,0,0,0,0,250,4,1000,303,edf_dynamic_reservation,4000,0,0.0,0.6883999999997684,0.6883999999997684,0.6884000000000013,16000,0.6884000000000002,4000,4000,0.4948855005985574,4000,0.4948855005985574,0.6317481685495717,0.3682518314504283,0.066,0.0,0.23270893096923828,historical_image_averaged_path_dice,confusion_replay_zero_credit,,,,,,,,,,
EDF-Dynamic-Reservation,16000,16000,0,0,0,0,250,4,1000,404,edf_dynamic_reservation,4000,0,0.0,0.6883999999997684,0.6883999999997684,0.6884000000000013,16000,0.6884000000000008,4000,4000,0.49488550059855746,4000,0.49488550059855746,0.6317481685495717,0.3682518314504283,0.066,0.0,0.2388777732849121,historical_image_averaged_path_dice,confusion_replay_zero_credit,,,,,,,,,,
EDF-Dynamic-Reservation,16000,16000,0,0,0,0,250,4,1000,505,edf_dynamic_reservation,4000,0,0.0,0.6883999999997684,0.6883999999997684,0.6884000000000013,16000,0.6884000000000001,4000,4000,0.4948855005985575,4000,0.4948855005985575,0.6317481685495717,0.3682518314504283,0.066,0.0,0.23245620727539062,historical_image_averaged_path_dice,confusion_replay_zero_credit,,,,,,,,,,
EDF-Dynamic-Reservation,16000,16000,0,0,0,0,250,4,1000,606,edf_dynamic_reservation,4000,0,0.0,0.6883999999997684,0.6883999999997684,0.6884000000000013,16000,0.6884000000000003,4000,4000,0.494885500598558,4000,0.494885500598558,0.6317481685495717,0.3682518314504283,0.066,0.0,0.2398819923400879,historical_image_averaged_path_dice,confusion_replay_zero_credit,,,,,,,,,,
EDF-Dynamic-Reservation,16000,16000,0,0,0,0,250,4,1000,707,edf_dynamic_reservation,4000,0,0.0,0.6883999999997684,0.6883999999997684,0.6884000000000013,16000,0.6884000000000003,4000,4000,0.49488550059855785,4000,0.49488550059855785,0.6317481685495717,0.3682518314504283,0.066,0.0,0.2355194091796875,historical_image_averaged_path_dice,confusion_replay_zero_credit,,,,,,,,,,
EDF-Dynamic-Reservation,16000,16000,0,0,0,0,250,4,1000,808,edf_dynamic_reservation,4000,0,0.0,0.6883999999997684,0.6883999999997684,0.6884000000000013,16000,0.6884000000000011,4000,4000,0.4948855005985572,4000,0.4948855005985572,0.6317481685495717,0.3682518314504283,0.066,0.0,0.24718141555786133,historical_image_averaged_path_dice,confusion_replay_zero_credit,,,,,,,,,,
EDF-Dynamic-Reservation,16000,16000,0,0,0,0,250,4,1000,909,edf_dynamic_reservation,4000,0,0.0,0.6883999999997684,0.6883999999997684,0.6884000000000013,16000,0.6884000000000002,4000,4000,0.49488550059855696,4000,0.49488550059855696,0.6317481685495717,0.3682518314504283,0.066,0.0,0.2331547737121582,historical_image_averaged_path_dice,confusion_replay_zero_credit,,,,,,,,,,
EDF-Dynamic-Reservation,16000,16000,0,0,0,0,250,4,1000,1010,edf_dynamic_reservation,4000,0,0.0,0.6883999999997684,0.6883999999997684,0.6884000000000013,16000,0.6884000000000012,4000,4000,0.49488550059855746,4000,0.49488550059855746,0.6317481685495717,0.3682518314504283,0.066,0.0,0.24491333961486816,historical_image_averaged_path_dice,confusion_replay_zero_credit,,,,,,,,,,
EDF-Dynamic-Reservation,24000,23620,0,380,0,0,250,6,1000,101,edf_dynamic_reservation,6000,348,0.058,0.6570350550378092,0.6466319999997107,0.6484728000000013,23620,0.6471525951176624,6000,6000,0.47803138301334497,5996,0.47974180048187803,0.6360467272461461,0.3639532727538539,0.06266666666666666,0.0017104174685330653,0.54496169090271,historical_image_averaged_path_dice,confusion_replay_zero_credit,,,,,,,,,,
EDF-Dynamic-Reservation,24000,23604,0,396,0,0,250,6,1000,202,edf_dynamic_reservation,6000,340,0.056666666666666664,0.6570571936956896,0.6462157499997107,0.649390666666668,23604,0.6469918341033896,6000,6000,0.48091381815390727,5996,0.48294497752635124,0.6381562633831108,0.3618437366168892,0.06333333333333334,0.002031159372443969,0.5333805084228516,historical_image_averaged_path_dice,confusion_replay_zero_credit,,,,,,,,,,
EDF-Dynamic-Reservation,24000,23572,0,428,0,0,250,6,1000,303,edf_dynamic_reservation,6000,364,0.06066666666666667,0.6571643984385315,0.6454449666663777,0.646637066666668,23572,0.6456069424117148,6000,6000,0.4782289058519579,5992,0.4805406102625796,0.635788458192271,0.36421154180772897,0.06533333333333333,0.002311704410621729,0.526287317276001,historical_image_averaged_path_dice,confusion_replay_zero_credit,,,,,,,,,,
EDF-Dynamic-Reservation,24000,23556,0,444,0,0,250,6,1000,404,edf_dynamic_reservation,6000,392,0.06533333333333333,0.6573787400234797,0.6452172333330454,0.6434245333333346,23556,0.6456743515674347,6000,6000,0.4753680565112056,5988,0.4784855507285369,0.6364771573523169,0.3635228426476831,0.06666666666666667,0.0031174942173312625,0.5223467350006104,historical_image_averaged_path_dice,confusion_replay_zero_credit,,,,,,,,,,
EDF-Dynamic-Reservation,24000,23644,0,356,0,0,250,6,1000,505,edf_dynamic_reservation,6000,312,0.052,0.6568075621719265,0.6470649166663762,0.6526032000000013,23644,0.6478131773742248,6000,6000,0.47885968111918364,5992,0.4808179158569524,0.6391439227107326,0.3608560772892674,0.066,0.001958234737768738,0.5277855396270752,historical_image_averaged_path_dice,confusion_replay_zero_credit,,,,,,,,,,
EDF-Dynamic-Reservation,24000,23596,0,404,0,0,250,6,1000,606,edf_dynamic_reservation,6000,352,0.058666666666666666,0.6570329038817192,0.6459728499997102,0.6480138666666679,23596,0.6464782139915375,6000,6000,0.476758368037367,5988,0.47892039264993147,0.6362353735571998,0.36376462644280017,0.066,0.0021620246125644837,0.5399422645568848,historical_image_averaged_path_dice,confusion_replay_zero_credit,,,,,,,,,,
EDF-Dynamic-Reservation,24000,23604,0,396,0,0,250,6,1000,707,edf_dynamic_reservation,6000,336,0.056,0.6569304694116691,0.6460911166663765,0.6498496000000012,23604,0.6464868342357273,6000,6000,0.48126863226321426,5984,0.4840015832479551,0.6382262707819697,0.3617737292180303,0.062,0.002732950984740856,0.5212969779968262,historical_image_averaged_path_dice,confusion_replay_zero_credit,,,,,,,,,,
EDF-Dynamic-Reservation,24000,23612,0,388,0,0,250,6,1000,808,edf_dynamic_reservation,6000,340,0.056666666666666664,0.6569564119936068,0.6463356166663767,0.649390666666668,23612,0.6469879792105161,6000,6000,0.4772597210516914,5996,0.47906279846828287,0.6374032442384776,0.3625967557615224,0.066,0.0018030774165914698,0.516385555267334,historical_image_averaged_path_dice,confusion_replay_zero_credit,,,,,,,,,,
EDF-Dynamic-Reservation,24000,23604,0,396,0,0,250,6,1000,909,edf_dynamic_reservation,6000,348,0.058,0.6571450093201605,0.6463021166663779,0.6484728000000013,23604,0.6468099752850779,6000,6000,0.48106714491778835,5996,0.48334991874978717,0.6368010102606174,0.3631989897393826,0.06266666666666666,0.002282773831998819,0.5211641788482666,historical_image_averaged_path_dice,confusion_replay_zero_credit,,,,,,,,,,
EDF-Dynamic-Reservation,24000,23576,0,424,0,0,250,6,1000,1010,edf_dynamic_reservation,6000,384,0.064,0.6573310145908161,0.6457181666663783,0.6443424000000013,23576,0.6459282732337155,6000,6000,0.47784732939997054,5984,0.4807249798273461,0.6339985437471922,0.3660014562528078,0.06733333333333333,0.0028776504273755332,0.517012357711792,historical_image_averaged_path_dice,confusion_replay_zero_credit,,,,,,,,,,
EDF-Dynamic-Reservation,32000,31053,0,947,0,0,250,8,1000,101,edf_dynamic_reservation,8000,811,0.101375,0.6254588445559195,0.6069491718748427,0.6186134500000012,31053,0.6083101973730618,8000,8000,0.4493108410555475,7960,0.4540965195172302,0.6473300866440472,0.35266991335595277,0.059,0.004785678461682652,1.2825045585632324,historical_image_averaged_path_dice,confusion_replay_zero_credit,,,,,,,,,,
EDF-Dynamic-Reservation,32000,31165,0,835,0,0,250,8,1000,202,edf_dynamic_reservation,8000,667,0.083375,0.6250265233433352,0.6087172374998451,0.6310046500000012,31165,0.6122671478202596,8000,8000,0.450782360971912,7960,0.4560982282406464,0.6411315469247533,0.35886845307524673,0.067,0.005315867268734398,1.4746758937835693,historical_image_averaged_path_dice,confusion_replay_zero_credit,,,,,,,,,,
EDF-Dynamic-Reservation,32000,31149,0,851,0,0,250,8,1000,303,edf_dynamic_reservation,8000,667,0.083375,0.6248991653020979,0.6082807531248452,0.6310046500000012,31149,0.6118713406482105,8000,8000,0.4484535980636459,7976,0.453437813679191,0.6381996951710803,0.36180030482891967,0.059625,0.004984215615545129,1.2769272327423096,historical_image_averaged_path_dice,confusion_replay_zero_credit,,,,,,,,,,
EDF-Dynamic-Reservation,32000,31141,0,859,0,0,250,8,1000,404,edf_dynamic_reservation,8000,691,0.086375,0.6249745319673429,0.6081978718748445,0.6289394500000012,31141,0.6115739474605294,8000,8000,0.4453336137600805,7976,0.45054694639284865,0.6318979937934649,0.3681020062065351,0.061,0.005213332632768131,1.3199889659881592,historical_image_averaged_path_dice,confusion_replay_zero_credit,,,,,,,,,,
EDF-Dynamic-Reservation,32000,31224,0,776,0,0,250,8,1000,505,edf_dynamic_reservation,8000,616,0.077,0.6249684089160573,0.609812924999843,0.6353932000000012,31224,0.6137219541034656,8000,8000,0.4456108674138141,7976,0.4489680841817705,0.6451182697797759,0.35488173022022407,0.065,0.0033572167679563614,1.3149728775024414,historical_image_averaged_path_dice,confusion_replay_zero_credit,,,,,,,,,,
EDF-Dynamic-Reservation,32000,31104,0,896,0,0,250,8,1000,606,edf_dynamic_reservation,8000,736,0.092,0.6250212673609506,0.607520671874844,0.6250672000000012,31104,0.6111543201491838,8000,8000,0.44973318545163327,7952,0.4562703279026766,0.6387161937828979,0.3612838062171021,0.062,0.00653714245104331,1.2942595481872559,historical_image_averaged_path_dice,confusion_replay_zero_credit,,,,,,,,,,
EDF-Dynamic-Reservation,32000,31112,0,888,0,0,250,8,1000,707,edf_dynamic_reservation,8000,664,0.083,0.6250431987655878,0.6076982499998427,0.6312628000000012,31112,0.6113285891649928,8000,8000,0.4487385945940614,7984,0.453162609144101,0.6383572169701561,0.3616427830298439,0.056,0.004424014550039601,1.2651212215423584,historical_image_averaged_path_dice,confusion_replay_zero_credit,,,,,,,,,,
EDF-Dynamic-Reservation,32000,31128,0,872,0,0,250,8,1000,808,edf_dynamic_reservation,8000,664,0.083,0.624919300950752,0.607890249999844,0.6312628000000012,31128,0.6113279396812544,8000,8000,0.451180301998123,7992,0.45398536363531766,0.6417668578874256,0.3582331421125744,0.055,0.0028050616371946835,1.2621097564697266,historical_image_averaged_path_dice,confusion_replay_zero_credit,,,,,,,,,,
EDF-Dynamic-Reservation,32000,31101,0,899,0,0,250,8,1000,909,edf_dynamic_reservation,8000,707,0.088375,0.6250390212531755,0.6074793312498441,0.6275626500000012,31101,0.6107760449824106,8000,8000,0.4540592925210524,7992,0.4579046154098761,0.6426655054038266,0.3573344945961734,0.058,0.0038453228888236657,1.266481876373291,historical_image_averaged_path_dice,confusion_replay_zero_credit,,,,,,,,,,
EDF-Dynamic-Reservation,32000,31245,0,755,0,0,250,8,1000,1010,edf_dynamic_reservation,8000,611,0.076375,0.6247085421665882,0.6099693249998454,0.6358234500000012,31245,0.6137916173802044,8000,8000,0.4487580050148844,7965,0.4528985773217848,0.6460143723843561,0.3539856276156439,0.066375,0.004140572306900403,1.2614891529083252,historical_image_averaged_path_dice,confusion_replay_zero_credit,,,,,,,,,,
EDF-Dynamic-Reservation,40000,36853,0,3147,0,0,250,10,1000,101,edf_dynamic_reservation,10000,1799,0.1799,0.6096676118634053,0.5617020125000519,0.5645568400000011,36853,0.5617098570524827,10000,10000,0.4157159646364011,9740,0.4359190501611209,0.618616522465987,0.381383477534013,0.084,0.020203085524719833,2.35040283203125,historical_image_averaged_path_dice,confusion_replay_zero_credit,,,,,,,,,,
EDF-Dynamic-Reservation,40000,36864,0,3136,0,0,250,10,1000,202,edf_dynamic_reservation,10000,1547,0.1547,0.6094309163411964,0.5616515325000466,0.5819045200000011,36864,0.5646888584793941,10000,10000,0.4078535873367603,9640,0.4297962662259256,0.5896510326242447,0.4103489673757553,0.1049,0.02194267888916529,2.3952221870422363,historical_image_averaged_path_dice,confusion_replay_zero_credit,,,,,,,,,,
EDF-Dynamic-Reservation,40000,36739,0,3261,0,0,250,10,1000,303,edf_dynamic_reservation,10000,1510,0.151,0.6098389232151605,0.5601218050000446,0.5844516000000012,36739,0.5633756212187397,10000,10000,0.4120855274046934,9625,0.4324540501575841,0.6162918660661746,0.3837081339338254,0.1095,0.020368522752890694,2.3268210887908936,historical_image_averaged_path_dice,confusion_replay_zero_credit,,,,,,,,,,
EDF-Dynamic-Reservation,40000,36886,0,3114,0,0,250,10,1000,404,edf_dynamic_reservation,10000,1494,0.1494,0.6095897549206163,0.5621331925000463,0.5855530400000012,36886,0.5652563561131508,10000,10000,0.41288895443268775,9560,0.43580262030695116,0.6202135566360544,0.3797864433639456,0.108,0.02291366587426341,2.5077927112579346,historical_image_averaged_path_dice,confusion_replay_zero_credit,,,,,,,,,,
EDF-Dynamic-Reservation,40000,36933,0,3067,0,0,250,10,1000,505,edf_dynamic_reservation,10000,1507,0.1507,0.6097130669049867,0.5629633175000468,0.5846581200000012,36933,0.5643743162183592,10000,10000,0.4118839390391977,9640,0.432197487559965,0.6237248837809864,0.37627511621901355,0.104,0.020313548520767333,2.574263334274292,historical_image_averaged_path_dice,confusion_replay_zero_credit,,,,,,,,,,
EDF-Dynamic-Reservation,40000,36980,0,3020,0,0,250,10,1000,606,edf_dynamic_reservation,10000,1558,0.1558,0.6094178772309934,0.5634068275000533,0.5811472800000012,36980,0.5652714374050337,10000,10000,0.41717826020824267,9793,0.43309299419019504,0.6135611365300063,0.3864388634699937,0.0904,0.015914733981952367,2.4384498596191406,historical_image_averaged_path_dice,confusion_replay_zero_credit,,,,,,,,,,
EDF-Dynamic-Reservation,40000,37015,0,2985,0,0,250,10,1000,707,edf_dynamic_reservation,10000,1590,0.159,0.6093064433338381,0.5638369500000504,0.5789444000000011,37015,0.5647067078101865,10000,10000,0.4093112304479003,9684,0.43230972907178766,0.60898650607387,0.39101349392613005,0.0956,0.022998498623887365,2.406125068664551,historical_image_averaged_path_dice,confusion_replay_zero_credit,,,,,,,,,,
EDF-Dynamic-Reservation,40000,36630,0,3370,0,0,250,10,1000,808,edf_dynamic_reservation,10000,1657,0.1657,0.6102633278733731,0.5588486425000415,0.5743321200000011,36630,0.5590961567755,10000,10000,0.41569555666970553,9672,0.4378487684597452,0.5987384037538253,0.40126159624617475,0.0941,0.02215321179003965,2.35884428024292,historical_image_averaged_path_dice,confusion_replay_zero_credit,,,,,,,,,,
EDF-Dynamic-Reservation,40000,37113,0,2887,0,0,250,10,1000,909,edf_dynamic_reservation,10000,1513,0.1513,0.6091462425565782,0.5651811125000572,0.5842450800000012,37113,0.5666988711457689,10000,10000,0.41305450178003295,9640,0.43417653028998276,0.6164697007950263,0.3835302992049737,0.094,0.02112202850994982,2.3574423789978027,historical_image_averaged_path_dice,confusion_replay_zero_credit,,,,,,,,,,
EDF-Dynamic-Reservation,40000,36885,0,3115,0,0,250,10,1000,1010,edf_dynamic_reservation,10000,1748,0.1748,0.6096895919751104,0.5622100150000486,0.5680676800000011,36885,0.5637009732663412,10000,10000,0.41770333469079707,9700,0.4396245796569994,0.6116797357676785,0.38832026423232147,0.088,0.021921244966202347,2.444805860519409,historical_image_averaged_path_dice,confusion_replay_zero_credit,,,,,,,,,,
EDF-Dynamic-Reservation,16000,16000,0,0,0,0,300,4,1000,101,edf_dynamic_reservation,4000,0,0.0,0.6883999999997684,0.6883999999997684,0.6884000000000013,16000,0.6884000000000001,4000,4000,0.49488550059855724,4000,0.49488550059855724,0.6317481685495717,0.3682518314504283,0.066,0.0,0.2511768341064453,historical_image_averaged_path_dice,confusion_replay_zero_credit,,,,,,,,,,
EDF-Dynamic-Reservation,16000,16000,0,0,0,0,300,4,1000,202,edf_dynamic_reservation,4000,0,0.0,0.6883999999997684,0.6883999999997684,0.6884000000000013,16000,0.6883999999999993,4000,4000,0.494885500598558,4000,0.494885500598558,0.6317481685495717,0.3682518314504283,0.066,0.0,0.24629640579223633,historical_image_averaged_path_dice,confusion_replay_zero_credit,,,,,,,,,,
EDF-Dynamic-Reservation,16000,16000,0,0,0,0,300,4,1000,303,edf_dynamic_reservation,4000,0,0.0,0.6883999999997684,0.6883999999997684,0.6884000000000013,16000,0.6884000000000002,4000,4000,0.4948855005985574,4000,0.4948855005985574,0.6317481685495717,0.3682518314504283,0.066,0.0,0.24312520027160645,historical_image_averaged_path_dice,confusion_replay_zero_credit,,,,,,,,,,
EDF-Dynamic-Reservation,16000,16000,0,0,0,0,300,4,1000,404,edf_dynamic_reservation,4000,0,0.0,0.6883999999997684,0.6883999999997684,0.6884000000000013,16000,0.6884000000000008,4000,4000,0.49488550059855746,4000,0.49488550059855746,0.6317481685495717,0.3682518314504283,0.066,0.0,0.241621732711792,historical_image_averaged_path_dice,confusion_replay_zero_credit,,,,,,,,,,
EDF-Dynamic-Reservation,16000,16000,0,0,0,0,300,4,1000,505,edf_dynamic_reservation,4000,0,0.0,0.6883999999997684,0.6883999999997684,0.6884000000000013,16000,0.6884000000000001,4000,4000,0.4948855005985575,4000,0.4948855005985575,0.6317481685495717,0.3682518314504283,0.066,0.0,0.23966360092163086,historical_image_averaged_path_dice,confusion_replay_zero_credit,,,,,,,,,,
EDF-Dynamic-Reservation,16000,16000,0,0,0,0,300,4,1000,606,edf_dynamic_reservation,4000,0,0.0,0.6883999999997684,0.6883999999997684,0.6884000000000013,16000,0.6884000000000003,4000,4000,0.494885500598558,4000,0.494885500598558,0.6317481685495717,0.3682518314504283,0.066,0.0,0.24082565307617188,historical_image_averaged_path_dice,confusion_replay_zero_credit,,,,,,,,,,
EDF-Dynamic-Reservation,16000,16000,0,0,0,0,300,4,1000,707,edf_dynamic_reservation,4000,0,0.0,0.6883999999997684,0.6883999999997684,0.6884000000000013,16000,0.6884000000000003,4000,4000,0.49488550059855785,4000,0.49488550059855785,0.6317481685495717,0.3682518314504283,0.066,0.0,0.23323631286621094,historical_image_averaged_path_dice,confusion_replay_zero_credit,,,,,,,,,,
EDF-Dynamic-Reservation,16000,16000,0,0,0,0,300,4,1000,808,edf_dynamic_reservation,4000,0,0.0,0.6883999999997684,0.6883999999997684,0.6884000000000013,16000,0.6884000000000011,4000,4000,0.4948855005985572,4000,0.4948855005985572,0.6317481685495717,0.3682518314504283,0.066,0.0,0.23387503623962402,historical_image_averaged_path_dice,confusion_replay_zero_credit,,,,,,,,,,
EDF-Dynamic-Reservation,16000,16000,0,0,0,0,300,4,1000,909,edf_dynamic_reservation,4000,0,0.0,0.6883999999997684,0.6883999999997684,0.6884000000000013,16000,0.6884000000000002,4000,4000,0.49488550059855696,4000,0.49488550059855696,0.6317481685495717,0.3682518314504283,0.066,0.0,0.26947832107543945,historical_image_averaged_path_dice,confusion_replay_zero_credit,,,,,,,,,,
EDF-Dynamic-Reservation,16000,16000,0,0,0,0,300,4,1000,1010,edf_dynamic_reservation,4000,0,0.0,0.6883999999997684,0.6883999999997684,0.6884000000000013,16000,0.6884000000000012,4000,4000,0.49488550059855746,4000,0.49488550059855746,0.6317481685495717,0.3682518314504283,0.066,0.0,0.22485780715942383,historical_image_averaged_path_dice,confusion_replay_zero_credit,,,,,,,,,,
EDF-Dynamic-Reservation,24000,24000,0,0,0,0,300,6,1000,101,edf_dynamic_reservation,6000,0,0.0,0.6785656166662675,0.6785656166662675,0.6884000000000013,24000,0.6796423260608218,6000,6000,0.4943275140220729,6000,0.4943275140220729,0.6344269131960183,0.3655730868039817,0.064,0.0,0.42752647399902344,historical_image_averaged_path_dice,confusion_replay_zero_credit,,,,,,,,,,
EDF-Dynamic-Reservation,24000,24000,0,0,0,0,300,6,1000,202,edf_dynamic_reservation,6000,0,0.0,0.6785859666662677,0.6785859666662677,0.6884000000000013,24000,0.6797105650749468,6000,6000,0.49506443766451147,6000,0.49506443766451147,0.6359181147524026,0.36408188524759744,0.06733333333333333,0.0,0.42625856399536133,historical_image_averaged_path_dice,confusion_replay_zero_credit,,,,,,,,,,
EDF-Dynamic-Reservation,24000,24000,0,0,0,0,300,6,1000,303,edf_dynamic_reservation,6000,0,0.0,0.6786430999996007,0.6786430999996007,0.6884000000000013,24000,0.6797705590883668,6000,6000,0.49348310319234184,6000,0.49348310319234184,0.6345762971157968,0.3654237028842032,0.06466666666666666,0.0,0.4376981258392334,historical_image_averaged_path_dice,confusion_replay_zero_credit,,,,,,,,,,
EDF-Dynamic-Reservation,24000,24000,0,0,0,0,300,6,1000,404,edf_dynamic_reservation,6000,0,0.0,0.6786582499996007,0.6786582499996007,0.6884000000000013,24000,0.6797834668485128,6000,6000,0.4924913148797237,6000,0.4924913148797237,0.6355857444604104,0.3644142555395896,0.06466666666666666,0.0,0.42235636711120605,historical_image_averaged_path_dice,confusion_replay_zero_credit,,,,,,,,,,
EDF-Dynamic-Reservation,24000,24000,0,0,0,0,300,6,1000,505,edf_dynamic_reservation,6000,0,0.0,0.6784786333329352,0.6784786333329352,0.6884000000000013,24000,0.6796255206750292,6000,6000,0.49491099515831555,6000,0.49491099515831555,0.6366046433533786,0.36339535664662137,0.06466666666666666,0.0,0.4314157962799072,historical_image_averaged_path_dice,confusion_replay_zero_credit,,,,,,,,,,
EDF-Dynamic-Reservation,24000,24000,0,0,0,0,300,6,1000,606,edf_dynamic_reservation,6000,0,0.0,0.6785206166662683,0.6785206166662683,0.6884000000000013,24000,0.6797452856704592,6000,6000,0.49417335737215057,6000,0.49417335737215057,0.6365768107415088,0.36342318925849115,0.06533333333333333,0.0,0.4191465377807617,historical_image_averaged_path_dice,confusion_replay_zero_credit,,,,,,,,,,
EDF-Dynamic-Reservation,24000,24000,0,0,0,0,300,6,1000,707,edf_dynamic_reservation,6000,0,0.0,0.6784448666662686,0.6784448666662686,0.6884000000000013,24000,0.6796837741802859,6000,6000,0.49381619887720846,6000,0.49381619887720846,0.6352911528864054,0.36470884711359464,0.06466666666666666,0.0,0.4283170700073242,historical_image_averaged_path_dice,confusion_replay_zero_credit,,,,,,,,,,
EDF-Dynamic-Reservation,24000,24000,0,0,0,0,300,6,1000,808,edf_dynamic_reservation,6000,0,0.0,0.6785457166662681,0.6785457166662681,0.6884000000000013,24000,0.6797487081003449,6000,6000,0.4931585099314496,6000,0.4931585099314496,0.6362274056821335,0.36377259431786646,0.06666666666666667,0.0,0.4283440113067627,historical_image_averaged_path_dice,confusion_replay_zero_credit,,,,,,,,,,
EDF-Dynamic-Reservation,24000,24000,0,0,0,0,300,6,1000,909,edf_dynamic_reservation,6000,0,0.0,0.6786344333329337,0.6786344333329337,0.6884000000000013,24000,0.6797932010274313,6000,6000,0.4944325282045312,6000,0.4944325282045312,0.6356959758906388,0.36430402410936125,0.06333333333333334,0.0,0.42142438888549805,historical_image_averaged_path_dice,confusion_replay_zero_credit,,,,,,,,,,
EDF-Dynamic-Reservation,24000,24000,0,0,0,0,300,6,1000,1010,edf_dynamic_reservation,6000,0,0.0,0.6786145333329342,0.6786145333329342,0.6884000000000013,24000,0.6798143416696139,6000,6000,0.4935211116480341,6000,0.4935211116480341,0.6340592369748528,0.3659407630251472,0.06733333333333333,0.0,0.43611741065979004,historical_image_averaged_path_dice,confusion_replay_zero_credit,,,,,,,,,,
EDF-Dynamic-Reservation,32000,31592,0,408,0,0,300,8,1000,101,edf_dynamic_reservation,8000,304,0.038,0.642811192706771,0.6346153499997597,0.6622408000000013,31592,0.6378608251151344,8000,8000,0.46290377642495023,7992,0.4652985585599131,0.6409999018302841,0.3590000981697159,0.057,0.0023947821349628584,0.9585599899291992,historical_image_averaged_path_dice,confusion_replay_zero_credit,,,,,,,,,,
EDF-Dynamic-Reservation,32000,31688,0,312,0,0,300,8,1000,202,edf_dynamic_reservation,8000,280,0.035,0.6425062105526488,0.6362417749997604,0.6643060000000013,31688,0.6396521153745348,8000,8000,0.46453651086387665,8000,0.4657002788753064,0.6409248835996486,0.3590751164003514,0.058,0.0011637680114297555,0.9699769020080566,historical_image_averaged_path_dice,confusion_replay_zero_credit,,,,,,,,,,
EDF-Dynamic-Reservation,32000,31632,0,368,0,0,300,8,1000,303,edf_dynamic_reservation,8000,320,0.04,0.6427255184620733,0.6353341749997594,0.6608640000000012,31632,0.6386956861716565,8000,8000,0.46231798251930967,8000,0.4631186949571148,0.6465117893091613,0.3534882106908387,0.065,0.0008007124378051067,0.958388090133667,historical_image_averaged_path_dice,confusion_replay_zero_credit,,,,,,,,,,
EDF-Dynamic-Reservation,32000,31592,0,408,0,0,300,8,1000,404,edf_dynamic_reservation,8000,368,0.046,0.6429261838437671,0.6347288749997592,0.6567336000000012,31592,0.6380246536207302,8000,8000,0.4628176113872496,8000,0.46393315325465506,0.6429821305564904,0.35701786944350955,0.061,0.0011155418674054784,0.9684431552886963,historical_image_averaged_path_dice,confusion_replay_zero_credit,,,,,,,,,,
EDF-Dynamic-Reservation,32000,31528,0,472,0,0,300,8,1000,505,edf_dynamic_reservation,8000,416,0.052,0.643150393300947,0.633663924999758,0.6526032000000013,31528,0.6362686043472285,8000,8000,0.4620893450291421,8000,0.4639804546977866,0.644986985300342,0.35501301469965796,0.061,0.001891109668644475,0.9678776264190674,historical_image_averaged_path_dice,confusion_replay_zero_credit,,,,,,,,,,
EDF-Dynamic-Reservation,32000,31584,0,416,0,0,300,8,1000,606,edf_dynamic_reservation,8000,328,0.041,0.6427655775073543,0.6344096249997586,0.6601756000000013,31584,0.6377698517974006,8000,8000,0.4590094711537199,7992,0.4610196482900321,0.6403896175510637,0.3596103824489363,0.068,0.002010177136312241,0.9991881847381592,historical_image_averaged_path_dice,confusion_replay_zero_credit,,,,,,,,,,
EDF-Dynamic-Reservation,32000,31552,0,448,0,0,300,8,1000,707,edf_dynamic_reservation,8000,344,0.043,0.6428504817441775,0.633850574999759,0.6587988000000012,31552,0.6371423782782126,8000,8000,0.46148661298150945,7992,0.46363264631481693,0.6383520086587173,0.36164799134128267,0.06,0.0021460333333074844,0.9839949607849121,historical_image_averaged_path_dice,confusion_replay_zero_credit,,,,,,,,,,
EDF-Dynamic-Reservation,32000,31576,0,424,0,0,300,8,1000,808,edf_dynamic_reservation,8000,360,0.045,0.6428980744867078,0.6343796749997589,0.6574220000000013,31576,0.637520645767362,8000,8000,0.4647495563268017,8000,0.4666329340827365,0.6455049521305177,0.35449504786948227,0.064,0.0018833777559347786,1.0107090473175049,historical_image_averaged_path_dice,confusion_replay_zero_credit,,,,,,,,,,
EDF-Dynamic-Reservation,32000,31600,0,400,0,0,300,8,1000,909,edf_dynamic_reservation,8000,328,0.041,0.6428299493668441,0.6347945749997586,0.6601756000000013,31600,0.6380615291278968,8000,8000,0.4620983517645795,8000,0.46369857688094385,0.6398705379659219,0.36012946203407814,0.061,0.0016002251163643733,0.9790196418762207,historical_image_averaged_path_dice,confusion_replay_zero_credit,,,,,,,,,,
EDF-Dynamic-Reservation,32000,31616,0,384,0,0,300,8,1000,1010,edf_dynamic_reservation,8000,312,0.039,0.6427772520240476,0.635063924999759,0.6615524000000013,31616,0.6387805530888592,8000,8000,0.46603171213228356,7992,0.467544080941849,0.6433127527241684,0.35668724727583156,0.06,0.0015123688095654564,0.9692142009735107,historical_image_averaged_path_dice,confusion_replay_zero_credit,,,,,,,,,,
EDF-Dynamic-Reservation,40000,39480,0,520,0,0,300,10,1000,101,edf_dynamic_reservation,10000,480,0.048,0.620569452887522,0.6125020499999843,0.6553568000000013,39480,0.6177456298110859,10000,10000,0.4457360378619796,10000,0.44728694108965367,0.6520032762803255,0.3479967237196745,0.05,0.0015509032276740942,2.0483486652374268,historical_image_averaged_path_dice,confusion_replay_zero_credit,,,,,,,,,,
EDF-Dynamic-Reservation,40000,39260,0,740,0,0,300,10,1000,202,edf_dynamic_reservation,10000,640,0.064,0.621046510443178,0.6095571499999792,0.6443424000000013,39260,0.6148345160333086,10000,10000,0.44296131433751823,10000,0.4449383833465963,0.6500937063320951,0.34990629366790493,0.062,0.0019770690090780696,2.0166397094726562,historical_image_averaged_path_dice,confusion_replay_zero_credit,,,,,,,,,,
EDF-Dynamic-Reservation,40000,39400,0,600,0,0,300,10,1000,303,edf_dynamic_reservation,10000,460,0.046,0.6206206091370385,0.6113112999999829,0.6567336000000012,39400,0.6169285533767702,10000,10000,0.4451076953503941,10000,0.44699657812980303,0.6388945282211557,0.36110547177884433,0.056,0.0018888827794089624,2.066490888595581,historical_image_averaged_path_dice,confusion_replay_zero_credit,,,,,,,,,,
EDF-Dynamic-Reservation,40000,39360,0,640,0,0,300,10,1000,404,edf_dynamic_reservation,10000,600,0.06,0.6209999491869747,0.611063949999983,0.6470960000000012,39360,0.6152895721469991,10000,10000,0.44723367908708067,10000,0.4488521782664907,0.6476647683066944,0.3523352316933056,0.06,0.0016184991794100378,2.0755395889282227,historical_image_averaged_path_dice,confusion_replay_zero_credit,,,,,,,,,,
EDF-Dynamic-Reservation,40000,39420,0,580,0,0,300,10,1000,505,edf_dynamic_reservation,10000,520,0.052,0.6208549467275316,0.6118525499999824,0.6526032000000013,39420,0.6166555160717794,10000,10000,0.4506516603309301,10000,0.451890424863315,0.6495552153547657,0.3504447846452343,0.05,0.0012387645323848617,2.0876195430755615,historical_image_averaged_path_dice,confusion_replay_zero_credit,,,,,,,,,,
EDF-Dynamic-Reservation,40000,39460,0,540,0,0,300,10,1000,606,edf_dynamic_reservation,10000,500,0.05,0.6204302078053578,0.6120543999999856,0.6539800000000013,39460,0.6168158355293939,10000,10000,0.4462265335094302,10000,0.447919609748585,0.6464233458959248,0.35357665410407524,0.056,0.0016930762391548226,2.0720090866088867,historical_image_averaged_path_dice,confusion_replay_zero_credit,,,,,,,,,,
EDF-Dynamic-Reservation,40000,39340,0,660,0,0,300,10,1000,707,edf_dynamic_reservation,10000,580,0.058,0.6209296898830492,0.6106843499999789,0.6484728000000013,39340,0.6153447820823148,10000,10000,0.4502366580543586,9960,0.45354287332136006,0.6526149618065403,0.34738503819345967,0.054,0.0033062152670014777,2.0903079509735107,historical_image_averaged_path_dice,confusion_replay_zero_credit,,,,,,,,,,
EDF-Dynamic-Reservation,40000,39460,0,540,0,0,300,10,1000,808,edf_dynamic_reservation,10000,500,0.05,0.6205743030917227,0.6121965499999844,0.6539800000000013,39460,0.6174220067516266,10000,10000,0.45283074752472874,10000,0.4546818622757873,0.6534853834689617,0.3465146165310383,0.058,0.0018511147510585357,2.022094964981079,historical_image_averaged_path_dice,confusion_replay_zero_credit,,,,,,,,,,
EDF-Dynamic-Reservation,40000,39540,0,460,0,0,300,10,1000,909,edf_dynamic_reservation,10000,400,0.04,0.6204800708143495,0.6133445499999846,0.6608640000000013,39540,0.6192034709746075,10000,10000,0.4432176077891144,9980,0.4461872860661434,0.648816758188702,0.351183241811298,0.062,0.0029696782770289865,2.037576675415039,historical_image_averaged_path_dice,confusion_replay_zero_credit,,,,,,,,,,
EDF-Dynamic-Reservation,40000,39540,0,460,0,0,300,10,1000,1010,edf_dynamic_reservation,10000,380,0.038,0.6201324228629124,0.6130008999999889,0.6622408000000013,39540,0.6192452240778373,10000,10000,0.4522427712210445,9980,0.45442540394998343,0.6497368829062786,0.3502631170937214,0.056,0.002182632728938927,2.0530145168304443,historical_image_averaged_path_dice,confusion_replay_zero_credit,,,,,,,,,,
HBTASP-FixedL3,16000,11929,0,,821,0,100,4,1000,101,,4000,0,0.0,0.6441000000001756,0.44716642500012194,0.6440999999999828,11108,0.49679610711933064,4000,4000,0.3389480286236693,3170,0.4943570203407248,0.44288092755297515,0.5571190724470249,0.3395,0.15540899171705552,1.4689528942108154,historical_image_averaged_path_dice,confusion_replay_zero_credit,0,4071,0,manuscript_l5,fixed_l3,periodic,0.0,0.0,0.0,0
HBTASP-FixedL3,16000,11913,0,,784,0,100,4,1000,202,,4000,0,0.0,0.6441000000001761,0.4480118062501225,0.6440999999999828,11129,0.49902681826267925,4000,4000,0.3264969027524955,3155,0.47813648691643945,0.4265439021810904,0.5734560978189096,0.356,0.15163958416394396,1.442126750946045,historical_image_averaged_path_dice,confusion_replay_zero_credit,0,4087,0,manuscript_l5,fixed_l3,periodic,0.0,0.0,0.0,0
HBTASP-FixedL3,16000,11913,0,,800,0,100,4,1000,303,,4000,0,0.0,0.6441000000001758,0.44736770625012207,0.6440999999999828,11113,0.4966170616937816,4000,4000,0.32361577132736374,3136,0.48359492351096595,0.39258006539867,0.60741993460133,0.347,0.1599791521836022,1.4283390045166016,historical_image_averaged_path_dice,confusion_replay_zero_credit,0,4087,0,manuscript_l5,fixed_l3,periodic,0.0,0.0,0.0,0
HBTASP-FixedL3,16000,11929,0,,800,0,100,4,1000,404,,4000,0,0.0,0.6441000000001761,0.4480118062501225,0.6440999999999828,11129,0.4987957116086976,4000,4000,0.3304582549431233,3200,0.4880677142155785,0.40612454975667345,0.5938754502433266,0.34125,0.15760945927245518,1.4040663242340088,historical_image_averaged_path_dice,confusion_replay_zero_credit,0,4071,0,manuscript_l5,fixed_l3,periodic,0.0,0.0,0.0,0
HBTASP-FixedL3,16000,11914,0,,792,0,100,4,1000,505,,4000,0,0.0,0.644100000000176,0.4477300125001223,0.6440999999999828,11122,0.4981616769057309,4000,4000,0.33338114637899485,3180,0.4919227742713093,0.4329595321516535,0.5670404678483465,0.33675,0.15854162789231446,1.410949468612671,historical_image_averaged_path_dice,confusion_replay_zero_credit,0,4086,0,manuscript_l5,fixed_l3,periodic,0.0,0.0,0.0,0
HBTASP-FixedL3,16000,11856,0,,693,0,100,4,1000,606,,4000,0,0.0,0.6441000000001769,0.4493805187501234,0.6440999999999828,11163,0.4979916625334776,4000,4000,0.3331799861036715,3226,0.48202554577212353,0.41873040469414446,0.5812695953058555,0.3235,0.14884555966845203,1.4216134548187256,historical_image_averaged_path_dice,confusion_replay_zero_credit,0,4144,0,manuscript_l5,fixed_l3,periodic,0.0,0.0,0.0,0
HBTASP-FixedL3,16000,11889,0,,747,0,100,4,1000,707,,4000,0,0.0,0.6441000000001764,0.44853513750012286,0.6440999999999828,11142,0.4975624707868402,4000,4000,0.32572721192239934,3193,0.4776801273460654,0.4157440485537029,0.584255951446297,0.34075,0.15195291542366607,1.4116389751434326,historical_image_averaged_path_dice,confusion_replay_zero_credit,0,4111,0,manuscript_l5,fixed_l3,periodic,0.0,0.0,0.0,0
HBTASP-FixedL3,16000,11914,0,,785,0,100,4,1000,808,,4000,0,0.0,0.6441000000001761,0.4480118062501225,0.6440999999999828,11129,0.4980211365486971,4000,4000,0.3257920771120271,3145,0.48590817689112514,0.42884983956958306,0.571150160430417,0.34475,0.16011609977909802,1.4357366561889648,historical_image_averaged_path_dice,confusion_replay_zero_credit,0,4086,0,manuscript_l5,fixed_l3,periodic,0.0,0.0,0.0,0
HBTASP-FixedL3,16000,11911,0,,787,0,100,4,1000,909,,4000,0,0.0,0.644100000000176,0.44781052500012236,0.6440999999999828,11124,0.49884540017470175,4000,4000,0.3239977839627587,3131,0.48401341639880524,0.42237433719986833,0.5776256628001317,0.3445,0.16001563243604655,1.4362804889678955,historical_image_averaged_path_dice,confusion_replay_zero_credit,0,4089,0,manuscript_l5,fixed_l3,periodic,0.0,0.0,0.0,0
HBTASP-FixedL3,16000,11930,0,,829,0,100,4,1000,1010,,4000,0,0.0,0.6441000000001754,0.44688463125012173,0.6440999999999828,11101,0.4985576378689551,4000,4000,0.32896819339109656,3182,0.48089180885827243,0.41552239394641516,0.5844776060535848,0.339,0.15192361546717587,1.525202989578247,historical_image_averaged_path_dice,confusion_replay_zero_credit,0,4070,0,manuscript_l5,fixed_l3,periodic,0.0,0.0,0.0,0
HBTASP-FixedL3,24000,11853,0,,689,0,100,6,1000,101,,6000,0,0.0,0.644100000000177,0.2996138500000823,0.6440999999999819,11164,0.3652413985417854,6000,6000,0.20082661787165143,3803,0.4374932989844846,0.2430931436627382,0.7569068563372618,0.5226666666666666,0.23666668111283315,1.8115770816802979,historical_image_averaged_path_dice,confusion_replay_zero_credit,0,12147,0,manuscript_l5,fixed_l3,periodic,0.0,0.0,0.0,0
HBTASP-FixedL3,24000,11857,0,,693,0,100,6,1000,202,,6000,0,0.0,0.644100000000177,0.2996138500000823,0.6440999999999819,11164,0.36522620928056526,6000,6000,0.1992821454414507,3799,0.44193129443019674,0.24558517901603502,0.754414820983965,0.5225,0.24264914898874604,1.7516987323760986,historical_image_averaged_path_dice,confusion_replay_zero_credit,0,12143,0,manuscript_l5,fixed_l3,periodic,0.0,0.0,0.0,0
HBTASP-FixedL3,24000,11805,0,,580,0,100,6,1000,303,,6000,0,0.0,0.6441000000001783,0.3012509375000834,0.6440999999999819,11225,0.36696426890313694,6000,6000,0.203242917298732,3813,0.4386086079158335,0.24689204790407382,0.7531079520959262,0.5245,0.2353656906171015,1.7934963703155518,historical_image_averaged_path_dice,confusion_replay_zero_credit,0,12195,0,manuscript_l5,fixed_l3,periodic,0.0,0.0,0.0,0
HBTASP-FixedL3,24000,11844,0,,659,0,100,6,1000,404,,6000,0,0.0,0.6441000000001774,0.3001774375000827,0.6440999999999819,11185,0.3654884518586159,6000,6000,0.20135910981422325,3814,0.43864453082829513,0.24331730196869983,0.7566826980313002,0.5236666666666666,0.23728542101407188,1.6715095043182373,historical_image_averaged_path_dice,confusion_replay_zero_credit,0,12156,0,manuscript_l5,fixed_l3,periodic,0.0,0.0,0.0,0
HBTASP-FixedL3,24000,11877,0,,724,0,100,6,1000,505,,6000,0,0.0,0.6441000000001766,0.2993186375000821,0.6440999999999819,11153,0.36495063209597517,6000,6000,0.2004998650751771,3777,0.43917502887529003,0.2535512063596392,0.7464487936403608,0.5295,0.23867516380011292,1.7267560958862305,historical_image_averaged_path_dice,confusion_replay_zero_credit,0,12123,0,manuscript_l5,fixed_l3,periodic,0.0,0.0,0.0,0
HBTASP-FixedL3,24000,11869,0,,707,0,100,6,1000,606,,6000,0,0.0,0.6441000000001769,0.29956017500008225,0.6440999999999819,11162,0.3649143985405846,6000,6000,0.19994365856128055,3860,0.4331350082366645,0.23990586312789705,0.7600941368721029,0.5225,0.23319134967538396,1.7456722259521484,historical_image_averaged_path_dice,confusion_replay_zero_credit,0,12131,0,manuscript_l5,fixed_l3,periodic,0.0,0.0,0.0,0
HBTASP-FixedL3,24000,11837,0,,663,0,100,6,1000,707,,6000,0,0.0,0.6441000000001772,0.2998822250000825,0.6440999999999819,11174,0.3652126482892333,6000,6000,0.2010885451503968,3780,0.4409229745978424,0.24876172352611003,0.75123827647389,0.5215,0.2398344294474456,1.6821353435516357,historical_image_averaged_path_dice,confusion_replay_zero_credit,0,12163,0,manuscript_l5,fixed_l3,periodic,0.0,0.0,0.0,0
HBTASP-FixedL3,24000,11865,0,,699,0,100,6,1000,808,,6000,0,0.0,0.644100000000177,0.2996675250000823,0.6440999999999819,11166,0.3651609597257046,6000,6000,0.20090090195274857,3769,0.4407576983160804,0.24671120461549878,0.7532887953845012,0.5283333333333333,0.23985679636333185,1.6754100322723389,historical_image_averaged_path_dice,confusion_replay_zero_credit,0,12135,0,manuscript_l5,fixed_l3,periodic,0.0,0.0,0.0,0
HBTASP-FixedL3,24000,11858,0,,695,0,100,6,1000,909,,6000,0,0.0,0.6441000000001769,0.2995870125000823,0.6440999999999819,11163,0.3652211955221137,6000,6000,0.1993653383345551,3776,0.4405253949249963,0.24280624520948685,0.7571937547905132,0.5316666666666666,0.2411600565904412,1.6297826766967773,historical_image_averaged_path_dice,confusion_replay_zero_credit,0,12142,0,manuscript_l5,fixed_l3,periodic,0.0,0.0,0.0,0
HBTASP-FixedL3,24000,11841,0,,668,0,100,6,1000,1010,,6000,0,0.0,0.6441000000001772,0.29985538750008245,0.6440999999999819,11173,0.3655758427362705,6000,6000,0.20195520772725944,3785,0.44214793615273557,0.2509770332045807,0.7490229667954194,0.5265,0.24019272842547612,1.686706304550171,historical_image_averaged_path_dice,confusion_replay_zero_credit,0,12159,0,manuscript_l5,fixed_l3,periodic,0.0,0.0,0.0,0
HBTASP-FixedL3,32000,11768,0,,536,0,100,8,1000,101,,8000,0,0.0,0.6441000000001785,0.22607910000006265,0.6441000000000748,11232,0.2890344934836181,8000,8000,0.13708303480282935,4342,0.40771303853570845,0.1585988325469453,0.8414011674530547,0.630125,0.2706300037328791,1.8963730335235596,historical_image_averaged_path_dice,confusion_replay_zero_credit,0,20232,0,manuscript_l5,fixed_l3,periodic,0.0,0.0,0.0,0
HBTASP-FixedL3,32000,11816,0,,606,0,100,8,1000,202,,8000,0,0.0,0.644100000000178,0.22563628125006235,0.6441000000000748,11210,0.28856824750270804,8000,8000,0.1336390527632153,4379,0.4022434978279551,0.14948104199364148,0.8505189580063586,0.62575,0.2686044450647398,1.9091441631317139,historical_image_averaged_path_dice,confusion_replay_zero_credit,0,20184,0,manuscript_l5,fixed_l3,periodic,0.0,0.0,0.0,0
HBTASP-FixedL3,32000,11817,0,,642,0,100,8,1000,303,,8000,0,0.0,0.6441000000001772,0.22493179687506187,0.6441000000000748,11175,0.287454652204158,8000,8000,0.132748304044192,4324,0.39645330374975163,0.15223201954887924,0.8477679804511208,0.63925,0.2637049997055596,1.9402129650115967,historical_image_averaged_path_dice,confusion_replay_zero_credit,0,20183,0,manuscript_l5,fixed_l3,periodic,0.0,0.0,0.0,0
HBTASP-FixedL3,32000,11833,0,,640,0,100,8,1000,404,,8000,0,0.0,0.6441000000001776,0.22529410312506212,0.6441000000000748,11193,0.28793508240136356,8000,8000,0.13132191856874084,4331,0.3963006948156969,0.14396503835171812,0.8560349616482819,0.63325,0.2649787762469561,1.932490348815918,historical_image_averaged_path_dice,confusion_replay_zero_credit,0,20167,0,manuscript_l5,fixed_l3,periodic,0.0,0.0,0.0,0
HBTASP-FixedL3,32000,11832,0,,638,0,100,8,1000,505,,8000,0,0.0,0.6441000000001776,0.22531423125006214,0.6441000000000748,11194,0.28803705466310714,8000,8000,0.13195371405216214,4288,0.407087953900744,0.14836397510198399,0.851636024898016,0.637125,0.2751342398485819,1.9358022212982178,historical_image_averaged_path_dice,confusion_replay_zero_credit,0,20168,0,manuscript_l5,fixed_l3,periodic,0.0,0.0,0.0,0
HBTASP-FixedL3,32000,11776,0,,543,0,100,8,1000,606,,8000,0,0.0,0.6441000000001785,0.22609922812506267,0.6441000000000748,11233,0.28908594366748913,8000,8000,0.13409133027847786,4308,0.4074574109582507,0.1451203201338339,0.8548796798661661,0.6305,0.27336608067977286,2.0191810131073,historical_image_averaged_path_dice,confusion_replay_zero_credit,0,20224,0,manuscript_l5,fixed_l3,periodic,0.0,0.0,0.0,0
HBTASP-FixedL3,32000,11808,0,,583,0,100,8,1000,707,,8000,0,0.0,0.6441000000001783,0.22593820312506255,0.6441000000000748,11225,0.2885642279876894,8000,8000,0.13717043075909705,4270,0.4120901503526022,0.15547695212458307,0.8445230478754169,0.62925,0.27491971959350514,2.003185987472534,historical_image_averaged_path_dice,confusion_replay_zero_credit,0,20192,0,manuscript_l5,fixed_l3,periodic,0.0,0.0,0.0,0
HBTASP-FixedL3,32000,11816,0,,605,0,100,8,1000,808,,8000,0,0.0,0.644100000000178,0.22565640937506237,0.6441000000000748,11211,0.28845340683875464,8000,8000,0.1390046330955621,4316,0.41129648564446564,0.159357576884568,0.840642423115432,0.628625,0.27229185254890353,1.973832130432129,historical_image_averaged_path_dice,confusion_replay_zero_credit,0,20184,0,manuscript_l5,fixed_l3,periodic,0.0,0.0,0.0,0
HBTASP-FixedL3,32000,11792,0,,562,0,100,8,1000,909,,8000,0,0.0,0.6441000000001784,0.2260388437500626,0.6441000000000748,11230,0.2890616142777724,8000,8000,0.13914121466803175,4344,0.41249177205725857,0.14732537289037112,0.8526746271096288,0.62,0.2733505573892268,1.9795854091644287,historical_image_averaged_path_dice,confusion_replay_zero_credit,0,20208,0,manuscript_l5,fixed_l3,periodic,0.0,0.0,0.0,0
HBTASP-FixedL3,32000,11811,0,,602,0,100,8,1000,1010,,8000,0,0.0,0.644100000000178,0.22561615312506234,0.6441000000000748,11209,0.28827764582932797,8000,8000,0.13472717312017743,4291,0.41248425003465095,0.15230434347003652,0.8476956565299635,0.63125,0.2777570769144735,1.9336216449737549,historical_image_averaged_path_dice,confusion_replay_zero_credit,0,20189,0,manuscript_l5,fixed_l3,periodic,0.0,0.0,0.0,0
HBTASP-FixedL3,40000,11801,0,,552,0,100,10,1000,101,,10000,0,0.0,0.6441000000001789,0.18113702250005032,0.6441000000001469,11249,0.23837456132550158,10000,10000,0.10140782206386065,4833,0.38573216398972154,0.10750525611868925,0.8924947438813108,0.6867,0.28432434192586087,2.199744939804077,historical_image_averaged_path_dice,confusion_replay_zero_credit,0,28199,0,manuscript_l5,fixed_l3,periodic,0.0,0.0,0.0,0
HBTASP-FixedL3,40000,11761,0,,520,0,100,10,1000,202,,10000,0,0.0,0.6441000000001788,0.18100820250005023,0.6441000000001469,11241,0.23784212937174767,10000,10000,0.10238116198641169,4826,0.3917238447518222,0.10823052919906123,0.8917694708009387,0.6884,0.28934268276541053,2.2013423442840576,historical_image_averaged_path_dice,confusion_replay_zero_credit,0,28239,0,manuscript_l5,fixed_l3,periodic,0.0,0.0,0.0,0
HBTASP-FixedL3,40000,11862,0,,705,0,100,10,1000,303,,10000,0,0.0,0.6441000000001768,0.1796555925000493,0.6441000000001469,11157,0.23583285944096805,10000,10000,0.10035823641969327,4777,0.3879292172604173,0.10900187445634707,0.890998125543653,0.6904,0.287570980840724,2.1987030506134033,historical_image_averaged_path_dice,confusion_replay_zero_credit,0,28138,0,manuscript_l5,fixed_l3,periodic,0.0,0.0,0.0,0
HBTASP-FixedL3,40000,11821,0,,621,0,100,10,1000,404,,10000,0,0.0,0.6441000000001778,0.18034800000004977,0.6441000000001469,11200,0.23721005202522785,10000,10000,0.10092890058182774,4845,0.38682737299219366,0.10600443816136282,0.8939955618386372,0.6905,0.2858984724103659,2.2349486351013184,historical_image_averaged_path_dice,confusion_replay_zero_credit,0,28179,0,manuscript_l5,fixed_l3,periodic,0.0,0.0,0.0,0
HBTASP-FixedL3,40000,11801,0,,608,0,100,10,1000,505,,10000,0,0.0,0.6441000000001776,0.1802352825000497,0.6441000000001469,11193,0.23687972809336996,10000,10000,0.10006626731047978,4824,0.37469971357888593,0.1115808819135363,0.8884191180864637,0.6975,0.27463344626840613,2.224652051925659,historical_image_averaged_path_dice,confusion_replay_zero_credit,0,28199,0,manuscript_l5,fixed_l3,periodic,0.0,0.0,0.0,0
HBTASP-FixedL3,40000,11901,0,,774,0,100,10,1000,606,,10000,0,0.0,0.6441000000001761,0.17917251750004898,0.6441000000001469,11127,0.235487632243166,10000,10000,0.1004288239483765,4865,0.3829322761928047,0.10463679224559805,0.8953632077544019,0.6897,0.2825034522444282,2.229515790939331,historical_image_averaged_path_dice,confusion_replay_zero_credit,0,28099,0,manuscript_l5,fixed_l3,periodic,0.0,0.0,0.0,0
HBTASP-FixedL3,40000,11881,0,,735,0,100,10,1000,707,,10000,0,0.0,0.6441000000001765,0.1794784650000492,0.6441000000001469,11146,0.23599780300867085,10000,10000,0.09753277283268967,4768,0.37893675135001664,0.10388520457093364,0.8961147954290664,0.6991,0.28140397851732696,2.1984493732452393,historical_image_averaged_path_dice,confusion_replay_zero_credit,0,28119,0,manuscript_l5,fixed_l3,periodic,0.0,0.0,0.0,0
HBTASP-FixedL3,40000,11800,0,,599,0,100,10,1000,808,,10000,0,0.0,0.6441000000001778,0.18036410250004978,0.6441000000001469,11201,0.23739914051248762,10000,10000,0.09499640811887645,4762,0.3749495011061085,0.10113335329698168,0.8988666467030183,0.6976,0.27995309298723203,2.2041373252868652,historical_image_averaged_path_dice,confusion_replay_zero_credit,0,28200,0,manuscript_l5,fixed_l3,periodic,0.0,0.0,0.0,0
HBTASP-FixedL3,40000,11821,0,,623,0,100,10,1000,909,,10000,0,0.0,0.6441000000001778,0.18031579500004974,0.6441000000001469,11198,0.2369981169093007,10000,10000,0.10303377693537741,4844,0.39189308382891114,0.10805911547849577,0.8919408845215042,0.6857,0.28885930689353373,2.242788314819336,historical_image_averaged_path_dice,confusion_replay_zero_credit,0,28179,0,manuscript_l5,fixed_l3,periodic,0.0,0.0,0.0,0
HBTASP-FixedL3,40000,11841,0,,641,0,100,10,1000,1010,,10000,0,0.0,0.6441000000001778,0.18034800000004977,0.6441000000001469,11200,0.23698678472134047,10000,10000,0.09907020741737735,4782,0.3830438957402022,0.10430813388436959,0.8956918661156305,0.6919,0.2839736883228249,2.220550298690796,historical_image_averaged_path_dice,confusion_replay_zero_credit,0,28159,0,manuscript_l5,fixed_l3,periodic,0.0,0.0,0.0,0
HBTASP-FixedL3,16000,16000,0,,0,0,150,4,1000,101,,4000,0,0.0,0.6441000000000685,0.6441000000000685,0.6440999999999828,16000,0.6440999999999966,4000,4000,0.5365712329758283,4000,0.5365712329758283,0.6530537993946778,0.3469462006053222,0.056,0.0,1.6126768589019775,historical_image_averaged_path_dice,confusion_replay_zero_credit,0,0,0,manuscript_l5,fixed_l3,periodic,0.0,0.0,0.0,0
HBTASP-FixedL3,16000,16000,0,,0,0,150,4,1000,202,,4000,0,0.0,0.6441000000000685,0.6441000000000685,0.6440999999999828,16000,0.6440999999999976,4000,4000,0.5365712329758271,4000,0.5365712329758271,0.6530537993946778,0.3469462006053222,0.056,0.0,1.6364636421203613,historical_image_averaged_path_dice,confusion_replay_zero_credit,0,0,0,manuscript_l5,fixed_l3,periodic,0.0,0.0,0.0,0
HBTASP-FixedL3,16000,16000,0,,0,0,150,4,1000,303,,4000,0,0.0,0.6441000000000685,0.6441000000000685,0.6440999999999828,16000,0.6440999999999989,4000,4000,0.5365712329758282,4000,0.5365712329758282,0.6530537993946778,0.3469462006053222,0.056,0.0,1.6608023643493652,historical_image_averaged_path_dice,confusion_replay_zero_credit,0,0,0,manuscript_l5,fixed_l3,periodic,0.0,0.0,0.0,0
HBTASP-FixedL3,16000,16000,0,,0,0,150,4,1000,404,,4000,0,0.0,0.6441000000000685,0.6441000000000685,0.6440999999999828,16000,0.644099999999999,4000,4000,0.5365712329758273,4000,0.5365712329758273,0.6530537993946778,0.3469462006053222,0.056,0.0,1.6673765182495117,historical_image_averaged_path_dice,confusion_replay_zero_credit,0,0,0,manuscript_l5,fixed_l3,periodic,0.0,0.0,0.0,0
HBTASP-FixedL3,16000,16000,0,,0,0,150,4,1000,505,,4000,0,0.0,0.6441000000000685,0.6441000000000685,0.6440999999999828,16000,0.6440999999999986,4000,4000,0.536571232975828,4000,0.536571232975828,0.6530537993946778,0.3469462006053222,0.056,0.0,1.6735196113586426,historical_image_averaged_path_dice,confusion_replay_zero_credit,0,0,0,manuscript_l5,fixed_l3,periodic,0.0,0.0,0.0,0
HBTASP-FixedL3,16000,16000,0,,0,0,150,4,1000,606,,4000,0,0.0,0.6441000000000685,0.6441000000000685,0.6440999999999828,16000,0.6440999999999967,4000,4000,0.5365712329758265,4000,0.5365712329758265,0.6530537993946778,0.3469462006053222,0.056,0.0,1.6648030281066895,historical_image_averaged_path_dice,confusion_replay_zero_credit,0,0,0,manuscript_l5,fixed_l3,periodic,0.0,0.0,0.0,0
HBTASP-FixedL3,16000,16000,0,,0,0,150,4,1000,707,,4000,0,0.0,0.6441000000000685,0.6441000000000685,0.6440999999999828,16000,0.6440999999999953,4000,4000,0.5365712329758282,4000,0.5365712329758282,0.6530537993946778,0.3469462006053222,0.056,0.0,1.658661127090454,historical_image_averaged_path_dice,confusion_replay_zero_credit,0,0,0,manuscript_l5,fixed_l3,periodic,0.0,0.0,0.0,0
HBTASP-FixedL3,16000,16000,0,,0,0,150,4,1000,808,,4000,0,0.0,0.6441000000000685,0.6441000000000685,0.6440999999999828,16000,0.644099999999998,4000,4000,0.5365712329758269,4000,0.5365712329758269,0.6530537993946778,0.3469462006053222,0.056,0.0,1.6486146450042725,historical_image_averaged_path_dice,confusion_replay_zero_credit,0,0,0,manuscript_l5,fixed_l3,periodic,0.0,0.0,0.0,0
HBTASP-FixedL3,16000,16000,0,,0,0,150,4,1000,909,,4000,0,0.0,0.6441000000000685,0.6441000000000685,0.6440999999999828,16000,0.6440999999999975,4000,4000,0.5365712329758268,4000,0.5365712329758268,0.6530537993946778,0.3469462006053222,0.056,0.0,1.666978120803833,historical_image_averaged_path_dice,confusion_replay_zero_credit,0,0,0,manuscript_l5,fixed_l3,periodic,0.0,0.0,0.0,0
HBTASP-FixedL3,16000,16000,0,,0,0,150,4,1000,1010,,4000,0,0.0,0.6441000000000685,0.6441000000000685,0.6440999999999828,16000,0.644099999999998,4000,4000,0.5365712329758273,4000,0.5365712329758273,0.6530537993946778,0.3469462006053222,0.056,0.0,1.6690726280212402,historical_image_averaged_path_dice,confusion_replay_zero_credit,0,0,0,manuscript_l5,fixed_l3,periodic,0.0,0.0,0.0,0
HBTASP-FixedL3,24000,17428,0,,140,0,150,6,1000,101,,6000,0,0.0,0.644100000000028,0.46396670000002016,0.6440999999999819,17288,0.5144675168467031,6000,6000,0.34433962541768875,4796,0.4899685479940176,0.4561358792507549,0.5438641207492452,0.3325,0.14562892257632887,2.062202215194702,historical_image_averaged_path_dice,confusion_replay_zero_credit,0,6572,0,manuscript_l5,fixed_l3,periodic,0.0,0.0,0.0,0
HBTASP-FixedL3,24000,17472,0,,166,0,150,6,1000,202,,6000,0,0.0,0.6441000000000275,0.4644497750000198,0.6440999999999819,17306,0.5152727039819618,6000,6000,0.34538819066960014,4789,0.4960894989927344,0.4488787935911798,0.5511212064088202,0.3225,0.15070130832313428,2.0370073318481445,historical_image_averaged_path_dice,confusion_replay_zero_credit,0,6528,0,manuscript_l5,fixed_l3,periodic,0.0,0.0,0.0,0
HBTASP-FixedL3,24000,17468,0,,197,0,150,6,1000,303,,6000,0,0.0,0.6441000000000285,0.46351046250002054,0.6440999999999819,17271,0.5138945841497682,6000,6000,0.3431452981505181,4740,0.493964656784572,0.44521304215860397,0.554786957841396,0.33516666666666667,0.15081935863405393,2.035151958465576,historical_image_averaged_path_dice,confusion_replay_zero_credit,0,6532,0,manuscript_l5,fixed_l3,periodic,0.0,0.0,0.0,0
HBTASP-FixedL3,24000,17512,0,,218,0,150,6,1000,404,,6000,0,0.0,0.6441000000000279,0.4641277250000201,0.6440999999999819,17294,0.514611962066272,6000,6000,0.3452373187648008,4765,0.49695663119650374,0.4503976766445619,0.5496023233554381,0.33316666666666667,0.15171931243170295,2.0357930660247803,historical_image_averaged_path_dice,confusion_replay_zero_credit,0,6488,0,manuscript_l5,fixed_l3,periodic,0.0,0.0,0.0,0
HBTASP-FixedL3,24000,17448,0,,132,0,150,6,1000,505,,6000,0,0.0,0.6441000000000272,0.46471815000001965,0.6440999999999819,17316,0.5156559697786504,6000,6000,0.34310195073306676,4792,0.49090701093564004,0.44630226441789056,0.5536977355821094,0.328,0.14780506020257328,2.030097007751465,historical_image_averaged_path_dice,confusion_replay_zero_credit,0,6552,0,manuscript_l5,fixed_l3,periodic,0.0,0.0,0.0,0
HBTASP-FixedL3,24000,17404,0,,108,0,150,6,1000,606,,6000,0,0.0,0.6441000000000278,0.46418140000002,0.6440999999999819,17296,0.5145460639023302,6000,6000,0.337775203891239,4820,0.48135858139728255,0.44417490359489364,0.5558250964051064,0.334,0.14358337750604355,1.9207007884979248,historical_image_averaged_path_dice,confusion_replay_zero_credit,0,6596,0,manuscript_l5,fixed_l3,periodic,0.0,0.0,0.0,0
HBTASP-FixedL3,24000,17392,0,,126,0,150,6,1000,707,,6000,0,0.0,0.6441000000000286,0.4633762750000206,0.6440999999999819,17266,0.5134832996482698,6000,6000,0.349087884514539,4772,0.4992222317484591,0.45286418732221506,0.547135812677785,0.32066666666666666,0.1501343472339201,1.9397952556610107,historical_image_averaged_path_dice,confusion_replay_zero_credit,0,6608,0,manuscript_l5,fixed_l3,periodic,0.0,0.0,0.0,0
HBTASP-FixedL3,24000,17476,0,,150,0,150,6,1000,808,,6000,0,0.0,0.6441000000000269,0.4649865250000194,0.6440999999999819,17326,0.5154444157642563,6000,6000,0.3486237366950054,4764,0.4977049695233726,0.45784402681239417,0.5421559731876058,0.3253333333333333,0.14908123282836722,1.932018756866455,historical_image_averaged_path_dice,confusion_replay_zero_credit,0,6524,0,manuscript_l5,fixed_l3,periodic,0.0,0.0,0.0,0
HBTASP-FixedL3,24000,17464,0,,157,0,150,6,1000,909,,6000,0,0.0,0.6441000000000274,0.4644766125000198,0.6440999999999819,17307,0.5152353002302166,6000,6000,0.3417467252435049,4836,0.48245298989613794,0.44869667956390885,0.5513033204360911,0.3313333333333333,0.14070626465263303,1.9576854705810547,historical_image_averaged_path_dice,confusion_replay_zero_credit,0,6536,0,manuscript_l5,fixed_l3,periodic,0.0,0.0,0.0,0
HBTASP-FixedL3,24000,17456,0,,152,0,150,6,1000,1010,,6000,0,0.0,0.6441000000000275,0.46439610000001985,0.6440999999999819,17304,0.514710187847159,6000,6000,0.34513180949218825,4785,0.4914814935768929,0.44147750999947716,0.5585224900005228,0.326,0.14634968408470467,1.976747989654541,historical_image_averaged_path_dice,confusion_replay_zero_credit,0,6544,0,manuscript_l5,fixed_l3,periodic,0.0,0.0,0.0,0
HBTASP-FixedL3,32000,17808,0,,621,0,150,8,1000,101,,8000,0,0.0,0.644100000000031,0.3459420843750166,0.6441000000000748,17187,0.41133259452307974,8000,8000,0.2416771237643906,5561,0.4532952027593797,0.3022494454977151,0.6977505545022848,0.461875,0.21161807899498908,2.213667154312134,historical_image_averaged_path_dice,confusion_replay_zero_credit,0,14192,0,manuscript_l5,fixed_l3,periodic,0.0,0.0,0.0,0
HBTASP-FixedL3,32000,17721,0,,481,0,150,8,1000,202,,8000,0,0.0,0.6441000000000294,0.34700887500001587,0.6441000000000748,17240,0.41212223074051413,8000,8000,0.24071088678789046,5507,0.4551394613499253,0.297772961059923,0.702227038940077,0.4695,0.21442857456203482,2.1856231689453125,historical_image_averaged_path_dice,confusion_replay_zero_credit,0,14279,0,manuscript_l5,fixed_l3,periodic,0.0,0.0,0.0,0
HBTASP-FixedL3,32000,17680,0,,432,0,150,8,1000,303,,8000,0,0.0,0.6441000000000292,0.34716990000001574,0.6441000000000748,17248,0.4126952569303808,8000,8000,0.2363128258390668,5386,0.4553863001518594,0.29966413964135163,0.7003358603586484,0.478625,0.2190734743127926,2.1926701068878174,historical_image_averaged_path_dice,confusion_replay_zero_credit,0,14320,0,manuscript_l5,fixed_l3,periodic,0.0,0.0,0.0,0
HBTASP-FixedL3,32000,17801,0,,609,0,150,8,1000,404,,8000,0,0.0,0.6441000000000309,0.34604272500001654,0.6441000000000748,17192,0.4116485046240136,8000,8000,0.23634003659729022,5491,0.44901819564314716,0.29528848316743805,0.704711516832562,0.475625,0.21267815904585693,2.236933946609497,historical_image_averaged_path_dice,confusion_replay_zero_credit,0,14199,0,manuscript_l5,fixed_l3,periodic,0.0,0.0,0.0,0
HBTASP-FixedL3,32000,17760,0,,520,0,150,8,1000,505,,8000,0,0.0,0.6441000000000294,0.34700887500001587,0.6441000000000748,17240,0.4128007050299784,8000,8000,0.2413751323389477,5395,0.46191825483299037,0.30073556812446633,0.6992644318755337,0.473625,0.22054312249404268,2.211047649383545,historical_image_averaged_path_dice,confusion_replay_zero_credit,0,14240,0,manuscript_l5,fixed_l3,periodic,0.0,0.0,0.0,0
HBTASP-FixedL3,32000,17784,0,,564,0,150,8,1000,606,,8000,0,0.0,0.64410000000003,0.34660631250001617,0.6441000000000748,17220,0.4120922985989987,8000,8000,0.24023667448129243,5529,0.45165827729963676,0.294065519094834,0.705934480905166,0.459,0.21142160281834432,2.2225899696350098,historical_image_averaged_path_dice,confusion_replay_zero_credit,0,14216,0,manuscript_l5,fixed_l3,periodic,0.0,0.0,0.0,0
HBTASP-FixedL3,32000,17736,0,,498,0,150,8,1000,707,,8000,0,0.0,0.6441000000000294,0.3469686187500159,0.6441000000000748,17238,0.4123792790228013,8000,8000,0.24214213320400219,5494,0.45760463306665683,0.30397416933047844,0.6960258306695215,0.464375,0.21546249986265464,2.204200267791748,historical_image_averaged_path_dice,confusion_replay_zero_credit,0,14264,0,manuscript_l5,fixed_l3,periodic,0.0,0.0,0.0,0
HBTASP-FixedL3,32000,17695,0,,465,0,150,8,1000,808,,8000,0,0.0,0.6441000000000298,0.346807593750016,0.6441000000000748,17230,0.4121533476298706,8000,8000,0.24428159172086283,5496,0.4606829727272612,0.3097553383595239,0.690244661640476,0.464,0.21640138100639839,2.1786205768585205,historical_image_averaged_path_dice,confusion_replay_zero_credit,0,14305,0,manuscript_l5,fixed_l3,periodic,0.0,0.0,0.0,0
HBTASP-FixedL3,32000,17704,0,,417,0,150,8,1000,909,,8000,0,0.0,0.6441000000000281,0.34795489687501513,0.6441000000000748,17287,0.413185698677736,8000,8000,0.24312512992133173,5410,0.45916885848490163,0.31445429651589824,0.6855457034841017,0.474625,0.2160437285635699,2.1972527503967285,historical_image_averaged_path_dice,confusion_replay_zero_credit,0,14296,0,manuscript_l5,fixed_l3,periodic,0.0,0.0,0.0,0
HBTASP-FixedL3,32000,17753,0,,541,0,150,8,1000,1010,,8000,0,0.0,0.6441000000000302,0.34644528750001624,0.6441000000000748,17212,0.4124744671135431,8000,8000,0.23920585220434615,5417,0.4598479377317692,0.2947790217004528,0.7052209782995472,0.468875,0.22064208552742304,2.215430974960327,historical_image_averaged_path_dice,confusion_replay_zero_credit,0,14247,0,manuscript_l5,fixed_l3,periodic,0.0,0.0,0.0,0
HBTASP-FixedL3,40000,17901,0,,764,0,150,10,1000,101,,10000,0,0.0,0.6441000000000324,0.2759485425000139,0.6441000000001469,17137,0.3431913771382928,10000,10000,0.17762578649121932,6024,0.427642981565969,0.2166178909073165,0.7833821090926835,0.5594,0.25001719507474973,2.5476648807525635,historical_image_averaged_path_dice,confusion_replay_zero_credit,0,22099,0,manuscript_l5,fixed_l3,periodic,0.0,0.0,0.0,0
HBTASP-FixedL3,40000,17881,0,,743,0,150,10,1000,202,,10000,0,0.0,0.6441000000000324,0.2759646450000139,0.6441000000001469,17138,0.3433284442187551,10000,10000,0.17349834633481134,5985,0.4373082751763439,0.20805903305220197,0.791940966947798,0.5513,0.26380992884153254,2.511416435241699,historical_image_averaged_path_dice,confusion_replay_zero_credit,0,22119,0,manuscript_l5,fixed_l3,periodic,0.0,0.0,0.0,0
HBTASP-FixedL3,40000,17881,0,,747,0,150,10,1000,303,,10000,0,0.0,0.6441000000000325,0.2759002350000139,0.6441000000001469,17134,0.34302014739193876,10000,10000,0.17765352857249322,6101,0.42830075781264654,0.2076452530573767,0.7923547469426233,0.5518,0.2506472292401533,2.5501773357391357,historical_image_averaged_path_dice,confusion_replay_zero_credit,0,22119,0,manuscript_l5,fixed_l3,periodic,0.0,0.0,0.0,0
HBTASP-FixedL3,40000,17920,0,,820,0,150,10,1000,404,,10000,0,0.0,0.6441000000000335,0.27535275000001436,0.6441000000001469,17100,0.3420435806433262,10000,10000,0.1816423167660869,6119,0.44078673553773173,0.20939018884770597,0.790609811152294,0.5418,0.25914441877164485,2.6302385330200195,historical_image_averaged_path_dice,confusion_replay_zero_credit,0,22080,0,manuscript_l5,fixed_l3,periodic,0.0,0.0,0.0,0
HBTASP-FixedL3,40000,17841,0,,667,0,150,10,1000,505,,10000,0,0.0,0.6441000000000313,0.27654433500001346,0.6441000000001469,17174,0.34389285187338825,10000,10000,0.17420628702946486,6103,0.4253186026318152,0.1965862243737683,0.8034137756262317,0.5496,0.25111231560235037,2.628471612930298,historical_image_averaged_path_dice,confusion_replay_zero_credit,0,22159,0,manuscript_l5,fixed_l3,periodic,0.0,0.0,0.0,0
HBTASP-FixedL3,40000,17922,0,,823,0,150,10,1000,606,,10000,0,0.0,0.6441000000000335,0.27533664750001435,0.6441000000001469,17099,0.3425012087710489,10000,10000,0.17411486150741068,6084,0.4203026253905286,0.2017602629596595,0.7982397370403405,0.5653,0.24618776388311792,2.67500901222229,historical_image_averaged_path_dice,confusion_replay_zero_credit,0,22078,0,manuscript_l5,fixed_l3,periodic,0.0,0.0,0.0,0
HBTASP-FixedL3,40000,17882,0,,744,0,150,10,1000,707,,10000,0,0.0,0.6441000000000324,0.2759646450000139,0.6441000000001469,17138,0.34238796877280936,10000,10000,0.17264922094999577,6023,0.4254373509571806,0.2057342983474105,0.7942657016525895,0.5575,0.2527881300071848,2.5815911293029785,historical_image_averaged_path_dice,confusion_replay_zero_credit,0,22118,0,manuscript_l5,fixed_l3,periodic,0.0,0.0,0.0,0
HBTASP-FixedL3,40000,17903,0,,803,0,150,10,1000,808,,10000,0,0.0,0.6441000000000335,0.27535275000001436,0.6441000000001469,17100,0.34298998867800123,10000,10000,0.18151577001787128,6049,0.43362026637773593,0.20823437438566653,0.7917656256143335,0.5495,0.25210449635986465,2.65673828125,historical_image_averaged_path_dice,confusion_replay_zero_credit,0,22097,0,manuscript_l5,fixed_l3,periodic,0.0,0.0,0.0,0
HBTASP-FixedL3,40000,17921,0,,824,0,150,10,1000,909,,10000,0,0.0,0.6441000000000336,0.2753044425000144,0.6441000000001469,17097,0.34271231567602356,10000,10000,0.176475196226872,6003,0.4296723366050763,0.2101316463308636,0.7898683536691364,0.5558,0.2531971403782043,2.625673770904541,historical_image_averaged_path_dice,confusion_replay_zero_credit,0,22079,0,manuscript_l5,fixed_l3,periodic,0.0,0.0,0.0,0
HBTASP-FixedL3,40000,17922,0,,823,0,150,10,1000,1010,,10000,0,0.0,0.6441000000000335,0.27533664750001435,0.6441000000001469,17099,0.34241618414647407,10000,10000,0.17315301289078244,5963,0.4269169129406167,0.19417634742880654,0.8058236525711935,0.561,0.25376390004983423,2.5621232986450195,historical_image_averaged_path_dice,confusion_replay_zero_credit,0,22078,0,manuscript_l5,fixed_l3,periodic,0.0,0.0,0.0,0
HBTASP-FixedL3,16000,16000,0,,0,0,200,4,1000,101,,4000,0,0.0,0.6441000000000685,0.6441000000000685,0.6440999999999828,16000,0.6440999999999965,4000,4000,0.5365712329758283,4000,0.5365712329758283,0.6530537993946778,0.3469462006053222,0.056,0.0,1.4919960498809814,historical_image_averaged_path_dice,confusion_replay_zero_credit,0,0,0,manuscript_l5,fixed_l3,periodic,0.0,0.0,0.0,0
HBTASP-FixedL3,16000,16000,0,,0,0,200,4,1000,202,,4000,0,0.0,0.6441000000000685,0.6441000000000685,0.6440999999999828,16000,0.6440999999999976,4000,4000,0.5365712329758271,4000,0.5365712329758271,0.6530537993946778,0.3469462006053222,0.056,0.0,1.476288080215454,historical_image_averaged_path_dice,confusion_replay_zero_credit,0,0,0,manuscript_l5,fixed_l3,periodic,0.0,0.0,0.0,0
HBTASP-FixedL3,16000,16000,0,,0,0,200,4,1000,303,,4000,0,0.0,0.6441000000000685,0.6441000000000685,0.6440999999999828,16000,0.6440999999999988,4000,4000,0.5365712329758282,4000,0.5365712329758282,0.6530537993946778,0.3469462006053222,0.056,0.0,1.4718880653381348,historical_image_averaged_path_dice,confusion_replay_zero_credit,0,0,0,manuscript_l5,fixed_l3,periodic,0.0,0.0,0.0,0
HBTASP-FixedL3,16000,16000,0,,0,0,200,4,1000,404,,4000,0,0.0,0.6441000000000685,0.6441000000000685,0.6440999999999828,16000,0.6440999999999991,4000,4000,0.5365712329758273,4000,0.5365712329758273,0.6530537993946778,0.3469462006053222,0.056,0.0,1.4606213569641113,historical_image_averaged_path_dice,confusion_replay_zero_credit,0,0,0,manuscript_l5,fixed_l3,periodic,0.0,0.0,0.0,0
HBTASP-FixedL3,16000,16000,0,,0,0,200,4,1000,505,,4000,0,0.0,0.6441000000000685,0.6441000000000685,0.6440999999999828,16000,0.6440999999999987,4000,4000,0.536571232975828,4000,0.536571232975828,0.6530537993946778,0.3469462006053222,0.056,0.0,1.5461938381195068,historical_image_averaged_path_dice,confusion_replay_zero_credit,0,0,0,manuscript_l5,fixed_l3,periodic,0.0,0.0,0.0,0
HBTASP-FixedL3,16000,16000,0,,0,0,200,4,1000,606,,4000,0,0.0,0.6441000000000685,0.6441000000000685,0.6440999999999828,16000,0.6440999999999968,4000,4000,0.5365712329758265,4000,0.5365712329758265,0.6530537993946778,0.3469462006053222,0.056,0.0,1.5518467426300049,historical_image_averaged_path_dice,confusion_replay_zero_credit,0,0,0,manuscript_l5,fixed_l3,periodic,0.0,0.0,0.0,0
HBTASP-FixedL3,16000,16000,0,,0,0,200,4,1000,707,,4000,0,0.0,0.6441000000000685,0.6441000000000685,0.6440999999999828,16000,0.6440999999999952,4000,4000,0.5365712329758282,4000,0.5365712329758282,0.6530537993946778,0.3469462006053222,0.056,0.0,1.5034306049346924,historical_image_averaged_path_dice,confusion_replay_zero_credit,0,0,0,manuscript_l5,fixed_l3,periodic,0.0,0.0,0.0,0
HBTASP-FixedL3,16000,16000,0,,0,0,200,4,1000,808,,4000,0,0.0,0.6441000000000685,0.6441000000000685,0.6440999999999828,16000,0.644099999999998,4000,4000,0.5365712329758269,4000,0.5365712329758269,0.6530537993946778,0.3469462006053222,0.056,0.0,1.4907972812652588,historical_image_averaged_path_dice,confusion_replay_zero_credit,0,0,0,manuscript_l5,fixed_l3,periodic,0.0,0.0,0.0,0
HBTASP-FixedL3,16000,16000,0,,0,0,200,4,1000,909,,4000,0,0.0,0.6441000000000685,0.6441000000000685,0.6440999999999828,16000,0.6440999999999975,4000,4000,0.5365712329758268,4000,0.5365712329758268,0.6530537993946778,0.3469462006053222,0.056,0.0,1.4852025508880615,historical_image_averaged_path_dice,confusion_replay_zero_credit,0,0,0,manuscript_l5,fixed_l3,periodic,0.0,0.0,0.0,0
HBTASP-FixedL3,16000,16000,0,,0,0,200,4,1000,1010,,4000,0,0.0,0.6441000000000685,0.6441000000000685,0.6440999999999828,16000,0.644099999999998,4000,4000,0.5365712329758273,4000,0.5365712329758273,0.6530537993946778,0.3469462006053222,0.056,0.0,1.4800999164581299,historical_image_averaged_path_dice,confusion_replay_zero_credit,0,0,0,manuscript_l5,fixed_l3,periodic,0.0,0.0,0.0,0
HBTASP-FixedL3,24000,23679,0,,427,0,200,6,1000,101,,6000,0,0.0,0.6440999999998992,0.6240255499999023,0.6440999999999819,23252,0.6265183892281774,6000,6000,0.5228660211366125,5960,0.5330183418512906,0.6339690694783044,0.36603093052169555,0.07116666666666667,0.010152320714678087,2.204533815383911,historical_image_averaged_path_dice,confusion_replay_zero_credit,0,321,0,manuscript_l5,fixed_l3,periodic,0.0,0.0,0.0,0
HBTASP-FixedL3,24000,23684,0,,411,0,200,6,1000,202,,6000,0,0.0,0.6440999999998989,0.6245891374999019,0.6440999999999819,23273,0.6266492178482239,6000,6000,0.5214095097025808,5949,0.5312939919393325,0.6330737482063008,0.3669262517936992,0.073,0.009884482236751646,2.205421209335327,historical_image_averaged_path_dice,confusion_replay_zero_credit,0,316,0,manuscript_l5,fixed_l3,periodic,0.0,0.0,0.0,0
HBTASP-FixedL3,24000,23734,0,,517,0,200,6,1000,303,,6000,0,0.0,0.6440999999998998,0.623086237499903,0.6440999999999819,23217,0.6257608530346154,6000,6000,0.5211483869862863,5957,0.5321044486275767,0.6291420689433853,0.3708579310566147,0.07233333333333333,0.010956061641290371,2.2372183799743652,historical_image_averaged_path_dice,confusion_replay_zero_credit,0,266,0,manuscript_l5,fixed_l3,periodic,0.0,0.0,0.0,0
HBTASP-FixedL3,24000,23684,0,,437,0,200,6,1000,404,,6000,0,0.0,0.6440999999998992,0.6238913624999024,0.6440999999999819,23247,0.6265636632475589,6000,6000,0.5232826893698852,5969,0.5317136165791406,0.6292483988623743,0.37075160113762573,0.0725,0.008430927209255423,2.224050760269165,historical_image_averaged_path_dice,confusion_replay_zero_credit,0,316,0,manuscript_l5,fixed_l3,periodic,0.0,0.0,0.0,0
HBTASP-FixedL3,24000,23656,0,,405,0,200,6,1000,505,,6000,0,0.0,0.6440999999998992,0.6239987124999024,0.6440999999999819,23251,0.6265213889246523,6000,6000,0.5235421588187337,5956,0.5326535667809729,0.6320093499991606,0.3679906500008394,0.07333333333333333,0.009111407962239193,2.201117992401123,historical_image_averaged_path_dice,confusion_replay_zero_credit,0,344,0,manuscript_l5,fixed_l3,periodic,0.0,0.0,0.0,0
HBTASP-FixedL3,24000,23604,0,,310,0,200,6,1000,606,,6000,0,0.0,0.6440999999998985,0.6251527249999015,0.6440999999999819,23294,0.6283264390174469,6000,6000,0.5211120630685402,5956,0.5313911809745857,0.630338843778352,0.36966115622164797,0.07133333333333333,0.01027911790604552,2.173783540725708,historical_image_averaged_path_dice,confusion_replay_zero_credit,0,396,0,manuscript_l5,fixed_l3,periodic,0.0,0.0,0.0,0
HBTASP-FixedL3,24000,23672,0,,433,0,200,6,1000,707,,6000,0,0.0,0.6440999999998993,0.6236766624999025,0.6440999999999819,23239,0.6261338935978868,6000,6000,0.5253176660896869,5976,0.533975026199861,0.6319058294430183,0.3680941705569817,0.06816666666666667,0.00865736011017415,2.18274188041687,historical_image_averaged_path_dice,confusion_replay_zero_credit,0,328,0,manuscript_l5,fixed_l3,periodic,0.0,0.0,0.0,0
HBTASP-FixedL3,24000,23636,0,,384,0,200,6,1000,808,,6000,0,0.0,0.6440999999998992,0.6240255499999023,0.6440999999999819,23252,0.6268878902492881,6000,6000,0.5227357653342504,5952,0.5335699677827579,0.6317216684961182,0.3682783315038818,0.07333333333333333,0.010834202448507524,2.206684112548828,historical_image_averaged_path_dice,confusion_replay_zero_credit,0,364,0,manuscript_l5,fixed_l3,periodic,0.0,0.0,0.0,0
HBTASP-FixedL3,24000,23701,0,,448,0,200,6,1000,909,,6000,0,0.0,0.6440999999998991,0.6240523874999023,0.6440999999999819,23253,0.6266592770438282,6000,6000,0.5218123775496086,5940,0.5329270261586149,0.6335077501185359,0.3664922498814641,0.07266666666666667,0.011114648609006239,2.2334909439086914,historical_image_averaged_path_dice,confusion_replay_zero_credit,0,299,0,manuscript_l5,fixed_l3,periodic,0.0,0.0,0.0,0
HBTASP-FixedL3,24000,23700,0,,455,0,200,6,1000,1010,,6000,0,0.0,0.6440999999998993,0.6238376874999024,0.6440999999999819,23245,0.6270555773173428,6000,6000,0.5190696414763549,5952,0.5307625085505601,0.6295794091205189,0.3704205908794811,0.07733333333333334,0.011692867074205138,2.2095694541931152,historical_image_averaged_path_dice,confusion_replay_zero_credit,0,300,0,manuscript_l5,fixed_l3,periodic,0.0,0.0,0.0,0
HBTASP-FixedL3,32000,23760,0,,576,0,200,8,1000,101,,8000,0,0.0,0.6440999999999002,0.4666504499999277,0.6441000000000748,23184,0.5188100425823136,8000,8000,0.34385928200983357,6408,0.4924219243850959,0.45747574441452643,0.5425242555854736,0.330625,0.14856264237526234,2.6007611751556396,historical_image_averaged_path_dice,confusion_replay_zero_credit,0,8240,0,manuscript_l5,fixed_l3,periodic,0.0,0.0,0.0,0
HBTASP-FixedL3,32000,23768,0,,553,0,200,8,1000,202,,8000,0,0.0,0.6440999999998998,0.4672744218749273,0.6441000000000748,23215,0.5198228675961619,8000,8000,0.3456375059347741,6442,0.49038509864698193,0.45170463654496673,0.5482953634550333,0.32575,0.14474759271220783,2.557020664215088,historical_image_averaged_path_dice,confusion_replay_zero_credit,0,8232,0,manuscript_l5,fixed_l3,periodic,0.0,0.0,0.0,0
HBTASP-FixedL3,32000,23736,0,,492,0,200,8,1000,303,,8000,0,0.0,0.6440999999998993,0.46785813749992683,0.6441000000000748,23244,0.5196592343095263,8000,8000,0.3470390215767986,6393,0.4917905853697803,0.45393681785544754,0.5460631821445525,0.33075,0.1447515637929817,2.5518081188201904,historical_image_averaged_path_dice,confusion_replay_zero_credit,0,8264,0,manuscript_l5,fixed_l3,periodic,0.0,0.0,0.0,0
HBTASP-FixedL3,32000,23777,0,,552,0,200,8,1000,404,,8000,0,0.0,0.6440999999998996,0.46747570312492714,0.6441000000000748,23225,0.519486178525387,8000,8000,0.34499298806440826,6433,0.4960536139337172,0.4400801799712184,0.5599198200287816,0.32175,0.15106062586930896,2.5616044998168945,historical_image_averaged_path_dice,confusion_replay_zero_credit,0,8223,0,manuscript_l5,fixed_l3,periodic,0.0,0.0,0.0,0
HBTASP-FixedL3,32000,23768,0,,544,0,200,8,1000,505,,8000,0,0.0,0.6440999999998996,0.4674555749999271,0.6441000000000748,23224,0.5191022440118348,8000,8000,0.3475816094619777,6464,0.49434236480784355,0.4408652955712105,0.5591347044287895,0.315625,0.14676075534586586,2.548731803894043,historical_image_averaged_path_dice,confusion_replay_zero_credit,0,8232,0,manuscript_l5,fixed_l3,periodic,0.0,0.0,0.0,0
HBTASP-FixedL3,32000,23768,0,,558,0,200,8,1000,606,,8000,0,0.0,0.6440999999998999,0.46717378124992737,0.6441000000000748,23210,0.5192750003982861,8000,8000,0.34363548070337907,6505,0.48689007927378086,0.43431247733792083,0.5656875226620792,0.316875,0.1432545985704018,2.527667760848999,historical_image_averaged_path_dice,confusion_replay_zero_credit,0,8232,0,manuscript_l5,fixed_l3,periodic,0.0,0.0,0.0,0
HBTASP-FixedL3,32000,23768,0,,541,0,200,8,1000,707,,8000,0,0.0,0.6440999999998995,0.46751595937492707,0.6441000000000748,23227,0.5194486686051516,8000,8000,0.35046285809324235,6485,0.4914989796217921,0.4580195467361619,0.5419804532638381,0.322375,0.14103612152854977,2.5453615188598633,historical_image_averaged_path_dice,confusion_replay_zero_credit,0,8232,0,manuscript_l5,fixed_l3,periodic,0.0,0.0,0.0,0
HBTASP-FixedL3,32000,23720,0,,449,0,200,8,1000,808,,8000,0,0.0,0.6440999999998989,0.46840159687492644,0.6441000000000748,23271,0.5204337093568002,8000,8000,0.348566423250534,6377,0.49877285910174873,0.4588303793398165,0.5411696206601835,0.323875,0.15020643585121474,2.5992770195007324,historical_image_averaged_path_dice,confusion_replay_zero_credit,0,8280,0,manuscript_l5,fixed_l3,periodic,0.0,0.0,0.0,0
HBTASP-FixedL3,32000,23752,0,,544,0,200,8,1000,909,,8000,0,0.0,0.6440999999998999,0.4671335249999274,0.6441000000000748,23208,0.5201348890577059,8000,8000,0.34278437778564674,6483,0.48209662010317533,0.4434336937340603,0.5565663062659397,0.327875,0.1393122423175286,2.5511765480041504,historical_image_averaged_path_dice,confusion_replay_zero_credit,0,8248,0,manuscript_l5,fixed_l3,periodic,0.0,0.0,0.0,0
HBTASP-FixedL3,32000,23745,0,,509,0,200,8,1000,1010,,8000,0,0.0,0.6440999999998994,0.46769711249992696,0.6441000000000748,23236,0.519847592384539,8000,8000,0.3402091854956626,6417,0.48728512700061916,0.4430369502238327,0.5569630497761673,0.327875,0.14707594150495656,2.7086713314056396,historical_image_averaged_path_dice,confusion_replay_zero_credit,0,8255,0,manuscript_l5,fixed_l3,periodic,0.0,0.0,0.0,0
HBTASP-FixedL3,40000,23922,0,,828,0,200,10,1000,101,,10000,0,0.0,0.6440999999999018,0.37187113499994323,0.6441000000001469,23094,0.43783664205182365,10000,10000,0.26297698977465794,7182,0.46626532270064425,0.33074451302586844,0.6692554869741316,0.4296,0.2032883329259863,2.9516849517822266,historical_image_averaged_path_dice,confusion_replay_zero_credit,0,16078,0,manuscript_l5,fixed_l3,periodic,0.0,0.0,0.0,0
HBTASP-FixedL3,40000,23901,0,,769,0,200,10,1000,202,,10000,0,0.0,0.6440999999999011,0.3724830299999428,0.6441000000001469,23132,0.4376196294926264,10000,10000,0.2591160358771143,7024,0.46745191938031994,0.3269830838990044,0.6730169161009956,0.4458,0.20833588350320564,2.9206600189208984,historical_image_averaged_path_dice,confusion_replay_zero_credit,0,16099,0,manuscript_l5,fixed_l3,periodic,0.0,0.0,0.0,0
HBTASP-FixedL3,40000,23921,0,,827,0,200,10,1000,303,,10000,0,0.0,0.6440999999999018,0.37187113499994323,0.6441000000001469,23094,0.43773084375165977,10000,10000,0.25909322405878543,7063,0.46198195078237414,0.33428417008797606,0.6657158299120239,0.4478,0.2028887267235887,2.9326930046081543,historical_image_averaged_path_dice,confusion_replay_zero_credit,0,16079,0,manuscript_l5,fixed_l3,periodic,0.0,0.0,0.0,0
HBTASP-FixedL3,40000,23881,0,,729,0,200,10,1000,404,,10000,0,0.0,0.6440999999999008,0.37280507999994256,0.6441000000001469,23152,0.4380385921174651,10000,10000,0.26137683793119165,7023,0.47655711033139286,0.3276187018996211,0.6723812981003789,0.4358,0.2151802724002012,2.9873383045196533,historical_image_averaged_path_dice,confusion_replay_zero_credit,0,16119,0,manuscript_l5,fixed_l3,periodic,0.0,0.0,0.0,0
HBTASP-FixedL3,40000,23901,0,,768,0,200,10,1000,505,,10000,0,0.0,0.6440999999999011,0.37249913249994276,0.6441000000001469,23133,0.4381169251149162,10000,10000,0.26474270118491244,7043,0.4789109366205644,0.3339505414212321,0.666049458578768,0.4297,0.21416823543565194,3.00527286529541,historical_image_averaged_path_dice,confusion_replay_zero_credit,0,16099,0,manuscript_l5,fixed_l3,periodic,0.0,0.0,0.0,0
HBTASP-FixedL3,40000,23901,0,,768,0,200,10,1000,606,,10000,0,0.0,0.6440999999999011,0.37249913249994276,0.6441000000001469,23133,0.4381669427394382,10000,10000,0.2582152180362333,6981,0.4642104519835744,0.32832508699477114,0.6716749130052289,0.4436,0.2059952339473411,2.9033854007720947,historical_image_averaged_path_dice,confusion_replay_zero_credit,0,16099,0,manuscript_l5,fixed_l3,periodic,0.0,0.0,0.0,0
HBTASP-FixedL3,40000,23941,0,,866,0,200,10,1000,707,,10000,0,0.0,0.644099999999902,0.3715651874999435,0.6441000000001469,23075,0.4369181367823201,10000,10000,0.2542857658433254,7100,0.45637290945350195,0.32770062951433354,0.6722993704856665,0.444,0.20208714361017655,2.8593127727508545,historical_image_averaged_path_dice,confusion_replay_zero_credit,0,16059,0,manuscript_l5,fixed_l3,periodic,0.0,0.0,0.0,0
HBTASP-FixedL3,40000,23921,0,,827,0,200,10,1000,808,,10000,0,0.0,0.6440999999999018,0.37187113499994323,0.6441000000001469,23094,0.4376059670014152,10000,10000,0.2619275027701643,7059,0.46815638761929,0.33868312538415807,0.661316874615842,0.4398,0.20622888484912572,2.8343112468719482,historical_image_averaged_path_dice,confusion_replay_zero_credit,0,16079,0,manuscript_l5,fixed_l3,periodic,0.0,0.0,0.0,0
HBTASP-FixedL3,40000,23862,0,,709,0,200,10,1000,909,,10000,0,0.0,0.6440999999999008,0.37282118249994256,0.6441000000001469,23153,0.43891582580116323,10000,10000,0.26525564273134317,7179,0.45987691412237347,0.3416351653978375,0.6583648346021624,0.4458,0.1946212713910303,2.8246920108795166,historical_image_averaged_path_dice,confusion_replay_zero_credit,0,16138,0,manuscript_l5,fixed_l3,periodic,0.0,0.0,0.0,0
HBTASP-FixedL3,40000,23881,0,,749,0,200,10,1000,1010,,10000,0,0.0,0.6440999999999011,0.3724830299999428,0.6441000000001469,23132,0.4383760463460028,10000,10000,0.2584163298166131,7084,0.4607084715819526,0.32816851412840253,0.6718314858715975,0.4414,0.2022921417653395,2.8416690826416016,historical_image_averaged_path_dice,confusion_replay_zero_credit,0,16119,0,manuscript_l5,fixed_l3,periodic,0.0,0.0,0.0,0
HBTASP-FixedL3,16000,16000,0,,0,0,250,4,1000,101,,4000,0,0.0,0.6441000000000685,0.6441000000000685,0.6440999999999828,16000,0.6440999999999965,4000,4000,0.5365712329758283,4000,0.5365712329758283,0.6530537993946778,0.3469462006053222,0.056,0.0,1.5042314529418945,historical_image_averaged_path_dice,confusion_replay_zero_credit,0,0,0,manuscript_l5,fixed_l3,periodic,0.0,0.0,0.0,0
HBTASP-FixedL3,16000,16000,0,,0,0,250,4,1000,202,,4000,0,0.0,0.6441000000000685,0.6441000000000685,0.6440999999999828,16000,0.6440999999999976,4000,4000,0.5365712329758271,4000,0.5365712329758271,0.6530537993946778,0.3469462006053222,0.056,0.0,1.4893271923065186,historical_image_averaged_path_dice,confusion_replay_zero_credit,0,0,0,manuscript_l5,fixed_l3,periodic,0.0,0.0,0.0,0
HBTASP-FixedL3,16000,16000,0,,0,0,250,4,1000,303,,4000,0,0.0,0.6441000000000685,0.6441000000000685,0.6440999999999828,16000,0.6440999999999988,4000,4000,0.5365712329758282,4000,0.5365712329758282,0.6530537993946778,0.3469462006053222,0.056,0.0,1.464400053024292,historical_image_averaged_path_dice,confusion_replay_zero_credit,0,0,0,manuscript_l5,fixed_l3,periodic,0.0,0.0,0.0,0
HBTASP-FixedL3,16000,16000,0,,0,0,250,4,1000,404,,4000,0,0.0,0.6441000000000685,0.6441000000000685,0.6440999999999828,16000,0.6440999999999991,4000,4000,0.5365712329758273,4000,0.5365712329758273,0.6530537993946778,0.3469462006053222,0.056,0.0,1.4827854633331299,historical_image_averaged_path_dice,confusion_replay_zero_credit,0,0,0,manuscript_l5,fixed_l3,periodic,0.0,0.0,0.0,0
HBTASP-FixedL3,16000,16000,0,,0,0,250,4,1000,505,,4000,0,0.0,0.6441000000000685,0.6441000000000685,0.6440999999999828,16000,0.6440999999999987,4000,4000,0.536571232975828,4000,0.536571232975828,0.6530537993946778,0.3469462006053222,0.056,0.0,1.4633631706237793,historical_image_averaged_path_dice,confusion_replay_zero_credit,0,0,0,manuscript_l5,fixed_l3,periodic,0.0,0.0,0.0,0
HBTASP-FixedL3,16000,16000,0,,0,0,250,4,1000,606,,4000,0,0.0,0.6441000000000685,0.6441000000000685,0.6440999999999828,16000,0.6440999999999968,4000,4000,0.5365712329758265,4000,0.5365712329758265,0.6530537993946778,0.3469462006053222,0.056,0.0,1.4693894386291504,historical_image_averaged_path_dice,confusion_replay_zero_credit,0,0,0,manuscript_l5,fixed_l3,periodic,0.0,0.0,0.0,0
HBTASP-FixedL3,16000,16000,0,,0,0,250,4,1000,707,,4000,0,0.0,0.6441000000000685,0.6441000000000685,0.6440999999999828,16000,0.6440999999999952,4000,4000,0.5365712329758282,4000,0.5365712329758282,0.6530537993946778,0.3469462006053222,0.056,0.0,1.4728765487670898,historical_image_averaged_path_dice,confusion_replay_zero_credit,0,0,0,manuscript_l5,fixed_l3,periodic,0.0,0.0,0.0,0
HBTASP-FixedL3,16000,16000,0,,0,0,250,4,1000,808,,4000,0,0.0,0.6441000000000685,0.6441000000000685,0.6440999999999828,16000,0.644099999999998,4000,4000,0.5365712329758269,4000,0.5365712329758269,0.6530537993946778,0.3469462006053222,0.056,0.0,1.5273962020874023,historical_image_averaged_path_dice,confusion_replay_zero_credit,0,0,0,manuscript_l5,fixed_l3,periodic,0.0,0.0,0.0,0
HBTASP-FixedL3,16000,16000,0,,0,0,250,4,1000,909,,4000,0,0.0,0.6441000000000685,0.6441000000000685,0.6440999999999828,16000,0.6440999999999975,4000,4000,0.5365712329758268,4000,0.5365712329758268,0.6530537993946778,0.3469462006053222,0.056,0.0,1.6154465675354004,historical_image_averaged_path_dice,confusion_replay_zero_credit,0,0,0,manuscript_l5,fixed_l3,periodic,0.0,0.0,0.0,0
HBTASP-FixedL3,16000,16000,0,,0,0,250,4,1000,1010,,4000,0,0.0,0.6441000000000685,0.6441000000000685,0.6440999999999828,16000,0.644099999999998,4000,4000,0.5365712329758273,4000,0.5365712329758273,0.6530537993946778,0.3469462006053222,0.056,0.0,1.6905796527862549,historical_image_averaged_path_dice,confusion_replay_zero_credit,0,0,0,manuscript_l5,fixed_l3,periodic,0.0,0.0,0.0,0
HBTASP-FixedL3,24000,24000,0,,88,0,250,6,1000,101,,6000,0,0.0,0.6440999999998889,0.6417382999998893,0.6440999999999819,23912,0.6422379492977752,6000,6000,0.5351070754868484,5988,0.537207810918944,0.6521140297437479,0.3478859702562521,0.058,0.0021007354320955463,2.917606830596924,historical_image_averaged_path_dice,confusion_replay_zero_credit,0,0,0,manuscript_l5,fixed_l3,periodic,0.0,0.0,0.0,0
HBTASP-FixedL3,24000,24000,0,,68,0,250,6,1000,202,,6000,0,0.0,0.6440999999998885,0.6422750499998888,0.6440999999999819,23932,0.6424905041873329,6000,6000,0.5351635944284924,5992,0.5362140502078026,0.6512804182903617,0.34871958170963835,0.058666666666666666,0.0010504557793101776,3.52689528465271,historical_image_averaged_path_dice,confusion_replay_zero_credit,0,0,0,manuscript_l5,fixed_l3,periodic,0.0,0.0,0.0,0
HBTASP-FixedL3,24000,24000,0,,56,0,250,6,1000,303,,6000,0,0.0,0.6440999999998883,0.6425970999998886,0.6440999999999819,23944,0.6429237029745315,6000,6000,0.5347349108862745,5993,0.5357353241494767,0.6497828493027821,0.3502171506972179,0.057833333333333334,0.0010004132632022156,3.428591012954712,historical_image_averaged_path_dice,confusion_replay_zero_credit,0,0,0,manuscript_l5,fixed_l3,periodic,0.0,0.0,0.0,0
HBTASP-FixedL3,24000,24000,0,,52,0,250,6,1000,404,,6000,0,0.0,0.6440999999998883,0.6427044499998885,0.6440999999999819,23948,0.6430005769402982,6000,6000,0.5354443405169379,5992,0.5363835759870049,0.6519309059943781,0.3480690940056219,0.058,0.0009392354700670236,3.9806907176971436,historical_image_averaged_path_dice,confusion_replay_zero_credit,0,0,0,manuscript_l5,fixed_l3,periodic,0.0,0.0,0.0,0
HBTASP-FixedL3,24000,24000,0,,53,0,250,6,1000,505,,6000,0,0.0,0.6440999999998883,0.6426776124998885,0.6440999999999819,23947,0.6430608447576839,6000,6000,0.535454967507658,5992,0.5364992133619296,0.6513752978233716,0.34862470217662844,0.058,0.0010442458542716526,2.417895793914795,historical_image_averaged_path_dice,confusion_replay_zero_credit,0,0,0,manuscript_l5,fixed_l3,periodic,0.0,0.0,0.0,0
HBTASP-FixedL3,24000,24000,0,,74,0,250,6,1000,606,,6000,0,0.0,0.6440999999998887,0.642114024999889,0.6440999999999819,23926,0.6425920868802467,6000,6000,0.5352559377375399,5992,0.5364977266524725,0.6508541781874584,0.3491458218125416,0.058,0.001241788914932651,2.223341941833496,historical_image_averaged_path_dice,confusion_replay_zero_credit,0,0,0,manuscript_l5,fixed_l3,periodic,0.0,0.0,0.0,0
HBTASP-FixedL3,24000,24000,0,,59,0,250,6,1000,707,,6000,0,0.0,0.6440999999998884,0.6425165874998887,0.6440999999999819,23941,0.6428749745102434,6000,6000,0.5356230593005371,5992,0.5367715500751932,0.6512269304945498,0.3487730695054502,0.05733333333333333,0.0011484907746560635,2.1957974433898926,historical_image_averaged_path_dice,confusion_replay_zero_credit,0,0,0,manuscript_l5,fixed_l3,periodic,0.0,0.0,0.0,0
HBTASP-FixedL3,24000,24000,0,,44,0,250,6,1000,808,,6000,0,0.0,0.6440999999998882,0.6429191499998884,0.6440999999999819,23956,0.6433297928162814,6000,6000,0.5355705866707151,5996,0.5366989252121211,0.6505662837498237,0.3494337162501763,0.056666666666666664,0.0011283385414060376,2.2833924293518066,historical_image_averaged_path_dice,confusion_replay_zero_credit,0,0,0,manuscript_l5,fixed_l3,periodic,0.0,0.0,0.0,0
HBTASP-FixedL3,24000,24000,0,,69,0,250,6,1000,909,,6000,0,0.0,0.6440999999998885,0.6422482124998888,0.6440999999999819,23931,0.6426546585100473,6000,6000,0.5351651907343719,5992,0.5364703461976998,0.6517632234373781,0.34823677656262186,0.05733333333333333,0.0013051554633279894,2.2180652618408203,historical_image_averaged_path_dice,confusion_replay_zero_credit,0,0,0,manuscript_l5,fixed_l3,periodic,0.0,0.0,0.0,0
HBTASP-FixedL3,24000,24000,0,,94,0,250,6,1000,1010,,6000,0,0.0,0.644099999999889,0.6415772749998894,0.6440999999999819,23906,0.6422685866547161,6000,6000,0.5337959660904151,5988,0.5361179705155394,0.6484672088833124,0.35153279111668756,0.059833333333333336,0.0023220044251243133,2.1642332077026367,historical_image_averaged_path_dice,confusion_replay_zero_credit,0,0,0,manuscript_l5,fixed_l3,periodic,0.0,0.0,0.0,0
HBTASP-FixedL3,32000,29488,0,,205,0,250,8,1000,101,,8000,0,0.0,0.6441000000000611,0.589411884375056,0.6441000000000748,29283,0.6055285370531938,8000,8000,0.47908163233974094,7488,0.5289563514079079,0.6063049438219473,0.39369505617805267,0.136,0.04987471906816693,2.8022592067718506,historical_image_averaged_path_dice,confusion_replay_zero_credit,0,2512,0,manuscript_l5,fixed_l3,periodic,0.0,0.0,0.0,0
HBTASP-FixedL3,32000,29583,0,,312,0,250,8,1000,202,,8000,0,0.0,0.6441000000000606,0.5891703468750554,0.6441000000000748,29271,0.604795509770768,8000,8000,0.4841864234504435,7537,0.5291063472577197,0.6028105326131583,0.3971894673868417,0.13,0.04491992380727616,3.0420937538146973,historical_image_averaged_path_dice,confusion_replay_zero_credit,0,2417,0,manuscript_l5,fixed_l3,periodic,0.0,0.0,0.0,0
HBTASP-FixedL3,32000,29504,0,,183,0,250,8,1000,303,,8000,0,0.0,0.6441000000000627,0.5901767531250576,0.6441000000000748,29321,0.6061835241905499,8000,8000,0.47902514337692115,7576,0.5220062601480484,0.5969400392398614,0.4030599607601386,0.132,0.04298111677112726,2.877795696258545,historical_image_averaged_path_dice,confusion_replay_zero_credit,0,2496,0,manuscript_l5,fixed_l3,periodic,0.0,0.0,0.0,0
HBTASP-FixedL3,32000,29569,0,,304,0,250,8,1000,404,,8000,0,0.0,0.6441000000000603,0.5890495781250552,0.6441000000000748,29265,0.6055863761791129,8000,8000,0.4790201423202312,7496,0.5253716476384799,0.6062612115214484,0.3937387884785516,0.14,0.046351505318248665,2.8046889305114746,historical_image_averaged_path_dice,confusion_replay_zero_credit,0,2431,0,manuscript_l5,fixed_l3,periodic,0.0,0.0,0.0,0
HBTASP-FixedL3,32000,29456,0,,158,0,250,8,1000,505,,8000,0,0.0,0.6441000000000617,0.5897138062500565,0.6441000000000748,29298,0.60593414635215,8000,8000,0.4759211703126098,7536,0.5225320808611963,0.6016969018676233,0.39830309813237674,0.136,0.046610910548586515,2.8296947479248047,historical_image_averaged_path_dice,confusion_replay_zero_credit,0,2544,0,manuscript_l5,fixed_l3,periodic,0.0,0.0,0.0,0
HBTASP-FixedL3,32000,29528,0,,228,0,250,8,1000,606,,8000,0,0.0,0.6441000000000618,0.5897540625000567,0.6441000000000748,29300,0.605762933334693,8000,8000,0.4785446800855309,7568,0.5203334190115602,0.5895502953292894,0.4104497046707106,0.135,0.041788738926029245,2.825768232345581,historical_image_averaged_path_dice,confusion_replay_zero_credit,0,2472,0,manuscript_l5,fixed_l3,periodic,0.0,0.0,0.0,0
HBTASP-FixedL3,32000,29432,0,,111,0,250,8,1000,707,,8000,0,0.0,0.6441000000000627,0.5901767531250576,0.6441000000000748,29321,0.6067795532071589,8000,8000,0.4712405477536242,7448,0.5222769731284334,0.5921019042864228,0.40789809571357716,0.144,0.05103642537480918,2.848433017730713,historical_image_averaged_path_dice,confusion_replay_zero_credit,0,2568,0,manuscript_l5,fixed_l3,periodic,0.0,0.0,0.0,0
HBTASP-FixedL3,32000,29585,0,,309,0,250,8,1000,808,,8000,0,0.0,0.6441000000000608,0.5892709875000557,0.6441000000000748,29276,0.6051396451371506,8000,8000,0.4762788804015454,7488,0.524183068426319,0.6020443750607378,0.3979556249392622,0.143,0.047904188024773586,2.8292574882507324,historical_image_averaged_path_dice,confusion_replay_zero_credit,0,2415,0,manuscript_l5,fixed_l3,periodic,0.0,0.0,0.0,0
HBTASP-FixedL3,32000,29576,0,,298,0,250,8,1000,909,,8000,0,0.0,0.644100000000061,0.5893112437500557,0.6441000000000748,29278,0.6057561788077687,8000,8000,0.4795920579294868,7488,0.5272061178508043,0.6064345694722186,0.39356543052778137,0.133875,0.04761405992131751,2.8005619049072266,historical_image_averaged_path_dice,confusion_replay_zero_credit,0,2424,0,manuscript_l5,fixed_l3,periodic,0.0,0.0,0.0,0
HBTASP-FixedL3,32000,29576,0,,324,0,250,8,1000,1010,,8000,0,0.0,0.6441000000000597,0.5887879125000546,0.6441000000000748,29252,0.6047793484474527,8000,8000,0.48113084320301086,7600,0.5256683804177478,0.606208360812199,0.393791639187801,0.124,0.04453753721473691,2.811995506286621,historical_image_averaged_path_dice,confusion_replay_zero_credit,0,2424,0,manuscript_l5,fixed_l3,periodic,0.0,0.0,0.0,0
HBTASP-FixedL3,40000,29480,0,,178,0,250,10,1000,101,,10000,0,0.0,0.644100000000062,0.47183545500004537,0.6441000000001469,29302,0.5256497807903688,10000,10000,0.345747832582648,8140,0.48969538670460394,0.4387465895090616,0.5612534104909384,0.312,0.14394755412195592,3.1531829833984375,historical_image_averaged_path_dice,confusion_replay_zero_credit,0,10520,0,manuscript_l5,fixed_l3,periodic,0.0,0.0,0.0,0
HBTASP-FixedL3,40000,29579,0,,313,0,250,10,1000,202,,10000,0,0.0,0.6441000000000604,0.4712557650000442,0.6441000000001469,29266,0.5242285972057072,10000,10000,0.35465867761647085,8181,0.49472376163216214,0.4579880063148432,0.5420119936851568,0.3137,0.1400650840156913,3.161414384841919,historical_image_averaged_path_dice,confusion_replay_zero_credit,0,10421,0,manuscript_l5,fixed_l3,periodic,0.0,0.0,0.0,0
HBTASP-FixedL3,40000,29640,0,,374,0,250,10,1000,303,,10000,0,0.0,0.6441000000000604,0.4712557650000442,0.6441000000001469,29266,0.5244345708042555,10000,10000,0.34481642967831055,8041,0.48893827785758115,0.4481798625805315,0.5518201374194684,0.3259,0.1441218481792706,3.452326536178589,historical_image_averaged_path_dice,confusion_replay_zero_credit,0,10360,0,manuscript_l5,fixed_l3,periodic,0.0,0.0,0.0,0
HBTASP-FixedL3,40000,29581,0,,315,0,250,10,1000,404,,10000,0,0.0,0.6441000000000604,0.4712557650000442,0.6441000000001469,29266,0.5239899027128071,10000,10000,0.3425872421876176,8101,0.4877326641611456,0.44101089337656096,0.558989106623439,0.3219,0.14514542197352798,3.3394014835357666,historical_image_averaged_path_dice,confusion_replay_zero_credit,0,10419,0,manuscript_l5,fixed_l3,periodic,0.0,0.0,0.0,0
HBTASP-FixedL3,40000,29660,0,,410,0,250,10,1000,505,,10000,0,0.0,0.6441000000000596,0.4709981250000436,0.6441000000001469,29250,0.5239614824447534,10000,10000,0.34174262098370917,8063,0.4883319329554079,0.44024253607242503,0.559757463927575,0.3298,0.14658931197169872,3.3372762203216553,historical_image_averaged_path_dice,confusion_replay_zero_credit,0,10340,0,manuscript_l5,fixed_l3,periodic,0.0,0.0,0.0,0
HBTASP-FixedL3,40000,29620,0,,360,0,250,10,1000,606,,10000,0,0.0,0.6441000000000601,0.471159150000044,0.6441000000001469,29260,0.5248534100413474,10000,10000,0.34382517806579344,8200,0.48384857928856323,0.4306830559812187,0.5693169440187813,0.314,0.1400234012227698,3.33583664894104,historical_image_averaged_path_dice,confusion_replay_zero_credit,0,10380,0,manuscript_l5,fixed_l3,periodic,0.0,0.0,0.0,0
HBTASP-FixedL3,40000,29580,0,,351,0,250,10,1000,707,,10000,0,0.0,0.6441000000000587,0.47065997250004293,0.6441000000001469,29229,0.5239785779300393,10000,10000,0.3490138438926556,8122,0.492754553992842,0.45175373479719133,0.5482462652028086,0.318,0.1437407101001864,3.325314521789551,historical_image_averaged_path_dice,confusion_replay_zero_credit,0,10420,0,manuscript_l5,fixed_l3,periodic,0.0,0.0,0.0,0
HBTASP-FixedL3,40000,29500,0,,258,0,250,10,1000,808,,10000,0,0.0,0.6441000000000593,0.47086930500004337,0.6441000000001469,29242,0.5240003563865818,10000,10000,0.34999547027766514,8101,0.4947883193308831,0.45791965431071796,0.542080345689282,0.318,0.14479284905321793,3.2331886291503906,historical_image_averaged_path_dice,confusion_replay_zero_credit,0,10500,0,manuscript_l5,fixed_l3,periodic,0.0,0.0,0.0,0
HBTASP-FixedL3,40000,29580,0,,315,0,250,10,1000,909,,10000,0,0.0,0.6441000000000603,0.4712396625000441,0.6441000000001469,29265,0.5249253807638822,10000,10000,0.34469986893778837,8220,0.48158911648775393,0.45410398456122547,0.5458960154387745,0.312,0.13688924754996556,3.2257487773895264,historical_image_averaged_path_dice,confusion_replay_zero_credit,0,10420,0,manuscript_l5,fixed_l3,periodic,0.0,0.0,0.0,0
HBTASP-FixedL3,40000,29460,0,,158,0,250,10,1000,1010,,10000,0,0.0,0.644100000000062,0.47183545500004537,0.6441000000001469,29302,0.5245593895017268,10000,10000,0.34080680726228424,8120,0.4817414734845315,0.4423984823341082,0.5576015176658917,0.3279,0.14093466622224726,3.3160643577575684,historical_image_averaged_path_dice,confusion_replay_zero_credit,0,10540,0,manuscript_l5,fixed_l3,periodic,0.0,0.0,0.0,0
HBTASP-FixedL3,16000,16000,0,,0,0,300,4,1000,101,,4000,0,0.0,0.6441000000000685,0.6441000000000685,0.6440999999999828,16000,0.6440999999999965,4000,4000,0.5365712329758283,4000,0.5365712329758283,0.6530537993946778,0.3469462006053222,0.056,0.0,1.5449941158294678,historical_image_averaged_path_dice,confusion_replay_zero_credit,0,0,0,manuscript_l5,fixed_l3,periodic,0.0,0.0,0.0,0
HBTASP-FixedL3,16000,16000,0,,0,0,300,4,1000,202,,4000,0,0.0,0.6441000000000685,0.6441000000000685,0.6440999999999828,16000,0.6440999999999976,4000,4000,0.5365712329758271,4000,0.5365712329758271,0.6530537993946778,0.3469462006053222,0.056,0.0,1.6063179969787598,historical_image_averaged_path_dice,confusion_replay_zero_credit,0,0,0,manuscript_l5,fixed_l3,periodic,0.0,0.0,0.0,0
HBTASP-FixedL3,16000,16000,0,,0,0,300,4,1000,303,,4000,0,0.0,0.6441000000000685,0.6441000000000685,0.6440999999999828,16000,0.6440999999999988,4000,4000,0.5365712329758282,4000,0.5365712329758282,0.6530537993946778,0.3469462006053222,0.056,0.0,1.4857902526855469,historical_image_averaged_path_dice,confusion_replay_zero_credit,0,0,0,manuscript_l5,fixed_l3,periodic,0.0,0.0,0.0,0
HBTASP-FixedL3,16000,16000,0,,0,0,300,4,1000,404,,4000,0,0.0,0.6441000000000685,0.6441000000000685,0.6440999999999828,16000,0.6440999999999991,4000,4000,0.5365712329758273,4000,0.5365712329758273,0.6530537993946778,0.3469462006053222,0.056,0.0,1.5009751319885254,historical_image_averaged_path_dice,confusion_replay_zero_credit,0,0,0,manuscript_l5,fixed_l3,periodic,0.0,0.0,0.0,0
HBTASP-FixedL3,16000,16000,0,,0,0,300,4,1000,505,,4000,0,0.0,0.6441000000000685,0.6441000000000685,0.6440999999999828,16000,0.6440999999999987,4000,4000,0.536571232975828,4000,0.536571232975828,0.6530537993946778,0.3469462006053222,0.056,0.0,1.4883294105529785,historical_image_averaged_path_dice,confusion_replay_zero_credit,0,0,0,manuscript_l5,fixed_l3,periodic,0.0,0.0,0.0,0
HBTASP-FixedL3,16000,16000,0,,0,0,300,4,1000,606,,4000,0,0.0,0.6441000000000685,0.6441000000000685,0.6440999999999828,16000,0.6440999999999968,4000,4000,0.5365712329758265,4000,0.5365712329758265,0.6530537993946778,0.3469462006053222,0.056,0.0,1.4847078323364258,historical_image_averaged_path_dice,confusion_replay_zero_credit,0,0,0,manuscript_l5,fixed_l3,periodic,0.0,0.0,0.0,0
HBTASP-FixedL3,16000,16000,0,,0,0,300,4,1000,707,,4000,0,0.0,0.6441000000000685,0.6441000000000685,0.6440999999999828,16000,0.6440999999999952,4000,4000,0.5365712329758282,4000,0.5365712329758282,0.6530537993946778,0.3469462006053222,0.056,0.0,1.5432138442993164,historical_image_averaged_path_dice,confusion_replay_zero_credit,0,0,0,manuscript_l5,fixed_l3,periodic,0.0,0.0,0.0,0
HBTASP-FixedL3,16000,16000,0,,0,0,300,4,1000,808,,4000,0,0.0,0.6441000000000685,0.6441000000000685,0.6440999999999828,16000,0.644099999999998,4000,4000,0.5365712329758269,4000,0.5365712329758269,0.6530537993946778,0.3469462006053222,0.056,0.0,1.4986577033996582,historical_image_averaged_path_dice,confusion_replay_zero_credit,0,0,0,manuscript_l5,fixed_l3,periodic,0.0,0.0,0.0,0
HBTASP-FixedL3,16000,16000,0,,0,0,300,4,1000,909,,4000,0,0.0,0.6441000000000685,0.6441000000000685,0.6440999999999828,16000,0.6440999999999975,4000,4000,0.5365712329758268,4000,0.5365712329758268,0.6530537993946778,0.3469462006053222,0.056,0.0,1.4785747528076172,historical_image_averaged_path_dice,confusion_replay_zero_credit,0,0,0,manuscript_l5,fixed_l3,periodic,0.0,0.0,0.0,0
HBTASP-FixedL3,16000,16000,0,,0,0,300,4,1000,1010,,4000,0,0.0,0.6441000000000685,0.6441000000000685,0.6440999999999828,16000,0.644099999999998,4000,4000,0.5365712329758273,4000,0.5365712329758273,0.6530537993946778,0.3469462006053222,0.056,0.0,1.4969024658203125,historical_image_averaged_path_dice,confusion_replay_zero_credit,0,0,0,manuscript_l5,fixed_l3,periodic,0.0,0.0,0.0,0
HBTASP-FixedL3,24000,24000,0,,0,0,300,6,1000,101,,6000,0,0.0,0.6440999999998875,0.6440999999998875,0.6440999999999819,24000,0.6440999999999983,6000,6000,0.5365712329758267,6000,0.5365712329758267,0.6530537993946778,0.3469462006053222,0.056,0.0,2.1787686347961426,historical_image_averaged_path_dice,confusion_replay_zero_credit,0,0,0,manuscript_l5,fixed_l3,periodic,0.0,0.0,0.0,0
HBTASP-FixedL3,24000,24000,0,,0,0,300,6,1000,202,,6000,0,0.0,0.6440999999998875,0.6440999999998875,0.6440999999999819,24000,0.6440999999999976,6000,6000,0.5365712329758258,6000,0.5365712329758258,0.6530537993946778,0.3469462006053222,0.056,0.0,2.1512279510498047,historical_image_averaged_path_dice,confusion_replay_zero_credit,0,0,0,manuscript_l5,fixed_l3,periodic,0.0,0.0,0.0,0
HBTASP-FixedL3,24000,24000,0,,0,0,300,6,1000,303,,6000,0,0.0,0.6440999999998875,0.6440999999998875,0.6440999999999819,24000,0.644099999999999,6000,6000,0.5365712329758261,6000,0.5365712329758261,0.6530537993946778,0.3469462006053222,0.056,0.0,2.135200262069702,historical_image_averaged_path_dice,confusion_replay_zero_credit,0,0,0,manuscript_l5,fixed_l3,periodic,0.0,0.0,0.0,0
HBTASP-FixedL3,24000,24000,0,,0,0,300,6,1000,404,,6000,0,0.0,0.6440999999998875,0.6440999999998875,0.6440999999999819,24000,0.6440999999999997,6000,6000,0.5365712329758261,6000,0.5365712329758261,0.6530537993946778,0.3469462006053222,0.056,0.0,2.0868663787841797,historical_image_averaged_path_dice,confusion_replay_zero_credit,0,0,0,manuscript_l5,fixed_l3,periodic,0.0,0.0,0.0,0
HBTASP-FixedL3,24000,24000,0,,0,0,300,6,1000,505,,6000,0,0.0,0.6440999999998875,0.6440999999998875,0.6440999999999819,24000,0.6440999999999991,6000,6000,0.5365712329758263,6000,0.5365712329758263,0.6530537993946778,0.3469462006053222,0.056,0.0,2.0968708992004395,historical_image_averaged_path_dice,confusion_replay_zero_credit,0,0,0,manuscript_l5,fixed_l3,periodic,0.0,0.0,0.0,0
HBTASP-FixedL3,24000,24000,0,,0,0,300,6,1000,606,,6000,0,0.0,0.6440999999998875,0.6440999999998875,0.6440999999999819,24000,0.6440999999999969,6000,6000,0.5365712329758259,6000,0.5365712329758259,0.6530537993946778,0.3469462006053222,0.056,0.0,2.149783134460449,historical_image_averaged_path_dice,confusion_replay_zero_credit,0,0,0,manuscript_l5,fixed_l3,periodic,0.0,0.0,0.0,0
HBTASP-FixedL3,24000,24000,0,,0,0,300,6,1000,707,,6000,0,0.0,0.6440999999998875,0.6440999999998875,0.6440999999999819,24000,0.644099999999997,6000,6000,0.5365712329758257,6000,0.5365712329758257,0.6530537993946778,0.3469462006053222,0.056,0.0,2.0890769958496094,historical_image_averaged_path_dice,confusion_replay_zero_credit,0,0,0,manuscript_l5,fixed_l3,periodic,0.0,0.0,0.0,0
HBTASP-FixedL3,24000,24000,0,,0,0,300,6,1000,808,,6000,0,0.0,0.6440999999998875,0.6440999999998875,0.6440999999999819,24000,0.6440999999999987,6000,6000,0.5365712329758253,6000,0.5365712329758253,0.6530537993946778,0.3469462006053222,0.056,0.0,2.0805721282958984,historical_image_averaged_path_dice,confusion_replay_zero_credit,0,0,0,manuscript_l5,fixed_l3,periodic,0.0,0.0,0.0,0
HBTASP-FixedL3,24000,24000,0,,0,0,300,6,1000,909,,6000,0,0.0,0.6440999999998875,0.6440999999998875,0.6440999999999819,24000,0.644099999999999,6000,6000,0.5365712329758258,6000,0.5365712329758258,0.6530537993946778,0.3469462006053222,0.056,0.0,2.059190273284912,historical_image_averaged_path_dice,confusion_replay_zero_credit,0,0,0,manuscript_l5,fixed_l3,periodic,0.0,0.0,0.0,0
HBTASP-FixedL3,24000,24000,0,,0,0,300,6,1000,1010,,6000,0,0.0,0.6440999999998875,0.6440999999998875,0.6440999999999819,24000,0.6440999999999976,6000,6000,0.5365712329758258,6000,0.5365712329758258,0.6530537993946778,0.3469462006053222,0.056,0.0,2.084275484085083,historical_image_averaged_path_dice,confusion_replay_zero_credit,0,0,0,manuscript_l5,fixed_l3,periodic,0.0,0.0,0.0,0
HBTASP-FixedL3,32000,32000,0,,0,0,300,8,1000,101,,8000,0,0.0,0.6441000000001701,0.6441000000001701,0.6441000000000748,32000,0.6441000000000012,8000,8000,0.536571232975825,8000,0.536571232975825,0.6530537993946778,0.3469462006053222,0.056,0.0,2.8557968139648438,historical_image_averaged_path_dice,confusion_replay_zero_credit,0,0,0,manuscript_l5,fixed_l3,periodic,0.0,0.0,0.0,0
HBTASP-FixedL3,32000,32000,0,,0,0,300,8,1000,202,,8000,0,0.0,0.6441000000001701,0.6441000000001701,0.6441000000000748,32000,0.6441000000000007,8000,8000,0.536571232975824,8000,0.536571232975824,0.6530537993946778,0.3469462006053222,0.056,0.0,2.8888309001922607,historical_image_averaged_path_dice,confusion_replay_zero_credit,0,0,0,manuscript_l5,fixed_l3,periodic,0.0,0.0,0.0,0
HBTASP-FixedL3,32000,32000,0,,0,0,300,8,1000,303,,8000,0,0.0,0.6441000000001701,0.6441000000001701,0.6441000000000748,32000,0.6440999999999997,8000,8000,0.5365712329758248,8000,0.5365712329758248,0.6530537993946778,0.3469462006053222,0.056,0.0,2.872333288192749,historical_image_averaged_path_dice,confusion_replay_zero_credit,0,0,0,manuscript_l5,fixed_l3,periodic,0.0,0.0,0.0,0
HBTASP-FixedL3,32000,32000,0,,0,0,300,8,1000,404,,8000,0,0.0,0.6441000000001701,0.6441000000001701,0.6441000000000748,32000,0.644100000000002,8000,8000,0.5365712329758243,8000,0.5365712329758243,0.6530537993946778,0.3469462006053222,0.056,0.0,2.866734504699707,historical_image_averaged_path_dice,confusion_replay_zero_credit,0,0,0,manuscript_l5,fixed_l3,periodic,0.0,0.0,0.0,0
HBTASP-FixedL3,32000,32000,0,,0,0,300,8,1000,505,,8000,0,0.0,0.6441000000001701,0.6441000000001701,0.6441000000000748,32000,0.6441000000000012,8000,8000,0.536571232975825,8000,0.536571232975825,0.6530537993946778,0.3469462006053222,0.056,0.0,2.9311962127685547,historical_image_averaged_path_dice,confusion_replay_zero_credit,0,0,0,manuscript_l5,fixed_l3,periodic,0.0,0.0,0.0,0
HBTASP-FixedL3,32000,32000,0,,0,0,300,8,1000,606,,8000,0,0.0,0.6441000000001701,0.6441000000001701,0.6441000000000748,32000,0.6440999999999997,8000,8000,0.5365712329758242,8000,0.5365712329758242,0.6530537993946778,0.3469462006053222,0.056,0.0,2.9440934658050537,historical_image_averaged_path_dice,confusion_replay_zero_credit,0,0,0,manuscript_l5,fixed_l3,periodic,0.0,0.0,0.0,0
HBTASP-FixedL3,32000,32000,0,,0,0,300,8,1000,707,,8000,0,0.0,0.6441000000001701,0.6441000000001701,0.6441000000000748,32000,0.6441000000000003,8000,8000,0.5365712329758242,8000,0.5365712329758242,0.6530537993946778,0.3469462006053222,0.056,0.0,2.8963449001312256,historical_image_averaged_path_dice,confusion_replay_zero_credit,0,0,0,manuscript_l5,fixed_l3,periodic,0.0,0.0,0.0,0
HBTASP-FixedL3,32000,32000,0,,0,0,300,8,1000,808,,8000,0,0.0,0.6441000000001701,0.6441000000001701,0.6441000000000748,32000,0.6441000000000013,8000,8000,0.5365712329758235,8000,0.5365712329758235,0.6530537993946778,0.3469462006053222,0.056,0.0,2.84448504447937,historical_image_averaged_path_dice,confusion_replay_zero_credit,0,0,0,manuscript_l5,fixed_l3,periodic,0.0,0.0,0.0,0
HBTASP-FixedL3,32000,32000,0,,0,0,300,8,1000,909,,8000,0,0.0,0.6441000000001701,0.6441000000001701,0.6441000000000748,32000,0.6441000000000023,8000,8000,0.536571232975824,8000,0.536571232975824,0.6530537993946778,0.3469462006053222,0.056,0.0,2.8588709831237793,historical_image_averaged_path_dice,confusion_replay_zero_credit,0,0,0,manuscript_l5,fixed_l3,periodic,0.0,0.0,0.0,0
HBTASP-FixedL3,32000,32000,0,,0,0,300,8,1000,1010,,8000,0,0.0,0.6441000000001701,0.6441000000001701,0.6441000000000748,32000,0.6441000000000008,8000,8000,0.5365712329758248,8000,0.5365712329758248,0.6530537993946778,0.3469462006053222,0.056,0.0,2.8978383541107178,historical_image_averaged_path_dice,confusion_replay_zero_credit,0,0,0,manuscript_l5,fixed_l3,periodic,0.0,0.0,0.0,0
HBTASP-FixedL3,40000,35640,0,,377,0,300,10,1000,101,,10000,0,0.0,0.6441000000002788,0.5678224575002457,0.6441000000001469,35263,0.595729805085978,10000,10000,0.4452681341450012,8921,0.5190892475430818,0.5731361663415362,0.4268638336584638,0.1919,0.07382111339808062,3.441659927368164,historical_image_averaged_path_dice,confusion_replay_zero_credit,0,4360,0,manuscript_l5,fixed_l3,periodic,0.0,0.0,0.0,0
HBTASP-FixedL3,40000,35500,0,,235,0,300,10,1000,202,,10000,0,0.0,0.6441000000002789,0.5678546625002459,0.6441000000001469,35265,0.5957147981942862,10000,10000,0.4506174785727517,8920,0.522211935166016,0.5908645825837692,0.40913541741623083,0.1879,0.07159445659326436,3.6425375938415527,historical_image_averaged_path_dice,confusion_replay_zero_credit,0,4500,0,manuscript_l5,fixed_l3,periodic,0.0,0.0,0.0,0
HBTASP-FixedL3,40000,35520,0,,274,0,300,10,1000,303,,10000,0,0.0,0.6441000000002782,0.5675487150002452,0.6441000000001469,35246,0.5952609103228063,10000,10000,0.44617189464112145,9081,0.5143471414837999,0.562043606641614,0.437956393358386,0.1839,0.06817524684267845,3.493166923522949,historical_image_averaged_path_dice,confusion_replay_zero_credit,0,4480,0,manuscript_l5,fixed_l3,periodic,0.0,0.0,0.0,0
HBTASP-FixedL3,40000,35620,0,,355,0,300,10,1000,404,,10000,0,0.0,0.6441000000002789,0.5678546625002459,0.6441000000001469,35265,0.5958606191406911,10000,10000,0.44265924540607987,8981,0.5179888290699242,0.5618472095114009,0.4381527904885991,0.1799,0.07532958366384429,3.4413065910339355,historical_image_averaged_path_dice,confusion_replay_zero_credit,0,4380,0,manuscript_l5,fixed_l3,periodic,0.0,0.0,0.0,0
HBTASP-FixedL3,40000,35360,0,,138,0,300,10,1000,505,,10000,0,0.0,0.6441000000002776,0.5671622550002444,0.6441000000001469,35222,0.5950612966480732,10000,10000,0.4525099586395635,9040,0.5232527327426998,0.5716536429001164,0.42834635709988356,0.176,0.07074277410313629,3.5430684089660645,historical_image_averaged_path_dice,confusion_replay_zero_credit,0,4640,0,manuscript_l5,fixed_l3,periodic,0.0,0.0,0.0,0
HBTASP-FixedL3,40000,35460,0,,215,0,300,10,1000,606,,10000,0,0.0,0.6441000000002782,0.5675326125002451,0.6441000000001469,35245,0.5955022766846632,10000,10000,0.4492460875831305,9160,0.5136107104185962,0.5850810304045045,0.41491896959549546,0.1839,0.06436462283546568,3.479299306869507,historical_image_averaged_path_dice,confusion_replay_zero_credit,0,4540,0,manuscript_l5,fixed_l3,periodic,0.0,0.0,0.0,0
HBTASP-FixedL3,40000,35520,0,,238,0,300,10,1000,707,,10000,0,0.0,0.6441000000002793,0.5681284050002464,0.6441000000001469,35282,0.5965698683565753,10000,10000,0.4368699594226923,8901,0.5127975118928013,0.5754551312057623,0.4245448687942377,0.2,0.07592755247010902,3.483187198638916,historical_image_averaged_path_dice,confusion_replay_zero_credit,0,4480,0,manuscript_l5,fixed_l3,periodic,0.0,0.0,0.0,0
HBTASP-FixedL3,40000,35540,0,,298,0,300,10,1000,808,,10000,0,0.0,0.6441000000002781,0.567484305000245,0.6441000000001469,35242,0.5960693530300746,10000,10000,0.44250222057500166,8960,0.5161794090755555,0.579207831388114,0.42079216861188595,0.196,0.07367718850055383,3.4343421459198,historical_image_averaged_path_dice,confusion_replay_zero_credit,0,4460,0,manuscript_l5,fixed_l3,periodic,0.0,0.0,0.0,0
HBTASP-FixedL3,40000,35520,0,,218,0,300,10,1000,909,,10000,0,0.0,0.64410000000028,0.568450455000247,0.6441000000001469,35302,0.5970796733221597,10000,10000,0.43985248343106487,9040,0.5116028718298733,0.5762949232574113,0.4237050767425887,0.1899,0.07175038839880843,3.4530184268951416,historical_image_averaged_path_dice,confusion_replay_zero_credit,0,4480,0,manuscript_l5,fixed_l3,periodic,0.0,0.0,0.0,0
HBTASP-FixedL3,40000,35460,0,,139,0,300,10,1000,1010,,10000,0,0.0,0.6441000000002806,0.5687564025002477,0.6441000000001469,35321,0.596363277460515,10000,10000,0.4517483827715348,9040,0.5185961640368187,0.5814477205873928,0.4185522794126072,0.186,0.06684778126528396,3.5356218814849854,historical_image_averaged_path_dice,confusion_replay_zero_credit,0,4540,0,manuscript_l5,fixed_l3,periodic,0.0,0.0,0.0,0
HBTASP-Dynamic,16000,14000,0,,0,0,100,4,1000,101,,4000,0,0.0,0.6125954928570643,0.5360210562499312,0.6884000000000013,14000,0.5680472421052932,4000,4000,0.37234560552728824,3664,0.42424317147639123,0.5754005546959867,0.4245994453040133,0.172,0.051897565949103,1.999239444732666,historical_image_averaged_path_dice,confusion_replay_zero_credit,0,2000,0,assigned_level_sensitivity,dynamic,periodic,0.0,0.0,0.0,0
HBTASP-Dynamic,16000,14000,0,,0,0,100,4,1000,202,,4000,0,0.0,0.6123119714284913,0.5357729749999298,0.6884000000000013,14000,0.5675156263608979,4000,4000,0.37341967831969486,3696,0.4208704432184704,0.5805540938626124,0.41944590613738764,0.166,0.04745076489877553,1.9874539375305176,historical_image_averaged_path_dice,confusion_replay_zero_credit,0,2000,0,assigned_level_sensitivity,dynamic,periodic,0.0,0.0,0.0,0
HBTASP-Dynamic,16000,14000,0,,0,0,100,4,1000,303,,4000,0,0.0,0.612267057142777,0.5357336749999299,0.6884000000000013,14000,0.5672294843540727,4000,4000,0.3754308911001156,3696,0.42610480937450523,0.577142974423698,0.422857025576302,0.16,0.05067391827438961,1.988532304763794,historical_image_averaged_path_dice,confusion_replay_zero_credit,0,2000,0,assigned_level_sensitivity,dynamic,periodic,0.0,0.0,0.0,0
HBTASP-Dynamic,16000,14000,0,,0,0,100,4,1000,404,,4000,0,0.0,0.6123007428570627,0.5357631499999298,0.6884000000000013,14000,0.567567041745407,4000,4000,0.3787523765710724,3712,0.42965682082640355,0.576939010559715,0.42306098944028503,0.14975,0.05090444425533114,1.963498830795288,historical_image_averaged_path_dice,confusion_replay_zero_credit,0,2000,0,assigned_level_sensitivity,dynamic,periodic,0.0,0.0,0.0,0
HBTASP-Dynamic,16000,14000,0,,0,0,100,4,1000,505,,4000,0,0.0,0.612413028571349,0.5358613999999304,0.6884000000000013,14000,0.5670022161402198,4000,4000,0.3732743382944434,3680,0.4230927737884646,0.5779452604510152,0.42205473954898476,0.168,0.04981843549402121,1.9840342998504639,historical_image_averaged_path_dice,confusion_replay_zero_credit,0,2000,0,assigned_level_sensitivity,dynamic,periodic,0.0,0.0,0.0,0
HBTASP-Dynamic,16000,14000,0,,0,0,100,4,1000,606,,4000,0,0.0,0.6124354857142061,0.5358810499999304,0.6884000000000013,14000,0.5674042707786401,4000,4000,0.37541074666466545,3736,0.4225504488510914,0.5745652363314332,0.4254347636685668,0.16,0.047139702186425936,2.0241141319274902,historical_image_averaged_path_dice,confusion_replay_zero_credit,0,2000,0,assigned_level_sensitivity,dynamic,periodic,0.0,0.0,0.0,0
HBTASP-Dynamic,16000,14000,0,,0,0,100,4,1000,707,,4000,0,0.0,0.6125589999999212,0.535989124999931,0.6884000000000013,14000,0.5673495229922192,4000,4000,0.3795255227672971,3712,0.4271494024127549,0.5971501335594451,0.40284986644055487,0.162,0.04762387964545778,2.2032105922698975,historical_image_averaged_path_dice,confusion_replay_zero_credit,0,2000,0,assigned_level_sensitivity,dynamic,periodic,0.0,0.0,0.0,0
HBTASP-Dynamic,16000,14000,0,,0,0,100,4,1000,808,,4000,0,0.0,0.6122754785713483,0.5357410437499298,0.6884000000000013,14000,0.5676521234168243,4000,4000,0.3703017045276364,3656,0.41992886244717376,0.5867211055245317,0.4132788944754683,0.18,0.04962715791953737,1.9869821071624756,historical_image_averaged_path_dice,confusion_replay_zero_credit,0,2000,0,assigned_level_sensitivity,dynamic,periodic,0.0,0.0,0.0,0
HBTASP-Dynamic,16000,14000,0,,0,0,100,4,1000,909,,4000,0,0.0,0.6123288142856342,0.53578771249993,0.6884000000000013,14000,0.5686447340713152,4000,4000,0.3804479126743611,3704,0.4297934935124676,0.5788420688307361,0.4211579311692639,0.161,0.04934558083810647,2.0240724086761475,historical_image_averaged_path_dice,confusion_replay_zero_credit,0,2000,0,assigned_level_sensitivity,dynamic,periodic,0.0,0.0,0.0,0
HBTASP-Dynamic,16000,14000,0,,0,0,100,4,1000,1010,,4000,0,0.0,0.6126039142856355,0.5360284249999311,0.6884000000000013,14000,0.5673239166991241,4000,4000,0.37709629600682865,3720,0.42752910227484353,0.5815490513516635,0.41845094864833654,0.15,0.050432806268014885,2.1122758388519287,historical_image_averaged_path_dice,confusion_replay_zero_credit,0,2000,0,assigned_level_sensitivity,dynamic,periodic,0.0,0.0,0.0,0
HBTASP-Dynamic,24000,10000,0,,0,0,100,6,1000,101,,6000,0,0.0,0.6464202899999839,0.2693417874999933,0.6884000000000013,10000,0.337845793601885,6000,6000,0.15930839146057257,3802,0.3627959012065277,0.2183181351611529,0.781681864838847,0.5656666666666667,0.20348750974595514,2.4251368045806885,historical_image_averaged_path_dice,confusion_replay_zero_credit,0,14000,0,assigned_level_sensitivity,dynamic,periodic,0.0,0.0,0.0,0
HBTASP-Dynamic,24000,10000,0,,0,0,100,6,1000,202,,6000,0,0.0,0.6464163599999839,0.26934014999999334,0.6884000000000013,10000,0.3379504978553719,6000,6000,0.15323348095173123,3769,0.3624252144701747,0.20164576871627066,0.7983542312837293,0.5701666666666667,0.20919173351844345,2.436594009399414,historical_image_averaged_path_dice,confusion_replay_zero_credit,0,14000,0,assigned_level_sensitivity,dynamic,periodic,0.0,0.0,0.0,0
HBTASP-Dynamic,24000,10000,0,,0,0,100,6,1000,303,,6000,0,0.0,0.6464163599999839,0.26934014999999334,0.6884000000000013,10000,0.3376672848790262,6000,6000,0.15717780744194848,3800,0.3596328079145986,0.20773824640203045,0.7922617535979696,0.5681666666666667,0.20245500047265014,2.4519996643066406,historical_image_averaged_path_dice,confusion_replay_zero_credit,0,14000,0,assigned_level_sensitivity,dynamic,periodic,0.0,0.0,0.0,0
HBTASP-Dynamic,24000,10000,0,,0,0,100,6,1000,404,,6000,0,0.0,0.6464202899999839,0.2693417874999933,0.6884000000000013,10000,0.33746231516493724,6000,6000,0.15538473669784308,3762,0.3610838860980718,0.20622980401252847,0.7937701959874716,0.5681666666666667,0.2056991494002287,2.4886066913604736,historical_image_averaged_path_dice,confusion_replay_zero_credit,0,14000,0,assigned_level_sensitivity,dynamic,periodic,0.0,0.0,0.0,0
HBTASP-Dynamic,24000,10000,0,,0,0,100,6,1000,505,,6000,0,0.0,0.646408499999984,0.2693368749999933,0.6884000000000013,10000,0.3376518164036087,6000,6000,0.15597440404482837,3760,0.3630812929815368,0.21026695458720596,0.789733045412794,0.5728333333333333,0.20710688893670842,2.3990397453308105,historical_image_averaged_path_dice,confusion_replay_zero_credit,0,14000,0,assigned_level_sensitivity,dynamic,periodic,0.0,0.0,0.0,0
HBTASP-Dynamic,24000,10000,0,,0,0,100,6,1000,606,,6000,0,0.0,0.646408499999984,0.2693368749999933,0.6884000000000013,10000,0.33802143617653546,6000,6000,0.15768568114354947,3816,0.3634210986770675,0.19543283187099472,0.8045671681290053,0.5675,0.20573541753351804,2.3575735092163086,historical_image_averaged_path_dice,confusion_replay_zero_credit,0,14000,0,assigned_level_sensitivity,dynamic,periodic,0.0,0.0,0.0,0
HBTASP-Dynamic,24000,10000,0,,0,0,100,6,1000,707,,6000,0,0.0,0.6464202899999839,0.2693417874999933,0.6884000000000013,10000,0.3377780136420188,6000,6000,0.1559024372880962,3784,0.3585948520039605,0.20728541695052222,0.7927145830494777,0.569,0.20269241471586433,2.3562939167022705,historical_image_averaged_path_dice,confusion_replay_zero_credit,0,14000,0,assigned_level_sensitivity,dynamic,periodic,0.0,0.0,0.0,0
HBTASP-Dynamic,24000,10000,0,,0,0,100,6,1000,808,,6000,0,0.0,0.6464163599999839,0.26934014999999334,0.6884000000000013,10000,0.3378244503442739,6000,6000,0.15760130849462772,3739,0.3640732634942011,0.20461588344240667,0.7953841165575933,0.5696666666666667,0.20647195499957338,2.3248627185821533,historical_image_averaged_path_dice,confusion_replay_zero_credit,0,14000,0,assigned_level_sensitivity,dynamic,periodic,0.0,0.0,0.0,0
HBTASP-Dynamic,24000,10000,0,,0,0,100,6,1000,909,,6000,0,0.0,0.6464163599999839,0.26934014999999334,0.6884000000000013,10000,0.3377962439955574,6000,6000,0.15772952729633452,3816,0.3636917456685462,0.20528144828932882,0.7947185517106712,0.5655,0.20596221837221165,2.3350577354431152,historical_image_averaged_path_dice,confusion_replay_zero_credit,0,14000,0,assigned_level_sensitivity,dynamic,periodic,0.0,0.0,0.0,0
HBTASP-Dynamic,24000,10000,0,,0,0,100,6,1000,1010,,6000,0,0.0,0.646408499999984,0.2693368749999933,0.6884000000000013,10000,0.33760663192520746,6000,6000,0.1556681178394223,3754,0.36386506987147454,0.20352546600186014,0.7964745339981398,0.5691666666666667,0.20819695203205224,2.357393741607666,historical_image_averaged_path_dice,confusion_replay_zero_credit,0,14000,0,assigned_level_sensitivity,dynamic,periodic,0.0,0.0,0.0,0
HBTASP-Dynamic,32000,10000,0,,0,0,100,8,1000,101,,8000,2000,0.25,0.6464124299999839,0.20200388437499497,0.516300000000001,10000,0.25575214793803297,8000,8000,0.11722667895596872,4069,0.35222966144845796,0.15324802665270695,0.846751973347293,0.666625,0.23500298249248924,3.126753807067871,historical_image_averaged_path_dice,confusion_replay_zero_credit,2000,20000,0,assigned_level_sensitivity,dynamic,periodic,0.0,0.0,0.0,0
HBTASP-Dynamic,32000,10000,0,,0,0,100,8,1000,202,,8000,2000,0.25,0.6464163599999839,0.202005112499995,0.516300000000001,10000,0.2558474864626612,8000,8000,0.11248977034011542,3976,0.34869442951901725,0.14263173122994618,0.8573682687700538,0.6735,0.23620465917890182,3.119795083999634,historical_image_averaged_path_dice,confusion_replay_zero_credit,2000,20000,0,assigned_level_sensitivity,dynamic,periodic,0.0,0.0,0.0,0
HBTASP-Dynamic,32000,10000,0,,0,0,100,8,1000,303,,8000,2000,0.25,0.6464124299999839,0.20200388437499497,0.516300000000001,10000,0.25574395071625955,8000,8000,0.1134624259313306,3964,0.34942691702965795,0.1482038774812272,0.8517961225187728,0.676,0.23596449109832734,3.12740421295166,historical_image_averaged_path_dice,confusion_replay_zero_credit,2000,20000,0,assigned_level_sensitivity,dynamic,periodic,0.0,0.0,0.0,0
HBTASP-Dynamic,32000,10000,0,,0,0,100,8,1000,404,,8000,2000,0.25,0.6464202899999839,0.20200634062499498,0.516300000000001,10000,0.2558665631536512,8000,8000,0.11276208482325686,3888,0.34927773233412374,0.1408442346228185,0.8591557653771815,0.676875,0.23651564751086687,3.208113193511963,historical_image_averaged_path_dice,confusion_replay_zero_credit,2000,20000,0,assigned_level_sensitivity,dynamic,periodic,0.0,0.0,0.0,0
HBTASP-Dynamic,32000,10000,0,,0,0,100,8,1000,505,,8000,2000,0.25,0.6464163599999839,0.202005112499995,0.516300000000001,10000,0.2560955653500604,8000,8000,0.11134066542137502,3952,0.349668618497137,0.14107906198218256,0.8589209380178174,0.676,0.23832795307576196,3.254128932952881,historical_image_averaged_path_dice,confusion_replay_zero_credit,2000,20000,0,assigned_level_sensitivity,dynamic,periodic,0.0,0.0,0.0,0
HBTASP-Dynamic,32000,10000,0,,0,0,100,8,1000,606,,8000,2000,0.25,0.6464163599999839,0.202005112499995,0.516300000000001,10000,0.25528905829232,8000,8000,0.11243345138509042,3924,0.35213612782846776,0.1300011793141984,0.8699988206858016,0.677,0.23970267644337734,3.1171698570251465,historical_image_averaged_path_dice,confusion_replay_zero_credit,2000,20000,0,assigned_level_sensitivity,dynamic,periodic,0.0,0.0,0.0,0
HBTASP-Dynamic,32000,10000,0,,0,0,100,8,1000,707,,8000,2000,0.25,0.6464202899999839,0.20200634062499498,0.516300000000001,10000,0.25556673129763746,8000,8000,0.1156031242438504,3891,0.3562115166118957,0.14377027017113594,0.856229729828864,0.670875,0.24060839236804532,3.157458543777466,historical_image_averaged_path_dice,confusion_replay_zero_credit,2000,20000,0,assigned_level_sensitivity,dynamic,periodic,0.0,0.0,0.0,0
HBTASP-Dynamic,32000,10000,0,,0,0,100,8,1000,808,,8000,2000,0.25,0.6464163599999839,0.202005112499995,0.516300000000001,10000,0.25488187712172344,8000,8000,0.11564678447183724,3901,0.35579494512985305,0.14374879296996032,0.8562512070300397,0.669,0.2401481606580158,3.1268062591552734,historical_image_averaged_path_dice,confusion_replay_zero_credit,2000,20000,0,assigned_level_sensitivity,dynamic,periodic,0.0,0.0,0.0,0
HBTASP-Dynamic,32000,10000,0,,0,0,100,8,1000,909,,8000,2000,0.25,0.6464163599999839,0.202005112499995,0.516300000000001,10000,0.255873504293496,8000,8000,0.11871716022799995,3920,0.3643030265049522,0.14651480817217138,0.8534851918278286,0.668,0.24558586627695228,3.151425838470459,historical_image_averaged_path_dice,confusion_replay_zero_credit,2000,20000,0,assigned_level_sensitivity,dynamic,periodic,0.0,0.0,0.0,0
HBTASP-Dynamic,32000,10000,0,,0,0,100,8,1000,1010,,8000,2000,0.25,0.6464124299999839,0.20200388437499497,0.516300000000001,10000,0.25638273253058314,8000,8000,0.1123184393346698,3792,0.3616736670033711,0.14078658258195584,0.8592134174180441,0.678,0.24935522766870133,3.1230149269104004,historical_image_averaged_path_dice,confusion_replay_zero_credit,2000,20000,0,assigned_level_sensitivity,dynamic,periodic,0.0,0.0,0.0,0
HBTASP-Dynamic,40000,10000,0,,0,0,100,10,1000,101,,10000,4000,0.4,0.646424219999984,0.161606054999996,0.4130400000000008,10000,0.20664641094792768,10000,10000,0.09042708994111263,4020,0.35279778390442834,0.09760312580288362,0.9023968741971163,0.7388,0.2623706939633157,4.090701341629028,historical_image_averaged_path_dice,confusion_replay_zero_credit,4000,26000,0,assigned_level_sensitivity,dynamic,periodic,0.0,0.0,0.0,0
HBTASP-Dynamic,40000,10000,0,,0,0,100,10,1000,202,,10000,4000,0.4,0.6464163599999839,0.16160408999999598,0.4130400000000008,10000,0.20757920992676085,10000,10000,0.09023349792359374,4160,0.35826883581273333,0.10868467334995542,0.8913153266500445,0.7333,0.2680353378891396,4.185905694961548,historical_image_averaged_path_dice,confusion_replay_zero_credit,4000,26000,0,assigned_level_sensitivity,dynamic,periodic,0.0,0.0,0.0,0
HBTASP-Dynamic,40000,10000,0,,0,0,100,10,1000,303,,10000,4000,0.4,0.6464202899999839,0.16160507249999598,0.4130400000000008,10000,0.20540490021487606,10000,10000,0.08407334931162028,4220,0.3207005282850244,0.10565469515418291,0.8943453048458171,0.736,0.2366271789734041,4.066377878189087,historical_image_averaged_path_dice,confusion_replay_zero_credit,4000,26000,0,assigned_level_sensitivity,dynamic,periodic,0.0,0.0,0.0,0
HBTASP-Dynamic,40000,10000,0,,0,0,100,10,1000,404,,10000,4000,0.4,0.6464163599999839,0.16160408999999598,0.4130400000000008,10000,0.20616191969654477,10000,10000,0.09215148109787054,4340,0.33120016591463547,0.11602162734066977,0.8839783726593302,0.73,0.23904868481676494,4.127528190612793,historical_image_averaged_path_dice,confusion_replay_zero_credit,4000,26000,0,assigned_level_sensitivity,dynamic,periodic,0.0,0.0,0.0,0
HBTASP-Dynamic,40000,10000,0,,0,0,100,10,1000,505,,10000,4000,0.4,0.6464163599999839,0.16160408999999598,0.4130400000000008,10000,0.20645634724716705,10000,10000,0.09188039489449151,4190,0.3538961350979316,0.10305865018206732,0.8969413498179327,0.728,0.2620157402034401,4.144364356994629,historical_image_averaged_path_dice,confusion_replay_zero_credit,4000,26000,0,assigned_level_sensitivity,dynamic,periodic,0.0,0.0,0.0,0
HBTASP-Dynamic,40000,10000,0,,0,0,100,10,1000,606,,10000,4000,0.4,0.6464163599999839,0.16160408999999598,0.4130400000000008,10000,0.20604355180374775,10000,10000,0.09133377346385384,4233,0.3369747622879172,0.09647803162053968,0.9035219683794603,0.7309,0.24564098882406332,4.08552622795105,historical_image_averaged_path_dice,confusion_replay_zero_credit,4000,26000,0,assigned_level_sensitivity,dynamic,periodic,0.0,0.0,0.0,0
HBTASP-Dynamic,40000,10000,0,,0,0,100,10,1000,707,,10000,4000,0.4,0.6464163599999839,0.16160408999999598,0.4130400000000008,10000,0.2048413008481092,10000,10000,0.09136586031225434,4160,0.3532051825436059,0.1169279332900925,0.8830720667099075,0.7301,0.26183932223135153,4.236743688583374,historical_image_averaged_path_dice,confusion_replay_zero_credit,4000,26000,0,assigned_level_sensitivity,dynamic,periodic,0.0,0.0,0.0,0
HBTASP-Dynamic,40000,10000,0,,0,0,100,10,1000,808,,10000,4000,0.4,0.6464163599999839,0.16160408999999598,0.4130400000000008,10000,0.20709210796371613,10000,10000,0.0872374351749566,4040,0.34208049588739065,0.09735455695001612,0.9026454430499838,0.74,0.254843060712434,4.255014657974243,historical_image_averaged_path_dice,confusion_replay_zero_credit,4000,26000,0,assigned_level_sensitivity,dynamic,periodic,0.0,0.0,0.0,0
HBTASP-Dynamic,40000,10000,0,,0,0,100,10,1000,909,,10000,4000,0.4,0.646424219999984,0.161606054999996,0.4130400000000008,10000,0.2063299391758064,10000,10000,0.08700169866123812,4124,0.33785903631034836,0.10559773446385941,0.8944022655361406,0.7319,0.2508573376491102,4.291902303695679,historical_image_averaged_path_dice,confusion_replay_zero_credit,4000,26000,0,assigned_level_sensitivity,dynamic,periodic,0.0,0.0,0.0,0
HBTASP-Dynamic,40000,10000,0,,0,0,100,10,1000,1010,,10000,4000,0.4,0.6464163599999839,0.16160408999999598,0.4130400000000008,10000,0.20626615652876495,10000,10000,0.09245736695373713,4140,0.35432185606773353,0.09982431247610153,0.9001756875238984,0.7248,0.2618644891139964,4.17020845413208,historical_image_averaged_path_dice,confusion_replay_zero_credit,4000,26000,0,assigned_level_sensitivity,dynamic,periodic,0.0,0.0,0.0,0
HBTASP-Dynamic,16000,15413,0,,0,0,150,4,1000,101,,4000,0,0.0,0.644366288198212,0.6207260999999401,0.6884000000000013,15413,0.6342478531449267,4000,4000,0.4671521407429352,3933,0.4829437940990956,0.6311969014967049,0.36880309850329507,0.07875,0.015791653356160396,2.4523072242736816,historical_image_averaged_path_dice,confusion_replay_zero_credit,0,587,0,assigned_level_sensitivity,dynamic,periodic,0.0,0.0,0.0,0
HBTASP-Dynamic,16000,15325,0,,0,0,150,4,1000,202,,4000,0,0.0,0.6436676606850887,0.6165129312499366,0.6884000000000013,15325,0.6309007971221801,4000,4000,0.4580947252102594,3912,0.4737056960223984,0.6239181961071545,0.3760818038928455,0.09675,0.015610970812139024,2.4325647354125977,historical_image_averaged_path_dice,confusion_replay_zero_credit,0,675,0,assigned_level_sensitivity,dynamic,periodic,0.0,0.0,0.0,0
HBTASP-Dynamic,16000,15388,0,,0,0,150,4,1000,303,,4000,0,0.0,0.6442399402130903,0.6195977624999396,0.6884000000000013,15388,0.6336166684681237,4000,4000,0.46532174394464515,3936,0.4779974208982518,0.6332686039648201,0.3667313960351799,0.08075,0.012675676953606663,2.43888783454895,historical_image_averaged_path_dice,confusion_replay_zero_credit,0,612,0,assigned_level_sensitivity,dynamic,periodic,0.0,0.0,0.0,0
HBTASP-Dynamic,16000,15456,0,,0,0,150,4,1000,404,,4000,0,0.0,0.643880667701799,0.6219887249999378,0.6884000000000013,15456,0.6355893413573536,4000,4000,0.46903380473994294,3952,0.48236211526276884,0.6321086496421751,0.36789135035782494,0.08525,0.013328310522825904,2.498504877090454,historical_image_averaged_path_dice,confusion_replay_zero_credit,0,544,0,assigned_level_sensitivity,dynamic,periodic,0.0,0.0,0.0,0
HBTASP-Dynamic,16000,15448,0,,0,0,150,4,1000,505,,4000,0,0.0,0.643734709994758,0.6215258624999389,0.6884000000000013,15448,0.6347850989751569,4000,4000,0.46568482404950934,3952,0.4782940998753873,0.6315332832016615,0.36846671679833853,0.08575,0.012609275825877952,2.4415719509124756,historical_image_averaged_path_dice,confusion_replay_zero_credit,0,552,0,assigned_level_sensitivity,dynamic,periodic,0.0,0.0,0.0,0
HBTASP-Dynamic,16000,15344,0,,0,0,150,4,1000,606,,4000,0,0.0,0.6441194864441493,0.6177105874999391,0.6884000000000013,15344,0.6328619420077652,4000,4000,0.4613923860074439,3880,0.4823031486966891,0.625240962966608,0.374759037033392,0.092,0.020910762689245188,2.4376673698425293,historical_image_averaged_path_dice,confusion_replay_zero_credit,0,656,0,assigned_level_sensitivity,dynamic,periodic,0.0,0.0,0.0,0
HBTASP-Dynamic,16000,15432,0,,0,0,150,4,1000,707,,4000,0,0.0,0.6441566226023224,0.62128906249994,0.6884000000000013,15432,0.6348416559609462,4000,4000,0.46490376307584985,3936,0.47996111273679426,0.6279503770632022,0.3720496229367978,0.08175,0.015057349660944408,2.404266357421875,historical_image_averaged_path_dice,confusion_replay_zero_credit,0,568,0,assigned_level_sensitivity,dynamic,periodic,0.0,0.0,0.0,0
HBTASP-Dynamic,16000,15289,0,,0,0,150,4,1000,808,,4000,0,0.0,0.644965883968803,0.6163052124999393,0.6884000000000013,15289,0.631712545761412,4000,4000,0.4662240646063807,3921,0.4812888707675234,0.6291606938513529,0.37083930614864713,0.09575,0.015064806161142696,2.3924765586853027,historical_image_averaged_path_dice,confusion_replay_zero_credit,0,711,0,assigned_level_sensitivity,dynamic,periodic,0.0,0.0,0.0,0
HBTASP-Dynamic,16000,15364,0,,0,0,150,4,1000,909,,4000,0,0.0,0.6443973053891568,0.6187825124999379,0.6884000000000013,15364,0.633208066777712,4000,4000,0.4657205261983378,3940,0.4822796478619045,0.6193468029437067,0.3806531970562933,0.0825,0.01655912166356671,2.4857959747314453,historical_image_averaged_path_dice,confusion_replay_zero_credit,0,636,0,assigned_level_sensitivity,dynamic,periodic,0.0,0.0,0.0,0
HBTASP-Dynamic,16000,15416,0,,0,0,150,4,1000,1010,,4000,0,0.0,0.6435244745718107,0.6200358312499397,0.6884000000000013,15416,0.6334690381156526,4000,4000,0.4614589990510091,3928,0.47547055144343414,0.627124372869847,0.372875627130153,0.082,0.01401155239242502,2.490849018096924,historical_image_averaged_path_dice,confusion_replay_zero_credit,0,584,0,assigned_level_sensitivity,dynamic,periodic,0.0,0.0,0.0,0
HBTASP-Dynamic,24000,21996,0,,0,0,150,6,1000,101,,6000,0,0.0,0.6088560829239485,0.5580165999997988,0.6884000000000013,21996,0.5830848959144221,6000,6000,0.3861195742605795,5625,0.4228694296719207,0.6163330847081558,0.38366691529184416,0.14016666666666666,0.03674985541134118,3.23000168800354,historical_image_averaged_path_dice,confusion_replay_zero_credit,0,2004,0,assigned_level_sensitivity,dynamic,periodic,0.0,0.0,0.0,0
HBTASP-Dynamic,24000,22000,0,,0,0,150,6,1000,202,,6000,0,0.0,0.6088363636361441,0.5580999999997988,0.6884000000000013,22000,0.5827035599766293,6000,6000,0.39185267945676894,5656,0.42549312698343916,0.6147019026983429,0.3852980973016571,0.12866666666666668,0.033640447526670225,3.509561061859131,historical_image_averaged_path_dice,confusion_replay_zero_credit,0,2000,0,assigned_level_sensitivity,dynamic,periodic,0.0,0.0,0.0,0
HBTASP-Dynamic,24000,21992,0,,0,0,150,6,1000,303,,6000,0,0.0,0.6088793834119306,0.557936474999799,0.6884000000000013,21992,0.5829402106908543,6000,6000,0.38628193235460456,5668,0.4208752993192206,0.6080251805733424,0.3919748194266576,0.133,0.03459336696461601,3.424168586730957,historical_image_averaged_path_dice,confusion_replay_zero_credit,0,2008,0,assigned_level_sensitivity,dynamic,periodic,0.0,0.0,0.0,0
HBTASP-Dynamic,24000,22000,0,,0,0,150,6,1000,404,,6000,0,0.0,0.6088363636361441,0.5580999999997988,0.6884000000000013,22000,0.5829575563101425,6000,6000,0.3891644507065571,5660,0.4238661936354657,0.6135706498980813,0.3864293501019187,0.13083333333333333,0.0347017429289086,3.30509877204895,historical_image_averaged_path_dice,confusion_replay_zero_credit,0,2000,0,assigned_level_sensitivity,dynamic,periodic,0.0,0.0,0.0,0
HBTASP-Dynamic,24000,21988,0,,0,0,150,6,1000,505,,6000,0,0.0,0.6088937556846997,0.5578481624997991,0.6884000000000013,21988,0.5829998480811122,6000,6000,0.38912359337541547,5672,0.42496373005631805,0.6108051721839943,0.3891948278160057,0.12933333333333333,0.03584013668090258,3.230562448501587,historical_image_averaged_path_dice,confusion_replay_zero_credit,0,2012,0,assigned_level_sensitivity,dynamic,periodic,0.0,0.0,0.0,0
HBTASP-Dynamic,24000,21996,0,,0,0,150,6,1000,606,,6000,0,0.0,0.6088578696124374,0.5580182374997988,0.6884000000000013,21996,0.5829210672736014,6000,6000,0.3866744555571083,5700,0.4195122209489354,0.6004000752497112,0.3995999247502888,0.12866666666666668,0.032837765391827145,3.532863140106201,historical_image_averaged_path_dice,confusion_replay_zero_credit,0,2004,0,assigned_level_sensitivity,dynamic,periodic,0.0,0.0,0.0,0
HBTASP-Dynamic,24000,21992,0,,0,0,150,6,1000,707,,6000,0,0.0,0.6088775963984712,0.557934837499799,0.6884000000000013,21992,0.5827139615604147,6000,6000,0.388859673562669,5647,0.4250478620936803,0.6060486049171185,0.39395139508288146,0.13433333333333333,0.0361881885310113,3.4217419624328613,historical_image_averaged_path_dice,confusion_replay_zero_credit,0,2008,0,assigned_level_sensitivity,dynamic,periodic,0.0,0.0,0.0,0
HBTASP-Dynamic,24000,22000,0,,0,0,150,6,1000,808,,6000,0,0.0,0.6088363636361441,0.5580999999997988,0.6884000000000013,22000,0.5830212350051349,6000,6000,0.384560397352733,5656,0.42069641044626765,0.6047445179164952,0.3952554820835048,0.13633333333333333,0.03613601309353465,3.3207802772521973,historical_image_averaged_path_dice,confusion_replay_zero_credit,0,2000,0,assigned_level_sensitivity,dynamic,periodic,0.0,0.0,0.0,0
HBTASP-Dynamic,24000,21984,0,,0,0,150,6,1000,909,,6000,0,0.0,0.6089117085150646,0.5577631249997992,0.6884000000000013,21984,0.58309847073479,6000,6000,0.3896408142196022,5656,0.4266885711176752,0.612479511227464,0.387520488772536,0.12733333333333333,0.03704775689807299,3.217674493789673,historical_image_averaged_path_dice,confusion_replay_zero_credit,0,2016,0,assigned_level_sensitivity,dynamic,periodic,0.0,0.0,0.0,0
HBTASP-Dynamic,24000,22000,0,,0,0,150,6,1000,1010,,6000,0,0.0,0.6088363636361441,0.5580999999997988,0.6884000000000013,22000,0.5836087735800848,6000,6000,0.38436710421010806,5664,0.41922823887839306,0.606247183596574,0.39375281640342596,0.135,0.034861134668285,3.248425245285034,historical_image_averaged_path_dice,confusion_replay_zero_credit,0,2000,0,assigned_level_sensitivity,dynamic,periodic,0.0,0.0,0.0,0
HBTASP-Dynamic,32000,17000,0,,0,0,150,8,1000,101,,8000,0,0.0,0.6350319058821999,0.33736069999991875,0.6884000000000013,17000,0.40488778150694693,8000,8000,0.21023221894388694,5672,0.38159327981102853,0.3010185994107674,0.6989814005892325,0.471,0.1713610608671416,3.569615125656128,historical_image_averaged_path_dice,confusion_replay_zero_credit,0,15000,0,assigned_level_sensitivity,dynamic,periodic,0.0,0.0,0.0,0
HBTASP-Dynamic,32000,17000,0,,0,0,150,8,1000,202,,8000,0,0.0,0.6349024470586698,0.3372919249999184,0.6884000000000013,17000,0.4049377816098718,8000,8000,0.20920235475658294,5712,0.38272439974377376,0.29703629666574927,0.7029637033342507,0.469,0.17352204498719082,3.56351900100708,historical_image_averaged_path_dice,confusion_replay_zero_credit,0,15000,0,assigned_level_sensitivity,dynamic,periodic,0.0,0.0,0.0,0
HBTASP-Dynamic,32000,17000,0,,0,0,150,8,1000,303,,8000,0,0.0,0.6349926058821996,0.33733982187491857,0.6884000000000013,17000,0.4052874575425468,8000,8000,0.2125630735462735,5584,0.39155415796757725,0.30783471813628216,0.6921652818637178,0.468,0.17899108442130376,3.5790936946868896,historical_image_averaged_path_dice,confusion_replay_zero_credit,0,15000,0,assigned_level_sensitivity,dynamic,periodic,0.0,0.0,0.0,0
HBTASP-Dynamic,32000,17000,0,,0,0,150,8,1000,404,,8000,0,0.0,0.6349764235292584,0.3373312249999186,0.6884000000000013,17000,0.40566758774695577,8000,8000,0.20583365484135452,5728,0.3762437800883222,0.28254845883025054,0.7174515411697495,0.473,0.1704101252469677,3.5994369983673096,historical_image_averaged_path_dice,confusion_replay_zero_credit,0,15000,0,assigned_level_sensitivity,dynamic,periodic,0.0,0.0,0.0,0
HBTASP-Dynamic,32000,17000,0,,0,0,150,8,1000,505,,8000,0,0.0,0.6349787352939643,0.3373324531249185,0.6884000000000013,17000,0.4052210399315867,8000,8000,0.21319530015048221,5576,0.38858094630275747,0.30587446116901423,0.6941255388309857,0.472,0.17538564615227525,3.575083017349243,historical_image_averaged_path_dice,confusion_replay_zero_credit,0,15000,0,assigned_level_sensitivity,dynamic,periodic,0.0,0.0,0.0,0
HBTASP-Dynamic,32000,17000,0,,0,0,150,8,1000,606,,8000,0,0.0,0.6348654588233755,0.33727227499991824,0.6884000000000013,17000,0.4049977744727087,8000,8000,0.2063706197766382,5632,0.3825690689929307,0.291223512001392,0.708776487998608,0.465,0.1761984492162925,3.547079086303711,historical_image_averaged_path_dice,confusion_replay_zero_credit,0,15000,0,assigned_level_sensitivity,dynamic,periodic,0.0,0.0,0.0,0
HBTASP-Dynamic,32000,17000,0,,0,0,150,8,1000,707,,8000,0,0.0,0.6350087882351411,0.33734841874991867,0.6884000000000013,17000,0.40511435992330824,8000,8000,0.20879336952591837,5672,0.38162867888496016,0.29495234874136284,0.7050476512586372,0.473,0.1728353093590418,3.652615785598755,historical_image_averaged_path_dice,confusion_replay_zero_credit,0,15000,0,assigned_level_sensitivity,dynamic,periodic,0.0,0.0,0.0,0
HBTASP-Dynamic,32000,17000,0,,0,0,150,8,1000,808,,8000,0,0.0,0.6348469647057283,0.33726244999991817,0.6884000000000013,17000,0.4048857689089313,8000,8000,0.20887925541092944,5640,0.3790593965396435,0.303147052382157,0.696852947617843,0.478,0.17018014112871405,3.7188045978546143,historical_image_averaged_path_dice,confusion_replay_zero_credit,0,15000,0,assigned_level_sensitivity,dynamic,periodic,0.0,0.0,0.0,0
HBTASP-Dynamic,32000,17000,0,,0,0,150,8,1000,909,,8000,0,0.0,0.635008788235141,0.3373484187499186,0.6884000000000013,17000,0.4053107556197579,8000,8000,0.21145599129399822,5576,0.3896267284913871,0.30242645081198555,0.6975735491880144,0.474,0.17817073719738885,3.6623780727386475,historical_image_averaged_path_dice,confusion_replay_zero_credit,0,15000,0,assigned_level_sensitivity,dynamic,periodic,0.0,0.0,0.0,0
HBTASP-Dynamic,32000,17000,0,,0,0,150,8,1000,1010,,8000,0,0.0,0.6349533058821996,0.3373189437499185,0.6884000000000013,17000,0.40569033256160025,8000,8000,0.20372419382341708,5576,0.3761707562242217,0.29543973026489917,0.7045602697351008,0.489,0.1724465624008046,3.708505630493164,historical_image_averaged_path_dice,confusion_replay_zero_credit,0,15000,0,assigned_level_sensitivity,dynamic,periodic,0.0,0.0,0.0,0
HBTASP-Dynamic,40000,13000,0,,0,0,150,10,1000,101,,10000,0,0.0,0.6632173307691713,0.21554563249998068,0.6884000000000013,13000,0.2807820850305285,10000,10000,0.10940871935040047,5580,0.33712212809276576,0.12338637135633539,0.8766136286436647,0.666,0.2277134087423653,4.278282403945923,historical_image_averaged_path_dice,confusion_replay_zero_credit,0,27000,0,assigned_level_sensitivity,dynamic,periodic,0.0,0.0,0.0,0
HBTASP-Dynamic,40000,13000,0,,0,0,150,10,1000,202,,10000,0,0.0,0.6658262461537969,0.216393529999984,0.6884000000000013,13000,0.280928566089567,10000,10000,0.11217401104323574,5680,0.33890780742679877,0.1246325044297951,0.8753674955702049,0.6598,0.22673379638356303,4.245046615600586,historical_image_averaged_path_dice,confusion_replay_zero_credit,0,27000,0,assigned_level_sensitivity,dynamic,periodic,0.0,0.0,0.0,0
HBTASP-Dynamic,40000,13000,0,,0,0,150,10,1000,303,,10000,0,0.0,0.6658262461537969,0.216393529999984,0.6884000000000013,13000,0.280925288719406,10000,10000,0.11465379079839835,5580,0.34892540635370994,0.1298311843562148,0.8701688156437852,0.66,0.2342716155553116,4.314148187637329,historical_image_averaged_path_dice,confusion_replay_zero_credit,0,27000,0,assigned_level_sensitivity,dynamic,periodic,0.0,0.0,0.0,0
HBTASP-Dynamic,40000,13000,0,,0,0,150,10,1000,404,,10000,0,0.0,0.66582926923072,0.21639451249998395,0.6884000000000013,13000,0.28129400271684035,10000,10000,0.11252143157658259,5600,0.33990524169853276,0.13397682716632167,0.8660231728336784,0.668,0.22738381012195016,4.296001434326172,historical_image_averaged_path_dice,confusion_replay_zero_credit,0,27000,0,assigned_level_sensitivity,dynamic,periodic,0.0,0.0,0.0,0
HBTASP-Dynamic,40000,13000,0,,0,0,150,10,1000,505,,10000,0,0.0,0.6632203538460945,0.2155466149999807,0.6884000000000013,13000,0.2799833603880987,10000,10000,0.11085455371252172,5600,0.33632638298209716,0.13816112378690132,0.8618388762130986,0.6679,0.22547182926957543,4.362956285476685,historical_image_averaged_path_dice,confusion_replay_zero_credit,0,27000,0,assigned_level_sensitivity,dynamic,periodic,0.0,0.0,0.0,0
HBTASP-Dynamic,40000,13000,0,,0,0,150,10,1000,606,,10000,0,0.0,0.6658262461537969,0.216393529999984,0.6884000000000013,13000,0.2809547947316414,10000,10000,0.11530461634770324,5660,0.3431785416190739,0.12251630412697738,0.8774836958730227,0.656,0.22787392527137068,4.297289133071899,historical_image_averaged_path_dice,confusion_replay_zero_credit,0,27000,0,assigned_level_sensitivity,dynamic,periodic,0.0,0.0,0.0,0
HBTASP-Dynamic,40000,13000,0,,0,0,150,10,1000,707,,10000,0,0.0,0.6632143076922482,0.2155446499999807,0.6884000000000013,13000,0.2799544974438447,10000,10000,0.11154302366962333,5520,0.342287049123038,0.1218612129144528,0.8781387870855472,0.6621,0.23074402545341466,4.282320022583008,historical_image_averaged_path_dice,confusion_replay_zero_credit,0,27000,0,assigned_level_sensitivity,dynamic,periodic,0.0,0.0,0.0,0
HBTASP-Dynamic,40000,13000,0,,0,0,150,10,1000,808,,10000,0,0.0,0.6658262461537969,0.216393529999984,0.6884000000000013,13000,0.281193359808577,10000,10000,0.11738734835331135,5660,0.34385203798747976,0.13046537226063426,0.8695346277393657,0.654,0.2264646896341684,4.314968824386597,historical_image_averaged_path_dice,confusion_replay_zero_credit,0,27000,0,assigned_level_sensitivity,dynamic,periodic,0.0,0.0,0.0,0
HBTASP-Dynamic,40000,13000,0,,0,0,150,10,1000,909,,10000,0,0.0,0.6658262461537969,0.216393529999984,0.6884000000000013,13000,0.2812862607152109,10000,10000,0.12179804516627282,5760,0.3548147197521393,0.12560389418079432,0.8743961058192057,0.642,0.23301667458586647,4.357965707778931,historical_image_averaged_path_dice,confusion_replay_zero_credit,0,27000,0,assigned_level_sensitivity,dynamic,periodic,0.0,0.0,0.0,0
HBTASP-Dynamic,40000,13000,0,,0,0,150,10,1000,1010,,10000,0,0.0,0.6658262461537969,0.216393529999984,0.6884000000000013,13000,0.2809927229678384,10000,10000,0.11573555963964662,5560,0.35165054479474206,0.13755696378130952,0.8624430362186905,0.654,0.23591498515509546,4.290130138397217,historical_image_averaged_path_dice,confusion_replay_zero_credit,0,27000,0,assigned_level_sensitivity,dynamic,periodic,0.0,0.0,0.0,0
HBTASP-Dynamic,16000,15912,0,,0,0,200,4,1000,101,,4000,0,0.0,0.6691735922573021,0.665493137499887,0.6884000000000013,15912,0.6702543520690273,4000,4000,0.49528479398306263,3992,0.49694762294498085,0.6456227083944833,0.3543772916055167,0.06625,0.0016628289619182168,2.334491491317749,historical_image_averaged_path_dice,confusion_replay_zero_credit,0,88,0,assigned_level_sensitivity,dynamic,periodic,0.0,0.0,0.0,0
HBTASP-Dynamic,16000,15928,0,,0,0,200,4,1000,202,,4000,0,0.0,0.6688214465091803,0.665811749999889,0.6884000000000013,15928,0.6703584822384255,4000,4000,0.49412146452490335,4000,0.4945206525390808,0.6420820869447383,0.35791791305526166,0.065,0.00039918801417743177,2.3643617630004883,historical_image_averaged_path_dice,confusion_replay_zero_credit,0,72,0,assigned_level_sensitivity,dynamic,periodic,0.0,0.0,0.0,0
HBTASP-Dynamic,16000,15912,0,,0,0,200,4,1000,303,,4000,0,0.0,0.6680174459526286,0.6643433499998891,0.6884000000000013,15912,0.6695736445772492,4000,4000,0.49146060442464967,3992,0.49310354187091915,0.6433809913921397,0.35661900860786033,0.07475,0.0016429374462694768,2.3584110736846924,historical_image_averaged_path_dice,confusion_replay_zero_credit,0,88,0,assigned_level_sensitivity,dynamic,periodic,0.0,0.0,0.0,0
HBTASP-Dynamic,16000,15896,0,,0,0,200,4,1000,404,,4000,0,0.0,0.6683516545041657,0.6640073687498885,0.6884000000000013,15896,0.6688998132046925,4000,4000,0.49143707662393205,3992,0.4931141712961319,0.6449508001573683,0.3550491998426317,0.06775,0.0016770946721998414,2.3271255493164062,historical_image_averaged_path_dice,confusion_replay_zero_credit,0,104,0,assigned_level_sensitivity,dynamic,periodic,0.0,0.0,0.0,0
HBTASP-Dynamic,16000,15936,0,,0,0,200,4,1000,505,,4000,0,0.0,0.6683044992468771,0.6656312812498896,0.6884000000000013,15936,0.6702867709492937,4000,4000,0.4966481636747946,4000,0.49689858290900635,0.6464954895095644,0.35350451049043563,0.07,0.0002504192342117628,2.32096004486084,historical_image_averaged_path_dice,confusion_replay_zero_credit,0,64,0,assigned_level_sensitivity,dynamic,periodic,0.0,0.0,0.0,0
HBTASP-Dynamic,16000,15888,0,,0,0,200,4,1000,606,,4000,0,0.0,0.6687764728095554,0.6640950374998886,0.6884000000000013,15888,0.66918386319452,4000,4000,0.4881671026805133,4000,0.49031709603904156,0.6383070451154549,0.3616929548845451,0.06475,0.0021499933585282793,2.3108911514282227,historical_image_averaged_path_dice,confusion_replay_zero_credit,0,112,0,assigned_level_sensitivity,dynamic,periodic,0.0,0.0,0.0,0
HBTASP-Dynamic,16000,15896,0,,0,0,200,4,1000,707,,4000,0,0.0,0.6687537808252507,0.6644068812498867,0.6884000000000013,15896,0.669372594889121,4000,4000,0.49480405193351407,4000,0.4954249218966106,0.6404933819516585,0.3595066180483415,0.06425,0.0006208699630965153,2.3777570724487305,historical_image_averaged_path_dice,confusion_replay_zero_credit,0,104,0,assigned_level_sensitivity,dynamic,periodic,0.0,0.0,0.0,0
HBTASP-Dynamic,16000,15928,0,,0,0,200,4,1000,808,,4000,0,0.0,0.668386369914502,0.6653786312498867,0.6884000000000013,15928,0.6703379636258688,4000,4000,0.4957639381459269,3992,0.4979558723757838,0.6423260172579228,0.3576739827420772,0.05975,0.0021919342298569178,2.386101007461548,historical_image_averaged_path_dice,confusion_replay_zero_credit,0,72,0,assigned_level_sensitivity,dynamic,periodic,0.0,0.0,0.0,0
HBTASP-Dynamic,16000,15928,0,,0,0,200,4,1000,909,,4000,0,0.0,0.6694412104468974,0.6664287249998864,0.6884000000000013,15928,0.6712981843688073,4000,4000,0.48872879546501696,3992,0.48970821188879454,0.6404855411504617,0.35951445884953825,0.07225,0.0009794164237775793,2.3361716270446777,historical_image_averaged_path_dice,confusion_replay_zero_credit,0,72,0,assigned_level_sensitivity,dynamic,periodic,0.0,0.0,0.0,0
HBTASP-Dynamic,16000,15912,0,,0,0,200,4,1000,1010,,4000,0,0.0,0.6685485294116517,0.6648715124998875,0.6884000000000013,15912,0.6697823515203479,4000,4000,0.49437464966176525,3992,0.4968818589350241,0.6382541274348418,0.3617458725651582,0.066,0.0025072092732588702,2.3397841453552246,historical_image_averaged_path_dice,confusion_replay_zero_credit,0,88,0,assigned_level_sensitivity,dynamic,periodic,0.0,0.0,0.0,0
HBTASP-Dynamic,24000,23480,0,,0,0,200,6,1000,101,,6000,0,0.0,0.631822291311645,0.618132808333226,0.6884000000000013,23480,0.6309390083035525,6000,6000,0.46615442378168653,5924,0.47484777309117915,0.6392338291906839,0.36076617080931606,0.076,0.008693349309492615,3.641874074935913,historical_image_averaged_path_dice,confusion_replay_zero_credit,0,520,0,assigned_level_sensitivity,dynamic,periodic,0.0,0.0,0.0,0
HBTASP-Dynamic,24000,23436,0,,0,0,200,6,1000,202,,6000,0,0.0,0.6323636456732145,0.617503099999894,0.6884000000000013,23436,0.6300163567898934,6000,6000,0.46445349880134046,5952,0.47337787987403707,0.6305674050221737,0.3694325949778263,0.07183333333333333,0.008924381072696608,3.7165307998657227,historical_image_averaged_path_dice,confusion_replay_zero_credit,0,564,0,assigned_level_sensitivity,dynamic,periodic,0.0,0.0,0.0,0
HBTASP-Dynamic,24000,23484,0,,0,0,200,6,1000,303,,6000,0,0.0,0.6319987906658768,0.6184108166665605,0.6884000000000013,23484,0.6308980583729661,6000,6000,0.46470630067530777,5948,0.4727281248508249,0.6306572634201203,0.3693427365798797,0.07066666666666667,0.008021824175517112,3.727905035018921,historical_image_averaged_path_dice,confusion_replay_zero_credit,0,516,0,assigned_level_sensitivity,dynamic,periodic,0.0,0.0,0.0,0
HBTASP-Dynamic,24000,23412,0,,0,0,200,6,1000,404,,6000,0,0.0,0.6324390825216772,0.6169443249998962,0.6884000000000013,23412,0.6295946379844376,6000,6000,0.46685314586216003,5932,0.4767601655827509,0.6350866944646595,0.3649133055353405,0.06916666666666667,0.009907019720590882,3.6457207202911377,historical_image_averaged_path_dice,confusion_replay_zero_credit,0,588,0,assigned_level_sensitivity,dynamic,periodic,0.0,0.0,0.0,0
HBTASP-Dynamic,24000,23386,0,,0,0,200,6,1000,505,,6000,0,0.0,0.6326199350037429,0.6164354083332305,0.6884000000000013,23386,0.629433279299918,6000,6000,0.46429654505954243,5934,0.4758465978774184,0.6326442797402242,0.3673557202597758,0.07116666666666667,0.011550052817875966,3.6760711669921875,historical_image_averaged_path_dice,confusion_replay_zero_credit,0,614,0,assigned_level_sensitivity,dynamic,periodic,0.0,0.0,0.0,0
HBTASP-Dynamic,24000,23420,0,,0,0,200,6,1000,606,,6000,0,0.0,0.6326471263875975,0.6173581541665638,0.6884000000000013,23420,0.6305763178281419,6000,6000,0.46591445720622604,5928,0.47487531944623973,0.6397469122629527,0.36025308773704734,0.0765,0.00896086224001369,3.6753320693969727,historical_image_averaged_path_dice,confusion_replay_zero_credit,0,580,0,assigned_level_sensitivity,dynamic,periodic,0.0,0.0,0.0,0
HBTASP-Dynamic,24000,23365,0,,0,0,200,6,1000,707,,6000,0,0.0,0.6323892060773558,0.6156572416665591,0.6884000000000013,23365,0.6289563169215096,6000,6000,0.46113702913883275,5912,0.4731297968997259,0.6290721989216828,0.37092780107831724,0.075,0.011992767760893142,3.8152403831481934,historical_image_averaged_path_dice,confusion_replay_zero_credit,0,635,0,assigned_level_sensitivity,dynamic,periodic,0.0,0.0,0.0,0
HBTASP-Dynamic,24000,23368,0,,0,0,200,6,1000,808,,6000,0,0.0,0.6325718204380986,0.6159140958332285,0.6884000000000013,23368,0.6291130397997626,6000,6000,0.46551625698314686,5924,0.47559481145615684,0.6336447220122412,0.3663552779877588,0.07466666666666667,0.010078554473009982,3.81601881980896,historical_image_averaged_path_dice,confusion_replay_zero_credit,0,632,0,assigned_level_sensitivity,dynamic,periodic,0.0,0.0,0.0,0
HBTASP-Dynamic,24000,23404,0,,0,0,200,6,1000,909,,6000,0,0.0,0.6326066740726997,0.616896941666561,0.6884000000000013,23404,0.6303421510244334,6000,6000,0.4636297681431696,5900,0.47614714568250693,0.6363248198236775,0.3636751801763225,0.07416666666666667,0.012517377539337349,3.7994494438171387,historical_image_averaged_path_dice,confusion_replay_zero_credit,0,596,0,assigned_level_sensitivity,dynamic,periodic,0.0,0.0,0.0,0
HBTASP-Dynamic,24000,23360,0,,0,0,200,6,1000,1010,,6000,0,0.0,0.6323724229450965,0.6155091583332273,0.6884000000000013,23360,0.628653049612517,6000,6000,0.46309409054161993,5920,0.4747312615902321,0.6299998931205724,0.37000010687942764,0.074,0.011637171048612172,3.8248825073242188,historical_image_averaged_path_dice,confusion_replay_zero_credit,0,640,0,assigned_level_sensitivity,dynamic,periodic,0.0,0.0,0.0,0
HBTASP-Dynamic,32000,29000,0,,0,0,200,8,1000,101,,8000,0,0.0,0.610461303448098,0.5532305562498389,0.6884000000000013,29000,0.5829063393391294,8000,8000,0.37670445289355203,7440,0.42011875259881204,0.6037524230239388,0.39624757697606117,0.155,0.04341429970526001,4.582679986953735,historical_image_averaged_path_dice,confusion_replay_zero_credit,0,3000,0,assigned_level_sensitivity,dynamic,periodic,0.0,0.0,0.0,0
HBTASP-Dynamic,32000,29000,0,,0,0,200,8,1000,202,,8000,0,0.0,0.610428779310167,0.5532010812498389,0.6884000000000013,29000,0.5832453898080203,8000,8000,0.3791799601901774,7424,0.41990944065189423,0.6092780499356621,0.39072195006433785,0.149,0.040729480461716816,4.628298997879028,historical_image_averaged_path_dice,confusion_replay_zero_credit,0,3000,0,assigned_level_sensitivity,dynamic,periodic,0.0,0.0,0.0,0
HBTASP-Dynamic,32000,29000,0,,0,0,200,8,1000,303,,8000,0,0.0,0.6104260689653398,0.5531986249998393,0.6884000000000013,29000,0.5824375102303756,8000,8000,0.3786439132042865,7465,0.4214368862762432,0.5916176085972603,0.4083823914027397,0.150125,0.04279297307195673,4.611188650131226,historical_image_averaged_path_dice,confusion_replay_zero_credit,0,3000,0,assigned_level_sensitivity,dynamic,periodic,0.0,0.0,0.0,0
HBTASP-Dynamic,32000,29000,0,,0,0,200,8,1000,404,,8000,0,0.0,0.6104382655170638,0.5532096781248391,0.6884000000000013,29000,0.5827616876801545,8000,8000,0.37953429785105147,7424,0.4217021382103515,0.5954730727310659,0.40452692726893413,0.157,0.042167840359300046,4.599207162857056,historical_image_averaged_path_dice,confusion_replay_zero_credit,0,3000,0,assigned_level_sensitivity,dynamic,periodic,0.0,0.0,0.0,0
HBTASP-Dynamic,32000,29000,0,,0,0,200,8,1000,505,,8000,0,0.0,0.6104043862067187,0.5531789749998388,0.6884000000000013,29000,0.5824608662182296,8000,8000,0.38158586430310637,7486,0.4224279386131378,0.6040111385535718,0.3959888614464282,0.14925,0.04084207431003145,4.527919054031372,historical_image_averaged_path_dice,confusion_replay_zero_credit,0,3000,0,assigned_level_sensitivity,dynamic,periodic,0.0,0.0,0.0,0
HBTASP-Dynamic,32000,29000,0,,0,0,200,8,1000,606,,8000,0,0.0,0.6104260689653395,0.5531986249998389,0.6884000000000013,29000,0.5834808374584857,8000,8000,0.37799242208660916,7448,0.4187914633198225,0.5937789032950818,0.40622109670491824,0.15,0.04079904123321332,4.552431106567383,historical_image_averaged_path_dice,confusion_replay_zero_credit,0,3000,0,assigned_level_sensitivity,dynamic,periodic,0.0,0.0,0.0,0
HBTASP-Dynamic,32000,29000,0,,0,0,200,8,1000,707,,8000,0,0.0,0.6103854137929255,0.5531617812498388,0.6884000000000013,29000,0.582758012396244,8000,8000,0.3817462923222888,7424,0.42479578515533156,0.604594428221576,0.39540557177842395,0.151,0.04304949283304277,4.569468975067139,historical_image_averaged_path_dice,confusion_replay_zero_credit,0,3000,0,assigned_level_sensitivity,dynamic,periodic,0.0,0.0,0.0,0
HBTASP-Dynamic,32000,29000,0,,0,0,200,8,1000,808,,8000,0,0.0,0.610404386206719,0.553178974999839,0.6884000000000013,29000,0.5826375806349338,8000,8000,0.3807669213298787,7464,0.4215946779539559,0.604131336696491,0.395868663303509,0.153,0.04082775662407717,4.551251411437988,historical_image_averaged_path_dice,confusion_replay_zero_credit,0,3000,0,assigned_level_sensitivity,dynamic,periodic,0.0,0.0,0.0,0
HBTASP-Dynamic,32000,29000,0,,0,0,200,8,1000,909,,8000,0,0.0,0.6104152275860291,0.5531887999998388,0.6884000000000013,29000,0.5834745441774309,8000,8000,0.379509975322087,7379,0.427014586696651,0.6028986566245065,0.3971013433754935,0.1505,0.047504611374563965,4.611819744110107,historical_image_averaged_path_dice,confusion_replay_zero_credit,0,3000,0,assigned_level_sensitivity,dynamic,periodic,0.0,0.0,0.0,0
HBTASP-Dynamic,32000,29000,0,,0,0,200,8,1000,1010,,8000,0,0.0,0.6104382655170638,0.5532096781248391,0.6884000000000013,29000,0.582967639294476,8000,8000,0.3845170960004045,7520,0.4231667960810119,0.6044230072887099,0.3955769927112901,0.141,0.03864970008060736,4.572631120681763,historical_image_averaged_path_dice,confusion_replay_zero_credit,0,3000,0,assigned_level_sensitivity,dynamic,periodic,0.0,0.0,0.0,0
HBTASP-Dynamic,40000,25000,0,,0,0,200,10,1000,101,,10000,0,0.0,0.6227599999997173,0.38922499999982335,0.6884000000000013,25000,0.4561448544475961,10000,10000,0.2419440457851575,7600,0.38479822501235544,0.37468792374842474,0.6253120762515753,0.4,0.14285417922719795,4.999882698059082,historical_image_averaged_path_dice,confusion_replay_zero_credit,0,15000,0,assigned_level_sensitivity,dynamic,periodic,0.0,0.0,0.0,0
HBTASP-Dynamic,40000,25000,0,,0,0,200,10,1000,202,,10000,0,0.0,0.6227599999997173,0.38922499999982335,0.6884000000000013,25000,0.45561865286941233,10000,10000,0.24264214720331015,7700,0.38255676004426714,0.3731675707594701,0.6268324292405298,0.402,0.139914612840957,5.0109474658966064,historical_image_averaged_path_dice,confusion_replay_zero_credit,0,15000,0,assigned_level_sensitivity,dynamic,periodic,0.0,0.0,0.0,0
HBTASP-Dynamic,40000,25000,0,,0,0,200,10,1000,303,,10000,0,0.0,0.6227599999997173,0.38922499999982335,0.6884000000000013,25000,0.4561738367299262,10000,10000,0.24151526067544032,7600,0.38635671990864623,0.371483024593286,0.6285169754067139,0.392,0.1448414592332059,4.968618869781494,historical_image_averaged_path_dice,confusion_replay_zero_credit,0,15000,0,assigned_level_sensitivity,dynamic,periodic,0.0,0.0,0.0,0
HBTASP-Dynamic,40000,25000,0,,0,0,200,10,1000,404,,10000,0,0.0,0.6227599999997173,0.38922499999982335,0.6884000000000013,25000,0.4558360085760425,10000,10000,0.2443881632709019,7660,0.38219639340259515,0.37703427062744793,0.6229657293725521,0.402,0.13780823013169324,5.038142919540405,historical_image_averaged_path_dice,confusion_replay_zero_credit,0,15000,0,assigned_level_sensitivity,dynamic,periodic,0.0,0.0,0.0,0
HBTASP-Dynamic,40000,25000,0,,0,0,200,10,1000,505,,10000,0,0.0,0.6227599999997173,0.38922499999982335,0.6884000000000013,25000,0.4561893131620697,10000,10000,0.24330903593498415,7560,0.38665022379430053,0.37225445227686565,0.6277455477231344,0.4,0.14334118785931638,4.999525547027588,historical_image_averaged_path_dice,confusion_replay_zero_credit,0,15000,0,assigned_level_sensitivity,dynamic,periodic,0.0,0.0,0.0,0
HBTASP-Dynamic,40000,25000,0,,0,0,200,10,1000,606,,10000,0,0.0,0.6227599999997173,0.38922499999982335,0.6884000000000013,25000,0.45608701647014843,10000,10000,0.24449109108953127,7600,0.3835352168063745,0.3707350389476602,0.6292649610523398,0.4039,0.13904412571684321,5.036368370056152,historical_image_averaged_path_dice,confusion_replay_zero_credit,0,15000,0,assigned_level_sensitivity,dynamic,periodic,0.0,0.0,0.0,0
HBTASP-Dynamic,40000,25000,0,,0,0,200,10,1000,707,,10000,0,0.0,0.6227599999997173,0.38922499999982335,0.6884000000000013,25000,0.45567541736160866,10000,10000,0.2397486971076762,7640,0.3777846201077809,0.3673388778204114,0.6326611221795886,0.404,0.1380359230001047,5.070919752120972,historical_image_averaged_path_dice,confusion_replay_zero_credit,0,15000,0,assigned_level_sensitivity,dynamic,periodic,0.0,0.0,0.0,0
HBTASP-Dynamic,40000,25000,0,,0,0,200,10,1000,808,,10000,0,0.0,0.6227599999997173,0.38922499999982335,0.6884000000000013,25000,0.45629494621947886,10000,10000,0.24276841611295713,7640,0.3791561986652029,0.37454532626016823,0.6254546737398318,0.408,0.13638778255224576,5.017597436904907,historical_image_averaged_path_dice,confusion_replay_zero_credit,0,15000,0,assigned_level_sensitivity,dynamic,periodic,0.0,0.0,0.0,0
HBTASP-Dynamic,40000,25000,0,,0,0,200,10,1000,909,,10000,0,0.0,0.6227599999997173,0.38922499999982335,0.6884000000000013,25000,0.4561771811763278,10000,10000,0.2458962655392338,7720,0.38714303875047723,0.36619644938848345,0.6338035506115165,0.386,0.14124677321124343,5.029127836227417,historical_image_averaged_path_dice,confusion_replay_zero_credit,0,15000,0,assigned_level_sensitivity,dynamic,periodic,0.0,0.0,0.0,0
HBTASP-Dynamic,40000,25000,0,,0,0,200,10,1000,1010,,10000,0,0.0,0.6227599999997173,0.38922499999982335,0.6884000000000013,25000,0.4557700247759445,10000,10000,0.2392728105539958,7660,0.3779567685665731,0.35621446035793947,0.6437855396420605,0.404,0.13868395801257732,5.028913497924805,historical_image_averaged_path_dice,confusion_replay_zero_credit,0,15000,0,assigned_level_sensitivity,dynamic,periodic,0.0,0.0,0.0,0
HBTASP-Dynamic,16000,15944,0,,0,0,250,4,1000,101,,4000,0,0.0,0.6839429252381732,0.6815491249998396,0.6884000000000013,15944,0.6826043826119819,4000,4000,0.4973579266974317,4000,0.49838915821950286,0.6389651675549336,0.3610348324450664,0.062,0.0010312315220711854,2.316298484802246,historical_image_averaged_path_dice,confusion_replay_zero_credit,0,56,0,assigned_level_sensitivity,dynamic,periodic,0.0,0.0,0.0,0
HBTASP-Dynamic,16000,16000,0,,0,0,250,4,1000,202,,4000,0,0.0,0.6832940249998372,0.6832940249998372,0.6884000000000013,16000,0.6842237238845225,4000,4000,0.49554720106026473,4000,0.49554720106026473,0.6397417674884486,0.3602582325115514,0.06,0.0,2.2866475582122803,historical_image_averaged_path_dice,confusion_replay_zero_credit,0,0,0,assigned_level_sensitivity,dynamic,periodic,0.0,0.0,0.0,0
HBTASP-Dynamic,16000,15984,0,,0,0,250,4,1000,303,,4000,0,0.0,0.6830698573571975,0.6823867874998404,0.6884000000000013,15984,0.6833487055548377,4000,4000,0.49730675659497603,4000,0.497511853907172,0.6400800656047357,0.35991993439526426,0.062,0.0002050973121959787,2.274921417236328,historical_image_averaged_path_dice,confusion_replay_zero_credit,0,16,0,assigned_level_sensitivity,dynamic,periodic,0.0,0.0,0.0,0
HBTASP-Dynamic,16000,15976,0,,0,0,250,4,1000,404,,4000,0,0.0,0.683263357536144,0.6822384624998398,0.6884000000000013,15976,0.6833053658739858,4000,4000,0.4973255226332016,4000,0.4980587959101225,0.6402842046245931,0.3597157953754069,0.064,0.0007332732769208539,2.3531529903411865,historical_image_averaged_path_dice,confusion_replay_zero_credit,0,24,0,assigned_level_sensitivity,dynamic,periodic,0.0,0.0,0.0,0
HBTASP-Dynamic,16000,16000,0,,0,0,250,4,1000,505,,4000,0,0.0,0.683494449999837,0.683494449999837,0.6884000000000013,16000,0.6844679413576765,4000,4000,0.4948519775695572,4000,0.4948519775695572,0.6402684302926192,0.35973156970738085,0.06,0.0,2.3331737518310547,historical_image_averaged_path_dice,confusion_replay_zero_credit,0,0,0,assigned_level_sensitivity,dynamic,periodic,0.0,0.0,0.0,0
HBTASP-Dynamic,16000,15976,0,,0,0,250,4,1000,606,,4000,0,0.0,0.6836699737104035,0.6826444687498379,0.6884000000000013,15976,0.6839380596981346,4000,4000,0.49676070936302935,4000,0.49676070936302935,0.6395249348193476,0.3604750651806524,0.062,0.0,2.291414737701416,historical_image_averaged_path_dice,confusion_replay_zero_credit,0,24,0,assigned_level_sensitivity,dynamic,periodic,0.0,0.0,0.0,0
HBTASP-Dynamic,16000,15968,0,,0,0,250,4,1000,707,,4000,0,0.0,0.683339979959757,0.6819732999998376,0.6884000000000013,15968,0.6831328720322442,4000,4000,0.49610266928834174,4000,0.49698367680365146,0.6375681243014887,0.3624318756985113,0.064,0.0008810075153097285,2.2781262397766113,historical_image_averaged_path_dice,confusion_replay_zero_credit,0,32,0,assigned_level_sensitivity,dynamic,periodic,0.0,0.0,0.0,0
HBTASP-Dynamic,16000,15984,0,,0,0,250,4,1000,808,,4000,0,0.0,0.6836027840338716,0.6829191812498377,0.6884000000000013,15984,0.6838559304457776,4000,4000,0.4963307924336035,4000,0.4964113318023172,0.6382605875956175,0.36173941240438245,0.05975,8.053936871371681e-05,2.2550220489501953,historical_image_averaged_path_dice,confusion_replay_zero_credit,0,16,0,assigned_level_sensitivity,dynamic,periodic,0.0,0.0,0.0,0
HBTASP-Dynamic,16000,16000,0,,0,0,250,4,1000,909,,4000,0,0.0,0.6838281562498373,0.6838281562498373,0.6884000000000013,16000,0.6847962332748734,4000,4000,0.49994518167828106,4000,0.49994518167828106,0.6412876829317647,0.35871231706823525,0.06225,0.0,2.2464067935943604,historical_image_averaged_path_dice,confusion_replay_zero_credit,0,0,0,assigned_level_sensitivity,dynamic,periodic,0.0,0.0,0.0,0
HBTASP-Dynamic,16000,15976,0,,0,0,250,4,1000,1010,,4000,0,0.0,0.6837095330494116,0.6826839687498375,0.6884000000000013,15976,0.6838328081506801,4000,4000,0.4971295757260406,4000,0.4974819349767351,0.6420744316027026,0.3579255683972974,0.066,0.0003523592506944895,2.2538273334503174,historical_image_averaged_path_dice,confusion_replay_zero_credit,0,24,0,assigned_level_sensitivity,dynamic,periodic,0.0,0.0,0.0,0
HBTASP-Dynamic,24000,23676,0,,0,0,250,6,1000,101,,6000,0,0.0,0.6541793123838101,0.6453478916666286,0.6884000000000013,23676,0.6541309295369898,6000,6000,0.491197810687199,5948,0.4975051582469846,0.6452443133206963,0.3547556866793037,0.0745,0.0063073475597856254,3.7573082447052,historical_image_averaged_path_dice,confusion_replay_zero_credit,0,324,0,assigned_level_sensitivity,dynamic,periodic,0.0,0.0,0.0,0
HBTASP-Dynamic,24000,23668,0,,0,0,250,6,1000,202,,6000,0,0.0,0.6535955974310883,0.644554191666625,0.6884000000000013,23668,0.6530495688411132,6000,6000,0.493119307784623,5960,0.4982618680164037,0.6437100234192333,0.35628997658076667,0.07483333333333334,0.005142560231780724,3.793605089187622,historical_image_averaged_path_dice,confusion_replay_zero_credit,0,332,0,assigned_level_sensitivity,dynamic,periodic,0.0,0.0,0.0,0
HBTASP-Dynamic,24000,23640,0,,0,0,250,6,1000,303,,6000,0,0.0,0.6536579483925093,0.6438530791666217,0.6884000000000013,23640,0.6526741243615534,6000,6000,0.4916404975518591,5976,0.49610542819218556,0.6397719011676866,0.36022809883231344,0.0675,0.004464930640326437,3.7517764568328857,historical_image_averaged_path_dice,confusion_replay_zero_credit,0,360,0,assigned_level_sensitivity,dynamic,periodic,0.0,0.0,0.0,0
HBTASP-Dynamic,24000,23628,0,,0,0,250,6,1000,404,,6000,0,0.0,0.6540133189435839,0.6438761124999584,0.6884000000000013,23628,0.6525845239823805,6000,6000,0.48524127267388456,5944,0.4925445481029489,0.6340666759478674,0.36593332405213264,0.07666666666666666,0.007303275429064338,3.77729868888855,historical_image_averaged_path_dice,confusion_replay_zero_credit,0,372,0,assigned_level_sensitivity,dynamic,periodic,0.0,0.0,0.0,0
HBTASP-Dynamic,24000,23652,0,,0,0,250,6,1000,505,,6000,0,0.0,0.6538439920513717,0.6443632541666268,0.6884000000000013,23652,0.65307753785327,6000,6000,0.48836649634235385,5956,0.4944179303298892,0.6365318403293887,0.3634681596706113,0.07266666666666667,0.006051433987535326,3.76516056060791,historical_image_averaged_path_dice,confusion_replay_zero_credit,0,348,0,assigned_level_sensitivity,dynamic,periodic,0.0,0.0,0.0,0
HBTASP-Dynamic,24000,23640,0,,0,0,250,6,1000,606,,6000,0,0.0,0.6540003257190801,0.6441903208332939,0.6884000000000013,23640,0.6531213020027025,6000,6000,0.4878494046759535,5932,0.49529898608447837,0.64152793153716,0.35847206846283997,0.08033333333333334,0.0074495814085248635,3.8000271320343018,historical_image_averaged_path_dice,confusion_replay_zero_credit,0,360,0,assigned_level_sensitivity,dynamic,periodic,0.0,0.0,0.0,0
HBTASP-Dynamic,24000,23648,0,,0,0,250,6,1000,707,,6000,0,0.0,0.6535592565967071,0.6439737208332887,0.6884000000000013,23648,0.6527183035778772,6000,6000,0.49543404830467,5964,0.5010927401757318,0.6414111060034284,0.35858889399657157,0.0695,0.005658691871061772,3.9264509677886963,historical_image_averaged_path_dice,confusion_replay_zero_credit,0,352,0,assigned_level_sensitivity,dynamic,periodic,0.0,0.0,0.0,0
HBTASP-Dynamic,24000,23584,0,,0,0,250,6,1000,808,,6000,0,0.0,0.6542382547489375,0.6428981249999559,0.6884000000000013,23584,0.6515955533960365,6000,6000,0.4872211682504614,5956,0.4939033591251823,0.642548588857729,0.35745141114227097,0.07666666666666666,0.006682190874720884,3.9188997745513916,historical_image_averaged_path_dice,confusion_replay_zero_credit,0,416,0,assigned_level_sensitivity,dynamic,periodic,0.0,0.0,0.0,0
HBTASP-Dynamic,24000,23596,0,,0,0,250,6,1000,909,,6000,0,0.0,0.6543668036955002,0.6433516291666259,0.6884000000000013,23596,0.6524890736989153,6000,6000,0.48723142102641864,5928,0.4961605493889666,0.637262329620386,0.362737670379614,0.07733333333333334,0.008929128362547945,3.7524633407592773,historical_image_averaged_path_dice,confusion_replay_zero_credit,0,404,0,assigned_level_sensitivity,dynamic,periodic,0.0,0.0,0.0,0
HBTASP-Dynamic,24000,23604,0,,0,0,250,6,1000,1010,,6000,0,0.0,0.6535009362819404,0.6427181708332884,0.6884000000000013,23604,0.6524652057678771,6000,6000,0.49015892242001774,5928,0.4984458227133782,0.6420439132674269,0.35795608673257306,0.07916666666666666,0.008286900293360433,3.762880563735962,historical_image_averaged_path_dice,confusion_replay_zero_credit,0,396,0,assigned_level_sensitivity,dynamic,periodic,0.0,0.0,0.0,0
HBTASP-Dynamic,32000,31144,0,,0,0,250,8,1000,101,,8000,0,0.0,0.6272182699715616,0.6104401812498224,0.6884000000000013,31144,0.6232629142110134,8000,8000,0.4597166814214477,7936,0.4684031665737313,0.6352867808584055,0.3647132191415945,0.064,0.008686485152283596,5.347841024398804,historical_image_averaged_path_dice,confusion_replay_zero_credit,0,856,0,assigned_level_sensitivity,dynamic,periodic,0.0,0.0,0.0,0
HBTASP-Dynamic,32000,31168,0,,0,0,250,8,1000,202,,8000,0,0.0,0.6270910260521779,0.6107866593748212,0.6884000000000013,31168,0.6236146992245161,8000,8000,0.45812322657581295,7912,0.46707556090654423,0.6341079921276296,0.3658920078723704,0.073,0.008952334330731282,5.2961390018463135,historical_image_averaged_path_dice,confusion_replay_zero_credit,0,832,0,assigned_level_sensitivity,dynamic,periodic,0.0,0.0,0.0,0
HBTASP-Dynamic,32000,31072,0,,0,0,250,8,1000,303,,8000,0,0.0,0.6270222933829276,0.6088386468748227,0.6884000000000013,31072,0.6223460389055038,8000,8000,0.46026576917651424,7912,0.4695721037686066,0.6377058122736213,0.36229418772637867,0.069125,0.009306334592092347,5.356469631195068,historical_image_averaged_path_dice,confusion_replay_zero_credit,0,928,0,assigned_level_sensitivity,dynamic,periodic,0.0,0.0,0.0,0
HBTASP-Dynamic,32000,31088,0,,0,0,250,8,1000,404,,8000,0,0.0,0.6274102290270954,0.6095290374998231,0.6884000000000013,31088,0.6225731638033233,8000,8000,0.45885691379620874,7920,0.46883497203079555,0.6307394716276745,0.3692605283723255,0.071125,0.009978058234586806,5.576174736022949,historical_image_averaged_path_dice,confusion_replay_zero_credit,0,912,0,assigned_level_sensitivity,dynamic,periodic,0.0,0.0,0.0,0
HBTASP-Dynamic,32000,31112,0,,0,0,250,8,1000,505,,8000,0,0.0,0.6274522306503693,0.6100404312498215,0.6884000000000013,31112,0.622922013166112,8000,8000,0.45726530940303106,7936,0.46586335705930315,0.6342883872232321,0.3657116127767679,0.077,0.00859804765627209,5.5355446338653564,historical_image_averaged_path_dice,confusion_replay_zero_credit,0,888,0,assigned_level_sensitivity,dynamic,periodic,0.0,0.0,0.0,0
HBTASP-Dynamic,32000,31152,0,,0,0,250,8,1000,606,,8000,0,0.0,0.6271535888544661,0.6105340187498228,0.6884000000000013,31152,0.6240428002875552,8000,8000,0.4558656677223356,7872,0.46671629240136586,0.6366423585344309,0.36335764146556915,0.078,0.010850624679030252,5.399078369140625,historical_image_averaged_path_dice,confusion_replay_zero_credit,0,848,0,assigned_level_sensitivity,dynamic,periodic,0.0,0.0,0.0,0
HBTASP-Dynamic,32000,31136,0,,0,0,250,8,1000,707,,8000,0,0.0,0.6274867034941639,0.6105445624998215,0.6884000000000013,31136,0.6239960365701835,8000,8000,0.45797918500092555,7904,0.4690307451385456,0.6362024030396839,0.3637975969603161,0.071,0.011051560137620042,5.325990438461304,historical_image_averaged_path_dice,confusion_replay_zero_credit,0,864,0,assigned_level_sensitivity,dynamic,periodic,0.0,0.0,0.0,0
HBTASP-Dynamic,32000,31088,0,,0,0,250,8,1000,808,,8000,0,0.0,0.6277002573338347,0.6098107999998205,0.6884000000000013,31088,0.622920334366006,8000,8000,0.46068752487585796,7896,0.47033713726563753,0.6361376365793385,0.36386236342066147,0.077125,0.009649612389779572,5.3076653480529785,historical_image_averaged_path_dice,confusion_replay_zero_credit,0,912,0,assigned_level_sensitivity,dynamic,periodic,0.0,0.0,0.0,0
HBTASP-Dynamic,32000,31128,0,,0,0,250,8,1000,909,,8000,0,0.0,0.6272402210226926,0.6101479249998242,0.6884000000000013,31128,0.6235175202348132,8000,8000,0.46077972977947546,7920,0.46998535475642156,0.6315862008822746,0.3684137991177254,0.069875,0.009205624976946103,5.393867254257202,historical_image_averaged_path_dice,confusion_replay_zero_credit,0,872,0,assigned_level_sensitivity,dynamic,periodic,0.0,0.0,0.0,0
HBTASP-Dynamic,32000,31160,0,,0,0,250,8,1000,1010,,8000,0,0.0,0.6268988510909612,0.6104427562498235,0.6884000000000013,31160,0.6228704066477935,8000,8000,0.4594405704463979,7928,0.4683129725890737,0.6363764358557346,0.36362356414426544,0.067125,0.008872402142675762,5.361921548843384,historical_image_averaged_path_dice,confusion_replay_zero_credit,0,840,0,assigned_level_sensitivity,dynamic,periodic,0.0,0.0,0.0,0
HBTASP-Dynamic,40000,37000,0,,0,0,250,10,1000,101,,10000,0,0.0,0.6085675675676178,0.5629250000000465,0.6884000000000013,37000,0.5896652740081315,10000,10000,0.3862734634192393,9380,0.42159694665522124,0.6176903641437049,0.38230963585629507,0.138,0.035323483235981945,6.144519090652466,historical_image_averaged_path_dice,confusion_replay_zero_credit,0,3000,0,assigned_level_sensitivity,dynamic,periodic,0.0,0.0,0.0,0
HBTASP-Dynamic,40000,37000,0,,0,0,250,10,1000,202,,10000,0,0.0,0.6085675675676178,0.5629250000000465,0.6884000000000013,37000,0.589381725649193,10000,10000,0.39174757969865126,9480,0.42316694511481684,0.6201165821014105,0.3798834178985895,0.124,0.03141936541616558,6.1510350704193115,historical_image_averaged_path_dice,confusion_replay_zero_credit,0,3000,0,assigned_level_sensitivity,dynamic,periodic,0.0,0.0,0.0,0
HBTASP-Dynamic,40000,37000,0,,0,0,250,10,1000,303,,10000,0,0.0,0.6085675675676178,0.5629250000000465,0.6884000000000013,37000,0.5899325664745512,10000,10000,0.38367139610290196,9420,0.41836234546842044,0.6026277832165394,0.3973722167834606,0.138,0.034690949365518475,6.256699085235596,historical_image_averaged_path_dice,confusion_replay_zero_credit,0,3000,0,assigned_level_sensitivity,dynamic,periodic,0.0,0.0,0.0,0
HBTASP-Dynamic,40000,37000,0,,0,0,250,10,1000,404,,10000,0,0.0,0.6085675675676178,0.5629250000000465,0.6884000000000013,37000,0.5900191661851996,10000,10000,0.3883026616327625,9360,0.42657921180637803,0.6117557534171263,0.3882442465828737,0.134,0.03827655017361553,6.145176887512207,historical_image_averaged_path_dice,confusion_replay_zero_credit,0,3000,0,assigned_level_sensitivity,dynamic,periodic,0.0,0.0,0.0,0
HBTASP-Dynamic,40000,37000,0,,0,0,250,10,1000,505,,10000,0,0.0,0.6085675675676178,0.5629250000000465,0.6884000000000013,37000,0.5901335531630474,10000,10000,0.3873463550752839,9360,0.42670314951314325,0.6104859763612929,0.38951402363870713,0.13,0.03935679443785933,6.155512809753418,historical_image_averaged_path_dice,confusion_replay_zero_credit,0,3000,0,assigned_level_sensitivity,dynamic,periodic,0.0,0.0,0.0,0
HBTASP-Dynamic,40000,37000,0,,0,0,250,10,1000,606,,10000,0,0.0,0.6085675675676178,0.5629250000000465,0.6884000000000013,37000,0.5894859022324738,10000,10000,0.37981961061214886,9420,0.41487696466166085,0.60520113210866,0.39479886789134,0.146,0.03505735404951199,6.147568702697754,historical_image_averaged_path_dice,confusion_replay_zero_credit,0,3000,0,assigned_level_sensitivity,dynamic,periodic,0.0,0.0,0.0,0
HBTASP-Dynamic,40000,37000,0,,0,0,250,10,1000,707,,10000,0,0.0,0.6085675675676178,0.5629250000000465,0.6884000000000013,37000,0.5900772649018342,10000,10000,0.3780245994502006,9300,0.4167471252975785,0.6169071495001134,0.3830928504998866,0.156,0.0387225258473779,6.192549467086792,historical_image_averaged_path_dice,confusion_replay_zero_credit,0,3000,0,assigned_level_sensitivity,dynamic,periodic,0.0,0.0,0.0,0
HBTASP-Dynamic,40000,37000,0,,0,0,250,10,1000,808,,10000,0,0.0,0.6085675675676178,0.5629250000000465,0.6884000000000013,37000,0.5900400972691556,10000,10000,0.39128734887739564,9480,0.42227556563331414,0.6209271622745404,0.37907283772545963,0.13,0.030988216755918507,6.072132110595703,historical_image_averaged_path_dice,confusion_replay_zero_credit,0,3000,0,assigned_level_sensitivity,dynamic,periodic,0.0,0.0,0.0,0
HBTASP-Dynamic,40000,37000,0,,0,0,250,10,1000,909,,10000,0,0.0,0.6085675675676178,0.5629250000000465,0.6884000000000013,37000,0.5905580517716691,10000,10000,0.3861662758730705,9360,0.42400857159415173,0.610943771997002,0.389056228002998,0.138,0.03784229572108122,6.148519515991211,historical_image_averaged_path_dice,confusion_replay_zero_credit,0,3000,0,assigned_level_sensitivity,dynamic,periodic,0.0,0.0,0.0,0
HBTASP-Dynamic,40000,37000,0,,0,0,250,10,1000,1010,,10000,0,0.0,0.6085675675676178,0.5629250000000465,0.6884000000000013,37000,0.5897717321606318,10000,10000,0.39091581704377093,9460,0.42200445931819913,0.6185646598419344,0.3814353401580656,0.132,0.031088642274428202,6.138864517211914,historical_image_averaged_path_dice,confusion_replay_zero_credit,0,3000,0,assigned_level_sensitivity,dynamic,periodic,0.0,0.0,0.0,0
HBTASP-Dynamic,16000,16000,0,,0,0,300,4,1000,101,,4000,0,0.0,0.6835953562498381,0.6835953562498381,0.6884000000000013,16000,0.6847548452374953,4000,4000,0.4987303933530774,4000,0.4987303933530774,0.6400077262286484,0.35999227377135157,0.06025,0.0,2.2969322204589844,historical_image_averaged_path_dice,confusion_replay_zero_credit,0,0,0,assigned_level_sensitivity,dynamic,periodic,0.0,0.0,0.0,0
HBTASP-Dynamic,16000,16000,0,,0,0,300,4,1000,202,,4000,0,0.0,0.6835863624998382,0.6835863624998382,0.6884000000000013,16000,0.684797816965902,4000,4000,0.4972711126515867,4000,0.4972711126515867,0.6423731444913973,0.35762685550860274,0.062,0.0,2.2927324771881104,historical_image_averaged_path_dice,confusion_replay_zero_credit,0,0,0,assigned_level_sensitivity,dynamic,periodic,0.0,0.0,0.0,0
HBTASP-Dynamic,16000,16000,0,,0,0,300,4,1000,303,,4000,0,0.0,0.6833385812498386,0.6833385812498386,0.6884000000000013,16000,0.6845145352962789,4000,4000,0.49633581465634363,4000,0.49633581465634363,0.6416423220607959,0.35835767793920414,0.062,0.0,2.2373111248016357,historical_image_averaged_path_dice,confusion_replay_zero_credit,0,0,0,assigned_level_sensitivity,dynamic,periodic,0.0,0.0,0.0,0
HBTASP-Dynamic,16000,16000,0,,0,0,300,4,1000,404,,4000,0,0.0,0.6834871624998372,0.6834871624998372,0.6884000000000013,16000,0.6846929559169377,4000,4000,0.49845465033606157,4000,0.49845465033606157,0.642544931190942,0.357455068809058,0.062,0.0,2.2261850833892822,historical_image_averaged_path_dice,confusion_replay_zero_credit,0,0,0,assigned_level_sensitivity,dynamic,periodic,0.0,0.0,0.0,0
HBTASP-Dynamic,16000,16000,0,,0,0,300,4,1000,505,,4000,0,0.0,0.6838400874998396,0.6838400874998396,0.6884000000000013,16000,0.6850407525134824,4000,4000,0.4978842597565228,4000,0.4978842597565228,0.6391775801140301,0.36082241988596986,0.058,0.0,2.2550127506256104,historical_image_averaged_path_dice,confusion_replay_zero_credit,0,0,0,assigned_level_sensitivity,dynamic,periodic,0.0,0.0,0.0,0
HBTASP-Dynamic,16000,16000,0,,0,0,300,4,1000,606,,4000,0,0.0,0.6835311562498362,0.6835311562498362,0.6884000000000013,16000,0.6846691132303468,4000,4000,0.4966556502640665,4000,0.4966556502640665,0.6404663461272954,0.35953365387270464,0.06575,0.0,2.303910493850708,historical_image_averaged_path_dice,confusion_replay_zero_credit,0,0,0,assigned_level_sensitivity,dynamic,periodic,0.0,0.0,0.0,0
HBTASP-Dynamic,16000,16000,0,,0,0,300,4,1000,707,,4000,0,0.0,0.6840110312498358,0.6840110312498358,0.6884000000000013,16000,0.685023091739799,4000,4000,0.4972929500235866,4000,0.4972929500235866,0.6404228147408876,0.3595771852591124,0.064,0.0,2.3068015575408936,historical_image_averaged_path_dice,confusion_replay_zero_credit,0,0,0,assigned_level_sensitivity,dynamic,periodic,0.0,0.0,0.0,0
HBTASP-Dynamic,16000,16000,0,,0,0,300,4,1000,808,,4000,0,0.0,0.6839592624998387,0.6839592624998387,0.6884000000000013,16000,0.6850064338024399,4000,4000,0.4952559509280807,4000,0.4952559509280807,0.6394831034752492,0.36051689652475083,0.062,0.0,2.2541329860687256,historical_image_averaged_path_dice,confusion_replay_zero_credit,0,0,0,assigned_level_sensitivity,dynamic,periodic,0.0,0.0,0.0,0
HBTASP-Dynamic,16000,16000,0,,0,0,300,4,1000,909,,4000,0,0.0,0.6833423062498384,0.6833423062498384,0.6884000000000013,16000,0.6845308061886057,4000,4000,0.4970332527676609,4000,0.4970332527676609,0.6398426469687607,0.3601573530312393,0.06,0.0,2.2296409606933594,historical_image_averaged_path_dice,confusion_replay_zero_credit,0,0,0,assigned_level_sensitivity,dynamic,periodic,0.0,0.0,0.0,0
HBTASP-Dynamic,16000,16000,0,,0,0,300,4,1000,1010,,4000,0,0.0,0.6838198249998385,0.6838198249998385,0.6884000000000013,16000,0.6850348605144571,4000,4000,0.49835111826982,4000,0.49835111826982,0.6412440485124897,0.35875595148751027,0.06,0.0,2.214257001876831,historical_image_averaged_path_dice,confusion_replay_zero_credit,0,0,0,assigned_level_sensitivity,dynamic,periodic,0.0,0.0,0.0,0
HBTASP-Dynamic,24000,23776,0,,0,0,300,6,1000,101,,6000,0,0.0,0.6682264089836405,0.6619896291664599,0.6884000000000013,23776,0.668094682738867,6000,6000,0.4959985822688679,5983,0.49960286652399083,0.6390687018487915,0.3609312981512085,0.06766666666666667,0.003604284255122936,3.5795187950134277,historical_image_averaged_path_dice,confusion_replay_zero_credit,0,224,0,assigned_level_sensitivity,dynamic,periodic,0.0,0.0,0.0,0
HBTASP-Dynamic,24000,23777,0,,0,0,300,6,1000,202,,6000,0,0.0,0.6684805736634168,0.6622692749997943,0.6884000000000013,23777,0.6679156306781163,6000,6000,0.4939738951579715,5972,0.498265672672566,0.6384141409120904,0.36158585908790963,0.071,0.004291777514594475,3.659701108932495,historical_image_averaged_path_dice,confusion_replay_zero_credit,0,223,0,assigned_level_sensitivity,dynamic,periodic,0.0,0.0,0.0,0
HBTASP-Dynamic,24000,23743,0,,0,0,300,6,1000,303,,6000,0,0.0,0.6686149307162145,0.6614551791664617,0.6884000000000013,23743,0.6676718748243606,6000,6000,0.4955149095407108,5980,0.49892008562522244,0.6416342408495755,0.35836575915042446,0.07033333333333333,0.0034051760845116297,3.588688373565674,historical_image_averaged_path_dice,confusion_replay_zero_credit,0,257,0,assigned_level_sensitivity,dynamic,periodic,0.0,0.0,0.0,0
HBTASP-Dynamic,24000,23752,0,,0,0,300,6,1000,404,,6000,0,0.0,0.6681729538563108,0.6612684999997956,0.6884000000000013,23752,0.6674324537223061,6000,6000,0.4934064911734574,5976,0.49689750299765284,0.6400168171619677,0.3599831828380323,0.07133333333333333,0.0034910118241954224,3.6572468280792236,historical_image_averaged_path_dice,confusion_replay_zero_credit,0,248,0,assigned_level_sensitivity,dynamic,periodic,0.0,0.0,0.0,0
HBTASP-Dynamic,24000,23760,0,,0,0,300,6,1000,505,,6000,0,0.0,0.6684349621210046,0.6617506124997945,0.6884000000000013,23760,0.6681271420166425,6000,6000,0.49149651172165737,5958,0.49749913779264404,0.6364346322535791,0.3635653677464209,0.07433333333333333,0.006002626070986672,3.6870920658111572,historical_image_averaged_path_dice,confusion_replay_zero_credit,0,240,0,assigned_level_sensitivity,dynamic,periodic,0.0,0.0,0.0,0
HBTASP-Dynamic,24000,23795,0,,0,0,300,6,1000,606,,6000,0,0.0,0.6682272704347565,0.6625194958331263,0.6884000000000013,23795,0.6687663581868815,6000,6000,0.49191081235316353,5981,0.4951128027623672,0.6395280086332201,0.3604719913667799,0.07166666666666667,0.003201990409203659,3.6118323802948,historical_image_averaged_path_dice,confusion_replay_zero_credit,0,205,0,assigned_level_sensitivity,dynamic,periodic,0.0,0.0,0.0,0
HBTASP-Dynamic,24000,23746,0,,0,0,300,6,1000,707,,6000,0,0.0,0.6683150172658568,0.6612420166664599,0.6884000000000013,23746,0.6675549293456785,6000,6000,0.49402999332989955,5967,0.49805499541567094,0.6388667986421532,0.36113320135784677,0.07416666666666667,0.00402500208577139,3.5863730907440186,historical_image_averaged_path_dice,confusion_replay_zero_credit,0,254,0,assigned_level_sensitivity,dynamic,periodic,0.0,0.0,0.0,0
HBTASP-Dynamic,24000,23750,0,,0,0,300,6,1000,808,,6000,0,0.0,0.6685126863155825,0.6615490124997951,0.6884000000000013,23750,0.6678528491688308,6000,6000,0.4949179793907548,5968,0.49932271489361074,0.6417404196536926,0.35825958034630745,0.07116666666666667,0.0044047355028559165,3.636204242706299,historical_image_averaged_path_dice,confusion_replay_zero_credit,0,250,0,assigned_level_sensitivity,dynamic,periodic,0.0,0.0,0.0,0
HBTASP-Dynamic,24000,23756,0,,0,0,300,6,1000,909,,6000,0,0.0,0.6680298913956527,0.6612382541664636,0.6884000000000013,23756,0.6678410791238658,6000,6000,0.4910350227071063,5962,0.49659513703123237,0.6361076334083989,0.36389236659160107,0.07066666666666667,0.005560114324126064,3.6120753288269043,historical_image_averaged_path_dice,confusion_replay_zero_credit,0,244,0,assigned_level_sensitivity,dynamic,periodic,0.0,0.0,0.0,0
HBTASP-Dynamic,24000,23727,0,,0,0,300,6,1000,1010,,6000,0,0.0,0.6683788805999509,0.6607760708331264,0.6884000000000013,23727,0.667417884074151,6000,6000,0.4911225043385573,5971,0.49518181414187795,0.6369056504405837,0.36309434955941633,0.076,0.004059309803320643,3.5825905799865723,historical_image_averaged_path_dice,confusion_replay_zero_credit,0,273,0,assigned_level_sensitivity,dynamic,periodic,0.0,0.0,0.0,0
HBTASP-Dynamic,32000,31583,0,,0,0,300,8,1000,101,,8000,0,0.0,0.6439876009243776,0.6355956374998318,0.6884000000000013,31583,0.647130720553292,8000,8000,0.47329787783783145,7944,0.4791392000289174,0.647347195251652,0.35265280474834804,0.071625,0.0058413221910859625,5.2832348346710205,historical_image_averaged_path_dice,confusion_replay_zero_credit,0,417,0,assigned_level_sensitivity,dynamic,periodic,0.0,0.0,0.0,0
HBTASP-Dynamic,32000,31609,0,,0,0,300,8,1000,202,,8000,0,0.0,0.6435145275078209,0.6356515843748347,0.6884000000000013,31609,0.647122448373951,8000,8000,0.47357863608067163,7960,0.47884325617633294,0.6446562600997968,0.3553437399002032,0.06775,0.00526462009566131,5.182090997695923,historical_image_averaged_path_dice,confusion_replay_zero_credit,0,391,0,assigned_level_sensitivity,dynamic,periodic,0.0,0.0,0.0,0
HBTASP-Dynamic,32000,31464,0,,0,0,300,8,1000,303,,8000,0,0.0,0.6438978578691384,0.6331125687498305,0.6884000000000013,31464,0.6453819623850312,8000,8000,0.4767471177674961,7944,0.4825585934557821,0.6450760108492785,0.35492398915072154,0.069875,0.005811475688285994,5.264365196228027,historical_image_averaged_path_dice,confusion_replay_zero_credit,0,536,0,assigned_level_sensitivity,dynamic,periodic,0.0,0.0,0.0,0
HBTASP-Dynamic,32000,31494,0,,0,0,300,8,1000,404,,8000,0,0.0,0.6434896837491174,0.6333145031248345,0.6884000000000013,31494,0.6452676488436458,8000,8000,0.47691651174612343,7944,0.4830608914224295,0.648171659103642,0.35182834089635795,0.068625,0.006144379676306044,5.27256441116333,historical_image_averaged_path_dice,confusion_replay_zero_credit,0,506,0,assigned_level_sensitivity,dynamic,periodic,0.0,0.0,0.0,0
HBTASP-Dynamic,32000,31485,0,,0,0,300,8,1000,505,,8000,0,0.0,0.6435697633792169,0.6332123124998326,0.6884000000000013,31485,0.6455576742259429,8000,8000,0.47203457425733836,7948,0.47986425834134433,0.6426830003846835,0.3573169996153165,0.065875,0.007829684084005972,5.277749300003052,historical_image_averaged_path_dice,confusion_replay_zero_credit,0,515,0,assigned_level_sensitivity,dynamic,periodic,0.0,0.0,0.0,0
HBTASP-Dynamic,32000,31312,0,,0,0,300,8,1000,606,,8000,0,0.0,0.6445383495143945,0.630680774999835,0.6884000000000013,31312,0.6442735332091177,8000,8000,0.4704097284282679,7888,0.4796765083994922,0.6406294523077755,0.35937054769222454,0.076875,0.009266779971224326,5.3627753257751465,historical_image_averaged_path_dice,confusion_replay_zero_credit,0,688,0,assigned_level_sensitivity,dynamic,periodic,0.0,0.0,0.0,0
HBTASP-Dynamic,32000,31441,0,,0,0,300,8,1000,707,,8000,0,0.0,0.6441373079734942,0.6328850343748322,0.6884000000000013,31441,0.6453840109415218,8000,8000,0.47083629124006693,7909,0.4812583625508217,0.6347765414932727,0.3652234585067273,0.0705,0.010422071310754788,5.254853010177612,historical_image_averaged_path_dice,confusion_replay_zero_credit,0,559,0,assigned_level_sensitivity,dynamic,periodic,0.0,0.0,0.0,0
HBTASP-Dynamic,32000,31518,0,,0,0,300,8,1000,808,,8000,0,0.0,0.6435091439810442,0.6338162874998298,0.6884000000000013,31518,0.6458940086763004,8000,8000,0.47562335361568125,7933,0.4823179136993797,0.6448864612834219,0.35511353871657814,0.071875,0.006694560083698453,5.3263726234436035,historical_image_averaged_path_dice,confusion_replay_zero_credit,0,482,0,assigned_level_sensitivity,dynamic,periodic,0.0,0.0,0.0,0
HBTASP-Dynamic,32000,31425,0,,0,0,300,8,1000,909,,8000,0,0.0,0.6442173365153386,0.6326415562498287,0.6884000000000013,31425,0.6450149401345264,8000,8000,0.4696477969324681,7944,0.4765346150432348,0.6399474880628181,0.3600525119371819,0.07,0.00688681811076669,5.2370522022247314,historical_image_averaged_path_dice,confusion_replay_zero_credit,0,575,0,assigned_level_sensitivity,dynamic,periodic,0.0,0.0,0.0,0
HBTASP-Dynamic,32000,31481,0,,0,0,300,8,1000,1010,,8000,0,0.0,0.64370356723086,0.6332634999998344,0.6884000000000013,31481,0.6449357700085873,8000,8000,0.47165537597098156,7930,0.47924628087460636,0.6455300303304033,0.35446996966959665,0.070125,0.0075909049036247955,5.234069347381592,historical_image_averaged_path_dice,confusion_replay_zero_credit,0,519,0,assigned_level_sensitivity,dynamic,periodic,0.0,0.0,0.0,0
HBTASP-Dynamic,40000,39280,0,,0,0,300,10,1000,101,,10000,0,0.0,0.624004882891858,0.6127727949998045,0.6884000000000013,39280,0.6247232568518145,10000,10000,0.45840325207967825,9940,0.4637374149374388,0.6426129679144936,0.3573870320855064,0.058,0.00533416285776056,7.0678887367248535,historical_image_averaged_path_dice,confusion_replay_zero_credit,0,720,0,assigned_level_sensitivity,dynamic,periodic,0.0,0.0,0.0,0
HBTASP-Dynamic,40000,39450,0,,0,0,300,10,1000,202,,10000,0,0.0,0.6232724841569709,0.6147024874998126,0.6884000000000013,39450,0.6260052411044982,10000,10000,0.45911156943049336,9960,0.4632261407837268,0.647238884010626,0.352761115989374,0.0607,0.004114571353233454,7.009749174118042,historical_image_averaged_path_dice,confusion_replay_zero_credit,0,550,0,assigned_level_sensitivity,dynamic,periodic,0.0,0.0,0.0,0
HBTASP-Dynamic,40000,39172,0,,0,0,300,10,1000,303,,10000,0,0.0,0.6234941667515671,0.6105878374998097,0.6884000000000013,39172,0.623135380308283,10000,10000,0.4568210571014789,9920,0.46418725766477575,0.6403054149706426,0.35969458502935736,0.0678,0.007366200563296843,7.048053503036499,historical_image_averaged_path_dice,confusion_replay_zero_credit,0,828,0,assigned_level_sensitivity,dynamic,periodic,0.0,0.0,0.0,0
HBTASP-Dynamic,40000,39372,0,,0,0,300,10,1000,404,,10000,0,0.0,0.6235294143043866,0.6137400024998078,0.6884000000000013,39372,0.6257541966916016,10000,10000,0.4537911440066533,9900,0.46143074861117367,0.6396416689972702,0.36035833100272985,0.0661,0.007639604604520345,7.011377334594727,historical_image_averaged_path_dice,confusion_replay_zero_credit,0,628,0,assigned_level_sensitivity,dynamic,periodic,0.0,0.0,0.0,0
HBTASP-Dynamic,40000,39300,0,,0,0,300,10,1000,505,,10000,0,0.0,0.6238120330786758,0.6128953224997991,0.6884000000000013,39300,0.6245128380647593,10000,10000,0.4564272145473707,9940,0.4611809415407909,0.6420792741474628,0.3579207258525372,0.064,0.004753726993420249,7.071577548980713,historical_image_averaged_path_dice,confusion_replay_zero_credit,0,700,0,assigned_level_sensitivity,dynamic,periodic,0.0,0.0,0.0,0
HBTASP-Dynamic,40000,39273,0,,0,0,300,10,1000,606,,10000,0,0.0,0.624078458482721,0.6127358324997976,0.6884000000000013,39273,0.6247342530506059,10000,10000,0.45877723316207686,9920,0.4661076762890752,0.6456427482871611,0.35435725171283894,0.058,0.007330443126998321,7.028270483016968,historical_image_averaged_path_dice,confusion_replay_zero_credit,0,727,0,assigned_level_sensitivity,dynamic,periodic,0.0,0.0,0.0,0
HBTASP-Dynamic,40000,39600,0,,0,0,300,10,1000,707,,10000,0,0.0,0.6232795429290928,0.6170467474998018,0.6884000000000013,39600,0.6280626470627659,10000,10000,0.46194993514968946,9960,0.465802445300173,0.6522135210278954,0.3477864789721046,0.056,0.0038525101504835457,6.978385925292969,historical_image_averaged_path_dice,confusion_replay_zero_credit,0,400,0,assigned_level_sensitivity,dynamic,periodic,0.0,0.0,0.0,0
HBTASP-Dynamic,40000,39340,0,,0,0,300,10,1000,808,,10000,0,0.0,0.6236743670562281,0.6133837399998004,0.6884000000000013,39340,0.6245888934170192,10000,10000,0.45927098572622443,9980,0.4632269286540793,0.6392108514875184,0.36078914851248156,0.062,0.003955942927854839,6.90053915977478,historical_image_averaged_path_dice,confusion_replay_zero_credit,0,660,0,assigned_level_sensitivity,dynamic,periodic,0.0,0.0,0.0,0
HBTASP-Dynamic,40000,39161,0,,0,0,300,10,1000,909,,10000,0,0.0,0.6237331911849117,0.6106503874998082,0.6884000000000013,39161,0.6229075847856499,10000,10000,0.45507123852823217,9920,0.4625222089830667,0.6335795860073453,0.3664204139926547,0.064,0.007450970454834505,7.09679102897644,historical_image_averaged_path_dice,confusion_replay_zero_credit,0,839,0,assigned_level_sensitivity,dynamic,periodic,0.0,0.0,0.0,0
HBTASP-Dynamic,40000,39320,0,,0,0,300,10,1000,1010,,10000,0,0.0,0.623588257883831,0.6129872574998059,0.6884000000000013,39320,0.6257943778973025,10000,10000,0.45486536350871376,9880,0.46263366645770787,0.642262796290586,0.357737203709414,0.0681,0.00776830294899411,6.991319179534912,historical_image_averaged_path_dice,confusion_replay_zero_credit,0,680,0,assigned_level_sensitivity,dynamic,periodic,0.0,0.0,0.0,0
