configuration,total_regions,completed,expired_waiting,admission_infeasible,deadline_misses,thermal_violations,period_ms,lines,epochs,seed,scheduler,total_mandatory,missed_mandatory,mandatory_dmr,historical_completed_only_dice,historical_coverage_adjusted_dice,historical_mandatory_effective_dice,on_time_completed_regions,historical_weighted_coverage_utility,images,defective_images,mean_complete_image_dice,completed_only_images,mean_completed_only_dice,pixel_defect_recall,pixel_missed_detection_rate,image_complete_miss_rate,optimism_gap,runtime_seconds,release_mode,wcet_scale,mandatory_infeasible,optional_skipped,dispatch_infeasible,budget_mode,network_mode,overrun_probability,overrun_min_extra,overrun_max_extra,forced_overrun_count
EDF-Dynamic-Reservation,16000,5872,0,10128,0,0,50,4,1000,101,edf_dynamic_reservation,4000,2984,0.746,0.632628882833807,0.23217480000000718,0.17485360000000033,5872,0.2254104989432894,4000,4000,0.2081561588865876,1872,0.4859801373909998,0.2531527439177432,0.7468472560822568,0.578,0.2778239785044122,0.31209874153137207,periodic,1.0,,,,,,,,,
EDF-Dynamic-Reservation,16000,5832,0,10168,0,0,50,4,1000,202,edf_dynamic_reservation,4000,2944,0.736,0.6335547325103058,0.23093070000000648,0.18173760000000036,5832,0.22526285061770168,4000,4000,0.2022913227505343,1888,0.4620953083002124,0.261483157299619,0.738516842700381,0.574,0.2598039855496781,0.3260624408721924,periodic,1.0,,,,,,,,,
EDF-Dynamic-Reservation,16000,5784,0,10216,0,0,50,4,1000,303,edf_dynamic_reservation,4000,3016,0.754,0.6348301521438624,0.22949110000000625,0.16934640000000034,5784,0.22294855095883792,4000,4000,0.2033301212210887,1872,0.46144213765395203,0.26600951479679735,0.7339904852032026,0.586,0.2581120164328633,0.3187839984893799,periodic,1.0,,,,,,,,,
EDF-Dynamic-Reservation,16000,5712,0,10288,0,0,50,4,1000,404,edf_dynamic_reservation,4000,3088,0.772,0.6362233893557585,0.2271317500000058,0.1569552000000003,5712,0.21919675371472058,4000,4000,0.20637535264363666,1888,0.4776349989169275,0.25140415252128434,0.7485958474787157,0.58,0.27125964627329086,0.3038063049316406,periodic,1.0,,,,,,,,,
EDF-Dynamic-Reservation,16000,5952,0,10048,0,0,50,4,1000,505,edf_dynamic_reservation,4000,3088,0.772,0.6333228494623854,0.23559610000000736,0.1569552000000003,5952,0.22724190915008302,4000,4000,0.20809090884579068,1856,0.480640477348659,0.2685819569996862,0.7314180430003139,0.578,0.2725495685028683,0.3200345039367676,periodic,1.0,,,,,,,,,
EDF-Dynamic-Reservation,16000,5880,0,10120,0,0,50,4,1000,606,edf_dynamic_reservation,4000,3008,0.752,0.6341137414966169,0.23303680000000673,0.17072320000000032,5880,0.22476894061638733,4000,4000,0.20207953577310075,1848,0.46527868294067437,0.2980283383246575,0.7019716616753424,0.598,0.26319914716757364,0.3230571746826172,periodic,1.0,,,,,,,,,
EDF-Dynamic-Reservation,16000,5872,0,10128,0,0,50,4,1000,707,edf_dynamic_reservation,4000,3016,0.754,0.6331737057220904,0.23237475000000718,0.16934640000000034,5872,0.2245547566631343,4000,4000,0.2049366674579839,1872,0.47019552561879524,0.2432604346948426,0.7567395653051574,0.594,0.26525885816081135,0.3150520324707031,periodic,1.0,,,,,,,,,
EDF-Dynamic-Reservation,16000,5960,0,10040,0,0,50,4,1000,808,edf_dynamic_reservation,4000,3128,0.782,0.6326397315436428,0.23565830000000695,0.1500712000000003,5960,0.22544640693117474,4000,4000,0.20894100492680426,1888,0.4714939240641504,0.25328742848179586,0.7467125715182041,0.572,0.26255291913734613,0.3054187297821045,periodic,1.0,,,,,,,,,
EDF-Dynamic-Reservation,16000,5800,0,10200,0,0,50,4,1000,909,edf_dynamic_reservation,4000,2952,0.738,0.6334220689655378,0.22961550000000744,0.18036080000000035,5800,0.22223899821599835,4000,4000,0.19371221162147784,1864,0.45114430828381585,0.2554637299167305,0.7445362700832695,0.592,0.257432096662338,0.3179657459259033,periodic,1.0,,,,,,,,,
EDF-Dynamic-Reservation,16000,5808,0,10192,0,0,50,4,1000,1010,edf_dynamic_reservation,4000,3088,0.772,0.6349242424242589,0.230477500000006,0.1569552000000003,5808,0.22349927824781546,4000,4000,0.208711412064713,1848,0.4863564257756957,0.25985688652314437,0.7401431134768557,0.592,0.2776450137109827,0.3160102367401123,periodic,1.0,,,,,,,,,
EDF-Dynamic-Reservation,20000,5940,0,14060,0,0,50,5,1000,101,edf_dynamic_reservation,5000,4060,0.812,0.6321966329966526,0.18776240000000585,0.12941920000000026,5940,0.18187071599779644,5000,5000,0.15815340032495592,1910,0.44564918567890627,0.21499950832715756,0.7850004916728425,0.684,0.2874957853539504,0.40108680725097656,periodic,1.0,,,,,,,,,
EDF-Dynamic-Reservation,20000,5780,0,14220,0,0,50,5,1000,202,edf_dynamic_reservation,5000,4080,0.816,0.6351833910034772,0.18356800000000492,0.12666560000000024,5780,0.1760835482331504,5000,5000,0.16099722274094805,1880,0.45356352457813975,0.17881881637325792,0.8211811836267421,0.672,0.2925663018371917,0.4119899272918701,periodic,1.0,,,,,,,,,
EDF-Dynamic-Reservation,20000,5740,0,14260,0,0,50,5,1000,303,edf_dynamic_reservation,5000,4070,0.814,0.6357238675958351,0.1824527500000047,0.12804240000000025,5740,0.17582231325640918,5000,5000,0.1699399025418729,1860,0.48525769197617846,0.23457163178756832,0.7654283682124317,0.662,0.31531778943430555,0.40016889572143555,periodic,1.0,,,,,,,,,
EDF-Dynamic-Reservation,20000,5830,0,14170,0,0,50,5,1000,404,edf_dynamic_reservation,5000,4160,0.832,0.6349183533447837,0.18507870000000445,0.11565120000000022,5830,0.17730851458536043,5000,5000,0.17363610476057503,1910,0.488984776676358,0.22088499298263747,0.7791150070173625,0.656,0.315348671915783,0.42465877532958984,periodic,1.0,,,,,,,,,
EDF-Dynamic-Reservation,20000,5840,0,14160,0,0,50,5,1000,505,edf_dynamic_reservation,5000,4170,0.834,0.635185445205496,0.18547415000000483,0.11427440000000022,5840,0.17629884836765825,5000,5000,0.16141636998714895,1930,0.44949013883136585,0.21712041929266535,0.7828795807073347,0.662,0.28807376884421687,0.4426431655883789,periodic,1.0,,,,,,,,,
EDF-Dynamic-Reservation,20000,5800,0,14200,0,0,50,5,1000,606,edf_dynamic_reservation,5000,3960,0.792,0.6338817241379503,0.1838257000000056,0.1431872000000003,5800,0.17861179659678536,5000,5000,0.15883578976989196,1900,0.44793618025807275,0.17675857115997945,0.8232414288400205,0.668,0.2891003904881808,0.41519737243652344,periodic,1.0,,,,,,,,,
EDF-Dynamic-Reservation,20000,5980,0,14020,0,0,50,5,1000,707,edf_dynamic_reservation,5000,4030,0.806,0.6319207357859732,0.18894430000000598,0.13354960000000027,5980,0.18228896497700367,5000,5000,0.16756663452969373,1910,0.4726688892918306,0.19640298248004398,0.803597017519956,0.662,0.30510225476213687,0.4109649658203125,periodic,1.0,,,,,,,,,
EDF-Dynamic-Reservation,20000,5800,0,14200,0,0,50,5,1000,808,edf_dynamic_reservation,5000,4050,0.81,0.6352606896551891,0.18422560000000485,0.13079600000000025,5800,0.1771903352496452,5000,5000,0.14791901950514474,1880,0.4287665884116292,0.17042435776110734,0.8295756422388927,0.676,0.28084756890648443,0.4071183204650879,periodic,1.0,,,,,,,,,
EDF-Dynamic-Reservation,20000,5930,0,14070,0,0,50,5,1000,909,edf_dynamic_reservation,5000,4090,0.818,0.6328281618887215,0.18763355000000592,0.12528880000000026,5930,0.18151678284941528,5000,5000,0.16261811257009315,1870,0.46179135291164497,0.208993434003863,0.791006565996137,0.682,0.2991732403415518,0.39486050605773926,periodic,1.0,,,,,,,,,
EDF-Dynamic-Reservation,20000,5880,0,14120,0,0,50,5,1000,1010,edf_dynamic_reservation,5000,4100,0.82,0.6335243197279103,0.18625615000000564,0.12391200000000024,5880,0.179416212759607,5000,5000,0.16007082670860662,1890,0.4558386935996696,0.21470104271734433,0.7852989572826556,0.67,0.295767866891063,0.4011354446411133,periodic,1.0,,,,,,,,,
EDF-Dynamic-Reservation,24000,5880,0,18120,0,0,50,6,1000,101,edf_dynamic_reservation,6000,5024,0.8373333333333334,0.6326628571428762,0.15500240000000468,0.11197973333333355,5880,0.1505628723224105,6000,6000,0.13627068364185171,1892,0.46891584658472313,0.16938018147137693,0.8306198185286231,0.7186666666666667,0.3326451629428714,0.502467155456543,periodic,1.0,,,,,,,,,
EDF-Dynamic-Reservation,24000,5856,0,18144,0,0,50,6,1000,202,edf_dynamic_reservation,6000,5020,0.8366666666666667,0.6337443306011112,0.15463361666667114,0.11243866666666688,5856,0.14942833030900196,6000,6000,0.1361019974168892,1880,0.46616401738199204,0.16943977568178703,0.830560224318213,0.7226666666666667,0.33006201996510287,0.5038461685180664,periodic,1.0,,,,,,,,,
EDF-Dynamic-Reservation,24000,5784,0,18216,0,0,50,6,1000,303,edf_dynamic_reservation,6000,5068,0.8446666666666667,0.63510670816046,0.15306071666667087,0.10693146666666688,5784,0.14770431233555922,6000,6000,0.1390260304436974,1884,0.47082745341824056,0.17446819173443961,0.8255318082655604,0.7186666666666667,0.3318014229745432,0.5033419132232666,periodic,1.0,,,,,,,,,
EDF-Dynamic-Reservation,24000,5760,0,18240,0,0,50,6,1000,404,edf_dynamic_reservation,6000,5064,0.844,0.63566097222224,0.1525586333333376,0.1073904000000002,5760,0.14741265831657294,6000,6000,0.13093556468773543,1880,0.45479823948094833,0.16141139971578863,0.8385886002842113,0.7273333333333334,0.3238626747932129,0.5029311180114746,periodic,1.0,,,,,,,,,
EDF-Dynamic-Reservation,24000,5904,0,18096,0,0,50,6,1000,505,edf_dynamic_reservation,6000,5072,0.8453333333333334,0.6335770325203444,0.15585995000000472,0.10647253333333354,5904,0.15007190627870787,6000,6000,0.1344957091718515,1868,0.460111029785642,0.1758280057785228,0.8241719942214771,0.7253333333333334,0.3256153206137905,0.5216305255889893,periodic,1.0,,,,,,,,,
EDF-Dynamic-Reservation,24000,5888,0,18112,0,0,50,6,1000,606,edf_dynamic_reservation,6000,5064,0.844,0.633783423913062,0.15548820000000454,0.1073904000000002,5888,0.1497906245094363,6000,6000,0.1336515391732853,1876,0.4575447952553371,0.1668538430421479,0.8331461569578521,0.726,0.3238932560820518,0.5092711448669434,periodic,1.0,,,,,,,,,
EDF-Dynamic-Reservation,24000,5936,0,18064,0,0,50,6,1000,707,edf_dynamic_reservation,6000,5024,0.8373333333333334,0.6324489892183486,0.15642571666667154,0.11197973333333355,5936,0.1510526887820862,6000,6000,0.13854516360502037,1900,0.46773240523605575,0.16842807535180984,0.8315719246481902,0.7233333333333334,0.3291872416310354,0.516087532043457,periodic,1.0,,,,,,,,,
EDF-Dynamic-Reservation,24000,5892,0,18108,0,0,50,6,1000,808,edf_dynamic_reservation,6000,5056,0.8426666666666667,0.6333471147318582,0.1554867166666712,0.10830826666666687,5892,0.14939405241965434,6000,6000,0.13263522320022994,1888,0.4538543892859197,0.164348495842404,0.835651504157596,0.722,0.3212191660856898,0.5202054977416992,periodic,1.0,,,,,,,,,
EDF-Dynamic-Reservation,24000,5828,0,18172,0,0,50,6,1000,909,edf_dynamic_reservation,6000,4996,0.8326666666666667,0.6333552505147757,0.15379976666667136,0.11519226666666689,5828,0.14900038075684524,6000,6000,0.13377532367358075,1864,0.46801682376117343,0.1663789027373305,0.8336210972626695,0.7233333333333334,0.3342415000875927,0.514923095703125,periodic,1.0,,,,,,,,,
EDF-Dynamic-Reservation,24000,5832,0,18168,0,0,50,6,1000,1010,edf_dynamic_reservation,6000,5052,0.842,0.6341947187928851,0.15410931666667108,0.10876720000000022,5832,0.1491730274910906,6000,6000,0.13633247979299182,1864,0.46940452408325256,0.16794200749733082,0.8320579925026692,0.7273333333333334,0.3330720442902607,0.515625,periodic,1.0,,,,,,,,,
EDF-Dynamic-Reservation,28000,5858,0,22142,0,0,50,7,1000,101,edf_dynamic_reservation,7000,6066,0.8665714285714285,0.6337979856606528,0.13259959285714656,0.09185222857142875,5858,0.12802736303235354,7000,7000,0.11576990246993185,1886,0.46349556527414515,0.14322969792988835,0.8567703020701116,0.7628571428571429,0.3477256628042133,0.6185996532440186,periodic,1.0,,,,,,,,,
EDF-Dynamic-Reservation,28000,5876,0,22124,0,0,50,7,1000,202,edf_dynamic_reservation,7000,6048,0.864,0.6337347855684324,0.13299377142857532,0.09362240000000017,5876,0.12835487714309002,7000,7000,0.1155217725449327,1896,0.45917391232147314,0.1449702939758496,0.8550297060241504,0.7625714285714286,0.3436521397765404,0.6172819137573242,periodic,1.0,,,,,,,,,
EDF-Dynamic-Reservation,28000,5872,0,22128,0,0,50,7,1000,303,edf_dynamic_reservation,7000,6052,0.8645714285714285,0.633809332425086,0.13291887142857517,0.09322902857142876,5872,0.128228786147097,7000,7000,0.11726110648188444,1874,0.46868579947804445,0.14518691027592945,0.8548130897240706,0.7622857142857142,0.35142469299616,0.6199707984924316,periodic,1.0,,,,,,,,,
EDF-Dynamic-Reservation,28000,5854,0,22146,0,0,50,7,1000,404,edf_dynamic_reservation,7000,6070,0.8671428571428571,0.6343737615305948,0.1326294285714322,0.09145885714285731,5854,0.12769931252241604,7000,7000,0.11596783999342306,1878,0.46383748428109006,0.14448221256476512,0.8555177874352349,0.764,0.347869644287667,0.6252021789550781,periodic,1.0,,,,,,,,,
EDF-Dynamic-Reservation,28000,5856,0,22144,0,0,50,7,1000,505,edf_dynamic_reservation,7000,6068,0.8668571428571429,0.6340174863388163,0.13260022857143244,0.09165554285714303,5856,0.12783154857848106,7000,7000,0.11545581001965251,1868,0.46448154671262526,0.1449795021703844,0.8550204978296156,0.7645714285714286,0.34902573669297277,0.6312885284423828,periodic,1.0,,,,,,,,,
EDF-Dynamic-Reservation,28000,5858,0,22142,0,0,50,7,1000,606,edf_dynamic_reservation,7000,6066,0.8665714285714285,0.6339800273130942,0.13263767857143235,0.09185222857142875,5858,0.12749735084981817,7000,7000,0.11630189680313745,1886,0.4617075128434363,0.14572780339096356,0.8542721966090364,0.764,0.34540561604029885,0.6302552223205566,periodic,1.0,,,,,,,,,
EDF-Dynamic-Reservation,28000,5894,0,22106,0,0,50,7,1000,707,edf_dynamic_reservation,7000,6030,0.8614285714285714,0.633174414658995,0.13328321428571846,0.09539257142857162,5894,0.1288080765746092,7000,7000,0.11611500539739417,1890,0.4633484679100295,0.1442859555592514,0.8557140444407486,0.7634285714285715,0.3472334625126353,0.6294646263122559,periodic,1.0,,,,,,,,,
EDF-Dynamic-Reservation,28000,5862,0,22138,0,0,50,7,1000,808,edf_dynamic_reservation,7000,6062,0.866,0.6340416240191245,0.1327411428571467,0.09224560000000018,5862,0.12772193294052914,7000,7000,0.11499362838728228,1880,0.4597793080574834,0.14265338505889424,0.8573466149411058,0.7634285714285715,0.34478567967020113,0.624274730682373,periodic,1.0,,,,,,,,,
EDF-Dynamic-Reservation,28000,5854,0,22146,0,0,50,7,1000,909,edf_dynamic_reservation,7000,6070,0.8671428571428571,0.6338728049197315,0.13252469285714674,0.09145885714285731,5854,0.12789905531451917,7000,7000,0.11525150243881939,1872,0.4637570168675136,0.14513075441948886,0.8548692455805111,0.764,0.3485055144286942,0.624159574508667,periodic,1.0,,,,,,,,,
EDF-Dynamic-Reservation,28000,5846,0,22154,0,0,50,7,1000,1010,edf_dynamic_reservation,7000,6078,0.8682857142857143,0.6343875812521554,0.13245106428571787,0.09067211428571446,5846,0.12749330736354517,7000,7000,0.1154571074121813,1872,0.4624168426923179,0.14387977055863962,0.8561202294413603,0.7657142857142857,0.3469597352801366,0.6134183406829834,periodic,1.0,,,,,,,,,
EDF-Dynamic-Reservation,32000,5872,0,26128,0,0,50,8,1000,101,edf_dynamic_reservation,8000,6984,0.873,0.6326288828338066,0.1160874000000035,0.08742680000000017,5872,0.1127052494716454,8000,8000,0.10407807944329384,1872,0.4859801373909997,0.1265763719588716,0.8734236280411284,0.789,0.3819020579477059,0.7421481609344482,periodic,1.0,,,,,,,,,
EDF-Dynamic-Reservation,32000,5832,0,26168,0,0,50,8,1000,202,edf_dynamic_reservation,8000,6944,0.868,0.6335547325103059,0.11546535000000326,0.09086880000000018,5832,0.11263142530885138,8000,8000,0.10114566137526713,1888,0.46209530830021217,0.1307415786498095,0.8692584213501905,0.787,0.360949646924945,0.7409725189208984,periodic,1.0,,,,,,,,,
EDF-Dynamic-Reservation,32000,5784,0,26216,0,0,50,8,1000,303,edf_dynamic_reservation,8000,7016,0.877,0.6348301521438623,0.11474555000000311,0.08467320000000017,5784,0.11147427547941945,8000,8000,0.10166506061054442,1872,0.4614421376539519,0.13300475739839868,0.8669952426016013,0.793,0.3597770770434075,0.7330501079559326,periodic,1.0,,,,,,,,,
EDF-Dynamic-Reservation,32000,5712,0,26288,0,0,50,8,1000,404,edf_dynamic_reservation,8000,7088,0.886,0.6362233893557585,0.1135658750000029,0.07847760000000015,5712,0.10959837685736086,8000,8000,0.10318767632181827,1888,0.4776349989169273,0.12570207626064217,0.8742979237393578,0.79,0.37444732259510904,0.7338464260101318,periodic,1.0,,,,,,,,,
EDF-Dynamic-Reservation,32000,5952,0,26048,0,0,50,8,1000,505,edf_dynamic_reservation,8000,7088,0.886,0.633322849462385,0.11779805000000361,0.07847760000000015,5952,0.113620954575042,8000,8000,0.10404545442289535,1856,0.4806404773486591,0.1342909784998431,0.8657090215001569,0.789,0.37659502292576374,0.7579030990600586,periodic,1.0,,,,,,,,,
EDF-Dynamic-Reservation,32000,5880,0,26120,0,0,50,8,1000,606,edf_dynamic_reservation,8000,7008,0.876,0.6341137414966171,0.11651840000000341,0.08536160000000016,5880,0.11238447030819428,8000,8000,0.10103976788655034,1848,0.4652786829406741,0.14901416916232876,0.8509858308376712,0.799,0.36423891505412376,0.7567028999328613,periodic,1.0,,,,,,,,,
EDF-Dynamic-Reservation,32000,5872,0,26128,0,0,50,8,1000,707,edf_dynamic_reservation,8000,7016,0.877,0.6331737057220903,0.11618737500000358,0.08467320000000017,5872,0.11227737833156787,8000,8000,0.10246833372899185,1872,0.47019552561879513,0.1216302173474213,0.8783697826525787,0.797,0.3677271918898033,0.7503876686096191,periodic,1.0,,,,,,,,,
EDF-Dynamic-Reservation,32000,5960,0,26040,0,0,50,8,1000,808,edf_dynamic_reservation,8000,7128,0.891,0.6326397315436428,0.11782915000000348,0.07503560000000015,5960,0.11272320346558788,8000,8000,0.10447050246340218,1888,0.47149392406415014,0.12664371424089793,0.8733562857591021,0.786,0.36702342160074797,0.7580649852752686,periodic,1.0,,,,,,,,,
EDF-Dynamic-Reservation,32000,5800,0,26200,0,0,50,8,1000,909,edf_dynamic_reservation,8000,6952,0.869,0.6334220689655374,0.11480775000000366,0.09018040000000017,5800,0.11111949910799979,8000,8000,0.0968561058107389,1864,0.4511443082838157,0.12773186495836525,0.8722681350416348,0.796,0.3542882024730768,0.7931299209594727,periodic,1.0,,,,,,,,,
EDF-Dynamic-Reservation,32000,5808,0,26192,0,0,50,8,1000,1010,edf_dynamic_reservation,8000,7088,0.886,0.6349242424242586,0.11523875000000294,0.07847760000000015,5808,0.11174963912390802,8000,8000,0.10435570603235646,1848,0.48635642577569593,0.12992844326157219,0.8700715567384278,0.796,0.3820007197433395,0.7378859519958496,periodic,1.0,,,,,,,,,
EDF-Dynamic-Reservation,36000,5858,0,30142,0,0,50,9,1000,101,edf_dynamic_reservation,9000,8066,0.8962222222222223,0.6337979856606528,0.10313301666666957,0.07144062222222236,5858,0.09957683791405328,9000,9000,0.09004325747661356,1886,0.4634955652741446,0.11140087616769094,0.8885991238323091,0.8155555555555556,0.373452307797531,0.8596432209014893,periodic,1.0,,,,,,,,,
EDF-Dynamic-Reservation,36000,5876,0,30124,0,0,50,9,1000,202,edf_dynamic_reservation,9000,8048,0.8942222222222223,0.6337347855684321,0.10343960000000298,0.07281742222222236,5876,0.09983157111129279,9000,9000,0.08985026753494765,1896,0.45917391232147303,0.11275467309232746,0.8872453269076725,0.8153333333333334,0.36932364478652535,0.8535122871398926,periodic,1.0,,,,,,,,,
EDF-Dynamic-Reservation,36000,5872,0,30128,0,0,50,9,1000,303,edf_dynamic_reservation,9000,8052,0.8946666666666667,0.6338093324250864,0.10338134444444744,0.0725114666666668,5872,0.09973350033663173,9000,9000,0.09120308281924357,1874,0.4686857994780444,0.11292315243683401,0.887076847563166,0.8151111111111111,0.37748271665880084,0.8605232238769531,periodic,1.0,,,,,,,,,
EDF-Dynamic-Reservation,36000,5854,0,30146,0,0,50,9,1000,404,edf_dynamic_reservation,9000,8070,0.8966666666666666,0.6343737615305958,0.10315622222222522,0.0711346666666668,5854,0.09932168751743498,9000,9000,0.09019720888377351,1878,0.4638374842810906,0.11237505421703955,0.8876249457829605,0.8164444444444444,0.3736402753973171,0.9231479167938232,periodic,1.0,,,,,,,,,
EDF-Dynamic-Reservation,36000,5856,0,30144,0,0,50,9,1000,505,edf_dynamic_reservation,9000,8068,0.8964444444444445,0.6340174863388162,0.10313351111111409,0.07128764444444458,5856,0.09942453778326354,9000,9000,0.0897989633486186,1868,0.464481546712625,0.11276183502141009,0.8872381649785899,0.8168888888888889,0.3746825833640064,0.9503333568572998,periodic,1.0,,,,,,,,,
EDF-Dynamic-Reservation,36000,5858,0,30142,0,0,50,9,1000,606,edf_dynamic_reservation,9000,8066,0.8962222222222223,0.6339800273130942,0.10316263888889184,0.07144062222222236,5858,0.09916460621652572,9000,9000,0.09045703084688476,1886,0.4617075128434365,0.11334384708186054,0.8866561529181395,0.8164444444444444,0.3712504819965517,0.854517936706543,periodic,1.0,,,,,,,,,
EDF-Dynamic-Reservation,36000,5894,0,30106,0,0,50,9,1000,707,edf_dynamic_reservation,9000,8030,0.8922222222222222,0.6331744146589939,0.10366472222222528,0.07419422222222237,5894,0.10018405955803,9000,9000,0.09031167086463991,1890,0.4633484679100298,0.11222240987941776,0.8877775901205822,0.816,0.3730367970453899,0.8666229248046875,periodic,1.0,,,,,,,,,
EDF-Dynamic-Reservation,36000,5862,0,30138,0,0,50,9,1000,808,edf_dynamic_reservation,9000,8062,0.8957777777777778,0.6340416240191245,0.10324311111111409,0.07174657777777792,5862,0.09933928117596771,9000,9000,0.08943948874566394,1880,0.45977930805748296,0.1109526328235844,0.8890473671764156,0.816,0.37033981931181903,0.8545935153961182,periodic,1.0,,,,,,,,,
EDF-Dynamic-Reservation,36000,5854,0,30146,0,0,50,9,1000,909,edf_dynamic_reservation,9000,8070,0.8966666666666666,0.6338728049197315,0.10307476111111412,0.0711346666666668,5854,0.09947704302240397,9000,9000,0.08964005745241505,1872,0.46375701686751414,0.11287947565960245,0.8871205243403976,0.8164444444444444,0.3741169594150991,0.9037153720855713,periodic,1.0,,,,,,,,,
EDF-Dynamic-Reservation,36000,5846,0,30154,0,0,50,9,1000,1010,edf_dynamic_reservation,9000,8078,0.8975555555555556,0.6343875812521559,0.10301749444444731,0.07052275555555569,5846,0.09916146128275785,9000,9000,0.08979997243169668,1872,0.46241684269231875,0.11190648821227525,0.8880935117877248,0.8177777777777778,0.37261687026062207,0.8483335971832275,periodic,1.0,,,,,,,,,
EDF-Dynamic-Reservation,40000,5900,0,34100,0,0,50,10,1000,101,edf_dynamic_reservation,10000,8960,0.896,0.6315725423729027,0.09315695000000314,0.07159360000000015,5900,0.09228242693623792,10000,10000,0.0779540054936123,1940,0.4365710280555144,0.13060751228296025,0.8693924877170398,0.846,0.3586170225619021,0.9934186935424805,periodic,1.0,,,,,,,,,
EDF-Dynamic-Reservation,40000,5840,0,34160,0,0,50,10,1000,202,edf_dynamic_reservation,10000,9160,0.916,0.6354136986301537,0.09277040000000245,0.05782560000000011,5840,0.08803877221517391,10000,10000,0.08087474822823967,1920,0.4460525667568629,0.08764264179238943,0.9123573582076105,0.836,0.3651778185286232,0.9868881702423096,periodic,1.0,,,,,,,,,
EDF-Dynamic-Reservation,40000,5680,0,34320,0,0,50,10,1000,303,edf_dynamic_reservation,10000,8980,0.898,0.6352580985915681,0.09020665000000268,0.07021680000000013,5680,0.08739201047873056,10000,10000,0.0855434138817632,1920,0.4800802631449891,0.10840805070799653,0.8915919492920035,0.824,0.39453684926322585,1.029317855834961,periodic,1.0,,,,,,,,,
EDF-Dynamic-Reservation,40000,5720,0,34280,0,0,50,10,1000,404,edf_dynamic_reservation,10000,9360,0.936,0.6372786713286832,0.09113085000000169,0.044057600000000086,5720,0.08627863365790073,10000,10000,0.08475585767595974,1880,0.48170098649830695,0.11121211079643499,0.888787889203565,0.836,0.3969451288223472,0.9784495830535889,periodic,1.0,,,,,,,,,
EDF-Dynamic-Reservation,40000,5880,0,34120,0,0,50,10,1000,505,edf_dynamic_reservation,10000,9100,0.91,0.634657823129269,0.09329470000000255,0.06195600000000012,5880,0.0885351683609562,10000,10000,0.07910491506720004,1940,0.4350597317529075,0.10671789955383472,0.8932821004461653,0.832,0.3559548166857075,0.9926884174346924,periodic,1.0,,,,,,,,,
EDF-Dynamic-Reservation,40000,5960,0,34040,0,0,50,10,1000,606,edf_dynamic_reservation,10000,9020,0.902,0.6313872483221692,0.0940767000000032,0.06746320000000013,5960,0.09139208392964318,10000,10000,0.08121189484561571,1880,0.4715912750518207,0.10847333233267813,0.8915266676673219,0.83,0.390379380206205,0.9881994724273682,periodic,1.0,,,,,,,,,
EDF-Dynamic-Reservation,40000,6040,0,33960,0,0,50,10,1000,707,edf_dynamic_reservation,10000,9140,0.914,0.6317344370861117,0.09539190000000285,0.05920240000000011,6040,0.09046103395625217,10000,10000,0.0892675735002109,1940,0.4912284532068801,0.1012270719930208,0.8987729280069792,0.83,0.40196087970666916,0.9882035255432129,periodic,1.0,,,,,,,,,
EDF-Dynamic-Reservation,40000,5820,0,34180,0,0,50,10,1000,808,edf_dynamic_reservation,10000,8980,0.898,0.6353374570446908,0.09244160000000252,0.07021680000000013,5820,0.08931147708629646,10000,10000,0.07608956548400332,1860,0.4405808735153444,0.07923614894134554,0.9207638510586544,0.838,0.3644913080313411,0.9883363246917725,periodic,1.0,,,,,,,,,
EDF-Dynamic-Reservation,40000,5920,0,34080,0,0,50,10,1000,909,edf_dynamic_reservation,10000,9060,0.906,0.63211081081083,0.09355240000000282,0.06470960000000013,5920,0.09038288917844975,10000,10000,0.08838742035240164,1900,0.501304542327257,0.11915330721903493,0.8808466927809651,0.83,0.4129171219748553,0.9843401908874512,periodic,1.0,,,,,,,,,
EDF-Dynamic-Reservation,40000,5960,0,34040,0,0,50,10,1000,1010,edf_dynamic_reservation,10000,9100,0.91,0.6322818791946523,0.09421000000000318,0.06195600000000012,5960,0.09084679337212791,10000,10000,0.08348669454173975,1880,0.4754536376445106,0.11218243312692965,0.8878175668730703,0.826,0.39196694310277086,1.0095057487487793,periodic,1.0,,,,,,,,,
EDF-Dynamic-Reservation,16000,8520,0,7480,0,0,60,4,1000,101,edf_dynamic_reservation,4000,2144,0.536,0.6121906103286449,0.3259915000000034,0.31941760000000063,8520,0.32340882087943185,4000,4000,0.24526982505536882,2448,0.4200290154037116,0.3588657020976915,0.6411342979023085,0.45,0.1747591903483428,0.36471080780029297,periodic,1.0,,,,,,,,,
EDF-Dynamic-Reservation,16000,8456,0,7544,0,0,60,4,1000,202,edf_dynamic_reservation,4000,2152,0.538,0.6129512771996295,0.3239447500000042,0.3180408000000006,8456,0.3221225800548451,4000,4000,0.24910933791424567,2424,0.42895932727183445,0.3571678028719134,0.6428321971280866,0.454,0.17984998935758878,0.35990023612976074,periodic,1.0,,,,,,,,,
EDF-Dynamic-Reservation,16000,8440,0,7560,0,0,60,4,1000,303,edf_dynamic_reservation,4000,2208,0.552,0.6133895734597232,0.32356300000000404,0.3084032000000006,8440,0.3212511471074234,4000,4000,0.24164942772462278,2376,0.42632713600278543,0.3553823669221305,0.6446176330778695,0.466,0.18467770827816266,0.3709557056427002,periodic,1.0,,,,,,,,,
EDF-Dynamic-Reservation,16000,8424,0,7576,0,0,60,4,1000,404,edf_dynamic_reservation,4000,2224,0.556,0.6140223171889927,0.32328275000000467,0.3056496000000006,8424,0.3203008056031651,4000,4000,0.25667486282235813,2464,0.43290974061409554,0.36970723251987647,0.6302927674801235,0.454,0.1762348777917374,0.36266303062438965,periodic,1.0,,,,,,,,,
EDF-Dynamic-Reservation,16000,8424,0,7576,0,0,60,4,1000,505,edf_dynamic_reservation,4000,2160,0.54,0.6141017094017175,0.32332455000000426,0.3166640000000006,8424,0.32101053227208753,4000,4000,0.24904019631417137,2368,0.43552451885723054,0.3586991185579421,0.6413008814420579,0.474,0.18648432254305916,0.36983418464660645,periodic,1.0,,,,,,,,,
EDF-Dynamic-Reservation,16000,8480,0,7520,0,0,60,4,1000,606,edf_dynamic_reservation,4000,2128,0.532,0.6127617924528391,0.32476375000000474,0.3221712000000006,8480,0.3230370570644164,4000,4000,0.2536657563256272,2416,0.43357357696904253,0.40631843700624076,0.5936815629937593,0.454,0.17990782064341532,0.36379146575927734,periodic,1.0,,,,,,,,,
EDF-Dynamic-Reservation,16000,8408,0,7592,0,0,60,4,1000,707,edf_dynamic_reservation,4000,2200,0.55,0.6136589914367347,0.3224778000000041,0.3097800000000006,8408,0.3186644931460056,4000,4000,0.24942976401954792,2368,0.4393176922025184,0.35403890075964894,0.645961099240351,0.456,0.18988792818297046,0.3621861934661865,periodic,1.0,,,,,,,,,
EDF-Dynamic-Reservation,16000,8472,0,7528,0,0,60,4,1000,808,edf_dynamic_reservation,4000,2168,0.542,0.612931916902746,0.324547450000004,0.3152872000000006,8472,0.3222643876991682,4000,4000,0.247143683268317,2424,0.4233017103316268,0.3382616014390312,0.6617383985609688,0.464,0.17615802706330977,0.36350536346435547,periodic,1.0,,,,,,,,,
EDF-Dynamic-Reservation,16000,8544,0,7456,0,0,60,4,1000,909,edf_dynamic_reservation,4000,2136,0.534,0.6122874531835284,0.3269615000000041,0.32079440000000065,8544,0.32450646413050543,4000,4000,0.2423992889786516,2512,0.40726158956766795,0.35147593758054596,0.648524062419454,0.448,0.16486230058901635,0.3702056407928467,periodic,1.0,,,,,,,,,
EDF-Dynamic-Reservation,16000,8496,0,7504,0,0,60,4,1000,1010,edf_dynamic_reservation,4000,2168,0.542,0.6127722222222308,0.32538205000000453,0.3152872000000006,8496,0.32096598609520816,4000,4000,0.25589450374952,2464,0.4293916672276339,0.3570386408695446,0.6429613591304554,0.456,0.1734971634781139,0.36358141899108887,periodic,1.0,,,,,,,,,
EDF-Dynamic-Reservation,20000,8460,0,11540,0,0,60,5,1000,101,edf_dynamic_reservation,5000,3140,0.628,0.6132328605201032,0.2593975000000036,0.2560848000000005,8460,0.25792350620597787,5000,5000,0.18500665468867383,2360,0.40356293167878615,0.2719481644117718,0.7280518355882282,0.582,0.21855627699011232,0.48385024070739746,periodic,1.0,,,,,,,,,
EDF-Dynamic-Reservation,20000,8470,0,11530,0,0,60,5,1000,202,edf_dynamic_reservation,5000,3240,0.648,0.6132388429752152,0.25970665000000365,0.24231680000000047,8470,0.2558107905217656,5000,5000,0.19796746052382658,2500,0.4137311119559412,0.22973906060896052,0.7702609393910395,0.554,0.21576365143211462,0.4727811813354492,periodic,1.0,,,,,,,,,
EDF-Dynamic-Reservation,20000,8460,0,11540,0,0,60,5,1000,303,edf_dynamic_reservation,5000,3230,0.646,0.6133107565011893,0.2594304500000031,0.24369360000000048,8460,0.2564184314523861,5000,5000,0.19599725575350616,2430,0.4177593904577022,0.3025072182766129,0.6974927817233871,0.574,0.22176213470419606,0.47911763191223145,periodic,1.0,,,,,,,,,
EDF-Dynamic-Reservation,20000,8420,0,11580,0,0,60,5,1000,404,edf_dynamic_reservation,5000,3230,0.646,0.6140186460807681,0.2585018500000033,0.24369360000000048,8420,0.25555543178160006,5000,5000,0.199929442924721,2440,0.4246713655967834,0.2952795862793521,0.704720413720648,0.566,0.22474192267206242,0.4727327823638916,periodic,1.0,,,,,,,,,
EDF-Dynamic-Reservation,20000,8370,0,11630,0,0,60,5,1000,505,edf_dynamic_reservation,5000,3210,0.642,0.6148077658303542,0.25729705000000325,0.24644720000000048,8370,0.25491111660761395,5000,5000,0.1963070955895522,2370,0.4305800914738519,0.30166828345841934,0.6983317165415807,0.562,0.2342729958842997,0.4848949909210205,periodic,1.0,,,,,,,,,
EDF-Dynamic-Reservation,20000,8480,0,11520,0,0,60,5,1000,606,edf_dynamic_reservation,5000,3150,0.63,0.613022169811331,0.2599214000000043,0.2547080000000005,8480,0.2576725562661499,5000,5000,0.1918573443731497,2450,0.40300544187579374,0.24200227974643365,0.7579977202535664,0.578,0.21114809750264404,0.4819786548614502,periodic,1.0,,,,,,,,,
EDF-Dynamic-Reservation,20000,8410,0,11590,0,0,60,5,1000,707,edf_dynamic_reservation,5000,3200,0.64,0.6135916765755118,0.2580153000000027,0.2478240000000005,8410,0.2564424319103811,5000,5000,0.1928636843116986,2380,0.417949789114586,0.2618236603192651,0.7381763396807349,0.586,0.22508610480288743,0.5028653144836426,periodic,1.0,,,,,,,,,
EDF-Dynamic-Reservation,20000,8380,0,11620,0,0,60,5,1000,808,edf_dynamic_reservation,5000,3240,0.648,0.6142004773269778,0.2573500000000037,0.24231680000000047,8380,0.25386090262437216,5000,5000,0.19330825260935122,2480,0.40632775090281364,0.2633210163722523,0.7366789836277476,0.574,0.21301949829346242,0.4824841022491455,periodic,1.0,,,,,,,,,
EDF-Dynamic-Reservation,20000,8460,0,11540,0,0,60,5,1000,909,edf_dynamic_reservation,5000,3180,0.636,0.6133894799054475,0.25946375000000427,0.2505776000000005,8460,0.2573831341053622,5000,5000,0.19573388711448586,2440,0.42568008760787845,0.2762926895048496,0.7237073104951504,0.564,0.2299462004933926,0.47748279571533203,periodic,1.0,,,,,,,,,
EDF-Dynamic-Reservation,20000,8430,0,11570,0,0,60,5,1000,1010,edf_dynamic_reservation,5000,3150,0.63,0.6138313167259871,0.25872990000000357,0.2547080000000005,8430,0.2576521099552762,5000,5000,0.1891450230880546,2390,0.4142819383524864,0.28299559571584393,0.7170044042841561,0.572,0.2251369152644318,0.48543477058410645,periodic,1.0,,,,,,,,,
EDF-Dynamic-Reservation,24000,8516,0,15484,0,0,60,6,1000,101,edf_dynamic_reservation,6000,4140,0.69,0.6124008924377705,0.21730025000000225,0.21340400000000043,8516,0.21595649977136214,6000,6000,0.16347161522584475,2428,0.42076168355001115,0.22895048825627257,0.7710495117437275,0.6373333333333333,0.2572900683241664,0.5956931114196777,periodic,1.0,,,,,,,,,
EDF-Dynamic-Reservation,24000,8420,0,15580,0,0,60,6,1000,202,edf_dynamic_reservation,6000,4196,0.6993333333333334,0.6135949643705544,0.2152695666666695,0.20697893333333373,8420,0.21367189151823265,6000,6000,0.1658242459826371,2440,0.42875662910618745,0.23162255637292217,0.7683774436270778,0.636,0.2629323831235504,0.600311279296875,periodic,1.0,,,,,,,,,
EDF-Dynamic-Reservation,24000,8448,0,15552,0,0,60,6,1000,303,edf_dynamic_reservation,6000,4212,0.702,0.6133223484848564,0.21588946666666947,0.2051432000000004,8448,0.21376224334573776,6000,6000,0.1649373738538266,2420,0.4290964176333449,0.2311255807722316,0.7688744192277683,0.64,0.26415904377951827,0.5987823009490967,periodic,1.0,,,,,,,,,
EDF-Dynamic-Reservation,24000,8460,0,15540,0,0,60,6,1000,404,edf_dynamic_reservation,6000,4204,0.7006666666666667,0.6132882269503638,0.21618410000000324,0.20606106666666707,8460,0.21414060140176228,6000,6000,0.16837429537083107,2496,0.42061639776681586,0.2329268425704222,0.7670731574295778,0.6326666666666667,0.25224210239598477,0.6100306510925293,periodic,1.0,,,,,,,,,
EDF-Dynamic-Reservation,24000,8432,0,15568,0,0,60,6,1000,505,edf_dynamic_reservation,6000,4168,0.6946666666666667,0.6137909867172753,0.21564523333333607,0.21019146666666708,8432,0.21412619212433223,6000,6000,0.16511690517334066,2392,0.4314714999238542,0.23046095008997242,0.7695390499100276,0.6413333333333333,0.26635459475051354,0.5982098579406738,periodic,1.0,,,,,,,,,
EDF-Dynamic-Reservation,24000,8448,0,15552,0,0,60,6,1000,606,edf_dynamic_reservation,6000,4164,0.694,0.6133097537878879,0.21588503333333653,0.2106504000000004,8448,0.2141176791315745,6000,6000,0.16768470133191,2420,0.43103690308242454,0.23137731067346595,0.768622689326534,0.634,0.26335220175051455,0.6283276081085205,periodic,1.0,,,,,,,,,
EDF-Dynamic-Reservation,24000,8444,0,15556,0,0,60,6,1000,707,edf_dynamic_reservation,6000,4168,0.6946666666666667,0.6132705352913389,0.2157690166666694,0.21019146666666708,8444,0.2139739392021352,6000,6000,0.16670032444156793,2416,0.432404187877416,0.23481325073009776,0.7651867492699023,0.6346666666666667,0.26570386343584806,0.6052463054656982,periodic,1.0,,,,,,,,,
EDF-Dynamic-Reservation,24000,8468,0,15532,0,0,60,6,1000,808,edf_dynamic_reservation,6000,4160,0.6933333333333334,0.6130476617855541,0.216303650000003,0.21110933333333373,8468,0.21446300193791648,6000,6000,0.16557450113240063,2444,0.4217766797735801,0.23164225625713794,0.768357743742862,0.6366666666666667,0.25620217864117945,0.5996689796447754,periodic,1.0,,,,,,,,,
EDF-Dynamic-Reservation,24000,8540,0,15460,0,0,60,6,1000,909,edf_dynamic_reservation,6000,4148,0.6913333333333334,0.6124881967213182,0.21794371666666904,0.21248613333333374,8540,0.21623411116690797,6000,6000,0.16777828540202452,2492,0.4237467801204573,0.2344762645656534,0.7655237354343466,0.6306666666666667,0.25596849471843275,0.6043963432312012,periodic,1.0,,,,,,,,,
EDF-Dynamic-Reservation,24000,8500,0,15500,0,0,60,6,1000,1010,edf_dynamic_reservation,6000,4148,0.6913333333333334,0.6128277647058907,0.21704316666666962,0.21248613333333374,8500,0.21500486179892153,6000,6000,0.16450813015838617,2408,0.4263240145329768,0.22965435385437577,0.7703456461456242,0.6393333333333333,0.26181588437459064,0.6056218147277832,periodic,1.0,,,,,,,,,
EDF-Dynamic-Reservation,28000,8460,0,19540,0,0,60,7,1000,101,edf_dynamic_reservation,7000,5166,0.738,0.6131091016548532,0.1852465357142878,0.18036080000000035,8460,0.18382001554905086,7000,7000,0.14089881034990248,2412,0.4265807752241545,0.1974730759515789,0.8025269240484211,0.6902857142857143,0.285681964874252,0.7445290088653564,periodic,1.0,,,,,,,,,
EDF-Dynamic-Reservation,28000,8416,0,19584,0,0,60,7,1000,202,edf_dynamic_reservation,7000,5188,0.7411428571428571,0.6136845532319476,0.18445604285714537,0.17819725714285747,8416,0.1829730625495779,7000,7000,0.14112023537072202,2410,0.4284274104672192,0.19634377685073318,0.8036562231492668,0.6914285714285714,0.28730717509649717,0.735590934753418,periodic,1.0,,,,,,,,,
EDF-Dynamic-Reservation,28000,8436,0,19564,0,0,60,7,1000,303,edf_dynamic_reservation,7000,5188,0.7411428571428571,0.6134508060692353,0.18482396428571676,0.17819725714285747,8436,0.18326134351524495,7000,7000,0.1413932131486931,2420,0.42634428878023933,0.19743868063669884,0.8025613193633012,0.6914285714285714,0.2849510756315462,0.7527878284454346,periodic,1.0,,,,,,,,,
EDF-Dynamic-Reservation,28000,8446,0,19554,0,0,60,7,1000,404,edf_dynamic_reservation,7000,5182,0.7402857142857143,0.6135213118636124,0.18506432142857393,0.17878731428571462,8446,0.18365593568175223,7000,7000,0.14110406371482215,2430,0.42278823399331444,0.197894427390248,0.802105572609752,0.6911428571428572,0.2816841702784923,0.7391564846038818,periodic,1.0,,,,,,,,,
EDF-Dynamic-Reservation,28000,8454,0,19546,0,0,60,7,1000,505,edf_dynamic_reservation,7000,5168,0.7382857142857143,0.6134413532055915,0.18521547142857392,0.18016411428571463,8454,0.18383552334696,7000,7000,0.1418862179222331,2416,0.4301399893885532,0.1979512426570389,0.8020487573429611,0.6891428571428572,0.2882537714663201,0.7456769943237305,periodic,1.0,,,,,,,,,
EDF-Dynamic-Reservation,28000,8442,0,19558,0,0,60,7,1000,606,edf_dynamic_reservation,7000,5180,0.74,0.6134026770907455,0.18494090714285974,0.17898400000000034,8442,0.18357283500806246,7000,7000,0.1417406813623171,2414,0.4276079826337375,0.19646585019183602,0.803534149808164,0.6888571428571428,0.2858673012714204,0.7559969425201416,periodic,1.0,,,,,,,,,
EDF-Dynamic-Reservation,28000,8446,0,19554,0,0,60,7,1000,707,edf_dynamic_reservation,7000,5182,0.7402857142857143,0.6132685294814191,0.18498807142857376,0.17878731428571462,8446,0.1835023644929269,7000,7000,0.14114682885519006,2438,0.4219705148810195,0.1984066126046736,0.8015933873953264,0.6897142857142857,0.2808236860258294,0.7186026573181152,periodic,1.0,,,,,,,,,
EDF-Dynamic-Reservation,28000,8450,0,19550,0,0,60,7,1000,808,edf_dynamic_reservation,7000,5168,0.7382857142857143,0.6133288047337366,0.18509387142857409,0.18016411428571463,8450,0.18349993675619783,7000,7000,0.14175768115999493,2428,0.42496654634946707,0.1968909225889105,0.8031090774110895,0.6897142857142857,0.28320886518947214,0.7239043712615967,periodic,1.0,,,,,,,,,
EDF-Dynamic-Reservation,28000,8468,0,19532,0,0,60,7,1000,909,edf_dynamic_reservation,7000,5166,0.738,0.6131957959376552,0.18544792857143086,0.18036080000000035,8468,0.18405474769259492,7000,7000,0.1421222367793646,2426,0.42834233575979735,0.1989705026556751,0.8010294973443249,0.6882857142857143,0.28622009898043277,0.7161917686462402,periodic,1.0,,,,,,,,,
EDF-Dynamic-Reservation,28000,8454,0,19546,0,0,60,7,1000,1010,edf_dynamic_reservation,7000,5164,0.7377142857142858,0.6132751123728494,0.185165278571431,0.18055748571428606,8454,0.18376264776115203,7000,7000,0.14082655934731042,2408,0.4257928205067915,0.19676425692572508,0.8032357430742749,0.6917142857142857,0.2849662611594811,0.7268645763397217,periodic,1.0,,,,,,,,,
EDF-Dynamic-Reservation,32000,8520,0,23480,0,0,60,8,1000,101,edf_dynamic_reservation,8000,6144,0.768,0.612190610328644,0.16299575000000147,0.15970880000000032,8520,0.16170441043971698,8000,8000,0.12263491252768444,2448,0.420029015403712,0.17943285104884574,0.8205671489511542,0.725,0.2973941028760276,0.8715052604675293,periodic,1.0,,,,,,,,,
EDF-Dynamic-Reservation,32000,8456,0,23544,0,0,60,8,1000,202,edf_dynamic_reservation,8000,6152,0.769,0.6129512771996302,0.16197237500000228,0.1590204000000003,8456,0.16106129002742334,8000,8000,0.12455466895712275,2424,0.428959327271835,0.1785839014359567,0.8214160985640433,0.727,0.30440465831471225,0.8779003620147705,periodic,1.0,,,,,,,,,
EDF-Dynamic-Reservation,32000,8440,0,23560,0,0,60,8,1000,303,edf_dynamic_reservation,8000,6208,0.776,0.6133895734597236,0.1617815000000021,0.1542016000000003,8440,0.16062557355371268,8000,8000,0.1208247138623114,2376,0.42632713600278527,0.17769118346106524,0.8223088165389347,0.733,0.30550242214047385,0.8841016292572021,periodic,1.0,,,,,,,,,
EDF-Dynamic-Reservation,32000,8424,0,23576,0,0,60,8,1000,404,edf_dynamic_reservation,8000,6224,0.778,0.6140223171889925,0.16164137500000225,0.1528248000000003,8424,0.1601504028015839,8000,8000,0.12833743141117904,2464,0.4329097406140962,0.18485361625993824,0.8151463837400618,0.727,0.30457230920291717,0.8729591369628906,periodic,1.0,,,,,,,,,
EDF-Dynamic-Reservation,32000,8424,0,23576,0,0,60,8,1000,505,edf_dynamic_reservation,8000,6160,0.77,0.6141017094017177,0.1616622750000022,0.1583320000000003,8424,0.1605052661360449,8000,8000,0.12452009815708559,2368,0.4355245188572299,0.17934955927897106,0.8206504407210289,0.737,0.31100442070014434,0.8609750270843506,periodic,1.0,,,,,,,,,
EDF-Dynamic-Reservation,32000,8480,0,23520,0,0,60,8,1000,606,edf_dynamic_reservation,8000,6128,0.766,0.6127617924528393,0.16238187500000242,0.1610856000000003,8480,0.16151852853220872,8000,8000,0.12683287816281377,2416,0.4335735769690432,0.20315921850312038,0.7968407814968796,0.727,0.30674069880622945,0.8727002143859863,periodic,1.0,,,,,,,,,
EDF-Dynamic-Reservation,32000,8408,0,23592,0,0,60,8,1000,707,edf_dynamic_reservation,8000,6200,0.775,0.6136589914367349,0.16123890000000207,0.1548900000000003,8408,0.15933224657300374,8000,8000,0.12471488200977389,2368,0.4393176922025179,0.17701945037982447,0.8229805496201755,0.728,0.314602810192744,0.8788068294525146,periodic,1.0,,,,,,,,,
EDF-Dynamic-Reservation,32000,8472,0,23528,0,0,60,8,1000,808,edf_dynamic_reservation,8000,6168,0.771,0.6129319169027463,0.1622737250000021,0.1576436000000003,8472,0.1611321938495851,8000,8000,0.12357184163415844,2424,0.4233017103316269,0.1691308007195156,0.8308691992804844,0.732,0.2997298686974684,0.8539299964904785,periodic,1.0,,,,,,,,,
EDF-Dynamic-Reservation,32000,8544,0,23456,0,0,60,8,1000,909,edf_dynamic_reservation,8000,6136,0.767,0.6122874531835277,0.1634807500000019,0.16039720000000032,8544,0.16225323206525363,8000,8000,0.1211996444893257,2512,0.40726158956766756,0.17573796879027298,0.8242620312097271,0.724,0.2860619450783419,0.8903253078460693,periodic,1.0,,,,,,,,,
EDF-Dynamic-Reservation,32000,8496,0,23504,0,0,60,8,1000,1010,edf_dynamic_reservation,8000,6168,0.771,0.6127722222222313,0.1626910250000024,0.1576436000000003,8496,0.16048299304760458,8000,8000,0.12794725187476025,2464,0.4293916672276343,0.1785193204347723,0.8214806795652276,0.728,0.30144441535287403,0.8695027828216553,periodic,1.0,,,,,,,,,
EDF-Dynamic-Reservation,36000,8460,0,27540,0,0,60,9,1000,101,edf_dynamic_reservation,9000,7166,0.7962222222222223,0.613109101654855,0.14408063888889092,0.14028062222222248,8460,0.1429711232048176,9000,9000,0.10958796360547966,2412,0.4265807752241544,0.15359017018456136,0.8464098298154387,0.7591111111111111,0.3169928116186747,0.995997428894043,periodic,1.0,,,,,,,,,
EDF-Dynamic-Reservation,36000,8416,0,27584,0,0,60,9,1000,202,edf_dynamic_reservation,9000,7188,0.7986666666666666,0.6136845532319473,0.143465811111113,0.13859786666666693,8416,0.142312381983006,9000,9000,0.10976018306611708,2410,0.4284274104672189,0.15271182643945913,0.8472881735605409,0.76,0.3186672274011018,1.0173559188842773,periodic,1.0,,,,,,,,,
EDF-Dynamic-Reservation,36000,8436,0,27564,0,0,60,9,1000,303,edf_dynamic_reservation,9000,7188,0.7986666666666666,0.6134508060692349,0.14375197222222405,0.13859786666666693,8436,0.1425366005118581,9000,9000,0.10997249911565021,2420,0.4263442887802393,0.153563418272988,0.846436581727012,0.76,0.31637178966458906,1.0308401584625244,periodic,1.0,,,,,,,,,
EDF-Dynamic-Reservation,36000,8446,0,27554,0,0,60,9,1000,404,edf_dynamic_reservation,9000,7182,0.798,0.6135213118636135,0.1439389166666689,0.13905680000000026,8446,0.14284350553025227,9000,9000,0.10974760511152833,2430,0.4227882339933147,0.1539178879701929,0.8460821120298071,0.7597777777777778,0.3130406288817864,0.9890410900115967,periodic,1.0,,,,,,,,,
EDF-Dynamic-Reservation,36000,8454,0,27546,0,0,60,9,1000,505,edf_dynamic_reservation,9000,7168,0.7964444444444444,0.6134413532055908,0.14405647777777958,0.14012764444444473,8454,0.14298318482541456,9000,9000,0.11035594727284796,2416,0.4301399893885532,0.15396207762214137,0.8460379223778587,0.7582222222222222,0.3197840421157052,1.0059316158294678,periodic,1.0,,,,,,,,,
EDF-Dynamic-Reservation,36000,8442,0,27558,0,0,60,9,1000,606,edf_dynamic_reservation,9000,7180,0.7977777777777778,0.6134026770907454,0.14384292777777977,0.13920977777777804,8442,0.14277887167293835,9000,9000,0.11024275217069116,2414,0.4276079826337378,0.152806772371428,0.847193227628572,0.758,0.31736523046304665,1.0184214115142822,periodic,1.0,,,,,,,,,
EDF-Dynamic-Reservation,36000,8446,0,27554,0,0,60,9,1000,707,edf_dynamic_reservation,9000,7182,0.798,0.6132685294814202,0.1438796111111132,0.13905680000000026,8446,0.1427240612722778,9000,9000,0.1097808668873699,2438,0.42197051488101933,0.15431625424807946,0.8456837457519205,0.7586666666666667,0.31218964799364946,1.0297298431396484,periodic,1.0,,,,,,,,,
EDF-Dynamic-Reservation,36000,8450,0,27550,0,0,60,9,1000,808,edf_dynamic_reservation,9000,7168,0.7964444444444444,0.6133288047337363,0.14396190000000197,0.14012764444444473,8450,0.14272217303259904,9000,9000,0.11025597423555161,2428,0.4249665463494668,0.15313738423581927,0.8468626157641808,0.7586666666666667,0.3147105721139152,0.9895806312561035,periodic,1.0,,,,,,,,,
EDF-Dynamic-Reservation,36000,8468,0,27532,0,0,60,9,1000,909,edf_dynamic_reservation,9000,7166,0.7962222222222223,0.6131957959376546,0.14423727777777942,0.14028062222222248,8468,0.143153692649797,9000,9000,0.11053951749506143,2426,0.4283423357597974,0.1547548353988584,0.8452451646011416,0.7575555555555555,0.317802818264736,1.0132782459259033,periodic,1.0,,,,,,,,,
EDF-Dynamic-Reservation,36000,8454,0,27546,0,0,60,9,1000,1010,edf_dynamic_reservation,9000,7164,0.796,0.6132751123728504,0.14401743888889101,0.14043360000000027,8454,0.14292650381423067,9000,9000,0.1095317683812415,2408,0.4257928205067916,0.15303886649778617,0.8469611335022138,0.7602222222222222,0.3162610521255501,1.0141961574554443,periodic,1.0,,,,,,,,,
EDF-Dynamic-Reservation,40000,8480,0,31520,0,0,60,10,1000,101,edf_dynamic_reservation,10000,8120,0.812,0.6132202830188761,0.13000270000000172,0.12941920000000026,8480,0.1298011472441563,10000,10000,0.09329281242863828,2360,0.4053082067856907,0.1608197163035335,0.8391802836964665,0.79,0.3120153943570524,1.1456482410430908,periodic,1.0,,,,,,,,,
EDF-Dynamic-Reservation,40000,8500,0,31500,0,0,60,10,1000,202,edf_dynamic_reservation,10000,8240,0.824,0.61245176470589,0.13014600000000165,0.12115840000000024,8500,0.12833463813267224,10000,10000,0.09663263449907941,2560,0.3953295885666038,0.10475615376163519,0.8952438462383648,0.776,0.2986969540675244,1.1511361598968506,periodic,1.0,,,,,,,,,
EDF-Dynamic-Reservation,40000,8500,0,31500,0,0,60,10,1000,303,edf_dynamic_reservation,10000,8240,0.824,0.6133247058823607,0.13033150000000165,0.12115840000000024,8500,0.12879125084886833,10000,10000,0.09672060118624597,2360,0.43159190162664274,0.14794810869159716,0.8520518913084029,0.788,0.33487130044039676,1.1713664531707764,periodic,1.0,,,,,,,,,
EDF-Dynamic-Reservation,40000,8400,0,31600,0,0,60,10,1000,404,edf_dynamic_reservation,10000,8320,0.832,0.6145276190476272,0.12905080000000171,0.11565120000000022,8400,0.12718642638800765,10000,10000,0.09637144697215821,2540,0.3979517119702171,0.14214645157690156,0.8578535484230985,0.788,0.3015802649980589,1.1693580150604248,periodic,1.0,,,,,,,,,
EDF-Dynamic-Reservation,40000,8380,0,31620,0,0,60,10,1000,505,edf_dynamic_reservation,10000,8140,0.814,0.6147677804296032,0.12879385000000187,0.12804240000000025,8380,0.12816893704117463,10000,10000,0.10152257310366568,2360,0.43985054920911165,0.15558045379136637,0.8444195462086337,0.78,0.33832797610544596,1.1580054759979248,periodic,1.0,,,,,,,,,
EDF-Dynamic-Reservation,40000,8560,0,31440,0,0,60,10,1000,606,edf_dynamic_reservation,10000,8080,0.808,0.61247383177571,0.13106940000000195,0.13217280000000026,8560,0.13011739746348072,10000,10000,0.09622830794198053,2540,0.3883822080818935,0.14463292315536755,0.8553670768446324,0.794,0.29215390013991294,1.152158260345459,periodic,1.0,,,,,,,,,
EDF-Dynamic-Reservation,40000,8440,0,31560,0,0,60,10,1000,707,edf_dynamic_reservation,10000,8200,0.82,0.613240047393372,0.1293936500000015,0.12391200000000024,8440,0.12796040287003474,10000,10000,0.0995225467859352,2420,0.4285478102991347,0.1371592486711439,0.8628407513288561,0.784,0.3290252635131995,1.1422948837280273,periodic,1.0,,,,,,,,,
EDF-Dynamic-Reservation,40000,8360,0,31640,0,0,60,10,1000,808,edf_dynamic_reservation,10000,8240,0.824,0.6144404306220188,0.12841805000000192,0.12115840000000024,8360,0.12649780587303086,10000,10000,0.09947000458725319,2500,0.4137290132258754,0.1309283978446843,0.8690716021553158,0.786,0.3142590086386222,1.1517670154571533,periodic,1.0,,,,,,,,,
EDF-Dynamic-Reservation,40000,8500,0,31500,0,0,60,10,1000,909,edf_dynamic_reservation,10000,8180,0.818,0.6129430588235381,0.13025040000000182,0.12528880000000026,8500,0.1293372897412889,10000,10000,0.10481142945354925,2480,0.4477925304994074,0.1526164042666817,0.8473835957333183,0.776,0.34298110104585816,1.143144130706787,periodic,1.0,,,,,,,,,
EDF-Dynamic-Reservation,40000,8520,0,31480,0,0,60,10,1000,1010,edf_dynamic_reservation,10000,8160,0.816,0.6129746478873304,0.13056360000000136,0.12666560000000024,8520,0.1298691476370575,10000,10000,0.09493796874471189,2420,0.41085305480812356,0.14574205136460439,0.8542579486353956,0.776,0.3159150860634117,1.1432805061340332,periodic,1.0,,,,,,,,,
EDF-Dynamic-Reservation,16000,9888,0,6112,0,0,70,4,1000,101,edf_dynamic_reservation,4000,2048,0.512,0.6140987864077433,0.37951304999998536,0.33593920000000066,9888,0.37311740429363516,4000,4000,0.2974491211700935,2832,0.43495085628539315,0.4344628950208007,0.5655371049791993,0.368,0.13750173511529967,0.39420223236083984,periodic,1.0,,,,,,,,,
EDF-Dynamic-Reservation,16000,9928,0,6072,0,0,70,4,1000,202,edf_dynamic_reservation,4000,2000,0.5,0.6138127316679854,0.38087079999998497,0.34420000000000067,9928,0.37707656385586236,4000,4000,0.2950763594469649,2816,0.43509624690522897,0.4255832752434028,0.5744167247565972,0.35,0.14001988745826405,0.39504551887512207,periodic,1.0,,,,,,,,,
EDF-Dynamic-Reservation,16000,9856,0,6144,0,0,70,4,1000,303,edf_dynamic_reservation,4000,2096,0.524,0.6144597402597175,0.37850719999998594,0.32767840000000065,9856,0.37294092459370537,4000,4000,0.2950657183240012,2744,0.44195203265638167,0.42713412596105965,0.5728658740389403,0.372,0.14688631433238047,0.3905155658721924,periodic,1.0,,,,,,,,,
EDF-Dynamic-Reservation,16000,9816,0,6184,0,0,70,4,1000,404,edf_dynamic_reservation,4000,2040,0.51,0.615094621026871,0.3773605499999853,0.33731600000000067,9816,0.3716086556378371,4000,4000,0.3010585673447736,2776,0.44992838863777646,0.43589900833750206,0.5641009916624979,0.362,0.14886982129300286,0.38157129287719727,periodic,1.0,,,,,,,,,
EDF-Dynamic-Reservation,16000,9760,0,6240,0,0,70,4,1000,505,edf_dynamic_reservation,4000,2016,0.504,0.6151589344262061,0.3752469499999857,0.34144640000000065,9760,0.36923297241425795,4000,4000,0.2930550443559336,2760,0.4414045910332531,0.424749533281718,0.5752504667182821,0.382,0.14834954667731948,0.3874812126159668,periodic,1.0,,,,,,,,,
EDF-Dynamic-Reservation,16000,9856,0,6144,0,0,70,4,1000,606,edf_dynamic_reservation,4000,2048,0.512,0.6141157467532239,0.3782952999999859,0.33593920000000066,9856,0.37204472759854884,4000,4000,0.303054367425142,2824,0.4431822942843139,0.4650208773438226,0.5349791226561774,0.364,0.14012792685917186,0.3949160575866699,periodic,1.0,,,,,,,,,
EDF-Dynamic-Reservation,16000,9656,0,6344,0,0,70,4,1000,707,edf_dynamic_reservation,4000,2048,0.512,0.6160864954432258,0.37180819999998677,0.33593920000000066,9656,0.36505774539696034,4000,4000,0.29604103251109,2752,0.4525546047964419,0.41773192348103383,0.5822680765189662,0.364,0.1565135722853519,0.3898200988769531,periodic,1.0,,,,,,,,,
EDF-Dynamic-Reservation,16000,9736,0,6264,0,0,70,4,1000,808,edf_dynamic_reservation,4000,2088,0.522,0.6155709942481284,0.3745749499999862,0.32905520000000066,9736,0.3689865002599091,4000,4000,0.2920456330022154,2728,0.4460189885815517,0.3924774961793352,0.6075225038206649,0.374,0.15397335557933628,0.37873411178588867,periodic,1.0,,,,,,,,,
EDF-Dynamic-Reservation,16000,9976,0,6024,0,0,70,4,1000,909,edf_dynamic_reservation,4000,2008,0.502,0.6133684041699838,0.38243519999998493,0.34282320000000066,9976,0.3777647126936302,4000,4000,0.2865655070936302,2784,0.42749583070889113,0.41781352551188583,0.5821864744881142,0.366,0.14093032361526092,0.39020705223083496,periodic,1.0,,,,,,,,,
EDF-Dynamic-Reservation,16000,9784,0,6216,0,0,70,4,1000,1010,edf_dynamic_reservation,4000,2040,0.51,0.6153342600163295,0.37627689999998554,0.33731600000000067,9784,0.36850775118506685,4000,4000,0.3015913034702885,2784,0.4485158280796745,0.409274408754134,0.590725591245866,0.372,0.146924524609386,0.39975619316101074,periodic,1.0,,,,,,,,,
EDF-Dynamic-Reservation,20000,9770,0,10230,0,0,70,5,1000,101,edf_dynamic_reservation,5000,3050,0.61,0.6154345957011033,0.3006397999999889,0.26847600000000055,9770,0.2958906010749083,5000,5000,0.22220985056759174,2740,0.4242799772444794,0.31749742891783095,0.682502571082169,0.506,0.20207012667688767,0.5193624496459961,periodic,1.0,,,,,,,,,
EDF-Dynamic-Reservation,20000,9900,0,10100,0,0,70,5,1000,202,edf_dynamic_reservation,5000,3170,0.634,0.614396666666642,0.30412634999998783,0.25195440000000047,9900,0.2973625231569329,5000,5000,0.23337406294623228,2850,0.42228384821262854,0.2790540527731049,0.7209459472268951,0.488,0.18890978526639626,0.5226166248321533,periodic,1.0,,,,,,,,,
EDF-Dynamic-Reservation,20000,9770,0,10230,0,0,70,5,1000,303,edf_dynamic_reservation,5000,3070,0.614,0.615490583418605,0.30066714999998856,0.2657224000000005,9770,0.29690498373719804,5000,5000,0.24163784130272264,2800,0.4507711503698993,0.349745809673896,0.650254190326104,0.486,0.20913330906717664,0.5204830169677734,periodic,1.0,,,,,,,,,
EDF-Dynamic-Reservation,20000,9710,0,10290,0,0,70,5,1000,404,edf_dynamic_reservation,5000,3100,0.62,0.6159731204943136,0.2990549499999893,0.2615920000000005,9710,0.2936804804380496,5000,5000,0.24008771233420226,2760,0.4511847144352846,0.3459846154619693,0.6540153845380308,0.496,0.21109700210108231,0.5091252326965332,periodic,1.0,,,,,,,,,
EDF-Dynamic-Reservation,20000,9720,0,10280,0,0,70,5,1000,505,edf_dynamic_reservation,5000,3010,0.602,0.6156766460905135,0.29921884999998954,0.27398320000000054,9720,0.2946720863488586,5000,5000,0.23194798746449818,2760,0.4350214382705552,0.3440877391629824,0.6559122608370176,0.494,0.20307345080605704,0.5224254131317139,periodic,1.0,,,,,,,,,
EDF-Dynamic-Reservation,20000,9760,0,10240,0,0,70,5,1000,606,edf_dynamic_reservation,5000,3010,0.602,0.615221618852437,0.3002281499999892,0.27398320000000054,9760,0.29691977557341515,5000,5000,0.22868138182610884,2770,0.42730265114659394,0.2889609514500063,0.7110390485499938,0.498,0.1986212693204851,0.5192594528198242,periodic,1.0,,,,,,,,,
EDF-Dynamic-Reservation,20000,9680,0,10320,0,0,70,5,1000,707,edf_dynamic_reservation,5000,3090,0.618,0.6159094008264242,0.2981001499999893,0.2629688000000005,9680,0.2939265925899515,5000,5000,0.22920661816660645,2700,0.43536484534908787,0.31549809673566326,0.6845019032643367,0.514,0.20615822718248142,0.5519735813140869,periodic,1.0,,,,,,,,,
EDF-Dynamic-Reservation,20000,9740,0,10260,0,0,70,5,1000,808,edf_dynamic_reservation,5000,3090,0.618,0.615578439425028,0.29978669999998864,0.2629688000000005,9740,0.29481137497716076,5000,5000,0.22605362705505336,2800,0.4294102996287784,0.31834353482358424,0.6816564651764158,0.5,0.20335667257372506,0.5770003795623779,periodic,1.0,,,,,,,,,
EDF-Dynamic-Reservation,20000,9740,0,10260,0,0,70,5,1000,909,edf_dynamic_reservation,5000,3060,0.612,0.6158276180697926,0.299908049999989,0.26709920000000054,9740,0.2958269026292268,5000,5000,0.2275002766849227,2710,0.42999560580093493,0.32158519610575326,0.6784148038942468,0.506,0.20249532911601223,0.5117628574371338,periodic,1.0,,,,,,,,,
EDF-Dynamic-Reservation,20000,9700,0,10300,0,0,70,5,1000,1010,edf_dynamic_reservation,5000,3020,0.604,0.615865051546369,0.29869454999998896,0.2726064000000005,9700,0.29557684509027726,5000,5000,0.2228352523055214,2730,0.4225659458517618,0.32899902910068546,0.6710009708993145,0.504,0.19973069354624043,0.5210254192352295,periodic,1.0,,,,,,,,,
EDF-Dynamic-Reservation,24000,9836,0,14164,0,0,70,6,1000,101,edf_dynamic_reservation,6000,4036,0.6726666666666666,0.6146048393655733,0.2518855499999908,0.22533626666666712,9836,0.24841972820974695,6000,6000,0.1972884924069952,2780,0.44147236743396706,0.2741341097230798,0.7258658902769202,0.5786666666666667,0.24418387502697186,0.655393123626709,periodic,1.0,,,,,,,,,
EDF-Dynamic-Reservation,24000,9844,0,14156,0,0,70,6,1000,202,edf_dynamic_reservation,6000,4028,0.6713333333333333,0.6145377082486554,0.2520628833333235,0.22625413333333377,9844,0.2489460162032037,6000,6000,0.19497818171389641,2812,0.43222500370156686,0.27838315769251765,0.7216168423074824,0.578,0.23724682198767044,0.6586956977844238,periodic,1.0,,,,,,,,,
EDF-Dynamic-Reservation,24000,9800,0,14200,0,0,70,6,1000,303,edf_dynamic_reservation,6000,4108,0.6846666666666666,0.6149875102040593,0.25111989999999085,0.21707546666666708,9800,0.2472400297362843,6000,6000,0.19656522667283938,2764,0.44436925533791344,0.277053346819374,0.722946653180626,0.5793333333333334,0.24780402866507406,0.6610634326934814,periodic,1.0,,,,,,,,,
EDF-Dynamic-Reservation,24000,9852,0,14148,0,0,70,6,1000,404,edf_dynamic_reservation,6000,4072,0.6786666666666666,0.6146934226552743,0.2523316499999901,0.22120586666666708,9852,0.24825087026969656,6000,6000,0.19831670394881243,2788,0.443504775393771,0.279009817328771,0.720990182671229,0.5746666666666667,0.24518807144495855,0.6545369625091553,periodic,1.0,,,,,,,,,
EDF-Dynamic-Reservation,24000,9732,0,14268,0,0,70,6,1000,505,edf_dynamic_reservation,6000,4024,0.6706666666666666,0.6154013563501628,0.24954524999999103,0.2267130666666671,9732,0.24606426448163962,6000,6000,0.19336265726160135,2752,0.43954077012840775,0.26914861029406045,0.7308513897059395,0.5826666666666667,0.2461781128668064,0.6477451324462891,periodic,1.0,,,,,,,,,
EDF-Dynamic-Reservation,24000,9760,0,14240,0,0,70,6,1000,606,edf_dynamic_reservation,6000,4032,0.672,0.6152625409835836,0.2502067666666573,0.22579520000000045,9760,0.2466638825260606,6000,6000,0.19757323157866158,2796,0.4396976769449192,0.2758471204360527,0.7241528795639474,0.5766666666666667,0.2421244453662576,0.6425685882568359,periodic,1.0,,,,,,,,,
EDF-Dynamic-Reservation,24000,9736,0,14264,0,0,70,6,1000,707,edf_dynamic_reservation,6000,4056,0.676,0.6155450287592211,0.24970609999999072,0.22304160000000042,9736,0.24541080898600623,6000,6000,0.1964341533415297,2744,0.4466348539331975,0.2789038720658197,0.7210961279341803,0.58,0.2502007005916678,0.6548910140991211,periodic,1.0,,,,,,,,,
EDF-Dynamic-Reservation,24000,9756,0,14244,0,0,70,6,1000,808,edf_dynamic_reservation,6000,4056,0.676,0.615283722837205,0.25011283333332385,0.22304160000000042,9756,0.2465581850299325,6000,6000,0.1939904487981842,2764,0.43828160890651413,0.2679924716219321,0.7320075283780678,0.58,0.24429116010832994,0.6609001159667969,periodic,1.0,,,,,,,,,
EDF-Dynamic-Reservation,24000,9924,0,14076,0,0,70,6,1000,909,edf_dynamic_reservation,6000,4032,0.672,0.6138729947601531,0.2538364833333233,0.22579520000000045,9924,0.25025147612534376,6000,6000,0.19860471738001556,2800,0.4399127097913604,0.2775834577901681,0.7224165422098319,0.5753333333333334,0.24130799241134482,0.66678786277771,periodic,1.0,,,,,,,,,
EDF-Dynamic-Reservation,24000,9856,0,14144,0,0,70,6,1000,1010,edf_dynamic_reservation,6000,4020,0.67,0.6144750405843918,0.2523444166666569,0.22717200000000043,9856,0.24810759537987423,6000,6000,0.19565132410498184,2788,0.43563308681837726,0.2743708380388444,0.7256291619611557,0.5806666666666667,0.2399817627133954,0.6546306610107422,periodic,1.0,,,,,,,,,
EDF-Dynamic-Reservation,28000,9798,0,18202,0,0,70,7,1000,101,edf_dynamic_reservation,7000,5042,0.7202857142857143,0.6150750765462109,0.21523234285713477,0.19255531428571465,9798,0.21224707905251447,7000,7000,0.16819202054455537,2772,0.44116959188809857,0.2352782724042291,0.764721727595771,0.6388571428571429,0.27297757134354317,0.7984700202941895,periodic,1.0,,,,,,,,,
EDF-Dynamic-Reservation,28000,9772,0,18228,0,0,70,7,1000,202,edf_dynamic_reservation,7000,5038,0.7197142857142858,0.6151927957429161,0.2147022857142777,0.19294868571428608,9772,0.21160937769565993,7000,7000,0.16680692918334453,2786,0.43717121517082913,0.23367784815845,0.76632215184155,0.6402857142857142,0.27036428598748463,0.7890198230743408,periodic,1.0,,,,,,,,,
EDF-Dynamic-Reservation,28000,9768,0,18232,0,0,70,7,1000,303,edf_dynamic_reservation,7000,5066,0.7237142857142858,0.6153472358722134,0.21466827857142073,0.1901950857142861,9768,0.21152629631174466,7000,7000,0.1688653387588853,2766,0.4428816613522375,0.23568002993534587,0.7643199700646541,0.6397142857142857,0.2740163225933522,0.7936136722564697,periodic,1.0,,,,,,,,,
EDF-Dynamic-Reservation,28000,9766,0,18234,0,0,70,7,1000,404,edf_dynamic_reservation,7000,5050,0.7214285714285714,0.6153960065533259,0.2146413357142779,0.1917685714285718,9766,0.21126644182956533,7000,7000,0.1687677570888879,2760,0.44448841577283116,0.23573323022039483,0.7642667697796052,0.6394285714285715,0.27572065868394324,0.8188266754150391,periodic,1.0,,,,,,,,,
EDF-Dynamic-Reservation,28000,9788,0,18212,0,0,70,7,1000,505,edf_dynamic_reservation,7000,5034,0.7191428571428572,0.6149108500204106,0.21495526428570635,0.19334205714285752,9788,0.21179111906459608,7000,7000,0.16744316767806844,2762,0.44018349403553736,0.23431065836624468,0.7656893416337553,0.6402857142857142,0.2727403263574689,0.7932400703430176,periodic,1.0,,,,,,,,,
EDF-Dynamic-Reservation,28000,9774,0,18226,0,0,70,7,1000,606,edf_dynamic_reservation,7000,5048,0.7211428571428572,0.6152046245139935,0.21475035714284899,0.1919652571428575,9774,0.2118599871216808,7000,7000,0.16662079719323022,2774,0.4369942492001543,0.23441452727160478,0.7655854727283953,0.6397142857142857,0.2703734520069241,0.7927155494689941,periodic,1.0,,,,,,,,,
EDF-Dynamic-Reservation,28000,9768,0,18232,0,0,70,7,1000,707,edf_dynamic_reservation,7000,5066,0.7237142857142858,0.6152573095822863,0.21463690714284903,0.1901950857142861,9768,0.21126138488525173,7000,7000,0.16766498574383512,2750,0.4432763531451297,0.23525519304196793,0.764744806958032,0.6397142857142857,0.27561136740129455,0.7981576919555664,periodic,1.0,,,,,,,,,
EDF-Dynamic-Reservation,28000,9780,0,18220,0,0,70,7,1000,808,edf_dynamic_reservation,7000,5048,0.7211428571428572,0.6151583026584629,0.21486600714284887,0.1919652571428575,9780,0.21169295255765416,7000,7000,0.1682938746529267,2780,0.4419988148103637,0.23385148503391082,0.7661485149660892,0.6374285714285715,0.27370494015743696,0.8000204563140869,periodic,1.0,,,,,,,,,
EDF-Dynamic-Reservation,28000,9784,0,18216,0,0,70,7,1000,909,edf_dynamic_reservation,7000,5052,0.7217142857142858,0.6150715453801893,0.2149235714285633,0.1915718857142861,9784,0.2118237126746475,7000,7000,0.16702177307105032,2758,0.4399709551244486,0.2345544753432752,0.7654455246567248,0.6408571428571429,0.2729491820533983,0.8060643672943115,periodic,1.0,,,,,,,,,
EDF-Dynamic-Reservation,28000,9792,0,18208,0,0,70,7,1000,1010,edf_dynamic_reservation,7000,5034,0.7191428571428572,0.6151062908496497,0.21511145714284893,0.19334205714285752,9792,0.21200285103781485,7000,7000,0.16842824270301895,2774,0.4412836370962478,0.23499883549309653,0.7650011645069035,0.6388571428571429,0.2728553943932288,0.7930600643157959,periodic,1.0,,,,,,,,,
EDF-Dynamic-Reservation,32000,9888,0,22112,0,0,70,8,1000,101,edf_dynamic_reservation,8000,6048,0.756,0.6140987864077432,0.18975652499999265,0.16796960000000033,9888,0.1865587021468188,8000,8000,0.14872456058504663,2832,0.4349508562853932,0.21723144751040036,0.7827685524895996,0.684,0.2862262957003466,0.9437522888183594,periodic,1.0,,,,,,,,,
EDF-Dynamic-Reservation,32000,9928,0,22072,0,0,70,8,1000,202,edf_dynamic_reservation,8000,6000,0.75,0.6138127316679857,0.19043539999999257,0.17210000000000034,9928,0.18853828192793187,8000,8000,0.14753817972348254,2816,0.43509624690522897,0.2127916376217014,0.7872083623782986,0.675,0.2875580671817464,0.9394447803497314,periodic,1.0,,,,,,,,,
EDF-Dynamic-Reservation,32000,9856,0,22144,0,0,70,8,1000,303,edf_dynamic_reservation,8000,6096,0.762,0.6144597402597177,0.18925359999999308,0.16383920000000032,9856,0.18647046229685357,8000,8000,0.14753285916200048,2744,0.4419520326563815,0.21356706298052983,0.7864329370194701,0.686,0.294419173494381,0.9400582313537598,periodic,1.0,,,,,,,,,
EDF-Dynamic-Reservation,32000,9816,0,22184,0,0,70,8,1000,404,edf_dynamic_reservation,8000,6040,0.755,0.6150946210268705,0.18868027499999251,0.16865800000000034,9816,0.1858043278189202,8000,8000,0.15052928367238694,2776,0.44992838863777646,0.21794950416875103,0.782050495831249,0.681,0.2993991049653895,0.945777177810669,periodic,1.0,,,,,,,,,
EDF-Dynamic-Reservation,32000,9760,0,22240,0,0,70,8,1000,505,edf_dynamic_reservation,8000,6016,0.752,0.6151589344262062,0.18762347499999288,0.17072320000000032,9760,0.18461648620712984,8000,8000,0.1465275221779668,2760,0.4414045910332534,0.212374766640859,0.787625233359141,0.691,0.29487706885528664,0.9463274478912354,periodic,1.0,,,,,,,,,
EDF-Dynamic-Reservation,32000,9856,0,22144,0,0,70,8,1000,606,edf_dynamic_reservation,8000,6048,0.756,0.6141157467532239,0.18914764999999295,0.16796960000000033,9856,0.1860223637992755,8000,8000,0.1515271837125709,2824,0.4431822942843143,0.2325104386719113,0.7674895613280888,0.682,0.2916551105717434,0.9415395259857178,periodic,1.0,,,,,,,,,
EDF-Dynamic-Reservation,32000,9656,0,22344,0,0,70,8,1000,707,edf_dynamic_reservation,8000,6048,0.756,0.6160864954432259,0.1859040999999934,0.16796960000000033,9656,0.18252887269848153,8000,8000,0.14802051625554494,2752,0.4525546047964418,0.20886596174051691,0.7911340382594831,0.682,0.3045340885408968,0.9554157257080078,periodic,1.0,,,,,,,,,
EDF-Dynamic-Reservation,32000,9736,0,22264,0,0,70,8,1000,808,edf_dynamic_reservation,8000,6088,0.761,0.6155709942481279,0.18728747499999293,0.16452760000000033,9736,0.18449325012995527,8000,8000,0.14602281650110757,2728,0.4460189885815515,0.1962387480896676,0.8037612519103324,0.687,0.29999617208044393,0.9423463344573975,periodic,1.0,,,,,,,,,
EDF-Dynamic-Reservation,32000,9976,0,22024,0,0,70,8,1000,909,edf_dynamic_reservation,8000,6008,0.751,0.6133684041699837,0.19121759999999244,0.17141160000000033,9976,0.1888823563468162,8000,8000,0.143282753546815,2784,0.42749583070889124,0.20890676275594292,0.7910932372440571,0.683,0.2842130771620762,0.9649498462677002,periodic,1.0,,,,,,,,,
EDF-Dynamic-Reservation,32000,9784,0,22216,0,0,70,8,1000,1010,edf_dynamic_reservation,8000,6040,0.755,0.6153342600163293,0.18813844999999269,0.16865800000000034,9784,0.1842538755925339,8000,8000,0.15079565173514412,2784,0.44851582807967405,0.204637204377067,0.795362795622933,0.686,0.29772017634452996,0.956995964050293,periodic,1.0,,,,,,,,,
EDF-Dynamic-Reservation,36000,9798,0,26202,0,0,70,9,1000,101,edf_dynamic_reservation,9000,7042,0.7824444444444445,0.6150750765462107,0.16740293333332704,0.14976524444444472,9798,0.1650810614852896,9000,9000,0.1308160159790989,2772,0.4411695918880988,0.18299421186995596,0.8170057881300441,0.7191111111111111,0.3103535759089999,1.1040947437286377,periodic,1.0,,,,,,,,,
EDF-Dynamic-Reservation,36000,9772,0,26228,0,0,70,9,1000,202,edf_dynamic_reservation,9000,7038,0.782,0.6151927957429166,0.1669906666666606,0.1500712000000003,9772,0.16458507154107016,9000,9000,0.12973872269815673,2786,0.4371712151708281,0.1817494374565722,0.8182505625434278,0.7202222222222222,0.30743249247267135,1.0958747863769531,periodic,1.0,,,,,,,,,
EDF-Dynamic-Reservation,36000,9768,0,26232,0,0,70,9,1000,303,edf_dynamic_reservation,9000,7066,0.7851111111111111,0.6153472358722127,0.1669642166666604,0.1479295111111114,9768,0.16452045268691334,9000,9000,0.13133970792357705,2766,0.4428816613522372,0.18330668994971347,0.8166933100502866,0.7197777777777777,0.3115419534286602,1.1110491752624512,periodic,1.0,,,,,,,,,
EDF-Dynamic-Reservation,36000,9766,0,26234,0,0,70,9,1000,404,edf_dynamic_reservation,9000,7050,0.7833333333333333,0.615396006553325,0.16694326111110477,0.1491533333333336,9766,0.164318343645218,9000,9000,0.13126381106913512,2760,0.44448841577283166,0.18334806794919598,0.816651932050804,0.7195555555555555,0.3132246047036965,1.1330957412719727,periodic,1.0,,,,,,,,,
EDF-Dynamic-Reservation,36000,9788,0,26212,0,0,70,9,1000,505,edf_dynamic_reservation,9000,7034,0.7815555555555556,0.6149108500204101,0.1671874277777715,0.15037715555555584,9788,0.16472642593913167,9000,9000,0.13023357486072015,2762,0.4401834940355383,0.18224162317374587,0.8177583768262542,0.7202222222222222,0.3099499191748182,1.1136116981506348,periodic,1.0,,,,,,,,,
EDF-Dynamic-Reservation,36000,9774,0,26226,0,0,70,9,1000,606,edf_dynamic_reservation,9000,7048,0.7831111111111111,0.6152046245139942,0.16702805555554942,0.1493063111111114,9774,0.16477998998353025,9000,9000,0.1295939533725126,2774,0.4369942492001553,0.18232241010013706,0.8176775898998629,0.7197777777777777,0.3074002958276427,1.0885534286499023,periodic,1.0,,,,,,,,,
EDF-Dynamic-Reservation,36000,9768,0,26232,0,0,70,9,1000,707,edf_dynamic_reservation,9000,7066,0.7851111111111111,0.6152573095822866,0.16693981666666044,0.1479295111111114,9768,0.16431441046630776,9000,9000,0.1304061000229832,2750,0.4432763531451302,0.18297626125486394,0.817023738745136,0.7197777777777777,0.312870253122147,1.1029629707336426,periodic,1.0,,,,,,,,,
EDF-Dynamic-Reservation,36000,9780,0,26220,0,0,70,9,1000,808,edf_dynamic_reservation,9000,7048,0.7831111111111111,0.615158302658463,0.16711800555554915,0.1493063111111114,9780,0.16465007421150948,9000,9000,0.13089523584116516,2780,0.441998814810364,0.1818844883597084,0.8181155116402916,0.718,0.3111035789691988,1.1033058166503906,periodic,1.0,,,,,,,,,
EDF-Dynamic-Reservation,36000,9784,0,26216,0,0,70,9,1000,909,edf_dynamic_reservation,9000,7052,0.7835555555555556,0.6150715453801897,0.16716277777777155,0.14900035555555585,9784,0.1647517765247265,9000,9000,0.12990582349970564,2758,0.4399709551244477,0.18243125860032516,0.8175687413996748,0.7206666666666667,0.3100651316247421,1.1049675941467285,periodic,1.0,,,,,,,,,
EDF-Dynamic-Reservation,36000,9792,0,26208,0,0,70,9,1000,1010,edf_dynamic_reservation,9000,7034,0.7815555555555556,0.6151062908496499,0.16730891111110477,0.15037715555555584,9792,0.16489110636274668,9000,9000,0.13099974432457032,2774,0.4412836370962481,0.1827768720501862,0.8172231279498138,0.7191111111111111,0.3102838927716778,1.1015336513519287,periodic,1.0,,,,,,,,,
EDF-Dynamic-Reservation,40000,9720,0,30280,0,0,70,10,1000,101,edf_dynamic_reservation,10000,8020,0.802,0.6157170781892787,0.1496192499999947,0.13630320000000026,9720,0.1481042868210393,10000,10000,0.11169678008115841,2740,0.4255635247268742,0.1857439438723098,0.8142560561276901,0.756,0.3138667446457158,1.2645795345306396,periodic,1.0,,,,,,,,,
EDF-Dynamic-Reservation,40000,9960,0,30040,0,0,70,10,1000,202,edf_dynamic_reservation,10000,8160,0.816,0.6135313253011785,0.15276929999999345,0.12666560000000024,9960,0.14977244057621114,10000,10000,0.1133354063547194,2880,0.4035464933680211,0.12910859013039097,0.870891409869609,0.748,0.2902110870133017,1.2743489742279053,periodic,1.0,,,,,,,,,
EDF-Dynamic-Reservation,40000,9880,0,30120,0,0,70,10,1000,303,edf_dynamic_reservation,10000,8120,0.812,0.6145860323886393,0.1518027499999939,0.12941920000000026,9880,0.1504084953646705,10000,10000,0.12280736344642255,2780,0.4686977361518894,0.1729267376142748,0.8270732623857252,0.74,0.34589037270546685,1.289954662322998,periodic,1.0,,,,,,,,,
EDF-Dynamic-Reservation,40000,9800,0,30200,0,0,70,10,1000,404,edf_dynamic_reservation,10000,8120,0.812,0.6153230612244676,0.15075414999999454,0.12941920000000026,9800,0.14896570737981998,10000,10000,0.11547274566081282,2800,0.43037066782573713,0.16408173688026864,0.8359182631197314,0.754,0.3148979221649243,1.2781739234924316,periodic,1.0,,,,,,,,,
EDF-Dynamic-Reservation,40000,9760,0,30240,0,0,70,10,1000,505,edf_dynamic_reservation,10000,7920,0.792,0.6151813524589953,0.15010424999999483,0.1431872000000003,9760,0.1475886085898262,10000,10000,0.11908823380444025,2820,0.4388350716032512,0.17055722894669664,0.8294427710533033,0.742,0.31974683779881097,1.2765815258026123,periodic,1.0,,,,,,,,,
EDF-Dynamic-Reservation,40000,9880,0,30120,0,0,70,10,1000,606,edf_dynamic_reservation,10000,7920,0.792,0.6140291497975489,0.15166519999999456,0.1431872000000003,9880,0.15047607360366574,10000,10000,0.11232271335295811,2800,0.4106671200392025,0.16640492197073686,0.8335950780292631,0.754,0.2983444066862444,1.3282203674316406,periodic,1.0,,,,,,,,,
EDF-Dynamic-Reservation,40000,9720,0,30280,0,0,70,10,1000,707,edf_dynamic_reservation,10000,8160,0.816,0.6156537037036799,0.1496038499999942,0.12666560000000024,9720,0.14609052250479246,10000,10000,0.11762243439202462,2680,0.4478510628974155,0.17273864081184623,0.8272613591881538,0.754,0.33022862850539086,1.338904619216919,periodic,1.0,,,,,,,,,
EDF-Dynamic-Reservation,40000,9800,0,30200,0,0,70,10,1000,808,edf_dynamic_reservation,10000,8080,0.808,0.6150195918367105,0.15067979999999406,0.13217280000000026,9800,0.14829592100179953,10000,10000,0.1144436248696176,2800,0.43132385001139895,0.15897798319509207,0.841022016804908,0.75,0.3168802251417814,1.3127341270446777,periodic,1.0,,,,,,,,,
EDF-Dynamic-Reservation,40000,9900,0,30100,0,0,70,10,1000,909,edf_dynamic_reservation,10000,8040,0.804,0.6146418181817955,0.1521238499999944,0.13492640000000025,9900,0.1506441692805421,10000,10000,0.12149664931550151,2720,0.45679479119600896,0.17455218412781154,0.8254478158721885,0.746,0.33529814188050744,1.3002188205718994,periodic,1.0,,,,,,,,,
EDF-Dynamic-Reservation,40000,9880,0,30120,0,0,70,10,1000,1010,edf_dynamic_reservation,10000,8080,0.808,0.6142678137651568,0.15172414999999373,0.13217280000000026,9880,0.1494226254288277,10000,10000,0.11275411576524384,2740,0.41831207939026227,0.17677085267775416,0.8232291473222458,0.744,0.3055579636250184,1.3526697158813477,periodic,1.0,,,,,,,,,
EDF-Dynamic-Reservation,16000,11504,0,4496,0,0,80,4,1000,101,edf_dynamic_reservation,4000,1360,0.34,0.6098332406119148,0.4384700999999667,0.4543440000000009,11504,0.4397360946803343,4000,4000,0.321443487986354,2992,0.43476064074422227,0.5009226387195372,0.49907736128046276,0.296,0.11331715275786824,0.4341130256652832,periodic,1.0,,,,,,,,,
EDF-Dynamic-Reservation,16000,11496,0,4504,0,0,80,4,1000,202,edf_dynamic_reservation,4000,1376,0.344,0.6099940848990489,0.4382807499999667,0.4515904000000009,11496,0.4395185562741186,4000,4000,0.3274102159730802,3000,0.44137618427116027,0.48728083981842807,0.5127191601815719,0.292,0.11396596829808009,0.4240407943725586,periodic,1.0,,,,,,,,,
EDF-Dynamic-Reservation,16000,11464,0,4536,0,0,80,4,1000,303,edf_dynamic_reservation,4000,1416,0.354,0.6102714584786719,0.43725949999996844,0.4447064000000009,11464,0.4384370448636861,4000,4000,0.3161319045101112,2968,0.43154821979843433,0.5007439385146008,0.49925606148539925,0.302,0.11541631528832313,0.46109867095947266,periodic,1.0,,,,,,,,,
EDF-Dynamic-Reservation,16000,11568,0,4432,0,0,80,4,1000,404,edf_dynamic_reservation,4000,1328,0.332,0.6096677040110176,0.4407897499999657,0.4598512000000009,11568,0.4425557878553228,4000,4000,0.32777940747814743,3000,0.44106276509101805,0.49347665947002695,0.506523340529973,0.29,0.11328335761287062,0.4179971218109131,periodic,1.0,,,,,,,,,
EDF-Dynamic-Reservation,16000,11504,0,4496,0,0,80,4,1000,505,edf_dynamic_reservation,4000,1368,0.342,0.610015924895643,0.4386014499999673,0.4529672000000009,11504,0.4402213744621456,4000,4000,0.3299675714485397,2976,0.44670956450909555,0.5082917142369414,0.4917082857630586,0.302,0.11674199306055583,0.4302849769592285,periodic,1.0,,,,,,,,,
EDF-Dynamic-Reservation,16000,11448,0,4552,0,0,80,4,1000,606,edf_dynamic_reservation,4000,1392,0.348,0.6104605171208501,0.43678449999996827,0.44883680000000087,11448,0.4379421431790748,4000,4000,0.32618636404108425,2992,0.44089835959217905,0.5025868255911552,0.4974131744088448,0.298,0.11471199555109479,0.44565439224243164,periodic,1.0,,,,,,,,,
EDF-Dynamic-Reservation,16000,11488,0,4512,0,0,80,4,1000,707,edf_dynamic_reservation,4000,1352,0.338,0.6100704038996757,0.43803054999996716,0.4557208000000009,11488,0.4399485206195375,4000,4000,0.32192992943651094,2984,0.43494734972069354,0.5002827634008462,0.4997172365991538,0.304,0.1130174202841826,0.4235498905181885,periodic,1.0,,,,,,,,,
EDF-Dynamic-Reservation,16000,11456,0,4544,0,0,80,4,1000,808,edf_dynamic_reservation,4000,1344,0.336,0.6099349860334733,0.43671344999996686,0.45709760000000094,11456,0.4392022637209598,4000,4000,0.3200964262592955,2984,0.4326123832969354,0.4631615874348039,0.5368384125651962,0.306,0.11251595703763989,0.4301445484161377,periodic,1.0,,,,,,,,,
EDF-Dynamic-Reservation,16000,11520,0,4480,0,0,80,4,1000,909,edf_dynamic_reservation,4000,1368,0.342,0.6100836111110658,0.43926019999996735,0.4529672000000009,11520,0.4411025915808807,4000,4000,0.3192383315261787,2992,0.4327848011729287,0.4813093845385253,0.5186906154614748,0.294,0.11354646964675003,0.42409229278564453,periodic,1.0,,,,,,,,,
EDF-Dynamic-Reservation,16000,11568,0,4432,0,0,80,4,1000,1010,edf_dynamic_reservation,4000,1304,0.326,0.6094535269709069,0.44063489999996575,0.46398160000000094,11568,0.443126839007456,4000,4000,0.3329957732269704,3000,0.4480379684636415,0.46829806435861504,0.531701935641385,0.298,0.11504219523667114,0.42080187797546387,periodic,1.0,,,,,,,,,
EDF-Dynamic-Reservation,20000,11440,0,8560,0,0,80,5,1000,101,edf_dynamic_reservation,5000,2370,0.474,0.6103680944055497,0.34913054999997445,0.3620984000000007,11440,0.3502608854768846,5000,5000,0.2516893896249746,2990,0.4245270605975852,0.3962700123829021,0.6037299876170978,0.44,0.1728376709726106,0.5674948692321777,periodic,1.0,,,,,,,,,
EDF-Dynamic-Reservation,20000,11530,0,8470,0,0,80,5,1000,202,edf_dynamic_reservation,5000,2360,0.472,0.6098620121421914,0.3515854499999733,0.3634752000000007,11530,0.3532120643329883,5000,5000,0.24822293780756144,2990,0.4192723909046735,0.32731942851212875,0.6726805714878712,0.444,0.17104945309711206,0.5731546878814697,periodic,1.0,,,,,,,,,
EDF-Dynamic-Reservation,20000,11620,0,8380,0,0,80,5,1000,303,edf_dynamic_reservation,5000,2310,0.462,0.6091840791737904,0.3539359499999722,0.3703592000000007,11620,0.3555951505974559,5000,5000,0.2556809954345109,3000,0.4307364743312493,0.39327167352000086,0.6067283264799992,0.434,0.1750554788967384,0.5718650817871094,periodic,1.0,,,,,,,,,
EDF-Dynamic-Reservation,20000,11530,0,8470,0,0,80,5,1000,404,edf_dynamic_reservation,5000,2350,0.47,0.609716999132651,0.3515018499999733,0.36485200000000073,11530,0.3527891281437923,5000,5000,0.26340445991227673,3000,0.443219775157875,0.39758322809556274,0.6024167719044373,0.434,0.17981531524559824,0.5641515254974365,periodic,1.0,,,,,,,,,
EDF-Dynamic-Reservation,20000,11500,0,8500,0,0,80,5,1000,505,edf_dynamic_reservation,5000,2350,0.47,0.6101776521738674,0.3508521499999738,0.36485200000000073,11500,0.3515589931364922,5000,5000,0.2545903862093515,2990,0.43068495024160247,0.3924700778128941,0.6075299221871059,0.436,0.176094564032251,0.5758423805236816,periodic,1.0,,,,,,,,,
EDF-Dynamic-Reservation,20000,11500,0,8500,0,0,80,5,1000,606,edf_dynamic_reservation,5000,2330,0.466,0.6098399999999541,0.3506579999999736,0.36760560000000075,11500,0.3525650330401675,5000,5000,0.2495909639602963,2990,0.4231236015314706,0.36591900248358666,0.6340809975164133,0.444,0.1735326375711743,0.5766644477844238,periodic,1.0,,,,,,,,,
EDF-Dynamic-Reservation,20000,11490,0,8510,0,0,80,5,1000,707,edf_dynamic_reservation,5000,2390,0.478,0.6098282854655765,0.35034634999997377,0.35934480000000074,11490,0.35113130906924045,5000,5000,0.2541704925006254,2970,0.4323948838212191,0.34962604426901933,0.6503739557309807,0.45,0.1782243913205937,0.5702142715454102,periodic,1.0,,,,,,,,,
EDF-Dynamic-Reservation,20000,11510,0,8490,0,0,80,5,1000,808,edf_dynamic_reservation,5000,2390,0.478,0.6100213727193288,0.3510672999999737,0.35934480000000074,11510,0.3524168524115796,5000,5000,0.2510283028202668,2970,0.4272326725797001,0.379922817667021,0.6200771823329789,0.446,0.17620436975943332,0.5694558620452881,periodic,1.0,,,,,,,,,
EDF-Dynamic-Reservation,20000,11510,0,8490,0,0,80,5,1000,909,edf_dynamic_reservation,5000,2290,0.458,0.6099788879234981,0.35104284999997315,0.37311280000000074,11510,0.3537750654219358,5000,5000,0.2497829567264892,2990,0.4215477718735852,0.3698115017815207,0.6301884982184793,0.45,0.17176481514709602,0.5646264553070068,periodic,1.0,,,,,,,,,
EDF-Dynamic-Reservation,20000,11480,0,8520,0,0,80,5,1000,1010,edf_dynamic_reservation,5000,2440,0.488,0.6102843205574465,0.3503031999999743,0.3524608000000007,11480,0.3507977010475881,5000,5000,0.25402564281613255,2990,0.4278251134314128,0.3892290759410754,0.6107709240589245,0.438,0.17379947061528023,0.5687603950500488,periodic,1.0,,,,,,,,,
EDF-Dynamic-Reservation,24000,11532,0,12468,0,0,80,6,1000,101,edf_dynamic_reservation,6000,3336,0.556,0.6096641692680762,0.2929436333333106,0.30564960000000063,11532,0.2943703848042281,6000,6000,0.2128658434568866,2984,0.4328143743554596,0.31434127117775335,0.6856587288222467,0.534,0.219948530898573,0.7419352531433105,periodic,1.0,,,,,,,,,
EDF-Dynamic-Reservation,24000,11524,0,12476,0,0,80,6,1000,202,edf_dynamic_reservation,6000,3364,0.5606666666666666,0.6097425546684714,0.2927780499999777,0.30243706666666725,11524,0.29355308183493095,6000,6000,0.2171859292045217,2996,0.4397420973887101,0.3253968626849107,0.6746031373150894,0.53,0.2225561681841884,0.7394793033599854,periodic,1.0,,,,,,,,,
EDF-Dynamic-Reservation,24000,11500,0,12500,0,0,80,6,1000,303,edf_dynamic_reservation,6000,3380,0.5633333333333334,0.6098936695651723,0.29224071666664503,0.30060133333333394,11500,0.2930576515135956,6000,6000,0.21294723189571782,2972,0.4346356524336494,0.32673738897624705,0.673262611023753,0.5346666666666666,0.22168842053793156,0.7250819206237793,periodic,1.0,,,,,,,,,
EDF-Dynamic-Reservation,24000,11528,0,12472,0,0,80,6,1000,404,edf_dynamic_reservation,6000,3364,0.5606666666666666,0.6098473629423544,0.2929300166666442,0.30243706666666725,11528,0.2939892111921765,6000,6000,0.2160274248847071,2996,0.436283793589645,0.32220581114712865,0.6777941888528713,0.528,0.22025636870493787,0.7397637367248535,periodic,1.0,,,,,,,,,
EDF-Dynamic-Reservation,24000,11464,0,12536,0,0,80,6,1000,505,edf_dynamic_reservation,6000,3376,0.5626666666666666,0.6103025122120972,0.29152116666664507,0.30106026666666724,11464,0.2925804767378509,6000,6000,0.21545397113195566,2984,0.4380880647476867,0.3195361059175677,0.6804638940824324,0.532,0.22263409361573103,0.7416205406188965,periodic,1.0,,,,,,,,,
EDF-Dynamic-Reservation,24000,11472,0,12528,0,0,80,6,1000,606,edf_dynamic_reservation,6000,3376,0.5626666666666666,0.6102168758716424,0.2916836666666451,0.30106026666666724,11472,0.29279398189918576,6000,6000,0.21811038951840045,2988,0.44223203118170207,0.31942092890971197,0.680579071090288,0.5306666666666666,0.22412164166330162,0.7851893901824951,periodic,1.0,,,,,,,,,
EDF-Dynamic-Reservation,24000,11488,0,12512,0,0,80,6,1000,707,edf_dynamic_reservation,6000,3344,0.5573333333333333,0.6100502785514863,0.29201073333331146,0.3047317333333339,11488,0.2933685642874161,6000,6000,0.21410172127730998,2980,0.43417302522968687,0.3239928681473561,0.6760071318526439,0.5346666666666666,0.2200713039523769,0.7215793132781982,periodic,1.0,,,,,,,,,
EDF-Dynamic-Reservation,24000,11472,0,12528,0,0,80,6,1000,808,edf_dynamic_reservation,6000,3372,0.562,0.6100143305438869,0.2915868499999779,0.3015192000000006,11472,0.2930110055745742,6000,6000,0.21296889630375215,2984,0.4314101257984847,0.3106282688722624,0.6893717311277376,0.5366666666666666,0.21844122949473255,0.7260518074035645,periodic,1.0,,,,,,,,,
EDF-Dynamic-Reservation,24000,11560,0,12440,0,0,80,6,1000,909,edf_dynamic_reservation,6000,3328,0.5546666666666666,0.6097631833909568,0.29370259999997755,0.3065674666666673,11560,0.29516288174653865,6000,6000,0.21716324457043532,2996,0.43959577386981175,0.318560975386602,0.681439024613398,0.528,0.22243252929937643,0.7167460918426514,periodic,1.0,,,,,,,,,
EDF-Dynamic-Reservation,24000,11528,0,12472,0,0,80,6,1000,1010,edf_dynamic_reservation,6000,3352,0.5586666666666666,0.6098358778625487,0.29292449999997755,0.30381386666666726,11528,0.2940865256480449,6000,6000,0.21832871234700765,2988,0.4423114324199857,0.3207396671840565,0.6792603328159434,0.5313333333333333,0.22398272007297806,0.7161397933959961,periodic,1.0,,,,,,,,,
EDF-Dynamic-Reservation,28000,11512,0,16488,0,0,80,7,1000,101,edf_dynamic_reservation,7000,4330,0.6185714285714285,0.6098636726893208,0.2507410928571236,0.26257542857142907,11512,0.25193604311648093,7000,7000,0.18322655596787918,2984,0.4345905561799085,0.2737601180777854,0.7262398819222147,0.6,0.2513640002120293,0.88509202003479,periodic,1.0,,,,,,,,,
EDF-Dynamic-Reservation,28000,11512,0,16488,0,0,80,7,1000,202,edf_dynamic_reservation,7000,4370,0.6242857142857143,0.6098584607365766,0.2507389499999811,0.2586417142857148,11512,0.2515530423701819,7000,7000,0.1849151365327049,2990,0.4379090583611871,0.2752683897271074,0.7247316102728927,0.5988571428571429,0.25299392182848224,0.8790545463562012,periodic,1.0,,,,,,,,,
EDF-Dynamic-Reservation,28000,11494,0,16506,0,0,80,7,1000,303,edf_dynamic_reservation,7000,4358,0.6225714285714286,0.6099809117800139,0.2503971642856957,0.2598218285714291,11494,0.2512624783123886,7000,7000,0.18327553454094764,2982,0.4352138021449164,0.2708739260751777,0.7291260739248223,0.5997142857142858,0.25193826760396876,0.8848896026611328,periodic,1.0,,,,,,,,,
EDF-Dynamic-Reservation,28000,11524,0,16476,0,0,80,7,1000,404,edf_dynamic_reservation,7000,4346,0.6208571428571429,0.6098491148906166,0.25099647142855236,0.2610019428571434,11524,0.25212595541550215,7000,7000,0.1848631017558822,2998,0.4368025619372372,0.2735694542850645,0.7264305457149355,0.5965714285714285,0.25193946018135505,0.8978967666625977,periodic,1.0,,,,,,,,,
EDF-Dynamic-Reservation,28000,11486,0,16514,0,0,80,7,1000,505,edf_dynamic_reservation,7000,4372,0.6245714285714286,0.6101289918160789,0.25028362857141007,0.2584450285714291,11486,0.2512044124163069,7000,7000,0.18423146405016713,2986,0.4363882604818505,0.27305237059375087,0.7269476294062491,0.5988571428571429,0.2521567964316833,0.8804819583892822,periodic,1.0,,,,,,,,,
EDF-Dynamic-Reservation,28000,11492,0,16508,0,0,80,7,1000,606,edf_dynamic_reservation,7000,4374,0.6248571428571429,0.6100333623389728,0.25037512142855267,0.2582483428571434,11492,0.25134221138160384,7000,7000,0.18477777003159854,2984,0.438438752630771,0.27435329301345196,0.725646706986548,0.5968571428571429,0.25366098259917247,0.8732457160949707,periodic,1.0,,,,,,,,,
EDF-Dynamic-Reservation,28000,11468,0,16532,0,0,80,7,1000,707,edf_dynamic_reservation,7000,4374,0.6248571428571429,0.6101521276595292,0.24990087857141,0.2582483428571434,11468,0.25080526918186946,7000,7000,0.18264953451121177,2980,0.4337164215963921,0.27090321095984277,0.7290967890401572,0.6005714285714285,0.2510668870851803,0.8786673545837402,periodic,1.0,,,,,,,,,
EDF-Dynamic-Reservation,28000,11498,0,16502,0,0,80,7,1000,808,edf_dynamic_reservation,7000,4356,0.6222857142857143,0.60997046442855,0.2504800142856953,0.2600185142857148,11498,0.25148339088671506,7000,7000,0.18427589409371375,2982,0.43657107414461654,0.2729113980810005,0.7270886019189995,0.6002857142857143,0.2522951800509028,0.90895676612854,periodic,1.0,,,,,,,,,
EDF-Dynamic-Reservation,28000,11504,0,16496,0,0,80,7,1000,909,edf_dynamic_reservation,7000,4342,0.6202857142857143,0.6100115090402879,0.25062758571426685,0.26139531428571483,11504,0.25182060373563653,7000,7000,0.1847917425508011,2992,0.43724563128876026,0.2737080835360343,0.7262919164639656,0.5962857142857143,0.25245388873795915,0.8896880149841309,periodic,1.0,,,,,,,,,
EDF-Dynamic-Reservation,28000,11496,0,16504,0,0,80,7,1000,1010,edf_dynamic_reservation,7000,4376,0.6251428571428571,0.609995424495431,0.2504466928571241,0.25805165714285766,11496,0.2512435370280475,7000,7000,0.18482226325024537,2990,0.4372211576336685,0.27319136487545026,0.7268086351245497,0.5988571428571429,0.2523988943834231,0.8749701976776123,periodic,1.0,,,,,,,,,
EDF-Dynamic-Reservation,32000,11504,0,20496,0,0,80,8,1000,101,edf_dynamic_reservation,8000,5360,0.67,0.6098332406119141,0.2192350499999831,0.22717200000000046,11504,0.21986804734016846,8000,8000,0.16072174399317687,2992,0.4347606407442221,0.2504613193597686,0.7495386806402313,0.648,0.2740388967510452,1.0361685752868652,periodic,1.0,,,,,,,,,
EDF-Dynamic-Reservation,32000,11496,0,20504,0,0,80,8,1000,202,edf_dynamic_reservation,8000,5376,0.672,0.6099940848990485,0.21914037499998318,0.22579520000000045,11496,0.2197592781370603,8000,8000,0.1637051079865404,3000,0.4413761842711608,0.24364041990921403,0.756359580090786,0.646,0.2776710762846204,1.0425124168395996,periodic,1.0,,,,,,,,,
EDF-Dynamic-Reservation,32000,11464,0,20536,0,0,80,8,1000,303,edf_dynamic_reservation,8000,5416,0.677,0.6102714584786716,0.2186297499999841,0.22235320000000044,11464,0.2192185224318438,8000,8000,0.15806595225505568,2968,0.4315482197984348,0.2503719692573004,0.7496280307426997,0.651,0.2734822675433791,1.0477802753448486,periodic,1.0,,,,,,,,,
EDF-Dynamic-Reservation,32000,11568,0,20432,0,0,80,8,1000,404,edf_dynamic_reservation,8000,5328,0.666,0.6096677040110178,0.22039487499998292,0.22992560000000045,11568,0.22127789392766284,8000,8000,0.16388970373907363,3000,0.44106276509101855,0.24673832973501347,0.7532616702649866,0.645,0.2771730613519449,1.0507423877716064,periodic,1.0,,,,,,,,,
EDF-Dynamic-Reservation,32000,11504,0,20496,0,0,80,8,1000,505,edf_dynamic_reservation,8000,5368,0.671,0.610015924895643,0.21930072499998368,0.22648360000000045,11504,0.2201106872310741,8000,8000,0.16498378572426986,2976,0.4467095645090958,0.2541458571184707,0.7458541428815293,0.651,0.28172577878482596,1.0423061847686768,periodic,1.0,,,,,,,,,
EDF-Dynamic-Reservation,32000,11448,0,20552,0,0,80,8,1000,606,edf_dynamic_reservation,8000,5392,0.674,0.6104605171208503,0.2183922499999842,0.22441840000000043,11448,0.21897107158953802,8000,8000,0.16309318202054215,2992,0.440898359592179,0.2512934127955776,0.7487065872044224,0.649,0.2778051775716368,1.0655839443206787,periodic,1.0,,,,,,,,,
EDF-Dynamic-Reservation,32000,11488,0,20512,0,0,80,8,1000,707,edf_dynamic_reservation,8000,5352,0.669,0.6100704038996755,0.2190152749999835,0.22786040000000046,11488,0.21997426030977033,8000,8000,0.16096496471825558,2984,0.43494734972069443,0.2501413817004231,0.7498586182995769,0.652,0.2739823850024389,1.0374820232391357,periodic,1.0,,,,,,,,,
EDF-Dynamic-Reservation,32000,11456,0,20544,0,0,80,8,1000,808,edf_dynamic_reservation,8000,5344,0.668,0.6099349860334737,0.21835672499998363,0.22854880000000047,11456,0.2196011318604807,8000,8000,0.16004821312964768,2984,0.43261238329693497,0.23158079371740195,0.7684192062825981,0.653,0.2725641701672873,1.0348670482635498,periodic,1.0,,,,,,,,,
EDF-Dynamic-Reservation,32000,11520,0,20480,0,0,80,8,1000,909,edf_dynamic_reservation,8000,5368,0.671,0.6100836111110665,0.21963009999998395,0.22648360000000045,11520,0.22055129579044144,8000,8000,0.15961916576308932,2992,0.4327848011729287,0.24065469226926264,0.7593453077307374,0.647,0.2731656354098394,1.042588710784912,periodic,1.0,,,,,,,,,
EDF-Dynamic-Reservation,32000,11568,0,20432,0,0,80,8,1000,1010,edf_dynamic_reservation,8000,5304,0.663,0.6094535269709069,0.22031744999998285,0.23199080000000047,11568,0.22156341950372876,8000,8000,0.16649788661348525,3000,0.44803796846364186,0.23414903217930752,0.7658509678206925,0.649,0.2815400818501566,1.0229859352111816,periodic,1.0,,,,,,,,,
EDF-Dynamic-Reservation,36000,11512,0,24488,0,0,80,9,1000,101,edf_dynamic_reservation,9000,6330,0.7033333333333334,0.6098636726893211,0.1950208499999851,0.20422533333333373,11512,0.1959502557572637,9000,9000,0.14250954353057257,2984,0.43459055617990816,0.21292453628272195,0.7870754637172781,0.6888888888888889,0.2920810126493356,1.1975047588348389,periodic,1.0,,,,,,,,,
EDF-Dynamic-Reservation,36000,11512,0,24488,0,0,80,9,1000,202,edf_dynamic_reservation,9000,6370,0.7077777777777777,0.6098584607365765,0.19501918333331855,0.20116577777777817,11512,0.19565236628792088,9000,9000,0.14382288396988166,2990,0.4379090583611875,0.21409763645441685,0.7859023635455832,0.688,0.2940861743913058,1.2179665565490723,periodic,1.0,,,,,,,,,
EDF-Dynamic-Reservation,36000,11494,0,24506,0,0,80,9,1000,303,edf_dynamic_reservation,9000,6358,0.7064444444444444,0.6099809117800137,0.19475334999998548,0.20208364444444485,11494,0.1954263720207479,9000,9000,0.14254763797629233,2982,0.4352138021449159,0.21067972028069376,0.7893202797193062,0.6886666666666666,0.29266616416862357,1.2239124774932861,periodic,1.0,,,,,,,,,
EDF-Dynamic-Reservation,36000,11524,0,24476,0,0,80,9,1000,404,edf_dynamic_reservation,9000,6346,0.7051111111111111,0.6098491148906171,0.1952194777777631,0.2030015111111115,11524,0.19609796532316892,9000,9000,0.14378241247679718,2998,0.4368025619372366,0.21277624222171684,0.7872237577782831,0.6862222222222222,0.2930201494604394,1.2067465782165527,periodic,1.0,,,,,,,,,
EDF-Dynamic-Reservation,36000,11486,0,24514,0,0,80,9,1000,505,edf_dynamic_reservation,9000,6372,0.708,0.610128991816078,0.1946650444444298,0.2010128000000004,11486,0.19538120965712846,9000,9000,0.14329113870568577,2986,0.43638826048185114,0.21237406601736178,0.7876259339826382,0.688,0.29309712177616537,1.222083330154419,periodic,1.0,,,,,,,,,
EDF-Dynamic-Reservation,36000,11492,0,24508,0,0,80,9,1000,606,edf_dynamic_reservation,9000,6374,0.7082222222222222,0.6100333623389731,0.19473620555554108,0.20085982222222262,11492,0.1954883866301372,9000,9000,0.14371604335791008,2984,0.4384387526307717,0.2133858945660182,0.7866141054339818,0.6864444444444444,0.2947227092728616,1.2303156852722168,periodic,1.0,,,,,,,,,
EDF-Dynamic-Reservation,36000,11468,0,24532,0,0,80,9,1000,707,edf_dynamic_reservation,9000,6374,0.7082222222222222,0.6101521276595293,0.19436734999998562,0.20085982222222262,11468,0.19507076491923314,9000,9000,0.14206074906427574,2980,0.433716421596392,0.21070249741321104,0.789297502586789,0.6893333333333334,0.2916556725321163,1.2632455825805664,periodic,1.0,,,,,,,,,
EDF-Dynamic-Reservation,36000,11498,0,24502,0,0,80,9,1000,808,edf_dynamic_reservation,9000,6356,0.7062222222222222,0.6099704644285496,0.194817788888874,0.20223662222222263,11498,0.19559819291189026,9000,9000,0.14332569540622211,2982,0.4365710741446175,0.21226442072966703,0.787735579270333,0.6891111111111111,0.2932453787383954,1.2528231143951416,periodic,1.0,,,,,,,,,
EDF-Dynamic-Reservation,36000,11504,0,24496,0,0,80,9,1000,909,edf_dynamic_reservation,9000,6342,0.7046666666666667,0.6100115090402879,0.194932566666652,0.20330746666666707,11504,0.19586046957216227,9000,9000,0.1437269108728454,2992,0.43724563128876076,0.21288406497247112,0.7871159350275289,0.686,0.29351872041591537,1.2266731262207031,periodic,1.0,,,,,,,,,
EDF-Dynamic-Reservation,36000,11496,0,24504,0,0,80,9,1000,1010,edf_dynamic_reservation,9000,6376,0.7084444444444444,0.6099954244954304,0.19479187222220745,0.20070684444444484,11496,0.19541163991070543,9000,9000,0.14375064919463548,2990,0.43722115763366864,0.21248217268090577,0.7875178273190943,0.688,0.29347050843903316,1.2210533618927002,periodic,1.0,,,,,,,,,
EDF-Dynamic-Reservation,40000,11460,0,28540,0,0,80,10,1000,101,edf_dynamic_reservation,10000,7380,0.738,0.610179232111648,0.17481634999998716,0.18036080000000035,11460,0.17541702233356396,10000,10000,0.12928546049993173,3000,0.43497239454618564,0.2317590817908695,0.7682409182091305,0.718,0.3056869340462539,1.3965568542480469,periodic,1.0,,,,,,,,,
EDF-Dynamic-Reservation,40000,11560,0,28440,0,0,80,10,1000,202,edf_dynamic_reservation,10000,7380,0.738,0.6093290657438971,0.17609609999998627,0.18036080000000035,11560,0.17679005343143334,10000,10000,0.12069124039273768,3000,0.40737744534169307,0.15279535175049958,0.8472046482495004,0.72,0.28668620494895536,1.3971021175384521,periodic,1.0,,,,,,,,,
EDF-Dynamic-Reservation,40000,11660,0,28340,0,0,80,10,1000,303,edf_dynamic_reservation,10000,7280,0.728,0.6092797598627302,0.17760504999998583,0.18724480000000038,11660,0.1786117908181013,10000,10000,0.12943983986110905,3000,0.43619635859847355,0.19859510976338626,0.8014048902366138,0.712,0.30675651873736454,1.4123353958129883,periodic,1.0,,,,,,,,,
EDF-Dynamic-Reservation,40000,11640,0,28360,0,0,80,10,1000,404,edf_dynamic_reservation,10000,7300,0.73,0.6089094501717728,0.17719264999998588,0.18586800000000037,11640,0.17781679489569932,10000,10000,0.12735831665708205,3000,0.427843877910198,0.18524699574705053,0.8147530042529495,0.722,0.300485561253116,1.368596076965332,periodic,1.0,,,,,,,,,
EDF-Dynamic-Reservation,40000,11500,0,28500,0,0,80,10,1000,505,edf_dynamic_reservation,10000,7360,0.736,0.6103655652173469,0.1754800999999872,0.18173760000000036,11500,0.17538100280856614,10000,10000,0.1338186761154716,3000,0.45188634129487687,0.2008724658345073,0.7991275341654926,0.71,0.31806766517940527,1.3513154983520508,periodic,1.0,,,,,,,,,
EDF-Dynamic-Reservation,40000,11580,0,28420,0,0,80,10,1000,606,edf_dynamic_reservation,10000,7200,0.72,0.6092580310880337,0.17638019999998572,0.1927520000000004,11580,0.1782474656202407,10000,10000,0.12364345454899762,3000,0.4187377166348481,0.2061700037363839,0.7938299962636162,0.726,0.2950942620858505,1.3534495830535889,periodic,1.0,,,,,,,,,
EDF-Dynamic-Reservation,40000,11520,0,28480,0,0,80,10,1000,707,edf_dynamic_reservation,10000,7380,0.738,0.6098269097221766,0.17563014999998683,0.18036080000000035,11520,0.17563554423821412,10000,10000,0.1301650256789248,2960,0.44343201143530164,0.20129605455829355,0.7987039454417064,0.718,0.31326698575637685,1.3640410900115967,periodic,1.0,,,,,,,,,
EDF-Dynamic-Reservation,40000,11440,0,28560,0,0,80,10,1000,808,edf_dynamic_reservation,10000,7440,0.744,0.6106075174824734,0.1746337499999874,0.17623040000000034,11440,0.17502710432251364,10000,10000,0.12661183841923673,2960,0.43092840023861023,0.18450194447748364,0.8154980555225164,0.724,0.3043165618193735,1.3861045837402344,periodic,1.0,,,,,,,,,
EDF-Dynamic-Reservation,40000,11620,0,28380,0,0,80,10,1000,909,edf_dynamic_reservation,10000,7260,0.726,0.6093607573149266,0.17701929999998614,0.1886216000000004,11620,0.17830017450446878,10000,10000,0.1321057413216669,3000,0.4433598472915416,0.1980304072246317,0.8019695927753683,0.72,0.3112541059698747,1.3646433353424072,periodic,1.0,,,,,,,,,
EDF-Dynamic-Reservation,40000,11480,0,28520,0,0,80,10,1000,1010,edf_dynamic_reservation,10000,7460,0.746,0.6102296167246943,0.17513589999998727,0.17485360000000036,11480,0.17533477442103929,10000,10000,0.12619042755758222,2980,0.4275632005287226,0.2032364519404015,0.7967635480595985,0.714,0.3013727729711404,1.3793630599975586,periodic,1.0,,,,,,,,,
EDF-Dynamic-Reservation,16000,12232,0,3768,0,0,90,4,1000,101,edf_dynamic_reservation,4000,1328,0.332,0.6203221059515746,0.4742362499999787,0.4598512000000009,12232,0.47138642956787746,4000,4000,0.3582111290529263,3384,0.438384076205484,0.526348430286025,0.47365156971397504,0.234,0.08017294715255768,0.4293503761291504,periodic,1.0,,,,,,,,,
EDF-Dynamic-Reservation,16000,12200,0,3800,0,0,90,4,1000,202,edf_dynamic_reservation,4000,1376,0.344,0.6204941639343975,0.47312679999997814,0.4515904000000009,12200,0.4687423115369926,4000,4000,0.3675069726887199,3376,0.4530515863937115,0.5072289096048146,0.4927710903951854,0.238,0.08554461370499161,0.4457571506500244,periodic,1.0,,,,,,,,,
EDF-Dynamic-Reservation,16000,12256,0,3744,0,0,90,4,1000,303,edf_dynamic_reservation,4000,1336,0.334,0.6203214099216422,0.47516619999997795,0.4584744000000009,12256,0.47191640111463456,4000,4000,0.3696106915731372,3424,0.4411994806125083,0.5326597291752235,0.46734027082477647,0.226,0.0715887890393711,0.40714073181152344,periodic,1.0,,,,,,,,,
EDF-Dynamic-Reservation,16000,12232,0,3768,0,0,90,4,1000,404,edf_dynamic_reservation,4000,1352,0.338,0.6204568999345675,0.4743392999999769,0.4557208000000009,12232,0.4712926949611705,4000,4000,0.3640283354815322,3368,0.4491075897602401,0.5116711304626068,0.4883288695373932,0.238,0.08507925427870794,0.4282505512237549,periodic,1.0,,,,,,,,,
EDF-Dynamic-Reservation,16000,12224,0,3776,0,0,90,4,1000,505,edf_dynamic_reservation,4000,1328,0.332,0.6203882198952585,0.4739765999999775,0.4598512000000009,12224,0.47126115956839926,4000,4000,0.37392059002410194,3424,0.45518788026409635,0.5249649461579085,0.47503505384209155,0.222,0.0812672902399944,0.4310314655303955,periodic,1.0,,,,,,,,,
EDF-Dynamic-Reservation,16000,12232,0,3768,0,0,90,4,1000,606,edf_dynamic_reservation,4000,1296,0.324,0.6199874427730265,0.47398039999997876,0.46535840000000095,12232,0.47264473779636457,4000,4000,0.3556180251522713,3352,0.4364241273205811,0.5100417068803947,0.48995829311960526,0.252,0.0808061021683098,0.4414036273956299,periodic,1.0,,,,,,,,,
EDF-Dynamic-Reservation,16000,12208,0,3792,0,0,90,4,1000,707,edf_dynamic_reservation,4000,1400,0.35,0.6207363040628816,0.47362179999997867,0.4474600000000009,12208,0.4699341878296784,4000,4000,0.36661611393232674,3384,0.44880339633119254,0.523142871720536,0.476857128279464,0.232,0.0821872823988658,0.4272730350494385,periodic,1.0,,,,,,,,,
EDF-Dynamic-Reservation,16000,12200,0,3800,0,0,90,4,1000,808,edf_dynamic_reservation,4000,1352,0.338,0.620762163934397,0.4733311499999777,0.4557208000000009,12200,0.47102085912829644,4000,4000,0.35892980917244716,3408,0.43812074328639466,0.4772422239240504,0.5227577760759496,0.236,0.07919093411394751,0.4094696044921875,periodic,1.0,,,,,,,,,
EDF-Dynamic-Reservation,16000,12344,0,3656,0,0,90,4,1000,909,edf_dynamic_reservation,4000,1280,0.32,0.619958976020711,0.4782983499999786,0.4681120000000009,12344,0.47718405092438915,4000,4000,0.3573791986476277,3368,0.43941013023683784,0.4970837989388604,0.5029162010611397,0.23,0.08203093158921015,0.41259169578552246,periodic,1.0,,,,,,,,,
EDF-Dynamic-Reservation,16000,12176,0,3824,0,0,90,4,1000,1010,edf_dynamic_reservation,4000,1400,0.35,0.6206009855453064,0.47227734999997817,0.4474600000000009,12176,0.46989074223261157,4000,4000,0.3722049511455975,3440,0.45129616262852157,0.49439109677333204,0.505608903226668,0.234,0.07909121148292408,0.4100990295410156,periodic,1.0,,,,,,,,,
EDF-Dynamic-Reservation,20000,12240,0,7760,0,0,90,5,1000,101,edf_dynamic_reservation,5000,2260,0.452,0.620533251633957,0.3797663499999817,0.3772432000000008,12240,0.3789702452888597,5000,5000,0.2835714059493255,3340,0.4400370376287392,0.4147169674773045,0.5852830325226954,0.39,0.15646563167941369,0.5792994499206543,periodic,1.0,,,,,,,,,
EDF-Dynamic-Reservation,20000,12160,0,7840,0,0,90,5,1000,202,edf_dynamic_reservation,5000,2360,0.472,0.6205935855262875,0.3773208999999828,0.3634752000000007,12160,0.3753128588490357,5000,5000,0.2866330824138962,3370,0.4401061006105775,0.3470590339588912,0.6529409660411087,0.386,0.1534730181966813,0.5789792537689209,periodic,1.0,,,,,,,,,
EDF-Dynamic-Reservation,20000,12230,0,7770,0,0,90,5,1000,303,edf_dynamic_reservation,5000,2420,0.484,0.6200928045788766,0.3791867499999831,0.3552144000000007,12230,0.37458446224447894,5000,5000,0.2952784760319813,3380,0.4502632820957281,0.4149435243884154,0.5850564756115846,0.386,0.15498480606374676,0.5850324630737305,periodic,1.0,,,,,,,,,
EDF-Dynamic-Reservation,20000,12230,0,7770,0,0,90,5,1000,404,edf_dynamic_reservation,5000,2360,0.472,0.6204808667211472,0.3794240499999815,0.3634752000000007,12230,0.3760029236954913,5000,5000,0.3071633373781365,3460,0.46211055466791906,0.417560806495126,0.582439193504874,0.362,0.15494721728978256,0.5725226402282715,periodic,1.0,,,,,,,,,
EDF-Dynamic-Reservation,20000,12240,0,7760,0,0,90,5,1000,505,edf_dynamic_reservation,5000,2400,0.48,0.6209512254901673,0.3800221499999824,0.35796800000000073,12240,0.3773819431763734,5000,5000,0.29333119445323924,3420,0.4488499806301724,0.41229276072116744,0.5877072392788325,0.38,0.15551878617693315,0.5939655303955078,periodic,1.0,,,,,,,,,
EDF-Dynamic-Reservation,20000,12250,0,7750,0,0,90,5,1000,606,edf_dynamic_reservation,5000,2340,0.468,0.6203172244897671,0.3799442999999823,0.36622880000000074,12250,0.3769193220796218,5000,5000,0.28854449738171273,3430,0.440670631930708,0.38612830592288144,0.6138716940771185,0.378,0.15212613454899526,0.6007037162780762,periodic,1.0,,,,,,,,,
EDF-Dynamic-Reservation,20000,12220,0,7780,0,0,90,5,1000,707,edf_dynamic_reservation,5000,2330,0.466,0.6202285597381056,0.37895964999998255,0.36760560000000075,12220,0.3768981203508582,5000,5000,0.2891752101636634,3360,0.44374020752910726,0.3718450079050937,0.6281549920949063,0.396,0.15456499736544388,0.5993568897247314,periodic,1.0,,,,,,,,,
EDF-Dynamic-Reservation,20000,12220,0,7780,0,0,90,5,1000,808,edf_dynamic_reservation,5000,2340,0.468,0.6202597381341785,0.37897869999998307,0.36622880000000074,12220,0.3771816878418585,5000,5000,0.2815509302488399,3370,0.43866921858247576,0.3918591341233234,0.6081408658766766,0.394,0.15711828833363584,0.5809454917907715,periodic,1.0,,,,,,,,,
EDF-Dynamic-Reservation,20000,12230,0,7770,0,0,90,5,1000,909,edf_dynamic_reservation,5000,2290,0.458,0.620672117743225,0.37954099999998203,0.37311280000000074,12230,0.37726007785621246,5000,5000,0.2907654502628632,3330,0.45278221652075423,0.3938371096527702,0.6061628903472298,0.388,0.16201676625789102,0.5936195850372314,periodic,1.0,,,,,,,,,
EDF-Dynamic-Reservation,20000,12210,0,7790,0,0,90,5,1000,1010,edf_dynamic_reservation,5000,2310,0.462,0.6206399672399363,0.3789006999999811,0.3703592000000007,12210,0.37713929720757533,5000,5000,0.28015376494555827,3360,0.4289306032987066,0.40549516318386725,0.5945048368161328,0.404,0.1487768383531483,0.5817785263061523,periodic,1.0,,,,,,,,,
EDF-Dynamic-Reservation,24000,12236,0,11764,0,0,90,6,1000,101,edf_dynamic_reservation,6000,3336,0.556,0.620581137626647,0.3163929499999856,0.30564960000000063,12236,0.3142180096973193,6000,6000,0.2446287950063969,3396,0.4483247877148109,0.3336444925923902,0.6663555074076097,0.482,0.203695992708414,0.7292485237121582,periodic,1.0,,,,,,,,,
EDF-Dynamic-Reservation,24000,12176,0,11824,0,0,90,6,1000,202,edf_dynamic_reservation,6000,3380,0.5633333333333334,0.6206363009198139,0.31486948333331893,0.30060133333333394,12176,0.3124647054536678,6000,6000,0.24553576239473035,3384,0.4507278130120213,0.3354981500379999,0.6645018499620001,0.49133333333333334,0.20519205061729096,0.7385201454162598,periodic,1.0,,,,,,,,,
EDF-Dynamic-Reservation,24000,12240,0,11760,0,0,90,6,1000,303,edf_dynamic_reservation,6000,3324,0.554,0.6203300980391867,0.3163683499999852,0.3070264000000006,12240,0.3143158441781883,6000,6000,0.24491742300903335,3420,0.44314976843432763,0.3446538704241627,0.6553461295758374,0.486,0.19823234542529428,0.7374706268310547,periodic,1.0,,,,,,,,,
EDF-Dynamic-Reservation,24000,12220,0,11780,0,0,90,6,1000,404,edf_dynamic_reservation,6000,3356,0.5593333333333333,0.6205653355155186,0.31597118333331825,0.3033549333333339,12220,0.31386878060761775,6000,6000,0.23781948165802225,3372,0.4401847239677888,0.333418864350856,0.666581135649144,0.49133333333333334,0.20236524230976655,0.7296526432037354,periodic,1.0,,,,,,,,,
EDF-Dynamic-Reservation,24000,12260,0,11740,0,0,90,6,1000,505,edf_dynamic_reservation,6000,3320,0.5533333333333333,0.6202968678629407,0.3168683166666522,0.30748533333333394,12260,0.31484139526049765,6000,6000,0.24505819814294455,3412,0.4489563280643199,0.33638004956183143,0.6636199504381686,0.48133333333333334,0.20389812992137535,0.7205314636230469,periodic,1.0,,,,,,,,,
EDF-Dynamic-Reservation,24000,12244,0,11756,0,0,90,6,1000,606,edf_dynamic_reservation,6000,3332,0.5553333333333333,0.6202236850702096,0.3164174499999853,0.30610853333333393,12244,0.3149675607102133,6000,6000,0.24106123303396623,3384,0.44421038845469646,0.3314254874684146,0.6685745125315854,0.492,0.20314915542073023,0.73276686668396,periodic,1.0,,,,,,,,,
EDF-Dynamic-Reservation,24000,12232,0,11768,0,0,90,6,1000,707,edf_dynamic_reservation,6000,3340,0.5566666666666666,0.6204473185088003,0.3162213166666519,0.3051906666666673,12232,0.314310756949,6000,6000,0.241307193719351,3384,0.44174108747735746,0.33521477530880806,0.664785224691192,0.48933333333333334,0.20043389375800647,0.7370660305023193,periodic,1.0,,,,,,,,,
EDF-Dynamic-Reservation,24000,12248,0,11752,0,0,90,6,1000,808,edf_dynamic_reservation,6000,3332,0.5553333333333333,0.6202308621815521,0.31652448333331873,0.30610853333333393,12248,0.3146989375754053,6000,6000,0.2423828330734936,3428,0.4425323107403763,0.3249923693858524,0.6750076306141476,0.48533333333333334,0.2001494776668827,0.7392182350158691,periodic,1.0,,,,,,,,,
EDF-Dynamic-Reservation,24000,12260,0,11740,0,0,90,6,1000,909,edf_dynamic_reservation,6000,3316,0.5526666666666666,0.6203137030994824,0.3168769166666523,0.3079442666666673,12260,0.3154342037257117,6000,6000,0.24343852734942084,3364,0.44894359053119515,0.330697395408795,0.6693026045912049,0.4886666666666667,0.2055050631817743,0.7214250564575195,periodic,1.0,,,,,,,,,
EDF-Dynamic-Reservation,24000,12208,0,11792,0,0,90,6,1000,1010,edf_dynamic_reservation,6000,3364,0.5606666666666666,0.6205308322411243,0.3156433499999852,0.30243706666666725,12208,0.3135728036706409,6000,6000,0.24593688026333033,3412,0.4484827530349802,0.337799931767514,0.662200068232486,0.48733333333333334,0.20254587277164987,0.7205781936645508,periodic,1.0,,,,,,,,,
EDF-Dynamic-Reservation,28000,12240,0,15760,0,0,90,7,1000,101,edf_dynamic_reservation,7000,4334,0.6191428571428571,0.620440392156834,0.27122108571427317,0.26218205714285764,12240,0.2696528792946739,7000,7000,0.21018483401520735,3406,0.44893121133523783,0.28776519320599625,0.7122348067940037,0.5578571428571428,0.23874637732003048,0.9003779888153076,periodic,1.0,,,,,,,,,
EDF-Dynamic-Reservation,28000,12216,0,15784,0,0,90,7,1000,202,edf_dynamic_reservation,7000,4350,0.6214285714285714,0.6203087426325841,0.27063184285713027,0.26060857142857197,12216,0.268825275945571,7000,7000,0.20934081264578736,3406,0.44708971538917525,0.2866047251909131,0.7133952748090868,0.5597142857142857,0.2377489027433879,0.9029004573822021,periodic,1.0,,,,,,,,,
EDF-Dynamic-Reservation,28000,12272,0,15728,0,0,90,7,1000,303,edf_dynamic_reservation,7000,4310,0.6157142857142858,0.6200452249021879,0.2717569642857018,0.26454228571428623,12272,0.2703479230123561,7000,7000,0.20945014479415697,3396,0.4468908181431438,0.28763928115463977,0.7123607188453602,0.5602857142857143,0.23744067334898683,0.9008278846740723,periodic,1.0,,,,,,,,,
EDF-Dynamic-Reservation,28000,12242,0,15758,0,0,90,7,1000,404,edf_dynamic_reservation,7000,4340,0.62,0.6204162391765755,0.2712548428571299,0.26159200000000055,12242,0.2695732660498362,7000,7000,0.20816578588305001,3390,0.447700126246494,0.286739739460141,0.713260260539859,0.5608571428571428,0.239534340363444,0.8971354961395264,periodic,1.0,,,,,,,,,
EDF-Dynamic-Reservation,28000,12262,0,15738,0,0,90,7,1000,505,edf_dynamic_reservation,7000,4318,0.6168571428571429,0.6203066057739065,0.2716499857142729,0.26375554285714337,12262,0.27008415897452537,7000,7000,0.20940366218409306,3402,0.4480195126742989,0.2859132627874945,0.7140867372125055,0.5588571428571428,0.23861585049020584,0.9046609401702881,periodic,1.0,,,,,,,,,
EDF-Dynamic-Reservation,28000,12250,0,15750,0,0,90,7,1000,606,edf_dynamic_reservation,7000,4334,0.6191428571428571,0.6203216326530323,0.27139071428570166,0.26218205714285764,12250,0.2697388637064497,7000,7000,0.20783250440122242,3400,0.44452228080539075,0.2862687850553876,0.7137312149446124,0.5611428571428572,0.23668977640416833,0.8969371318817139,periodic,1.0,,,,,,,,,
EDF-Dynamic-Reservation,28000,12256,0,15744,0,0,90,7,1000,707,edf_dynamic_reservation,7000,4314,0.6162857142857143,0.6201560704960553,0.27145117142855907,0.2641489142857148,12256,0.270042360872991,7000,7000,0.20906221254669766,3402,0.4469425152983485,0.28769491301535555,0.7123050869846445,0.5565714285714286,0.23788030275165084,0.8905990123748779,periodic,1.0,,,,,,,,,
EDF-Dynamic-Reservation,28000,12236,0,15764,0,0,90,7,1000,808,edf_dynamic_reservation,7000,4328,0.6182857142857143,0.6203499509643383,0.27109292857141587,0.2627721142857148,12236,0.2696408199542239,7000,7000,0.20969295473525582,3386,0.45021830809325025,0.2873171238729544,0.7126828761270456,0.56,0.24052535335799444,0.8964169025421143,periodic,1.0,,,,,,,,,
EDF-Dynamic-Reservation,28000,12272,0,15728,0,0,90,7,1000,909,edf_dynamic_reservation,7000,4310,0.6157142857142858,0.6202404172098795,0.2718425142857015,0.26454228571428623,12272,0.27049290485058114,7000,7000,0.2093961515312169,3390,0.4481955824875689,0.28928939668038933,0.7107106033196107,0.5588571428571428,0.238799430956352,0.8914425373077393,periodic,1.0,,,,,,,,,
EDF-Dynamic-Reservation,28000,12222,0,15778,0,0,90,7,1000,1010,edf_dynamic_reservation,7000,4352,0.6217142857142857,0.6203616429389329,0.2707878571428442,0.26041188571428625,12222,0.2690790260645366,7000,7000,0.20944317409526067,3402,0.44742424939358294,0.2873421814662665,0.7126578185337336,0.5594285714285714,0.23798107529832227,0.9211184978485107,periodic,1.0,,,,,,,,,
EDF-Dynamic-Reservation,32000,12232,0,19768,0,0,90,8,1000,101,edf_dynamic_reservation,8000,5328,0.666,0.6203221059515743,0.23711812499998927,0.22992560000000045,12232,0.2356929517278102,8000,8000,0.17909332151273097,3384,0.43835513291060857,0.26315209398641665,0.7368479060135833,0.617,0.25926181139787763,1.0846278667449951,periodic,1.0,,,,,,,,,
EDF-Dynamic-Reservation,32000,12200,0,19800,0,0,90,8,1000,202,edf_dynamic_reservation,8000,5376,0.672,0.6204941639343975,0.23656339999998904,0.22579520000000045,12200,0.23437116975249841,8000,8000,0.18373489934350817,3376,0.45300754136799715,0.253617653972935,0.746382346027065,0.619,0.269272642024489,1.0902748107910156,periodic,1.0,,,,,,,,,
EDF-Dynamic-Reservation,32000,12256,0,19744,0,0,90,8,1000,303,edf_dynamic_reservation,8000,5336,0.667,0.6203214099216426,0.2375830999999891,0.22923720000000045,12256,0.23595770048625372,8000,8000,0.1848014721460223,3424,0.44119043005048353,0.26632572266634885,0.7336742773336511,0.613,0.25638895790446126,1.1031599044799805,periodic,1.0,,,,,,,,,
EDF-Dynamic-Reservation,32000,12232,0,19768,0,0,90,8,1000,404,edf_dynamic_reservation,8000,5352,0.669,0.6204568999345677,0.2371696499999885,0.22786040000000046,12232,0.23564634748058727,8000,8000,0.18201416774076612,3368,0.4491075897602407,0.2558355652313034,0.7441644347686966,0.619,0.26709342201947456,1.1150798797607422,periodic,1.0,,,,,,,,,
EDF-Dynamic-Reservation,32000,12224,0,19776,0,0,90,8,1000,505,edf_dynamic_reservation,8000,5328,0.666,0.6203882198952585,0.23698829999998874,0.22992560000000045,12224,0.23563029652717435,8000,8000,0.18694951568167734,3424,0.45516269491275646,0.2624848943513343,0.7375151056486657,0.611,0.2682131792310791,1.1031947135925293,periodic,1.0,,,,,,,,,
EDF-Dynamic-Reservation,32000,12232,0,19768,0,0,90,8,1000,606,edf_dynamic_reservation,8000,5296,0.662,0.6199874427730264,0.23699019999998933,0.23267920000000047,12232,0.23632189005941356,8000,8000,0.17780138165272877,3352,0.43640591509287946,0.25500162235552754,0.7449983776444724,0.626,0.25860453344015066,1.0908818244934082,periodic,1.0,,,,,,,,,
EDF-Dynamic-Reservation,32000,12208,0,19792,0,0,90,8,1000,707,edf_dynamic_reservation,8000,5400,0.675,0.6207363040628816,0.23681089999998933,0.22373000000000046,12208,0.23496686390705246,8000,8000,0.18328859063812278,3384,0.448757376643153,0.2615710134255123,0.7384289865744877,0.616,0.2654687860050302,1.0962409973144531,periodic,1.0,,,,,,,,,
EDF-Dynamic-Reservation,32000,12200,0,19800,0,0,90,8,1000,808,edf_dynamic_reservation,8000,5352,0.669,0.6207621639343972,0.23666557499998894,0.22786040000000046,12200,0.23550967067870748,8000,8000,0.1794844167731318,3408,0.4381665465420478,0.2386124005331003,0.7613875994668997,0.617875,0.258682129768916,1.0959539413452148,periodic,1.0,,,,,,,,,
EDF-Dynamic-Reservation,32000,12344,0,19656,0,0,90,8,1000,909,edf_dynamic_reservation,8000,5280,0.66,0.6199589760207108,0.23914917499998922,0.23405600000000046,12344,0.23859202546219574,8000,8000,0.17868959932381379,3368,0.43941013023683767,0.2485418994694302,0.7514581005305698,0.615,0.2607205309130239,1.0960009098052979,periodic,1.0,,,,,,,,,
EDF-Dynamic-Reservation,32000,12176,0,19824,0,0,90,8,1000,1010,edf_dynamic_reservation,8000,5400,0.675,0.6206009855453065,0.23613867499998914,0.22373000000000046,12176,0.23494537111630664,8000,8000,0.18610247557279877,3440,0.45129616262852185,0.24719554838666602,0.752804451613334,0.617,0.2651936870557231,1.094658613204956,periodic,1.0,,,,,,,,,
EDF-Dynamic-Reservation,36000,12240,0,23760,0,0,90,9,1000,101,edf_dynamic_reservation,9000,6334,0.7037777777777777,0.6204403921568341,0.2109497333333236,0.2039193777777782,12240,0.2097290008639193,9000,9000,0.1634846344447737,3406,0.44895113849217055,0.22384073576860353,0.7761592642313965,0.6562222222222223,0.2854665040473968,1.2838640213012695,periodic,1.0,,,,,,,,,
EDF-Dynamic-Reservation,36000,12216,0,23784,0,0,90,9,1000,202,edf_dynamic_reservation,9000,6350,0.7055555555555556,0.6203087426325842,0.21049143333332357,0.20269555555555596,12216,0.20908632573544517,9000,9000,0.16282063205783442,3406,0.44708971538917486,0.2229147862595991,0.777085213740401,0.6575555555555556,0.28426908333134043,1.2664475440979004,periodic,1.0,,,,,,,,,
EDF-Dynamic-Reservation,36000,12272,0,23728,0,0,90,9,1000,303,edf_dynamic_reservation,9000,6310,0.7011111111111111,0.6200452249021882,0.21136652777776815,0.20575511111111153,12272,0.21027153232895968,9000,9000,0.1629031953887143,3396,0.44688426482728116,0.22371944089805315,0.7762805591019468,0.658,0.2839810694385668,1.2765634059906006,periodic,1.0,,,,,,,,,
EDF-Dynamic-Reservation,36000,12242,0,23758,0,0,90,9,1000,404,edf_dynamic_reservation,9000,6340,0.7044444444444444,0.620416239176575,0.21097598888887864,0.20346044444444486,12242,0.20966860294829465,9000,9000,0.16190177192737965,3390,0.44768698352232505,0.2230035685364879,0.776996431463512,0.6584444444444445,0.2857852115949454,1.2361488342285156,periodic,1.0,,,,,,,,,
EDF-Dynamic-Reservation,36000,12262,0,23738,0,0,90,9,1000,505,edf_dynamic_reservation,9000,6318,0.702,0.6203066057739071,0.21128332222221244,0.20514320000000041,12262,0.2100652127920501,9000,9000,0.1628942440279937,3402,0.4480849332984298,0.22239836263281268,0.7776016373671873,0.6568888888888889,0.2851906892704361,1.2699785232543945,periodic,1.0,,,,,,,,,
EDF-Dynamic-Reservation,36000,12250,0,23750,0,0,90,9,1000,606,edf_dynamic_reservation,9000,6334,0.7037777777777777,0.6203216326530324,0.21108166666665684,0.2039193777777782,12250,0.20979753735044873,9000,9000,0.16165136593513915,3400,0.44453250510177134,0.22264871876248385,0.7773512812375162,0.6586666666666666,0.28288113916663216,1.2484538555145264,periodic,1.0,,,,,,,,,
EDF-Dynamic-Reservation,36000,12256,0,23744,0,0,90,9,1000,707,edf_dynamic_reservation,9000,6314,0.7015555555555556,0.620156070496055,0.21112868888887917,0.20544915555555596,12256,0.21003367440837048,9000,9000,0.1625887560878333,3402,0.4469023380389764,0.223757302042334,0.776242697957666,0.6551111111111111,0.2843135819511431,1.2346692085266113,periodic,1.0,,,,,,,,,
EDF-Dynamic-Reservation,36000,12236,0,23764,0,0,90,9,1000,808,edf_dynamic_reservation,9000,6328,0.7031111111111111,0.6203499509643385,0.21085005555554573,0.20437831111111152,12236,0.2097213742467112,9000,9000,0.1630761325991835,3386,0.45016943338736215,0.2234736777446415,0.7765263222553584,0.6577777777777778,0.28709330078817863,1.2451913356781006,periodic,1.0,,,,,,,,,
EDF-Dynamic-Reservation,36000,12272,0,23728,0,0,90,9,1000,909,edf_dynamic_reservation,9000,6310,0.7011111111111111,0.6202404172098795,0.2114330666666567,0.20575511111111153,12272,0.21038331298817534,9000,9000,0.16287438644806115,3390,0.4482240241731246,0.22502199156414507,0.774978008435855,0.6568888888888889,0.2853496377250635,1.2303264141082764,periodic,1.0,,,,,,,,,
EDF-Dynamic-Reservation,36000,12222,0,23778,0,0,90,9,1000,1010,edf_dynamic_reservation,9000,6352,0.7057777777777777,0.6203616429389329,0.21061277777776774,0.20254257777777818,12222,0.20928401338508698,9000,9000,0.16290024651853596,3402,0.4474242493935825,0.22348836336265174,0.7765116366373482,0.6573333333333333,0.28452400287504653,1.2365260124206543,periodic,1.0,,,,,,,,,
EDF-Dynamic-Reservation,40000,12200,0,27800,0,0,90,10,1000,101,edf_dynamic_reservation,10000,7300,0.73,0.6209962295081674,0.18940384999999105,0.18586800000000037,12200,0.18851345448387546,10000,10000,0.14646964054761577,3380,0.4503750743683159,0.2410190412157021,0.7589809587842979,0.69,0.3039054338207001,1.4317982196807861,periodic,1.0,,,,,,,,,
EDF-Dynamic-Reservation,40000,12200,0,27800,0,0,90,10,1000,202,edf_dynamic_reservation,10000,7320,0.732,0.6202567213114474,0.18917829999999144,0.18449120000000035,12200,0.1883240033615286,10000,10000,0.13762176437082713,3340,0.42907826989325726,0.15638328589287995,0.84361671410712,0.698,0.29145650552243013,1.4299347400665283,periodic,1.0,,,,,,,,,
EDF-Dynamic-Reservation,40000,12180,0,27820,0,0,90,10,1000,303,edf_dynamic_reservation,10000,7440,0.744,0.6206919540229597,0.18900069999999122,0.17623040000000034,12180,0.18600506297188404,10000,10000,0.15330379815253695,3400,0.4704640849983209,0.21292671783196426,0.7870732821680357,0.684,0.3171602868457839,1.419572353363037,periodic,1.0,,,,,,,,,
EDF-Dynamic-Reservation,40000,12220,0,27780,0,0,90,10,1000,404,edf_dynamic_reservation,10000,7480,0.748,0.6211034369885138,0.18974709999999095,0.17347680000000035,12220,0.18694249329678683,10000,10000,0.14765313375364122,3480,0.44478298362305474,0.1892100519524687,0.8107899480475314,0.69,0.2971298498694135,1.423372745513916,periodic,1.0,,,,,,,,,
EDF-Dynamic-Reservation,40000,12220,0,27780,0,0,90,10,1000,505,edf_dynamic_reservation,10000,7380,0.738,0.6209224222585638,0.18969179999999122,0.18036080000000035,12220,0.18889760903025338,10000,10000,0.15141572101642709,3380,0.46549709213728224,0.2133582524504719,0.7866417475495281,0.686,0.31408137112085516,1.4358363151550293,periodic,1.0,,,,,,,,,
EDF-Dynamic-Reservation,40000,12220,0,27780,0,0,90,10,1000,606,edf_dynamic_reservation,10000,7380,0.738,0.6210731587561092,0.18973784999999135,0.18036080000000035,12220,0.18858857176665159,10000,10000,0.1458536530046483,3460,0.4425491730300872,0.213800040899927,0.786199959100073,0.692,0.29669552002543886,1.4229722023010254,periodic,1.0,,,,,,,,,
EDF-Dynamic-Reservation,40000,12180,0,27820,0,0,90,10,1000,707,edf_dynamic_reservation,10000,7300,0.73,0.6205407224958651,0.18895464999999095,0.18586800000000037,12180,0.18795475247020146,10000,10000,0.14764240293797762,3360,0.4496921373919259,0.20830204225155335,0.7916979577484466,0.694,0.3020497344539482,1.416283369064331,periodic,1.0,,,,,,,,,
EDF-Dynamic-Reservation,40000,12160,0,27840,0,0,90,10,1000,808,edf_dynamic_reservation,10000,7320,0.732,0.6202300986841817,0.18854994999999122,0.18449120000000035,12160,0.1881608135709287,10000,10000,0.1414030062561832,3400,0.440952739284329,0.1901857319920597,0.8098142680079403,0.692,0.2995497330281458,1.41892409324646,periodic,1.0,,,,,,,,,
EDF-Dynamic-Reservation,40000,12100,0,27900,0,0,90,10,1000,909,edf_dynamic_reservation,10000,7360,0.736,0.6218266115702191,0.1881025499999913,0.18173760000000036,12100,0.18718866087539698,10000,10000,0.14984073796948985,3260,0.4780899305635459,0.19923085552475833,0.8007691444752416,0.696,0.32824919259405605,1.392580270767212,periodic,1.0,,,,,,,,,
EDF-Dynamic-Reservation,40000,12220,0,27780,0,0,90,10,1000,1010,edf_dynamic_reservation,10000,7280,0.728,0.6206058919803292,0.18959509999999058,0.18724480000000038,12220,0.18894661460939335,10000,10000,0.13931740144592786,3340,0.42510418589605603,0.21472730785586047,0.7852726921441395,0.7,0.2857867844501282,1.436234951019287,periodic,1.0,,,,,,,,,
HBTASP-Dynamic,16000,4000,0,,0,0,50,4,1000,101,,4000,1000,0.25,0.6655891500000082,0.16639728750000204,0.516300000000001,4000,0.21384640191516024,4000,4000,0.09242399006910738,1720,0.3557127391158048,0.11611710377742394,0.8838828962225761,0.724,0.2632887490466974,1.4374563694000244,periodic,1.0,1000,11000,0,assigned_level_sensitivity,dynamic,0.0,0.0,0.0,0
HBTASP-Dynamic,16000,4000,0,,0,0,50,4,1000,202,,4000,1000,0.25,0.6655891500000082,0.16639728750000204,0.516300000000001,4000,0.21422800600791636,4000,4000,0.09539189375571147,1708,0.36687730578364564,0.10307537859839198,0.896924621401608,0.724,0.2714854120279342,1.5329711437225342,periodic,1.0,1000,11000,0,assigned_level_sensitivity,dynamic,0.0,0.0,0.0,0
HBTASP-Dynamic,16000,4000,0,,0,0,50,4,1000,303,,4000,1000,0.25,0.6656088000000083,0.16640220000000208,0.516300000000001,4000,0.21467755615910752,4000,4000,0.09253462603931761,1668,0.35424761959990714,0.1036149720274008,0.8963850279725992,0.74325,0.2617129935605895,1.5604333877563477,periodic,1.0,1000,11000,0,assigned_level_sensitivity,dynamic,0.0,0.0,0.0,0
HBTASP-Dynamic,16000,4000,0,,0,0,50,4,1000,404,,4000,1000,0.25,0.6655596750000082,0.16638991875000206,0.516300000000001,4000,0.21335075861118188,4000,4000,0.09179279332514148,1676,0.35778848881285935,0.10223465100830849,0.8977653489916915,0.73225,0.26599569548771784,1.657691478729248,periodic,1.0,1000,11000,0,assigned_level_sensitivity,dynamic,0.0,0.0,0.0,0
HBTASP-Dynamic,16000,4000,0,,0,0,50,4,1000,505,,4000,1000,0.25,0.6655400250000083,0.16638500625000208,0.516300000000001,4000,0.21458785561536808,4000,4000,0.0939013074453829,1744,0.3511246479074322,0.10834955894926587,0.8916504410507341,0.738,0.2572233404620493,1.5822265148162842,periodic,1.0,1000,11000,0,assigned_level_sensitivity,dynamic,0.0,0.0,0.0,0
HBTASP-Dynamic,16000,4000,0,,0,0,50,4,1000,606,,4000,1000,0.25,0.6655695000000083,0.16639237500000206,0.516300000000001,4000,0.21256917286959362,4000,4000,0.08833536224324877,1632,0.3603277425192487,0.09873769488769871,0.9012623051123013,0.737,0.2719923802759999,1.7315056324005127,periodic,1.0,1000,11000,0,assigned_level_sensitivity,dynamic,0.0,0.0,0.0,0
HBTASP-Dynamic,16000,4000,0,,0,0,50,4,1000,707,,4000,1000,0.25,0.6656186250000082,0.16640465625000206,0.516300000000001,4000,0.21252832503890967,4000,4000,0.09442407423261177,1712,0.3515391109608357,0.11555381278895052,0.8844461872110495,0.738,0.2571150367282239,1.598827838897705,periodic,1.0,1000,11000,0,assigned_level_sensitivity,dynamic,0.0,0.0,0.0,0
HBTASP-Dynamic,16000,4000,0,,0,0,50,4,1000,808,,4000,1000,0.25,0.6655891500000082,0.16639728750000204,0.516300000000001,4000,0.21247393645431842,4000,4000,0.08945346147292427,1748,0.33287985932706393,0.11094322592280563,0.8890567740771944,0.741,0.24342639785413966,1.573333740234375,periodic,1.0,1000,11000,0,assigned_level_sensitivity,dynamic,0.0,0.0,0.0,0
HBTASP-Dynamic,16000,4000,0,,0,0,50,4,1000,909,,4000,1000,0.25,0.6655891500000083,0.16639728750000207,0.516300000000001,4000,0.21352785300550797,4000,4000,0.09424565459824719,1704,0.36430645210372153,0.11814467726850143,0.8818553227314986,0.725,0.27006079750547435,1.5165441036224365,periodic,1.0,1000,11000,0,assigned_level_sensitivity,dynamic,0.0,0.0,0.0,0
HBTASP-Dynamic,16000,4000,0,,0,0,50,4,1000,1010,,4000,1000,0.25,0.6655989750000082,0.16639974375000205,0.516300000000001,4000,0.2152444356707796,4000,4000,0.08607136291384927,1630,0.3545833717031421,0.0935877824779998,0.9064122175220002,0.74475,0.2685120087892928,1.4336371421813965,periodic,1.0,1000,11000,0,assigned_level_sensitivity,dynamic,0.0,0.0,0.0,0
HBTASP-Dynamic,20000,4000,0,,0,0,50,5,1000,101,,5000,2000,0.4,0.6655989750000082,0.13311979500000162,0.4130400000000008,4000,0.17177173198073914,5000,5000,0.07372947929274466,1699,0.35013346585215893,0.0835573968490571,0.916442603150943,0.788,0.2764039865594143,1.8979177474975586,periodic,1.0,2000,14000,0,assigned_level_sensitivity,dynamic,0.0,0.0,0.0,0
HBTASP-Dynamic,20000,4000,0,,0,0,50,5,1000,202,,5000,2000,0.4,0.6656186250000082,0.13312372500000166,0.4130400000000008,4000,0.17130606633872938,5000,5000,0.07715493116899308,1813,0.35472631766316126,0.11059183645040727,0.8894081635495927,0.7778,0.2775713864941682,1.9501721858978271,periodic,1.0,2000,14000,0,assigned_level_sensitivity,dynamic,0.0,0.0,0.0,0
HBTASP-Dynamic,20000,4000,0,,0,0,50,5,1000,303,,5000,2000,0.4,0.6655400250000082,0.13310800500000164,0.4130400000000008,4000,0.17099143894447785,5000,5000,0.06982914218069688,1732,0.3354115666822791,0.07188996320572671,0.9281100367942733,0.7904,0.2655824245015822,1.8736763000488281,periodic,1.0,2000,14000,0,assigned_level_sensitivity,dynamic,0.0,0.0,0.0,0
HBTASP-Dynamic,20000,4000,0,,0,0,50,5,1000,404,,5000,2000,0.4,0.6655989750000082,0.13311979500000162,0.4130400000000008,4000,0.17176976847936298,5000,5000,0.07633290115591129,1740,0.34867577844067665,0.09085711888286654,0.9091428811171335,0.786,0.27234287728476536,1.8707940578460693,periodic,1.0,2000,14000,0,assigned_level_sensitivity,dynamic,0.0,0.0,0.0,0
HBTASP-Dynamic,20000,4000,0,,0,0,50,5,1000,505,,5000,2000,0.4,0.6655989750000083,0.13311979500000165,0.4130400000000008,4000,0.17208828395023654,5000,5000,0.07070808957661309,1620,0.3533772646215037,0.08043062133517243,0.9195693786648276,0.802,0.28266917504489064,1.867995262145996,periodic,1.0,2000,14000,0,assigned_level_sensitivity,dynamic,0.0,0.0,0.0,0
HBTASP-Dynamic,20000,4000,0,,0,0,50,5,1000,606,,5000,2000,0.4,0.6656088000000081,0.13312176000000164,0.4130400000000008,4000,0.17241003622785575,5000,5000,0.07540120523039638,1740,0.3487261865237521,0.09482432113086238,0.9051756788691376,0.7896,0.2733249812933557,1.945805549621582,periodic,1.0,2000,14000,0,assigned_level_sensitivity,dynamic,0.0,0.0,0.0,0
HBTASP-Dynamic,20000,4000,0,,0,0,50,5,1000,707,,5000,2000,0.4,0.6656088000000081,0.13312176000000164,0.4130400000000008,4000,0.17223029857478359,5000,5000,0.08142872630935225,1710,0.38391496572554584,0.0953117984749652,0.9046882015250348,0.7798,0.30248623941619357,1.9025497436523438,periodic,1.0,2000,14000,0,assigned_level_sensitivity,dynamic,0.0,0.0,0.0,0
HBTASP-Dynamic,20000,4000,0,,0,0,50,5,1000,808,,5000,2000,0.4,0.6655105500000082,0.13310211000000166,0.4130400000000008,4000,0.17268331536014858,5000,5000,0.0750987165639792,1700,0.3593305502696888,0.08110987169440682,0.9188901283055931,0.784,0.2842318337057096,1.9693889617919922,periodic,1.0,2000,14000,0,assigned_level_sensitivity,dynamic,0.0,0.0,0.0,0
HBTASP-Dynamic,20000,4000,0,,0,0,50,5,1000,909,,5000,2000,0.4,0.6656088000000083,0.13312176000000164,0.4130400000000008,4000,0.1728981138327534,5000,5000,0.07550368558726202,1670,0.3825281664294077,0.08971360242386056,0.9102863975761395,0.774,0.3070244808421457,1.7112150192260742,periodic,1.0,2000,14000,0,assigned_level_sensitivity,dynamic,0.0,0.0,0.0,0
HBTASP-Dynamic,20000,4000,0,,0,0,50,5,1000,1010,,5000,2000,0.4,0.6655793250000083,0.13311586500000164,0.4130400000000008,4000,0.17093842700270875,5000,5000,0.07533943913827547,1670,0.35565130119969474,0.07193254462909858,0.9280674553709014,0.7902,0.2803118620614193,1.7212753295898438,periodic,1.0,2000,14000,0,assigned_level_sensitivity,dynamic,0.0,0.0,0.0,0
HBTASP-Dynamic,24000,4000,0,,0,0,50,6,1000,101,,6000,3000,0.5,0.6655989750000082,0.11093316250000136,0.34420000000000067,4000,0.14417006418726075,6000,6000,0.05874297234881844,1753,0.3396603797454149,0.06529435954398807,0.9347056404560119,0.8206666666666667,0.2809174073965965,2.0909218788146973,periodic,1.0,3000,17000,0,assigned_level_sensitivity,dynamic,0.0,0.0,0.0,0
HBTASP-Dynamic,24000,4000,0,,0,0,50,6,1000,202,,6000,3000,0.5,0.6655793250000083,0.11092988750000136,0.34420000000000067,4000,0.14345724100129376,6000,6000,0.06099610398960512,1726,0.3520142710848866,0.06855945050016687,0.9314405494998331,0.8225,0.29101816709528144,2.0073885917663574,periodic,1.0,3000,17000,0,assigned_level_sensitivity,dynamic,0.0,0.0,0.0,0
HBTASP-Dynamic,24000,4000,0,,0,0,50,6,1000,303,,6000,3000,0.5,0.6655203750000083,0.11092006250000137,0.34420000000000067,4000,0.14348392789333955,6000,6000,0.06199934116064182,1731,0.35487808478861815,0.06692065092703617,0.9330793490729639,0.8223333333333334,0.29287874362797633,2.0231053829193115,periodic,1.0,3000,17000,0,assigned_level_sensitivity,dynamic,0.0,0.0,0.0,0
HBTASP-Dynamic,24000,4000,0,,0,0,50,6,1000,404,,6000,3000,0.5,0.6655989750000083,0.11093316250000139,0.34420000000000067,4000,0.14311156136952188,6000,6000,0.05967629009570213,1729,0.34653324022959836,0.06879988113029419,0.9312001188697058,0.825,0.2868569501338962,1.9997713565826416,periodic,1.0,3000,17000,0,assigned_level_sensitivity,dynamic,0.0,0.0,0.0,0
HBTASP-Dynamic,24000,4000,0,,0,0,50,6,1000,505,,6000,3000,0.5,0.6655302000000082,0.11092170000000137,0.34420000000000067,4000,0.14361586425970213,6000,6000,0.058933300512315885,1724,0.34266590153426785,0.06925887881612103,0.930741121183879,0.8273333333333334,0.28373260102195197,2.0147557258605957,periodic,1.0,3000,17000,0,assigned_level_sensitivity,dynamic,0.0,0.0,0.0,0
HBTASP-Dynamic,24000,4000,0,,0,0,50,6,1000,606,,6000,3000,0.5,0.6654909000000082,0.11091515000000136,0.34420000000000067,4000,0.14309263055323834,6000,6000,0.061547125411737416,1758,0.35363304779702365,0.06672087019746291,0.9332791298025371,0.8181666666666667,0.29208592238528625,2.0036749839782715,periodic,1.0,3000,17000,0,assigned_level_sensitivity,dynamic,0.0,0.0,0.0,0
HBTASP-Dynamic,24000,4000,0,,0,0,50,6,1000,707,,6000,3000,0.5,0.6655596750000081,0.11092661250000135,0.34420000000000067,4000,0.14299724254932258,6000,6000,0.06319280619576859,1766,0.35064335550802267,0.0699111249477383,0.9300888750522617,0.8175,0.2874505493122541,1.998476266860962,periodic,1.0,3000,17000,0,assigned_level_sensitivity,dynamic,0.0,0.0,0.0,0
HBTASP-Dynamic,24000,4000,0,,0,0,50,6,1000,808,,6000,3000,0.5,0.6655989750000082,0.11093316250000136,0.34420000000000067,4000,0.14303435025149722,6000,6000,0.06220342978649726,1764,0.3524945760610622,0.07203366383254846,0.9279663361674515,0.8181666666666667,0.290291146274565,2.0181286334991455,periodic,1.0,3000,17000,0,assigned_level_sensitivity,dynamic,0.0,0.0,0.0,0
HBTASP-Dynamic,24000,4000,0,,0,0,50,6,1000,909,,6000,3000,0.5,0.6655400250000082,0.11092333750000137,0.34420000000000067,4000,0.14328162117549378,6000,6000,0.06182330363399924,1748,0.35219057598613024,0.0719815978903045,0.9280184021096956,0.82,0.290367272352131,2.0140089988708496,periodic,1.0,3000,17000,0,assigned_level_sensitivity,dynamic,0.0,0.0,0.0,0
HBTASP-Dynamic,24000,4000,0,,0,0,50,6,1000,1010,,6000,3000,0.5,0.6655498500000083,0.11092497500000138,0.34420000000000067,4000,0.14327623419963173,6000,6000,0.05819997857139709,1700,0.3466484942951381,0.0683863140700612,0.9316136859299388,0.8251666666666667,0.28844851572374103,2.024409294128418,periodic,1.0,3000,17000,0,assigned_level_sensitivity,dynamic,0.0,0.0,0.0,0
HBTASP-Dynamic,28000,4000,0,,0,0,50,7,1000,101,,7000,4000,0.5714285714285714,0.6655989750000083,0.09508556785714405,0.295028571428572,4000,0.12334500223356458,7000,7000,0.05019345041545733,1748,0.34276394855585207,0.055203467716570406,0.9447965322834296,0.8491428571428571,0.29257049814039476,2.344257116317749,periodic,1.0,4000,20000,0,assigned_level_sensitivity,dynamic,0.0,0.0,0.0,0
HBTASP-Dynamic,28000,4000,0,,0,0,50,7,1000,202,,7000,4000,0.5714285714285714,0.6654909000000082,0.09507012857142974,0.295028571428572,4000,0.1232396639247905,7000,7000,0.051648720992691764,1760,0.34854245578684245,0.058518023280411766,0.9414819767195882,0.8461428571428572,0.2968937347941507,2.33927059173584,periodic,1.0,4000,20000,0,assigned_level_sensitivity,dynamic,0.0,0.0,0.0,0
HBTASP-Dynamic,28000,4000,0,,0,0,50,7,1000,303,,7000,4000,0.5714285714285714,0.6655989750000082,0.09508556785714403,0.295028571428572,4000,0.12313946291901127,7000,7000,0.05236297919593397,1758,0.34905813131035324,0.05991429525925054,0.9400857047407495,0.8464285714285714,0.29669515211441927,2.4355111122131348,periodic,1.0,4000,20000,0,assigned_level_sensitivity,dynamic,0.0,0.0,0.0,0
HBTASP-Dynamic,28000,4000,0,,0,0,50,7,1000,404,,7000,4000,0.5714285714285714,0.6655400250000082,0.0950771464285726,0.295028571428572,4000,0.12330785834272028,7000,7000,0.05035126696149896,1759,0.34356008164395685,0.05759173425357816,0.9424082657464219,0.848,0.2932088146824579,2.4050445556640625,periodic,1.0,4000,20000,0,assigned_level_sensitivity,dynamic,0.0,0.0,0.0,0
HBTASP-Dynamic,28000,4000,0,,0,0,50,7,1000,505,,7000,4000,0.5714285714285714,0.6655596750000082,0.09507995357142976,0.295028571428572,4000,0.12317083708941763,7000,7000,0.051136190774834285,1752,0.33974486913187174,0.061852896925672335,0.9381471030743277,0.8502857142857143,0.28860867835703746,2.3881547451019287,periodic,1.0,4000,20000,0,assigned_level_sensitivity,dynamic,0.0,0.0,0.0,0
HBTASP-Dynamic,28000,4000,0,,0,0,50,7,1000,606,,7000,4000,0.5714285714285714,0.6655007250000083,0.09507153214285832,0.295028571428572,4000,0.12326414465222517,7000,7000,0.0521854393904064,1759,0.3529556435611643,0.058516186351578736,0.9414838136484213,0.8467142857142858,0.30077020417075795,2.358199119567871,periodic,1.0,4000,20000,0,assigned_level_sensitivity,dynamic,0.0,0.0,0.0,0
HBTASP-Dynamic,28000,4000,0,,0,0,50,7,1000,707,,7000,4000,0.5714285714285714,0.6655302000000082,0.09507574285714403,0.295028571428572,4000,0.12327930080787575,7000,7000,0.05236327531312436,1742,0.3484120153745883,0.060142945798223706,0.9398570542017763,0.8474285714285714,0.296048740061464,2.339637041091919,periodic,1.0,4000,20000,0,assigned_level_sensitivity,dynamic,0.0,0.0,0.0,0
HBTASP-Dynamic,28000,4000,0,,0,0,50,7,1000,808,,7000,4000,0.5714285714285714,0.6656284500000081,0.09508977857142974,0.295028571428572,4000,0.12319136612606929,7000,7000,0.052370310965305124,1762,0.35051665224415945,0.05755995891732215,0.9424400410826779,0.845,0.2981463412788543,2.351346731185913,periodic,1.0,4000,20000,0,assigned_level_sensitivity,dynamic,0.0,0.0,0.0,0
HBTASP-Dynamic,28000,4000,0,,0,0,50,7,1000,909,,7000,4000,0.5714285714285714,0.6656186250000082,0.09508837500000118,0.295028571428572,4000,0.12328512690700284,7000,7000,0.05300239585351702,1747,0.35141320686939925,0.06008032536531304,0.939919674634687,0.8457142857142858,0.29841081101588224,2.4123151302337646,periodic,1.0,4000,20000,0,assigned_level_sensitivity,dynamic,0.0,0.0,0.0,0
HBTASP-Dynamic,28000,4000,0,,0,0,50,7,1000,1010,,7000,4000,0.5714285714285714,0.6655105500000082,0.09507293571428689,0.295028571428572,4000,0.12337874558646074,7000,7000,0.05056480625393667,1728,0.3459217718298129,0.05821193323842299,0.941788066761577,0.8494285714285714,0.2953569655758762,2.3994133472442627,periodic,1.0,4000,20000,0,assigned_level_sensitivity,dynamic,0.0,0.0,0.0,0
HBTASP-Dynamic,32000,4000,0,,0,0,50,8,1000,101,,8000,5000,0.625,0.6655203750000083,0.08319004687500103,0.2581500000000005,4000,0.10869114316756648,8000,8000,0.04222767600150728,1798,0.32919387801944144,0.053961877509417,0.9460381224905829,0.8665,0.28696620201793416,2.7584187984466553,periodic,1.0,5000,23000,0,assigned_level_sensitivity,dynamic,0.0,0.0,0.0,0
HBTASP-Dynamic,32000,4000,0,,0,0,50,8,1000,202,,8000,5000,0.625,0.6656088000000083,0.08320110000000104,0.2581500000000005,4000,0.10842816388008995,8000,8000,0.04506489329592428,1728,0.35820655773350407,0.049312102092218375,0.9506878979077816,0.865625,0.3131416644375798,2.734787702560425,periodic,1.0,5000,23000,0,assigned_level_sensitivity,dynamic,0.0,0.0,0.0,0
HBTASP-Dynamic,32000,4000,0,,0,0,50,8,1000,303,,8000,5000,0.625,0.6656186250000082,0.08320232812500103,0.2581500000000005,4000,0.10864385277560859,8000,8000,0.04637626875918987,1744,0.3556515821654785,0.051400238302657976,0.9485997616973421,0.867625,0.3092753134062886,2.777130603790283,periodic,1.0,5000,23000,0,assigned_level_sensitivity,dynamic,0.0,0.0,0.0,0
HBTASP-Dynamic,32000,4000,0,,0,0,50,8,1000,404,,8000,5000,0.625,0.6655596750000081,0.08319495937500102,0.2581500000000005,4000,0.10852874953527747,8000,8000,0.041801391930864684,1736,0.33711539011459135,0.04222356961737137,0.9577764303826286,0.874,0.29531399818372667,2.813774585723877,periodic,1.0,5000,23000,0,assigned_level_sensitivity,dynamic,0.0,0.0,0.0,0
HBTASP-Dynamic,32000,4000,0,,0,0,50,8,1000,505,,8000,5000,0.625,0.6655302000000082,0.08319127500000102,0.2581500000000005,4000,0.10872654604412398,8000,8000,0.04643047468176254,1843,0.3410872132932617,0.05402357359031874,0.9459764264096813,0.864,0.29465673861149916,2.8116254806518555,periodic,1.0,5000,23000,0,assigned_level_sensitivity,dynamic,0.0,0.0,0.0,0
HBTASP-Dynamic,32000,4000,0,,0,0,50,8,1000,606,,8000,5000,0.625,0.6655498500000082,0.08319373125000103,0.2581500000000005,4000,0.10789089667714914,8000,8000,0.04183211579844929,1783,0.33858025616945947,0.041950867376010864,0.9580491326239892,0.867375,0.29674814037101016,2.78505802154541,periodic,1.0,5000,23000,0,assigned_level_sensitivity,dynamic,0.0,0.0,0.0,0
HBTASP-Dynamic,32000,4000,0,,0,0,50,8,1000,707,,8000,5000,0.625,0.6656088000000083,0.08320110000000104,0.2581500000000005,4000,0.10779476923612968,8000,8000,0.043685368331533594,1782,0.33155814470678624,0.051085493499821256,0.9489145065001787,0.871625,0.28787277637525266,2.7998569011688232,periodic,1.0,5000,23000,0,assigned_level_sensitivity,dynamic,0.0,0.0,0.0,0
HBTASP-Dynamic,32000,4000,0,,0,0,50,8,1000,808,,8000,5000,0.625,0.6656186250000082,0.08320232812500103,0.2581500000000005,4000,0.10795448737862243,8000,8000,0.0417419258924017,1828,0.3240823591572698,0.04484772916797003,0.9551522708320299,0.86425,0.2823404332648681,2.7820017337799072,periodic,1.0,5000,23000,0,assigned_level_sensitivity,dynamic,0.0,0.0,0.0,0
HBTASP-Dynamic,32000,4000,0,,0,0,50,8,1000,909,,8000,5000,0.625,0.6655498500000082,0.08319373125000103,0.2581500000000005,4000,0.10827016730474202,8000,8000,0.044239657168806845,1725,0.35004085887668435,0.05320307135207394,0.9467969286479261,0.8685,0.3058012017078775,2.8000988960266113,periodic,1.0,5000,23000,0,assigned_level_sensitivity,dynamic,0.0,0.0,0.0,0
HBTASP-Dynamic,32000,4000,0,,0,0,50,8,1000,1010,,8000,5000,0.625,0.6655695000000083,0.08319618750000103,0.2581500000000005,4000,0.10920303812256714,8000,8000,0.038917546161873186,1696,0.3289836859356473,0.04123417075150772,0.9587658292484923,0.877625,0.2900661397737741,2.728163242340088,periodic,1.0,5000,23000,0,assigned_level_sensitivity,dynamic,0.0,0.0,0.0,0
HBTASP-Dynamic,36000,4000,0,,0,0,50,9,1000,101,,9000,6000,0.6666666666666666,0.6655498500000082,0.07394998333333425,0.2294666666666671,4000,0.09647134883500827,9000,9000,0.03884329320370771,1789,0.3389531935448563,0.04110234763914014,0.9588976523608599,0.8825555555555555,0.3001099003411486,3.278676748275757,periodic,1.0,6000,26000,0,assigned_level_sensitivity,dynamic,0.0,0.0,0.0,0
HBTASP-Dynamic,36000,4000,0,,0,0,50,9,1000,202,,9000,6000,0.6666666666666666,0.6655302000000082,0.07394780000000091,0.2294666666666671,4000,0.09646757998794078,9000,9000,0.038569083505876345,1760,0.34421744012770267,0.042706244256089376,0.9572937557439106,0.8825555555555555,0.3056483566218263,3.2478668689727783,periodic,1.0,6000,26000,0,assigned_level_sensitivity,dynamic,0.0,0.0,0.0,0
HBTASP-Dynamic,36000,4000,0,,0,0,50,9,1000,303,,9000,6000,0.6666666666666666,0.6655793250000083,0.07395325833333424,0.2294666666666671,4000,0.09633893720270587,9000,9000,0.03985581828862284,1780,0.34160886634217646,0.045737695592901445,0.9542623044070986,0.8816666666666667,0.30175304805355363,3.265310525894165,periodic,1.0,6000,26000,0,assigned_level_sensitivity,dynamic,0.0,0.0,0.0,0
HBTASP-Dynamic,36000,4000,0,,0,0,50,9,1000,404,,9000,6000,0.6666666666666666,0.6656088000000081,0.07395653333333424,0.2294666666666671,4000,0.09654693339562129,9000,9000,0.037916153137549084,1780,0.33961580723253515,0.04174880332361866,0.9582511966763814,0.8833333333333333,0.30169965409498606,3.284169912338257,periodic,1.0,6000,26000,0,assigned_level_sensitivity,dynamic,0.0,0.0,0.0,0
HBTASP-Dynamic,36000,4000,0,,0,0,50,9,1000,505,,9000,6000,0.6666666666666666,0.6656088000000081,0.07395653333333424,0.2294666666666671,4000,0.09641347026970522,9000,9000,0.03879071724499697,1760,0.3355492299316612,0.04619010604408292,0.9538098939559171,0.8845555555555555,0.2967585126866642,3.2421963214874268,periodic,1.0,6000,26000,0,assigned_level_sensitivity,dynamic,0.0,0.0,0.0,0
HBTASP-Dynamic,36000,4000,0,,0,0,50,9,1000,606,,9000,6000,0.6666666666666666,0.6655596750000082,0.07395107500000092,0.2294666666666671,4000,0.09640427260226779,9000,9000,0.0394325683463198,1791,0.3467372464931544,0.042324056427978346,0.9576759435720217,0.8802222222222222,0.3073046781468346,3.2835800647735596,periodic,1.0,6000,26000,0,assigned_level_sensitivity,dynamic,0.0,0.0,0.0,0
HBTASP-Dynamic,36000,4000,0,,0,0,50,9,1000,707,,9000,6000,0.6666666666666666,0.6656088000000083,0.07395653333333425,0.2294666666666671,4000,0.09649099737496811,9000,9000,0.039467719488126114,1736,0.3466109035773251,0.04422261788674937,0.9557773821132506,0.883,0.307143184089199,3.230616569519043,periodic,1.0,6000,26000,0,assigned_level_sensitivity,dynamic,0.0,0.0,0.0,0
HBTASP-Dynamic,36000,4000,0,,0,0,50,9,1000,808,,9000,6000,0.6666666666666666,0.6655105500000082,0.07394561666666759,0.2294666666666671,4000,0.09642507754501904,9000,9000,0.038335995040973334,1766,0.3399332218962689,0.040427839539341794,0.9595721604606582,0.8815555555555555,0.30159722685529555,3.2228100299835205,periodic,1.0,6000,26000,0,assigned_level_sensitivity,dynamic,0.0,0.0,0.0,0
HBTASP-Dynamic,36000,4000,0,,0,0,50,9,1000,909,,9000,6000,0.6666666666666666,0.6655695000000083,0.07395216666666758,0.2294666666666671,4000,0.09643367686066476,9000,9000,0.03923589266129288,1768,0.343808581158193,0.04366862618694893,0.9563313738130511,0.8822222222222222,0.3045726884969001,3.308835506439209,periodic,1.0,6000,26000,0,assigned_level_sensitivity,dynamic,0.0,0.0,0.0,0
HBTASP-Dynamic,36000,4000,0,,0,0,50,9,1000,1010,,9000,6000,0.6666666666666666,0.6655203750000083,0.07394670833333425,0.2294666666666671,4000,0.09652603160507181,9000,9000,0.03795597096458072,1764,0.3381670611382447,0.04324245935186245,0.9567575406481376,0.8846666666666667,0.300211090173664,3.2786378860473633,periodic,1.0,6000,26000,0,assigned_level_sensitivity,dynamic,0.0,0.0,0.0,0
HBTASP-Dynamic,40000,4000,0,,0,0,50,10,1000,101,,10000,7000,0.7,0.6655302000000082,0.06655302000000082,0.2065200000000004,4000,0.08736777050436677,10000,10000,0.034081938421560036,1680,0.36503319313788996,0.030173673849541185,0.9698263261504588,0.8872,0.3309512547163299,3.7312049865722656,periodic,1.0,7000,29000,0,assigned_level_sensitivity,dynamic,0.0,0.0,0.0,0
HBTASP-Dynamic,40000,4000,0,,0,0,50,10,1000,202,,10000,7000,0.7,0.6655302000000083,0.06655302000000084,0.2065200000000004,4000,0.08809913846456684,10000,10000,0.03542302100353753,1800,0.36094314111633796,0.04863983839171134,0.9513601616082886,0.8987,0.3255201201128004,3.7578163146972656,periodic,1.0,7000,29000,0,assigned_level_sensitivity,dynamic,0.0,0.0,0.0,0
HBTASP-Dynamic,40000,4000,0,,0,0,50,10,1000,303,,10000,7000,0.7,0.6655203750000083,0.06655203750000083,0.2065200000000004,4000,0.08644767817341563,10000,10000,0.030518168684681508,1820,0.2753602677041381,0.03423984946980523,0.9657601505301948,0.9041,0.24484209901945655,3.7322797775268555,periodic,1.0,7000,29000,0,assigned_level_sensitivity,dynamic,0.0,0.0,0.0,0
HBTASP-Dynamic,40000,4000,0,,0,0,50,10,1000,404,,10000,7000,0.7,0.6656088000000081,0.06656088000000082,0.2065200000000004,4000,0.08720277177196462,10000,10000,0.04003091936419404,1860,0.33733416578704806,0.04208893038778027,0.9579110696122197,0.894,0.297303246422854,3.7084648609161377,periodic,1.0,7000,29000,0,assigned_level_sensitivity,dynamic,0.0,0.0,0.0,0
HBTASP-Dynamic,40000,4000,0,,0,0,50,10,1000,505,,10000,7000,0.7,0.6655695000000083,0.06655695000000082,0.2065200000000004,4000,0.08687868986465767,10000,10000,0.036094747062529076,1740,0.34547833714766873,0.039876703452697324,0.9601232965473027,0.898,0.30938359008513966,3.7058897018432617,periodic,1.0,7000,29000,0,assigned_level_sensitivity,dynamic,0.0,0.0,0.0,0
HBTASP-Dynamic,40000,4000,0,,0,0,50,10,1000,606,,10000,7000,0.7,0.6655695000000083,0.06655695000000082,0.2065200000000004,4000,0.08642178482227851,10000,10000,0.03192914261788837,1860,0.3132987652557775,0.03486806558923961,0.9651319344107604,0.894,0.2813696226378891,3.7594504356384277,periodic,1.0,7000,29000,0,assigned_level_sensitivity,dynamic,0.0,0.0,0.0,0
HBTASP-Dynamic,40000,4000,0,,0,0,50,10,1000,707,,10000,7000,0.7,0.6655498500000083,0.06655498500000083,0.2065200000000004,4000,0.0863178074843933,10000,10000,0.03927207940359993,1680,0.3909885267332813,0.03701060933555258,0.9629893906644474,0.8924,0.3517164473296814,3.7089481353759766,periodic,1.0,7000,29000,0,assigned_level_sensitivity,dynamic,0.0,0.0,0.0,0
HBTASP-Dynamic,40000,4000,0,,0,0,50,10,1000,808,,10000,7000,0.7,0.6655989750000083,0.06655989750000083,0.2065200000000004,4000,0.08741848369371592,10000,10000,0.029949267597891217,1610,0.3411170929644659,0.03132314560827349,0.9686768543917265,0.908,0.31116782536657467,3.7151710987091064,periodic,1.0,7000,29000,0,assigned_level_sensitivity,dynamic,0.0,0.0,0.0,0
HBTASP-Dynamic,40000,4000,0,,0,0,50,10,1000,909,,10000,7000,0.7,0.6655989750000082,0.06655989750000081,0.2065200000000004,4000,0.08728426651660182,10000,10000,0.03501282166537051,1620,0.38997996516519906,0.036679346303440365,0.9633206536965596,0.89,0.35496714349982855,3.9224398136138916,periodic,1.0,7000,29000,0,assigned_level_sensitivity,dynamic,0.0,0.0,0.0,0
HBTASP-Dynamic,40000,4000,0,,0,0,50,10,1000,1010,,10000,7000,0.7,0.6656088000000081,0.06656088000000082,0.2065200000000004,4000,0.08722096084679773,10000,10000,0.032872632077276955,1760,0.30012098961464906,0.03162759948833054,0.9683724005116695,0.9039,0.2672483575373721,3.818178415298462,periodic,1.0,7000,29000,0,assigned_level_sensitivity,dynamic,0.0,0.0,0.0,0
HBTASP-Dynamic,16000,7000,0,,0,0,60,4,1000,101,,4000,1000,0.25,0.6288276000000287,0.27511207500001256,0.516300000000001,7000,0.3290899690997335,4000,4000,0.174909839621258,2376,0.3743487324353218,0.2777084435269848,0.7222915564730152,0.555,0.1994388928140638,1.5639972686767578,periodic,1.0,1000,8000,0,assigned_level_sensitivity,dynamic,0.0,0.0,0.0,0
HBTASP-Dynamic,16000,7000,0,,0,0,60,4,1000,202,,4000,1000,0.25,0.6288163714286001,0.2751071625000126,0.516300000000001,7000,0.3296882061033013,4000,4000,0.17385064755239435,2424,0.3814451471953304,0.24149852114864997,0.75850147885135,0.55,0.20759449964293605,1.5601396560668945,periodic,1.0,1000,8000,0,assigned_level_sensitivity,dynamic,0.0,0.0,0.0,0
HBTASP-Dynamic,16000,7000,0,,0,0,60,4,1000,303,,4000,1000,0.25,0.628833214285743,0.2751145312500126,0.516300000000001,7000,0.3295666035167457,4000,4000,0.17171714511527383,2328,0.3831509640468957,0.23846027765626768,0.7615397223437324,0.562,0.21143381893162186,1.5703010559082031,periodic,1.0,1000,8000,0,assigned_level_sensitivity,dynamic,0.0,0.0,0.0,0
HBTASP-Dynamic,16000,7000,0,,0,0,60,4,1000,404,,4000,1000,0.25,0.6288276000000289,0.2751120750000126,0.516300000000001,7000,0.3290436516582384,4000,4000,0.17582304741797838,2459,0.37170400775760304,0.24342395815843504,0.756576041841565,0.548,0.19588096033962465,1.5756337642669678,periodic,1.0,1000,8000,0,assigned_level_sensitivity,dynamic,0.0,0.0,0.0,0
HBTASP-Dynamic,16000,7000,0,,0,0,60,4,1000,505,,4000,1000,0.25,0.6288276000000289,0.2751120750000126,0.516300000000001,7000,0.329849851692699,4000,4000,0.17775761745175694,2431,0.38243128160922707,0.2620169190683422,0.7379830809316579,0.545,0.20467366415747013,1.563978672027588,periodic,1.0,1000,8000,0,assigned_level_sensitivity,dynamic,0.0,0.0,0.0,0
HBTASP-Dynamic,16000,7000,0,,0,0,60,4,1000,606,,4000,1000,0.25,0.628833214285743,0.2751145312500126,0.516300000000001,7000,0.3274049570799899,4000,4000,0.1710930122311362,2384,0.3668796759905365,0.2462417216182161,0.7537582783817839,0.561,0.1957866637594003,1.575239658355713,periodic,1.0,1000,8000,0,assigned_level_sensitivity,dynamic,0.0,0.0,0.0,0
HBTASP-Dynamic,16000,7000,0,,0,0,60,4,1000,707,,4000,1000,0.25,0.6288388285714575,0.2751169875000126,0.516300000000001,7000,0.32763899108532324,4000,4000,0.17529125917452593,2472,0.3730652722839776,0.2541207995251586,0.7458792004748414,0.544,0.1977740131094517,1.6058614253997803,periodic,1.0,1000,8000,0,assigned_level_sensitivity,dynamic,0.0,0.0,0.0,0
HBTASP-Dynamic,16000,7000,0,,0,0,60,4,1000,808,,4000,1000,0.25,0.628833214285743,0.2751145312500126,0.516300000000001,7000,0.3283125506504316,4000,4000,0.17127448313317942,2360,0.371329093056092,0.25537567802838945,0.7446243219716105,0.563,0.2000546099229126,1.5744712352752686,periodic,1.0,1000,8000,0,assigned_level_sensitivity,dynamic,0.0,0.0,0.0,0
HBTASP-Dynamic,16000,7000,0,,0,0,60,4,1000,909,,4000,1000,0.25,0.6288276000000287,0.27511207500001256,0.516300000000001,7000,0.32841450486696244,4000,4000,0.17456744976040564,2304,0.390099577715491,0.25445082410220665,0.7455491758977933,0.556,0.21553212795508533,1.5509915351867676,periodic,1.0,1000,8000,0,assigned_level_sensitivity,dynamic,0.0,0.0,0.0,0
HBTASP-Dynamic,16000,7000,0,,0,0,60,4,1000,1010,,4000,1000,0.25,0.6288276000000287,0.27511207500001256,0.516300000000001,7000,0.3305351561032866,4000,4000,0.17342741990572613,2392,0.37365535378278275,0.22724357365461123,0.7727564263453888,0.555,0.20022793387705662,1.5699946880340576,periodic,1.0,1000,8000,0,assigned_level_sensitivity,dynamic,0.0,0.0,0.0,0
HBTASP-Dynamic,20000,7000,0,,0,0,60,5,1000,101,,5000,2000,0.4,0.6288219857143145,0.22008769500001008,0.4130400000000008,7000,0.2659097577982951,5000,5000,0.14224996202805212,2630,0.3663552410754721,0.20039865476991484,0.7996013452300852,0.604,0.22410527904742,1.8907911777496338,periodic,1.0,2000,11000,0,assigned_level_sensitivity,dynamic,0.0,0.0,0.0,0
HBTASP-Dynamic,20000,7000,0,,0,0,60,5,1000,202,,5000,2000,0.4,0.6288276000000289,0.2200896600000101,0.4130400000000008,7000,0.2655368283906473,5000,5000,0.14368901855828184,2660,0.36977784475500247,0.21554835204698694,0.784451647953013,0.616,0.22608882619672063,1.920797348022461,periodic,1.0,2000,11000,0,assigned_level_sensitivity,dynamic,0.0,0.0,0.0,0
HBTASP-Dynamic,20000,7000,0,,0,0,60,5,1000,303,,5000,2000,0.4,0.6288163714286001,0.22008573000001005,0.4130400000000008,7000,0.2656177892041054,5000,5000,0.14302189358636272,2659,0.36259738469478325,0.18343262816814734,0.8165673718318527,0.618,0.21957549110842053,1.8472464084625244,periodic,1.0,2000,11000,0,assigned_level_sensitivity,dynamic,0.0,0.0,0.0,0
HBTASP-Dynamic,20000,7000,0,,0,0,60,5,1000,404,,5000,2000,0.4,0.6288219857143145,0.22008769500001008,0.4130400000000008,7000,0.26623857247641325,5000,5000,0.14332752958717054,2640,0.3624247187130756,0.19726078467688604,0.802739215323114,0.62,0.21909718912590503,1.8575963973999023,periodic,1.0,2000,11000,0,assigned_level_sensitivity,dynamic,0.0,0.0,0.0,0
HBTASP-Dynamic,20000,7000,0,,0,0,60,5,1000,505,,5000,2000,0.4,0.6288276000000289,0.2200896600000101,0.4130400000000008,7000,0.2669640641485464,5000,5000,0.13690933402636168,2529,0.37579660583555774,0.18510158752217576,0.8148984124778242,0.6282,0.23888727180919606,1.8307335376739502,periodic,1.0,2000,11000,0,assigned_level_sensitivity,dynamic,0.0,0.0,0.0,0
HBTASP-Dynamic,20000,7000,0,,0,0,60,5,1000,606,,5000,2000,0.4,0.6288163714286001,0.22008573000001005,0.4130400000000008,7000,0.26632981671965894,5000,5000,0.1402219663709041,2680,0.3504791962289927,0.1996907777588472,0.8003092222411528,0.626,0.21025722985808862,1.8432652950286865,periodic,1.0,2000,11000,0,assigned_level_sensitivity,dynamic,0.0,0.0,0.0,0
HBTASP-Dynamic,20000,7000,0,,0,0,60,5,1000,707,,5000,2000,0.4,0.6288163714286001,0.22008573000001005,0.4130400000000008,7000,0.2667692553407575,5000,5000,0.13696864274451423,2640,0.362380774878804,0.1894264127310378,0.8105735872689622,0.622,0.22541213213428976,1.9155223369598389,periodic,1.0,2000,11000,0,assigned_level_sensitivity,dynamic,0.0,0.0,0.0,0
HBTASP-Dynamic,20000,7000,0,,0,0,60,5,1000,808,,5000,2000,0.4,0.6288276000000289,0.2200896600000101,0.4130400000000008,7000,0.26709620338067946,5000,5000,0.13605008032091648,2500,0.36061187298570246,0.1782412141195252,0.8217587858804748,0.642,0.224561792664786,1.8600783348083496,periodic,1.0,2000,11000,0,assigned_level_sensitivity,dynamic,0.0,0.0,0.0,0
HBTASP-Dynamic,20000,7000,0,,0,0,60,5,1000,909,,5000,2000,0.4,0.6288219857143145,0.22008769500001008,0.4130400000000008,7000,0.2673228731467444,5000,5000,0.14061681936152098,2620,0.3705988892293953,0.18885346756290425,0.8111465324370958,0.618,0.22998206986787434,1.8492684364318848,periodic,1.0,2000,11000,0,assigned_level_sensitivity,dynamic,0.0,0.0,0.0,0
HBTASP-Dynamic,20000,7000,0,,0,0,60,5,1000,1010,,5000,2000,0.4,0.6288219857143145,0.22008769500001008,0.4130400000000008,7000,0.2651591830557292,5000,5000,0.14217303600740933,2650,0.36873286202724515,0.18993114189843086,0.8100688581015691,0.614,0.22655982601983582,1.8613204956054688,periodic,1.0,2000,11000,0,assigned_level_sensitivity,dynamic,0.0,0.0,0.0,0
HBTASP-Dynamic,24000,7000,0,,0,0,60,6,1000,101,,6000,3000,0.5,0.6288276000000287,0.18340805000000837,0.34420000000000067,7000,0.22456913133902928,6000,6000,0.12158233024287889,2833,0.3646174203536153,0.1711784347098442,0.8288215652901558,0.6631666666666667,0.24303509011073637,2.181267023086548,periodic,1.0,3000,14000,0,assigned_level_sensitivity,dynamic,0.0,0.0,0.0,0
HBTASP-Dynamic,24000,7000,0,,0,0,60,6,1000,202,,6000,3000,0.5,0.6288276000000289,0.18340805000000843,0.34420000000000067,7000,0.22453373699473247,6000,6000,0.11579167333926248,2796,0.35744093761440476,0.153217182046685,0.846782817953315,0.673,0.24164926427514227,2.1933300495147705,periodic,1.0,3000,14000,0,assigned_level_sensitivity,dynamic,0.0,0.0,0.0,0
HBTASP-Dynamic,24000,7000,0,,0,0,60,6,1000,303,,6000,3000,0.5,0.6288276000000289,0.18340805000000843,0.34420000000000067,7000,0.22405776450735987,6000,6000,0.11898986091476216,2836,0.36296580886453067,0.15382181325592295,0.8461781867440771,0.6691666666666667,0.2439759479497685,2.188101291656494,periodic,1.0,3000,14000,0,assigned_level_sensitivity,dynamic,0.0,0.0,0.0,0
HBTASP-Dynamic,24000,7000,0,,0,0,60,6,1000,404,,6000,3000,0.5,0.6288276000000289,0.18340805000000843,0.34420000000000067,7000,0.22384979458817533,6000,6000,0.11706550769503707,2821,0.35433042186752667,0.15853950965641891,0.8414604903435811,0.6703333333333333,0.2372649141724896,2.176532030105591,periodic,1.0,3000,14000,0,assigned_level_sensitivity,dynamic,0.0,0.0,0.0,0
HBTASP-Dynamic,24000,7000,0,,0,0,60,6,1000,505,,6000,3000,0.5,0.6288219857143145,0.1834064125000084,0.34420000000000067,7000,0.22426682856917762,6000,6000,0.11474820755210681,2748,0.35897665331297496,0.1565431379519698,0.8434568620480302,0.6793333333333333,0.24422844576086816,2.2422051429748535,periodic,1.0,3000,14000,0,assigned_level_sensitivity,dynamic,0.0,0.0,0.0,0
HBTASP-Dynamic,24000,7000,0,,0,0,60,6,1000,606,,6000,3000,0.5,0.628833214285743,0.18340968750000838,0.34420000000000067,7000,0.22416054272949398,6000,6000,0.1159675532712331,2808,0.35450549814099297,0.14795035480810292,0.8520496451918971,0.6716666666666666,0.23853794486975988,2.1641952991485596,periodic,1.0,3000,14000,0,assigned_level_sensitivity,dynamic,0.0,0.0,0.0,0
HBTASP-Dynamic,24000,7000,0,,0,0,60,6,1000,707,,6000,3000,0.5,0.6288276000000289,0.18340805000000843,0.34420000000000067,7000,0.2235029190541241,6000,6000,0.11844563207677426,2839,0.35088476426249987,0.16091981616848353,0.8390801838315165,0.67,0.2324391321857256,2.163699150085449,periodic,1.0,3000,14000,0,assigned_level_sensitivity,dynamic,0.0,0.0,0.0,0
HBTASP-Dynamic,24000,7000,0,,0,0,60,6,1000,808,,6000,3000,0.5,0.6288163714286004,0.18340477500000843,0.34420000000000067,7000,0.2239103600074091,6000,6000,0.1170778023628689,2800,0.3560855654914371,0.15498078876632923,0.8450192112336707,0.6736666666666666,0.2390077631285682,2.192498207092285,periodic,1.0,3000,14000,0,assigned_level_sensitivity,dynamic,0.0,0.0,0.0,0
HBTASP-Dynamic,24000,7000,0,,0,0,60,6,1000,909,,6000,3000,0.5,0.6288444428571716,0.18341296250000838,0.34420000000000067,7000,0.22412730281302146,6000,6000,0.11900733313915748,2820,0.35866237574680526,0.15908554950848788,0.8409144504915121,0.6725,0.23965504260764778,2.2003626823425293,periodic,1.0,3000,14000,0,assigned_level_sensitivity,dynamic,0.0,0.0,0.0,0
HBTASP-Dynamic,24000,7000,0,,0,0,60,6,1000,1010,,6000,3000,0.5,0.6288219857143145,0.1834064125000084,0.34420000000000067,7000,0.2237103466495712,6000,6000,0.1151249136134339,2755,0.356189786701178,0.15687084428950498,0.843129155710495,0.675,0.2410648730877441,2.1937050819396973,periodic,1.0,3000,14000,0,assigned_level_sensitivity,dynamic,0.0,0.0,0.0,0
HBTASP-Dynamic,28000,7000,0,,0,0,60,7,1000,101,,7000,4000,0.5714285714285714,0.6288219857143145,0.15720549642857862,0.295028571428572,7000,0.19384929718852928,7000,7000,0.10103625821039192,2922,0.3552413982559776,0.1373054905791044,0.8626945094208955,0.7114285714285714,0.2542051400455857,2.5394623279571533,periodic,1.0,4000,17000,0,assigned_level_sensitivity,dynamic,0.0,0.0,0.0,0
HBTASP-Dynamic,28000,7000,0,,0,0,60,7,1000,202,,7000,4000,0.5714285714285714,0.6288276000000289,0.15720690000000723,0.295028571428572,7000,0.19378348564024556,7000,7000,0.09613799939028732,2895,0.34686586951237525,0.12174327089694656,0.8782567291030534,0.7202857142857143,0.2507278701220879,2.5337748527526855,periodic,1.0,4000,17000,0,assigned_level_sensitivity,dynamic,0.0,0.0,0.0,0
HBTASP-Dynamic,28000,7000,0,,0,0,60,7,1000,303,,7000,4000,0.5714285714285714,0.6288219857143145,0.15720549642857862,0.295028571428572,7000,0.19371175122564754,7000,7000,0.09673963954742361,2911,0.34576831923740176,0.12515490108450278,0.8748450989154972,0.7191428571428572,0.24902867968997816,2.5431981086730957,periodic,1.0,4000,17000,0,assigned_level_sensitivity,dynamic,0.0,0.0,0.0,0
HBTASP-Dynamic,28000,7000,0,,0,0,60,7,1000,404,,7000,4000,0.5714285714285714,0.6288219857143145,0.15720549642857862,0.295028571428572,7000,0.19355161501686693,7000,7000,0.10090001348486226,2976,0.35184691864045753,0.13385058658730853,0.8661494134126915,0.7071428571428572,0.25094690515559526,2.5755538940429688,periodic,1.0,4000,17000,0,assigned_level_sensitivity,dynamic,0.0,0.0,0.0,0
HBTASP-Dynamic,28000,7000,0,,0,0,60,7,1000,505,,7000,4000,0.5714285714285714,0.6288219857143145,0.15720549642857862,0.295028571428572,7000,0.1935759433067114,7000,7000,0.09938886759986107,2920,0.35478378235774877,0.13423298571456949,0.8657670142854306,0.714,0.25539491475788767,2.5932984352111816,periodic,1.0,4000,17000,0,assigned_level_sensitivity,dynamic,0.0,0.0,0.0,0
HBTASP-Dynamic,28000,7000,0,,0,0,60,7,1000,606,,7000,4000,0.5714285714285714,0.6288276000000289,0.15720690000000723,0.295028571428572,7000,0.19383922365170259,7000,7000,0.09836484521843054,2937,0.3498146565472428,0.11983772806192693,0.8801622719380731,0.7131428571428572,0.2514498113288123,2.524179458618164,periodic,1.0,4000,17000,0,assigned_level_sensitivity,dynamic,0.0,0.0,0.0,0
HBTASP-Dynamic,28000,7000,0,,0,0,60,7,1000,707,,7000,4000,0.5714285714285714,0.6288219857143145,0.15720549642857862,0.295028571428572,7000,0.19364740232623973,7000,7000,0.1000161760140808,2948,0.35405335118366216,0.13193235010304524,0.8680676498969547,0.7097142857142857,0.25403717516958135,2.5275092124938965,periodic,1.0,4000,17000,0,assigned_level_sensitivity,dynamic,0.0,0.0,0.0,0
HBTASP-Dynamic,28000,7000,0,,0,0,60,7,1000,808,,7000,4000,0.5714285714285714,0.6288388285714575,0.15720970714286436,0.295028571428572,7000,0.19357915473563791,7000,7000,0.10070129728893092,2910,0.3548893656465868,0.12732015739606953,0.8726798426039305,0.7102857142857143,0.2541880683576559,2.569040536880493,periodic,1.0,4000,17000,0,assigned_level_sensitivity,dynamic,0.0,0.0,0.0,0
HBTASP-Dynamic,28000,7000,0,,0,0,60,7,1000,909,,7000,4000,0.5714285714285714,0.6288276000000289,0.15720690000000723,0.295028571428572,7000,0.19387253474127908,7000,7000,0.09753181733822346,2906,0.3507504173136931,0.12442496326466151,0.8755750367353385,0.7165714285714285,0.25321859997546964,2.5627150535583496,periodic,1.0,4000,17000,0,assigned_level_sensitivity,dynamic,0.0,0.0,0.0,0
HBTASP-Dynamic,28000,7000,0,,0,0,60,7,1000,1010,,7000,4000,0.5714285714285714,0.6288388285714575,0.15720970714286436,0.295028571428572,7000,0.1935531519958121,7000,7000,0.09901636343418031,2916,0.354156774390729,0.12668561623610528,0.8733143837638947,0.7117142857142857,0.2551404109565487,2.5271942615509033,periodic,1.0,4000,17000,0,assigned_level_sensitivity,dynamic,0.0,0.0,0.0,0
HBTASP-Dynamic,32000,7000,0,,0,0,60,8,1000,101,,8000,5000,0.625,0.628833214285743,0.1375572656250063,0.2581500000000005,7000,0.17074658307708554,8000,8000,0.08515199221663555,3016,0.33666476253106037,0.11515773384071663,0.8848422661592834,0.751,0.2515127703144248,2.9395816326141357,periodic,1.0,5000,20000,0,assigned_level_sensitivity,dynamic,0.0,0.0,0.0,0
HBTASP-Dynamic,32000,7000,0,,0,0,60,8,1000,202,,8000,5000,0.625,0.6288276000000287,0.13755603750000628,0.2581500000000005,7000,0.17072848579545646,8000,8000,0.08517617008206865,3016,0.3429482757503506,0.1054291902086465,0.8945708097913535,0.747625,0.2577721056682819,2.9578664302825928,periodic,1.0,5000,20000,0,assigned_level_sensitivity,dynamic,0.0,0.0,0.0,0
HBTASP-Dynamic,32000,7000,0,,0,0,60,8,1000,303,,8000,5000,0.625,0.6288276000000287,0.13755603750000628,0.2581500000000005,7000,0.1707525615186373,8000,8000,0.08371913851574378,2971,0.34149342251865045,0.11048514694671165,0.8895148530532884,0.755,0.2577742840029067,2.9479196071624756,periodic,1.0,5000,20000,0,assigned_level_sensitivity,dynamic,0.0,0.0,0.0,0
HBTASP-Dynamic,32000,7000,0,,0,0,60,8,1000,404,,8000,5000,0.625,0.6288276000000289,0.1375560375000063,0.2581500000000005,7000,0.17031112456891337,8000,8000,0.08482207382228968,3000,0.3363786501236506,0.10573949944654865,0.8942605005534514,0.7515,0.2515565763013609,3.072085380554199,periodic,1.0,5000,20000,0,assigned_level_sensitivity,dynamic,0.0,0.0,0.0,0
HBTASP-Dynamic,32000,7000,0,,0,0,60,8,1000,505,,8000,5000,0.625,0.6288276000000287,0.13755603750000628,0.2581500000000005,7000,0.17070156794532815,8000,8000,0.08225705233222473,2964,0.3376794394818179,0.1058534383427831,0.8941465616572168,0.757,0.25542238714959314,3.1447947025299072,periodic,1.0,5000,20000,0,assigned_level_sensitivity,dynamic,0.0,0.0,0.0,0
HBTASP-Dynamic,32000,7000,0,,0,0,60,8,1000,606,,8000,5000,0.625,0.628833214285743,0.1375572656250063,0.2581500000000005,7000,0.16984325009508916,8000,8000,0.08359980908202941,3004,0.34062394680348435,0.09606406410589603,0.9039359358941039,0.75,0.25702413772145494,3.0569100379943848,periodic,1.0,5000,20000,0,assigned_level_sensitivity,dynamic,0.0,0.0,0.0,0
HBTASP-Dynamic,32000,7000,0,,0,0,60,8,1000,707,,8000,5000,0.625,0.628833214285743,0.1375572656250063,0.2581500000000005,7000,0.16997022692089117,8000,8000,0.08634008430987528,3007,0.34074523364660864,0.11134801629996445,0.8886519837000355,0.746,0.25440514933673336,3.023303270339966,periodic,1.0,5000,20000,0,assigned_level_sensitivity,dynamic,0.0,0.0,0.0,0
HBTASP-Dynamic,32000,7000,0,,0,0,60,8,1000,808,,8000,5000,0.625,0.6288276000000289,0.1375560375000063,0.2581500000000005,7000,0.1699005212436733,8000,8000,0.08442642857744856,3036,0.3363693091916539,0.10950980691558253,0.8904901930844175,0.747,0.25194288061420533,2.9629690647125244,periodic,1.0,5000,20000,0,assigned_level_sensitivity,dynamic,0.0,0.0,0.0,0
HBTASP-Dynamic,32000,7000,0,,0,0,60,8,1000,909,,8000,5000,0.625,0.6288276000000289,0.1375560375000063,0.2581500000000005,7000,0.17051988835986326,8000,8000,0.0875185050672598,2956,0.35552898200063604,0.11212491502879439,0.8878750849712056,0.745625,0.2680104769333762,2.9664971828460693,periodic,1.0,5000,20000,0,assigned_level_sensitivity,dynamic,0.0,0.0,0.0,0
HBTASP-Dynamic,32000,7000,0,,0,0,60,8,1000,1010,,8000,5000,0.625,0.628833214285743,0.1375572656250063,0.2581500000000005,7000,0.1708393610310424,8000,8000,0.08258481464584419,2934,0.3425821401010669,0.10219410242340722,0.8978058975765928,0.753125,0.2599973254552227,3.012089729309082,periodic,1.0,5000,20000,0,assigned_level_sensitivity,dynamic,0.0,0.0,0.0,0
HBTASP-Dynamic,36000,7000,0,,0,0,60,9,1000,101,,9000,6000,0.6666666666666666,0.628833214285743,0.12227312500000559,0.2294666666666671,7000,0.15249398972071637,9000,9000,0.07356232418770373,3033,0.33817853626645517,0.09478293397290276,0.9052170660270973,0.7785555555555556,0.2646162120787514,3.4244027137756348,periodic,1.0,6000,23000,0,assigned_level_sensitivity,dynamic,0.0,0.0,0.0,0
HBTASP-Dynamic,36000,7000,0,,0,0,60,9,1000,202,,9000,6000,0.6666666666666666,0.6288276000000289,0.12227203333333894,0.2294666666666671,7000,0.15245932980647744,9000,9000,0.07382313752386563,3045,0.3369828115006447,0.08850724324262145,0.9114927567573785,0.7762222222222223,0.2631596739767791,3.3977065086364746,periodic,1.0,6000,23000,0,assigned_level_sensitivity,dynamic,0.0,0.0,0.0,0
HBTASP-Dynamic,36000,7000,0,,0,0,60,9,1000,303,,9000,6000,0.6666666666666666,0.628833214285743,0.12227312500000559,0.2294666666666671,7000,0.15236826204062695,9000,9000,0.07307164472195044,3039,0.3359220947233175,0.09145733066898581,0.9085426693310141,0.7797777777777778,0.2628504500013671,3.4310295581817627,periodic,1.0,6000,23000,0,assigned_level_sensitivity,dynamic,0.0,0.0,0.0,0
HBTASP-Dynamic,36000,7000,0,,0,0,60,9,1000,404,,9000,6000,0.6666666666666666,0.6288388285714575,0.12227421666667228,0.2294666666666671,7000,0.15227478483135637,9000,9000,0.07475367064654682,3084,0.3382397653199297,0.0968718955910899,0.9031281044089101,0.7757777777777778,0.2634860946733829,3.4311928749084473,periodic,1.0,6000,23000,0,assigned_level_sensitivity,dynamic,0.0,0.0,0.0,0
HBTASP-Dynamic,36000,7000,0,,0,0,60,9,1000,505,,9000,6000,0.6666666666666666,0.6288388285714575,0.12227421666667228,0.2294666666666671,7000,0.1522956085200431,9000,9000,0.07314504821028615,3008,0.33845042508571244,0.09432722646996969,0.9056727735300303,0.7797777777777778,0.26530537687542627,3.419178009033203,periodic,1.0,6000,23000,0,assigned_level_sensitivity,dynamic,0.0,0.0,0.0,0
HBTASP-Dynamic,36000,7000,0,,0,0,60,9,1000,606,,9000,6000,0.6666666666666666,0.628833214285743,0.12227312500000559,0.2294666666666671,7000,0.15238683561601746,9000,9000,0.07540850739522623,3066,0.3424378677593962,0.09062227446583893,0.9093777255341611,0.7757777777777778,0.26702936036417,3.417760133743286,periodic,1.0,6000,23000,0,assigned_level_sensitivity,dynamic,0.0,0.0,0.0,0
HBTASP-Dynamic,36000,7000,0,,0,0,60,9,1000,707,,9000,6000,0.6666666666666666,0.628833214285743,0.12227312500000559,0.2294666666666671,7000,0.15240267052899603,9000,9000,0.07515218304249305,3073,0.3418484827163141,0.09406983662989511,0.9059301633701049,0.7714444444444445,0.266696299673821,3.4791321754455566,periodic,1.0,6000,23000,0,assigned_level_sensitivity,dynamic,0.0,0.0,0.0,0
HBTASP-Dynamic,36000,7000,0,,0,0,60,9,1000,808,,9000,6000,0.6666666666666666,0.628833214285743,0.12227312500000559,0.2294666666666671,7000,0.15233451580208754,9000,9000,0.07524329103558795,3024,0.34604082046834866,0.08976778397431179,0.9102322160256882,0.7751111111111111,0.2707975294327607,3.429903745651245,periodic,1.0,6000,23000,0,assigned_level_sensitivity,dynamic,0.0,0.0,0.0,0
HBTASP-Dynamic,36000,7000,0,,0,0,60,9,1000,909,,9000,6000,0.6666666666666666,0.6288219857143145,0.12227094166667227,0.2294666666666671,7000,0.15246987412196478,9000,9000,0.0748868704365838,2991,0.34679564717537836,0.09366226150329679,0.9063377384967032,0.7781111111111111,0.27190877673879454,3.3809165954589844,periodic,1.0,6000,23000,0,assigned_level_sensitivity,dynamic,0.0,0.0,0.0,0
HBTASP-Dynamic,36000,7000,0,,0,0,60,9,1000,1010,,9000,6000,0.6666666666666666,0.6288276000000287,0.12227203333333891,0.2294666666666671,7000,0.1523405575336451,9000,9000,0.07564897747807182,3044,0.3433952046139158,0.09652545329905242,0.9034745467009476,0.7753333333333333,0.267746227135844,3.4237170219421387,periodic,1.0,6000,23000,0,assigned_level_sensitivity,dynamic,0.0,0.0,0.0,0
HBTASP-Dynamic,40000,7000,0,,0,0,60,10,1000,101,,10000,7000,0.7,0.6288388285714575,0.11004679500000504,0.2065200000000004,7000,0.13817089533728344,10000,10000,0.06373450079812591,2940,0.33818213023129495,0.07072767827962477,0.9292723217203752,0.803,0.274447629433169,3.9864301681518555,periodic,1.0,7000,26000,0,assigned_level_sensitivity,dynamic,0.0,0.0,0.0,0
HBTASP-Dynamic,40000,7000,0,,0,0,60,10,1000,202,,10000,7000,0.7,0.628833214285743,0.11004581250000503,0.2065200000000004,7000,0.13899311025315805,10000,10000,0.0655785731103829,3199,0.3467841369561465,0.08605803750742558,0.9139419624925744,0.7909,0.2812055638457636,3.9094066619873047,periodic,1.0,7000,26000,0,assigned_level_sensitivity,dynamic,0.0,0.0,0.0,0
HBTASP-Dynamic,40000,7000,0,,0,0,60,10,1000,303,,10000,7000,0.7,0.6288276000000287,0.11004483000000502,0.2065200000000004,7000,0.13746254810432004,10000,10000,0.060266667221325586,3080,0.3010485299391697,0.07248021789555616,0.9275197821044439,0.81,0.2407818627178441,3.946560859680176,periodic,1.0,7000,26000,0,assigned_level_sensitivity,dynamic,0.0,0.0,0.0,0
HBTASP-Dynamic,40000,7000,0,,0,0,60,10,1000,404,,10000,7000,0.7,0.6288163714286001,0.11004286500000503,0.2065200000000004,7000,0.13745587687975494,10000,10000,0.0711445293759615,3190,0.32910283562441484,0.09054021038981784,0.9094597896101821,0.798,0.25795830624845334,3.95121431350708,periodic,1.0,7000,26000,0,assigned_level_sensitivity,dynamic,0.0,0.0,0.0,0
HBTASP-Dynamic,40000,7000,0,,0,0,60,10,1000,505,,10000,7000,0.7,0.6288444428571718,0.11004777750000505,0.2065200000000004,7000,0.13796459968580388,10000,10000,0.06999488517800538,3070,0.35209531387637427,0.07691797124822505,0.9230820287517749,0.798,0.2821004286983689,3.908158540725708,periodic,1.0,7000,26000,0,assigned_level_sensitivity,dynamic,0.0,0.0,0.0,0
HBTASP-Dynamic,40000,7000,0,,0,0,60,10,1000,606,,10000,7000,0.7,0.6288388285714575,0.11004679500000504,0.2065200000000004,7000,0.1375825194861427,10000,10000,0.061992169214008186,3149,0.29933973396728136,0.06714776833694484,0.9328522316630552,0.809,0.23734756475327318,3.927124500274658,periodic,1.0,7000,26000,0,assigned_level_sensitivity,dynamic,0.0,0.0,0.0,0
HBTASP-Dynamic,40000,7000,0,,0,0,60,10,1000,707,,10000,7000,0.7,0.6288444428571718,0.11004777750000505,0.2065200000000004,7000,0.13699306175849985,10000,10000,0.0710587677886529,3110,0.35255953358098974,0.08645840262293655,0.9135415973770634,0.7962,0.28150076579233685,3.9474332332611084,periodic,1.0,7000,26000,0,assigned_level_sensitivity,dynamic,0.0,0.0,0.0,0
HBTASP-Dynamic,40000,7000,0,,0,0,60,10,1000,808,,10000,7000,0.7,0.6288388285714575,0.11004679500000504,0.2065200000000004,7000,0.13824544742886358,10000,10000,0.06567136989175461,3009,0.3418493650474077,0.0742379173974788,0.9257620826025212,0.806,0.2761779951556531,3.99414324760437,periodic,1.0,7000,26000,0,assigned_level_sensitivity,dynamic,0.0,0.0,0.0,0
HBTASP-Dynamic,40000,7000,0,,0,0,60,10,1000,909,,10000,7000,0.7,0.6288388285714575,0.11004679500000504,0.2065200000000004,7000,0.13873538724287443,10000,10000,0.06554953299419378,2859,0.36087299559635766,0.08264869641579976,0.9173513035842003,0.799,0.2953234626021639,3.9445667266845703,periodic,1.0,7000,26000,0,assigned_level_sensitivity,dynamic,0.0,0.0,0.0,0
HBTASP-Dynamic,40000,7000,0,,0,0,60,10,1000,1010,,10000,7000,0.7,0.6288219857143145,0.11004384750000504,0.2065200000000004,7000,0.13809019134683542,10000,10000,0.06704823981576968,3069,0.3349743219456464,0.073285621697436,0.926714378302564,0.8,0.26792608212987673,3.9634430408477783,periodic,1.0,7000,26000,0,assigned_level_sensitivity,dynamic,0.0,0.0,0.0,0
HBTASP-Dynamic,16000,7000,0,,0,0,70,4,1000,101,,4000,0,0.0,0.6439340428571622,0.2817211437500084,0.6884000000000013,7000,0.34869119229975043,4000,4000,0.17135083444873545,2567,0.3701475355890186,0.2349390160822766,0.7650609839177234,0.552,0.19879670114028314,1.5695686340332031,periodic,1.0,0,9000,0,assigned_level_sensitivity,dynamic,0.0,0.0,0.0,0
HBTASP-Dynamic,16000,7000,0,,0,0,70,4,1000,202,,4000,0,0.0,0.6439340428571622,0.2817211437500084,0.6884000000000013,7000,0.34891618023843957,4000,4000,0.1637778917477892,2568,0.3723984320728018,0.19910672976894014,0.8008932702310598,0.544,0.20862054032501262,1.5424416065216064,periodic,1.0,0,9000,0,assigned_level_sensitivity,dynamic,0.0,0.0,0.0,0
HBTASP-Dynamic,16000,7000,0,,0,0,70,4,1000,303,,4000,0,0.0,0.6439452714285907,0.2817260562500084,0.6884000000000013,7000,0.3487279635428608,4000,4000,0.16730568227847045,2528,0.37476037311229893,0.2179643409016332,0.7820356590983668,0.552,0.20745469083382848,1.5308897495269775,periodic,1.0,0,9000,0,assigned_level_sensitivity,dynamic,0.0,0.0,0.0,0
HBTASP-Dynamic,16000,7000,0,,0,0,70,4,1000,404,,4000,0,0.0,0.6439452714285907,0.2817260562500084,0.6884000000000013,7000,0.3495949877270385,4000,4000,0.16673572132965161,2600,0.3788908327500872,0.21705430310175913,0.7829456968982409,0.54175,0.2121551114204356,1.5211765766143799,periodic,1.0,0,9000,0,assigned_level_sensitivity,dynamic,0.0,0.0,0.0,0
HBTASP-Dynamic,16000,7000,0,,0,0,70,4,1000,505,,4000,0,0.0,0.6439396571428765,0.28172360000000846,0.6884000000000013,7000,0.3493519981694064,4000,4000,0.16908144300537012,2541,0.3767473897159999,0.22373827187175524,0.7762617281282448,0.55375,0.2076659467106298,1.5502636432647705,periodic,1.0,0,9000,0,assigned_level_sensitivity,dynamic,0.0,0.0,0.0,0
HBTASP-Dynamic,16000,7000,0,,0,0,70,4,1000,606,,4000,0,0.0,0.6439340428571622,0.2817211437500084,0.6884000000000013,7000,0.34903995998333387,4000,4000,0.16680614465986995,2581,0.3627851489127188,0.21408967659301795,0.7859103234069821,0.555,0.19597900425284884,1.5669374465942383,periodic,1.0,0,9000,0,assigned_level_sensitivity,dynamic,0.0,0.0,0.0,0
HBTASP-Dynamic,16000,7000,0,,0,0,70,4,1000,707,,4000,0,0.0,0.6439396571428765,0.28172360000000846,0.6884000000000013,7000,0.34946664776685865,4000,4000,0.16661870166550283,2544,0.37036440668886916,0.23426123497172902,0.765738765028271,0.54325,0.20374570502336634,1.581683874130249,periodic,1.0,0,9000,0,assigned_level_sensitivity,dynamic,0.0,0.0,0.0,0
HBTASP-Dynamic,16000,7000,0,,0,0,70,4,1000,808,,4000,0,0.0,0.6439452714285907,0.2817260562500084,0.6884000000000013,7000,0.34909503594398805,4000,4000,0.16897131979971813,2541,0.36858605086072554,0.24403854921150595,0.7559614507884941,0.5515,0.1996147310610074,1.557546615600586,periodic,1.0,0,9000,0,assigned_level_sensitivity,dynamic,0.0,0.0,0.0,0
HBTASP-Dynamic,16000,7000,0,,0,0,70,4,1000,909,,4000,0,0.0,0.6439396571428765,0.28172360000000846,0.6884000000000013,7000,0.3491938219410471,4000,4000,0.16833381727127036,2584,0.3707266804320784,0.2186817999693539,0.7813182000306461,0.54275,0.20239286316080804,1.521101474761963,periodic,1.0,0,9000,0,assigned_level_sensitivity,dynamic,0.0,0.0,0.0,0
HBTASP-Dynamic,16000,7000,0,,0,0,70,4,1000,1010,,4000,0,0.0,0.6439340428571619,0.28172114375000834,0.6884000000000013,7000,0.34974301936514973,4000,4000,0.16659728313059038,2549,0.3706881284226901,0.21465969562772197,0.785340304372278,0.553,0.20409084529209973,1.515406847000122,periodic,1.0,0,9000,0,assigned_level_sensitivity,dynamic,0.0,0.0,0.0,0
HBTASP-Dynamic,20000,7000,0,,0,0,70,5,1000,101,,5000,1000,0.2,0.6439396571428765,0.22537888000000675,0.5507200000000011,7000,0.2819958007115552,5000,5000,0.14222566677887152,2803,0.3650030562285254,0.18399396771411528,0.8160060322858848,0.612,0.2227773894496539,1.8304316997528076,periodic,1.0,1000,12000,0,assigned_level_sensitivity,dynamic,0.0,0.0,0.0,0
HBTASP-Dynamic,20000,7000,0,,0,0,70,5,1000,202,,5000,1000,0.2,0.6439452714285907,0.22538084500000674,0.5507200000000011,7000,0.2812360647397624,5000,5000,0.12987143758072156,2780,0.341181519727576,0.19110830477056187,0.8088916952294382,0.633,0.21131008214685443,1.8298158645629883,periodic,1.0,1000,12000,0,assigned_level_sensitivity,dynamic,0.0,0.0,0.0,0
HBTASP-Dynamic,20000,7000,0,,0,0,70,5,1000,303,,5000,1000,0.2,0.6439396571428763,0.22537888000000672,0.5507200000000011,7000,0.28110234240201715,5000,5000,0.13720265777566812,2775,0.36003591748702635,0.17489084904110608,0.8251091509588939,0.634,0.22283325971135823,1.8297011852264404,periodic,1.0,1000,12000,0,assigned_level_sensitivity,dynamic,0.0,0.0,0.0,0
HBTASP-Dynamic,20000,7000,0,,0,0,70,5,1000,404,,5000,1000,0.2,0.6439340428571622,0.22537691500000673,0.5507200000000011,7000,0.2819279018054262,5000,5000,0.1370997747245694,2760,0.3630908323532705,0.18599965496353418,0.8140003450364658,0.6168,0.2259910576287011,1.9030470848083496,periodic,1.0,1000,12000,0,assigned_level_sensitivity,dynamic,0.0,0.0,0.0,0
HBTASP-Dynamic,20000,7000,0,,0,0,70,5,1000,505,,5000,1000,0.2,0.6439396571428763,0.22537888000000672,0.5507200000000011,7000,0.2814362660184581,5000,5000,0.139841722545329,2825,0.3594212832962772,0.17761981053327258,0.8223801894667274,0.618,0.2195795607509482,1.8597264289855957,periodic,1.0,1000,12000,0,assigned_level_sensitivity,dynamic,0.0,0.0,0.0,0
HBTASP-Dynamic,20000,7000,0,,0,0,70,5,1000,606,,5000,1000,0.2,0.6439452714285907,0.22538084500000674,0.5507200000000011,7000,0.2820109953277487,5000,5000,0.1365930442090321,2816,0.35889911493602944,0.16756423130763298,0.832435768692367,0.6114,0.22230607072699735,1.828226089477539,periodic,1.0,1000,12000,0,assigned_level_sensitivity,dynamic,0.0,0.0,0.0,0
HBTASP-Dynamic,20000,7000,0,,0,0,70,5,1000,707,,5000,1000,0.2,0.6439396571428765,0.22537888000000675,0.5507200000000011,7000,0.28258634306289326,5000,5000,0.13567288109112285,2791,0.36670021868444735,0.18319566081613076,0.8168043391838693,0.6262,0.2310273375933245,1.8240880966186523,periodic,1.0,1000,12000,0,assigned_level_sensitivity,dynamic,0.0,0.0,0.0,0
HBTASP-Dynamic,20000,7000,0,,0,0,70,5,1000,808,,5000,1000,0.2,0.6439452714285907,0.22538084500000674,0.5507200000000011,7000,0.28279089634158255,5000,5000,0.1392014824060334,2679,0.37672260964448845,0.16639288773184352,0.8336071122681565,0.6134,0.23752112723845506,1.819183349609375,periodic,1.0,1000,12000,0,assigned_level_sensitivity,dynamic,0.0,0.0,0.0,0
HBTASP-Dynamic,20000,7000,0,,0,0,70,5,1000,909,,5000,1000,0.2,0.6439452714285907,0.22538084500000674,0.5507200000000011,7000,0.28252651700632,5000,5000,0.1379086831561671,2762,0.36918865010420177,0.18536074403248057,0.8146392559675194,0.6198,0.23127996694803465,1.8247177600860596,periodic,1.0,1000,12000,0,assigned_level_sensitivity,dynamic,0.0,0.0,0.0,0
HBTASP-Dynamic,20000,7000,0,,0,0,70,5,1000,1010,,5000,1000,0.2,0.6439452714285907,0.22538084500000674,0.5507200000000011,7000,0.2808809612322509,5000,5000,0.13757504558254574,2775,0.36365325790577857,0.1736166951490725,0.8263833048509275,0.6228,0.22607821232323283,1.82936692237854,periodic,1.0,1000,12000,0,assigned_level_sensitivity,dynamic,0.0,0.0,0.0,0
HBTASP-Dynamic,24000,7000,0,,0,0,70,6,1000,101,,6000,2000,0.3333333333333333,0.6439452714285908,0.187817370833339,0.45893333333333425,7000,0.2364516693748072,6000,6000,0.10973011500576128,2791,0.3541085174988391,0.14704740223506588,0.8529525977649342,0.6886666666666666,0.2443784024930778,2.1519768238067627,periodic,1.0,2000,15000,0,assigned_level_sensitivity,dynamic,0.0,0.0,0.0,0
HBTASP-Dynamic,24000,7000,0,,0,0,70,6,1000,202,,6000,2000,0.3333333333333333,0.6439452714285907,0.18781737083333894,0.45893333333333425,7000,0.2366717451730369,6000,6000,0.1077242871950542,2792,0.3509832404807476,0.1337287762253335,0.8662712237746665,0.6925,0.24325895328569339,2.162369728088379,periodic,1.0,2000,15000,0,assigned_level_sensitivity,dynamic,0.0,0.0,0.0,0
HBTASP-Dynamic,24000,7000,0,,0,0,70,6,1000,303,,6000,2000,0.3333333333333333,0.6439452714285907,0.18781737083333894,0.45893333333333425,7000,0.23631944786467154,6000,6000,0.10776938574769737,2783,0.3544469540172944,0.13488612381643741,0.8651138761835626,0.69,0.24667756826959705,2.1515817642211914,periodic,1.0,2000,15000,0,assigned_level_sensitivity,dynamic,0.0,0.0,0.0,0
HBTASP-Dynamic,24000,7000,0,,0,0,70,6,1000,404,,6000,2000,0.3333333333333333,0.6439396571428765,0.18781573333333895,0.45893333333333425,7000,0.23632460913721562,6000,6000,0.11053644131398477,2766,0.36262460549312053,0.14451564427702016,0.8554843557229799,0.6843333333333333,0.25208816417913577,2.1439778804779053,periodic,1.0,2000,15000,0,assigned_level_sensitivity,dynamic,0.0,0.0,0.0,0
HBTASP-Dynamic,24000,7000,0,,0,0,70,6,1000,505,,6000,2000,0.3333333333333333,0.6439396571428765,0.18781573333333895,0.45893333333333425,7000,0.2361046019206472,6000,6000,0.10863711959295903,2811,0.35701160486613,0.1423692704555891,0.8576307295444109,0.6865,0.24837448527317096,2.1483938694000244,periodic,1.0,2000,15000,0,assigned_level_sensitivity,dynamic,0.0,0.0,0.0,0
HBTASP-Dynamic,24000,7000,0,,0,0,70,6,1000,606,,6000,2000,0.3333333333333333,0.6439396571428765,0.18781573333333895,0.45893333333333425,7000,0.23659027683611017,6000,6000,0.11252314687465469,2823,0.36157827696348444,0.13287483982167017,0.8671251601783299,0.6821666666666667,0.24905513008882973,2.1697559356689453,periodic,1.0,2000,15000,0,assigned_level_sensitivity,dynamic,0.0,0.0,0.0,0
HBTASP-Dynamic,24000,7000,0,,0,0,70,6,1000,707,,6000,2000,0.3333333333333333,0.6439396571428763,0.18781573333333892,0.45893333333333425,7000,0.23631291748672095,6000,6000,0.10977964217745298,2768,0.36233046599551166,0.13914817453372064,0.8608518254662794,0.6831666666666667,0.2525508238180587,2.184143304824829,periodic,1.0,2000,15000,0,assigned_level_sensitivity,dynamic,0.0,0.0,0.0,0
HBTASP-Dynamic,24000,7000,0,,0,0,70,6,1000,808,,6000,2000,0.3333333333333333,0.6439340428571622,0.18781409583333894,0.45893333333333425,7000,0.23644293437516334,6000,6000,0.11001030737749981,2737,0.358665566631516,0.13920451290552605,0.860795487094474,0.6888333333333333,0.2486552592540162,2.1637988090515137,periodic,1.0,2000,15000,0,assigned_level_sensitivity,dynamic,0.0,0.0,0.0,0
HBTASP-Dynamic,24000,7000,0,,0,0,70,6,1000,909,,6000,2000,0.3333333333333333,0.6439452714285907,0.18781737083333894,0.45893333333333425,7000,0.23627226118321734,6000,6000,0.1120775433366337,2815,0.3604606365636812,0.13838028431191615,0.8616197156880838,0.6851666666666667,0.24838309322704752,2.146900177001953,periodic,1.0,2000,15000,0,assigned_level_sensitivity,dynamic,0.0,0.0,0.0,0
HBTASP-Dynamic,24000,7000,0,,0,0,70,6,1000,1010,,6000,2000,0.3333333333333333,0.6439452714285907,0.18781737083333894,0.45893333333333425,7000,0.2363296868122757,6000,6000,0.10873807177649444,2795,0.35706640617713303,0.13622014529942217,0.8637798547005778,0.684,0.2483283344006386,2.157618761062622,periodic,1.0,2000,15000,0,assigned_level_sensitivity,dynamic,0.0,0.0,0.0,0
HBTASP-Dynamic,28000,7000,0,,0,0,70,7,1000,101,,7000,3000,0.42857142857142855,0.6439396571428763,0.16098491428571907,0.3933714285714293,7000,0.20374604465379026,7000,7000,0.09142686760210758,2867,0.34805198462444964,0.11210138452976452,0.8878986154702355,0.731,0.25662511702234203,2.5758471488952637,periodic,1.0,3000,18000,0,assigned_level_sensitivity,dynamic,0.0,0.0,0.0,0
HBTASP-Dynamic,28000,7000,0,,0,0,70,7,1000,202,,7000,3000,0.42857142857142855,0.6439452714285907,0.16098631785714768,0.3933714285714293,7000,0.2036690689372987,7000,7000,0.0920364103432624,2863,0.3498823972320498,0.11170749282211227,0.8882925071778878,0.7284285714285714,0.25784598688878735,2.5274815559387207,periodic,1.0,3000,18000,0,assigned_level_sensitivity,dynamic,0.0,0.0,0.0,0
HBTASP-Dynamic,28000,7000,0,,0,0,70,7,1000,303,,7000,3000,0.42857142857142855,0.6439396571428763,0.16098491428571907,0.3933714285714293,7000,0.20363128167785732,7000,7000,0.09029073364333007,2852,0.3445087530156491,0.11407897972074137,0.8859210202792587,0.736,0.254218019372319,2.497960329055786,periodic,1.0,3000,18000,0,assigned_level_sensitivity,dynamic,0.0,0.0,0.0,0
HBTASP-Dynamic,28000,7000,0,,0,0,70,7,1000,404,,7000,3000,0.42857142857142855,0.6439396571428765,0.16098491428571912,0.3933714285714293,7000,0.20357722631494607,7000,7000,0.09172225358176711,2869,0.3487395665710763,0.11596460483062591,0.8840353951693741,0.7321428571428571,0.2570173129893092,2.515606164932251,periodic,1.0,3000,18000,0,assigned_level_sensitivity,dynamic,0.0,0.0,0.0,0
HBTASP-Dynamic,28000,7000,0,,0,0,70,7,1000,505,,7000,3000,0.42857142857142855,0.643950885714305,0.16098772142857626,0.3933714285714293,7000,0.2035194880912739,7000,7000,0.0910735192062821,2860,0.3499735851676713,0.11310686167456058,0.8868931383254395,0.7317142857142858,0.2589000659613892,2.5485804080963135,periodic,1.0,3000,18000,0,assigned_level_sensitivity,dynamic,0.0,0.0,0.0,0
HBTASP-Dynamic,28000,7000,0,,0,0,70,7,1000,606,,7000,3000,0.42857142857142855,0.6439452714285907,0.16098631785714768,0.3933714285714293,7000,0.20354310140364978,7000,7000,0.09352152687619862,2887,0.3515049535168939,0.11271064436790496,0.8872893556320951,0.7307142857142858,0.2579834266406953,2.58744478225708,periodic,1.0,3000,18000,0,assigned_level_sensitivity,dynamic,0.0,0.0,0.0,0
HBTASP-Dynamic,28000,7000,0,,0,0,70,7,1000,707,,7000,3000,0.42857142857142855,0.6439396571428765,0.16098491428571912,0.3933714285714293,7000,0.20357724231185462,7000,7000,0.09217889037844247,2835,0.3503815326334149,0.11450786727769985,0.8854921327223002,0.7307142857142858,0.25820264225497247,2.5696861743927,periodic,1.0,3000,18000,0,assigned_level_sensitivity,dynamic,0.0,0.0,0.0,0
HBTASP-Dynamic,28000,7000,0,,0,0,70,7,1000,808,,7000,3000,0.42857142857142855,0.643950885714305,0.16098772142857626,0.3933714285714293,7000,0.20359778104793916,7000,7000,0.09390720258607314,2853,0.35428199769081004,0.1158077711439134,0.8841922288560866,0.73,0.2603747951047369,2.5386924743652344,periodic,1.0,3000,18000,0,assigned_level_sensitivity,dynamic,0.0,0.0,0.0,0
HBTASP-Dynamic,28000,7000,0,,0,0,70,7,1000,909,,7000,3000,0.42857142857142855,0.6439565000000194,0.16098912500000484,0.3933714285714293,7000,0.20367056202671496,7000,7000,0.09271875450397564,2832,0.3528164007775625,0.11300922772956644,0.8869907722704335,0.731,0.26009764627358684,2.526904344558716,periodic,1.0,3000,18000,0,assigned_level_sensitivity,dynamic,0.0,0.0,0.0,0
HBTASP-Dynamic,28000,7000,0,,0,0,70,7,1000,1010,,7000,3000,0.42857142857142855,0.6439284285714477,0.16098210714286193,0.3933714285714293,7000,0.20366967933499974,7000,7000,0.09170558246560852,2830,0.35342858243354264,0.1149790218605953,0.8850209781394047,0.7297142857142858,0.26172299996793413,2.6063926219940186,periodic,1.0,3000,18000,0,assigned_level_sensitivity,dynamic,0.0,0.0,0.0,0
HBTASP-Dynamic,32000,7000,0,,0,0,70,8,1000,101,,8000,4000,0.5,0.6439452714285907,0.1408630281250042,0.34420000000000067,7000,0.17914927964965913,8000,8000,0.07689210647172383,2928,0.33919335945965673,0.09429792106050329,0.9057020789394967,0.768,0.2623012529879329,2.9505717754364014,periodic,1.0,4000,21000,0,assigned_level_sensitivity,dynamic,0.0,0.0,0.0,0
HBTASP-Dynamic,32000,7000,0,,0,0,70,8,1000,202,,8000,4000,0.5,0.643950885714305,0.1408642562500042,0.34420000000000067,7000,0.1790254039413912,8000,8000,0.07707678190314181,2888,0.34002578633410074,0.09115230701717295,0.9088476929828271,0.7695,0.2629490044309589,2.920793294906616,periodic,1.0,4000,21000,0,assigned_level_sensitivity,dynamic,0.0,0.0,0.0,0
HBTASP-Dynamic,32000,7000,0,,0,0,70,8,1000,303,,8000,4000,0.5,0.6439396571428763,0.1408618000000042,0.34420000000000067,7000,0.17892837867483677,8000,8000,0.078410472294491,2892,0.33803135554301217,0.10114154440992706,0.8988584555900729,0.77,0.2596208832485212,2.927501678466797,periodic,1.0,4000,21000,0,assigned_level_sensitivity,dynamic,0.0,0.0,0.0,0
HBTASP-Dynamic,32000,7000,0,,0,0,70,8,1000,404,,8000,4000,0.5,0.6439452714285907,0.1408630281250042,0.34420000000000067,7000,0.17886699385294474,8000,8000,0.07672621789505919,2860,0.33971749936812956,0.09374171358165244,0.9062582864183476,0.774,0.2629912814730704,2.9575226306915283,periodic,1.0,4000,21000,0,assigned_level_sensitivity,dynamic,0.0,0.0,0.0,0
HBTASP-Dynamic,32000,7000,0,,0,0,70,8,1000,505,,8000,4000,0.5,0.6439396571428763,0.1408618000000042,0.34420000000000067,7000,0.17893659738933315,8000,8000,0.07849174948221654,2908,0.3439455140680533,0.09918690273392355,0.9008130972660764,0.766,0.26545376458583675,2.940261125564575,periodic,1.0,4000,21000,0,assigned_level_sensitivity,dynamic,0.0,0.0,0.0,0
HBTASP-Dynamic,32000,7000,0,,0,0,70,8,1000,606,,8000,4000,0.5,0.643950885714305,0.1408642562500042,0.34420000000000067,7000,0.178850058014485,8000,8000,0.08090641880707666,2900,0.352732968592912,0.09719975933995002,0.9028002406600499,0.765625,0.2718265497858353,2.9330456256866455,periodic,1.0,4000,21000,0,assigned_level_sensitivity,dynamic,0.0,0.0,0.0,0
HBTASP-Dynamic,32000,7000,0,,0,0,70,8,1000,707,,8000,4000,0.5,0.6439565000000194,0.14086548437500424,0.34420000000000067,7000,0.17901001791327506,8000,8000,0.0782802249583432,2885,0.34146388779256787,0.09796142465935892,0.902038575340641,0.767375,0.2631836628342247,2.98684024810791,periodic,1.0,4000,21000,0,assigned_level_sensitivity,dynamic,0.0,0.0,0.0,0
HBTASP-Dynamic,32000,7000,0,,0,0,70,8,1000,808,,8000,4000,0.5,0.643950885714305,0.1408642562500042,0.34420000000000067,7000,0.17885645818123808,8000,8000,0.0799967592030437,2941,0.3433002401536993,0.09517879025566246,0.9048212097443376,0.7615,0.2633034809506556,2.9638242721557617,periodic,1.0,4000,21000,0,assigned_level_sensitivity,dynamic,0.0,0.0,0.0,0
HBTASP-Dynamic,32000,7000,0,,0,0,70,8,1000,909,,8000,4000,0.5,0.6439452714285907,0.1408630281250042,0.34420000000000067,7000,0.17902858456158335,8000,8000,0.08344212909631989,2899,0.3549001497714532,0.09951340358691206,0.9004865964130879,0.756,0.2714580206751333,2.988691806793213,periodic,1.0,4000,21000,0,assigned_level_sensitivity,dynamic,0.0,0.0,0.0,0
HBTASP-Dynamic,32000,7000,0,,0,0,70,8,1000,1010,,8000,4000,0.5,0.6439396571428763,0.1408618000000042,0.34420000000000067,7000,0.17886455545023575,8000,8000,0.07955005241014776,2860,0.349419104356884,0.09732115266412909,0.9026788473358709,0.761875,0.26986905194673627,2.938138246536255,periodic,1.0,4000,21000,0,assigned_level_sensitivity,dynamic,0.0,0.0,0.0,0
HBTASP-Dynamic,36000,7000,0,,0,0,70,9,1000,101,,9000,5000,0.5555555555555556,0.6439396571428763,0.1252104888888926,0.30595555555555615,7000,0.15972249879194075,9000,9000,0.06666599239350296,2912,0.3349165362600611,0.07535251962847099,0.924647480371529,0.7978888888888889,0.26825054386655817,3.393709659576416,periodic,1.0,5000,24000,0,assigned_level_sensitivity,dynamic,0.0,0.0,0.0,0
HBTASP-Dynamic,36000,7000,0,,0,0,70,9,1000,202,,9000,5000,0.5555555555555556,0.6439452714285907,0.12521158055555928,0.30595555555555615,7000,0.15952950370451147,9000,9000,0.06911498069839242,2963,0.33855361172665116,0.07875499003058556,0.9212450099694145,0.7902222222222223,0.2694386310282587,3.4153025150299072,periodic,1.0,5000,24000,0,assigned_level_sensitivity,dynamic,0.0,0.0,0.0,0
HBTASP-Dynamic,36000,7000,0,,0,0,70,9,1000,303,,9000,5000,0.5555555555555556,0.6439565000000194,0.12521376388889266,0.30595555555555615,7000,0.15951930082532156,9000,9000,0.06947258866910697,2950,0.3391105178862408,0.08493657740879006,0.91506342259121,0.7911111111111111,0.2696379292171338,3.436460256576538,periodic,1.0,5000,24000,0,assigned_level_sensitivity,dynamic,0.0,0.0,0.0,0
HBTASP-Dynamic,36000,7000,0,,0,0,70,9,1000,404,,9000,5000,0.5555555555555556,0.6439452714285907,0.12521158055555928,0.30595555555555615,7000,0.15952499079332594,9000,9000,0.06780284649682208,2939,0.3374593798830898,0.08130376672867963,0.9186962332713203,0.7941111111111111,0.2696565333862677,3.4166619777679443,periodic,1.0,5000,24000,0,assigned_level_sensitivity,dynamic,0.0,0.0,0.0,0
HBTASP-Dynamic,36000,7000,0,,0,0,70,9,1000,505,,9000,5000,0.5555555555555556,0.6439452714285907,0.12521158055555928,0.30595555555555615,7000,0.15949060792948408,9000,9000,0.07043706375797748,2970,0.3380327927589974,0.08934523015843643,0.9106547698415636,0.79,0.2675957290010199,3.3940372467041016,periodic,1.0,5000,24000,0,assigned_level_sensitivity,dynamic,0.0,0.0,0.0,0
HBTASP-Dynamic,36000,7000,0,,0,0,70,9,1000,606,,9000,5000,0.5555555555555556,0.6439396571428763,0.1252104888888926,0.30595555555555615,7000,0.15949250631584413,9000,9000,0.0700389297623743,2973,0.3418442387703229,0.08149317777257027,0.9185068222274297,0.7921111111111111,0.2718053090079486,3.412134885787964,periodic,1.0,5000,24000,0,assigned_level_sensitivity,dynamic,0.0,0.0,0.0,0
HBTASP-Dynamic,36000,7000,0,,0,0,70,9,1000,707,,9000,5000,0.5555555555555556,0.6439396571428763,0.1252104888888926,0.30595555555555615,7000,0.1596057978883143,9000,9000,0.06911159174038609,2977,0.3386279412453493,0.08124028932398432,0.9187597106760157,0.7893333333333333,0.26951634950496317,3.393322467803955,periodic,1.0,5000,24000,0,assigned_level_sensitivity,dynamic,0.0,0.0,0.0,0
HBTASP-Dynamic,36000,7000,0,,0,0,70,9,1000,808,,9000,5000,0.5555555555555556,0.643950885714305,0.12521267222222598,0.30595555555555615,7000,0.1596260860500372,9000,9000,0.07066385735414867,2986,0.342524597409508,0.07994678723325511,0.9200532127667449,0.7862222222222223,0.2718607400553594,3.457770347595215,periodic,1.0,5000,24000,0,assigned_level_sensitivity,dynamic,0.0,0.0,0.0,0
HBTASP-Dynamic,36000,7000,0,,0,0,70,9,1000,909,,9000,5000,0.5555555555555556,0.643950885714305,0.12521267222222598,0.30595555555555615,7000,0.15962435042151943,9000,9000,0.0730272936115619,2976,0.3465380409096745,0.08502310670031528,0.9149768932996847,0.7857777777777778,0.2735107472981126,3.4376220703125,periodic,1.0,5000,24000,0,assigned_level_sensitivity,dynamic,0.0,0.0,0.0,0
HBTASP-Dynamic,36000,7000,0,,0,0,70,9,1000,1010,,9000,5000,0.5555555555555556,0.6439396571428763,0.1252104888888926,0.30595555555555615,7000,0.15968248053601286,9000,9000,0.06858906519561622,2942,0.3390196910926424,0.08608646999954454,0.9139135300004555,0.7915555555555556,0.27043062589702616,3.392381429672241,periodic,1.0,5000,24000,0,assigned_level_sensitivity,dynamic,0.0,0.0,0.0,0
HBTASP-Dynamic,40000,7000,0,,0,0,70,10,1000,101,,10000,6000,0.6,0.6439452714285907,0.11269042250000337,0.27536000000000055,7000,0.14441705428957768,10000,10000,0.059004706041631265,2903,0.34465439409353194,0.05618216985734729,0.9438178301426527,0.812,0.28564968805190066,3.963515520095825,periodic,1.0,6000,27000,0,assigned_level_sensitivity,dynamic,0.0,0.0,0.0,0
HBTASP-Dynamic,40000,7000,0,,0,0,70,10,1000,202,,10000,6000,0.6,0.6439396571428763,0.11268944000000336,0.27536000000000055,7000,0.1454212507079284,10000,10000,0.05647626291288333,3111,0.32219702600790456,0.07325398648587943,0.9267460135141206,0.8169,0.26572076309502124,3.9528188705444336,periodic,1.0,6000,27000,0,assigned_level_sensitivity,dynamic,0.0,0.0,0.0,0
HBTASP-Dynamic,40000,7000,0,,0,0,70,10,1000,303,,10000,6000,0.6,0.6439396571428763,0.11268944000000336,0.27536000000000055,7000,0.1434798808058533,10000,10000,0.05758833214089957,3031,0.3095535358828387,0.06527719426830632,0.9347228057316936,0.818,0.2519652037419391,3.9561965465545654,periodic,1.0,6000,27000,0,assigned_level_sensitivity,dynamic,0.0,0.0,0.0,0
HBTASP-Dynamic,40000,7000,0,,0,0,70,10,1000,404,,10000,6000,0.6,0.643950885714305,0.11269140500000338,0.27536000000000055,7000,0.14390227323284285,10000,10000,0.06634139998020602,3060,0.3431953509912794,0.08756240803801435,0.9124375919619856,0.808,0.27685395101107335,3.969362497329712,periodic,1.0,6000,27000,0,assigned_level_sensitivity,dynamic,0.0,0.0,0.0,0
HBTASP-Dynamic,40000,7000,0,,0,0,70,10,1000,505,,10000,6000,0.6,0.643950885714305,0.11269140500000338,0.27536000000000055,7000,0.14361261354141594,10000,10000,0.06343002077356219,3020,0.33660654242580884,0.07450177632784431,0.9254982236721557,0.8172,0.27317652165224665,4.011381149291992,periodic,1.0,6000,27000,0,assigned_level_sensitivity,dynamic,0.0,0.0,0.0,0
HBTASP-Dynamic,40000,7000,0,,0,0,70,10,1000,606,,10000,6000,0.6,0.6439396571428765,0.11268944000000337,0.27536000000000055,7000,0.1433687509022753,10000,10000,0.05746234875288217,3112,0.29715351285025843,0.05861592569961996,0.9413840743003801,0.816,0.23969116409737626,3.9511899948120117,periodic,1.0,6000,27000,0,assigned_level_sensitivity,dynamic,0.0,0.0,0.0,0
HBTASP-Dynamic,40000,7000,0,,0,0,70,10,1000,707,,10000,6000,0.6,0.6439452714285907,0.11269042250000337,0.27536000000000055,7000,0.14423681400915983,10000,10000,0.061956316291493285,2960,0.3408605554168199,0.062307041076566524,0.9376929589234335,0.8169,0.27890423912532664,3.9450066089630127,periodic,1.0,6000,27000,0,assigned_level_sensitivity,dynamic,0.0,0.0,0.0,0
HBTASP-Dynamic,40000,7000,0,,0,0,70,10,1000,808,,10000,6000,0.6,0.6439452714285907,0.11269042250000337,0.27536000000000055,7000,0.14503116525581833,10000,10000,0.06414375871358317,2971,0.35078255967415234,0.06878539333538905,0.931214606664611,0.806,0.28663880096056915,3.982224464416504,periodic,1.0,6000,27000,0,assigned_level_sensitivity,dynamic,0.0,0.0,0.0,0
HBTASP-Dynamic,40000,7000,0,,0,0,70,10,1000,909,,10000,6000,0.6,0.6439452714285907,0.11269042250000337,0.27536000000000055,7000,0.14463261673907482,10000,10000,0.0659533208107685,3011,0.3551209014244303,0.06353101796225552,0.9364689820377445,0.8,0.2891675806136618,3.9104442596435547,periodic,1.0,6000,27000,0,assigned_level_sensitivity,dynamic,0.0,0.0,0.0,0
HBTASP-Dynamic,40000,7000,0,,0,0,70,10,1000,1010,,10000,6000,0.6,0.6439340428571619,0.11268845750000335,0.27536000000000055,7000,0.14430554769576118,10000,10000,0.06662913665003288,3051,0.3502165961176469,0.08250396408653408,0.917496035913466,0.808,0.283587459467614,3.9759058952331543,periodic,1.0,6000,27000,0,assigned_level_sensitivity,dynamic,0.0,0.0,0.0,0
HBTASP-Dynamic,16000,10000,0,,0,0,80,4,1000,101,,4000,0,0.0,0.6227599999999719,0.3892249999999824,0.6884000000000013,10000,0.45282164294509525,4000,4000,0.2505293505097891,3160,0.3840028890950928,0.38189659769811385,0.6181034023018861,0.376,0.1334735385853037,1.7732267379760742,periodic,1.0,0,6000,0,assigned_level_sensitivity,dynamic,0.0,0.0,0.0,0
HBTASP-Dynamic,16000,10000,0,,0,0,80,4,1000,202,,4000,0,0.0,0.6227599999999719,0.3892249999999824,0.6884000000000013,10000,0.4524887711468644,4000,4000,0.24549977741934495,3184,0.37331891207255086,0.35563871269581704,0.644361287304183,0.384,0.1278191346532059,1.7816064357757568,periodic,1.0,0,6000,0,assigned_level_sensitivity,dynamic,0.0,0.0,0.0,0
HBTASP-Dynamic,16000,10000,0,,0,0,80,4,1000,303,,4000,0,0.0,0.6227599999999719,0.3892249999999824,0.6884000000000013,10000,0.4528563630452548,4000,4000,0.2529101826112055,3128,0.38896707110062695,0.3835091032835256,0.6164908967164744,0.386,0.13605688848942143,1.7330141067504883,periodic,1.0,0,6000,0,assigned_level_sensitivity,dynamic,0.0,0.0,0.0,0
HBTASP-Dynamic,16000,10000,0,,0,0,80,4,1000,404,,4000,0,0.0,0.6227599999999719,0.3892249999999824,0.6884000000000013,10000,0.45259234467843523,4000,4000,0.25087156239480757,3152,0.38417362115961673,0.3696692339984393,0.6303307660015607,0.384,0.13330205876480916,1.8646020889282227,periodic,1.0,0,6000,0,assigned_level_sensitivity,dynamic,0.0,0.0,0.0,0
HBTASP-Dynamic,16000,10000,0,,0,0,80,4,1000,505,,4000,0,0.0,0.6227599999999719,0.3892249999999824,0.6884000000000013,10000,0.45305603270105793,4000,4000,0.24692307834550148,3096,0.38595939717090594,0.3633517531372066,0.6366482468627934,0.388,0.13903631882540446,1.7026546001434326,periodic,1.0,0,6000,0,assigned_level_sensitivity,dynamic,0.0,0.0,0.0,0
HBTASP-Dynamic,16000,10000,0,,0,0,80,4,1000,606,,4000,0,0.0,0.6227599999999719,0.3892249999999824,0.6884000000000013,10000,0.45304138802254085,4000,4000,0.2528816881270559,3184,0.3825849375088103,0.36390986157245797,0.636090138427542,0.368,0.12970324938175437,1.7609386444091797,periodic,1.0,0,6000,0,assigned_level_sensitivity,dynamic,0.0,0.0,0.0,0
HBTASP-Dynamic,16000,10000,0,,0,0,80,4,1000,707,,4000,0,0.0,0.6227599999999719,0.3892249999999824,0.6884000000000013,10000,0.4523828813711613,4000,4000,0.2565100163616806,3152,0.3931517839845219,0.3803651995857914,0.6196348004142086,0.366,0.1366417676228413,1.7571094036102295,periodic,1.0,0,6000,0,assigned_level_sensitivity,dynamic,0.0,0.0,0.0,0
HBTASP-Dynamic,16000,10000,0,,0,0,80,4,1000,808,,4000,0,0.0,0.6227599999999719,0.3892249999999824,0.6884000000000013,10000,0.4528497499627675,4000,4000,0.24781460635729333,3144,0.3776469687260869,0.3731971617989407,0.6268028382010593,0.384,0.12983236236879356,1.902904748916626,periodic,1.0,0,6000,0,assigned_level_sensitivity,dynamic,0.0,0.0,0.0,0
HBTASP-Dynamic,16000,10000,0,,0,0,80,4,1000,909,,4000,0,0.0,0.6227599999999719,0.3892249999999824,0.6884000000000013,10000,0.45247892670421463,4000,4000,0.24543632331518456,3144,0.38000680049964086,0.35475683377855893,0.6452431662214411,0.386,0.1345704771844563,1.7197391986846924,periodic,1.0,0,6000,0,assigned_level_sensitivity,dynamic,0.0,0.0,0.0,0
HBTASP-Dynamic,16000,10000,0,,0,0,80,4,1000,1010,,4000,0,0.0,0.6227599999999719,0.3892249999999824,0.6884000000000013,10000,0.4528674404121633,4000,4000,0.24545578854961567,3120,0.3817641221305438,0.3697415012515196,0.6302584987484804,0.382,0.13630833358092811,1.7755560874938965,periodic,1.0,0,6000,0,assigned_level_sensitivity,dynamic,0.0,0.0,0.0,0
HBTASP-Dynamic,20000,8000,0,,0,0,80,5,1000,101,,5000,0,0.0,0.6473750000000005,0.2589500000000002,0.6884000000000013,8000,0.3263877126382385,5000,5000,0.14949066372198527,3090,0.35594952371271826,0.2150881165929817,0.7849118834070183,0.586,0.206458859990733,1.987734079360962,periodic,1.0,0,12000,0,assigned_level_sensitivity,dynamic,0.0,0.0,0.0,0
HBTASP-Dynamic,20000,8000,0,,0,0,80,5,1000,202,,5000,0,0.0,0.6473750000000005,0.2589500000000002,0.6884000000000013,8000,0.32608609046931947,5000,5000,0.1476905014876821,3050,0.3562726889651813,0.20656086922153558,0.7934391307784644,0.59,0.20858218747749918,1.9756436347961426,periodic,1.0,0,12000,0,assigned_level_sensitivity,dynamic,0.0,0.0,0.0,0
HBTASP-Dynamic,20000,8000,0,,0,0,80,5,1000,303,,5000,0,0.0,0.6473750000000005,0.2589500000000002,0.6884000000000013,8000,0.32604379159653624,5000,5000,0.1502086965845697,3050,0.3557396155617472,0.19781684069742206,0.8021831593025779,0.596,0.2055309189771775,2.0487866401672363,periodic,1.0,0,12000,0,assigned_level_sensitivity,dynamic,0.0,0.0,0.0,0
HBTASP-Dynamic,20000,8000,0,,0,0,80,5,1000,404,,5000,0,0.0,0.6473750000000005,0.2589500000000002,0.6884000000000013,8000,0.3258333781037569,5000,5000,0.14431242892947074,3060,0.3499028239148468,0.19722856423864357,0.8027714357613565,0.588,0.20559039498537604,1.981766700744629,periodic,1.0,0,12000,0,assigned_level_sensitivity,dynamic,0.0,0.0,0.0,0
HBTASP-Dynamic,20000,8000,0,,0,0,80,5,1000,505,,5000,0,0.0,0.6473750000000005,0.2589500000000002,0.6884000000000013,8000,0.3261988186280101,5000,5000,0.1443801104537635,3130,0.3515079638418579,0.19086813927834625,0.8091318607216538,0.584,0.2071278533880944,1.9810693264007568,periodic,1.0,0,12000,0,assigned_level_sensitivity,dynamic,0.0,0.0,0.0,0
HBTASP-Dynamic,20000,8000,0,,0,0,80,5,1000,606,,5000,0,0.0,0.6473750000000005,0.2589500000000002,0.6884000000000013,8000,0.3258744702974515,5000,5000,0.1500633674054985,3140,0.356490126326205,0.17939885020265742,0.8206011497973426,0.574,0.20642675892070653,1.9721238613128662,periodic,1.0,0,12000,0,assigned_level_sensitivity,dynamic,0.0,0.0,0.0,0
HBTASP-Dynamic,20000,8000,0,,0,0,80,5,1000,707,,5000,0,0.0,0.6473750000000005,0.2589500000000002,0.6884000000000013,8000,0.32624489264769896,5000,5000,0.14522261937271203,3020,0.36175346668953934,0.19089410356089007,0.8091058964391099,0.59,0.2165308473168273,1.974980115890503,periodic,1.0,0,12000,0,assigned_level_sensitivity,dynamic,0.0,0.0,0.0,0
HBTASP-Dynamic,20000,8000,0,,0,0,80,5,1000,808,,5000,0,0.0,0.6473750000000005,0.2589500000000002,0.6884000000000013,8000,0.32624825992563317,5000,5000,0.148830663295111,2990,0.37084171995859555,0.18560711622461856,0.8143928837753814,0.584,0.22201105666348456,1.9582014083862305,periodic,1.0,0,12000,0,assigned_level_sensitivity,dynamic,0.0,0.0,0.0,0
HBTASP-Dynamic,20000,8000,0,,0,0,80,5,1000,909,,5000,0,0.0,0.6473750000000005,0.2589500000000002,0.6884000000000013,8000,0.32668997475547806,5000,5000,0.15114939271079536,3120,0.3555398092755059,0.1983916816703128,0.8016083183296872,0.582,0.20439041656471052,1.9704043865203857,periodic,1.0,0,12000,0,assigned_level_sensitivity,dynamic,0.0,0.0,0.0,0
HBTASP-Dynamic,20000,8000,0,,0,0,80,5,1000,1010,,5000,0,0.0,0.6473750000000005,0.2589500000000002,0.6884000000000013,8000,0.32573764879743894,5000,5000,0.1451528782095977,3070,0.3581026115251487,0.1866321696141897,0.8133678303858103,0.59,0.212949733315551,1.9850120544433594,periodic,1.0,0,12000,0,assigned_level_sensitivity,dynamic,0.0,0.0,0.0,0
HBTASP-Dynamic,24000,8000,0,,0,0,80,6,1000,101,,6000,1000,0.16666666666666666,0.6473750000000005,0.21579166666666683,0.5736666666666678,8000,0.2739284258481554,6000,6000,0.12210689249399835,3120,0.3506638163810121,0.16494811965429423,0.8350518803457058,0.652,0.2285569238870137,2.455275058746338,periodic,1.0,1000,15000,0,assigned_level_sensitivity,dynamic,0.0,0.0,0.0,0
HBTASP-Dynamic,24000,8000,0,,0,0,80,6,1000,202,,6000,1000,0.16666666666666666,0.6473750000000005,0.21579166666666683,0.5736666666666678,8000,0.27372604325582,6000,6000,0.1194884628006864,3096,0.34949092046549884,0.14847044411534374,0.8515295558846563,0.66,0.23000245766481245,2.3200061321258545,periodic,1.0,1000,15000,0,assigned_level_sensitivity,dynamic,0.0,0.0,0.0,0
HBTASP-Dynamic,24000,8000,0,,0,0,80,6,1000,303,,6000,1000,0.16666666666666666,0.6473750000000005,0.21579166666666683,0.5736666666666678,8000,0.2734772418739247,6000,6000,0.12004132233628671,3076,0.35346688692391665,0.15021568350918846,0.8497843164908115,0.6586666666666666,0.23342556458762992,2.309140920639038,periodic,1.0,1000,15000,0,assigned_level_sensitivity,dynamic,0.0,0.0,0.0,0
HBTASP-Dynamic,24000,8000,0,,0,0,80,6,1000,404,,6000,1000,0.16666666666666666,0.6473750000000005,0.21579166666666683,0.5736666666666678,8000,0.2730411628195178,6000,6000,0.12104251648713983,3056,0.35478138953895605,0.15818987792473563,0.8418101220752644,0.6606666666666666,0.23373887305181623,2.333019733428955,periodic,1.0,1000,15000,0,assigned_level_sensitivity,dynamic,0.0,0.0,0.0,0
HBTASP-Dynamic,24000,8000,0,,0,0,80,6,1000,505,,6000,1000,0.16666666666666666,0.6473750000000005,0.21579166666666683,0.5736666666666678,8000,0.27356343597400373,6000,6000,0.11739859004842276,3096,0.3475813952748944,0.15813116292812596,0.8418688370718741,0.6633333333333333,0.23018280522647164,2.2984607219696045,periodic,1.0,1000,15000,0,assigned_level_sensitivity,dynamic,0.0,0.0,0.0,0
HBTASP-Dynamic,24000,8000,0,,0,0,80,6,1000,606,,6000,1000,0.16666666666666666,0.6473750000000005,0.21579166666666683,0.5736666666666678,8000,0.27322007061975184,6000,6000,0.12311839796486468,3136,0.3597836073367961,0.14812474823918892,0.851875251760811,0.646,0.23666520937193142,2.3383371829986572,periodic,1.0,1000,15000,0,assigned_level_sensitivity,dynamic,0.0,0.0,0.0,0
HBTASP-Dynamic,24000,8000,0,,0,0,80,6,1000,707,,6000,1000,0.16666666666666666,0.6473750000000005,0.21579166666666683,0.5736666666666678,8000,0.2729754035233425,6000,6000,0.1229174776303292,3108,0.35394155898614016,0.158939572542186,0.841060427457814,0.652,0.23102408135581096,2.308689594268799,periodic,1.0,1000,15000,0,assigned_level_sensitivity,dynamic,0.0,0.0,0.0,0
HBTASP-Dynamic,24000,8000,0,,0,0,80,6,1000,808,,6000,1000,0.16666666666666666,0.6473750000000005,0.21579166666666683,0.5736666666666678,8000,0.2731430142653728,6000,6000,0.12354578555651953,3104,0.3598893239872181,0.16012049405331383,0.8398795059466861,0.6473333333333333,0.2363435384306986,2.297323226928711,periodic,1.0,1000,15000,0,assigned_level_sensitivity,dynamic,0.0,0.0,0.0,0
HBTASP-Dynamic,24000,8000,0,,0,0,80,6,1000,909,,6000,1000,0.16666666666666666,0.6473750000000005,0.21579166666666683,0.5736666666666678,8000,0.27336690389489,6000,6000,0.11922395711640169,3108,0.349222519210387,0.14972640102925164,0.8502735989707484,0.6606666666666666,0.2299985620939853,2.309091806411743,periodic,1.0,1000,15000,0,assigned_level_sensitivity,dynamic,0.0,0.0,0.0,0
HBTASP-Dynamic,24000,8000,0,,0,0,80,6,1000,1010,,6000,1000,0.16666666666666666,0.6473750000000005,0.21579166666666683,0.5736666666666678,8000,0.2731805968995871,6000,6000,0.11851373235801128,3088,0.35444256741789315,0.14826185064119277,0.8517381493588072,0.6513333333333333,0.23592883505988188,2.3398430347442627,periodic,1.0,1000,15000,0,assigned_level_sensitivity,dynamic,0.0,0.0,0.0,0
HBTASP-Dynamic,28000,8000,0,,0,0,80,7,1000,101,,7000,2000,0.2857142857142857,0.6473750000000005,0.18496428571428583,0.4917142857142867,8000,0.23551651825169248,7000,7000,0.10162281339476213,3194,0.3477312359831713,0.12832284382206155,0.8716771561779384,0.702,0.24610842258840915,2.6754894256591797,periodic,1.0,2000,18000,0,assigned_level_sensitivity,dynamic,0.0,0.0,0.0,0
HBTASP-Dynamic,28000,8000,0,,0,0,80,7,1000,202,,7000,2000,0.2857142857142857,0.6473750000000005,0.18496428571428583,0.4917142857142867,8000,0.23543030201870296,7000,7000,0.10229693925410963,3210,0.34582968706789086,0.126010103320535,0.873989896679465,0.6991428571428572,0.24353274781378123,2.6913094520568848,periodic,1.0,2000,18000,0,assigned_level_sensitivity,dynamic,0.0,0.0,0.0,0
HBTASP-Dynamic,28000,8000,0,,0,0,80,7,1000,303,,7000,2000,0.2857142857142857,0.6473750000000005,0.18496428571428583,0.4917142857142867,8000,0.23535542336287127,7000,7000,0.10170124415432798,3202,0.3435533817498881,0.12808412550006118,0.8719158744999388,0.7042857142857143,0.24185213759556012,2.709577798843384,periodic,1.0,2000,18000,0,assigned_level_sensitivity,dynamic,0.0,0.0,0.0,0
HBTASP-Dynamic,28000,8000,0,,0,0,80,7,1000,404,,7000,2000,0.2857142857142857,0.6473750000000005,0.18496428571428583,0.4917142857142867,8000,0.23523019506019296,7000,7000,0.10247136951908452,3186,0.3496071642036599,0.1305320215730335,0.8694679784269665,0.7025714285714286,0.24713579468457536,2.716090440750122,periodic,1.0,2000,18000,0,assigned_level_sensitivity,dynamic,0.0,0.0,0.0,0
HBTASP-Dynamic,28000,8000,0,,0,0,80,7,1000,505,,7000,2000,0.2857142857142857,0.6473750000000005,0.18496428571428583,0.4917142857142867,8000,0.2352215804469327,7000,7000,0.10126091463889478,3210,0.3469816780782495,0.12803249131459424,0.8719675086854057,0.7011428571428572,0.2457207634393547,2.727673053741455,periodic,1.0,2000,18000,0,assigned_level_sensitivity,dynamic,0.0,0.0,0.0,0
HBTASP-Dynamic,28000,8000,0,,0,0,80,7,1000,606,,7000,2000,0.2857142857142857,0.6473750000000005,0.18496428571428583,0.4917142857142867,8000,0.2353174428137712,7000,7000,0.10405856796994799,3218,0.35135461314717853,0.1275525347810405,0.8724474652189596,0.7008571428571428,0.24729604517723053,2.6905415058135986,periodic,1.0,2000,18000,0,assigned_level_sensitivity,dynamic,0.0,0.0,0.0,0
HBTASP-Dynamic,28000,8000,0,,0,0,80,7,1000,707,,7000,2000,0.2857142857142857,0.6473750000000005,0.18496428571428583,0.4917142857142867,8000,0.23532548895799016,7000,7000,0.10319482680101362,3166,0.350986152789982,0.129692674623371,0.870307325376629,0.6994285714285714,0.24779132598896841,2.7142508029937744,periodic,1.0,2000,18000,0,assigned_level_sensitivity,dynamic,0.0,0.0,0.0,0
HBTASP-Dynamic,28000,8000,0,,0,0,80,7,1000,808,,7000,2000,0.2857142857142857,0.6473750000000005,0.18496428571428583,0.4917142857142867,8000,0.23539245596175742,7000,7000,0.10386309473376494,3194,0.3494227737074985,0.13007795867091462,0.8699220413290853,0.7008571428571428,0.2455596789737336,2.6911730766296387,periodic,1.0,2000,18000,0,assigned_level_sensitivity,dynamic,0.0,0.0,0.0,0
HBTASP-Dynamic,28000,8000,0,,0,0,80,7,1000,909,,7000,2000,0.2857142857142857,0.6473750000000005,0.18496428571428583,0.4917142857142867,8000,0.2354126256225882,7000,7000,0.10329953709231166,3174,0.35079196259825624,0.1276373985380896,0.8723626014619104,0.7011428571428572,0.24749242550594458,2.6911680698394775,periodic,1.0,2000,18000,0,assigned_level_sensitivity,dynamic,0.0,0.0,0.0,0
HBTASP-Dynamic,28000,8000,0,,0,0,80,7,1000,1010,,7000,2000,0.2857142857142857,0.6473750000000005,0.18496428571428583,0.4917142857142867,8000,0.23536122936544787,7000,7000,0.10309895737372123,3188,0.3533823554693506,0.13056257817765993,0.8694374218223401,0.6951428571428572,0.2502833980956294,2.738345146179199,periodic,1.0,2000,18000,0,assigned_level_sensitivity,dynamic,0.0,0.0,0.0,0
HBTASP-Dynamic,32000,8000,0,,0,0,80,8,1000,101,,8000,3000,0.375,0.6473750000000005,0.16184375000000012,0.43025000000000085,8000,0.20749701674442356,8000,8000,0.08608769503841161,3288,0.3365281472825579,0.10283347803269208,0.897166521967308,0.739,0.2504404522441463,3.1513137817382812,periodic,1.0,3000,21000,0,assigned_level_sensitivity,dynamic,0.0,0.0,0.0,0
HBTASP-Dynamic,32000,8000,0,,0,0,80,8,1000,202,,8000,3000,0.375,0.6473750000000005,0.16184375000000012,0.43025000000000085,8000,0.20661560473053578,8000,8000,0.08514846434015687,3256,0.33097544398702516,0.10163759614924138,0.8983624038507586,0.75,0.24582697964686828,3.11499285697937,periodic,1.0,3000,21000,0,assigned_level_sensitivity,dynamic,0.0,0.0,0.0,0
HBTASP-Dynamic,32000,8000,0,,0,0,80,8,1000,303,,8000,3000,0.375,0.6473750000000005,0.16184375000000012,0.43025000000000085,8000,0.20647902039858684,8000,8000,0.08846269350929527,3256,0.3428920583469355,0.11182177687845196,0.888178223121548,0.74,0.2544293648376402,3.1150169372558594,periodic,1.0,3000,21000,0,assigned_level_sensitivity,dynamic,0.0,0.0,0.0,0
HBTASP-Dynamic,32000,8000,0,,0,0,80,8,1000,404,,8000,3000,0.375,0.6473750000000005,0.16184375000000012,0.43025000000000085,8000,0.20662584858703015,8000,8000,0.08336321093153176,3200,0.3310367545872204,0.10241178511366297,0.897588214886337,0.752,0.24767354365568867,3.1089820861816406,periodic,1.0,3000,21000,0,assigned_level_sensitivity,dynamic,0.0,0.0,0.0,0
HBTASP-Dynamic,32000,8000,0,,0,0,80,8,1000,505,,8000,3000,0.375,0.6473750000000005,0.16184375000000012,0.43025000000000085,8000,0.2069183457861538,8000,8000,0.0874269241231559,3264,0.3415881457788011,0.10976919731049598,0.890230802689504,0.738,0.2541612216556452,3.085841178894043,periodic,1.0,3000,21000,0,assigned_level_sensitivity,dynamic,0.0,0.0,0.0,0
HBTASP-Dynamic,32000,8000,0,,0,0,80,8,1000,606,,8000,3000,0.375,0.6473750000000005,0.16184375000000012,0.43025000000000085,8000,0.20657461759983325,8000,8000,0.08791325972017425,3304,0.3380825446870785,0.10367513291858071,0.8963248670814192,0.742,0.25016928496690427,3.1615164279937744,periodic,1.0,3000,21000,0,assigned_level_sensitivity,dynamic,0.0,0.0,0.0,0
HBTASP-Dynamic,32000,8000,0,,0,0,80,8,1000,707,,8000,3000,0.375,0.6473750000000005,0.16184375000000012,0.43025000000000085,8000,0.2063222491242791,8000,8000,0.09079283546332463,3328,0.3378836776778607,0.10816592346998871,0.8918340765300112,0.732,0.2470908422145361,3.1393120288848877,periodic,1.0,3000,21000,0,assigned_level_sensitivity,dynamic,0.0,0.0,0.0,0
HBTASP-Dynamic,32000,8000,0,,0,0,80,8,1000,808,,8000,3000,0.375,0.6473750000000005,0.16184375000000012,0.43025000000000085,8000,0.20586574140517364,8000,8000,0.09102420752274144,3336,0.347879595859441,0.10607897213752233,0.8939210278624776,0.728,0.2568553883366996,3.1022703647613525,periodic,1.0,3000,21000,0,assigned_level_sensitivity,dynamic,0.0,0.0,0.0,0
HBTASP-Dynamic,32000,8000,0,,0,0,80,8,1000,909,,8000,3000,0.375,0.6473750000000005,0.16184375000000012,0.43025000000000085,8000,0.20675571441170568,8000,8000,0.09434710010201279,3280,0.35295298178544765,0.11354118936690918,0.8864588106330908,0.728,0.25860588168343485,3.1751129627227783,periodic,1.0,3000,21000,0,assigned_level_sensitivity,dynamic,0.0,0.0,0.0,0
HBTASP-Dynamic,32000,8000,0,,0,0,80,8,1000,1010,,8000,3000,0.375,0.6473750000000005,0.16184375000000012,0.43025000000000085,8000,0.20661276711573207,8000,8000,0.08717878635946347,3176,0.3478624972898797,0.11131522608996616,0.8886847739100339,0.736,0.26068371093041626,3.246105432510376,periodic,1.0,3000,21000,0,assigned_level_sensitivity,dynamic,0.0,0.0,0.0,0
HBTASP-Dynamic,36000,8000,0,,0,0,80,9,1000,101,,9000,4000,0.4444444444444444,0.6473750000000005,0.14386111111111122,0.3824444444444452,8000,0.1845044187619839,9000,9000,0.07644474970071641,3322,0.3373403256913854,0.08811252661785436,0.9118874733821456,0.7684444444444445,0.260895575990669,3.6912038326263428,periodic,1.0,4000,24000,0,assigned_level_sensitivity,dynamic,0.0,0.0,0.0,0
HBTASP-Dynamic,36000,8000,0,,0,0,80,9,1000,202,,9000,4000,0.4444444444444444,0.6473750000000005,0.14386111111111122,0.3824444444444452,8000,0.18441404306594464,9000,9000,0.0779744923788602,3352,0.33819338510098435,0.09162163374794034,0.9083783662520597,0.7635555555555555,0.2602188927221242,3.648608684539795,periodic,1.0,4000,24000,0,assigned_level_sensitivity,dynamic,0.0,0.0,0.0,0
HBTASP-Dynamic,36000,8000,0,,0,0,80,9,1000,303,,9000,4000,0.4444444444444444,0.6473750000000005,0.14386111111111122,0.3824444444444452,8000,0.18428452184582034,9000,9000,0.07860221957188976,3336,0.33800366822794736,0.0966432633690709,0.9033567366309291,0.7651111111111111,0.25940144865605763,3.5933804512023926,periodic,1.0,4000,24000,0,assigned_level_sensitivity,dynamic,0.0,0.0,0.0,0
HBTASP-Dynamic,36000,8000,0,,0,0,80,9,1000,404,,9000,4000,0.4444444444444444,0.6473750000000005,0.14386111111111122,0.3824444444444452,8000,0.18428444341730418,9000,9000,0.0767179167893497,3338,0.33663606539519464,0.09279472476115813,0.9072052752388419,0.7675555555555555,0.25991814860584495,3.6542506217956543,periodic,1.0,4000,24000,0,assigned_level_sensitivity,dynamic,0.0,0.0,0.0,0
HBTASP-Dynamic,36000,8000,0,,0,0,80,9,1000,505,,9000,4000,0.4444444444444444,0.6473750000000005,0.14386111111111122,0.3824444444444452,8000,0.18424733731522633,9000,9000,0.07962239073855626,3378,0.3373628606354989,0.10106838306052107,0.898931616939479,0.7615555555555555,0.25774046989694266,3.59995436668396,periodic,1.0,4000,24000,0,assigned_level_sensitivity,dynamic,0.0,0.0,0.0,0
HBTASP-Dynamic,36000,8000,0,,0,0,80,9,1000,606,,9000,4000,0.4444444444444444,0.6473750000000005,0.14386111111111122,0.3824444444444452,8000,0.18426050903629712,9000,9000,0.07939417148382039,3382,0.34173962331067137,0.09385406748894588,0.9061459325110541,0.7635555555555555,0.262345451826851,3.707749366760254,periodic,1.0,4000,24000,0,assigned_level_sensitivity,dynamic,0.0,0.0,0.0,0
HBTASP-Dynamic,36000,8000,0,,0,0,80,9,1000,707,,9000,4000,0.4444444444444444,0.6473750000000005,0.14386111111111122,0.3824444444444452,8000,0.1843894326051286,9000,9000,0.07856285208397763,3358,0.338663740075429,0.09339426614675457,0.9066057338532454,0.7624444444444445,0.26010088799145137,3.6474902629852295,periodic,1.0,4000,24000,0,assigned_level_sensitivity,dynamic,0.0,0.0,0.0,0
HBTASP-Dynamic,36000,8000,0,,0,0,80,9,1000,808,,9000,4000,0.4444444444444444,0.6473750000000005,0.14386111111111122,0.3824444444444452,8000,0.1843998692909365,9000,9000,0.0792967980773421,3360,0.342831714855926,0.09167701505889006,0.90832298494111,0.7602222222222222,0.26353491677858387,3.6353015899658203,periodic,1.0,4000,24000,0,assigned_level_sensitivity,dynamic,0.0,0.0,0.0,0
HBTASP-Dynamic,36000,8000,0,,0,0,80,9,1000,909,,9000,4000,0.4444444444444444,0.6473750000000005,0.14386111111111122,0.3824444444444452,8000,0.1843809243175771,9000,9000,0.08194524370788948,3370,0.3448382049689265,0.09650906420430386,0.9034909357956962,0.7573333333333333,0.262892961261037,3.6174871921539307,periodic,1.0,4000,24000,0,assigned_level_sensitivity,dynamic,0.0,0.0,0.0,0
HBTASP-Dynamic,36000,8000,0,,0,0,80,9,1000,1010,,9000,4000,0.4444444444444444,0.6473750000000005,0.14386111111111122,0.3824444444444452,8000,0.1844268948950027,9000,9000,0.07858950811120609,3330,0.3411713544661844,0.09893646360555378,0.9010635363944463,0.7622222222222222,0.26258184635497833,3.6240956783294678,periodic,1.0,4000,24000,0,assigned_level_sensitivity,dynamic,0.0,0.0,0.0,0
HBTASP-Dynamic,40000,8000,0,,0,0,80,10,1000,101,,10000,5000,0.5,0.6473750000000005,0.1294750000000001,0.34420000000000067,8000,0.16732752255808767,10000,10000,0.06526516139914923,3300,0.33134060985525887,0.06484591929262414,0.9351540807073758,0.796,0.26607544845610964,4.1747565269470215,periodic,1.0,5000,27000,0,assigned_level_sensitivity,dynamic,0.0,0.0,0.0,0
HBTASP-Dynamic,40000,8000,0,,0,0,80,10,1000,202,,10000,5000,0.5,0.6473750000000005,0.1294750000000001,0.34420000000000067,8000,0.16862857750438537,10000,10000,0.06870775463736503,3420,0.3369867918357058,0.0801247868146944,0.9198752131853056,0.794,0.2682790371983408,4.145157814025879,periodic,1.0,5000,27000,0,assigned_level_sensitivity,dynamic,0.0,0.0,0.0,0
HBTASP-Dynamic,40000,8000,0,,0,0,80,10,1000,303,,10000,5000,0.5,0.6473750000000005,0.1294750000000001,0.34420000000000067,8000,0.16663375811754966,10000,10000,0.06519204902595517,3360,0.31868726270773995,0.08000114737400955,0.9199988526259905,0.796,0.2534952136817848,4.176063060760498,periodic,1.0,5000,27000,0,assigned_level_sensitivity,dynamic,0.0,0.0,0.0,0
HBTASP-Dynamic,40000,8000,0,,0,0,80,10,1000,404,,10000,5000,0.5,0.6473750000000005,0.1294750000000001,0.34420000000000067,8000,0.1658025770895636,10000,10000,0.0701232818852688,3540,0.322346504826026,0.09209242526263696,0.907907574737363,0.786,0.2522232229407572,4.180943727493286,periodic,1.0,5000,27000,0,assigned_level_sensitivity,dynamic,0.0,0.0,0.0,0
HBTASP-Dynamic,40000,8000,0,,0,0,80,10,1000,505,,10000,5000,0.5,0.6473750000000005,0.1294750000000001,0.34420000000000067,8000,0.16645508795099867,10000,10000,0.0723584038313341,3500,0.3427796232051574,0.079633773382588,0.920366226617412,0.782,0.27042121937382335,4.188356876373291,periodic,1.0,5000,27000,0,assigned_level_sensitivity,dynamic,0.0,0.0,0.0,0
HBTASP-Dynamic,40000,8000,0,,0,0,80,10,1000,606,,10000,5000,0.5,0.6473750000000005,0.1294750000000001,0.34420000000000067,8000,0.16636741373669145,10000,10000,0.06663358814188157,3420,0.3138633060970138,0.06826306615427186,0.9317369338457282,0.792,0.2472297179551322,4.156809091567993,periodic,1.0,5000,27000,0,assigned_level_sensitivity,dynamic,0.0,0.0,0.0,0
HBTASP-Dynamic,40000,8000,0,,0,0,80,10,1000,707,,10000,5000,0.5,0.6473750000000005,0.1294750000000001,0.34420000000000067,8000,0.16590366786549396,10000,10000,0.06806751821096088,3400,0.3275625184131889,0.07777250524251834,0.9222274947574817,0.79,0.25949500020222804,4.163591146469116,periodic,1.0,5000,27000,0,assigned_level_sensitivity,dynamic,0.0,0.0,0.0,0
HBTASP-Dynamic,40000,8000,0,,0,0,80,10,1000,808,,10000,5000,0.5,0.6473750000000005,0.1294750000000001,0.34420000000000067,8000,0.16683836154726872,10000,10000,0.07206099818564297,3400,0.34596970704670993,0.07967581079242084,0.9203241892075792,0.782,0.27390870886106694,4.145583629608154,periodic,1.0,5000,27000,0,assigned_level_sensitivity,dynamic,0.0,0.0,0.0,0
HBTASP-Dynamic,40000,8000,0,,0,0,80,10,1000,909,,10000,5000,0.5,0.6473750000000005,0.1294750000000001,0.34420000000000067,8000,0.16678252512675312,10000,10000,0.06964925150972898,3420,0.3376101697337563,0.07114361784334734,0.9288563821566527,0.784,0.26796091822402734,4.166593551635742,periodic,1.0,5000,27000,0,assigned_level_sensitivity,dynamic,0.0,0.0,0.0,0
HBTASP-Dynamic,40000,8000,0,,0,0,80,10,1000,1010,,10000,5000,0.5,0.6473750000000005,0.1294750000000001,0.34420000000000067,8000,0.1669433831065205,10000,10000,0.06895269476941777,3320,0.3376728207102671,0.08315016150195874,0.9168498384980412,0.792,0.2687201259408493,4.191070556640625,periodic,1.0,5000,27000,0,assigned_level_sensitivity,dynamic,0.0,0.0,0.0,0
HBTASP-Dynamic,16000,11000,0,,0,0,90,4,1000,101,,4000,0,0.0,0.6267811545454395,0.4309120437499896,0.6884000000000013,11000,0.48372957423147395,4000,4000,0.29510659870006967,3272,0.4149164397858972,0.4317303191356515,0.5682696808643485,0.332,0.11980984108582754,1.9148266315460205,periodic,1.0,0,5000,0,assigned_level_sensitivity,dynamic,0.0,0.0,0.0,0
HBTASP-Dynamic,16000,11000,0,,0,0,90,4,1000,202,,4000,0,0.0,0.6265810818181669,0.4307744937499897,0.6884000000000013,11000,0.48390984079694793,4000,4000,0.2879563008425709,3248,0.40970991018610625,0.43110516721368874,0.5688948327863113,0.33675,0.12175360934353535,1.8488531112670898,periodic,1.0,0,5000,0,assigned_level_sensitivity,dynamic,0.0,0.0,0.0,0
HBTASP-Dynamic,16000,11000,0,,0,0,90,4,1000,303,,4000,0,0.0,0.6266668272727121,0.43083344374998955,0.6884000000000013,11000,0.4836950876863009,4000,4000,0.29380733921934366,3224,0.42021249855123644,0.42521491213645574,0.5747850878635443,0.32775,0.12640515933189278,1.8721776008605957,periodic,1.0,0,5000,0,assigned_level_sensitivity,dynamic,0.0,0.0,0.0,0
HBTASP-Dynamic,16000,11000,0,,0,0,90,4,1000,404,,4000,0,0.0,0.6265989454545294,0.430786774999989,0.6884000000000013,11000,0.48490870349561355,4000,4000,0.29892515078911974,3307,0.4174085556104627,0.43091194967775853,0.5690880503222415,0.324,0.11848340482134295,1.9006555080413818,periodic,1.0,0,5000,0,assigned_level_sensitivity,dynamic,0.0,0.0,0.0,0
HBTASP-Dynamic,16000,11000,0,,0,0,90,4,1000,505,,4000,0,0.0,0.6271277090908961,0.43115029999999105,0.6884000000000013,11000,0.4849690987008821,4000,4000,0.29434251267552747,3248,0.417190625484536,0.41680168093589454,0.5831983190641055,0.33,0.12284811280900854,1.8369581699371338,periodic,1.0,0,5000,0,assigned_level_sensitivity,dynamic,0.0,0.0,0.0,0
HBTASP-Dynamic,16000,11000,0,,0,0,90,4,1000,606,,4000,0,0.0,0.6267525727272579,0.43089239374998983,0.6884000000000013,11000,0.4845539119568123,4000,4000,0.293221008545615,3296,0.4111458757669828,0.4184916260243219,0.5815083739756781,0.32425,0.1179248672213678,1.8478779792785645,periodic,1.0,0,5000,0,assigned_level_sensitivity,dynamic,0.0,0.0,0.0,0
HBTASP-Dynamic,16000,11000,0,,0,0,90,4,1000,707,,4000,0,0.0,0.6266954090908943,0.4308530937499898,0.6884000000000013,11000,0.48512570223570256,4000,4000,0.2935358373859007,3256,0.41949394452618466,0.4352476036409672,0.5647523963590328,0.326,0.12595810714028394,1.8453903198242188,periodic,1.0,0,5000,0,assigned_level_sensitivity,dynamic,0.0,0.0,0.0,0
HBTASP-Dynamic,16000,11000,0,,0,0,90,4,1000,808,,4000,0,0.0,0.6265989454545298,0.43078677499998924,0.6884000000000013,11000,0.4857861765774838,4000,4000,0.29622463827528817,3264,0.41899260236486047,0.43735992166534743,0.5626400783346526,0.32025,0.1227679640895723,1.8636081218719482,periodic,1.0,0,5000,0,assigned_level_sensitivity,dynamic,0.0,0.0,0.0,0
HBTASP-Dynamic,16000,11000,0,,0,0,90,4,1000,909,,4000,0,0.0,0.6261880818181647,0.4305043062499882,0.6884000000000013,11000,0.48420827217530066,4000,4000,0.29392037409167177,3279,0.41499975571126385,0.43700369583016097,0.562996304169839,0.32625,0.12107938161959209,1.8908684253692627,periodic,1.0,0,5000,0,assigned_level_sensitivity,dynamic,0.0,0.0,0.0,0
HBTASP-Dynamic,16000,11000,0,,0,0,90,4,1000,1010,,4000,0,0.0,0.6265417818181659,0.43074747499998906,0.6884000000000013,11000,0.4846703075608851,4000,4000,0.28965963336180334,3240,0.4155282670921991,0.42543884377010943,0.5745611562298906,0.32525,0.12586863373039575,1.9304487705230713,periodic,1.0,0,5000,0,assigned_level_sensitivity,dynamic,0.0,0.0,0.0,0
HBTASP-Dynamic,20000,9000,0,,0,0,90,5,1000,101,,5000,0,0.0,0.6430091111111066,0.28935409999999795,0.6884000000000013,9000,0.3559564748522227,5000,5000,0.1746481485772123,3310,0.3672323351002249,0.23553629967430897,0.764463700325691,0.536,0.1925841865230126,2.030118465423584,periodic,1.0,0,11000,0,assigned_level_sensitivity,dynamic,0.0,0.0,0.0,0
HBTASP-Dynamic,20000,9000,0,,0,0,90,5,1000,202,,5000,0,0.0,0.6431575777777738,0.28942090999999825,0.6884000000000013,9000,0.35584256382430807,5000,5000,0.16640633243318195,3300,0.3566669529033246,0.22440722512623792,0.7755927748737621,0.5498,0.19026062047014267,1.9743409156799316,periodic,1.0,0,11000,0,assigned_level_sensitivity,dynamic,0.0,0.0,0.0,0
HBTASP-Dynamic,20000,9000,0,,0,0,90,5,1000,303,,5000,0,0.0,0.6430091111111067,0.289354099999998,0.6884000000000013,9000,0.3550492446122624,5000,5000,0.17493157511190305,3191,0.3809628851572411,0.2524536700348523,0.7475463299651477,0.536,0.20603131004533803,1.9876444339752197,periodic,1.0,0,11000,0,assigned_level_sensitivity,dynamic,0.0,0.0,0.0,0
HBTASP-Dynamic,20000,9000,0,,0,0,90,5,1000,404,,5000,0,0.0,0.6430658777777735,0.2893796449999981,0.6884000000000013,9000,0.3562870174944769,5000,5000,0.16003958094838666,3220,0.3527881229128564,0.2169599847544327,0.7830400152455673,0.56,0.19274854196446972,1.9987595081329346,periodic,1.0,0,11000,0,assigned_level_sensitivity,dynamic,0.0,0.0,0.0,0
HBTASP-Dynamic,20000,9000,0,,0,0,90,5,1000,505,,5000,0,0.0,0.6428038777777728,0.2892617449999978,0.6884000000000013,9000,0.3562227788684575,5000,5000,0.16741628384766033,3240,0.37060356060075234,0.22429717778139904,0.775702822218601,0.542,0.203187276753092,2.0364830493927,periodic,1.0,0,11000,0,assigned_level_sensitivity,dynamic,0.0,0.0,0.0,0
HBTASP-Dynamic,20000,9000,0,,0,0,90,5,1000,606,,5000,0,0.0,0.6429130444444396,0.28931086999999783,0.6884000000000013,9000,0.3555389529477506,5000,5000,0.1742606971672262,3330,0.3542587344285079,0.2497289947099629,0.7502710052900371,0.546,0.17999803726128172,2.018444776535034,periodic,1.0,0,11000,0,assigned_level_sensitivity,dynamic,0.0,0.0,0.0,0
HBTASP-Dynamic,20000,9000,0,,0,0,90,5,1000,707,,5000,0,0.0,0.6430309444444401,0.289363924999998,0.6884000000000013,9000,0.35616377810146144,5000,5000,0.16886643967104661,3280,0.3651273624300034,0.21968770160956297,0.780312298390437,0.548,0.19626092275895676,1.9997832775115967,periodic,1.0,0,11000,0,assigned_level_sensitivity,dynamic,0.0,0.0,0.0,0
HBTASP-Dynamic,20000,9000,0,,0,0,90,5,1000,808,,5000,0,0.0,0.642734011111106,0.2892303049999977,0.6884000000000013,9000,0.35624941653056746,5000,5000,0.17076545129725987,3180,0.3720548597410674,0.23004571114974706,0.769954288850253,0.552,0.20128940844380752,1.9939494132995605,periodic,1.0,0,11000,0,assigned_level_sensitivity,dynamic,0.0,0.0,0.0,0
HBTASP-Dynamic,20000,9000,0,,0,0,90,5,1000,909,,5000,0,0.0,0.6428562777777731,0.28928532499999793,0.6884000000000013,9000,0.35670552423596924,5000,5000,0.17156048371392996,3280,0.3606802027395464,0.22946042676543316,0.7705395732345668,0.548,0.18911971902561642,2.0129313468933105,periodic,1.0,0,11000,0,assigned_level_sensitivity,dynamic,0.0,0.0,0.0,0
HBTASP-Dynamic,20000,9000,0,,0,0,90,5,1000,1010,,5000,0,0.0,0.64300474444444,0.289352134999998,0.6884000000000013,9000,0.3554475649071946,5000,5000,0.16787743526119783,3260,0.36342893546544275,0.23650960583663883,0.7634903941633612,0.548,0.19555150020424492,2.005983591079712,periodic,1.0,0,11000,0,assigned_level_sensitivity,dynamic,0.0,0.0,0.0,0
HBTASP-Dynamic,24000,7000,0,,0,0,90,6,1000,101,,6000,0,0.0,0.6752417142857216,0.19694550000000213,0.6884000000000013,7000,0.25734534694294436,6000,6000,0.10370563917096241,3244,0.33730374171301003,0.11502263714519499,0.884977362854805,0.6841666666666667,0.2335981025420476,2.2121288776397705,periodic,1.0,0,17000,0,assigned_level_sensitivity,dynamic,0.0,0.0,0.0,0
HBTASP-Dynamic,24000,7000,0,,0,0,90,6,1000,202,,6000,0,0.0,0.6752417142857216,0.19694550000000213,0.6884000000000013,7000,0.25695352300265506,6000,6000,0.10416987913545225,3227,0.34184496090699285,0.11789101721822083,0.8821089827817792,0.6828333333333333,0.2376750817715406,2.204366445541382,periodic,1.0,0,17000,0,assigned_level_sensitivity,dynamic,0.0,0.0,0.0,0
HBTASP-Dynamic,24000,7000,0,,0,0,90,6,1000,303,,6000,0,0.0,0.6752585571428644,0.19695041250000214,0.6884000000000013,7000,0.25708454985384144,6000,6000,0.10553593917823231,3246,0.3381479490950506,0.11719757167742426,0.8828024283225757,0.6861666666666667,0.23261200991681827,2.1995151042938232,periodic,1.0,0,17000,0,assigned_level_sensitivity,dynamic,0.0,0.0,0.0,0
HBTASP-Dynamic,24000,7000,0,,0,0,90,6,1000,404,,6000,0,0.0,0.6752417142857216,0.19694550000000213,0.6884000000000013,7000,0.25699695799649364,6000,6000,0.10377015786799211,3198,0.3408354316226377,0.11840754158825521,0.8815924584117448,0.6878333333333333,0.2370652737546456,2.199995994567871,periodic,1.0,0,17000,0,assigned_level_sensitivity,dynamic,0.0,0.0,0.0,0
HBTASP-Dynamic,24000,7000,0,,0,0,90,6,1000,505,,6000,0,0.0,0.6752473285714359,0.19694713750000215,0.6884000000000013,7000,0.2571132223629962,6000,6000,0.10374198147116512,3228,0.339057724388186,0.11901051740275957,0.8809894825972404,0.687,0.23531574291702087,2.1691267490386963,periodic,1.0,0,17000,0,assigned_level_sensitivity,dynamic,0.0,0.0,0.0,0
HBTASP-Dynamic,24000,7000,0,,0,0,90,6,1000,606,,6000,0,0.0,0.6752529428571501,0.1969487750000021,0.6884000000000013,7000,0.2570599949090893,6000,6000,0.10568740281889454,3264,0.34043094830293663,0.11526609694161907,0.884733903058381,0.6821666666666667,0.23474354548404208,2.210440158843994,periodic,1.0,0,17000,0,assigned_level_sensitivity,dynamic,0.0,0.0,0.0,0
HBTASP-Dynamic,24000,7000,0,,0,0,90,6,1000,707,,6000,0,0.0,0.6752473285714359,0.19694713750000215,0.6884000000000013,7000,0.2571168571846149,6000,6000,0.10626808687403667,3216,0.34573579962933726,0.11801851695699818,0.8819814830430018,0.6811666666666667,0.2394677127553006,2.2419333457946777,periodic,1.0,0,17000,0,assigned_level_sensitivity,dynamic,0.0,0.0,0.0,0
HBTASP-Dynamic,24000,7000,0,,0,0,90,6,1000,808,,6000,0,0.0,0.6752473285714358,0.1969471375000021,0.6884000000000013,7000,0.25696515439830253,6000,6000,0.10697854179145053,3216,0.34355770454904394,0.12200046939026771,0.8779995306097323,0.6838333333333333,0.23657916275759341,2.180872678756714,periodic,1.0,0,17000,0,assigned_level_sensitivity,dynamic,0.0,0.0,0.0,0
HBTASP-Dynamic,24000,7000,0,,0,0,90,6,1000,909,,6000,0,0.0,0.6752473285714358,0.1969471375000021,0.6884000000000013,7000,0.2571275627626725,6000,6000,0.1058181749478739,3236,0.3424081643885235,0.11991868343887883,0.8800813165611212,0.683,0.2365899894406496,2.1818313598632812,periodic,1.0,0,17000,0,assigned_level_sensitivity,dynamic,0.0,0.0,0.0,0
HBTASP-Dynamic,24000,7000,0,,0,0,90,6,1000,1010,,6000,0,0.0,0.6752417142857216,0.19694550000000213,0.6884000000000013,7000,0.2572405827651662,6000,6000,0.10385546879172365,3188,0.3421913465318912,0.11782406646108999,0.88217593353891,0.6876666666666666,0.23833587774016757,2.1694982051849365,periodic,1.0,0,17000,0,assigned_level_sensitivity,dynamic,0.0,0.0,0.0,0
HBTASP-Dynamic,28000,7000,0,,0,0,90,7,1000,101,,7000,1000,0.14285714285714285,0.6752417142857216,0.1688104285714304,0.590057142857144,7000,0.22078265241014947,7000,7000,0.08766553954459493,3226,0.33638469261121473,0.09704728173567449,0.9029527182643255,0.7324285714285714,0.2487191530666198,2.5584588050842285,periodic,1.0,1000,20000,0,assigned_level_sensitivity,dynamic,0.0,0.0,0.0,0
HBTASP-Dynamic,28000,7000,0,,0,0,90,7,1000,202,,7000,1000,0.14285714285714285,0.6752529428571501,0.16881323571428752,0.590057142857144,7000,0.2207057077705781,7000,7000,0.08947902648347039,3236,0.34052419878858065,0.10034239646936627,0.8996576035306337,0.7292857142857143,0.25104517230511025,2.5753116607666016,periodic,1.0,1000,20000,0,assigned_level_sensitivity,dynamic,0.0,0.0,0.0,0
HBTASP-Dynamic,28000,7000,0,,0,0,90,7,1000,303,,7000,1000,0.14285714285714285,0.6752529428571501,0.16881323571428752,0.590057142857144,7000,0.2205838238328782,7000,7000,0.08998653806114194,3230,0.3402684381997035,0.10171787347180032,0.8982821265281997,0.7307142857142858,0.25028190013856155,2.547219753265381,periodic,1.0,1000,20000,0,assigned_level_sensitivity,dynamic,0.0,0.0,0.0,0
HBTASP-Dynamic,28000,7000,0,,0,0,90,7,1000,404,,7000,1000,0.14285714285714285,0.6752417142857216,0.1688104285714304,0.590057142857144,7000,0.22076091801946465,7000,7000,0.08783143224378533,3197,0.3387401154291122,0.09970958626157157,0.9002904137384284,0.7345714285714285,0.2509086831853269,2.574101686477661,periodic,1.0,1000,20000,0,assigned_level_sensitivity,dynamic,0.0,0.0,0.0,0
HBTASP-Dynamic,28000,7000,0,,0,0,90,7,1000,505,,7000,1000,0.14285714285714285,0.6752473285714359,0.16881183214285897,0.590057142857144,7000,0.22062137618868582,7000,7000,0.08912942441680997,3226,0.33752934608229745,0.10404743482485243,0.8959525651751475,0.7337142857142858,0.24839992166548747,2.6236956119537354,periodic,1.0,1000,20000,0,assigned_level_sensitivity,dynamic,0.0,0.0,0.0,0
HBTASP-Dynamic,28000,7000,0,,0,0,90,7,1000,606,,7000,1000,0.14285714285714285,0.6752473285714358,0.16881183214285894,0.590057142857144,7000,0.22072710000118714,7000,7000,0.08982881971048279,3230,0.34262657707738725,0.10033858719707468,0.8996614128029253,0.7301428571428571,0.25279775736690446,2.5928869247436523,periodic,1.0,1000,20000,0,assigned_level_sensitivity,dynamic,0.0,0.0,0.0,0
HBTASP-Dynamic,28000,7000,0,,0,0,90,7,1000,707,,7000,1000,0.14285714285714285,0.6752585571428644,0.1688146392857161,0.590057142857144,7000,0.2207409016108121,7000,7000,0.08998078378320122,3210,0.3417218927196678,0.10211501513046486,0.8978849848695352,0.73,0.25174110893646656,2.6058170795440674,periodic,1.0,1000,20000,0,assigned_level_sensitivity,dynamic,0.0,0.0,0.0,0
HBTASP-Dynamic,28000,7000,0,,0,0,90,7,1000,808,,7000,1000,0.14285714285714285,0.6752529428571501,0.16881323571428752,0.590057142857144,7000,0.22063549671735902,7000,7000,0.08997982185861648,3216,0.3428355981355623,0.09950436245281198,0.900495637547188,0.7285714285714285,0.25285577627694583,2.5555760860443115,periodic,1.0,1000,20000,0,assigned_level_sensitivity,dynamic,0.0,0.0,0.0,0
HBTASP-Dynamic,28000,7000,0,,0,0,90,7,1000,909,,7000,1000,0.14285714285714285,0.6752473285714359,0.16881183214285897,0.590057142857144,7000,0.22072109431246603,7000,7000,0.09089601635006678,3236,0.3422353222153279,0.1019802952408577,0.8980197047591423,0.7278571428571429,0.2513393058652611,2.57159423828125,periodic,1.0,1000,20000,0,assigned_level_sensitivity,dynamic,0.0,0.0,0.0,0
HBTASP-Dynamic,28000,7000,0,,0,0,90,7,1000,1010,,7000,1000,0.14285714285714285,0.6752473285714358,0.16881183214285894,0.590057142857144,7000,0.22083451781345512,7000,7000,0.08841860127398467,3200,0.34104606898192863,0.10020154759605657,0.8997984524039434,0.7311428571428571,0.252627467707944,2.6212353706359863,periodic,1.0,1000,20000,0,assigned_level_sensitivity,dynamic,0.0,0.0,0.0,0
HBTASP-Dynamic,32000,7000,0,,0,0,90,8,1000,101,,8000,2000,0.25,0.6752585571428644,0.14771280937500159,0.516300000000001,7000,0.19388592953031666,8000,8000,0.07451450486487259,3208,0.33056867506543747,0.08655069946540779,0.9134493005345922,0.772625,0.25605417020056487,3.005866527557373,periodic,1.0,2000,23000,0,assigned_level_sensitivity,dynamic,0.0,0.0,0.0,0
HBTASP-Dynamic,32000,7000,0,,0,0,90,8,1000,202,,8000,2000,0.25,0.6752529428571501,0.14771158125000158,0.516300000000001,7000,0.19339047727099243,8000,8000,0.0757374765713121,3160,0.3400882129907745,0.08591552244546286,0.9140844775545371,0.770625,0.2643507364194624,2.976952314376831,periodic,1.0,2000,23000,0,assigned_level_sensitivity,dynamic,0.0,0.0,0.0,0
HBTASP-Dynamic,32000,7000,0,,0,0,90,8,1000,303,,8000,2000,0.25,0.6752473285714358,0.14771035312500158,0.516300000000001,7000,0.1936135953035342,8000,8000,0.07883303602272908,3224,0.3431288968569897,0.088184053751505,0.911815946248495,0.7655,0.26429586083426065,2.9763131141662598,periodic,1.0,2000,23000,0,assigned_level_sensitivity,dynamic,0.0,0.0,0.0,0
HBTASP-Dynamic,32000,7000,0,,0,0,90,8,1000,404,,8000,2000,0.25,0.6752529428571501,0.14771158125000158,0.516300000000001,7000,0.19406658435425983,8000,8000,0.07230267890651713,3192,0.32461647400799176,0.07635001287086578,0.9236499871291343,0.775,0.2523137951014746,2.9809720516204834,periodic,1.0,2000,23000,0,assigned_level_sensitivity,dynamic,0.0,0.0,0.0,0
HBTASP-Dynamic,32000,7000,0,,0,0,90,8,1000,505,,8000,2000,0.25,0.6752473285714359,0.1477103531250016,0.516300000000001,7000,0.19408559155404248,8000,8000,0.07856703914115638,3264,0.3384903313995665,0.08900845063213136,0.9109915493678686,0.762,0.25992329225841015,3.015277862548828,periodic,1.0,2000,23000,0,assigned_level_sensitivity,dynamic,0.0,0.0,0.0,0
HBTASP-Dynamic,32000,7000,0,,0,0,90,8,1000,606,,8000,2000,0.25,0.6752529428571501,0.14771158125000158,0.516300000000001,7000,0.19350600185761405,8000,8000,0.07257512610376961,3208,0.3263802812749695,0.07436417284266279,0.9256358271573372,0.7735,0.2538051551711999,3.0330052375793457,periodic,1.0,2000,23000,0,assigned_level_sensitivity,dynamic,0.0,0.0,0.0,0
HBTASP-Dynamic,32000,7000,0,,0,0,90,8,1000,707,,8000,2000,0.25,0.6752473285714359,0.1477103531250016,0.516300000000001,7000,0.19327696469126024,8000,8000,0.07762693922772582,3224,0.33532932405742366,0.08435625394255267,0.9156437460574474,0.766375,0.2577023848296979,3.0003933906555176,periodic,1.0,2000,23000,0,assigned_level_sensitivity,dynamic,0.0,0.0,0.0,0
HBTASP-Dynamic,32000,7000,0,,0,0,90,8,1000,808,,8000,2000,0.25,0.6752473285714358,0.14771035312500158,0.516300000000001,7000,0.19289712266574158,8000,8000,0.07669399941148085,3228,0.3383938948271443,0.08165437670019686,0.9183456232998032,0.759875,0.26169989541566346,2.97263240814209,periodic,1.0,2000,23000,0,assigned_level_sensitivity,dynamic,0.0,0.0,0.0,0
HBTASP-Dynamic,32000,7000,0,,0,0,90,8,1000,909,,8000,2000,0.25,0.6752473285714359,0.1477103531250016,0.516300000000001,7000,0.19371663936703742,8000,8000,0.0790698660353493,3192,0.3454058305283584,0.09031585013943644,0.9096841498605636,0.7655,0.2663359644930091,2.9702861309051514,periodic,1.0,2000,23000,0,assigned_level_sensitivity,dynamic,0.0,0.0,0.0,0
HBTASP-Dynamic,32000,7000,0,,0,0,90,8,1000,1010,,8000,2000,0.25,0.6752473285714359,0.1477103531250016,0.516300000000001,7000,0.1947894964331913,8000,8000,0.0725584776107631,3120,0.3349672939078278,0.0799858882063717,0.9200141117936282,0.776375,0.2624088162970647,2.957056999206543,periodic,1.0,2000,23000,0,assigned_level_sensitivity,dynamic,0.0,0.0,0.0,0
HBTASP-Dynamic,36000,7000,0,,0,0,90,9,1000,101,,9000,3000,0.3333333333333333,0.6752585571428644,0.1313002750000014,0.4589333333333342,7000,0.1722737947172891,9000,9000,0.06810124911820437,3240,0.3343757993262589,0.0736778875137344,0.9263221124862656,0.7937777777777778,0.2662745502080545,3.4332237243652344,periodic,1.0,3000,26000,0,assigned_level_sensitivity,dynamic,0.0,0.0,0.0,0
HBTASP-Dynamic,36000,7000,0,,0,0,90,9,1000,202,,9000,3000,0.3333333333333333,0.6752585571428644,0.1313002750000014,0.4589333333333342,7000,0.17226891595818572,9000,9000,0.06794576134108918,3223,0.33867370807032077,0.07528430271188276,0.9247156972881172,0.7915555555555556,0.2707279467292316,3.465588331222534,periodic,1.0,3000,26000,0,assigned_level_sensitivity,dynamic,0.0,0.0,0.0,0
HBTASP-Dynamic,36000,7000,0,,0,0,90,9,1000,303,,9000,3000,0.3333333333333333,0.6752529428571501,0.13129918333333473,0.4589333333333342,7000,0.17213461654061826,9000,9000,0.0692548168469849,3234,0.3386775468970979,0.07813149922740462,0.9218685007725954,0.7915555555555556,0.26942273005011297,3.448345899581909,periodic,1.0,3000,26000,0,assigned_level_sensitivity,dynamic,0.0,0.0,0.0,0
HBTASP-Dynamic,36000,7000,0,,0,0,90,9,1000,404,,9000,3000,0.3333333333333333,0.6752529428571501,0.13129918333333473,0.4589333333333342,7000,0.17233176138889186,9000,9000,0.06704175419137552,3198,0.33755727807401054,0.07442342418258692,0.925576575817413,0.7951111111111111,0.270515523882635,3.5320889949798584,periodic,1.0,3000,26000,0,assigned_level_sensitivity,dynamic,0.0,0.0,0.0,0
HBTASP-Dynamic,36000,7000,0,,0,0,90,9,1000,505,,9000,3000,0.3333333333333333,0.6752473285714358,0.13129809166666806,0.4589333333333342,7000,0.1722000829727423,9000,9000,0.0679054487819952,3208,0.33513028736113226,0.07873922371227897,0.9212607762877211,0.7942222222222223,0.26722483857913704,3.4689557552337646,periodic,1.0,3000,26000,0,assigned_level_sensitivity,dynamic,0.0,0.0,0.0,0
HBTASP-Dynamic,36000,7000,0,,0,0,90,9,1000,606,,9000,3000,0.3333333333333333,0.6752473285714358,0.13129809166666806,0.4589333333333342,7000,0.17220000842103003,9000,9000,0.06870181033250024,3238,0.3409939145978501,0.07509165872558014,0.9249083412744199,0.7906666666666666,0.2722921042653499,3.515791177749634,periodic,1.0,3000,26000,0,assigned_level_sensitivity,dynamic,0.0,0.0,0.0,0
HBTASP-Dynamic,36000,7000,0,,0,0,90,9,1000,707,,9000,3000,0.3333333333333333,0.6752473285714359,0.1312980916666681,0.4589333333333342,7000,0.17227893672097933,9000,9000,0.06895532126035214,3184,0.3419147411136676,0.07678016135386616,0.9232198386461339,0.7927777777777778,0.27295941985331545,3.4830880165100098,periodic,1.0,3000,26000,0,assigned_level_sensitivity,dynamic,0.0,0.0,0.0,0
HBTASP-Dynamic,36000,7000,0,,0,0,90,9,1000,808,,9000,3000,0.3333333333333333,0.6752529428571501,0.13129918333333473,0.4589333333333342,7000,0.17222452099125435,9000,9000,0.0678089211967581,3195,0.34081381559992907,0.07307084533540308,0.9269291546645969,0.7917777777777778,0.273004894403171,3.4296629428863525,periodic,1.0,3000,26000,0,assigned_level_sensitivity,dynamic,0.0,0.0,0.0,0
HBTASP-Dynamic,36000,7000,0,,0,0,90,9,1000,909,,9000,3000,0.3333333333333333,0.6752473285714358,0.13129809166666806,0.4589333333333342,7000,0.1722246318730185,9000,9000,0.06850786450949937,3218,0.33999468285428086,0.07615591039708693,0.9238440896029131,0.792,0.2714868183447815,3.4576632976531982,periodic,1.0,3000,26000,0,assigned_level_sensitivity,dynamic,0.0,0.0,0.0,0
HBTASP-Dynamic,36000,7000,0,,0,0,90,9,1000,1010,,9000,3000,0.3333333333333333,0.6752585571428643,0.13130027500000138,0.4589333333333342,7000,0.17233021703421295,9000,9000,0.06724213594118619,3204,0.33749686870766926,0.07585149635640522,0.9241485036435948,0.7938888888888889,0.27025473276648304,3.473510980606079,periodic,1.0,3000,26000,0,assigned_level_sensitivity,dynamic,0.0,0.0,0.0,0
HBTASP-Dynamic,40000,7000,0,,0,0,90,10,1000,101,,10000,4000,0.4,0.6752473285714358,0.11816828250000126,0.4130400000000008,7000,0.15595793961450283,10000,10000,0.06289364201558155,3140,0.3596435535950752,0.05976084752693506,0.9402391524730649,0.8052,0.29674991157949365,3.9504282474517822,periodic,1.0,4000,29000,0,assigned_level_sensitivity,dynamic,0.0,0.0,0.0,0
HBTASP-Dynamic,40000,7000,0,,0,0,90,10,1000,202,,10000,4000,0.4,0.6752529428571502,0.11816926500000129,0.4130400000000008,7000,0.15676773466859467,10000,10000,0.06217455144728951,3140,0.35891477747046874,0.07365470603445369,0.9263452939655463,0.8249,0.29674022602317923,3.975550413131714,periodic,1.0,4000,29000,0,assigned_level_sensitivity,dynamic,0.0,0.0,0.0,0
HBTASP-Dynamic,40000,7000,0,,0,0,90,10,1000,303,,10000,4000,0.4,0.6752417142857216,0.11816730000000128,0.4130400000000008,7000,0.15464842344824495,10000,10000,0.05428603401006933,3260,0.28875278209853805,0.06542281680154494,0.9345771831984551,0.826,0.23446674808846873,3.9813597202301025,periodic,1.0,4000,29000,0,assigned_level_sensitivity,dynamic,0.0,0.0,0.0,0
HBTASP-Dynamic,40000,7000,0,,0,0,90,10,1000,404,,10000,4000,0.4,0.6752529428571501,0.11816926500000127,0.4130400000000008,7000,0.15589612385041382,10000,10000,0.06164951548303926,3400,0.3132746337329818,0.06641987410043033,0.9335801258995696,0.82,0.25162511824994255,4.029398679733276,periodic,1.0,4000,29000,0,assigned_level_sensitivity,dynamic,0.0,0.0,0.0,0
HBTASP-Dynamic,40000,7000,0,,0,0,90,10,1000,505,,10000,4000,0.4,0.6752473285714359,0.11816828250000128,0.4130400000000008,7000,0.15542186116104287,10000,10000,0.06131267468824965,3220,0.3367116581044342,0.0624203525026395,0.9375796474973606,0.814,0.2753989834161846,4.041223764419556,periodic,1.0,4000,29000,0,assigned_level_sensitivity,dynamic,0.0,0.0,0.0,0
HBTASP-Dynamic,40000,7000,0,,0,0,90,10,1000,606,,10000,4000,0.4,0.6752473285714359,0.11816828250000128,0.4130400000000008,7000,0.15494801674142938,10000,10000,0.06345969896327387,3260,0.34464424540306815,0.0645689669454901,0.9354310330545099,0.81,0.2811845464397943,4.01259708404541,periodic,1.0,4000,29000,0,assigned_level_sensitivity,dynamic,0.0,0.0,0.0,0
HBTASP-Dynamic,40000,7000,0,,0,0,90,10,1000,707,,10000,4000,0.4,0.6752585571428644,0.11817024750000128,0.4130400000000008,7000,0.1543125368562013,10000,10000,0.060627345376458745,3120,0.35683143262288664,0.06734589229801292,0.9326541077019871,0.81,0.2962040872464279,3.9253664016723633,periodic,1.0,4000,29000,0,assigned_level_sensitivity,dynamic,0.0,0.0,0.0,0
HBTASP-Dynamic,40000,7000,0,,0,0,90,10,1000,808,,10000,4000,0.4,0.6752473285714358,0.11816828250000126,0.4130400000000008,7000,0.15635234394861325,10000,10000,0.053208024556882505,3080,0.32052976605874284,0.05447526968028737,0.9455247303197126,0.826,0.26732174150186033,3.9390552043914795,periodic,1.0,4000,29000,0,assigned_level_sensitivity,dynamic,0.0,0.0,0.0,0
HBTASP-Dynamic,40000,7000,0,,0,0,90,10,1000,909,,10000,4000,0.4,0.6752473285714359,0.11816828250000128,0.4130400000000008,7000,0.15481550895494584,10000,10000,0.058581771747496215,3240,0.33617744012831907,0.060150571407917755,0.9398494285920822,0.808,0.27759566838082284,3.944645881652832,periodic,1.0,4000,29000,0,assigned_level_sensitivity,dynamic,0.0,0.0,0.0,0
HBTASP-Dynamic,40000,7000,0,,0,0,90,10,1000,1010,,10000,4000,0.4,0.6752529428571501,0.11816926500000127,0.4130400000000008,7000,0.15542970123109273,10000,10000,0.05916714561196108,3240,0.3274310816844054,0.056178699710378734,0.9438213002896213,0.818,0.2682639360724443,3.933867931365967,periodic,1.0,4000,29000,0,assigned_level_sensitivity,dynamic,0.0,0.0,0.0,0
